canonical_gloss,synonyms,sid,FSW
# Forklaring,"#forkortelser, #ordboka",2651,M523x534S14c0a477x476S14c02492x510S22b04481x477S20e00484x466S22622484x508
vekk,"bort, forsvinne, dra-bort-fort, #bevegelse, #adverb",1449,AS1dc20S26607S1f410S2f700M541x532S1dc20458x502S26607487x484S1f410512x468S2f700503x504
E-hånd-munn,"#munnbilder, #håndalfabet, #alfabet",226,AS14a20S34a00M541x531S34a00482x483S14a20526x516
E-munn,"#munnbilder, #alfabet, e-munn",246,AS34a00M518x518S34a00482x483
W-munn,"V-munn, F-munn, #munnbilder, #alfabet, w-munn, v-munn, f-munn",846,AS36500M518x517S36500482x482
a-munn,#alfabet,905,AS34c00M518x518S34c00482x483
A-munn,"a-munn, #munnbilder, #alfabet",2838,AS34c00M518x518S34c00482x483
I-munn,"i-munn, #munnbilder, #alfabet",2839,AS34800M518x518S34800482x483
O-munn,"o-munn, Ø-munn, ø-munn, #munnbilder, #alfabet",2840,AS34400M518x518S34400482x483
L-munn,"l-munn, R-munn, r-munn, #munnbilder, #alfabet",2841,AS35c00M518x518S35c00482x483
D-munn,"d-munn, #munnbilder, #alfabet, N-munn, n-munn, T-munn, t-munn",2842,AS35d00M518x518S35d00482x483
Y-munn,"y-munn, Skj-munn, skj-munn, #munnbilder, #alfabet",2843,AS34500M518x518S34500482x483
H-munn,"h-munn, #munnbilder, #alfabet",2844,AS33600M524x518S33600476x483
S-munn,"s-munn, #munnbilder, #alfabet",2845,AS36100M518x518S36100482x483
J-munn,"j-munn, #munnbilder, #alfabet",2846,AS35700M518x518S35700482x483
G-munn,"g-munn, K-munn, K-munn, R-munn, r-munn, #munnbilder, #alfabet",2847,AS35d04M518x518S35d04482x483
KJ-munn,"kj-munn, TJ-munn, tj-munn, #munnbilder, #alfabet",2848,AS35800M518x518S35800482x483
U-munn,"u-munn, #munnbilder, #alfabet",2852,AS34b00M518x518S34b00482x483
Æ-munn,"æ-munn, #munnbilder, #alfabet",2853,AS34a00M518x518S34a00482x483
AU-munn,"au-munn, #munnbilder, #alfabet",2854,AS34c00S34410S2ff10M518x529S34c00482x472S34410495x515S2ff10482x500
ØY-munn,"øy-munn, #munnbilder, #alfabet",2855,AS34400S34810S2ff10M518x532S34400482x469S34810488x518S2ff10482x503
EI-munn,"ei-munn, #munnbilder, #alfabet",2856,AS34a00S34810S2ff10M519x531S34a00483x470S34810489x516S2ff10482x502
AI-munn,"ai-munn, #munnbilder, #alfabet",2857,AS34c00S34810S2ff10M518x531S34c00482x470S34810489x517S2ff10482x502
M-munn,"m-munn, #munnbilder, #alfabet",2858,AS33b00M518x518S33b00482x483
M-munn,"m-munn, #munnbilder, #alfabet",2859,AS35300M518x518S35300482x483
B-munn,"b-munn, P-munn, p-munn, #munnbilder, #alfabet",2861,AS35000M518x518S35000482x483
Å-munn,"å-munn, #munnbilder, #alfabet",2862,AS34900M518x518S34900482x483
A-munn2,"a-munn2, #munnbilder, #alfabet",2863,AS34c00S2f700M518x525S34c00482x483S2f700494x518
E-munn2,"e-munn2, #munnbilder, #alfabet",2864,AS34a00S2f700M518x527S34a00482x483S2f700493x520
I-munn2,"i-munn2, #munnbilder, #alfabet",2865,AS34800S2f700M518x526S34800482x483S2f700493x519
O-munn2,"o-munn2, Ø-munn2, ø-munn2, #munnbilder, #alfabet",2866,AS34400S2f700M518x525S34400482x483S2f700495x518
E-munn3,"e-munn3, #munnbilder, #alfabet",2867,M518x518S34700482x483
U-munn2,"u-munn2, #munnbilder, #alfabet",2868,AS34b00S2f700M518x527S34b00482x483S2f700494x520
Y-munn2,"y-munn2, #munnbilder, #alfabet",2871,AS34500S2f700M518x525S34500482x483S2f700496x518
Æ-munn2,"æ-munn2, #munnbilder, #alfabet",2872,M518x524S34a00482x483S2f700495x517
Å-munn2,"å-munn2, #munnbilder, #alfabet",2874,AS34900S2f700M518x524S34900482x483S2f700495x517
blodåre,"#kropp, #biologi, #naturfag, #anatomi, #medisin",2904,AS14c03S21100S22a03S10002S21100S22b05S37803S37700M541x555S10002478x520S14c03514x446S21100504x471S22a03492x480S37803468x514S37700467x488S22b05473x531S21100460x520
effekt-faktor,#arbeid,2343,AS20310S20314S2880eS20b00S20b00S15a40S15a36S26504S21100M529x558S20310483x455S20314475x471S20b00503x457S20b00516x457S15a36472x527S15a40480x506S21100500x525S26504477x543S2880e499x443
astro-,"#astronomi, #fysikk",241,AS15420S2e200S32107M554x517S15420535x449S32107482x482S2e200534x485
Andromeda-galaksen,"#astronomi, #fysikk",2901,AS15d52S15d0aS20700S1e140S2e706M526x548S15d0a474x461S15d52474x452S20700508x459S2e706483x533S1e140488x503
Hubbles lov,"#fysikk, #astronomi",3128,AS15a50S15a36S20e00S26606S26612S15a10S15a18M560x523S15a18440x496S15a36490x506S15a50494x496S26612459x494S26606511x494S15a10548x496S20e00493x478
Big Bang,"#fysikk, #astronomi",103,AS20310S20314S26706S26712S14c10S14c18S2f710S2f700M587x516S14c18414x485S26712436x499S26706521x499S2f710506x485S14c10564x485S20310503x499S20314482x499S2f700482x485
dB,"desibel, #naturfag, #fysikk, #audiologi, #statistikk",2295,AS10120S17710S17718M521x538S10120492x462S17710501x523S17718480x522
desibel,"desi-Bell, dB, #naturfag, #fysikk, #statistikk, #audiologi",3068,AS10120S17710S17718M536x515S10120464x485S17710516x497S17718497x498
djevel,"fanden , fa'en, #religion, #banneord",7922,AS10620S21800S30000M524x518S21800498x447S10620503x460S30000482x483
djevel,"djevelen, fanden, faen, #eventyr, #religion, #banneord",7923,M518x518S2ff00482x483S10620493x466S21600490x452
fa'en,"f**, #banneord",1140,AS10e27S22a01S2f700S36500M562x547S36500482x483S10e27537x517S2f700524x520S22a01531x507
clutch,"#verksted, #bil",3022,AS15020S26a00S2f710M514x532S15020489x501S26a00487x483S2f710494x469
clutch,"#verksted, #bil",3023,AS15020S26a00S2f710M528x516S15020472x485S26a00501x485S2f710509x504
coil,"#verksted, #bil",3026,AS10012S2820aM540x508S10012460x492S2820a497x492
art,#biologi,21,AS10004S14c38S20500M518x530S14c38494x499S20500482x493S10004496x469
alge,"alger, #biologi",155,AS1f720S14c50S14c58S22a04S22530S22530S26706S26712M576x537S1f720494x463S14c50510x506S14c58465x505S22530514x491S22530448x490S22a04499x483S26706534x518S26712423x517
knokkel,"bein i kroppen, #biologi, #naturfag",362,AS10650S1065aS20c00M523x524S10650500x498S1065a478x495S20c00495x475
arter,#biologi,434,AS10004S14c38S20500S20500S20500M521x530S14c38491x499S20500479x493S10004493x469S20500500x487S20500511x492
befruktet egg,"zygote, #naturfag, #biologi",516,AS18110S17617S18118S17615S20700M515x525S18110503x496S18118486x496S17615489x508S20700491x475S17617496x508
ben i kroppen,"bein i kroppen, knokkel, #naturfag, #biologi",524,AS10611S2c300S20500S2f900S2ff00M565x538S2ff00482x482S10611513x507S20500525x500S2f900526x494S2c300539x515
mitokondrie,#biologi,1056,AS15440S15448S20700M515x524S15448486x480S15440500x477S20700490x509
bakterier,"basiller, #medisin, #biologi",1665,AS15050S15058S2e706S2e712S22520S22520S2fb04M535x537S15050508x482S15058467x482S22520503x463S22520465x464S2e706509x517S2e712466x517S2fb04492x531
befruktet egg,"#naturfag, #biologi",1704,AS1da11S1da19S20700S20500M519x528S1da11494x485S1da19481x485S20500495x472S20700490x513
ben,"bein, knokkel, #biologi, #naturfag",1730,AS10611S20500S2f900S2df06S30005M545x558S30005482x483S2df06525x534S2f900522x509S10611510x510S20500524x498
bio-logi,"#naturfag, #biologi, #sammensatt tegn",1807,AS14c18S14c10S25100S25110S37b00S14c10S14c0aS26600S20700M582x536S14c0a523x487S14c10547x505S20700564x486S14c10459x503S14c18419x503S37b00500x492S26600551x472S25100462x466S25110422x464
blod,"#biologi, #kropp, #medisin",1977,AS14c03S21100S22b03M530x530S21100492x495S14c03503x470S22b03470x506
demonstrasjonsforsøk,"#naturfag, #fysikk, #kjemi, #biologi, #sammensatt tegn",2301,AS15d01S15d09S2d608S2d610S2d608S2d610S10e00S15a16S22a04S10e00S2ff00M532x595S15d01493x423S15d09438x424S2d610404x394S2d608503x407S15a16493x567S2ff00482x483S10e00501x504S22a04504x544S10e00498x565S2d608498x388S2d610414x411
art,#biologi,2519,AS10004S14c38M512x529S10004491x471S14c38488x498
biologi,"#naturfag, #biologi, #sammensatt tegn",2539,AS14c18S14c10S25100S25110S14c10S14c0aS26600S20700M535x590S14c10509x450S14c18476x450S14c10491x559S14c0a465x540S26600495x523S20700517x543S25110479x413S25100513x411
celle,"#naturfag, #biologi",2542,AS19203S15a16S2e706M514x529S2e706486x472S19203490x490S15a16487x517
celle,"#naturfag, #biologi",2543,AS19203S15a1aS2ef04M522x520S15a1a478x508S19203482x481S2ef04502x495
åme,"larve, #biologi",2772,AS10a57S26500S21b00S21600S21b00S21600M515x527S21b00507x474S10a57485x494S21600507x496S21b00507x489S21600507x481S26500489x473
Andebu,"#geografi, #døve, and, #biologi",2773,AS18551S22115S34c00M539x529S34c00482x483S18551512x510S22115504x506
blære,"urinblære, #naturfag, #biologi, #fysilogi, #medisin",2912,AS15316S22a04S22104S36d00S36d00M530x529S36d00479x471S15316490x489S22a04497x507S36d00480x525S22104518x493
bøffel,"#naturfag, #biologi, #horn",3003,AS19220S19228S30104M531x523S30104482x477S19220510x481S19228469x481
blod,"#kropp, #biologi, #medisin",3013,AS14c03S21100S22a03S36d00M521x519S21100475x491S14c03485x493S22a03462x503S36d00479x481
dominante gener,#biologi,3233,AS1f540S22a00S2f900S1f110S22b04S2f900S2f900S2f900M538x530S1f540463x506S2f900477x493S22a00464x485S1f110509x471S22b04520x490S2f900507x494S2f900507x502S2f900507x511
eggcelle,"#naturfag, #biologi, #kropp",3326,AS17117S1711fS20500S20500S19202S15a30S2ef05S21100M519x562S17117496x453S1711f482x452S20500494x472S20500491x439S15a30483x513S19202490x509S2ef05499x528S21100500x548
eggcelle,"#naturfag, #biologi, #kropp",3327,AS17117S1711fS20500S20500S19203S15a1aS2ef04S21100M523x556S17117496x456S1711f481x456S20500492x476S20500491x444S15a1a478x544S19203481x516S2ef04503x530S21100506x512
eggløsning,"#biologi, #fysiologi, #naturfag",3330,AS17117S1711fS20500S20500S17752S1775aS22104S22104M519x553S17117500x461S1711f483x461S20500493x448S20500494x486S1775a481x521S17752504x521S22104506x546S22104481x545
eggløsning,"#biologi, #fysiologi, #naturfag",3331,AS1711eS17116S2c305S2c314S14c03S14c0bS36d00S36d00M556x536S36d00479x464S17116479x487S1711e504x486S14c03504x510S14c0b470x510S36d00480x531S2c305529x486S2c314443x489
mitokondrie,#biologi,3989,AS14c02S14c0aS28804S2881cM546x513S14c02498x487S14c0a471x490S2881c454x490S28804534x489
kromosom,#biologi,3993,AS14020S24e04M515x536S14020485x465S24e04494x506
kromosomer,#biologi,3994,AS14020S14028S24e04S24e1cM535x533S14028465x469S24e1c465x502S14020504x468S24e04514x503
gener,#biologi,3996,AS1f110S22a04S22a04S22a04S2ff00M565x565S1f110536x491S22a04528x507S22a04528x528S22a04528x550S2ff00482x483
gen,#biologi,3997,AS1f110S2f900S2ff00M566x518S1f110537x491S2ff00482x483S2f900550x511
gener,#biologi,3998,AS1f110S22b04S2f900S2f900S2f900M516x525S2f900485x516S2f900485x499S2f900485x507S1f110487x476S22b04498x495
arv,"arve, arvelig, #medisin, #naturfag, #biologi, #familie, #dagligliv",4019,AS15050S26504S15058S26514M528x526S15058473x476S26504507x510S15050502x475S26514477x511
blekksprut,"#naturfag, #biologi",4696,AS15710S22104S22100S22104S26806S17710M550x514S15710450x488S26806472x497S22104474x488S22104506x488S17710530x494S22100490x487
blåskjell,"#naturfag, #biologi",4699,AS14c20S28a0aS17147S1714fS20600M519x561S14c20490x440S28a0a481x476S17147503x541S1714f482x541S20600490x527
brennmanet,"#naturfag, #biologi, #sjøliv",4700,AS14c50S15a56S23100S20500S2f710S15050S22a04S21600M523x567S15050497x536S21600488x544S15a56477x433S20500486x489S2f710502x492S23100484x467S14c50477x437S22a04486x528
børstemark,"#naturfag, #biologi",4703,AS14c4aS14c42S22f04S22f14S20500S20500S36d00S10a12S26701S21600S21b00S21600M557x583S36d00479x417S20500510x436S20500481x436S14c42443x429S14c4a526x429S22f04527x460S22f14451x458S10a12503x568S26701471x536S21600502x551S21b00494x543S21600486x536
manet,"#naturfag, #biologi, #sjøliv",4725,AS1553aS22a00S1774aS2fa00S26506S1553aS22a00S1774aS2fa00M536x535S26506492x473S2fa00518x466S2fa00468x468S22a00515x497S1553a465x520S22a00470x500S1774a516x475S1774a468x477S1553a510x519
bakterier,"basiller, #medisin, #biologi",4752,AS14c57S14c5fS26607S26611S22527S22521M568x532S26607501x510S26611476x509S14c57524x482S14c5f450x485S22521432x471S22527544x469
vær,"saubukk, #naturfag, #dyr, #horn, #biologi",4797,AS10012S1001aS2960cS29614S2ff00M553x523S2ff00482x483S10012523x481S1001a447x482S2960c520x487S29614466x489
fotosyntese,"#naturfag, #biologi",4901,AS17711S22b03S15511S22a03S1ce10S1ce48S20700M562x554S17711543x446S15511496x488S22b03520x467S1ce48439x505S1ce10458x505S20700448x539S22a03490x503
bein,"ben, knokkel, #biologi, #naturfag",4922,AS15310S15318S2c400S2c411S2ff00M573x518S2ff00482x483S15310514x489S15318471x488S2c400533x489S2c411426x488
alge,"alger, #biologi",5375,AS1f750S1f758S26707S26711S22537S22531S14c57S14c5fM602x543S1f758479x528S14c57559x476S14c5f417x477S26711442x501S26707529x502S22537572x459S22531399x458S1f750502x527
blekksprut,"#naturfag, #biologi",5401,AS17701S17709S28a06S28a1eS14c57S14c5fM576x521S17701500x488S17709481x488S28a06514x504S28a1e450x504S14c57550x479S14c5f425x480
ål,"#fisk, #biologi, Ål, #geografi, #døve",5504,AS10040S28700M511x536S10040490x506S28700495x464
åme,"larve, #biologi",5541,AS10a57S15a30S26600S21600S21b00S21600S21b00M515x535S15a30487x480S10a57485x502S26600486x465S21600506x494S21b00506x487S21600506x479S21b00507x471
bringebær,"#naturfag, #mat, #biologi",6452,AS14720S17710S1000aS20700S2c300M541x559S14720476x441S1000a459x529S17710489x521S20700479x544S2c300515x516
a-biotisk del,#biologi,6584,AS15a31S15a37S26606S26612S20e00S14c10S14c18S25038S25040S15a10S15a06S26604S21100M547x617S15a31491x402S15a37486x403S26606517x402S26612454x402S20e00495x384S25038512x455S25040470x456S14c10511x495S14c18468x495S21100494x573S15a10496x543S15a06489x589S26604493x587
arterie,"#kropp, #biologi, #medisin",6609,AS14c2dS22b03S21100S3780aS36d00M521x525S36d00479x475S22b03475x501S3780a463x479S21100496x490S14c2d456x486
arvefaktor,"#biologi, #naturfag",6612,AS15030S15038S26504S26514S15a40S15a0aS26a06S20f02M536x559S15030497x441S15038465x441S26a06522x531S15a0a476x540S15a40484x532S20f02506x532S26514473x477S26504500x476
liv,"leve, levende, biologisk, bio-, #naturfag, #biologi",6629,AS14c18S14c10S25100S25110M532x534S14c10509x503S14c18469x503S25110472x467S25100513x466
biotisk del,"#naturfag, #biologi",6630,AS14c10S14c18S25100S25110S15a10S15a06S26604S21100M535x581S14c10512x457S14c18466x457S15a10495x507S25100515x419S21100495x537S15a06488x553S25110468x420S26604494x551
bunnfall,"#naturfag, #biologi, #kjemi",6639,AS14c12S15a1aS22b04S22520M528x536S15a1a494x524S14c12497x465S22b04504x490S22520472x484
celle,"#naturfag, #biologi",6641,AS10012S15a18S2f000M523x523S15a18477x496S10012493x504S2f000491x477
cellemembran,"cellevegg, #biologi, #naturfag, #medisin",6642,AS16d10S16d18S20500S18517S1851fS2890cS28914M541x557S16d10490x444S16d18481x465S20500510x463S18517503x525S1851f479x524S28914460x525S2890c526x528
cellevegg,"cellemembran, #naturfag, #biologi",6643,AS16d10S1f117S1f11fS2890cS28914M544x557S16d10493x444S2890c529x528S28914456x528S1f117504x523S1f11f475x524
celle-ånding,"#naturfag, #biologi, #medisin",6644,AS16d10S16d18S20600S15d02S26c08S36d00M547x566S16d10488x434S16d18479x455S20600506x456S36d00479x530S15d02487x545S26c08520x551
cellekjerne,"#naturfag, #biologi",6645,AS16d10S16d18S20500S17710S15a18S20500M517x559S16d10490x442S16d18484x466S20500506x465S15a18483x531S17710497x533S20500497x548
cytoplasma,"#naturfag, #biologi, #medisin",6647,AS15211S15219S22114S22110S22114S22110S14c50S14c58S2890cS28914S22520S22520M551x581S15211507x426S15219464x426S22114525x419S22110522x460S22110450x460S22114449x421S14c50506x530S14c58470x529S22520503x514S22520465x514S28914453x550S2890c529x552
dyreceller,"#naturfag, #biologi",6659,AS1c511S15a1aS20600S16d10S16d18S20600M532x562S15a1a481x467S1c511497x439S20600468x453S16d10497x542S16d18489x523S20600510x529
eggcelle,"#naturfag, #biologi",6662,AS11511S11519S20b00S16d10S16d18M523x575S11511498x444S11519477x453S20b00488x425S16d10496x535S16d18488x555
bar,"#naturfag, #biologi",7228,AS14c03S14c0bS20e00S28905S2891dM523x534S14c03494x467S14c0b478x467S28905496x509S2891d483x509S20e00498x495
befruktning,"#naturfag, #biologi",7397,AS14c10S14c18S26602S26616S1da10S1da18S20700M567x525S20700489x475S26602513x476S26616453x477S1da10498x496S1da18482x496S14c10544x492S14c18434x493
bakterier,"basiller, #medisin, #biologi",7500,AS15012S14c1aS20f00S22520S2f900M533x528S14c1a500x502S15012502x472S20f00472x494S22520467x476S2f900502x523
barnål,"#naturfag, #biologi",7521,AS14c03S14c0bS28905S2891dS1eb10S10018S26506S22104M552x556S14c03495x444S14c0b476x446S28905525x459S2891d448x459S10018470x526S26506479x520S1eb10502x520S22104501x510
befruktning,"#naturfag, #biologi",7556,AS1da10S1da18S26602S26616S20700M545x526S1da18484x497S1da10499x497S20700491x474S26602515x474S26616456x474
beinbygning,"#naturfag, #biologi",7564,AS10650S1061aS20c00S18210S18218S28801S28819S2fc00M526x580S10650503x437S1061a475x443S20c00486x421S18218476x558S18210503x565S28801506x534S28819482x527S2fc00497x510
blad (løv),"#naturfag, #biologi",7609,AS1eb10S10019S22100S26606S22114M548x526S10019453x496S1eb10477x487S26606505x484S22100475x474S22114522x474
blærehalskjertelen,"#naturfag, #biologi, #fysiologi, #medisin",7784,AS1f11eS15316S22a04S22104S10018S2ef05S36d00S36d00M533x551S10018518x503S2ef05513x491S15316489x475S36d00478x449S22104471x476S36d00480x547S1f11e497x493S22a04497x525
blø,"blø-og-blø, #kropp, #medisin, #naturfag, #biologi",7785,AS14c50S14c59S26f00S21100M537x524S26f00497x495S14c59468x477S21100510x508S14c50464x493
blekksprut,"#naturfag, #biologi",164,AS14c53S22f07S17711M536x534S14c53464x507S17711517x466S22f07492x486
blomst,"#naturfag, #biologi",230,AS17716S22100S22a00S33100M518x565S17716493x545S22a00494x528S22100506x540S33100482x483
celle,"#naturfag, #biologi",1107,M525x521S16d10485x480S16d18476x501S20600503x502
sjøanemone,"#naturfag, #biologi, #sjøliv",1462,AS15616S15a1aS22620M514x520S15a1a487x508S15616488x491S22620486x481
sjøanemone,#biologi,1479,AS14c51S26606S22520S15616S15a1aS22620M528x552S15a1a496x540S15616497x523S22620495x513S14c51472x464S26606498x469S22520475x449
asp,"osp, #botanikk, #naturfag, #tre",582,AS14c50S2e200M512x534S14c50488x466S2e200489x502
osp,"asp, #botanikk, #naturfag, #tre",594,AS14c50S2e200M512x534S14c50488x466S2e200489x502
bjørk,"#naturfag, #botanikk",1827,AS14720S14c10S15a16S2e104M514x567S14720492x433S15a16487x555S14c10488x486S2e104489x521
bjørk,"#naturfag, #botanikk",1828,AS1f552S15a1aS26500S21100S37806M529x530S15a1a502x518S37806471x522S1f552482x506S21100483x488S26500483x471
bjørk,"#naturfag, #botanikk",1829,AS1f520S15a06S2c300S21100M527x529S15a06500x479S21100484x498S1f520474x514S2c300474x472
blad,"#naturfag, #botanikk",1958,AS1eb10S10018S22100S26606S22104M547x526S10019453x496S1eb10477x487S26606505x490S22104535x484S22100480x474
busk,"#naturfag, #botanikk",2999,AS14c40S14c48S29201S29219M548x529S29201503x471S29219472x472S14c40524x498S14c48452x497
skudd på trær el. busker,"#naturfag, #botanikk",5549,AS10020S10028S28809S20e00M520x534S10020501x504S10028480x496S20e00498x490S28809500x467
bønner,"#naturfag, #botanikk, #mat",6458,AS1f010S1f018S26a06S26a12S1f410S1f418M553x523S1f410524x500S1f418448x498S1f018469x477S1f010500x477S26a06506x496S26a12480x496
blåbær,"#naturfag, #botanikk",7798,M555x563S36d00479x479S15a21483x445S2890a500x437S17710504x527S1000a474x534S20700495x548S2c300529x522
lengde,"#matematikk, #fysikk, #dagligliv",41,AS1eb40S1eb48S26706S2f900M560x509S1eb48440x490S1eb40471x490S26706502x490S2f900549x497
lengde,"#matematikk, #fysikk, #dagligliv",273,AS15a40S15a48S26706S2f900M552x513S15a48449x486S15a40472x486S26706494x493S2f900541x500
kule,"ball, #matematikk, #dagligliv",668,AS15520S15528S2a20aS2a212M523x532S2a20a502x503S2a212477x503S15528481x468S15520507x469
dobbel,"#dagligliv, #matematikk",2312,AS10e30S2a20cM512x532S10e30495x468S2a20c489x504
eddik,"#kjemi, #naturfag, #dagligliv, #mat",2335,AS1f521S15a16S20600M518x526S15a16483x514S20600486x499S1f521496x474
eddik,"#kjemi, #naturfag, #dagligliv, #mat",2336,AS14a20S26a02S2f900S2f900S35800M552x551S35800482x483S2f900503x494S2f900486x495S14a20537x509S26a02519x524
blomkål,"#mat, #naturfag, #dagligliv",2908,AS14e27S14e2fS2880cS28814S2fb04M543x521S14e27504x481S14e2f473x480S28814458x495S2880c531x497S2fb04495x515
do,"#dagligliv, avføring",3226,AS10004S25e04S21100S36d00S36d00M541x551S36d00479x490S36d00480x450S10004526x471S21100526x504S25e04525x521
dovne seg,"late seg, #dagligliv",3251,AS20357S20351S22e04S22e14S3770bS37703M533x521S20351473x480S20357507x480S37703487x495S3770b491x496S22e04467x503S22e14516x503
drikke,#dagligliv,3277,AS16d40S2c305S34000M540x547S34000482x483S16d40489x524S2c305513x523
drikke,"drikke og drikke, #dagligliv",3278,AS16d40S2c405S34000M553x546S34000482x483S16d40490x523S2c405514x522
resultat,"sum, #dagligliv, #matematikk",4128,AS15211S15a18S22a04S21100S18517M526x529S15a18475x481S15211484x471S21100513x489S18517489x502S22a04513x504
grønn-saker,"grønnsaker, #naturfag, #dagligliv, #mat",4658,AS15a16S15a30S28a0dS20e00S17150S17158S2a208S2a210S2fb04S26626S2a208S2a210S2fb04M568x579S20e00495x448S15a30508x422S15a16476x462S28a0d471x425S17150465x514S17158442x514S26626496x517S2a210433x539S2a208468x538S2a210514x537S2a208545x538S2fb04532x573S2fb04454x573
legg til,"#dagligliv, #matematikk, tilsett",4672,AS17740S15d48S26502M531x514S15d48469x487S17740511x493S26502491x495
gjær,"#naturfag, #mat, #dagligliv",4843,AS1501eS15016S22f00S22f10S22510S22510M533x530S1501e499x505S15016467x504S22510509x489S22510470x489S22f00508x471S22f10471x471
gjære,"#naturfag, #mat, #dagligliv",4844,AS1501eS15016S22510S22510S22f00S22f10M533x530S1501e499x505S15016467x504S22510509x489S22510470x489S22f00508x471S22f10471x471
differanse,"forskjell, #matematikk, #dagligliv",7912,AS10041S10049S20e00S26606S26612S2fb04M540x526S10041495x474S10049483x474S2fb04493x520S26612461x504S26606510x503S20e00494x505
energi,"driv, dynamisk, #fysikk, #dagligliv",1228,AS20340S20348S2d200S2d210S20350S20358S2f900S2f900M539x518S20340524x501S20348461x502S2d200497x487S2d210480x487S20350522x482S20358461x483S2f900490x511S2f900506x513
data-blad,"#data, #teknikk, #naturfag",5931,AS1dc20S22a07S22100S30007S10028S10020S23c04S23c1cM551x614S30007482x483S22a07516x475S1dc20527x449S22100519x458S10020515x584S10028493x584S23c1c470x579S23c04527x577
bit,#data,7470,AS1f110S2f900M515x513S1f110486x488S2f900502x508
byte,#data,7862,AS1ef10S2f900M515x514S1ef10486x487S2f900489x509
bjørner,"#dyr, #naturfag",140,AS15011S22f05S21100S37803S37700M528x529S37700473x470S37803474x495S15011484x486S21100472x510S22f05507x508
bjørn,"#dyr, #naturfag",363,AS15050S15058S26504S26514S2fd04M532x538S15058468x463S15050506x473S26514473x506S26504513x517S2fd04485x532
bjørner,"#dyr, #naturfag",502,AS15050S15058S26504S26514S26504S26514S2fd04M538x537S15058467x462S15050505x472S26514472x508S26504512x516S2fd04484x531S26504524x507S26514462x498
bjørn,#dyr,560,AS15011S22a05S21100S37803S37700M525x527S37700475x472S37803476x497S15011486x488S21100474x512S22a05512x513
sau,"ull, klippe sau, klippe ull, #dyr",940,AS10e1eS15a1aS37806S26a02S22714M537x526S10e1e487x491S15a1a510x514S37806479x515S22714480x474S26a02464x484
ape,#dyr,2797,AS20301S22f03S21203S2ff00M528x552S22f03492x531S2ff00482x483S21203499x519S20301507x503
drikke,"lepje, #dyr",3279,AS14c04S22f00S22120S35c00S22220M539x582S22120491x575S22f00488x522S14c04489x542S35c00482x483S22220521x506
elg,"#dyr, #horn",3372,AS14c34S14c3cS2ff00M543x519S2ff00482x483S14c3c457x488S14c34519x487
rein,"reinsdyr, #dyr, #horn",4065,AS15240S15248S2ff00M536x518S2ff00482x483S15240516x470S15248464x470
svin,"gris, grise, grisete, #dyr",4796,AS20310S2e300S2ff00M518x537S2ff00482x483S2e300489x486S20310492x522
ape,#dyr,5657,AS14e03S14e0bS22f00S22f10S21200S21200S36d00M534x537S21200506x488S21200465x489S22f00508x471S22f10467x472S36d00479x464S14e03507x508S14e0b469x509
ape,#dyr,5658,AS14e03S14e1aS22f00S21200S21200S36d00S2ff00M546x578S2ff00482x483S14e1a471x472S21200486x461S36d00479x521S22f00488x538S21200487x555S14e03519x550
bjørn,"#dyr, #naturfag",5662,AS15012S15a1aS21100S26606S37806M541x522S15a1a494x510S37806461x514S15012459x479S21100494x486S26606511x485
hjort,"#dyr, #horn",5685,AS10012S1001aS28807S2881fS14c28S14c20S2ff00M550x518S14c28459x435S14c20527x436S10012514x491S1001a455x491S28807522x469S2881f465x468S2ff00482x483
ape,#dyr,7306,AS14e03S22f00S21200S36d00M530x536S21200502x488S14e03503x508S22f00504x471S36d00479x464
bjørn,"#dyr, #naturfag, labbe, gå",7747,AS14c50S14c58S26500S26510S26500S2fc00M531x547S26500512x494S26510475x482S26500511x470S14c50507x516S14c58470x504S2fc00495x454
tegn,"tegnspråk, #døve",1452,AS15d10S15d18S2ea00S2ea4cM523x533S15d10504x472S15d18476x466S2ea00504x508S2ea4c483x506
batteri,"#elektrisitet, #fysikk",1689,AS11552S16d58S26502S20700M542x510S16d58458x490S11552470x492S20700506x492S26502527x492
batteri,"#elektrisitet, #fysikk",1690,AS11532S16d58S26502S20700M542x511S16d58459x489S11532471x496S20700505x494S26502527x494
Farad,"#fysikk, #elektrisitet, #måleenhet",2399,AS1d820S1ed16S2f900M511x552S1d820489x448S1ed16492x518S2f900494x547
candela,"#fysikk, #enhet, #lysstyrke",2286,AS10010S2c601S33b00S1ed26S2f900M526x603S33b00482x483S10010487x514S2c601507x515S1ed26490x567S2f900492x598
candela,"#fysikk, #enhet, #måleenhet",3016,AS10010S2c601S33b00S1ed26S2f900M563x552S33b00482x483S10010486x522S2c601505x523S1ed26544x515S2f900547x545
Gullhår,"#navn, #eventyr",765,AS11e00S24e00S1c511S29604S20e00S36b00S31400S33e10M576x543S36b00481x482S29604522x509S20e00521x492S1c511512x460S31400482x482S11e00553x465S33e10491x505S24e00549x502
familie,#familie,1444,AS10652S1060aS20a00S2e756M526x531S1060a473x485S10652489x469S20a00508x491S2e756485x515
blå,"blått, #farge",1092,AS1dc01S22f03S2ff00M561x529S1dc01538x488S2ff00482x482S22f03522x508
blå,"blått, #farge",1093,AS15d20S26606S2ff00M580x519S15d20520x492S2ff00482x482S26606550x494
blå,"blått, #farge",2264,AS15a27S28a0aS2ff00M549x518S28a0a493x466S15a27526x474S2ff00482x483
blå,#farge,2918,M533x521S36d00479x517S15a21485x486S2890a504x479
brun,"brunt, #farge",2974,AS20300S15a16S21100M521x515S15a16480x503S20300484x485S21100508x489
brun,"brunt, #farge, kaffe",7674,AS20310S20300S21100M517x517S20310483x483S21100504x487S20300483x502
blå,"blått, #farge",7790,AS1dc01S26c02S34900M548x542S1dc01525x483S34900482x483S26c02530x515
blå_veldig blå,"blått_veldig blått, #farge",134,AS1dc01S2f900S34900M548x523S1dc01525x483S34900482x483S2f900532x518
1-etasje-2-etasje-3-etasje,"1-floor-2-floor-3-floor, #gramatikk, #fler-morfemiske tegn",1319,AS10002S26606S22c01S10e02S26606S22c01S11e02S26606M533x566S10e02469x496S26606502x494S10002470x550S11e02466x434S26606503x550S26606499x442S22c01492x520S22c01490x464
klokken-1,"klokken-1, kl-1, 1-o-clock, #gramatikk, #fler-morfemiske tegn",1329,AS10050S15a1bS37706S20600M523x524S37706478x496S20600480x477S10050488x494S15a1b500x493
ett-år,"1-år, one-year, #gramatikk, #fler-morfemiske tegn",1336,AS10000S2e700S2ff00M539x551S2e700524x526S2ff00482x482S10000523x488
1-krone,"en-krone, #gramatikk, #fler-morfemiske tegn",1346,AS10054S26504S31200M518x518S10054486x449S26504491x428S31200482x483
1-2-3  etasje,"#gramatikk, #fler-morfemiske tegn",1484,AS10002S22c06S10e02S22c06S11e02S22c06M539x566S10e02463x497S22c06497x444S10002464x551S11e02460x435S22c06497x497S22c06497x550
2-år gammel,"#gramatikk, #fler-morfemiske tegn",1485,AS11500S21100S22a04S2ff00M535x536S22a04522x521S2ff00482x483S21100521x503S11500498x503
appelsin,"#frukt, #mat",1963,AS15310S15318S26a02S26a16S20700M528x528S20700492x479S15310499x503S15318486x500S26a02514x473S26a16473x473
appelsin,"#frukt, #mat",2876,AS15310S15318S20710M517x525S20710483x475S15310496x500S15318483x497
Ampere,"#fysikk, #person",7,AS15d22S15d0aS20700S1ec26S22a04M541x525S15d0a465x485S15d22460x476S20700469x508S1ec26522x482S22a04522x510
asimutkvantetallet,"asimutal-kvantetall, #fysikk",16,AS1dc20S1f110S22104S2f900S14c0aS10003S2d204S20e00M535x569S1dc20478x431S1f110475x489S22104474x476S2f900490x478S14c0a464x546S10003480x521S20e00464x534S2d204502x498
angrepspunkt,#fysikk,17,AS10052S15a58S20500S2f900M523x521S15a58478x479S10052493x482S20500496x502S2f900495x516
aksesystem x-y-z,"#matematikk, #fysikk, aksesystem 3 dimensjoner",26,AS12410M514x515S12410487x485
akse,"x-aksen, #matematikk, #fysikk",66,AS10610S1dc28S26706S20e00M548x520S1dc28453x479S10610473x494S26706506x491S20e00491x494
atomkjerne,#fysikk,86,AS1f720S19205S2b700S22a04S14210S15a48S20500M533x547S19205467x468S1f720513x454S15a48474x502S14210489x502S2b700493x465S22a04490x483S20500487x536
arm-for-en-kraft,"#fysikk, #mekanikk",88,AS20330S1eb48S20500S20500S2f900S37900M521x537S20330506x474S20500508x489S20500508x517S2f900508x463S37900512x489S1eb48480x518
anode,"#fysikk, #kjemi",92,AS1f720S10014S22e04M519x534S1f720480x466S10014484x504S22e04502x485
brytning,"#fysikk, bøyning, avbøyning",97,AS10011S1001aS2880bS20500S2f900M533x528S10011500x498S1001a467x496S20500494x481S2f900494x472S2880b513x484
elektron,#fysikk,107,AS14a10S19205S2e800M523x526S19205476x492S2e800508x494S14a10507x473
Arkimedes' lov,#fysikk,112,AS1dc21S22100S15a50S15a18S28a0cS20500S34900S31a00S30100M550x586S34900482x488S31a00482x487S30100482x477S1dc21517x487S22100518x473S15a18490x559S15a50508x559S20500523x552S28a0c533x514
alfastråler,#fysikk,125,AS18311S26500S14c50M515x542S26500488x504S14c50484x459S18311488x523
barometer,"manometer, trykkmåler, #fysikk",128,AS20350S15a36S2f920S10011S2880aM519x543S15a36483x484S20350485x474S2f920487x458S10011482x513S2880a497x511
de-eksitasjon med emmisjon,#fysikk,129,AS14a10S19205S2880cS14c57S26507M538x534S19205462x511S14a10480x466S2880c489x489S26507525x491S14c57498x507
bane,"krum bane, bane med sving, den veien noe går, #fysikk",133,AS10041S2d600S26735M538x532S10041517x502S2d600462x468S26735490x476
de-eksitasjon,#fysikk,152,AS14a10S19205S2880cM522x530S19205478x511S14a10500x469S2880c510x489
arealvektor,"#fysikk, #matematikk",165,AS10010S15d58S20700M516x533S15d58483x489S10010492x503S20700498x467
angrepslinje (for en kraft)-,#fysikk,175,AS10058S10050S20500S2f900M522x531S10050492x501S10058479x469S20500498x496S2f900511x498
lengde,"#matematikk, #fysikk",208,AS10041S10049S26706S2f900M554x518S10049446x488S10041474x487S26706496x482S2f900543x489
Arkimedes,"#fysikk, #person",216,AS1dc21S22100S34900S31a00S30100M547x524S34900482x489S31a00482x488S30100482x477S1dc21517x488S22100518x474
diagram,"kurve, #matematikk, #fysikk",219,AS10041S1dc28S29a06M542x516S1dc28459x486S10041521x485S29a06480x485
felt: sentralfelt,#fysikk,234,AS14c57S14c5fS22b03S22b15S18557S1855fM563x537S14c57537x463S14c5f438x464S18557502x509S1855f478x510S22b03514x487S22b15463x489
akse,"omdreiningsakse, #matematikk, #fysikk",240,AS10010S2e100M512x531S10010493x469S2e100489x502
bølgelengde,#fysikk,242,AS10051S29a06S22a04S2f900S1ed26M534x531S29a06466x468S10051504x472S22a04496x486S2f900497x505S1ed26474x505
y-aksen,"koordinatakse, vertikalaksen, #matematikk, #fysikk",251,AS19a10S1dc28S22c00S20e00M515x549S1dc28484x519S20e00503x522S19a10485x496S22c00491x451
baneakselerasjon,#fysikk,252,AS10041S28701S2d600M537x533S10041516x503S2d600463x468S28701489x474
akselerasjon,#fysikk,259,AS10040S28700S2f710M522x534S10040479x504S28700484x466S2f710510x481
amplitude,"#fysikk, #matematikk",278,AS10040S1dc28S2880aS1ed10S2f900M543x529S1dc28456x471S10040475x499S2880a482x474S1ed10517x475S2f900521x504
arbeid,#fysikk,310,AS20310S20318S20c00M526x517S20310483x483S20318475x501S20c00498x504
akse,"vertikal akse, loddrett akse, #matematikk, #fysikk",328,AS10000S22b04M509x532S10000491x467S22b04493x502
amplitude,"#fysikk, #matematikk",335,AS10050S1000aS22b00S22b04M523x535S1000a477x509S10050500x505S22b04507x468S22b00493x465
anode,"#fysikk, #kjemi",337,AS11514S17d1bS1851aS26516S20500M542x521S26516484x502S20500520x478S17d1b458x487S1851a506x492S11514527x491
Arkimedes - personen,"#fysikk, #person",338,AS1dc21S22100S34900S31a00S30100S1ed26S22a04M552x576S34900482x488S31a00482x487S30100482x477S1dc21517x487S22100518x473S1ed26533x528S22a04534x561
Amperemeter,#fysikk,359,AS15d22S15d0aS20700S10011S2880aM556x518S15d0a475x499S15d22470x490S20700444x501S10011522x487S2880a534x481
arealvektor,"#matematikk, #fysikk",365,AS10010S15d59S20700M519x524S10010504x487S15d59493x477S20700481x509
bølgelengde,"#fysikk, #matematikk",379,AS10050S10058S29a06S10058S10050S22a04S22a14S2f900S2f900M537x556S29a06482x445S10050521x449S10058462x453S10058463x516S22a14470x495S22a04516x493S10050522x515S2f900524x550S2f900465x551
avbøyning,#fysikk,382,AS10040S2d600S26530M515x527S10040500x497S2d600485x473S26530513x482
Ampere,"#fysikk, #mål",383,AS15d22S15d0aS20700S1ef26S2f900M541x528S15d0a464x482S15d22459x473S20700469x513S2f900525x518S1ed26522x484
trykkmåler,"barometer, manometer, #fysikk",395,AS20350S15a36S2f920S10011S2880aM538x521S15a16462x509S20312464x494S2f920466x478S10011508x487S2880a516x479
periode,"#fysikk, #matematikk",419,AS15a40S15a48S20500S26606S15a40S2f900M543x523S15a40476x487S15a48457x487S20500469x476S26606496x494S2f900531x518S15a40531x488
atmosfære,"#fysikk, #naturfag",444,AS14c21S28a0aS2df04S14c00S22114S36d00M584x521S36d00479x517S14c21457x483S28a0a487x479S14c00558x487S2df04533x487S22114558x479
atom,#fysikk,466,AS1f720S1f728S2e800M529x516S1f720509x488S1f728471x497S2e800492x484
frekvens,#fysikk,485,AS1f410S22104S22104S22104M521x515S1f410492x500S22104508x486S22104478x486S22104493x486
absorbere,"absorbsjon, #fysikk, #kjemi, absorpsjon",522,AS14c20S26604S20320M512x544S14c20489x455S26604492x491S20320493x529
felt: kraftfelt-vertikalt,#fysikk,529,AS14c1cS14c14S22a04S22a14S2fb04M541x533S14c14459x467S14c1c518x467S22a04522x508S22a14462x511S2fb04489x527
astrofysikk,#fysikk,571,AS15420S2e200S1d210S1d218S26a02S26a16M535x569S15420513x432S2e200515x462S1d210506x506S1d218464x505S26a02507x542S26a16475x540
annihilering,"annihilisasjon, #fysikk",578,AS20302S20308S1851cS18514S26502S26516S20b00S26606S26612M584x525S20302503x492S20308481x493S26502523x494S26516459x494S20b00491x475S18514415x510S1851c559x509S26606529x505S26612438x503
x-aksen,"#matematikk, #fysikk, koordinatakse",629,AS10002S1dc28S20e00S26706M549x520S1dc28450x481S10002471x505S20e00474x487S26706507x495
trykk,"trykke, #fysikk",1044,AS20312S15a16S2f920M513x521S15a16486x509S20312489x494S2f920491x478
absolutt nullpunkt,"0 grader Kelvin, 0 K, #fysikk",1251,AS15a40S15a36S20b00S17610S10040S2f900M513x586S15a36486x464S15a40490x413S20b00491x447S2f900494x581S10040491x548S17610491x505
null grader Kelvin,"0 K, #fysikk",1263,AS10011S1dc28S23100S21100S2f900M523x537S1dc28478x481S10011493x507S23100497x478S21100482x464S2f900497x495
akse,"y-aksen, vertikalaksen, #matematikk, #fysikk",1282,AS10014S1dc28S22b00S20e00M516x541S1dc28484x511S10014501x491S20e00486x494S22b00484x458
angrepspunkt,#fysikk,1575,AS10012S15a50S20500S2f900M523x520S15a50478x491S10012493x505S20500492x489S2f900488x480
atom-kjerne,#fysikk,1605,AS14010S15a48S20500M523x519S15a48477x492S14010494x487S20500489x482
aurora,"nordlys, sørlys, #fysikk, #naturfag",1612,AS14c20S2830eS32100M550x518S32100482x483S14c20527x449S2830e473x458
banefart,#fysikk,1674,AS10041S2d500S26631S10002S26606S2f710S1f410M552x544S10041491x514S10002448x464S1f410523x466S2d500453x488S26606486x465S2f710489x456S26631473x494
baryon,#fysikk,1683,AS20330S20330S2f900S2f900S17710S1000aS20700S2c300M541x544S20330460x456S20330492x456S2f900463x478S2f900491x478S2c300515x498S1000a460x513S17710489x507S20700477x529
gass,"#naturfag, #kjemi, #fysikk",1696,AS15300S22f00S2ff00M518x536S2ff00482x483S15300492x489S22f00488x522
beta,"#symbol, #fysikk, #matematikk",1757,AS14520M513x516S14520488x485
binding,"#kjemi, #fysikk",1801,AS1f410S13d18S2e700M536x513S13d18464x495S2e700488x488S1f410507x495
bindingsenergi,"#kjemi, #fysikk",1803,AS1f410S13d18S2e700S20350S20350S2d220S2f900M536x552S13d18464x455S2e700488x448S1f410507x455S2f900495x547S2d220485x520S20350506x503S20350473x504
asimutal-kvantetall,"#fysikk, asimutkvantetall",1955,AS1dc20S1f010S2f900S10003S14c0aS20e00M531x560S1dc20479x441S1f010472x495S2f900484x484S14c0a469x537S10003501x521S20e00490x524
arm,"arm-for-en-kraft, #fysikk, #mekanikk, #naturfag",1992,AS1eb10S20348S20500S37900M516x528S37900490x488S20500486x517S1eb10492x492S20348484x473
akselerert system,#fysikk,2046,AS10010S28700S2f710S15a10S15a18S26620M531x577S10010487x460S2f710519x442S26620490x523S15a10512x550S15a18469x550S28700493x424
avbøyning,#fysikk,2225,AS10040S2d600S26734M515x537S10040500x507S2d600486x463S26734513x470
blåforskyvning,#fysikk,2265,AS15a21S2890aS32107S15a40S15a48S26626M568x576S32107482x483S15a21518x477S2890a539x469S26626530x557S15a48473x549S15a40507x548
bremsestråling,#fysikk,2271,M516x576S15a20500x549S2c601497x515S2f900503x507S2f710487x518S17747495x463S15547485x424S26500502x444
bølge,"#fysikk, #matematikk",2283,AS10011S29906M520x521S10011480x491S29906488x479
bølgelengde,"#fysikk, #matematikk",2284,AS10018S10011S20500S29906S2f900M533x528S10018468x498S10011512x481S20500467x484S29906478x473S2f900512x473
Comptoneffekten,#fysikk,2290,AS14c30S26600S2034aS20b00S20e00S26511S26607M536x559S14c30478x528S26600482x493S26607514x446S26511465x442S20b00485x477S20e00500x468S2034a479x457
dopplereffekten,"#fysikk, #sammensatt tegn",2313,M571x550S1f510453x535S1f518430x513S26700454x488S37700496x510S15a16536x530S17712540x508S22a00542x488S2f710559x494S14c04537x450
dreie,"#fysikk, #naturfag",2315,AS10004S10008S2e736M513x536S2e736487x490S10008498x506S10004488x464
dreieretning,"#fysikk, #naturfag",2316,M515x536S2e736486x490S10008496x506S10004487x464S2d508493x482
edelgass,"#fysikk, #kjemi",2337,AS1f510S2c300S2ff00S15300S2ff00M545x554S2ff00481x447S1f510493x473S2c300519x468S2ff00484x519S15300496x526
edelgass,"#fysikk, #kjemi",2338,AS15a40S20e00S22a00S36d00S15300S2ff00M547x518S36d00478x414S22a00514x425S20e00515x442S15a40535x429S2ff00487x483S15300499x487
effekt,#fysikk,2340,AS20300S20300S2d220S28809S2f700S10010M550x538S2d220468x515S20300494x508S20300451x509S28809509x475S10010535x471S2f700514x462
egenspinn,#fysikk,2353,AS1f510S26500S10010S2ee06S2f710M520x553S1f510482x466S26500482x448S2f710498x510S10010480x523S2ee06497x519
egentid,#fysikk,2354,AS1f510S26500S10010S26606M530x549S1f510471x471S26500473x451S26606500x533S10010475x519
egentid,#fysikk,2355,AS1f510S26500S10013S15a1aS20500S3770bM531x555S1f510487x462S26500488x446S10013501x501S15a1a492x529S3770b469x533S20500491x515
elektron-par-binding,"#fysikk, #kjemi",2385,AS14a20S19208S2ea00S37700S10e00S22106S22102S37700S17610S17600S20700S27126M599x541S2ea00425x482S19208401x495S14a20440x470S37700469x483S37700546x482S10e00500x482S22102512x465S22106498x465S17600573x482S17610583x479S27126578x502S20700577x460
energi,#fysikk,2390,AS20350S20350S2d220S2f900M530x520S2d220488x488S20350515x480S20350471x481S2f900497x515
atom,#fysikk,2526,AS1f710S19219S2e700M520x523S1f710500x478S2e700500x498S19219480x497
absolutt nullpunkt,#fysikk,2701,AS15a42S15a30S22a04S20b00S17610S10050S26500S2f900M549x532S15a30463x502S15a42451x515S20b00461x487S22a04461x468S17610498x496S26500528x481S10050534x502S2f900531x472
absorbere,"absorbsjon, #fysikk, #kjemi, absorpsjon",2705,AS14c20S26604S22114M524x534S14c20477x467S26604480x504S22114498x507
absorbsjonsspektrum,"#fysikk, absorpsjonsspektrum",2710,AS14c20S26604S20320S14c03S15a0aS28a0aS20e00M536x578S14c20471x423S26604474x461S20320475x499S28a0a500x534S15a0a464x566S14c03473x547S20e00506x559
aksesystem x-y-z,"#matematikk, #fysikk, aksesystem tre dimensjoner",2728,AS12418M514x515S12418487x485
aksesytem x-y,"#fysikk, #matematikk, aksesystem to dimensjoner",2729,AS1dc28M512x515S1dc28488x485
aggregattilstand,"tilstandsform, #fysikk",2780,AS16d40S16d48S26602S26616S2a308S2a310S2fb04M561x534S2fb04491x528S2a310474x490S2a308505x493S26602508x469S26616464x470S16d40543x466S16d48440x468
felt,#fysikk,2893,AS14c51S2e80aM516x522S2e80a484x507S14c51489x478
bølgelengde,"#fysikk, #matematikk",3006,AS10011S10018S20500S29906S2f900M528x530S10018475x500S10011492x497S20500472x484S29906484x478S2f900517x470
båndgenerator,"elektrisermaskin, #fysikk",3010,AS1ed10S2e300S10a10S10a18S20600M533x542S1ed10507x466S2e300481x459S20600477x501S10a10491x516S10a18468x515
Hookes lov,#fysikk,3122,AS10612S26706S2f900S26606S2f900S26506S2f900M563x512S10612438x497S26706470x495S26606515x495S26506548x496S2f900490x491S2f900524x490S2f900545x489
hvile-masse,"#fysikk, hvilemasse, hvilemassen",3132,AS15a12S15a1aS2fa00S16d10S16d18S26a02S26a16M528x552S26a16474x522S2fa00493x448S15a12484x459S15a1a486x474S16d10510x500S16d18473x500S26a02514x525
kinetisk,#fysikk,3198,AS15a04S15a04S26c04S26c18M533x525S15a04514x475S15a04475x480S26c04506x505S26c18467x510
moment,"kraft-moment, #fysikk",3244,AS20340S37700S2f900S2d601M524x525S2f900511x476S20340509x485S2d601477x492S37700516x500
laser,#fysikk,3270,AS17757S26500S1dc50M513x537S1dc50487x463S26500498x497S17757493x518
dreie,"#fysikk, #naturfag",3274,AS10002S1000aS2e734M538x516S1000a463x501S10002508x484S2e734495x489
masse,"#fysikk, #naturfag",3639,AS16d10S16d18S26a02S26a16M534x528S16d10517x473S16d18466x474S26a02519x500S26a16467x501
periode,#fysikk,3834,AS15a10S15a18S26706S26702S2f804M540x523S15a10480x477S15a18461x477S26706498x479S26702497x490S2f804500x512
oppdrift,#fysikk,3953,AS20316S15a1aS22b20M514x530S20316491x515S15a1a487x503S22b20492x470
bølgelengde,"lambda, #fysikk",3990,AS10e24S2f900M508x519S10e24493x481S2f900495x514
kraft,#fysikk,3991,AS20300S2f900S37700S34c00M545x541S20300530x501S37700537x516S2f900532x490S34c00482x483
refleksjons-vinkel,#fysikk,4048,AS10031S15a48S27507S10001S1de59S20500S2d50aS20500M549x569S15a48470x435S27507486x432S10031501x463S1de59451x537S20500485x533S20500479x551S2d50a499x541S10001528x539
bevares,"forandres ikke, #fysikk",4181,AS10031S10059S2a206S2a21eS15a3fS15a37S26606S26612S20e00M541x572S10031483x428S10059487x443S2a21e500x465S26606511x556S2a206476x464S15a37494x528S15a3f480x527S26612459x556S20e00494x558
spole,#fysikk,4383,AS10012S2820aM540x508S10012461x492S2820a497x492
tyngdeakselerasjon,#fysikk,4591,M530x559S22a24493x459S20330515x441S20330471x441S2f900513x463S2f900476x463S10004492x490S25104484x526S2f710508x541
baryoner,#fysikk,4764,AS20330S20330S2f900S2f900S17710S1000aS20700S2c400M546x544S20330454x456S20330486x456S2f900457x478S2f900485x478S2c400506x499S1000a454x513S17710483x507S20700471x529
temperatur,#fysikk,4802,AS15a12S10018S23108S21200M514x535S15a12486x501S10018490x505S21200486x484S23108486x466
absolutt nullpunkt,#fysikk,5090,AS15a12S10018S22a04S21100S20500S37800M522x534S21100478x466S22a04479x483S20500480x498S15a12495x504S10018502x472S37800506x502
kraftens arm,#fysikk,5154,AS20340S1eb48S2f900S20500S20500S37900M521x537S20340506x473S20500508x489S20500508x517S2f900508x463S37900512x489S1eb48480x518
ladning,"#fysikk, #naturfag",5297,AS11552S17650S20500M520x514S17650481x498S11552490x496S20500493x486
el-strøm,#fysikk,5301,AS11543S24d0dM529x527S11543502x474S24d0d471x499
kontakt mellom to enkle ledere,"#naturfag, #fysikk",5303,AS10a10S10a18S20500M518x520S10a10503x494S10a18482x494S20500495x481
angrepslinje,#fysikk,6347,AS10050S10058S20500S2f900M522x527S10050488x497S10058478x474S20500497x494S2f900511x495
asimutal-kvantetall,"asimutkvantetall, asimutkvantetallet, l-kvantetallet, #fysikk",6361,AS1dc20S1f110S2f900S10003S14c0aS20e00M558x556S1dc20471x445S1f110443x536S2f900446x528S14c0a498x533S20e00511x520S10003528x510
bero-på,"avhenge-av, henge-sammen-med, være-funksjon-av, #matematikk, funksjon-av, sammenheng, #fysikk, beror-på",6415,AS10612S1060aS20700S26726S26522M524x535S10612498x502S1060a478x501S20700492x520S26522476x478S26726481x465
bevares,"forandres_ikke, #fysikk",6427,AS10031S10059S2df22S15a31S15a39S26606S26612S20e00M536x568S10031485x433S10059488x449S15a31485x521S15a39493x524S2df22492x477S26612465x551S26606506x552S20e00495x555
bevaringslov,#fysikk,6429,AS10059S10031S2df22S15a3fS15a37S26606S26612S20e00S15a50S15a18S26502M534x593S10031484x408S10059488x425S15a18484x564S20e00496x520S15a50513x566S15a37492x493S15a3f482x494S26502495x574S26612466x520S26606504x520S2df22491x450
bevegelsesmengde,#fysikk,6434,AS15a04S15a04S26c00S26c10S2fb04S16d40S16d48S26502S26516S20500M532x565S16d48473x523S26c00505x465S26c10468x474S15a04513x435S15a04475x445S16d40505x524S20500493x553S26502507x551S26516472x551S2fb04494x487
åtte-regel,"#fysikk, #kjemi",6583,AS11e01S18210S15a00S20612M519x545S11e01481x456S20612509x508S15a00484x502S18210482x511
anti-stoff,#fysikk,6606,AS15a42S15a48S2f900S17736S1773eS22106S22102S21100S21100M532x549S15a48480x455S15a42491x463S22102469x511S2f900495x451S17736513x526S1773e469x529S22106525x510S21100478x510S21100510x509
binding,"-binding, #kjemi, #fysikk",6625,AS17610S17600S20700S27126M514x541S17600487x479S17610498x476S20700491x460S27126493x502
di-pol,"#kjemi, #fysikk",6650,AS10e00S1d540S1d548S26504S26514S2f900S2fb01M526x564S10e00487x437S1d540505x512S1d548475x535S26514480x518S26504509x495S2f900491x504S2fb01484x498
elektron-par-binding,"#fysikk, #kjemi",6666,AS14a20S19208S2ea00S10e00S22106S22102S17610S17600S20700S27126M526x620S2ea00499x394S19208474x409S14a20511x380S20700487x537S27126489x581S10e00491x483S22102503x466S22106489x466S17600483x561S17610494x555
absolutt temperatur,#fysikk,7136,AS15a40S15a16S22a04S20b00S15a12S10018S23108S21200M515x571S23108488x507S15a16488x477S20b00497x449S22a04498x430S15a40497x464S10018492x541S21200487x526S15a12486x545
atom-kjerne,"atomkjerne, #fysikk",7160,AS1f710S19219S2e700S15a48S14010M523x546S1f710502x454S2e700505x473S19219478x477S15a48482x517S14010494x516
annihilisasjon,"annihilering, #fysikk",7302,AS20310S20318S26602S26616S20b00S1851cS18514S26606S26612M572x534S20b00493x488S26602509x487S26616461x486S20310508x466S20318477x466S26606514x517S26612459x517S18514428x518S1851c547x519
avbøyning,"#fysikk, brytning",7359,AS10012S1001aS20500S22a04S10011S1001aS20500M533x544S20500495x456S10012502x469S1001a467x469S1001a469x513S10011504x514S20500500x499S22a04520x491
avhenger,"avhengig, #matematikk, #fysikk, funksjon-av",7363,AS10613S10609S22a27S20701M523x529S10613495x488S10609486x501S22a27496x472S20701477x482
brytning,"#naturfag, #fysikk",7681,AS10002S1000aS20500S22a04M533x527S20500497x473S10002503x491S1000a467x491S22a04520x512
blåforskyvning,#fysikk,7799,AS15a21S2890aS36d00S15a40S15a48S26626M549x554S36d00479x487S15a21483x455S2890a504x447S26626519x534S15a40502x526S15a48476x527
bosoner,#fysikk,7815,AS15a40S15a48S20500S2f900S17710S1000aS2c400S20700M548x568S15a40503x453S15a48485x453S20500495x440S2f900494x432S2c400508x526S17710484x533S1000a453x539S20700475x553
bremsestråling,#fysikk,7827,AS15a20S2c601S2f710S2f900S17750S22100S14c5fM521x562S15a20503x535S2c601502x502S2f710493x504S2f900509x491S17750499x467S14c5f479x438S22100485x464
el-strøm,#fysikk,8058,AS10a10S10a18S26502S26516S20500M525x524S10a10510x477S10a18476x478S20500495x510S26502510x508S26516475x510
kvant,#fysikk,48,M515x513S1f110486x488S2f900502x508
bøyning,#fysikk,340,AS10a10S1001aS20500S21600M529x521S10a10502x495S1001a472x495S20500499x480S21600521x489
spole,#fysikk,352,M540x508S10012460x492S2820a497x492
dreieretning,"#fysikk, #naturfag",1212,AS10004S10008S2e73eS2d500M515x536S2e73e486x490S10008496x506S10004487x464S2d500493x482
dreiemoment,"#fysikk, #naturfag",1219,AS10004S10008S2e73eS20310S10008S26502S2f900S37703M529x570S2e73e471x457S10008481x473S10004472x431S10008483x540S20310492x526S26502471x522S37703507x534S2f900495x516
fobi,"forskrekkelse, angst for, plutselig redsel, forskrekket, #følelser",1206,AS15300S22a00S21100S34900S31a00S36f08S36f00S30100S33a10S2f700M552x572S31a00479x488S36f08464x524S30100479x477S36f00475x524S22a00489x542S21100489x558S15300510x546S34900479x488S33a10524x499S2f700540x506
redd,#følelser,1447,AS15300S15308S20600S20600S31a00S34910M530x576S15308473x532S15300509x532S20600465x564S20600508x565S31a00482x482S34910497x501
angst,"redsel, #følelser",1645,M534x533S36f00480x468S36f08467x468S22a00502x489S15308478x508S22a10484x490S15300505x508
angst,"fobi, #følelser",2877,AS15302S21100S21600S20300M521x518S20300486x503S21100508x488S15302480x482S21600508x506
Fredrikstad,#geografi,53,AS15300S20500S20500S36d00M522x528S36d00479x473S20500474x489S20500512x490S15300471x503
Bergen,#geografi,314,AS1f511S26506S21100S34700M543x518S34700482x483S1f511522x485S21100485x487S26506498x485
Stavanger,"Bodø, #geografi",327,AS10e10S20500S20500S31100M534x519S31100482x482S20500484x483S20500506x484S10e10519x489
Stavanger,"Bodø, #geografi",459,AS10e10S20500S20500S31100M519x520S31100482x482S20500483x482S20500509x483S10e10461x490
Algerie,#geografi,585,AS19a40S19a48S22f04S22f14M546x522S19a40518x478S19a48455x478S22f04520x507S22f14458x508
Stavanger,#geografi,830,AS10e10S20500S20500S31100S34c00M519x520S31100482x482S20500483x482S20500509x483S10e10461x490S34c00482x482
Bodø,#geografi,831,AS10e10S20500S20500S31100S34400M519x520S31100482x482S20500483x482S20500509x483S10e10461x490S34400482x482
Bergen,#geografi,1438,AS1f520S26506S21100S34700M542x518S34700482x483S21100473x486S26506492x487S1f520518x485
Afrika,#geografi,2017,AS15a02S22b04S2ff00M518x518S2ff00482x483S22b04492x488S15a02484x469
Agder,#geografi,2021,AS15a1fS22b05S21100S36d00M533x531S36d00479x469S15a1f480x479S22b05509x507S21100501x499
Alta,#geografi,2095,AS15d12S20600S36d00S36d00M536x526S36d00480x474S36d00479x522S15d12509x504S20600494x500
Amerika,"USA, #geografi",2119,AS14c02S14c0aS2ea32S20700M529x533S14c02498x489S14c0a472x486S2ea32488x518S20700491x468
Amerika,#geografi,2120,AS15d03S15d2aM514x521S15d03491x498S15d2a487x480
Peru,"#geografi, #land",2453,AS10e20S2ff00M524x518S10e20509x456S2ff00482x483
Libanon,"#geografi, #land",2638,AS17c10S17c18S22b05S22b13S18510S18518S22b05S22b13S22b05S22b13M577x552S17c10502x448S17c18479x448S18510552x537S18518423x536S22b05522x468S22b05525x491S22b05528x510S22b13455x467S22b13450x487S22b13447x509
Afrika,#geografi,2645,AS15a02S23c04S1fa10M529x525S15a02472x475S23c04506x479S1fa10507x510
Afrika,#geografi,2646,AS14c22S2890bS15656M533x531S14c22467x469S2890b504x481S15656511x515
Asia,#geografi,2648,AS1f720S2e500S2ff00M563x535S2ff00482x483S1f720540x489S2e500540x508
Afrika,#geografi,2660,AS18001S20500S24102S20500S20500S2ff00M532x535S2ff00482x483S20500495x490S18001507x486S20500520x524S24102484x501S20500470x522
Afghanistan,#geografi,2661,AS14c02S28807S17712S22a04S14c12S2ff00M561x518S2ff00482x483S14c02483x469S17712540x444S14c12530x488S28807518x459S22a04543x470
Afghanistan,#geografi,2662,AS16c00S26606S2ff00M543x518S2ff00482x483S16c00523x480S26606493x483
Amerika,"Texas, #geografi, teksas",2665,AS1dc10S1dc18S2ea32S2ea16S2ff00M557x540S2ff00482x483S1dc10533x486S1dc18441x483S2ea32523x524S2ea16454x525
Asia,#geografi,2673,AS1f720S2e500S22100S14c20S2ff00M585x535S2ff00482x483S1f720523x497S2e500540x508S14c20562x484S22100566x474
Ukraina,#geografi,2676,AS1f410S28806S22a04S1ee1aS33b00M580x554S33b00482x483S1f410503x505S28806535x508S22a04558x512S1ee1a558x528
Albania,#geografi,2702,AS15d01S15d09S20a00S22117S22111S34c00M532x580S34c00482x483S15d01478x531S15d09496x532S20a00491x565S22111513x541S22117468x541
Amsterdam,#geografi,2767,AS10011S10019S20500S22b04S22b14S20500M519x542S10011498x470S10019482x471S22b04503x503S22b14485x502S20500495x458S20500496x531
Arabia,"#geografi, #land, arabisk",2888,AS15a12S26506S31400M534x518S31400482x483S15a12485x500S26506519x497
Argentina,"#geografi, #land",2889,AS16f01S16f39S23404S34c00M531x591S16f01499x547S34c00482x483S16f39451x527S23404494x577
Argentina,"#geografi, #land",2890,AS16f01S23404S34c00M531x591S16f01499x547S34c00482x483S23404494x577
delta,"elvedelta, elveos, os, elveutløp, utløp, #naturfag, #geografi",3053,AS14c50S14c58S27c09S27c11M533x534S14c50508x503S14c58471x503S27c09513x466S27c11468x467
Asia,#geografi,3320,AS1fa10S20500S2d70fM516x521S2d70f488x479S1fa10497x506S20500485x507
Fagernes,#geografi,3419,AS1ce10S1ce18S2890aS28912S10011S33200M557x536S1ce10503x418S1ce18469x418S28912437x417S2890a528x418S10011522x506S33200482x483
Filippinene,#geografi,3459,AS1d920S10011S31400M532x527S1d920484x432S10011511x497S31400482x483
Filippinene,#geografi,3461,AS1d410S20500S31400M547x518S31400482x483S1d410518x482S20500515x480
Finnmark,#geografi,3465,AS10000S20500S30004S15a12S2e73aM521x601S30004482x483S10000487x512S20500509x519S2e73a496x585S15a12490x565
Beijing,#geografi,4923,AS11801S21910S20f10S36d00S2ff00M521x550S2ff00482x483S36d00479x523S11801483x525S21910459x528S20f10445x536
Beirut,#geografi,4930,AS15616S22f00S22110S2ff00M542x532S15616489x512S2ff00482x483S22110516x510S22f00516x518
Berlin,#geografi,4931,AS15d1fS20320S33b00S35c00M534x535S35c00481x500S15d1f511x469S33b00483x466S20320512x505
Pakistan,#geografi,5835,M521x523S10018480x493S17610485x481S26a02507x477
Pakistan,#geografi,5836,AS17610S10018S22200S26506S22204M523x528S10018478x498S17610483x486S22200487x473S22204505x476S26506508x485
Syria,#geografi,5837,AS10e52S15a48M518x514S15a48483x487S10e52488x495
Iran,#geografi,5838,AS10042S15a48M519x516S15a48481x484S10042489x501
Bergen,#geografi,7415,M540x518S2ff00482x483S21100462x481S26606477x480S1f503518x485
Brüssel,#geografi,102,AS11802S1180aS20600M530x516S11802503x501S1180a470x500S20600490x484
Fauske,#geografi,989,AS1f540S26900S20e00S2ff00M531x552S2ff00482x483S20e00515x514S26900515x534S1f540493x521
Finnmark,#geografi,992,AS10000S20600S30004M530x542S30004482x483S10000487x512S20600508x516
Akershus,#geografi,1552,AS1f720S23904S2391cS15c13S15c15M536x537S1f720485x463S2391c465x505S23904516x507S15c13501x489S15c15480x488
bergarter,"steintyper, #naturfag, #geologi",6621,AS20310S20314S22b04S20e00S1ed26S26506S22f04M530x577S20e00490x441S22b04489x456S20310489x424S20314471x459S1ed26476x546S22f04505x563S26506511x547
dekomponering,"#naturfag, #gramatikk",2299,AS15310S15318S26a06S26a12S17710S17718M559x515S26a12466x485S15318486x486S26a06521x488S15310502x486S17718441x490S17710539x491
agurk,"#grønnsak, #mat",1240,AS1ed10S1ed18S2890bS28913S1f417S1f41fM573x537S1ed18475x463S1ed10502x463S1f41f427x503S1f417552x507S2890b535x477S28913441x473
W,"w, #håndalfabet",213,AS18620M509x515S18620491x485
A,"a, stor A, #håndalfabet",553,AS15d52S15d0aS20700M529x514S15d0a476x495S15d52471x486S20700511x490
A,"a, #håndalfabet",752,AS1f720M510x507S1f720490x492
C,"c, #håndalfabet",754,AS1ed10M513x509S1ed10487x490
c,#håndalfabet,755,AS16c10M510x510S16c10490x489
d,#håndalfabet,756,AS10120M508x515S10120492x485
W,"w, #håndalfabet",845,AS10e21S10e29M525x513S10e29474x488S10e21495x488
g,"G, #håndalfabet",855,AS20310S20308S20b00M518x516S20308498x501S20310503x484S20b00482x490
h,"H, #håndalfabet",901,AS15a00S26500S33b00M525x546S15a00495x519S33b00482x482S26500511x521
Z,"z, #håndalfabet",953,AS10050S2450aM520x520S10050481x490S2450a489x480
Æ,"æ, #håndalfabet",967,AS15020M513x516S15020488x485
O,"o, #håndalfabet",974,AS17620M508x508S17620492x492
I,"i, #håndalfabet",1013,AS19220M510x510S19220489x491
æ,"Æ, #håndalfabet",1054,AS15420M507x512S15420492x487
Æ,"æ, #håndalfabet",1055,AS15420S15428S20700M514x527S15428485x502S15420499x499S20700491x473
Å,"å, #håndalfabet",1061,AS1f720S22e04M510x520S1f720490x481S22e04493x502
B,"b, #håndalfabet",1283,AS17710S17718M520x508S17710500x493S17718480x492
F,"f, #håndalfabet",1430,AS11551S11559M524x513S11551497x488S11559477x488
c,#håndalfabet,1480,AS16d10M508x510S16d10491x490
K,"k, #håndalfabet",1542,AS10a13S10018M514x524S10018486x494S10a13488x477
L,"l, #håndalfabet",1543,AS1dc57S15a36M514x517S15a36487x483S1dc57487x487
N,"n, #håndalfabet",1545,AS11550S15a3aM514x517S15a3a487x483S11550493x487
P,"p, #håndalfabet",1548,AS1eb10S10018M513x518S10018488x488S1eb10489x482
Q,"q, #håndalfabet",1549,AS10a10S1ce48M515x525S1ce48485x476S10a10500x499
R,"r, #håndalfabet",1550,AS10640S15a36M514x515S15a36487x485S10640488x489
Å,"å, #håndalfabet",2044,AS15d52S15d0aS20700S15d02S15d5aS20700M538x544S15d0a488x469S15d52487x456S20700462x467S20700520x522S15d02488x525S15d5a490x510
B,"b, #håndalfabet",2065,AS14720M507x511S14720493x489
D,"d, #håndalfabet",2067,AS10120M508x515S10120492x485
D,"d, #håndalfabet",2068,AS10110M508x515S10110492x485
E,"e, #håndalfabet",2069,AS14a20M508x508S14a20493x493
F,"f, #håndalfabet",2129,AS1da20M508x515S1da20492x486
F,"f, #håndalfabet",2130,AS1df20M509x515S1df20491x485
G,"g, #håndalfabet",2131,AS1f120M515x508S1f120486x493
G,"g, #håndalfabet",2132,AS1e140M512x513S1e140488x487
H,"h, #håndalfabet",2134,AS15a00S26600S33b00M541x526S26600525x494S33b00482x483S15a00494x499
H,"h, #håndalfabet",2145,AS15a00S26600S33600M549x539S33600476x483S15a00494x507S26600533x509
J,"j, #håndalfabet",2147,AS19220S2a20cM521x518S19220500x499S2a20c480x483
K,"k, #håndalfabet",2149,AS14010M515x515S14010486x485
L,"l, #håndalfabet",2150,AS1dc20M512x515S1dc20488x485
M,"m, #håndalfabet",2151,AS18d50M510x513S18d50490x488
N,"n, #håndalfabet",2152,AS11950M511x513S11950489x487
Q,"q, #håndalfabet",2155,AS1f151M515x512S1f151485x489
R,"r, #håndalfabet",2156,AS11a20M508x515S11a20493x485
S,"s, #håndalfabet",2157,AS20320M508x508S20320493x493
S,"s, #håndalfabet",2158,AS1f450S22104M515x513S1f450486x498S22104486x488
T,"t, #håndalfabet",2160,AS1f210M515x509S1f210485x491
T,"t, #håndalfabet",2161,AS1ea10M512x511S1ea10489x490
U,"u, #håndalfabet",2162,AS11520M508x515S11520493x485
U,"u, #håndalfabet",2163,AS11510S2a20cM512x531S11510493x469S2a20c489x503
V,"v, #håndalfabet",2165,AS10e20M508x515S10e20493x485
W,"w, #håndalfabet",2166,AS18720M509x515S18720491x486
X,"x, #håndalfabet",2167,AS10620M511x513S10620490x487
Y,"y, #håndalfabet",2168,AS19a20M514x510S19a20486x490
O,"o, #håndalfabet",2455,AS1d510M511x515S1d510490x486
Ø,"ø, #håndalfabet",2456,AS1d510S22a00M511x525S1d510490x496S22a00494x476
Q,"q, #håndalfabet",2494,AS10a21S1d518S20a00M524x526S1d518477x475S10a21491x487S20a00485x511
T,"t, #håndalfabet",2495,AS1fb20M508x510S1fb20493x491
U,"u, #håndalfabet",2498,AS11520S2a20cS11500M533x524S11520518x479S2a20c489x496S11500468x477
X,"x, #håndalfabet",2577,AS10011S22c03S22c05M531x518S10011510x483S22c03470x485S22c05475x485
Y,"y, #håndalfabet",2636,AS1c520M515x514S1c520485x486
Q,"q, #håndalfabet",2637,AS10a10S17618M511x518S17618489x482S10a10496x492
C,"c, #håndalfabet",2640,AS1ed56S15a36M514x516S15a36487x484S1ed56489x490
E,"e, #håndalfabet",2643,AS10612S1060aS20a00M523x521S10612497x506S1060a478x504S20a00492x479
I,"i, #håndalfabet",2650,AS19201S19209S20500M529x514S19201503x495S19209471x495S20500495x487
O,"o, #håndalfabet",2657,AS1eb40S15a30M514x515S15a30487x486S1eb40490x496
W,"w, #håndalfabet",2667,AS18750S15a36M514x515S15a36487x486S18750489x486
W,"w, #håndalfabet",2668,AS10e21S10e29M527x513S10e21497x488S10e29474x488
Y,"y, #håndalfabet",2670,AS10010S1de28M511x530S10010489x500S1de28489x470
Z,"z, #håndalfabet",2671,AS10053S15a3fS27c01M519x528S15a3f481x505S10053498x489S27c01483x473
Z,"z, #håndalfabet",2672,AS15d02S15d2aM517x519S15d02483x500S15d2a490x482
d,"standard, enhånds, #håndalfabet",3032,AS10120M508x515S10120492x485
D,"d, #håndalfabet",3033,AS1ed10S10018M516x518S10018485x488S1ed10490x482
C,"c, #håndalfabet",4948,AS16d20M509x510S16d20492x490
H,"h, #håndalfabet",4956,AS11502M515x508S11502485x493
L,"l, #håndalfabet",4963,AS1dc20M512x515S1dc20488x485
Ø,"ø, #håndalfabet",5005,AS17610S22a00M508x518S17610492x502S22a00495x483
H,"h, #håndalfabet",5028,AS15a50S15a36S26606S21100M543x514S15a36461x495S15a50457x487S21100495x494S26606513x493
O,"o, #håndalfabet",5039,AS1ed10S1ed18M526x510S1ed10500x491S1ed18474x491
Q,"q, #håndalfabet",5041,AS10a10S17618S20700M522x521S17618479x485S10a10486x495S20700504x479
S,"s, #håndalfabet",5043,AS19823S19809S20700M524x520S19823497x481S19809476x485S20700495x505
Å,"å, #håndalfabet",6205,AS1f720S2e30aM514x522S1f720490x507S2e30a487x479
M,"m, #håndalfabet",6232,AS18c50S15a36M514x517S15a36487x484S18c50492x487
T,"t, #håndalfabet",6241,AS10012S10008M515x516S10008491x486S10012485x484
U,"u, u-, #håndalfabet",6242,AS1dc20S1dc28M525x515S1dc20501x485S1dc28476x485
Ø,"ø, #håndalfabet",6253,AS10011S17600M513x517S17600488x483S10011492x487
I,"i, #håndalfabet",6881,AS19201S19205M527x510S19205473x490S19201501x491
I,"i, #håndalfabet",6882,AS10002S1000aS20500M532x516S10002502x501S1000a468x501S20500495x484
J,"j, #håndalfabet",6884,AS1dc20S1dc29M522x515S1dc20498x485S1dc29478x486
K,"k, #håndalfabet",6885,AS10613S10018M514x522S10018486x492S10613486x479
V,"v, #håndalfabet",6896,AS10e50S15a36M514x517S15a36487x483S10e50492x487
X,"x, #håndalfabet",6899,AS10021S10029M524x511S10021494x490S10029476x489
Æ,"æ, #håndalfabet",6905,AS15310S15318M511x513S15310496x488S15318489x488
Æ,"æ, #håndalfabet",6906,M518x550S33200482x483S14c10481x519
Å,"å, #håndalfabet",6908,AS15d22S15d0aS20700S2c300S2d211S20700M540x542S15d0a487x461S15d22484x459S20700490x486S20700490x527S2c300514x503S2d211461x504
Q,"q, #håndalfabet",7112,M525x524S1ce18475x476S10a10488x498S20700507x483
Æ,"æ, #håndalfabet",7125,AS15310S15318S20700M515x523S15310500x478S15318486x478S20700491x508
Æ,"æ, #håndalfabet",7126,AS14c10S33200M518x522S33200482x483S14c10472x491
Ø,"ø, #håndalfabet",7128,AS10011S17600M513x518S17600487x483S10011492x488
Å,"å, #håndalfabet",7129,AS15d52S15d0aS20700S2c300S2d211S15d02S15d5aS20700M545x544S15d0a484x469S15d52483x456S20700458x467S20700516x522S2c300519x486S2d211456x488S15d5a486x510S15d02484x525
"I, tohånds","i, I, #håndalfabet",8326,AS19201S19209S20500M528x516S20500495x485S19201502x497S19209472x497
ake,"#verb, akebrett, #idrett",1243,AS15d30S15d38S26500S26510S20e00S20e00S36d00S36d00M558x528S36d00479x472S36d00478x524S20e00521x497S20e00467x497S26510464x476S26500521x476S15d30539x484S15d38444x486
bie,"#naturfag, #insekt",1498,AS1d410S2e234S29a02M532x532S1d410503x467S2e234513x500S29a02469x493
bille,"#naturfag, #insekt",1797,AS1ed16S34800M535x546S34800482x483S1ed16516x520
bie,"bier, #naturfag, #insekt",4831,AS1f410S26a02S20500S30006M581x518S30006482x483S20500520x494S26a02534x485S1f410552x501
april,"#tid, #kalender",1080,AS19a10S26b00S20e00S33200M538x545S19a10464x525S20e00495x522S33200482x482S26b00511x520
base,#kjemi,12,AS15a40S15a48S26504S21100M514x530S15a48486x471S15a40502x469S26504495x515S21100496x499
kjemi,"apotek, #kjemi",120,AS1ce40S1ce48S2a200S2a218S2fd04M534x539S1ce48465x465S1ce40512x462S2a200508x498S2a218467x500S2fd04488x533
alkalimetall,"#kjemi, #sammensatt tegn",306,AS15a40S15a48S18c40S18c4aS26504S20e00S22a04S20c00M523x567S15a48482x434S15a40498x432S18c4a477x539S18c40508x537S26504491x477S20e00492x463S20c00486x517S22a04492x498
basisk,#kjemi,324,AS15a40S15a48S26504S21100M514x530S15a48486x471S15a40502x469S26504495x515S21100496x499
alkalisk,#kjemi,554,AS15a40S15a48S26504S20e00M514x530S15a48486x472S15a40502x470S26504495x515S20e00496x501
bitter,#kjemi,1826,AS15000S26a02S35300M522x556S35300482x483S15000497x525S26a02480x528
base,#kjemi,2237,AS15a40S15a48S21100S26504S33b00S34c00S36100S34700M561x609S21100506x577S26504505x594S15a40507x545S15a48491x560S33b00440x482S34c00469x483S36100497x484S34700525x483
alkan,#kjemi,6587,AS1f510S20e00S22a04S30004S10002S26606M550x582S30004482x483S1f510492x521S20e00515x516S22a04515x529S10002485x566S26606520x566
alken,#kjemi,6590,AS1f510S20e00S22a04S30004S11502S26606M550x602S30004482x483S1f510492x521S20e00494x539S22a04492x554S26606520x585S11502484x587
alkyn,#kjemi,6595,AS1f510S20e00S22a04S30004S18c02S26606M544x595S30004482x483S1f510493x522S20e00512x514S18c02480x578S26606514x579S22a04512x530
alkalimetall,"#kjemi, #sammensatt tegn",7015,AS15a40S15a48S21100S26504S18c40S18c06S20b00M527x558S15a40502x442S15a48485x455S21100502x471S26504501x489S20b00514x534S18c40493x528S18c06473x527
basisk,#kjemi,7379,AS15a40S15a48S21100S26504M517x531S15a48483x477S15a40503x469S21100503x499S26504503x516
base,#kjemi,7527,AS15a40S15a48S21100S26504S34c00M518x599S21100498x565S26504497x584S15a40499x534S15a48482x556S34c00482x483
binding,"#kjemi, #naturfag, forbindelse",7704,AS16d10S16d18S26502S26516S20700M528x522S20700492x479S26502513x480S26516473x481S16d10511x502S16d18473x502
bitter,#kjemi,7734,AS16610S26500S35000M518x550S35000482x483S26500494x513S16610496x532
bitter,#kjemi,7735,AS15000S26a02S35000M525x546S35000482x483S15000500x515S26a02479x519
arkiv,#kontor,8,AS15a02S17d36S22f04S20710M533x520S22f04503x480S20710499x497S15a02468x482S17d36471x497
arkiv,#kontor,2896,AS14d14S14d1cS26600S22630M518x543S14d1c485x525S14d14483x502S22630484x488S26600493x457
arkiv,#kontor,2897,AS15d04S20338S22f04M513x523S22f04488x478S15d04489x496S20338492x505
blodoverføring,"#kropp, #naturfag, #medisin",1978,AS14c03S21100S22a03S10003S3790aS37802M540x538S21100527x477S14c03497x463S22a03517x489S10003465x486S3790a460x467S37802461x506
arr,#kropp,1994,AS10014S15a1aS26504S21100S3770aM527x532S15a1a486x504S3770a474x508S10013497x483S26504485x483S21100485x469
arm,"#kropp, #naturfag",2898,AS15451S22a05S21100S37703S37701M518x527S37701482x473S37703488x496S21100484x504S15451494x489S22a05494x513
blodtrykk,"#kropp, #naturfag, #medisin",2902,AS14c03S21100S22b03S16d1eS20800S37800S36d00M535x533S20800476x482S14c03496x486S21100522x501S37800475x471S16d1e465x498S36d00479x468S22b03502x509
blø,"#naturfag, #kropp, #medisin",2915,AS14c58S14c50S26500S21100M524x526S26500510x492S14c58477x474S21100510x506S14c50476x495
brystene vokser,#kropp,2983,AS17111S17119S2c300S2c311S26500S26510M563x520S26500525x482S17111510x503S17119467x503S2c300537x495S2c311437x497S26510460x480
ansikt,#kropp,5329,AS10001S2e300S2ff00M544x539S2ff00482x483S10001523x509S2e300488x485
albu,#kropp,7005,AS15a1eS37700S37b0aS20600M515x526S37b0a496x484S37700495x474S20600485x500S15a1e488x514
blodtype,"#medisin, #naturfag, #kropp",7773,AS14c03S21100S22a03S10003S14c3aS36d00M521x550S36d00479x451S21100500x481S22a03490x490S14c03479x460S10003451x507S14c3a425x526
grøt,"#mat, røre-i-grøten",1445,AS20340S16c48S2ea06M518x531S20340496x489S2ea06493x469S16c48482x510
appelsinjuice,"appelsinsaft, #mat",2883,AS15310S15318S20710S17640S17644S21600S21600S26502S26516M529x560S20710490x440S15310503x465S15318490x462S17640496x511S17644492x530S21600500x500S21600496x552S26502514x510S26516471x533
juice,#mat,2884,AS15340S15348S26502S26516S17642S17646M552x523S26516472x505S15340537x478S15348449x498S17642497x483S17646493x502S26502515x482
bær,"#naturfag, #mat",3002,AS17710S1000aS20700S2c500M544x523S17710477x482S1000a456x489S20700469x508S2c500504x477
appelsinsaft,"juice, saft, #mat",7314,AS16d40S16d48S2df00S2df18S2f900S2f900S22104S22104M523x546S16d40493x480S16d48490x500S2df00489x455S2df18491x525S2f900479x482S2f900512x502S22104511x513S22104478x490
bær,"#naturfag, #mat",7864,AS17710S1000aS20700S2c300M539x518S1000a461x490S17710487x483S20700480x503S2c300513x490
parallell,#matematikk,18,AS10010S10018S26700S26710S2fb00M524x547S10018480x517S10010505x517S26700508x465S26710475x466S2fb00492x453
rett-vinkel,"90*, #matematikk, rett vinkel",30,AS10041S1dc28S23b04M528x528S1dc28472x473S10041507x498S23b04493x472
vinkel,#matematikk,57,AS10041S1dc29S2880cM526x530S1dc29474x469S10041505x500S2880c507x473
Gausskurve,"klokkekurve, normalfordelingskurve, #matematikk, #statistikk",58,AS10050S28807S28a0aS28805S2f804M543x532S2f804487x519S28a0a488x468S28807468x482S28805523x489S10050458x502
femkant,#matematikk,68,AS14c00S15a58S15a50S23a04S23a1cM539x555S14c00492x446S15a58462x527S15a50527x528S23a04512x480S23a1c464x479
frekvens,"hyppighet, #statistikk, #matematikk",74,AS15a30S23404S26706M535x519S15a30464x481S23404484x505S26706493x490
ellipse,#matematikk,76,AS10050S28800S22a02S28804S22a06M527x532S10050512x502S22a06493x491S22a02487x467S28800510x471S28804473x476
hjørne-vinkel,#matematikk,91,AS10041S1dc28S23b0aS21100M540x532S1dc28460x489S10041519x502S23b0a480x488S21100478x468
trekant,#matematikk,113,AS10050S10058S24102S2411aS20500M541x541S2411a460x470S24102502x469S20500496x460S10058482x510S10050504x511
areal,#matematikk,143,AS14c51S2e80aM516x522S2e80a484x507S14c51489x478
histogram,"søylediagram, #matematikk, #statistikk",156,AS1f056S1dc28S22a04S22a04S22a04M532x525S1dc28467x475S1f056515x496S22a04489x477S22a04505x478S22a04519x478
algebra,#matematikk,168,AS15020S1eb10S15a08S22520S26506S2880cS20500S20500S36d00M575x550S15020527x469S22520523x450S26506560x474S36d00479x481S15a08510x517S1eb10524x525S2880c551x501S20500523x510S20500523x539
hjørne-av-linjer,#matematikk,212,AS10041S10049S20500M523x523S10049477x493S10041502x493S20500494x478
nabovinkel,#matematikk,214,AS10051S1ee18S28902S20500S37706M542x519S10051512x495S1ee18486x497S37706458x511S28902477x480S20500468x499
skjæring med x-aksen,#matematikk,215,AS10040S1dc28S26504S20e00M523x528S1dc28477x471S10040486x498S20e00510x482S26504509x498
spiss vinkel,#matematikk,225,AS10041S1ee18S2400aS21100M527x535S1ee18473x485S10041506x505S21100514x465S2400a493x478
x-aksen,#matematikk,229,AS10050S1dc28S26706S20e00M536x528S1dc28463x473S10050483x498S20e00485x477S26706494x485
eksponetialfunksjon,#matematikk,265,AS14a20S1dc28S28907M532x521S1dc28468x491S14a20517x500S28907492x480
tall,"telle, #matematikk",269,AS10041S11e09S28808S20e00S2950bS20e00S2950bS20e00M535x540S11e09470x494S20e00499x499S20e00491x482S20e00466x483S10041497x510S28808472x462S2950b496x460S2950b510x485
hyperbel,#matematikk,274,AS11540S1dc28S28805M530x522S1dc28469x479S28805495x477S11540515x492
terning,#matematikk,293,AS17130S15a37S2a530S2a200M529x530S15a37471x470S17130506x475S2a200489x477S2a530510x497
kvadrat,#matematikk,299,AS10050S10058S20500S24402S2441aM535x541S10058481x510S10050503x511S20500495x460S24402502x470S2441a466x469
redusere,"forenkle, avta, #matematikk",300,AS10010S10018S22a03S22a03S22a03S22a15S22a15S22a15M580x539S10048471x509S10040510x508S22a03534x492S22a15448x493S22a03551x476S22a03567x461S22a15434x478S22a15419x462
diameter,#matematikk,301,AS10051S10019S20500S28f36S28f02S26706S2f900S2f900M559x528S10051529x498S2f900538x492S20500472x493S10019455x498S2f900441x522S28f36483x495S28f02478x472S26706486x491
skjæringspunkt med x-aksen,#matematikk,311,AS10040S1dc28S26504S20e00S20500S2f900M525x534S1dc28475x477S10040484x504S20e00511x491S26504511x466S2f900495x479S20500494x492
"asymptote, vertikal",#matematikk,316,AS1ee13S1f412S1dc28S22b00M513x567S1dc28487x537S1ee13486x514S1f412498x433S22b00495x473
"y-aksen, variant","koordinatakse, #matematikk",326,AS15720S15728S22c00M519x536S15720501x509S15728481x509S22c00503x464
tall,"telle, #matematikk",344,AS10041S11e09S20e00S20e00S20e00M526x529S11e09478x483S20e00507x488S20e00499x471S20e00474x472S10041505x499
horisontal-asymptote,"asymptote, horisontal, #matematikk",346,AS1ee10S1dc28S26606S1f410M565x517S1dc28436x483S1ee10459x490S1f410536x502S26606495x497
"asymptote, vertikal","vertikal asymptote, asymptote, #matematikk",350,AS1ee13S1dc28S22b00S1f412M514x567S1dc28488x537S1ee13487x514S1f412499x433S22b00496x473
x-aksen,#matematikk,393,AS10002S1dc28S26706M553x517S1dc28448x482S10002476x502S26706511x495
femkant,#matematikk,454,AS14c00S10050S10058S22b05S22b13M544x551S10050529x521S22b13471x491S22b05504x492S10058455x519S14c00488x448
trekant,#matematikk,471,AS11e00S10050S10058S22b05S22b13M544x550S11e00492x449S22b13471x490S22b05504x491S10058455x518S10050529x520
statistikk,"#matematikk, #statistikk",474,AS10041S1dc28S2480aM531x525S1dc28469x477S10041510x495S2480a493x476
x-aksen,#matematikk,484,AS10011S23303S10050S1dc28S26706S20e00M536x558S1dc28463x503S10050483x528S20e00485x507S26706494x515S10011507x442S23303475x441
kule,#matematikk,501,AS17f50S17f58S2a20aS2a212M523x534S17f58478x466S17f50504x466S2a20a502x505S2a212477x505
asymptote,"horisontal asymptote, #matematikk",504,AS1ee10S1dc28S26606S1f410M565x517S1dc28436x483S1ee10459x490S1f410536x502S26606495x497
areal,#matematikk,577,AS15d12S2e80aM516x520S15d12484x480S2e80a484x505
algebra,"#matematikk, bokstavregning",626,AS15020S22520S26506S36d00S22b03S11500S11508S23108S23118M581x559S15020535x460S36d00479x474S22520536x441S26506566x465S11508483x503S11500506x509S23108506x542S23118475x537S22b03547x494
pluss,"+, og, #matematikk",766,AS10020S1000aM517x515S1000a483x493S10020502x485
rett-vinkel,"90*, rett vinkel, #matematikk",808,AS10041S1dc28S23b0aM534x523S1dc28466x478S10041513x493S23b0a487x477
beregne,"#matematikk, #økonomi",1000,AS14c20S15a00S22b04S20f00S22520M529x540S22b04475x510S15a00476x462S22520497x475S20f00501x461S14c20471x474
normalfordelingskurve,"klokkekurve, Gausskurve, #matematikk, #statistikk",1020,AS15a50S28807S28a0aS28805S2f804M545x531S2f804489x520S28a0a490x469S28807470x483S28805525x490S15a50456x504
addisjon,"pluss, #matematikk",1214,AS10012S10018M515x515S10018492x485S10012485x490
addisjon,#matematikk,1215,AS10012S10018S26500M518x522S10018488x479S10012481x484S26500504x507
gjentatt addisjon,#matematikk,1895,AS10010S1001aS20600S2ea3eM525x523S1001a476x496S20600487x478S2ea3e500x501S10010481x493
eskponentiell,#matematikk,1901,AS14a20S28807M521x514S28807501x486S14a20479x499
dividere,#matematikk,1903,AS11502S15a18S20500M525x514S15a18475x486S20500490x487S11502495x499
diameter,#matematikk,1904,AS10050S2e30aS26506M521x521S10050506x491S2e30a479x479S26506483x484
derivere,#matematikk,1905,AS10a20S21800M514x519S10a20488x493S21800486x482
brøk,#matematikk,1906,AS10012S10018S26506M525x516S10018479x486S10012495x490S26506476x484
blandet tall,"#matematikk, #sammensatt tegn",1910,AS14c38S14c0bS2e702S2e746S2fb06S10012S11e28S20500S29201S20500S20500M543x571S10012511x553S29201489x524S2e746499x430S2e702505x450S2fb06537x438S11e28467x541S20500457x535S20500476x528S20500492x547S14c0b465x431S14c38481x455
beregne,"#matematikk, #økonomi",1912,AS15d1fS15a18S29904S18510S32d00M518x576S32d00482x483S15d1f483x532S18510486x561S29904464x534S15a18447x534
stump vinkel,#matematikk,1925,AS15a17S15a1eM525x512S15a1e476x500S15a17502x489
produkt,"sum, resultat, #matematikk",1938,AS15a18S17c40S21100S22a04S18510M531x523S15a18470x480S21100488x478S22a04488x494S18510506x508S17c40512x480
produkt,"multiplikasjons-resultat, #matematikk",1939,AS10012S15a18S20500S17c10S15a18S21100S22a04S18510M532x552S15a18469x449S15a18469x508S20500485x458S10012498x462S21100486x511S22a04486x528S18510507x537S17c10509x507
addere,#matematikk,1951,AS10010S1001aS20600M519x522S1001a481x494S20600497x478S10010493x492
areal,#matematikk,1985,AS15a12S2e73eM514x516S15a12487x484S2e73e488x500
aksje,"#økonomi, del, part, dele, #matematikk",2051,AS15a40S15a36S21100S26604M514x539S15a40493x461S21100493x491S15a36487x508S26604491x509
differanse,#matematikk,2307,AS10041S10049S20500S26606S26612S2f900S2f900M555x530S20500495x516S26612460x513S26606508x514S2f900544x518S2f900445x521S10041498x470S10049485x470
akse,#matematikk,2732,AS10051S26806M528x517S10051473x496S26806478x484
akse,#matematikk,2734,AS1f457S26806M528x520S26806478x481S1f457472x490
akse,"koordinatakse, #matematikk",2807,AS10010S2f900S36d00M537x520S36d00479x485S10010522x481S2f900524x515
brutto,"#matematikk, #regnskap",2975,AS15a12S15a16S22a00S22a14S2f900S2f900M525x528S15a12479x488S15a16475x509S22a00512x482S22a14511x504S2f900512x523S2f900514x473
del,"dele, #matematikk",3048,AS15a40S15a36S26504S20e00M514x533S15a36487x487S15a40493x467S20e00494x502S26504492x518
er,"=, #matematikk",3400,AS1ef50S26606M532x508S1ef50468x492S26606502x492
asymptote,"asymptote, generell, #matematikk",3992,AS1ee11S1dc28S22b07S1f411M556x542S1dc28445x512S1ee11474x505S1f411526x459S22b07505x485
gausskurve,"normalfordelingskurve, klokkekurve, #matematikk, #statistikk",4218,AS10050S28807S28a0aS28805M541x534S10050460x504S28a0a486x466S28807466x480S28805521x487
tall,#matematikk,4474,AS10041S14c09S2880fS20e00M526x526S14c09475x497S20e00474x489S2880f483x475S10041505x496
legg sammen,#matematikk,4673,AS17740S17748S26502S26516M540x508S26516461x494S17748480x493S17740503x493S26502525x494
trekk fra,"ta bort, #matematikk, ta vekk",4674,AS17740S15d48S20e00S22a05M523x526S15d48478x475S17740495x481S22a05510x512S20e00501x499
avrunde,"runde-av, #matematikk",4692,AS17140S15a06S2a400M524x530S15a06477x479S17140500x471S2a400499x494
avrunde,#matematikk,4693,AS11821S29906M536x510S11821465x490S29906504x494
vinkel,#matematikk,4869,AS10011S1dc29S23b0bS21100M537x520S10011516x490S23b0b486x491S1dc29463x488S21100500x481
integrere,"integrasjon, #matematikk",4907,AS19210S29a0dM530x513S19210509x489S29a0d471x487
derivere,"derivasjon, #matematikk",4908,AS10120S2a209M515x521S10120486x491S2a209495x479
firkant,#matematikk,4909,AS14400S10050S10058S22b05S22b13M545x550S10050530x520S22b13472x490S22b05505x491S10058456x518S14400488x451
mangekant,"polygon, #matematikk",4910,AS14c00S22620S10050S10058S22b05S22b13M545x554S10050530x524S22b13472x494S22b05505x495S10058456x522S14c00490x457S22620489x446
likning,#matematikk,4920,AS10050S10058S20500S26506S26512S15d30S15d38M562x524S10058480x493S10050500x493S20500491x477S15d30543x497S15d38438x498S26506520x506S26512461x507
addisjon,#matematikk,5100,AS10012S10018S20500M515x520S10018492x490S10012485x495S20500498x480
differanse,"#matematikk, nøyaktig forskjell",5935,AS10041S10049S20500S26606S26612S2f900S2f900M552x525S10041495x477S10049479x476S20500494x512S26612462x509S26606507x509S2f900541x515S2f900448x514
tall,#matematikk,6103,AS10041S14c0aS2880fS20e00M535x528S14c0a465x505S20e00481x491S2880f489x472S10041514x487
gjentatt addisjon,"pluss-pluss-pluss, #matematikk",6291,AS10012S10018S20600S20500M518x524S10018493x494S10012488x499S20600483x476S20500507x476
avstand,#matematikk,6386,AS15a40S15a48S26606M542x514S15a48458x487S15a40530x487S26606492x496
avstand,"lengde_langs_en_linje, #matematikk, avstand_fra_punkt_til_punkt",7486,AS10040S10048S26706S2f900S2f900M562x522S10048446x492S2f900439x481S26706495x481S10040543x490S2f900551x478
brutto,"#regnskap, #matematikk",7675,AS15a12S15a16S22a00S22a14S2fb06M522x535S15a12478x486S15a16482x503S2fb06516x494S22a00489x466S22a14491x520
identisk,"identisk lik, #matematikk",8329,AS10050S10058S20500S2f900M517x525S10050502x495S10058483x495S20500495x482S2f900495x476
brøk,#matematikk,286,AS10012S10018S26506S21100M531x516S10018485x486S10012501x490S26506482x484S21100469x484
diameter,#matematikk,458,M532x521S10011511x491S16c18469x480S26606478x484
regne,#matematikk,463,AS1eb57S15a08S22f02M523x518S15a08478x483S1eb57504x491S22f02486x487
subtraksjon,"minus, -, #matematikk",494,AS10021S15d0aS26506M525x515S10021495x494S15d0a476x485S26506483x492
multiplikasjon,"*, x, ganget mad, #matematikk",497,AS10050S15d0aS2f900M514x527S15d0a487x473S10050499x486S2f900499x522
divisjon,"dividere, dividelt med, :, #matematikk",534,AS10050S15d0aS22f06M524x520S15d0a497x480S10050506x490S22f06476x487
dividere,"divisjon, dividert med, :, #matematikk",565,AS15d0aS11947S2f900M516x524S15d0a489x477S11947485x488S2f900489x519
kvotient,"#matematikk, divisjons-resultat",599,M529x554S15a18475x446S20500490x447S11502495x459S15a18472x515S22a04486x533S21100486x519S17c10505x512S18510504x539
brøkstrek,#matematikk,630,AS10012S10018S26506S20e00S10012S26706M574x518S10018442x488S10012456x491S26506439x486S26706498x483S20e00427x484S10012544x492
teller,#matematikk,716,AS1f240S1000aM524x518S1000a477x503S1f240494x482
nevner,#matematikk,849,AS11950S1000aM520x516S1000a480x484S11950498x490
deler,#matematikk,850,AS15c11S22b03M523x522S15c11503x479S22b03478x498
desimal,"desimalkomma, komma, #matematikk",853,AS10a10S2df09M511x530S10a10493x470S2df09490x506
desimaltall,#matematikk,854,AS10a10S2df09S14c00S22520S26506M551x536S10a10452x476S2df09449x512S14c00507x480S22520502x465S26506536x487
spiss vinkel,#matematikk,942,AS1ee10S26506S1f410S10011S1dc29S21100S23b0bM541x547S10011519x517S23b0b489x518S1dc29466x515S21100503x508S26506491x462S1f410512x464S1ee10460x453
normal,"#matematikk, 90 grader ned på",977,M514x530S15a36487x518S15a40492x470S22a04491x500
anorexia nevrosa,"#medisin, #sammensatt tegn, spisevegring",1572,M634x556S33b00441x488S20600448x524S1eb00455x537S30304517x476S35000517x487S36d21517x522S2d526548x529S15a20622x514S15a20604x521S26527617x494S2f900619x486
autisme,"autist, #medisin",1614,AS15a00S2d600S2ff00M538x518S2ff00482x483S15a00526x487S2d600486x491
blodprøve,"#naturfag, #medisin",1979,AS14c03S21100S22b03S10e30S15a16S22b04M530x574S21100492x450S14c03503x426S22b03471x463S22b04478x509S15a16474x546S10e30478x544
afasi,#medisin,2016,AS16d12S22b04S2ff00M518x536S2ff00482x483S22b04493x506S16d12491x486
abort,"ufrivillig abort, miste fosteret, #medisin",2653,AS20312S18238S22a04S15213S36d00M521x549S15213489x523S18238478x482S36d00479x452S20312494x492S22a04495x512
afasi,#medisin,2659,AS15a02S22b04S2ff00M518x534S2ff00482x483S22b04492x504S15a02485x491
abort,"provosert abort, fjerne fosteret, #medisin",2698,AS17110S18218S28805S17113S36d00S36d00M535x542S36d00479x480S18218478x489S17110493x498S28805497x522S17113521x519S36d00479x459
afasi,#medisin,2770,AS17112S22b04S2ff00M518x535S2ff00482x483S17112490x488S22b04495x505
autisme,#medisin,4687,AS15d40S15d48S26902S26916S34c00S34410S2ff10M555x541S34c00481x472S34410496x514S2ff10483x499S15d40536x489S15d48442x491S26902526x525S26916455x523
abort,"frivillig abort, fjerne foster fra magen, #medisin",4828,AS14c02S26507S20e00S20300S36d00S36d00M550x536S14c02484x505S36d00481x465S26507531x498S20300535x477S36d00478x532S20e00519x508
antigen,"#medisin, #sammensatt tegn",6607,AS15a42S15a48S2f900S1ef10S2f900M522x557S15a48479x449S15a42488x456S1ef10493x542S2f900495x443S2f900479x547
antistoffer,#medisin,6608,AS15a48S15a42S20500S2f900S17746S1774eS26606S26612S21200S21200S22110S22110M546x568S15a48480x450S15a42495x454S20500492x441S2f900492x433S17746499x548S1774e481x548S21200506x519S21200468x520S26606516x529S26612455x529S22110507x511S22110470x511
autisme,"autist, flau, skjule-ansiktet, #medisin",7192,AS15a00S2df00S2ff00M518x542S2ff00482x483S15a00494x488S2df00489x521
bedøvelse,"narkose, bedøve, #medisin",7545,AS15300S2ff00M518x518S2ff00482x483S15300494x492
bronse,"#metall, #verksted",2277,AS20302S15a16S21100S10031S10039S20b00M521x549S15a16480x468S20302483x452S21100505x458S20b00508x514S10031490x519S10039479x519
bly,"#naturfag, #metall",7781,AS20350S20350S2a200S2a218S2f900S2fb04M530x532S2f900493x469S20350512x483S20350472x483S2a200507x502S2a218470x501S2fb04492x526
bison,#naturfag,1067,AS19220S19228S2ff00M529x518S19220508x474S19228470x475S2ff00482x483
beite,"et beite, #naturfag, eng",1725,AS14c08S14c00S26620M532x525S14c00509x493S14c08468x494S26620492x476
bitt,"ormebitt, #naturfag",1822,AS12202S20b00S37900S36d00M521x530S36d00479x470S12202474x484S37900480x474S20b00474x517
bølger,#naturfag,2285,AS15a50S29906S29906M544x514S15a50456x487S29906474x494S29906512x495
bølge,"bølger, #naturfag",3005,AS15a50S29906M525x514S15a50476x487S29906493x493
damp,"#naturfag, dampe",3040,AS15030S15038S22520S22520S2950fS29517M535x538S15030509x507S15038467x507S22520503x491S22520466x492S29517471x463S2950f504x462
delfin,#naturfag,3051,AS10042S15a56S29902S2ff20M529x518S2ff20476x483S15a56468x470S29902464x451S10042499x451
atmosfære,#naturfag,4682,AS18110S18118S28b0bS28b13S2ff00S22c32M567x518S2ff00482x483S18110555x475S28b13454x471S28b0b513x472S22c32486x471S18118439x467
anatomi,"biologi, #naturfag",4954,AS14c02S14c0aS21100S21100S22b04S22b14M539x534S14c02508x466S14c0a462x466S22b04520x504S22b14461x502S21100521x491S21100464x488
tare,"#naturfag, #sjøplante",5496,AS14c10S15a56S37900S28803S2880bS28803S2880bS2f800M540x547S37900500x497S15a56489x535S14c10488x473S28803481x514S2880b498x514S28803460x484S2880b520x484S2f800480x453
blåbær,"#naturfag, #sammensatt tegn",6451,AS14c21S2890aS36d00S17710S1000aS20700S2c300M555x563S36d00479x473S2c300529x520S2890a500x438S1000a472x531S17710502x524S20700494x548S14c21475x441
tang,"#naturfag, #sjøplante",6549,AS17740S17748S29b07S22100S22104S22100S22104M534x534S17740485x508S17748467x519S29b07506x469S22100488x496S22104492x486S22100497x475S22104504x466
biosfæren,#naturfag,6626,AS14c10S14c18S25100S25110S1ed11S28a0aM537x578S14c10514x463S14c18478x463S1ed11464x553S28a0a492x542S25100517x425S25110482x422
biocider,"miljøgifter, #naturfag",6627,AS14c12S2e706S1f510S20500S36a00M518x549S14c12480x392S2e706487x420S36a00482x477S20500494x521S1f510491x534
damp,#naturfag,6648,AS14c30S14c38S29608S29610M531x535S14c30507x504S14c38470x502S29608513x466S29610475x465
driv-hus-effekt,#naturfag,6657,AS20350S20350S2d220S15a10S15a18S23904S2391cS17712S15a16S22a00S14c04M528x621S2d220488x391S20350473x380S20350510x380S14c04493x533S15a10514x478S15a18478x477S23904508x444S2391c476x445S22a00498x569S15a16489x609S17712496x587
bitt,"ormebitt, slangebitt, huggormbitt, bite, #naturfag",7731,AS11811S22104S2f710M513x523S2f710494x477S22104493x487S11811488x498
blåbær,"#naturfag, #sammensatt tegn",7791,AS15a27S2890aS2ff00S17710S1000aS20700S2c300M555x592S2c300529x551S15a27525x473S2890a500x466S17710504x556S1000a474x563S20700495x577S2ff00482x483
blad,#naturfag,145,AS1eb10S10019S22100S1ee10S26806S22104S1eb10S2f900M561x530S10019440x492S1eb10466x484S26806493x503S22104533x471S22100463x473S1ee10500x480S1eb10537x482S2f900442x525
drivhusgass,"#sammensatt tegn, #naturfag, #sammensatttegn",1275,AS20350S20350S2d220S2f900S15c13S15c1bS22a05S22a13S15300S26500S2ff00M531x538S2d220483x367S20350511x359S20350464x359S2f900492x395S15c13499x420S15c1b477x421S22a05518x439S22a13466x439S2ff00482x483S15300514x513S26500494x505
Bjørg,"Berit, #navn",195,AS1f720S22a04S21100S30006M539x549S30006482x482S22a04513x534S21100514x517S1f720519x494
Otto,"befolkning, #navn",223,AS18210S26a02S20e00S30004M531x543S26a02473x516S18210508x524S20e00492x520S30004482x482
Asle,#navn,403,AS1fa11S30007S21100M537x517S30007482x482S21100524x488S1fa11513x468
Bjørn,#navn,442,AS15011S22a05S21100S37803S37700M525x527S37700475x472S37803476x497S15011486x488S21100474x512S22a05512x513
Bjørn,#navn,490,AS15050S15058S26504S26514S2fd04M532x538S15058468x463S15050506x473S26514473x506S26504513x517S2fd04485x532
bjørn,"bamse, Bjørn, #navn",757,AS15050S15058S26a04S26a14S2fd04M539x533S15050509x466S15058460x467S26a04512x512S26a14461x511S2fd04488x527
Albert,#navn,1133,AS1fa10S20600S2ff00M542x521S2ff00482x482S20600520x492S1fa10517x506
Ingvild,#navn,1393,AS19220S2df00S15a02S22a04S21100M530x527S19220509x473S2df00502x498S15a02470x478S21100478x495S22a04479x512
Bjarte,"Bjarne, #navn",1534,AS15050S15058S26504S26514S2fd04M532x538S15058468x463S15050506x473S26514473x506S26504513x517S2fd04485x532
Asle,#navn,1588,M541x518S30007482x483S20311509x470S21100528x486
Anne,#navn,1858,AS11510S26a00S20f00S33100M546x534S26a00519x481S11510493x504S20f00519x497S33100482x483
Arne,#navn,1993,AS20311S21100S30007M539x518S30007482x483S20311511x470S21100526x487
Anne,#navn,2666,AS1c500S33200M536x518S33200482x483S1c500506x488
Anne,#navn,2669,AS11901S20f00S22f04S33100M526x551S22f04489x537S33100482x483S20f00489x525S11901498x497
Arve,#navn,3014,AS15030S26504M513x526S15030487x475S26504492x511
Val,"Valerie Sutton, #navn, #person",4800,M518x598S15a06483x526S10e20494x540S29b0b482x563S33e00482x483S30a00482x483
Saussure,"#navn, #person",4821,AS10e1eS15a1aS37806S26a02S22714S1ed06S22a04S34200M550x561S10e1e500x427S15a1a523x450S37806492x451S22714493x410S26a02477x420S34200482x483S1ed06491x518S22a04491x546
Sokrates,"#navn, #person",4822,AS15300S26500S21b00S21600S33200S2fb00M546x518S33200482x483S15300523x492S26500532x472S21b00520x482S21600520x468S2fb00525x456
Aristoteles,"#navn, #person",4824,AS15a40S15a3aS26a00S20f00M514x532S15a3a487x491S15a40497x469S26a00486x505S20f00486x520
Terje,#navn,5472,AS1f540S20e00S26500S34a00M532x545S1f540493x521S20e00518x520S26500518x504S34a00482x483
Odd,#navn,6405,AS18210S26602S21100S2ff00M545x523S2ff00482x483S21100504x503S26602473x503S18210522x508
Amund,#navn,7054,AS1ed10S20500S20500S30004M522x547S30004482x483S20500509x516S20500482x517S1ed10496x528
Dag,#navn,360,AS15a02S15a06S28a09S28a11S15a00S15a00M542x528S15a02494x516S15a06479x516S28a11473x480S28a09499x480S15a00530x472S15a00459x472
Dag,#navn,380,AS15a02S15a06S28a09S28a11S15a00S15a00S2ff00M541x543S15a02493x531S15a06478x531S28a11472x495S28a09498x495S15a00529x487S15a00458x487S2ff00482x483
Sverre,#navn,426,AS15011S22f04S21200S2ff00M557x518S22f04530x487S21200529x471S15011503x480S2ff00482x483
Sverre,#navn,427,M532x534S17d11478x494S22f07507x466S37806468x520S2fb01488x468S15a1a505x516S20e00501x481S22105477x485S20800479x524
"der er det, til høyre","der-h, #NTS",73,AS10047S2f900S32407M549x554S32407482x482S10047519x524S2f900523x549
bryn-hv,#NTS,249,AS30c00M518x517S30c00482x482
du,"den-der-framme, pek-fram, #NTS",569,AS10040S26500M511x528S10040490x498S26500497x472
"der, til høyre",#NTS,593,AS10047S2f900S32407M543x559S32407482x482S10047513x526S2f900518x554
"der, til venstre!","det er der, til venstre, #NTS",644,AS10041S2f900S32401M518x568S10041496x528S2f900502x563S32401482x482
"der, til venstre",#NTS,645,AS10041S32401M518x558S10041496x528S32401482x482
de-tre,"de-tre-der til h, #NTS",767,AS11e00S26a02S32407M551x574S11e00528x510S32407482x482S26a02529x547
de-3,#NTS,775,AS11e00S26a02S32405M553x571S11e00530x506S32405482x482S26a02531x544
de-tre-v,#NTS,791,AS11e00S26a02S32401M522x571S11e00499x534S32401482x482S26a02478x544
dit-v,#NTS,817,AS10041S26601S32401M518x557S32401482x482S10041476x527S26601449x514
dengang,"på den tiden, #NTS",868,AS15a00S26604S32406S30106S37403M551x552S32406490x488S37403474x525S15a00537x492S26604535x522S30106490x477
der-v,#NTS,889,AS1002eS26a12S32401S36d03M521x582S32401482x482S36d03479x519S1002e442x529S26a12458x555
dra mot høyre,#NTS,904,AS10612S1062aS26626S20700S2f900S32405M560x572S10612493x557S1062a477x547S20700498x534S26626530x552S2f900532x567S32405482x482
der-ute,#NTS,937,AS15d20S2c300S32400M584x526S15d20528x489S2c300558x503S32400482x483
dere-små,#NTS,976,AS10041S2d608S32103S32104S32105M550x566S10041462x536S2d608484x526S32103450x483S32104482x482S32105514x482
der-borte-v,"der borte til venstre, #NTS",982,AS10041S26a01S32402M518x560S10041468x530S26a01444x507S32402482x483
døv-du?,"er du døv?, #NTS",1249,AS11510S33010S20500S30a00S35d00S30300S10040S30a00S36500S31400S30300M530x560S33010479x460S11510515x473S20500519x452S35d00479x460S30a00479x460S30300481x504S31400481x515S10040514x530S30300479x449S36520494x537
døv-du??,"er du virkelig døv?, er DU døv?, #NTS",1250,AS11510S33010S20500S30c00S35d00S30304S10040S30c00S36500S30304M530x572S33010479x456S11510515x469S20500519x448S36500480x520S10040514x542S30c00480x520S30300479x445S30300480x509S30c00479x456S35d00479x456
vi-tre,"vi-3, dere-to-og-jeg, #NTS",1352,AS11e30S2e732S34700M518x579S34700482x482S11e30490x525S2e732488x563
dere-to,#NTS,1353,AS10e38S27106M507x539S10e38492x461S27106492x499
de-to,#NTS,1354,AS10e3fS27107M529x526S10e3f471x474S27107502x500
dengang,"før, lenge-siden, #NTS",1412,AS15a00S26604S37403S32406M551x546S32406490x482S37403474x519S15a00537x486S26604535x516
det-var-engang,"det-var-ein-gong, #NTS",1428,AS15a01S26504S32a10S31400M541x529S32a10482x482S31400482x483S26504513x514S15a01518x497
dag-der-ute,#NTS,1464,AS14c02S14c0aS28909S28911S14c00S14c08S32101M566x561S28909523x509S14c02500x538S14c0a473x535S14c00543x483S14c08435x481S28911453x509S32101482x483
BAM!!!,"raskt, pluttselig, på et øyeblikk, pang!, umiddelbart, #NTS",1474,AS10040S23100S2f730S2f900S15a48S33b00S22200S2ff10S34c10S22204S2ff10S35310S2f730M542x609S33b00481x459S2ff10481x489S2ff10483x512S34c10497x501S35310495x528S15a48486x561S10050504x559S23100500x591S2f900530x604S2f730530x583S2f730526x498S22200522x483S22204525x529
bam!,"#tmfok, øyeblikkelig, plutselig, #NTS",1711,AS10040S15a48S23100S2f730S2f900S34c00S36810S36814S2f730S35310S2ff10M539x599S2f730524x572S34c00477x470S2ff10477x501S2f730527x496S35310489x517S15a48480x550S10040498x548S23100494x580S2f900524x594S36810516x489S36814516x509
bam!!,"paff!!, #tmfok, #NTS",1953,AS10040S15a48S23100S2f730S2f900S33b00S36810S36814M532x585S33b00472x483S10040493x536S2f900520x549S23100489x568S2f730520x527S15a48475x538S36810511x500S36814521x505
bli_dummere_og_dummere,#NTS,1972,AS1dc57S26503S1f447S2ff00M551x520S26503519x479S1dc57528x452S2ff00482x483S1f447517x490
den-der,"eksister, finnes, der-er, #NTS, den/ det befinner seg der",3062,AS15a50S22104S2f710S22a04S2f900S10050M514x547S10050490x517S2f900487x510S22a04486x493S2f710502x497S22104487x484S15a50487x453
SKYLD,"fordi, skyldes, #NTS",5168,AS1dc50S22a04S2f900M512x530S1dc50488x471S22a04498x505S2f900494x525
diskriminering,"undertrykking, avvisning, #NTS, #samfunnsfag",7917,AS15a12S22a05S2f900M522x514S15a12478x487S22a05506x500S2f900511x492
dra,"dra bort, forflytte seg, #NTS",7930,AS1dc20S26607S1f410S33500S33b10M558x564S1dc20480x534S26607509x527S1f410529x514S33500476x483S33b10494x504
vi-3-h-men-ikke-du-v,#NTS,408,M548x570S2e732523x554S11e30525x516S2ff00482x483
gave til meg,"gi til meg, fra andre til meg, jeg tar imot noe, #NTS",1355,AS14d10S14d18S26504S26514M542x520S14d10512x481S14d18459x482S26504517x505S26514470x504
gave fra meg til deg,"jeg gir til deg, jeg leverer til deg, #NTS",1356,AS14d10S14d18S26500S26510M543x521S14d10513x503S14d18458x502S26500519x481S26510470x479
gi,"#NTS, gi-til-meg",1357,AS14c31S26504M513x524S14c31487x476S26504494x509
gi,#NTS,1358,AS14c01S26507M522x522S14c01478x495S26507509x479
gi,#NTS,1359,M517x527S14c01491x500S2d508484x488S2d508483x473
gi,#NTS,1411,AS14c01S26502S26501S26500S26507S26502S26501S26500S26507M550x549S14c01498x522S26502466x528S26501480x504S26500505x484S26507530x500S26502451x510S26501464x484S26500506x451S26507537x478
besøk,"besøke, besøke, jeg besøker, #NTSgramatikk",138,AS15a40S15a0aS2b701S21100M522x524S15a0a495x493S15a40498x497S21100479x505S2b701482x477
besøk,"besøke-meg, #NTSgramatikk",1753,AS15a44S15a4aS26504S21100M514x533S15a4a487x488S15a44489x468S21100488x504S26504488x518
besøk,"besøke, besøk fra meg, #retningsbøyd, #NTSgramatikk, #verb/substantiv",1754,AS15a40S15a0aS26500S21100M514x532S15a0a487x513S15a40494x505S21100494x485S26500493x469
besøk,"besøke_ham, #NTSgramatikk, #retningsbøyd",4941,AS15a41S15a49S26501S21100M528x524S15a49505x495S15a41499x501S21100486x486S26501472x476
besøk-til-meg,"besøk, besøke, #NTSgramatikk, #retningsbøyd",7432,AS18202S15a0aS21100S26504M514x530S15a0a487x480S26504495x515S21100497x502S18202493x470
Lisy,#person,127,AS20311S2ff02M522x518S2ff02478x483S20311489x494
"Augustus, keiser",#person,859,AS1f700S20c00S36d00M565x514S36d00479x486S1f700505x499S20c00537x498
gå - sakte aksjon,"#sammensatt tegn, #politikk, #samfunnsfag",469,AS10e04S26500S10000S26706S2f800S20300S20300S2d220M533x592S10e04477x432S10000468x496S26706491x508S2f800492x495S20300471x553S20300502x554S2d220481x569S26500479x409
gå - sakte aksjon,"#sammensatt tegn, #politikk, #samfunnsfag",498,AS10e04S26500S1f502S21100S26606S2f800S20300S20302S2d220M531x598S10e04499x421S26500498x402S21100486x493S1f502470x491S26606501x493S2f800489x476S20300514x563S20302480x562S2d220490x575
demonstrasjon,#politikk,3060,AS20340S15a06S26f00S20c10S2f900M523x534S15a06485x467S20c10477x482S26f00479x500S20340492x519S2f900512x523
diktatur,"#samfunnsfag, #politikk",3087,AS10010S2f900S26600S35000S20300S20500S2d508S20500M529x630S35000482x483S10010487x534S26600513x525S2f900514x558S20300486x615S20500484x600S20500518x599S2d508494x586
diktator,"#samfunnsfag, #politikk",7913,AS10010S26600S2f900S35000S1ec16S22a04M529x622S35000482x483S10010489x523S26600513x517S2f900515x554S1ec16496x578S22a04495x607
budsjett,#regnskap,2994,AS14c11S15a18S22b04S21100S18517M526x546S15a18474x464S14c11492x455S21100490x478S22b04489x497S18517507x519
debet 1,"#økonomi, #regnskap",7886,AS14c20S14c28S22120S22120S22b04S22b14S2fb04S26612M542x543S14c20519x470S14c28481x470S22b04522x504S22b14485x504S22120518x457S22120479x458S2fb04504x537S26612459x527
debet 2,"#regnskap, #økonomi",7887,AS14c28S22120S22b14S26612M524x541S14c28500x469S22b14504x503S22120502x459S26612476x525
muslim,"islam, #religion, #religiøst",22,AS15a30S15a30S22b04S22b14S30104S37100S37108S2fb04M557x632S15a30450x561S15a30542x561S30104484x477S37100479x533S22b04541x602S22b14448x599S2fb04490x626S37108470x533
buddhist,"buddhisme, #religion",124,AS15a10S15a18S20500S22a24S30104S36f04M527x611S15a10497x545S15a18483x545S20500492x576S36f04473x529S30104477x477S22a24490x596
profet,"HØRE-FRA-GUD-SI, #religion",1256,AS10020S2c700S20e00S33010S34400M554x518S10020539x467S33010479x483S20e00503x496S2c700516x476S34400479x483
profet,"SKJEGG-LANGT, #religion",1257,AS14c02S22b04S22522S2ff00M520x578S2ff00482x482S22522476x516S22b04492x548S14c02489x520
meditasjon,"meditere, TM, trancedental meditasjon, #religion",1532,AS1ce30S1ce38S22f04S22f14S2f804M559x528S1ce30532x472S1ce38442x474S22f04534x510S22f14440x511S2f804479x517
biskop,#religion,1810,AS11502S22c04S21100S22b06S21100M540x530S11502510x495S21100480x471S21100460x491S22c04479x488S22b06476x491
bud,#religion,2991,AS10010S26500S2f900S33b00M531x548S33b00482x483S10010500x518S2f900517x526S26500517x510
buddhisme,#religion,2993,AS20352S20356S37703S3770bS37716S37716M529x517S20352480x484S20356509x484S37703494x491S3770b487x491S37716504x512S37716471x512
døpe,#religion,3310,AS17112S15a06S2c405S2f800S37706M538x529S15a06486x517S37706463x523S17112470x493S2c405499x486S2f800497x472
døpefont,"#religion, #sammensatt tegn",3311,AS17112S15a06S2c405S2f800S37706S1000cS10004S2d60aS2d612M546x571S15a06479x473S37706454x478S17112469x450S2c405498x443S2f800496x429S2d60a523x551S10004520x517S1000c473x518S2d612469x551
be til Gud,"#religion, bønn",7540,AS15340S15348S20700M518x522S15340503x497S15348482x496S20700493x478
biskop,#religion,7722,AS11502S22c04S21100S22b06S21100S35000M554x594S11502524x559S21100494x535S21100474x555S22c04493x552S22b06490x555S35000482x483
bispedømme,#religion,7724,AS11502S22b04S21100S22b06S21100S15a12S2e73eM540x558S2e93e467x541S21100481x442S21100461x463S22b04480x459S22b06475x463S11502510x468S15a12472x525
bud,#religion,7856,AS10010S25d04S2f900S33b00M521x576S33b00482x483S10010491x522S25d04493x556S2f900510x561
buddhisme,"buddhist, #religion",7857,AS15a10S20500M506x521S20500495x479S15a10494x494
profet,#religion,110,AS15a02S22b04S17610S2ff00M518x576S2ff00482x483S22b04493x525S15a02488x510S17610493x560
muslim,"#religion, #religiøst",142,AS1811eS18116S22a14S30104S37108S37100M530x602S37108471x528S18116486x573S30104483x477S37100480x528S22a14494x587S1811e487x565
buddhist,"buddhisme, #religion",302,AS1ce38S1ce30S22b04S22b14S2f804M557x534S1ce30535x466S1ce38445x468S2f804482x511S22b04540x502S22b14444x504
from,"andakt, #religiøst",116,AS15a10S15a18S30104M518x557S15a10500x530S15a18487x530S30104482x477
avlat,#religiøst,1633,AS1851cS15a16S22a04S2df00S2df18S19a50S19a58M532x556S15a16486x474S1851c496x456S19a58469x536S22a04495x444S19a50504x536S2df00507x506S2df18473x508
alminnelig,"for alle, #religiøst",2092,AS17147S1714fS2d600S2d618S20300S20300S20500M568x520S20500506x502S20300496x481S20300487x500S2d600520x488S2d618454x489S17147552x500S1714f433x497
amen,#religiøst,2118,AS20300S20300S22a04S20500S2f800M519x537S2f800481x463S22a04493x473S20500495x491S20300492x506S20300486x522
andakt,#religiøst,2775,AS15a10S15a18S26a20M514x524S15a10501x497S15a18488x497S26a20487x477
diakon,"diakonisse, #religiøst",3076,AS11500S2330aS21100S36d00M521x548S36d00479x452S2330a477x462S21100482x497S11500478x518
amen,"#religiøst, sant, sikkert, virkelig",7049,AS20300S20300S22a04S20500M511x534S20300490x519S20300496x500S20500499x485S22a04498x466
besøk,"besøk til meg, få_besøk, du_besøker_meg, besøke, #retningsbøyd",6417,AS15a44S15a06S26504S21100M514x532S15a06487x475S15a44492x468S21100492x501S26504492x517
befolkning,"populasjon, #samfunnsfag",115,AS15a20S22a04S21100S2ff00M525x546S15a20511x484S2ff00482x482S21100511x514S22a04512x531
befolkning,"populasjon, #samfunnsfag",479,AS15a50S22a04S26706S22a04M535x518S15a50465x482S26706493x486S22a04490x503S22a04508x503
befolkning,#samfunnsfag,7550,AS15a50S23404S26706M532x518S15a50469x482S26706490x489S23404485x504
ansatt person,#sammensatt tegn,906,AS20302S15a16S22a04S20500S1ed56S22a04M533x540S15a16468x512S20302472x495S20500474x479S22a04473x459S1ed56514x491S22a04515x525
drivhus,#sammensatt tegn,2317,AS20350S20350S2d220S2f900S15c13S15c1bS22a05S22a13M534x547S2d220486x461S20350514x453S20350467x453S2f900495x489S15c13502x514S15c1b480x515S22a05521x533S22a13469x533
aksjeselskap,"#økonomi, #sammensatt tegn",2739,AS10041S10049S20f01S26a05S20301S20309S2e50cS2e514M528x569S10049477x451S10041507x469S26a05492x444S20f01479x432S20301496x517S20309473x516S2e50c496x542S2e514472x541
buekorps,#sammensatt tegn,2996,AS1f017S1f01fS2880bS28813S20300S20300S20602S36d00S14c04S14c0cS26a20M537x605S1f017503x408S1f01f474x405S28813466x397S2880b508x396S26a20492x566S14c0c470x541S14c04473x574S36d00479x471S20300506x482S20300508x499S20602527x487
bestemor,#sammensatt tegn,4942,AS20310S2a540S37800S2ff00S10011S33100M543x563S2ff00485x451S20310525x475S2a540524x496S37800533x491S33100480x514S10011500x533
aksjeselskap,"#økonomi, #sammensatt tegn",6305,AS15a40S15a36S26604S26604S21200S1ed40S1ed48M527x566S21200485x464S15a40493x435S15a36486x481S26604497x479S26604483x479S1ed40501x547S1ed48474x547
aksjeutbytte,"#økonomi, #sammensatt tegn",6306,AS15a40S15a36S26604S21100S16f41S15a36S28c0eS20e00S20340M525x579S21100499x449S15a40500x421S15a36493x466S26604497x464S20340476x519S28c0e487x536S16f41505x515S15a36493x567S20e00496x558
disakkarider,"kjemi, #sammensatt tegn",6654,AS11500S2df00S1ea40S26b02M512x579S11500493x421S2df00490x456S1ea40489x526S26b02494x552
cruiseskip,#sammnesatt tegn,3030,AS15a40S2d60eS20b00S36d00S15a41S15a49S26520M550x559S36d00479x441S15a40522x461S20b00509x489S2d60e528x485S26520484x515S15a41492x535S15a49467x536
alpin,"alpint, #sport",2716,AS11951S22d03S2a543M536x524S11951505x477S22d03464x487S2a543477x489
fotball,#sport,2795,AS20314S15a48S22e01S20b00S3770bM539x522S15a48462x487S20314512x499S22e01490x503S20b00475x493S3770b517x479
vollyball,#sport,2796,AS11e10S11e18S23000S23010S2ff00M587x518S11e10531x466S11e18449x466S2ff00482x483S23000562x479S23010412x480
terminologi,#språk,5150,AS14c18S14c10S2b731S2e818S14c30S22a04S22d06S22a04S35c00S34a00S33b00S34800S34400S35c00S34400S34800M613x608S14c10474x539S14c18438x528S2e818439x565S22a04544x592S14c30520x538S22d06520x575S22a04518x593S2b731481x577S35c00388x483S35c00522x482S34400547x481S34a00413x483S33b00439x484S34400498x482S34800468x484S34800577x483
hvem-der,#spørsmål,1451,AS11500S20500S30c00S22a05S10037M553x574S20500511x521S11500490x510S10037523x553S30c00482x482S22a05505x543
dør,#substantiv,1450,AS15d02S15d0aS2df08M529x524S15d02490x477S15d0a471x479S2df08508x503
anker,#substantiv,1647,AS17650S17650S28907S2891fM549x516S17650504x500S17650482x500S28907524x485S2891f452x486
klo-hånd ovenfra,#symbol,1440,AS15050M513x515S15050487x484
ikke-samtidig,#symbol,1441,AS2fc04M507x505S2fc04492x494
samtidig bevegelse,#symbol,1442,AS2fb04M507x503S2fb04492x497
i-utakt,#symbol,1443,AS2fd04M511x503S2fd04488x497
1,"én, ett, ei, #tall",672,AS10000S2f900M507x521S10000492x479S2f900493x516
en,"et, ei, 1, #tall, #TSS gramatikk",673,AS10000M507x515S10000492x485
2,"to, #tall",674,AS10e00M507x515S10e00492x485
7,"sju, syv, #tall",682,AS1dc01M511x515S1dc01488x485
10,"ti, #tall",686,AS10002S22e03M528x514S10002472x499S22e03509x486
10,"ti, #tall",687,AS14c00S14c08M525x515S14c08474x484S14c00502x484
10,"ti, #tall",688,AS10002S26506S21600M515x517S10002485x502S21600486x486S26506498x483
10,"ti, #tall",689,AS10602S26506S21600M527x510S26506512x496S21600472x491S10602484x491
11,"elleve, #tall",691,AS1f540S2a308M511x532S1f540492x468S2a308488x496
12,"tolv, #tall",692,AS10e50S22e04M508x526S10e50493x474S22e04491x508
11,"elleve, #tall",693,AS10050S22e04M508x527S10050492x472S22e04491x509
13,"tretten, #tall",694,AS18650S22e04M509x528S18650491x473S22e04491x510
tretten,"13, #tall",695,AS11e50S22e04S34a00M532x574S11e50508x523S22e04515x556S34a00482x483
18,"atten, #tall",696,AS11e50S22e04S34c00M518x576S11e50487x525S22e04494x558S34c00482x483
18,"atten, #tall",697,AS11e50S22e04M511x527S11e50488x474S22e04494x509
19,"nitten, #tall",698,AS14410S2a204M519x529S14410481x471S2a204496x501
19,"nitten, #tall",699,AS14410S2a204S33200M546x574S14410508x516S2a204523x546S33200482x482
14,"fjorten, #tall",700,AS14450S22e04M511x527S14450489x473S22e04489x509
15,"femten, #tall",701,AS14c50S22e04M512x528S14c50488x473S22e04492x510
16,"seksten, #tall",702,AS1f540S22e04M508x524S1f540491x476S22e04491x506
17,"sytten, #tall",703,AS1dc50S22e04M513x526S1dc50488x474S22e04496x508
100,"ett-hundre, #tall",728,AS10000S17610S22a04M508x539S10000492x460S17610492x504S22a04493x524
null,#tall,893,AS17610M508x508S17610492x492
10,"ti, #tall",912,AS10002S22e04M527x509S10002473x492S22e04510x491
100,"ett hundre (2), #tall",948,AS10050S26500M508x523S10050492x493S26500494x477
1000 000 000,"en milliard, #tall",950,AS10000S17610S24b08M527x524S10000474x493S17610507x508S24b08505x476
13,"tretten, #tall",1137,AS11e50S22e04M512x526S11e50488x475S22e04495x508
18,"atten, #tall",1138,AS11e50S14c58S22e04M533x526S11e50509x475S22e04516x508S14c58467x479
12,"tolv, #tall",1146,AS1eb41S1dc01M526x515S1dc01503x485S1eb41473x496
12,"tolv, #tall",1147,AS1dc41S21b00S21b00M520x519S21b00512x489S1dc41489x489S21b00480x481
2.,"andre, annen, #tall",1341,AS10e00S2f304M511x523S2f304489x513S10e00492x477
11.,"ellevte, #tall",1348,AS10050S22e04S2f900M508x531S10050492x468S22e04491x505S2f900494x526
12.,"tolvte, #tall",1349,AS10e50S22e04S2f900M508x530S10e50493x471S22e04491x505S2f900494x525
15,"femten, #tall",2003,AS14c50S22f04M513x526S14c50489x475S22f04488x512
16,"seksten, #tall",2004,AS1f550S22f04M515x518S1f550485x482S22f04490x504
17,"sytten, #tall",2005,AS1dc50S22f04M515x524S1dc50486x476S22f04490x510
19,"nitten, #tall",2007,AS18e50S22f04M513x525S18e50488x476S22f04488x511
1000 000,"en million, #tall",2450,AS10000S17610S22b00M525x524S10000475x494S17610509x508S22b00509x476
1000 000,"en million, #tall",2451,AS14c20S29904S36d00M543x533S36d00479x522S29904525x501S14c20520x467
1000,"ett tusen, #tall",2452,AS10000S26506S17610M529x516S10000471x485S17610513x500S26506490x501
million,#tall,2652,AS14c20S29904S2ff00M540x534S14c20517x468S29904522x502S2ff00482x483
12,"tolv, #tall",2875,M558x551S1dc10512x509S34900482x483S2c301532x528
1000 000 000,"en milliard, #tall",4934,AS10000S17610S24b08M511x561S10000492x440S17610490x545S24b08489x515
1000 000,"en million, #tall",6152,AS10000S17610S22b00M509x557S10000491x444S17610493x541S22b00493x508
1000,"ett tusen, #tall",6153,AS10000S26506S17610M529x516S10000471x484S17610513x500S26506492x500
akt,#teater,2056,AS15a02S15a0aS22a04S20500M516x529S15a0a489x517S22a04495x486S15a02484x471S20500496x504
Dagsrevyen,#TV,1360,AS15410S15418S2df07S2df13M522x533S15418477x468S15410506x468S2df07502x509S2df13482x508
Adidas,#varemerke,2674,AS11e03S15a0aS21100S22a07M520x522S11e03490x494S22a07489x479S21100480x490S15a0a481x510
Renault,#varemerke,2675,AS11521S11529S23b03S23b1bS11521S11529M536x533S11521497x468S11529477x469S23b03518x492S23b1b465x492S11521496x507S11529478x508
løpe,#verb,1448,AS10e04S15d39S26a07S2f700M525x531S10e04481x480S15d39475x508S26a07502x468S2f700513x497
tegne,"tegne-med-blyant, #verb",1454,AS1eb10S29b04M512x531S1eb10487x469S29b04494x492
ake,#verb,2030,AS11812S15a48S20800S26720M519x546S15a48495x519S11812492x501S20800481x514S26720494x454
arrestere,#verb,2988,AS16d12S26603S20800S3780aS36d00M521x519S36d00479x481S3780a466x482S16d12459x491S20800474x509S26603485x488
arrangere,#verb,3588,AS20350S20350S2d220S35510S33500M531x565S20350516x532S20350478x532S2d220492x542S33500476x483S35510493x507
ape-etter,#verb,7308,AS17111S20600S26a00S2c300S33200M573x563S33200482x483S2c300529x498S20600523x532S26a00520x549S17111553x493
bolt,"stang, #verksted",7649,AS17650S17650S26606S26612M551x509S17650502x492S17650483x492S26612449x493S26606521x493
byge,"regnbyge, #vær",7861,AS14c50S14c58S22b25S2f900M545x535S14c50488x482S14c58456x466S22b25515x511S2f900534x507
aksept,#økonomi,2047,AS10e02S21100S26506S22b04S2f710S15a30S36d00M570x543S10e02463x471S21100500x472S26506521x472S36d00479x458S15a30541x516S22b04540x478S2f710558x486
aktiva,#økonomi,2058,AS1f502S20c00S36d00M521x530S36d00479x471S1f502492x488S20c00486x517
aksje,#økonomi,2736,AS10041S10049S20f01S26a05M526x534S10049475x486S10041505x504S26a05490x479S20f01477x467
utbytte,"fortjeneste, #økonomi",2741,AS16f41S15a36S28c0eS20e00S20340M525x532S15a36493x520S20e00496x511S28c0e487x489S16f41505x468S20340476x472
bra-du?,"går det bra med deg?, hvordan har du det?, står til?, *NTS",640,AS15d00S26500S10030S30a00S34900M534x548S26500518x522S30a00482x482S34900482x482S10030519x490S15d00494x521
positiv,+,1180,AS10010S1001aM515x515S1001a485x489S10010497x485
-fold,,3529,AS14c12S2e732M516x521S2e732491x505S14c12485x480
analyse,"gjennom, -logi",2136,AS14c40S14c4aS26500S20700M530x534S14c40506x503S26500511x485S20700509x467S14c4a470x466
-logi,,3491,AS14c40S14c0aS26500S20700M529x535S20700508x469S26500510x486S14c40505x504S14c0a471x466
-løsning,,6795,AS14c04S14c08S2ea36S2ea12M531x533S14c08470x502S14c04475x468S2ea36506x479S2ea12503x503
-s (genitiv),"din, du har, du eier",1207,AS15d20S26500S2f900M510x527S15d20489x500S26500496x480S2f900498x472
-s (genitiv),"han/hun/den/det har, han/hun/den/det eier",1262,AS15d20S26501S2f900M515x525S15d20496x498S26501490x484S2f900484x475
0 (number),,1547,M508x508S17610492x492
null grader Celcius,0 C,1264,AS10012S1dc28S23100S21100S2f900M523x525S1dc28477x495S10012491x508S23100497x478S21100481x475S2f900494x500
telle,1-2-3,838,AS10041S11e09S20500S20500S20500M526x530S11e09478x484S10041505x500S20500475x477S20500499x471S20500508x490
1-til-14,fra 1 til 14,1130,AS10001S1f502S20500S26606S14450S22e04M553x526S1f502447x492S20500454x478S10001465x494S26606492x491S14450531x473S22e04531x508
første,"først, for-det-første, 1., first, firstly",1324,AS10041S28808S20e00S11e0bM527x528S11e0b473x491S10041506x498S20e00500x484S28808513x471
1.,"første, first",1340,AS10000S2f304M511x525S10000491x476S2f304489x515
2-kroner,"to-kroner, 2-crowns",1345,AS10e54S26504S31200M518x518S31200482x483S10e54492x451S26504492x431
2-etasje,"annen-etasje, andre-etasje",1318,AS10e02S26606M531x509S10e02468x494S26606501x492
to-timer,"2-timer, 2-hours",1333,AS10e50S2e706S37706S15a1bM523x524S37706477x500S2e706478x477S10e50484x494S15a1b500x497
klokken-2,"klokken-to, 2-o-clock",1328,AS10050S23108S20500S1715bS37706S10e50M523x550S37706481x525S1715b507x524S10050488x520S23108482x486S20500494x508S10e50477x450
klokken-2,"klokken-to, 2-o-clock",1332,AS10e50S23108S20500S1715bS37706S10e50M523x549S37706481x525S1715b507x524S10e50477x450S23108482x486S20500494x508S10e50488x519
klokken-2,2-o-clock,1494,AS10e50S20600S1715bS37706M521x523S37706479x499S1715b505x498S10e50486x493S20600481x478
to-år,"2-år, 2-years",1337,AS10e00S2e700S2ff00M539x551S2e700524x526S2ff00482x482S10e00522x492
2-år-gammel,"to-år-gammel, 2-years-old",1317,AS10e00S22a04S21100S2ff00M526x530S10e00511x500S2ff00482x482S21100502x486S22a04502x501
2-år gammel,,1486,AS10e00S22a04S21100S2ff00M539x531S22a04526x516S2ff00482x482S21100525x497S10e00506x500
andre,"2., for-det-andre",1325,AS10041S28808S20e00S11e0aM530x528S11e0a469x482S10041509x498S20e00503x484S28808516x471
2. grads likning,,1952,M531x564S10058469x518S10050489x517S20600474x553S1e140481x475S23103510x480S11500483x436S2e505505x441
20,"tyve, tjue",704,AS11802S21600M518x509S11802491x494S21600482x491
20,"tyve, tjue",705,AS10e02S11802M535x508S10e02465x493S11802508x492
20,"tjue, tyve",1031,M515x517S11502485x502S22a04492x483
20,"tjue, tyve",1114,M545x508S11502455x492S11002518x492S26506492x494
20,"tjue, tyve",1284,AS10e02S22e04M527x513S10e02473x488S22e04510x495
20,,2457,M541x509S11502459x492S26506495x493S11002514x494
20,"tjue, tyve",5009,M515x518S11502485x503S22a04492x483
20,"tyve, tjue",5010,M542x509S11502458x491S11002515x494S26506495x492
20,"tjue, tyve",6207,M515x518S11502485x503S22a04491x483
20,"tjue, tyve",6208,M542x508S11502458x492S11002515x493S26506494x492
200,to hundre,717,AS10e40S26500M507x524S10e40492x494S26500493x475
200,to-hundre,730,AS10e00S17610S22a04M508x539S17610492x502S22a04493x524S10e00492x460
200,to hundre,1122,M509x542S11500492x459S17610492x492S22b04493x512
200,to hundre,1134,M508x525S10e50493x495S26500493x475
200,to hundre,2631,M508x542S11500493x459S17610492x493S22b04492x512
200,to hundre,2632,M508x524S10e50493x494S26500494x476
200,to hundre,5011,M509x542S11500494x458S17610493x492S22b04492x512
200,to hundre,6209,M509x542S11500493x458S17610493x492S22b04492x512
2000,to-tusen,731,AS10e00S17610S26606M543x515S17610490x499S10e00457x485S26606513x499
2001,to-tusen-og-en,732,AS10e00S17610S26606S10000M555x516S17610477x497S10e00444x483S26606500x497S10000540x486
2008,,1145,AS10e00S17610S26606S11e00M561x520S10e00439x481S11e00538x480S17610467x503S26606493x504
21,"tjue-en, en-og-tyve",733,AS11802S21600S10000M533x515S10000518x485S11802476x500S21600467x494
21,en - og - tyve,1135,M535x517S10000520x487S11502465x501S22a04476x483
21,"tjueen, tjue-en, en-og-tyve",1265,AS10e02S11802S10000M549x515S10000534x485S11802485x499S10e02450x498
21,"tjuen, en-og-tyve",2633,M533x518S11502468x503S22a04481x482S10000518x488
21,,5012,M540x518S11502460x500S10000525x488S22a04469x482
21,"tjuen, en-og-tyve",6210,M515x543S11502485x475S22a04492x457S10000495x513
22,"tjueto, to-og-tyve",734,AS10e01S22a05S21600S10e00M532x522S10e01468x492S21600477x479S22a05490x490S10e00517x487
22,"tjueto, to - go - tyve",1136,M534x517S11500519x487S11502466x502S22a04471x484
22,"tjueto, to-og-tyve",1266,AS11801S22a05S21600S10e00M534x519S10e00519x489S21600479x481S22a05492x492S11801466x491
22,"tjueto, to-og-tyve",1290,AS11802S21600S10e00M532x515S21600467x494S11802476x500S10e00517x485
22,"tjueto, to-og-tyve",1298,AS10e02S11802S10e00M552x515S10e02448x499S11802483x500S10e00537x485
22,,2634,M526x518S11502474x503S22a04487x482S11500511x488
22,,5013,M535x518S11502465x502S11500520x488S22a04474x483
22,"tjueto, en-og-tyve",6211,M515x548S22a04492x453S11502485x472S11500493x518
23,"tjuetra, tre - og - tyve",1267,M532x517S11502469x502S18700514x488S22a04475x483
23,"tjuetre, tre-og-tyve",1291,AS11802S21600S18600M534x515S21600465x494S11802474x500S18600516x485
23,"tjuetre, tre-og-tyve",1299,AS10e02S11802S18600M552x515S10e02447x499S11802482x500S18600534x485
23,"tjuetre, tre-og-tyve",1300,AS10e02S11802S11e01S34700M518x552S10e02407x535S11802442x536S11e01491x522S34700482x482
23,,2635,M529x519S11502472x502S22a04485x481S18700511x490
23,,5014,M535x517S11502466x500S22a04475x483S18700517x488
23,"tjueto, to-og-tyve",6212,M515x547S11502485x471S22a04492x453S18700492x518
24,"tjuefire, fire-og-tyve, firogtyve",1292,AS11802S21600S14400M536x516S21600463x495S11802472x501S14400514x485
24,"tjuefire, fire-og-tyve, firogtyve",1302,AS10e02S11802S14400M552x516S14400530x485S11802485x501S10e02448x501
25,"tjuefem, fem-og-tyve",737,AS10e01S22a05S21600S14c00M533x522S10e01467x492S21600476x479S22a05489x490S14c00510x481
25,"tjuefem, fem-og-tyve",1269,AS11801S22a05S21600S14c00M533x519S14c00510x484S21600476x482S22a05489x493S11801466x494
25,"tjuefem, fem-og-tyve, femogtyve",1293,AS11802S21600S14c00M537x516S21600462x495S11802471x501S14c00514x484
26,"tjueseks, seks-og-tjue",738,AS10e01S22a05S21600S1f502M534x522S10e01465x492S21600474x479S22a05487x490S1f502519x495
26,"tjueseks, seks-og-tyve",1270,AS11801S22a05S21600S1f502M535x520S1f502520x496S21600475x480S22a05488x491S11801465x492
26,"tjueseks, seks-og-tyve, seksogtyve",1294,AS11802S21600S1f502M534x512S21600466x490S11802475x496S1f502519x488
27,"tjuesju, syv-og-tyve",739,AS10e01S22a05S21600S1dc01M540x522S10e01460x492S21600469x479S22a05482x490S1dc01517x488
27,"tjuesju, syv-og-tyve",1271,AS11801S22a05S21600S1dc01M538x519S1dc01515x485S21600470x480S22a05483x491S11801462x494
27,"tjuesju, syv-og-tyve, syvogtyve",1295,AS11802S21600S1dc01M537x515S21600463x493S11802472x499S1dc01514x485
28,"tjueåtte, åtteogtyve",740,AS10e01S22a05S21600S11e00M541x522S10e01459x492S21600468x479S22a05481x490S11e00518x488
28,"tjueåtte, åtte-og-tyve",1272,AS11801S22a05S21600S11e00M540x519S11e00517x489S21600467x480S22a05480x491S11801459x494
28,"tjueåtte, åtte-og-tyve, åttogtyve",1296,AS11802S21600S11e01M540x515S21600460x493S11802469x499S11e01515x485
28,"tjueåtte, åtte-og-tyve",1301,AS10e02S11802S11e01S34900M518x554S10e02403x537S11802438x538S11e01487x524S34900482x482
29,"tjueni, ni-og-tyve",741,AS10e01S22a05S21600S14410M537x528S10e01463x498S21600472x485S22a05485x496S14410515x494S26500518x471
29,"tjueni, ni-og-tyve",1273,AS11801S22a05S21600S14410S26500M537x527S26500518x473S21600472x487S22a05485x498S14410515x496S11801463x498
29,"tjueni, ni-og-tyve, niogtyve",1297,AS11802S21600S14410S26500M534x525S21600465x504S11802474x510S14410512x493S26500514x475
29,"tjueni, ni-og-tyve, niogtyve",1303,AS10e02S11802S14410S26500S33200M536x544S14410508x513S11802453x526S10e02416x526S26500522x498S33200482x482
2_1,,1310,AS10e00S10000M520x515S10000505x485S10e00480x485
3,"tre, 8, åtte",675,AS11e00M511x515S11e00488x485
3,tre,677,AS11e00S34a00M536x551S11e00513x521S34a00482x483
3,tre,678,AS18600M509x515S18600491x485
3,tre,1567,M509x515S18700491x486
3,tre,1568,M518x569S34700482x483S11e01489x539
3,tre,2677,M518x561S34700482x483S11e01490x531
3,tre,5059,M509x515S18700491x486
3,tre,5060,M518x561S34700482x483S11e01487x531
3,tre,6255,M509x515S18700491x486
3,tre,6256,M518x567S34700482x483S11e01487x537
tre-timer,"3-timer, 3-hours",1334,AS11e50S2e706S1715bS37706M521x524S37706479x499S1715b505x498S2e706480x476S11e50481x494
klokken-3,"klokken-tre, 3-o-clock",1330,AS10050S23108S20500S1715bS37706S11e50M527x550S37706485x525S1715b511x524S10050492x520S23108486x486S20500498x508S11e50472x449
klokken-3,"klokken-tre, 3-o-clock",1331,AS11e50S23108S20500S11e50S37706S15a1bM530x551S37706484x526S11e50484x521S11e50471x450S23108485x487S20500497x509S15a1b507x523
tre-år,"3-år, 3-years",1338,AS11e00S2e700S2ff00M543x551S2e700524x526S2ff00482x482S11e00520x493
3-år gammel,,1487,AS11e00S22a04S21100S2ff00M540x534S22a04527x519S2ff00482x482S21100526x500S11e00506x501
tredje,"3., for-det-tredje, third, thirdly",1326,AS10041S28808S20e00S11e0aM527x526S11e0a472x476S10041500x496S20e00502x486S28808515x473
3.,tredje,1342,AS11e00S2f304S34700M539x554S2f304512x544S11e00516x509S34700482x482
30,"tretti, tredve",706,AS18602S26506S21600M517x518S18602484x500S21600483x484S26506502x481
30,"tretti, tredve",709,AS11e02S26506S21600S34700M521x563S26506506x524S21600487x527S11e02488x540S34700482x482
30,"tretti, tredve",1150,AS11e02S26506S21600M517x519S26506502x480S21600483x483S11e02484x496
30,"tretti, tredve",1274,AS18b02S26506S21600M517x516S26506502x483S21600483x486S18b02485x496
30,"tretti, tredve",1276,AS18602S26506S18b02M544x510S26506493x492S18b02514x490S18602456x492
30,"tretti, tredve",1569,M515x520S18702486x502S22a04493x481
30,trettitredve,2678,M542x511S18702458x493S26506492x494S18b02512x489
30,"tretti, tredve",5061,M515x519S18702486x501S22a04499x482
30,,5062,M542x511S18702458x490S26506493x493S18b02512x491
30,"tretti, tredve",6257,M515x518S22a04499x483S18702486x500
30,"tretti, tredve",6258,M543x510S18702457x491S26506492x494S18b02513x490
300,tre hundre,718,AS18640S26500M509x526S18640491x496S26500494x474
300,tre hundre,725,AS11e40S26500S34700M518x577S11e40495x547S26500496x527S34700482x482
31,"trettien, en-og-tredve",742,AS18601S22a05S21600S10000M535x524S18601473x487S21600464x478S22a05497x510S10000520x477
31,"trettien, en-og-tredve",743,AS18602S26506S21600S10000M536x518S18602464x500S21600463x484S26506482x481S10000521x485
32,"trettito, to-og-tredve",744,AS18602S26506S21600S10e00M539x518S18602462x500S21600461x484S26506480x481S10e00524x485
32,"trettito, to-og-tredve",1156,AS18601S22a05S21600S10e00M533x525S18601476x488S21600467x479S22a05500x511S10e00518x475
33,"trettitre, tre-og-tredve",745,AS18602S26506S21600S18600M540x518S18602460x500S21600459x484S26506478x481S18600522x485
33,"trettitre, tre-og-tredve",1168,AS18601S22a05S21600S18600M531x525S18601478x488S21600469x479S22a05502x511S18600513x475
34,"trettifire, fire-og-tredve",746,AS18602S26506S21600S14400M537x518S18602463x500S21600462x484S26506481x481S14400515x481
34,"trettifire, fire-og-tredve",1169,AS18601S22a05S21600S14400M533x526S18601475x489S21600466x480S22a05499x512S14400511x473
35,"trettifem, fem-og-tredve",747,AS18602S26506S21600S14c00M540x519S18602461x501S21600460x485S26506479x482S14c00517x481
35,"trettifem, fem-og-tredve",1170,AS18601S22a05S21600S14c00M533x526S18601475x489S21600466x480S22a05499x512S14c00510x473
36,"trettiseks, seks-og-tredve",751,AS18602S26506S21600S1f502M541x518S18602460x500S21600459x484S26506478x481S1f502526x492
36,"trettiseks, seks-og-tredve",1171,AS18601S22a05S21600S1f502M533x523S18601476x486S21600467x477S22a05500x509S1f502518x478
37,"trettisju, trettisyv, syv-og-tredve",748,AS18602S26506S21600S1dc01M545x519S18602456x500S21600455x484S26506474x481S1dc01522x489
37,"trettisyv, trettisju, syv-og-tredve",1172,AS18601S22a05S21600S1dc01M535x523S18601474x486S21600465x477S22a05498x509S1dc01512x478
38,"trettiåtte, åtte-og-tredve",749,AS18602S26506S21600S11e00M542x518S18602458x500S21600457x484S26506476x481S11e00519x485
38,"trettiåtte, åtte-og-tredve",1173,AS18601S22a05S21600S11e01M533x524S18601475x487S21600466x478S22a05499x510S11e01508x476
39,"trettini, ni-og-tredve",750,AS18602S26506S21600S14410S26500M538x528S18602463x510S21600462x494S26506481x491S14410516x495S26500518x472
39,"trettini, ni-og-tredve",1174,AS18601S22a05S21600S14410S26500M539x530S26500520x469S21600461x487S22a05493x516S14410517x492S18601471x496
4,fire,679,AS14400M511x516S14400489x485
4,fire,1576,M511x516S14400489x485
4,fire,2679,M511x516S14400489x485
4,fire,5063,M511x516S14400489x485
4,fire,6259,M511x516S14400489x485
4-kroner,"fire-kroner, 4-crowns",1347,AS14454S26504S31200M518x518S14454487x449S26504492x426S31200482x483
fire-timer,"4-timer, 4-hours",1335,AS14450S2e706S1715bS37706M521x524S37706479x499S1715b505x498S2e706480x476S14450483x493
4.,fjerde,1343,AS14400S2f304M512x522S2f304490x512S14400488x478
40,førti,710,AS14402S26506S21600M519x521S26506504x478S21600485x481S14402481x499
40,forti,1577,M516x521S14402485x499S22a04493x480
40,foerti,2680,M516x521S14402485x499S22a04499x479
40,foerti,5064,M516x520S14402485x498S22a04495x481
40,foerti,5065,M545x512S14402456x490S14502514x488S26506492x491
40,foerti,6260,M516x521S14402485x499S22a04491x480
40,foerti,6261,M543x512S14402457x490S26506492x492S14502512x488
400,fire hundre,719,AS14440S26500M511x528S14440489x497S26500491x473
41,"førtien, en-og-førti",1157,AS14401S22a05S21600S10000M534x526S14401471x485S21600465x477S22a05497x512S10000519x474
42,"førtito, to-og-førti",1158,AS14401S22a05S21600S10e00M530x526S14401475x485S21600469x477S22a05501x512S10e00515x474
43,"førtitre, tre-og-førti",1159,AS14401S22a05S21600S18600M531x527S14401475x486S21600469x478S22a05501x513S18600513x473
44,"førtifire, fire-og-førti",1160,AS14401S22a05S21600S14400M531x527S14401475x486S21600469x478S22a05501x513S14400509x472
45,"førtifem, fem-og-førti",1161,AS14401S22a05S21600S14c00M531x526S14401475x485S21600469x477S22a05501x512S14c00508x473
46,"førtiseks, seks-og-førti",1162,AS14401S22a05S21600S1f502M531x524S14401475x483S21600469x475S22a05501x510S1f502516x477
47,"førtisyv, førtisju, syv-og-førti",1163,AS14401S22a05S21600S1dc01M532x527S14401474x486S21600468x478S22a05500x513S1dc01509x473
48,"førtiåtte, åtte-og-førti",1164,AS14401S22a05S21600S11e01M531x527S14401475x486S21600469x478S22a05501x513S11e01506x472
49,"førtini, ni-og-førti",1165,AS14401S22a05S21600S14410S26500M537x533S26500518x466S21600463x487S22a05496x519S14410515x489S14401471x495
5,fem,680,AS14c00M511x515S14c00488x484
5,fem,1578,M512x516S14c00489x485
5,fem,5066,M512x516S14c00489x485
5,fem,6262,M512x516S14c00489x485
5.,femte,1344,AS14c00S2f304M511x523S2f304488x513S14c00488x477
50,femti,711,AS14c02S26506S21600M515x521S26506500x479S21600485x482S14c02484x498
50,femti,1579,M516x522S14c02485x499S22a04494x479
50,femti,2681,M512x516S14c00489x485
50,femti,2682,M516x521S14c02485x498S22a04499x480
50,femti,5067,M516x521S14c02485x498S22a04498x479
50,femti,5068,M543x513S14c02457x490S15002512x487S26506492x494
50,femti,6263,M516x521S14c02485x498S22a04495x479
50,femti,6264,M544x514S14c02457x491S26506494x494S15002513x487
500,fem hundre,720,AS14c40S26500M512x528S14c40488x497S26500493x473
51,"femtien, en-og-femti",1166,AS14c01S22a05S21600S10000M533x526S14c01474x488S21600467x479S22a05499x512S10000518x474
52,"femtito, to-og-femti",1167,AS14c01S22a05S21600S10e00M530x527S14c01477x489S21600470x480S22a05502x513S10e00515x473
6,seks,681,AS1f502M507x512S1f502492x488
6,seks,1580,M508x512S1f502493x488
6,seks,2683,M508x512S1f502493x488
6,seks,5069,M508x512S1f502493x488
6,seks,6265,M512x508S1f500488x493
60,seksti,712,AS1f502S26506S21600M515x519S26506500x480S21600485x483S1f502489x495
60,seksti,1581,M512x518S1f504488x503S22a04494x483
60,selsti,2684,M512x517S1f504488x502S22a04499x484
60,seksti,5070,M512x518S1f508488x503S22a04498x483
60,seksti,5071,M537x511S1f509464x489S26506493x494S1f904514x492
60,seksti,6266,M512x518S1f500488x503S22a04490x483
60,seksti,6267,M535x511S1f509465x489S26506492x494S1f904512x494
600,seks hundre,721,AS1f540S26500M507x523S1f540492x499S26500492x476
7,"sju, syv",1582,M512x515S1dc01489x485
7,"sju, syv",2685,M512x515S1dc01489x485
7,"sju, syv",5072,M512x515S1dc01489x485
7,"sju, syv",6268,M512x515S1dc01489x485
70,sytti,713,AS1dc02S26506S21600M518x519S26506503x480S21600488x483S1dc02482x495
70,sytti,1583,M515x521S1dc02485x497S22a04495x479
70,sytti,2686,M515x519S1dc02485x495S22a04489x482
70,sytti,5073,M515x521S1dc02485x497S22a04497x479
70,sytti,5074,M541x512S1dc02460x488S1e202515x488S26506495x497
70,sytti,6269,M515x520S1dc02485x496S22a04493x480
70,sytti,6270,M542x513S1dc02459x488S26506494x496S1e202516x491
700,"syv hundre, sju hundre",722,AS1dc40S26500M512x527S1dc40488x497S26500489x473
8,åtte,676,AS11e00S34900M529x553S34900482x482S11e00506x523
8,åtte,1148,AS11e00S14c08M530x515S11e00507x484S14c08470x484
8,,1546,M513x515S11e01488x485
80,åtti,707,AS11e02S26506S21600M517x519S26506502x480S21600483x483S11e02484x496
80,åtti,708,AS11e02S26506S21600S34900M521x563S26506506x524S21600487x527S11e02488x540S34900482x482
80,åtti,1585,AS11e02S22a04M515x521S11e02485x498S22a04492x480
80,atti,5077,M541x513S11e02459x488S26506497x495S1280e517x490
80,atti,6272,M515x519S11e02485x496S22a04488x481
80,atti,6273,M540x512S11e02461x488S26506496x497S1280e516x489
800,åtte hundre,723,AS11e40S26500M511x525S11e40488x495S26500489x475
800,åtte hundre,724,AS11e40S26500S34900M518x581S11e40494x551S26500495x531S34900482x482
9,ni,683,AS14410S20500S26500S33100M535x549S33100482x482S14410509x518S20500495x498S26500521x502
9,ni,684,AS18e00M510x515S18e00490x485
9,ni,685,AS14410S26500M511x527S14410489x496S26500491x474
9,ni,1149,AS14400S14c08M528x516S14400506x485S14c08472x484
9,ni,1586,M513x513S18e01487x487
9,ni,1587,M552x535S33200482x483S14410530x504S20500524x498S26600531x469
9,ni,2689,M513x513S18e01487x487
9,ni,2690,M551x541S33200482x483S14410529x510S20500520x504S26600530x476
9,ni,5078,M513x513S18e01487x487
9,ni,5079,M546x538S33200482x483S14410524x507S20500520x499S26600527x472
9,ni,6274,M513x513S18e01487x487
9,ni,6275,M549x541S33200482x483S14410527x510S20500520x503S26600526x477
90,nitti,714,AS14402S28805S21600S33200M530x563S33200482x482S14402499x541S28805499x519S21600492x536
90,nitti,715,AS18e02S26506S21600M517x520S18e02482x500S21600482x483S26506502x480
90,nitti,2691,M515x517S18e02485x497S22a04489x483
90,nitti,5080,M515x518S18e02485x498S22a04489x483
90,nitti,5081,M590x530S33200482x483S14411506x502S26506541x513S14501560x494
90,nitti,6276,M516x515S18e02486x495S22a04484x485
90,nitti,6277,M592x530S33200482x483S14411509x502S14501562x499S26506541x511
rett-vinkel,90*,394,AS10041S1dc28S2880bM528x528S1dc28472x473S10041507x498S2880b494x471
900,ni hundre,726,AS14410S2d200S33200M558x545S14410513x514S2d200532x495S33200482x482
900,ni hundre,727,AS18e40S26500M510x527S18e40490x497S26500490x474
bror,"lik, =",2973,AS10050S10058S20500M517x523S10050502x493S10058483x493S20500495x478
abonnere,abonnement,2696,AS10010S22e04S1001cS20b00S15a3aS33b00M529x588S33b00482x483S10010487x512S20b00514x567S22e04512x548S15a3a488x576S1001c487x553
abonnere,abonnement,2697,AS10010S15a16S2c300S20b00S34c00M537x582S15a16486x570S10010492x510S2c300511x535S20b00495x551S34c00482x483
abonnere,,1208,AS1f751S15d39S22f04S20b00M525x523S15d39481x500S1f751475x477S22f04500x480S20b00506x496
"abort, frivillig",,1211,AS20300S16f48S20500S20e00S22a05S14c45S36d00M558x552S36d00479x449S20300492x504S16f48470x491S20500475x516S14c45532x525S20e00509x505S22a05520x513
"abort, frivillig",,1278,AS17102S18109S22a05S20e00S20500S18114S36d00S36d00M546x547S36d00477x453S36d00480x538S18109483x492S17102496x501S20500470x486S20e00507x514S18114534x518S22a05521x510
"abort, ufrivillig",,1210,AS20300S16f48S20500S22a04S14c04S36d00M521x560S36d00479x441S20300492x496S16f48470x483S20500475x508S14c04489x529S22a04493x513
absolutt,helt sant,277,AS20300S20304S20b00M518x517S20300488x482S20304483x502S20b00505x496
absolutt,helt sant,618,AS20310S20308S20b00M517x516S20310488x484S20308483x501S20b00504x498
absolutt,"akkurat, nøyaktig, absolutt!, bestemt!, akkurat slik!",947,AS15a40S15a36S20b00M513x530S15a36486x518S15a40491x470S20b00491x501
absolutt,,1863,AS15a40S15a36S22a04S20b00M514x538S15a36487x526S15a40495x495S20b00495x479S22a04495x462
absolutt,,1864,AS15a40S15a16S22a04S20b00M514x531S15a16487x516S15a40494x504S20b00494x487S22a04493x469
null-punkt,absolutt,6035,M514x577S17602492x507S10010492x547S20b00492x440S22a04494x424S15a10494x458S15a16487x469
temperatur,absolutt,6108,M515x578S21200487x532S15a12486x549S10018492x548S23108488x514S15a40491x455S15a1a485x467S20b00491x439S22a04491x422
absorpsjon,,2709,M560x544S14c20440x456S26604442x492S20320442x528S22104460x494S15a02497x521S14c03505x503S20e00505x532S2890a531x490
abstrakt,,1213,AS14411S2e507S2ff00M550x517S2ff00482x482S2e507504x479S14411521x459
abstrakt,,2711,AS10012S26506S14c20S2e100S30007M598x538S30007482x483S10012518x486S26506554x487S14c20575x473S2e100575x509
abstrakt,,2712,AS14c00S2df0cS30007M544x518S30007482x483S14c00510x454S2df0c523x492
absurd,,2713,AS14c12S29600S2ff00M548x518S29600524x433S14c12517x469S2ff00482x483
herrer,"adel, elegant",438,AS15d40S28808S28808S20e00S36d00M575x522S36d00479x479S20e00504x507S15d40523x495S28808546x496S28808563x496
adel,"herrer, elegant",2715,AS15d40S28808S28808S20e00S36d00M577x518S36d00479x482S20e00503x499S15d40524x491S28808549x494S28808565x494
atferd,adferd,1216,AS10040S10048S29508S29510S22c00S22c10M543x559S10048466x528S10040522x529S29508528x491S29510461x491S22c00527x442S22c10457x444
atferd,adferd,1217,AS15a40S15a48S22a24S26626S22a24M542x528S15a40493x472S15a48457x472S26626495x498S22a24476x510S22a24529x513
adferd,,5104,M533x533S15a40485x468S15a48467x468S22b24474x503S22b24517x503S2892a491x495
adferd,,6934,M535x535S15a40491x465S15a48466x465S22b24475x505S22b24519x505S2882a495x506
adferd,,7164,M541x539S15a40478x461S15a48460x461S22b24468x507S22b24525x509S2892a490x495
inn,"gå inn, inn i, adgang",603,AS10050S18219S26500M522x525S26500508x494S10050492x495S18219478x474
adgang,,1218,AS15d40S15d48S26600S26610M542x534S26600520x466S26610464x468S15d48459x507S15d40523x503
adgang,,2720,M513x536S10050497x506S26500492x486S18219488x464
adgang,,2722,M540x522S15a1a483x479S3770b461x485S2c600487x496S10013510x492
adgang,,2724,M524x519S18218476x482S10051494x491S26501483x506
adgang,,5105,M515x535S10050500x505S26500494x484S18219485x465
adgang,,5106,M540x522S15a1a482x479S3770b460x484S2c600487x496S10013510x492
adgang,,5107,M524x518S18218477x483S10051494x494S26501486x505
adgang,,6935,M515x536S10050500x506S26500495x486S18219486x465
adgang,,7165,M514x536S18219486x465S26500492x486S10050499x506
adhesjon,vedhengskraft,37,AS15a20S15a06S2f920M513x523S15a06486x489S15a20492x478S2f920493x512
adjø,,1222,AS18220S22114S2ff00M551x520S2ff00482x482S18220521x505S22114525x494
adlyde,,1223,AS15d00S15d08S22a04S22a14S30300S32104S37100S37150S2f804M529x615S37100478x524S30300481x477S15d00510x549S15d08471x548S32104481x488S22a14479x581S22a04509x581S2f804482x604S37150472x523
adlyde,,1279,AS15d08S15d00S22a04S22a14S30300M530x596S22a04510x581S30300482x477S15d00511x549S15d08472x548S22a14480x581
administerende,,2752,AS17728S17728S27106S2711aS2fb04M531x535S17728511x467S17728470x466S27106511x488S2711a474x486S2fb04491x529
administrasjon,,1220,AS17650S17658S27100S27114S26502S26516S16c40S16c48M554x544S27114447x483S27100514x492S17650512x467S17658459x457S16c40489x522S16c48465x523S26502512x528S26516446x529
administrasjon,administrere,5113,AS10004S1000cS26c08S26c1cS2fb04M532x530S2fb04493x524S26c08505x508S26c1c469x508S10004506x471S1000c476x473
administrere,,2749,AS17650S17650S26c04S26c14S2fb04M534x523S2fb04492x517S26c04507x499S26c14467x499S17650514x478S17650473x478
administrere,,2751,M531x532S10004510x472S1000c476x469S26c08504x508S26c18469x502S2fb04490x526
administrere,,5115,M532x527S17650512x474S17650474x474S26c10469x500S26c00505x499S2fb04494x521
administrere,,5116,M547x523S20350504x482S20350480x478S27100507x500S27114454x495S2fb04492x517
administrere,,5117,M532x532S10004510x469S1000c475x469S26c08505x505S26c1c469x506S2fb04494x526
administrere,,6941,M544x524S20350509x480S20350482x476S27100504x502S27114457x501S2fb04494x518
administrere,,6942,M529x530S10004507x470S1000c477x470S26c08502x504S26c18471x503S2fb04493x524
admiral,,2754,AS14c51S15a57S2c306S21100M536x534S15a57502x467S2c306485x486S14c51509x508S21100465x493
adoptere,adopsjon,1224,AS14c41S15d39S2b703S20341M528x537S14c41502x463S20341472x508S15d39477x514S2b703492x490
adoptere,adopsjon,1225,AS16d40S16d48S2f900S2f900S26220S14c01S20500M529x558S16d40511x525S16d48471x524S2f900474x553S2f900515x553S26220492x485S14c01488x453S20500500x441
adresse,,1226,AS11533S15d39S26a07S20e00M523x526S15d39476x492S11533495x474S20e00494x514S26a07502x499
adresse,,1227,AS11533S15d39S26507S20e00M523x526S15d39477x492S11533496x474S20e00495x514S26507508x499
adresse,,2759,AS11502S15a0aS26506S21100M541x509S15a0a459x492S11502477x494S21100512x493S26506526x491
advare,,1229,AS10010S26500S26500S34c00S32d00M540x553S32d00482x482S10010488x523S26500509x523S26500526x523S34c00482x482
advare,advarsel,2658,AS10010S26a00S32d00S35010M538x554S32d00482x483S10010488x524S35010494x507S26a00511x527
advare,advarsel,2762,AS10010S26b00M514x527S10010487x497S26b00487x473
desember,"advent-måned, advent",1131,AS10010S10018S22a04S22a14S26605S26613S22a04S22a14M549x541S10010514x460S10018465x459S22a04517x507S22a04526x526S22a14468x507S22a14459x525S26605527x503S26613451x501
advent,,1230,AS18100S26224S26224S32100M520x518S18100498x412S26224504x446S26224482x447S32100482x483
advent,,1231,AS18030S18038S22110S22110M541x516S22110513x485S22110466x485S18030511x500S18038460x501
adverb,,6950,M530x517S1193b470x489S20500497x496S20301509x483
advokat,,1232,AS15d41S15d39S26601S21100S26605S21100M528x530S15d41505x470S15d39487x489S26601484x490S21100509x516S21100472x476S26605488x494
advokat,,1233,AS15d41S15a39S27105S21100M523x529S15a39477x482S27105489x495S21100510x515S15d41487x472
advokat,"jurist, lov-person",1235,AS15a12S15a20S26504S20b00S1ed26S22a04M531x555S15a20477x465S15a12469x446S20b00496x474S26504496x454S1ed26512x507S22a04514x540
advokat,,2768,AS1f710S22f04M513x519S1f710493x482S23004488x501
aften,kveld,1236,AS15d01S22c03S2ff00M535x524S2ff00482x482S22c03476x491S15d01512x470
aften,kveld,6955,AS15a01S22b03S36d00M521x523S36d00479x508S15a01473x500S22b03488x478
aggresjon,,1237,AS15300S2e600S2f700S2ff00M542x539S2ff00482x482S15300527x490S2e600488x495S2f700501x532
aggresjon,,1238,AS14c10S14c18S20500S20500S22a06S22a12S21b00S21b00S21b00S21b00S21b00S21b00S2ff00M572x517S2ff00482x482S20500515x484S20500475x483S14c10537x464S14c18439x466S22a06527x483S22a12458x482S21b00430x475S21b00464x469S21b00528x468S21b00564x473S21b00458x461S21b00533x457
aggresjon,,1239,AS10110S10118S26506S26512S14c10S14c18S2ff00M568x517S2ff00482x482S10118468x470S10110516x471S14c10545x466S14c18427x468S26506536x499S26512445x500
aggresjon,,1280,AS15310S26a02S21800S2f700S10018M523x531S10018476x501S15310487x486S26a02508x483S21800486x472S2f700511x469
aggresjon,,2023,M549x520S21802500x485S26a02514x480S2f720537x483S15310479x480S10008452x490
aggresjon,,2663,AS15300S22b03S22b03S2f700S2ff00M537x542S2ff00482x483S15300522x486S2f700476x535S22b03481x498S22b03491x508
aggresjon,,2664,AS10110S10118S26500S26510S14c10S14c18S2ff00M565x518S2ff00482x483S10110513x471S10118470x471S14c10542x441S14c18434x441S26500532x465S26510454x464
aggresjon,,2782,M551x521S10008449x491S15310484x480S21802506x486S26a02517x480S2f730539x486
aggresjon,,6959,M547x517S10008454x487S15310483x483S21802504x487S26a02515x483S2f720535x487
aggresjon,,7173,M541x526S10008459x496S15310477x476S21802498x479S26a02510x474S2f720529x477
agitasjon,agitere,2789,AS20311S20319S2d320S2f900M525x529S20319476x473S20311504x472S2d320481x499S2f900498x524
agurk,,2026,M563x528S1ef20503x473S1ef28468x473S28813444x476S2880b536x478S1eb27543x501S1eb2f437x499S2fb04492x501
agurk,,2791,M574x528S1ed27506x490S1ed2f472x490S1eb27554x497S1eb5f427x501S28813445x481S2880b537x479S2fb00495x473
agurk,,2792,M569x528S1ef20503x473S1ef28469x472S28813442x476S2880b540x477S1eb27549x501S1eb2f432x500S2fb04491x496
agurk,,2793,M557x524S1ed27505x495S1ed2f470x496S28913459x477S2890b520x476S21600549x501S21600444x498S22100495x482
agurk,,4548,M577x523S1ec27502x496S1ec2f471x497S28912446x484S2890a522x483S1eb27557x492S1eb2f423x494S2fb00490x477
agurk,,4549,M564x529S1ef20501x472S1ef28467x472S28813443x475S2880b536x476S1eb27544x502S1eb2f436x499S2fb04492x500
agurk,,6972,M563x529S1ef20504x471S1ef28467x471S2880b537x476S28813443x476S2fb04493x495S1eb27543x502S1eb2f438x500
agurk,,7174,M567x529S1ef20504x472S1ef28469x471S28813443x476S2880b538x477S1eb27547x502S1eb2f434x499S2fb04494x495
agurk,,7175,M574x528S1ed27506x490S1ed2f472x490S1eb27554x497S1eb5f427x501S28813445x481S2880b537x479S2fb00495x473
aha!,,1241,AS10110S26500S30114S34c00M539x532S30114482x477S34c00482x488S10110516x502S26500525x479
akademi,akademisk,1242,AS18210S2e00cS2ff00M545x557S2ff00482x482S18210522x508S2e00c524x529
akademi,,2028,M708x551S30007482x483S20500517x479S26502531x478S18510552x484S37b00601x486S15a41666x498S15a49631x495S20500656x482S23904688x521S2391c613x517S2fb04652x545
akademi,,2794,AS18510S26502S20500S30007S15a41S15a49S20500S23804S2381cM577x594S30007482x483S20500518x480S26502533x478S18510552x484S2381c459x568S20500496x536S15a41509x546S15a49472x546S23804530x569
akademi,,6973,M579x610S30007482x483S26502535x479S20500521x480S18510554x476S20500518x546S15a41527x561S15a49498x561S23804545x583S2381c485x584S2fb04517x604
akademisk,,2029,AS18510S26a02S30007M546x518S30007482x483S18510521x487S26a02527x458
akademisk,,6292,AS18510S26a02S20500S30007M572x518S30007482x483S18510547x481S26a02528x471S20500513x480
akklamasjon,,2034,AS15a51S15a37S20c00M514x521S15a37489x498S15a51487x497S20c00486x480
akkord,,2801,AS18210S18218S28801S28819S2fc00M527x537S28801499x495S28819485x480S2fc00497x463S18210504x522S18218474x511
akkurat,"akkurat slik!, nettopp slik!, bestemt!, nøyaktig!",1244,AS15a40S15a36S23100S20b00M524x530S15a36475x518S15a40480x470S20b00480x501S23100498x481
akkurat,"nøyaktig, nøye",1281,AS15a40S15a36S26500S21100S2f900S35b04S32e00M518x620S15a36487x548S15a40494x556S35b04482x482S21100495x606S26500494x587S2f900481x592S32e00482x482
akkurat,nøyaktig,2802,AS15a40S15a36S26600S21100M514x537S15a40493x510S21100493x494S15a36487x480S26600492x464
akkurat,"nøyaktig, nøye",2803,AS15a40S15a36S26600S21100S35b04M518x601S15a40494x574S21100494x558S15a36488x544S26600493x528S35b04482x483
idag,"nå, her, i dag, akkurat nå, akkurat her, i dette øyeblikk",972,AS10004S22f04S32104M518x595S32104482x482S10004491x538S22f04484x581
aks,,2039,AS1f410S22c00S22200S1f010S22a00M523x533S1f410492x518S22c00477x481S22a00479x468S1f010494x481S22200502x470
aksel,,2043,AS17650S17650S26606S26612S2fb04M538x521S17650505x480S17650478x481S26606508x502S26612462x502S2fb04492x515
aksling,aksel,2055,M537x522S17650503x478S17650477x478S26612463x500S26606507x500S2fb04492x516
aksel,aksling,2809,M539x523S17650506x477S17650477x477S26612461x498S26606509x499S2fb04492x517
aksling,aksel,2820,M538x523S17650505x478S17650480x478S26612463x499S26606508x499S2fb04493x517
aksel,,6986,M542x521S17650506x480S17650482x480S26612459x499S26606512x499S2fb04493x515
aksel,aksling,7185,M534x522S17650503x479S17650480x478S26612466x499S26606504x499S2fb04494x516
aksept,,2048,M560x544S10e02463x469S21100500x470S26506521x470S36d00479x456S22100546x471S25e04544x483S15a30545x517
aksept,,2050,M605x534S10e02463x479S21100500x480S26506521x480S36d00479x466S15a00591x470S37b00560x482S25e04589x504
aksept,,2813,M559x543S36d00479x457S10e02469x472S21100504x473S26506523x473S22100546x477S25d04545x490S15a30545x516
aksept,,2814,M594x528S36d00479x492S10e02469x507S21100504x508S26506523x508S15a00582x501S37700553x503S2b700575x472
aksept,,2815,M595x531S36d00479x469S10e02469x484S21100504x485S26506523x485S15a00582x479S37700553x480S25d04581x511
aksept,,6301,M549x541S36d00479x460S10e02469x473S21100502x473S26506517x473S22100536x477S25d04535x488S15a30537x514
aksept,,6302,M532x561S36d00479x439S10e02469x452S21100502x452S26506517x452S15a00501x534S2b700494x506
aksept,,6303,M532x564S36d00479x437S10e02469x450S21100502x450S26506517x450S15a00496x514S25d04495x544
aksept,,6989,M547x536S36d00479x464S10e02461x474S21100496x474S26506512x474S22100534x471S25d04533x484S15a30534x509
legge-seg-flat,"bøye-av, gi-etter, føye-seg, aksepter-motvillig",1403,AS11900S11908S22104S22104S36d00S35000S32114M542x553S36d00479x535S11900522x527S11908462x528S22104461x520S22104530x520S35000483x482S32114490x491
andel,"del, dele, aksje",2142,AS15a40S15a36S26604S21100M514x542S15a36487x515S15a40495x459S26604492x512S21100495x492
aksjeselskap,,7235,M534x572S21200484x459S15a40492x429S15a36486x492S26a04484x475S20500494x542S20500494x561S1ed40508x547S1ed48466x547
aksjon,,2054,AS20350S20350S2d220M528x516S20350473x485S20350513x485S2d220490x493
aksjon,,6308,AS20350S20350S2d220S2f900M528x519S2d220487x488S20350513x481S20350473x481S2f900497x514
akslerasjon,,2811,M525x533S10010476x503S28308480x467S2f710513x480
aksling,,6996,M540x521S17650505x480S17650481x479S26612460x498S26606510x498S2fb04492x515
aksling,,7237,M537x522S17650503x478S17650477x478S26612463x500S26606507x500S2fb04492x516
akspet,,2049,M603x528S10e02463x498S21100500x499S26506521x499S36d00479x485S15a00591x501S37b00560x501S2b700583x472
aktiv,,2057,AS20350S20350S2d202S2d217S2f900S2f900M538x526S2d217463x496S20350509x475S20350477x475S2f900517x519S2f900470x521S2d202515x496
aktiv,,2750,AS20302S2030aS2d202S2d217S20350S20350S2f900S2f900M558x526S2d217462x496S20350508x475S20350476x475S2f900516x519S2f900469x521S2d202514x496S20302543x506S2030a442x506
aktiv,,2822,AS20350S20350S2d220S2f900M529x521S2d220487x488S20350514x479S20350472x480S2f900497x516
aktivitet,,284,AS20302S2030aS2a600S2a600S2a611S2a611S2f900S2f900S2f700S2f700M555x522S20302506x506S2030a475x507S2a600507x479S2a611475x478S2f900448x496S2f900544x495S2a600522x479S2a611460x478S2f700542x481S2f700445x482
aktivitet,,2059,AS20350S20350S2a305S2a31dS2f900M537x528S20350466x474S20350519x473S2a305508x494S2a31d464x496S2f900495x520
aktivitet,,2753,AS20350S20350S2d307S2d312S2f900M538x528S20350463x473S20350516x472S2f900492x519S2d307504x498S2d312462x497
aktor,,2757,AS1f502S20f00S22f04S36d00M554x519S36d00479x481S1f502509x495S20f00528x486S22f04529x500
aktuell,,2756,AS10000S15d0aS22b00M515x539S15d0a488x496S10000485x509S22b00492x462
aktuell,,2825,AS10000S2880fS2ff00M546x526S10000531x496S2880f519x477S2ff00482x483
akutt,,2692,AS1eb17S26c0aS2f700S2ff00M567x546S2ff00482x483S1eb17547x519S26c0a527x503S2f700534x493
akutt,,2693,AS10050S15a48S23100S2f700M522x537S15a48479x464S10050495x470S23100496x507S2f700505x530
akutt,,2828,AS1eb27S24006S2f710S36d00M569x526S36d00479x481S24006533x485S1eb27521x499S2f710557x474
alarm,,2070,AS10020S26c0aS2f710S33010M565x528S33010479x483S10020528x498S26c0a550x499S2f710553x487
album,,2071,AS1ef10S1ef18S26506S26512S1f410S1f418S15a40S15a48S2a208S2a210S2fb00M593x552S1f418407x450S1f410564x449S1ef10507x449S1ef18468x449S26512445x448S26506542x448S15a40511x525S15a48493x525S2a210472x500S2a208522x500S2fb00502x500
album,,2831,AS15a40S15a48S20500S2880aS28812S15a30S15a38M562x522S15a30550x493S15a40502x494S15a38438x495S15a48484x494S2880a519x500S28812457x501S20500494x479
alder,gammel,2072,AS10010S22f04S21200S2e230S2ff00M551x572S2ff00482x483S10010499x505S2e230497x540S21200523x502S22f04524x519
alder,,7006,AS10b10S22113S21203S2ff00M549x532S2ff00482x483S22113519x498S21203524x488S10b10509x503
alder,vokse-opp,7243,AS15d50S22a00S22a00S22a00S36d00S36d00M534x540S36d00478x460S22a00521x462S22a00521x478S22a00521x494S36d00480x508S15d50514x513
aldri,,2073,AS20350S15a3aS20e00S26606M539x509S15a3a465x492S20350461x494S26606509x492S20e00495x493
aldri,,2703,AS15a50S15a3aS20e00S26606M538x514S15a3a464x495S20e00494x496S26606508x495S15a50462x487
alene,,2074,AS10000S22a04S36d00M540x526S36d00479x474S10000525x476S22a04527x511
alene,,2834,AS10000S2e732S36d00M544x526S36d00479x476S10000523x475S2e732519x510
alfa,,221,AS18311M513x509S18311486x490
alfabet,,49,AS15020S22520S26606S36d00S2ff00M590x544S15020527x513S22520523x494S26606560x518S36d00479x525S2ff00480x482
alfabet,,2077,AS15020S26606S22520M533x524S15020470x493S22520468x476S26606503x499
alfabet,,2837,AS15020S26606S22520S2ff00M591x548S15020531x517S22520528x498S26606561x525S2ff00482x483
alfabet,,7247,AS15020S26506S22520S36d00M575x524S36d00479x512S15020529x493S26506560x503S22520532x476
alkohol,,584,AS1f510S20600S30004M538x535S30004482x482S20600516x512S1f510493x520
alkohol-fri,,2704,AS1f502S20600S2ff00S19a00S19a08S2df0cS2df14M544x599S1f502492x514S20600518x511S2ff00482x483S19a00516x548S19a08460x549S2df0c517x578S2df14464x578
alkohol-fri,,7256,AS1f510S20500S30004S15a39S15a31S21100S26606S26612M541x612S30004482x483S20500496x522S1f510493x535S15a31484x588S15a39493x589S21100494x570S26606511x570S26612458x571
alkyn,,6596,M545x627S30004482x483S1f510493x522S20e00496x541S18c02481x612S26606515x611S22a04494x556
alkyn,,6597,M545x597S30004482x428S1f510493x467S20e00496x485S18c02480x582S26606515x581S22a04495x499S2ff00483x537
alle,"alle overalt, all verden",862,AS14c57S2d800S20351S3780bM558x535S14c57532x480S2d800469x465S20351443x487S3780b504x505
alle,,562,AS14c27S2d600S2033fM539x519S14c27513x492S2d600482x481S2033f461x496
alle,,877,AS14c57S2d600S20351M541x519S14c57515x492S2d600482x481S20351459x496
alle,alle-sammen,2706,AS14c57S2d600S20350M542x520S14c57516x493S2d600486x481S20350459x498
best,"aller_best, topp!",4940,AS1f502S28a08S33e00S2f700S2f900M543x548S1f502525x483S33e00482x483S28a08510x512S2f700531x519S2f900530x532
allerede,,2086,AS15a40S15a36S26c08S21200M516x533S15a36489x504S15a40493x506S26c08485x467S21200486x485
allergi,"kløe, klø",2088,AS15012S14c1aS20f02S21802M532x525S14c1a501x502S15012494x477S20f02469x476S21802482x481
allergi,"kløe, klø",6598,AS15300S15308S22b00S21100S22b14S21100S22b04S21100S22b10S21100S21800S21800M567x529S21800471x517S15300505x490S15308472x490S22b00529x480S22b04551x488S21100552x472S21100531x513S22b10433x483S22b14452x489S21100454x473S21100435x515S21800504x518
alltid,,2089,AS17107S20f00S2bd00S2ff00M556x531S20f00530x505S2ff00482x483S2bd00529x474S17107513x511
almanakk,,2707,AS15c11S15c17S2a308S2a310M523x531S15c11503x470S15c17478x470S2a308498x495S2a310478x495
almanakk,,6323,AS1ec50S15a00S20500S2880cS20500M534x522S15a00466x480S20500481x480S20500482x498S1ec50497x478S2880c522x500
alminnelig,vanlig,2091,AS15a30S22a04S26506S22a04M528x516S15a30472x484S26506501x489S22a04490x501S22a04515x501
alminnelig,vanlig,2708,AS14c30S14c38S22a04S22a14S22a04S22a14M544x530S14c30519x470S14c38462x470S22a04511x514S22a04531x514S22a14476x514S22a14456x515
almisse,,7027,AS1853cS21100S22100S15a30S26500M516x543S1853c491x528S21100485x522S26500498x490S15a30499x457S22100485x513
alpin region,,6599,AS10011S10019S20e00S22c07S32107S15a10S15a18S22c07S2f900S32107M565x632S32107482x414S10011498x481S10019483x481S20e00508x472S22c07520x440S32107483x551S15a10506x599S15a18488x605S22c07523x569S2f900554x560
alt,,2094,AS14e20S14e28S2890cS28914S20304S20304M543x533S14e20506x467S14e28472x467S28914458x495S2890c528x495S20304507x517S20304480x518
varmt!,alt for varm mat,842,AS15002S26506S2c301S2f700S14c57S34b00M603x543S34b00482x482S15002484x518S26506522x525S2f700524x511S14c57577x502S2c301544x517
altan,,2096,AS16d0cS16d04S2d70aS2d712S2fb04M550x522S16d04478x479S16d0c504x479S2d712451x497S2d70a521x496S2fb04492x516
altan,,2717,AS16c0cS2d708S15a06S37816M533x518S2d708491x482S37816474x510S15a06506x506S16c0c468x483
altan,,2860,AS16d0cS16d04S2d60aS2d612M530x522S16d04478x478S16d0c505x478S2d60a507x502S2d612471x502
alter,,2097,AS15a58S15a50S23c04S23c1cS15a48S15a40S2fb04M543x536S23c04518x476S23c1c459x476S15a58486x464S15a50503x464S15a48458x509S15a40531x509S2fb04492x524
alter,,7032,M539x538S15a50504x463S15a50485x463S23b04520x482S23b1c461x482S15a40527x511S15a48462x510S2fb04493x515
alter-ring,,2726,AS1ec0cS1ec04S2d706S2d71eM552x517S1ec0c502x498S1ec04476x498S2d706525x483S2d71e448x483
altergang,,2098,AS1ec0cS1ec04S2d706S2d71eS10e04S15a30S21100S26600M552x557S1ec0c502x458S1ec04476x458S2d706525x443S2d71e448x443S26600517x510S15a30497x530S10e04498x501S21100519x542
veie,alternativ,2102,AS15a30S15a30S23100S23114M533x525S15a30480x476S23100507x508S23114467x507S15a30507x476
alternativ,"velge, valg",2718,AS10040S10018S2c501S2c525M569x517S10040510x483S10018481x483S2c501529x491S2c525432x492
alternativ,,6326,AS10e02S10e0aS20500S10e52S10e3aS20500M531x536S10e02501x465S10e0a469x466S20500495x480S10e52501x507S10e3a473x509S20500495x525
alternativ,eller,6328,AS10001S1dc09S26502S20e00S26706S20e00M531x536S26706473x465S26502469x478S20e00498x491S20e00473x495S1dc09480x506S10001510x504
alternerende,"vekselvis, skiftesvis",294,AS10e02S10e0aS20500S10e52S10e3aS10e02S10e0aS20500M533x550S20500498x539S10e02502x452S10e0a468x451S10e3a471x491S10e52499x490S20500495x462S10e02503x527S10e0a470x527
altfor-lenge,,2106,AS20320S2f000S32a10M575x518S32a10482x483S20320532x493S2f000554x489
altfor-lenge,,2869,AS20320S26a00S32a10M559x518S32a10482x483S20320540x494S26a00532x474
altså,,2107,AS10010S26900M519x515S10010481x485S26900503x494
altså,,2870,AS10010S26b00M525x515S10010475x485S26b00498x496
aluminium,,45,AS17d10S17d18S22120S22120S2fb00M533x518S17d10510x502S17d18466x503S22120466x488S22120508x487S2fb00490x482
aluminium,,79,AS1f720S10041S10049S22a04S20b00M517x542S1f720484x457S22a04491x476S10049482x512S10041496x512S20b00492x496
aluminium,,272,AS15d22S15d0aS1dc20S20700M553x517S15d0a477x498S15d22472x489S20700446x500S1dc20529x483
aluminium,,2760,AS1ea42S1ea4aS23005S23013M558x521S1ea42514x480S1ea4a461x480S23005533x492S23013443x496
aluminium,,2761,AS1ea02S1ea0aS23005S23013M558x521S1ea02514x480S1ea0a461x480S23005533x492S23013443x496
aluminium,,2873,AS1f740S1f748S2a308S2a310M530x529S1f740509x473S1f748473x472S2a310471x492S2a308507x493
aluminium,,6601,AS1851cS18514S2d400S2d410S2fd00M583x521S2fd00490x480S18514465x501S1851c509x501S2d400540x497S2d410418x498
alvorlig,,47,AS14710S22b04S2ff00M518x539S2ff00482x482S22b04492x509S14710493x484
alvorlig,,2112,AS15a10S26504S2ff00M529x532S2ff00482x483S15a10494x505S26504515x509
amalgam,,2113,AS1f720S22a04S10041S10049S20b00M518x543S10041497x513S10049483x513S20b00494x495S22a04494x477S1f720489x458
amalgam,tannfylling,2115,AS1f711S22f00S36100M548x542S36100482x483S22f00523x503S1f711505x520
ambassade,,2764,AS1f540S15a0aS2b700S15a40S15a48S23804S2381cM530x558S15a0a497x450S1f540500x457S2b700477x442S15a40518x531S15a48470x531S23804504x504S2381c480x504
ambassade,,7047,AS15300S20500S36d00S15a11S15a19S22a05S22a13M538x549S36d00479x451S20500505x469S15300518x462S15a11506x512S15a19474x513S22a13460x535S22a05525x534
ambassadør,,2116,AS15300S20600S36d00M542x515S36d00479x486S15300527x490S20600500x499
ambassadør,,2765,AS1f540S15a0aS2b700S1ed56S22b04M539x556S15a0a481x453S1f540484x460S2b700461x445S1ed56520x495S22b04519x526
ambisjon,,2763,AS1f720S2f900S24e00S1f700S2ff00M558x546S1f720534x531S1f700538x471S2ff00482x483S24e00534x490S2f900540x522
ambisjon,,2766,AS14c40S22b00S2f900S20300S2ff00M559x562S2f900540x522S14c40535x531S2ff00482x483S20300538x466S22b00538x489
ambulanse,,2769,AS14c10S14c18S2f004S2f014S2ff00M551x523S2ff00482x483S2f004531x501S14c18445x465S14c10527x464S2f014449x501
ambulere,,2117,AS10010S26600S26604S26600S26604S36d00M601x520S26604585x481S10010521x490S26600544x480S26604556x481S26600571x482S36d00479x488
ASL,amerikansk tegnspråk,4679,AS1f720S34c00S1f410S22104S36100S1dc20S35c00M550x560S1f720523x466S1f410521x508S1dc20521x530S22104521x499S34c00483x444S35c00483x522S36100482x482
amputasjon,amputere,2125,AS15a40S15a06S22c04M522x536S22c04506x494S15a40509x465S15a06479x504
amputere,amputasjon,2126,AS15a40S15a49S22b04S20e00S3780bM525x530S22b04487x500S15a40487x470S15a49502x475S3780b476x494S20e00475x496
amøbe,,452,AS11811S21800S20f00S30007M541x517S30007482x482S21800513x450S11811516x477S20f00509x462
amøbe,,6603,AS11811S21200S30007M540x518S30007482x483S11811515x479S21200508x461
anaerob,,6604,AS15a31S15a37S20e00S26606S26612S18007S26a04S2ff00M563x537S15a31489x395S15a37488x395S20e00493x378S26606516x396S26612455x396S26a04536x504S2ff00482x483S18007521x512
analyse,,178,AS11912S1191aS26a06S26a12S21800S21800S2fb04M533x536S11912508x480S1191a467x481S21800474x464S21800508x465S26a06513x507S26a12473x505S2fb04492x530
analyse,,239,AS11912S1191aS21800S21800M533x517S11912508x499S1191a467x500S21800474x483S21800508x484
analyse,analysere,7530,AS11513S1151bS26a06S26a12S22121S22127S2fb04M540x536S11513513x470S1151b460x470S22121510x465S22127476x466S26a06512x504S26a12476x504S2fb04494x530
analysere,,100,AS11912S1191aS21800S21800M533x517S11912508x499S1191a467x500S21800474x483S21800508x484
analysere,,355,AS11513S1151bS22125S22123S26a06S26a12S2fb04M539x532S11513512x474S1151b462x472S22125504x468S22123485x468S26a06510x501S26a12479x500S2fb04495x526
analysere,,374,AS11912S1191aS26a06S26a12S21800S21800M533x536S11912508x480S1191a467x481S21800474x464S21800508x465S26a06513x507S26a12473x505S2fb04492x530
analysere,,7529,M540x536S11513513x470S1151b460x470S22121510x465S22127476x466S26a06512x504S26a12476x504S2fb04494x530
anatomi,,6605,AS14c02S14c0aS21100S22b24S32104M529x601S22b24492x571S14c02498x526S14c0a468x529S21100493x555S32104482x483
anbefale,anbefaling,2774,AS15d31S15d39S22f04S30114M518x589S15d39483x560S15d31488x566S22f04489x539S30114482x477
and,,339,AS18521S22100S33b00M530x539S33b00482x482S18521503x512S22100508x532
andel,,2899,M514x538S21100496x491S15a40496x462S15a36487x515S26604493x508
andel,,2900,M532x524S21100478x477S15a40520x486S15a36469x501S26604475x494
andel,,6343,M514x539S21100492x494S15a40493x462S15a36487x511S26604491x509
andel,,6344,M529x523S21100476x478S15a40517x484S15a36471x495S26604475x493
andel,,7061,M514x539S15a40494x461S21100494x493S15a36487x512S26604492x509
andel,,7290,M514x539S21100493x492S15a40495x461S15a36487x510S26604493x509
andre,,2798,AS10041S2d708S14c37M539x522S10041462x492S14c37512x492S2d708474x478
andre,"annet, annen",2812,AS10e02S28a0aS10e00M543x523S10e02458x503S28a0a488x478S10e00528x493
andre,,2816,AS10e00S2920aM521x523S10e00480x493S2920a490x478
anelse,,2799,AS10011S26607S2ff00M553x518S10011532x474S2ff00482x483S26607507x474
anelse,,2800,AS10011S26603S2ff00M549x518S10011528x473S2ff00482x483S26603503x475
anelse,,2804,AS10011S20500S2ff00M549x518S10011528x477S2ff00482x483S20500500x487
aner-ikke,ukjent-for-meg,6345,AS1dc01S21100S22a04S22104S20500S30004S36e00M531x600S36e00477x549S1dc01490x522S30004482x482S21100518x510S22104519x528S22a04495x569S20500496x589
spisevegring,aneroxia nevrosa,71,AS1eb07S33b00S22f01S15a28S15a20S26627S2f900S30304S35000S37401M584x610S33b00474x434S1eb07498x469S2f900569x571S30304477x520S35000477x531S37401482x569S15a28532x583S15a20541x575S26627562x553S22f01512x492
aneroxia nevrosa,spisevegring,7064,AS1eb00S20600S33b00S15a20S15a20S26527S2f900S35000S30304S37401M524x646S33b00477x435S20600485x474S1eb00490x488S30304479x520S35000479x531S37401481x567S15a20480x619S15a20499x613S26527494x597S2f900496x590
anfall,,422,AS15000S15008S26504S26514S2fb04S2f700S37104S37154M529x544S37154472x457S37104480x456S15000500x470S15008472x470S26504505x507S26514478x507S2f700492x537S2fb04491x526
anfall,,2805,AS10e04S28c0aS10e30M525x530S10e04476x488S10e30510x500S28c0a497x470
angre,anger,2806,AS20300S20e00S26506S2ff00M540x518S20300525x487S2ff00482x483S26506510x486S20e00494x488
angi,angiveri,2808,AS15a10S10049S33b00S32417M534x564S33b00482x483S15a10510x495S10049513x534S32417493x493
angrep,angripe,2810,AS15420S26600S20350M508x542S15420493x517S26600492x481S20350492x458
animasjon,,2878,AS17710S17748S24e3cS24e1cS17740S17718S24e04S24e44S17710S17748M544x543S17710501x458S17748479x458S17718477x494S17748478x527S17740498x495S17710500x528S24e3c519x471S24e04523x505S24e1c456x468S24e44459x505
animasjon,,2879,AS1f710S1f718S27100S27114S2fc04S37140S3714cM562x530S37140480x470S2fc04497x519S1f710518x491S1f718472x492S27100522x513S27114452x515S3714c462x471
anke,klage,2880,AS1f503S22f04S20e00S36d00M540x520S36d00479x481S1f503518x493S22f04494x506S20e00503x490
anmelde,anmeldelse,2823,AS10010S10018S26600S26610S33b00M531x543S33b00482x483S10010501x513S10018482x512S26600515x480S26610469x480
annerledes,forskjellig,2817,AS10051S10059S20e00S26606S26612M543x520S10051492x499S10059474x499S20e00493x483S26606513x480S26612457x480
annerledes,forskjellig,2818,AS10051S10059S20e00S26606S26612S10040S10048M560x520S10051493x499S10059475x499S20e00494x483S26606514x480S26612458x480S10040545x487S10048441x490
annonse,,2824,AS20351S15a37S20c01M520x521S15a37496x491S20351499x500S20c01481x479
annullere,,2826,AS10051S15a06S23303M523x520S15a06478x480S10051493x488S23303477x498
anonym,hemmelighet,2827,AS16c10S28902S20310S2ff00M551x534S2ff00482x483S28902497x497S16c10531x499S20310480x519
anonym,,2881,M534x533S2ff00482x483S2e400495x489S2e41c477x497S14c20511x502S14c28468x501
anorakk,,2829,AS1ea10S1ea18S23004S23014S2ff00M546x555S1ea10520x513S1ea18455x511S2ff00482x483S23004521x537S23014451x537
ansatt,,601,AS20302S15a16S22a04S20500M513x532S15a16486x520S20302490x503S20500492x487S22a04491x467
anstendig,"orden, ordne, rydde",2830,AS15a40S15a48S28b2aM535x525S15a40497x498S15a48465x498S28b2a491x475
ansvar,,902,AS1f710S22f04S21100S36d00S2ff00M560x556S2ff00482x483S36d00479x525S22f04535x542S21100539x520S1f710503x531
ansvar,byrde,907,AS1f540S22a04S21100S36e20S2ff00M540x556S2ff00480x482S22a04526x541S1f540502x532S21100527x520S36e20477x522
belastning,"ansvar, byrde",1728,AS1f510S22a04S21100S36f04S36f0cM533x534S36f04479x466S36f0c467x467S1f510501x483S21100503x501S22a04503x519
belastning,"ansvar, byrde",7409,AS1f510S22a04S21100S36f04M527x529S36f04473x472S1f510496x481S21100498x498S22a04498x514
antall,,2832,AS10041S1dc09S20e00S20e00M530x526S1dc09486x490S10041509x496S20e00507x475S20e00471x489
antall,,2833,AS10041S1f502S20f00M525x521S10041504x491S1f502479x491S20f00475x479
antenne,,2835,AS10020S26c02S2ff00M550x528S10020535x467S2ff00482x483S26c02533x501
anti,mot,1773,AS15a02S15a48S26502M527x514S15a48474x487S15a02482x494S26502512x493
apartheid,,2882,AS14c10S29904S21100S2ff00S18232S1823aS26606M558x578S2ff00482x483S14c10520x487S29904504x497S21100499x486S18232504x555S1823a483x555S26606528x552
aplaus,,1960,AS15a51S15a37S20c00M517x521S15a37494x498S15a51483x497S20c00487x479
apostel,,2836,AS1f540S1f50aS26600M513x535S1f540498x502S1f50a488x511S26600497x465
maskin,"bedrift, fabrikk, apparat",1195,AS14c02S14c0aS28804S2881cM546x513S14c02498x487S14c0a471x490S2881c454x490S28804534x489
apparat,,1961,AS15a58S15a58S23c04S23c1cS15a40S15a48M541x534S23c04518x475S23c1c460x477S15a58502x467S15a58487x467S15a40527x506S15a48462x507
appell,,2886,AS18257S22f01S2ff00M550x518S2ff00482x483S18257533x481S22f01517x459
appelsin,,7313,AS16d10S26a00S34400S17710S1000aS20700S2c300M562x623S34400482x483S26a00523x499S16d10529x518S17710512x585S1000a482x591S2c300536x580S20700506x608
appetitt,,1964,AS1770eS20500S33b00S15a02S22a04S21100M518x615S22a04495x600S33b00482x483S1770e493x535S20500496x521S15a02485x566S21100494x583
appetitt,,2885,AS1770eS20600S33b00M518x555S20600488x522S33b00482x483S1770e493x535
bravo,"hurra, applaus",1198,AS14c10S14c18S2e204S2e21cS34000M558x560S34000482x482S14c10535x478S14c18438x478S2e204537x526S2e21c438x523
applaus,,2887,AS14c10S14c18S2e230S2e230S33e00M563x526S33e00482x483S14c10540x455S14c18443x456S2e230541x491S2e230444x494
aprikos,,1965,AS1f720S26502S1530eS22a00S33b00M564x556S1f720544x527S33b00482x483S22a00494x522S1530e488x541S26502524x532
aprikos,,7317,M529x517S2fb00491x483S22120506x492S22120471x491S17d14471x502S17d1c506x502
arbeid,"arbeide, jobb, jobbe",270,AS20310S20318S20c00M526x517S20310483x483S20318475x501S20c00498x504
arbeid,,6352,AS20300S20300S2e700S2e714S2fb04M519x532S2fb04496x526S2e700504x491S2e714484x500S20300502x469S20300482x481
arbeid,,7087,AS20300S20300S22f04S20c00M514x533S22f04486x468S20c00486x485S20300496x501S20300488x518
arbeid-ikke-ferdig,,1477,
arbeidsgiver,,4676,AS20310S20318S20c00S15a31S25603M535x538S20310502x463S20318494x481S20c00466x467S25603511x496S15a31490x515
areal,,2891,AS15a12S2e83eM516x517S15a12485x484S2e83e484x501
areal,,2892,AS15a12S2e93eM520x518S15a12485x483S2e93e480x501
arealvektor,,1986,M515x516S10010500x486S15d59485x484
arealvektor,,5907,M514x515S10010499x485S15d59486x487
arealvektor,,6354,M515x515S10010500x485S15d59486x485
arealvektor,,7321,M515x515S10010500x485S15d59485x486
argument,,1988,AS15a30S15a36S22a04S20b00M514x532S15a30488x505S15a36487x512S22a04487x469S20b00487x488
argumenter,,7322,AS15a30S15a36S22f04S20c00M517x533S20c00484x485S22f04486x467S15a36490x514S15a30493x506
argumenter,,7323,AS15a31S15a37S22f04S20c00M514x530S20c00486x490S15a37486x507S15a31489x507S22f04487x471
ark,papirark,2895,AS10040S10048S23c04S23c1cM531x531S10048476x501S10040510x500S23c04508x469S23c1c470x469
Arkimedes' lov,,627,AS15d22S15d0aS20700S15a40S15a18S20500M526x555S15d22498x446S15d0a499x458S20700473x454S15a18488x512S15a40504x512S20500496x544
fattig,arm,3376,AS15d02S22f04S21200M514x527S15d02486x474S22f04486x513S21200486x497
arrangement,,1996,AS20350S20350S2d220M526x517S2d220487x494S20350474x484S20350511x484
arrangere,"rydde, ordne",2922,AS15a40S15a48S22a24S2f900S26626S22a24S2f900M537x534S15a40496x467S15a48464x467S22a24479x510S22a24524x511S26626494x505S2f900479x529S2f900525x527
arrangere,,7144,AS20350S20350S2d220M527x517S20350512x484S20350474x484S2d220488x494
arrangør,,3734,AS20350S20350M527x522S20350512x480S20350474x479S2d320484x499
arrest,,4000,AS14c01S14c09S26520S2ff00M524x550S2ff00482x483S14c09479x510S14c01498x513S26520492x535
arrestant,,1997,AS16d12S20800S3780aS36d00M521x517S36d00479x484S3780a466x485S16d12461x491S20800485x500
fange,arrestant,3424,M526x526S37600487x492S20301474x476S20303505x475S20500494x515
fange,arrestant,3425,M521x518S36d00479x483S16d12468x490S37800479x484S20800487x508
arrestere,arrestert,1998,AS16d12S20800S2f900S3780aS36d00M521x516S36d00479x484S3780a466x484S16d12463x491S20800485x504S2f900485x498
arrestere,,3833,AS16c41S20800S2f900S37809S36d00M521x521S36d00479x479S20800459x502S16c41467x488S37809471x481S2f900457x516
arrogant,,4001,AS10a10S22f00S20e00S33110S30100M544x536S30100482x477S33110499x499S20e00523x513S10a10494x510S22f00519x501
artikkel,avisartikkel,3200,AS16c56S15a06S22b04M514x525S15a06487x479S16c56489x505S22b04491x476
artikulasjon,,4066,AS15a12S23000S2ff00M542x531S2ff00482x483S15a12486x519S23000517x512
arv,,62,AS15050S26504M513x527S15050487x472S26504492x512
arv,arve,399,AS15030S26504M513x526S15030487x475S26504492x511
arv,arve,6611,AS15030S15038S26504S26514M529x526S15030503x475S15038472x474S26514479x511S26504507x511
asjett,,4678,AS10004S15a30S2e732M513x531S15a30494x504S10004498x470S2e732488x513
aske,,4025,AS1851cS18514S26606S26612S21100S21100S30350S30350M563x538S18514468x519S1851c505x519S21100506x508S21100482x509S26606533x520S26612433x522S30350483x495S30350508x496
aske,,4677,AS15540S15548S26606S26612S17740S17748M589x513S15540501x487S15548483x487S17748411x493S17740569x492S26606531x493S26612440x493
aspekt,,1590,AS10e00S26600S26604S32400M555x528S32400482x483S10e00523x498S26600522x465S26604539x464
assimilasjon,assimilere,6613,AS14c27S14c2fS26503S26515S17727S1772fM550x532S17727503x513S1772f480x513S26503510x496S26515481x497S14c2f451x468S14c27524x468
assistent,assistere,1592,AS10e22S15a48S10e02S15a18M520x533S15a48482x468S15a18481x506S10e02488x514S10e22490x473
assistent,assistere,1593,AS10e22S15a48S20602S2c300S20602M563x515S15a48438x488S20602508x488S20602553x489S10e22455x494S2c300523x486
forsikring,"assuranse, attføring",588,AS1f550S15a48S2c300S20500S2f900M537x526S15a48463x474S1f550478x482S20500477x506S2f900477x521S2c300511x477
forsikring,"assuranse, attføring",8229,AS1f540S15a0aS20500S2a20aS2f900M514x545S20500499x464S15a0a487x482S1f540494x487S2a20a489x516S2f900499x455
astma,,4123,AS14c02S26500S26500S34c00S33802S33806M556x552S26500542x534S14c02479x529S26500516x533S34c00482x482S33806508x499S33802479x500
astrofysikk,,1595,M565x537S15320441x480S2e104436x509S2fb04531x522S26a02548x497S26a16515x498S1d810548x463S1d818511x464
astronaut,,4680,AS18111S18119S2ff00S28f0cS28f14M546x530S2ff00482x483S18111522x473S18119459x469S28f14465x475S28f0c495x476
asymptote,horisontal,6363,M563x517S1dc28438x484S1df21461x496S26606498x499S1f411533x492
asymptote,horisontal,6364,M515x552S1dc28491x522S1df24485x500S22a00488x482S1f112488x449
asymptote,,7154,M559x516S1dc28441x485S1df21461x495S26606494x499S1f411529x491
asymptote,,7155,M514x553S1f112491x448S22a00492x484S1df24486x504S1dc28490x523
asymptote,horisontal,7339,M561x516S1dc28439x485S1df21459x494S1f411531x495S26606496x498
asymptote,vertikal,7340,M515x552S1dc28491x522S1df24485x500S22a00488x482S1f112488x449
at,,4681,AS1f410S22104S34c00S22204M528x551S1f410499x536S22104498x526S34c00482x483S22204504x504
atmosfære,,44,AS15a02S15a06S22114S22114S16c10S2890aS2ff00M554x568S2ff00482x483S15a06448x502S15a02525x503S22114445x490S22114528x489S16c10500x547S2890a525x549
atmosfære,,160,AS14c00S26500S20500S14c00S20500S26504S33600S33500S17150S17158S28a0cS28a14S17130S17138M566x673S33600440x484S14c00452x526S20500461x568S26504528x583S33500511x480S14c00523x525S20500530x566S26500460x585S17150525x613S17158502x614S17130528x652S17138505x653S28a14480x625S28a0c549x623
atmosfære,,2210,AS15a02S15a06S22130S22130S2ff00S16d10S2890aM554x572S2ff00482x483S15a02523x496S15a06451x496S22130522x486S22130448x486S2890a510x551S16d10487x552
atmosfære,luftkule,2525,AS14c00S14c08S26a04S26a14S36d00S17150S17158S2880cS28814S17130S17138M547x562S36d00479x460S14c00522x438S14c08455x438S26a04520x471S26a14452x471S17150506x514S17158477x514S17130506x542S17138476x542S28814458x528S2880c530x528
atmosfære,luftkule,5706,AS14c00S14c08S26a04S26a14S36d00S17150S17158S28a0cS28a14S17130S17138M550x588S36d00479x432S14c00522x414S14c08454x413S26a04520x450S26a14451x448S17150509x530S17158481x530S17138480x568S17130510x568S28a14459x538S28a0c533x539
atmosfære,luftskall,6615,AS15a02S15a06S22130S22130S2ff00S16d10S28a0aM556x609S2ff00482x483S15a02525x496S15a06450x496S22130524x486S22130448x486S16d10474x589S28a0a495x578
atmosfære,pustekule,7341,AS14c00S26500S20500S33600S14c00S20500S26504S33500S17150S17158S2890cS28914S17130S17138M539x677S14c00487x481S14c00489x564S17130503x657S33500478x524S28914452x640S2890c524x640S17150502x625S17158474x627S17138471x655S20500510x482S20500513x568S26500511x495S26504510x581S33600475x442
atom,,32,AS1f110S2f900S32d00S35b04M550x542S35b04482x482S32d00482x482S1f110521x518S2f900536x537
atom-bombe,,7157,M512x543S2f900495x457S1f720488x464S22100495x482S22a04494x492S14c50488x512
atombombe,atomvåpen,196,AS1f720S22a04S14c50S2f700S34c00M551x576S1f720527x505S22a04533x527S14c50527x545S2f700515x531S34c00482x482
atombombe,atomvåpen,4683,AS20319S20311S22f03S22f15S34c00S37600M547x567S37600488x542S20311475x530S20319506x528S22f03526x543S22f15457x546S34c00482x483
atombombe,atomvåpen,5306,AS1f720S2f900S22a04S22100S14c50M512x542S14c50488x511S22a04492x483S22100494x502S1f720488x465S2f900494x458
atomkjerne,,366,AS14210S15a48S20500M522x520S20500493x509S14210493x481S15a48478x481
attest,,4684,AS15a31S15a39S22a04S20b00M515x531S15a39492x505S15a31486x508S20b00491x488S22a04492x470
audiograf,,3137,AS10010S26606S33010S1ed56S22b04M568x619S33010479x483S10010517x499S26606538x492S1ed56523x558S22b04522x589
audiogram,,2219,AS10010S26606S33010S10011S1dc28S29906M574x582S33010479x483S10010520x502S10011523x552S26606544x499S29906489x547S1dc28474x549
audiopedagog,,4685,AS10010S26606S33010S18510S18518S26a02S26a16M568x618S33010479x483S10010517x499S26606538x492S18510502x566S18518471x570S26a02505x581S26a16483x591
august,"frukt, eple",1083,AS15410S2e000S30005M539x560S15410524x498S30005482x482S2e000516x531
"Augustus, stavet",,860,AS1f720S11520S2a20cS1e140S11520S2a20cS1f420S22104S1ea10S11520S2a20cS1f420S22104M614x533S1f720386x484S11520414x469S2a20c408x505S22104590x472S11520472x467S2a20c467x503S1f420496x483S22104501x471S1ea10533x477S11520565x468S2a20c561x504S1f420585x483S1e140438x473
automatisk,"maskin, tannhjul, automat",4690,AS14c01S14c09S28804S2881cS21000M526x534S14c09475x467S14c01500x471S28804499x512S2881c486x512S21000489x496
autoritet,,4688,AS1f540S22f00M513x523S22f00488x477S1f540493x499
avanse,,7194,AS15310S15a16S2880eS20e00S20310M525x532S20310476x474S2880e488x493S20e00494x507S15310510x468S15a16487x520
avansere,,1618,AS11541S11549S20500S25e27M526x532S11541489x504S11549474x505S20500489x490S25e27499x468
avbryte,"brekke, brekke av",1619,AS20350S20350S20500S2880bS28813M528x521S20500495x498S28813473x501S2880b508x501S20350504x479S20350483x479
avbryte,,4689,AS10e41S15d59S26601S22713M530x528S15d59471x497S10e41504x498S22713507x477S26601483x473
avbryte,,6369,AS14c20S20350S26500S20350M519x532S20350481x487S20350501x468S26500505x487S14c20496x501
avbryte,,7196,M532x519S20350504x481S20350484x481S20500496x499S28813469x499S2880b512x499
avdeling,,4691,AS15a40S15a48S22a04S22a14M545x526S15a40532x477S15a48458x475S22a04532x511S22a14456x511
avfall,"boss, søppel",6616,AS17729S17729S22a05S22a15S22105S22105S22a05S22a15S22105S22105S36d00M576x540S36d00479x460S17729485x494S17729524x490S22a15500x526S22a15518x525S22a05545x524S22a05563x523S22105554x513S22105536x515S22105510x516S22105491x518
avføring,,7197,M544x546S36d00479x454S36d00479x483S10004524x477S21100529x501S25e04528x516
avføring,,7361,AS10004S25e04S21100S36d10M545x546S36d10479x454S10004527x469S21100530x500S25e04529x516
avgift,,7198,AS18212S15a16S20e00S26506M529x519S15a16472x507S18212487x482S20e00500x492S26506514x491
avgjort,,1624,AS15a40S15a0aS22a00S20e00M524x534S20e00510x488S15a40510x507S15a0a477x488S22a00511x466
avgjort,,1625,M538x519S20e00486x482S15a02462x496S15a40501x492S2880f518x494
avgjort,,6371,M523x530S15a02477x487S15a40510x503S20e00510x488S22a00510x471
avgjort,,7199,M523x530S15a02478x488S15a40510x503S20e00510x488S22a00510x470
avgjort,,7362,M522x531S20e00509x486S22a00509x470S15a40509x504S15a02479x486
avhengig,,184,AS20320S26507S2f900S36a00M562x523S36a00482x477S20320526x508S26507547x489S2f900551x508
avhengig,avhengig-av,1630,AS20310S26507S36a00M552x523S36a00482x477S20310521x508S26507539x493
avhengig,avhengig-av,1631,AS20310S25e04S36a00M518x575S36a00482x477S20310493x527S25e04493x545
avlastning,hjelp,7204,AS15a30S15a36S20500S22a20M514x531S22a20492x469S15a36487x499S20500494x520S15a30493x489
avlese,oppfatte,1636,AS14c20S26604S22104S17750M521x545S14c20484x456S26604487x492S22104509x499S17750479x530
avlese,du avleser meg,6379,AS14c00S26600S22100S17707M518x547S14c00483x516S26600486x481S22100506x497S17707492x454
avling,"utbytte, fortjeneste",1637,AS15310S15a16S2890eS20e00S20310M531x535S15a16491x523S15310516x466S20e00497x509S2890e488x491S20310470x472
avløse,,7372,AS20310S20314S26602S26616S2ff00M538x575S26616508x559S20310520x526S20314493x526S26602508x545S2ff00482x483
avløse,avløsning,7483,AS20340S20348S2d500S26516S2ff20M547x518S2ff20476x483S26516514x471S20340532x462S20348492x463S2d500508x449
dømme,avsi dom,3309,AS10010S26600S2f900S34400M526x553S2f900513x548S10010486x520S26600510x515S34400482x483
avsky,avvise,6385,AS15a4eS15a46S26500S2ff20M527x518S2ff20476x483S15a46476x467S15a4e500x453S26500495x432
avslag,,7740,M520x530S15a02480x493S20e00489x494S28805493x510S18211495x471
avvise,avslå,1655,AS18210S15a39S20e00S26607M530x524S15a39471x494S20e00497x500S18210470x509S26607508x477
avsløre,spytte-ut,1642,AS20302S20500S26600S14c02S36a00M549x535S36a00482x477S20500495x524S26600533x487S20302533x520S14c02518x467
vers,"vers i Bibelen, avsnitt",1129,AS1ef20S15d08S20e00S26506M537x513S15d08463x486S1ef20473x494S20e00507x495S26506522x494
avstand,"ta avstand fra, holde avstand til, skyve bort",1641,AS15a4eS15a4aS26500S2ff20S26524M524x518S2ff20476x483S15a4a485x465S15a4e492x447S26500496x426S26524493x495
avstand,,4751,AS18240S18248S26520M516x529S18240492x472S18248484x514S26520491x489
avstand,,7210,M515x538S26600491x463S20500494x497S15a4e485x511S15a4a488x526
avta,,146,AS10010S10018S22a03S22a15S22a03S22a15S22a03S22a15M580x539S10018471x509S10010510x508S22a03534x492S22a15448x493S22a03551x476S22a03567x461S22a15434x478S22a15419x462
avta,minske,431,AS10011S10019S22b03S22b15S2fb00M548x526S22b03507x502S22b15469x502S2fb00494x493S10011527x475S10019453x475
avta,"minske, bli_mindre",1654,AS18210S22a04M512x515S18210489x485S22a04491x500
avta,,2231,M512x512S18210489x489S22a04490x497
avta,,5913,M549x527S2fb00493x491S22b03509x502S22b15466x503S10011528x474S10019451x474
avta,,5914,M512x514S18210489x486S22a04489x499
avta,,6387,M547x525S2fb00491x485S22b03506x501S22b15468x501S10011526x475S10019453x475
avta,,6388,M547x525S2fb00491x485S22b03506x501S22b15468x501S10001526x475S10009453x475
avta,,6389,M512x513S18210489x487S22a04490x498
avta,,7487,M550x526S2fb00492x488S22b03510x502S22b15465x501S10011529x475S10019450x475
avta,,7488,M512x513S18210489x487S22a04488x498
avtagende,,1913,M538x539S10020523x462S10028462x463S10020502x508S10028481x509S2880d514x497S28815465x499
bedømming,"bedømning, vurdering, avveiing, avveining",6402,AS15a30S15a30S23108S23118S2fb00M533x528S2fb00492x472S23108507x482S23118467x480S15a30507x500S15a30480x501
avvise,,1656,M528x522S15a4a473x510S1824c475x491S26607506x478
avvise,,1657,M567x518S26607525x435S15a52484x452S15a4a482x465S15a4f544x419S20e00512x454S2ff20476x483
avvise,,1658,M524x518S2ff20476x483S15a4e490x449S15a46488x464
avvise,,6390,M518x529S15a02482x492S20e00490x492S18211493x472S28805493x509
avvise,,6391,M527x524S15a36473x512S1824c474x491S26607505x477
avvise,,6392,M570x518S2ff20476x483S15a4a484x466S15a52487x451S15a4f547x411S26607530x430S20e00517x451
avvise,,6393,M524x518S2ff20476x483S15a46478x465S15a4e496x448S26500496x428
avvise,,7489,M519x528S15a02482x491S20e00491x491S28805493x508S18211494x472
avvise,,7490,M527x524S15a36474x512S1824c476x494S26607505x476
avvise,,7491,M571x518S2ff20476x483S15a4a482x467S15a52485x453S20e00515x450S26607528x429S15a4f548x411
avvise,,7492,M524x518S2ff20476x483S15a46487x467S15a4e494x453S26500497x434
b,,753,AS14720M507x511S14720493x489
b,,1659,M507x511S14720493x489
b,,6394,M507x511S14720493x489
b,,7217,M507x511S14720493x489
b,,7493,M507x511S14720493x489
baby,,596,AS15a32S15a36S26622S26626S20500S20500S37706S37706S2f804M538x540S15a36510x476S15a32466x464S37706480x481S37706494x471S20500528x460S20500462x480S26622480x496S26626501x507S2f804477x529
baby,,996,AS15a1eS15a16S26622S26626S20500S20500S2f804S37706S37706M538x540S15a1e467x465S15a16510x475S37806480x481S37706494x471S20500528x460S20500462x480S26622480x496S26626501x507S2f804477x529
spebarn,baby,1535,AS19210S19218S26c08S26c18M534x525S19210511x480S19218466x476S26c08507x510S26c18468x505
baby,,1662,AS15a1eS15a16S26c2aS2f804S37806S37806S32103M531x609S15a16504x550S15a1e466x536S37806495x541S37806470x555S26c2a492x567S2f804480x598S32103482x483
bacon,,1663,AS11512S1151aS26606S26612S22120S22120S2fb00M571x516S11512504x501S1151a466x501S2fb00493x485S26606541x499S26612430x499S22120518x484S22120462x485
badstu,,4675,AS1eb07S20c00S36d00S35000S34c00S34b00M544x561S35000457x483S34c00484x483S20c00446x535S36d00484x536S1eb07479x534S34b00508x483
bake,,1857,AS16f50S16f58S2c400S2c411M543x525S16f50510x476S16f58466x476S2c400503x502S2c411457x502
bake,,5567,M541x525S16f50506x476S16f58465x476S2c401501x502S2c410459x501
balanse,"balansere, likevekt, veie",1669,AS15a30S15a30S23108S23118S2fb04M532x528S15a30506x472S15a30482x473S23108506x502S23118469x501S2fb04495x522
balanse,balansere,5915,AS15a50S15a50S23108S23118S2fb04M531x529S15a50514x471S15a50477x471S23108505x502S23118469x502S2fb04494x523
Jorden,"planet, kule, ball",1362,AS15420S15428S2df06S2df1eM521x532S15428478x469S15420505x469S2df06501x508S2df1e478x507
ball,,1365,AS15420S15428S2df06S2df1eS35c00M522x593S15428479x530S15420506x530S2df06502x569S2df1e479x568S35c00482x482
Jorden,"planet, ball",1370,AS15450S15458S2a20aS2a212M524x534S15458477x466S15450504x466S2a20a503x505S2a212475x504
ball,,5196,AS1535aS15352S20500S2880cS28814S15336S1533eS20500M532x531S28814475x491S2880c512x490S15352468x474S1535a507x474S1533e468x516S15336505x515S20500495x469S20500494x519
ballong,,7506,AS14c18S14c10S28a0cS28a14M549x518S28a14478x482S28a0c503x482S14c10526x482S14c18451x482
BAM,raskt,1596,AS10040S23100S2f730S2f900S15a48S34c00S22200S22204S35310S2ff10S2f730M541x599S22204524x520S22200525x488S2ff10482x501S2f730524x497S35310494x517S15a48485x550S10040503x548S23100499x580S2f900529x594S2f730529x572S34c00482x470
BAM!,,1436,AS33b00S34900S33b00S2f700M545x530S33b00454x482S33b00509x483S34900481x482S2f700492x523
banan,,1672,AS1f110S1f118S2880bS28813S2fb04S1eb27S1eb2fM567x528S1f110507x472S1f118466x472S2fb04493x495S28813443x476S2880b540x476S1eb27547x501S1eb2f434x500
bank,,10,AS15a00S17d48S20700M521x521S15a00509x494S17d48480x504S20700485x479
banke,banke-på,446,AS11041S26b07M528x524S11041471x476S26b07500x496
banke,banke-på,997,AS11000S26b00M528x514S11000472x485S26b00501x496
banke-på,,303,AS1ea47S26b07M524x525S1ea47475x474S26b07496x497
barmhjertig,,7517,AS18232S21100S30005S22a04S20500S15a01M542x582S30005482x483S21100510x515S18232527x497S22a04512x532S20500513x553S15a01496x559
barmhjertig,,7518,M569x640S30005479x482S21100556x493S18232524x494S22a04556x511S36d00480x594S15a03495x609S20500510x629
barn,et stort barn,320,AS15a50S2f900S2ff00M532x555S2ff00482x482S15a50520x513S2f900520x550
barn,et lite barn,417,AS15a50S2f900S2ff00M530x581S2ff00482x482S15a50518x540S2f900518x576
barn (entall),,1677,AS15a50S22a04M507x523S22a04494x508S15a50494x477
barn (flertall),,1678,AS15a50S22f04S26606M525x519S15a50476x482S26606495x492S22f04490x505
barn til høyre,,770,AS15a50S2f900S32105S33e00M536x565S33e00482x482S15a50524x524S2f900524x560S32105482x482
barnål,,7233,M550x543S14c03496x457S14c0b481x460S28905523x469S2891d450x469S10018479x513S22120481x501S26506485x509S1eb10506x512
barnåler,,7373,AS14c03S14c0bS28905S2891dS1eb10S10018S26a06S22104M549x552S14c03495x448S14c0b482x450S28905522x458S2891d452x458S10018475x522S26a06482x505S1eb10510x518S22104509x507
barometer,,556,AS15a06S10011S2880aS28802S20500M518x530S15a06491x503S10011483x491S20500500x519S2880a496x486S28802491x471
barometer,,2236,M563x526S15a16438x514S20350445x499S26504446x482S2f900448x474S10011517x492S2890a534x487
barometer,,2536,M514x530S15a02486x511S10011488x500S28802490x485S2880a492x471
barometer,,5710,M519x530S15a06489x512S10011482x500S2890a490x486S28902488x470
barometer,,7524,M520x563S15a16493x478S20350500x463S26504501x444S2f900504x437S10011480x533S2890a491x524
barometer,,7525,M520x563S15a16493x478S20350500x463S26504501x444S2f900504x437S10011480x533S2890a491x524
barometer,,7526,M517x539S15a02484x516S10011484x509S2890a488x478S28902487x462
basis,"grunnlag, grunn, grunn-",413,AS15a12S15a16S2f900M513x518S15a16486x506S15a12486x492S2f900496x482
grunn,"grunnlag, basis, grunnleggende",1007,AS15a12S15a1aS20500S2f900M523x514S15a1a479x502S15a12477x486S20500512x490S2f900512x506
"basketball, ASL",,8251,AS15040S15048S23000S23010S15018S15010M533x545S15040507x514S15048468x514S23000506x492S23010470x492S15018470x456S15010505x455
"basketball, ASL",,8252,AS15040S15048S23000S23010M566x520S15040510x482S15048468x481S23000541x502S23010434x500
be,,7385,AS15a10S15a18S20500S30104M518x582S30104482x477S15a10500x541S15a18486x540S20500493x571
be,,7541,AS15a10S15a18S26520M513x522S26520493x479S15a10501x495S15a18487x495
bed,åker med mange planter,1693,AS17716S1771eS22a00S22a10S15516S1551eS26626S17716S1771eS22a00S22a10S15516S1551eM586x531S22a10427x491S22a00459x491S22a00563x491S22a10531x491S26626486x493S17716458x509S1771e424x510S1771e528x509S17716564x511S1551e523x470S1551e415x471S15516455x471S15516560x470
bedømming,"bedømning, utvelgelse, peke_ut",6401,AS10040S26a00M517x525S10040484x495S26a00490x475
befaling,befale,1698,AS10010S25e04S2f900S33b00M518x579S33b00482x483S10010488x512S25e04488x549S2f900505x559
befaling,befaling til mange,861,AS10010S10018S26707S26711S2f900S2f900S33b00M558x543S33b00482x483S10010515x512S10018473x513S26707527x476S26711446x477S2f900540x507S2f900457x510
folk,"et folk, befolkning",803,AS18210S26602S20e00S2ff00M539x522S2ff00482x482S26602469x500S20e00501x502S18210516x507
befruktet,,7553,AS1da10S1da18S20700M515x525S1da10499x476S1da18486x476S20700491x510
befruktning,,370,AS1ce10S1ce18S26502S26516S20700M535x525S1ce18481x476S1ce10499x476S20700491x510S26502520x511S26516466x508
befruktning,,387,AS1da10S1da18S26502S26516S20700M530x528S1da10500x499S1da18487x499S20700493x472S26502515x473S26516471x472
beger,,1708,AS1f151S15a16S22a00S1ee51M521x535S15a16480x523S1f151491x496S22a00485x487S1ee51488x466
beger,,4792,AS16d01S15a16S22a00M514x521S15a16486x509S16d01494x480S22a00492x499
begrave,"begravelse, bisette, bisettelse",4793,AS18212S1821aS22b24S2f804S32104S30820M534x589S22b24492x547S1821a468x539S2f804480x578S18212519x539S32104482x487S30820492x478
begravelse,bisettelse,1709,AS18212S1821aS22b24S2f804S32103S30820M518x593S22b24473x551S1821a449x543S2f804461x582S18212500x543S32103482x487S30820493x478
begrep,"begripe, fatte",75,AS14c20S28103S20310S30007M588x518S30007482x483S20310522x481S14c20565x434S28103544x461
begrep,,94,AS14c20S22b03S20300S20500S30007M581x517S30007482x482S20300516x474S22b03537x450S14c20558x424S20500500x468
begrep,"begripe, fatte",998,AS10011S28107S20318S30007M567x520S30007482x483S20318552x436S28107528x460S10011520x490
begrep,,6406,AS14c20S26603S20301S30007M580x518S30007482x483S20301512x470S26603532x450S14c20557x425
begrunn,,4829,AS15a12S15a1aS22f04M515x521S15a1a486x509S15a12485x495S22f04490x480
begrunne,begrunnelse,4868,AS15a12S15a1aS22a04M514x522S15a1a487x510S15a12486x496S22a04495x479
begynne,"begynnelse, starte, start",1718,AS10002S10048S21100S26504M518x524S10002488x497S10048489x494S21100482x476S26504498x479
behagelig,,4895,AS14c02S20600S33e00M518x571S33e00482x483S14c02480x533S20600490x560
behandle,behandling,1202,AS15d02S15d0aS27104S27110S20f00M541x531S15d02496x469S15d0a475x469S27110459x499S27104501x499S20f00488x519
beherske-seg,,1721,AS20312S21100S22a04S35300M518x587S35300482x483S20312493x537S21100494x556S22a04495x572
bein,knokkel,7562,AS10650S1061aS20c00M526x522S10650505x496S1061a475x504S20c00487x479
bekjenne,,7407,AS10010S10018S25d05S25d13S2fb04S33b00M553x561S33b00482x483S10010519x510S10018467x511S2fb04493x547S25d05535x543S25d13445x543
bekjenne,ja,7567,AS19220S2df00M513x523S19220492x478S2df00488x502
bekk,,7514,AS1ef41S25103M526x525S1ef41496x475S25103474x500
elv,bekk,8072,AS1ef41S24d0dM527x527S24d0d474x499S1ef41497x474
beklage,"beklager, unnskyld, unnskyldning",4896,AS15d51S15d39S26a07S20e00M525x527S15d39478x495S15d51475x504S20e00501x486S26a07504x473
beklager,beklage,4897,AS1f503S22f04S20f00S33b00M563x549S33b00482x483S1f503541x527S20f00513x521S22f04514x533
bekreftelse,"ja, nikke, bekrefte",5568,AS30114M518x523S30114482x477
bekreftelse,,4826,AS20310S20314S22a04S20b00M519x526S20310504x493S20314502x511S22a04504x475S20b00481x502
bekreftelse,,4827,AS20310S15a16S22a04S20b00M520x524S20310498x495S22a04497x477S15a16493x512S20b00480x498
bekymring,bekymret,4902,AS14611S22620S2e300S2ff00M547x518S2ff00482x483S22620506x470S2e300488x477S14611517x484
Belgia,,4916,AS14710S26600S33b00M533x524S33b00482x483S14710516x502S26600517x470
belysning,"lys fra lykt, lys fra lampe",1729,AS17727S26500S14c20M513x538S14c20488x462S26500493x498S17727493x519
benk,,4929,AS17250S17258S26606S26612M553x511S17250502x489S17258481x489S26606523x495S26612448x495
olje,bensin,433,AS1dc01S28803M524x515S1dc01501x485S28803476x491
olje,bensin,804,AS1dc01S22e03M516x526S1dc01484x475S22e03497x507
bensin,olje,999,AS1dc10S2c300M524x522S1dc10500x478S2c300475x499
benytte_seg_av,"gripe_sjansen, utnytte",6411,AS14c02S15a16S26602S20300M546x516S15a16454x504S20300461x487S26602481x487S14c02515x485
beregne,,228,AS14c20S15a06S22b04S20e00S22520M516x549S14c20488x467S15a06486x514S22520484x451S20e00492x500S22b04490x519
beregne,løst_overslag,1911,AS14c20S29904S22610S31000M528x600S14c20505x533S29904512x568S31000482x483S22610506x526
Bergen,,1737,M518x518S1f510460x502S21100470x486S26606486x484S30000482x483
Bergen,,1738,M536x518S1f510521x499S21100468x486S26606484x484S2ff00482x483
Bergen,,7576,M534x537S2ff00482x483S26606485x486S21100467x486S1f502519x513
Bergen,,7577,M518x526S2ff00482x483S26606485x491S21100467x491S1f502455x502
Berlin,,1739,M573x518S30007482x483S20500514x477S1f503526x485S2df06553x485
Berlin,,7417,M570x518S30007482x483S20500511x474S1f527523x485S2df06550x492
beruset,full,4932,AS11e00S2e500S2ff00M545x518S2ff00482x483S11e00522x472S2e500497x474
beruset,full,4933,AS14c01S2e500S2ff00M547x518S2ff00482x483S2e500497x474S14c01521x478
berømt,,1741,AS15a11S24007S20b00S2ff00M557x518S15a11534x448S24007513x465S2ff00482x483S20b00521x493
berømt,,7581,AS15a11S20500S22b07S30007M568x518S30007482x483S20500515x476S22b07525x454S15a11545x435
beskjed,,4935,AS10010S26600S33b00M518x518S33b00482x483S10010496x446S26600502x412
beskjeden,"flau, sjenert",1742,AS17111S28902S32103M542x520S32103482x483S28902475x502S17111522x504
beskjeden,"sjenert, flau",7582,AS17111S28902S2ff00M542x525S2ff00482x483S17111522x509S28902479x505
beskjeden,tilbakeholden,1744,AS14c04S14c0cS26524S2ff00M536x555S26524494x524S14c04513x524S14c0c466x524S2ff00482x483
beskylde,,4936,AS1dc40S26600S2f900S33b00M544x518S33b00482x483S1dc40516x431S26600516x470S2f900533x469
bevare,beskytte,1766,AS15a20S15a0aS26606S37816M531x522S15a0a503x510S26606501x484S15a20478x478S37816470x513
beskytte,,2243,AS15a00S15a00S2d600S2ff20M532x518S2ff20476x483S15a00500x449S15a00520x445S2d600486x434
beskytte,,2245,AS15a20S15a06S26500S3771bM525x529S26500503x471S15a20503x492S3771b476x507S15a06498x501
beskytte,,7585,AS15a22S15a0aS20500S26500M514x530S20500497x505S26500496x487S15a0a487x518S15a22487x471
beskytte,,7586,AS20320S2035aS26602S3781eM528x524S26602472x476S3781e481x515S20320507x477S2035a513x509
beslutte,bestemme,4937,AS15a40S15a16S22b04M514x532S15a16487x520S15a40490x504S22b04488x469
beslutte,bestemme,4938,AS15a40S15a16S22b04M514x534S15a16487x522S15a40492x467S22b04490x498
best,,4939,AS1f502S22a00S33e00M540x518S1f502525x486S33e00482x483S22a00527x465
bestefar,,4943,AS20310S2a540S37800S2ff00S10012S26606S20e00S33b00M565x556S2ff00483x452S20310523x476S2a540522x497S37800531x492S10012500x541S33b00481x513S26606535x540S20e00484x542
bestefar,,4945,AS11500S22a04S21100S2ff00M518x550S2ff00482x483S11500501x520S21100502x489S22a04503x506
bestemor,,4944,AS11502S26506S21100S2ff00M549x518S2ff00482x483S11502519x491S26506501x487S21100491x488
bestikke,"bestikkelse, betale_under_bordet",1748,AS1851dS15a1aS26600S3770bM533x519S15a1a489x481S1851d493x500S26600517x488S3770b467x487
bestyrer,bestyrerinne,1749,AS1dc21S26500S20e00S1f420S30b00M547x518S30b00482x483S1dc21509x481S20e00514x469S26500513x457S1f420518x452
bestyrerinne,bestyrer,7428,AS1f420S22104S26500S20e00S30b00M546x518S30b00482x483S26500531x496S20e00504x467S1f420517x480S22104519x470
bestyrerinne,,1751,AS1dc01S21100S21100S22102S22106S22a04S2ff00M527x561S2ff00482x483S1dc01486x511S21100514x505S21100472x506S22a04492x546S22102511x525S22106479x525
bestyrerinne,,1752,M570x518S30b00482x483S1dc21517x477S22104522x466S22100523x504S20e00555x494S26500556x475
bestyrerinne,,4946,M522x551S2ff00482x483S20e00510x504S1f40e498x522S20e00479x506S22106487x522S22102505x521
bestyrerinne,,7592,M533x567S2ff00482x483S1dc01488x518S21100515x511S21100472x512S22a04492x552S22120511x555
bestyrerinne,,7593,M571x518S30b00482x483S1dc21515x476S20e00543x494S26500553x477S22120549x466
besøk,"besøk-høyre-mot-venstre, besøk, han besøker henne",194,AS15a42S15a48S28802S21100M519x521S15a48490x490S15a42481x509S21100506x495S28802484x479
besøk_til_meg,,4927,AS15a44S15a06S2b704S21100M523x521S15a06477x492S15a44484x483S21100510x480S2b704507x497
beta-,,6422,M526x517S14520474x484S37700524x492
betale,,4947,AS1f550S15d38S20e00S26500M518x527S15d38482x501S1f550494x512S20e00489x487S26500488x473
betale,,7435,M517x529S15a16487x517S1851c487x500S20e00483x493S26607495x472
betennelse,,4949,AS1530cS15304S21200S21200S23100S23110S2ff00M538x607S2ff00482x483S1530c516x526S15304475x538S23100512x556S23110468x570S21200468x593S21200508x579
betennelse,,7603,AS14c12S15a1aS26502S22520S15a58S15a1aS2880aM527x567S14c12496x451S15a1a480x480S15a58473x540S15a1a485x548S26502473x455S22520477x434S2880a482x525
betent,,1761,AS14c12S15a1aS26502S22520M525x527S14c12494x490S15a1a478x515S22520475x473S26502476x493
betent,,7604,M527x567S14c12496x451S15a12480x480S15a58473x540S15a12485x548S26502473x455S22520477x434S2880a482x525
betingelse,"kreve, krav",2247,AS10a51S15a30S21100S26504M520x533S15a30482x483S21100481x498S26504481x518S10a51487x467
betingelse,,5920,AS10002S1f502S20f00M524x522S20f00477x478S1f502485x498S10002494x494
betingelse,"kreve, krav",7606,AS10003S15a30S26504S20e00M518x530S15a30482x486S10003488x471S26504482x515S20e00483x505
Betlehem,,899,AS14720S22f04S34a00M533x569S14720512x526S34a00482x482S22f04508x555
Betlehem,Betlehem stavet,900,AS14720S14a20S1f220S1dc20S14a20S15a00S26500S33b00S14a20S18d20M568x546S14720346x517S14a20369x523S1f220390x518S1dc20428x506S14a20465x521S33b00482x482S15a00494x519S26500509x520S14a20531x524S18d20548x513
betong,,2249,AS15a51S15a37S20c00M526x520S15a37478x497S15a51475x496S20c00498x480
betong,,7441,AS20300S15a48S26602S20b00M542x514S15a48458x487S20b00476x498S26602493x496S20300527x497
bety,"betyr, like, samme som, samme",671,AS10050S10058S20600M517x524S10058482x494S10050502x494S20600489x476
beundre,,1765,AS15a10S15a18S26502S26516S2f800S20500M524x529S20500495x486S26502509x484S26516477x484S15a18486x502S15a10502x502S2f800483x471
bevare,,7612,AS15a20S15a4aS26706S37b16S37b16M531x528S15a20470x472S26706489x479S15a4a491x505S37b16479x524S37b16505x524
bevegelse,,2254,AS15a04S15a04S26c00S26c10M532x525S15a04475x481S26c00505x505S26c10468x510S15a04513x475
bevegelse,,6624,AS14c50S14c58S26726S26722S26726M530x542S14c50506x511S14c58471x510S26726481x487S26722475x474S26726481x459
bevis,"tegn på noe, sikkert tegn, vitne",987,AS10e30S15a36S22b04S20b00M514x546S15a36487x515S10e30485x516S20b00488x491S22b04486x454
bevis,,1001,AS15a30S15a36S22b04S20b00M513x542S15a36486x520S22b04487x459S20b00489x496S15a30487x515
bevis_(entall),bevise,7449,AS15a30S15a36S20b00M515x518S15a36486x503S20b00502x482S15a30488x491
bevis_(flere),,5924,AS15a30S15a36S20c00M516x521S20c00485x479S15a36489x503S15a30490x494
Bibel,,1123,AS15a08S15a00S2df04S2df1cS11502S15a00S21100S22b04S22a06M522x574S22a06494x546S15a08501x427S15a00487x427S2df04501x459S2df1c479x459S15a00487x501S21100488x529S22b04487x544S11502492x510
bidrag,bidra,1785,AS1851cS15a16S20500S26600M517x535S15a16484x523S1851c492x505S20500492x500S26600489x465
bie,,7451,AS1f410S26502S20500S30006M577x518S30006482x483S20500521x495S26502534x493S1f410548x491
bie,,7689,M583x518S30006482x483S20500521x495S26502535x494S1f410554x492
biff,okse,1787,AS1ec16S20800S33200M518x557S33200482x483S20800496x521S1ec16492x534
biff,,4950,AS1ea40S14c09S20a00S36500M518x579S14c09489x526S1ea40495x547S20a00478x564S36500482x483
bifil,bifili,1789,AS10e00S14c01S14c09M519x538S10e00491x463S14c01493x508S14c09481x511
bifil,bifili,4951,AS15a37S15a41S2a401M528x528S15a37474x473S15a41473x477S2a401495x500
Big Bang,,1790,AS20310S20314S20500S26706S26712S22100S22100S21b00S21b00S2f710S2f700S2fb00M550x527S20500495x493S26712451x490S26706508x490S2f710527x505S2f700461x503S20310503x512S20314482x512S22100514x478S22100477x478S21b00531x479S21b00465x479S2fb00493x474
Big Bang,,1791,M564x527S20500496x492S26712437x511S26706522x511S2f710496x482S2fb00494x473S20310504x511S20314483x511S22100527x506S22100466x507S21b00529x493S21b00469x495
Big Bang,,1792,M587x528S20500495x492S26712436x511S26706521x511S2f710495x482S2fb00493x473S20310503x511S20314482x511S14c10564x497S14c18414x497
Big Bang,,7693,M550x527S20500495x493S26712451x490S26706508x490S2f710527x505S2f710462x504S20310503x512S20314482x512S22100514x478S22100477x478S21b00531x479S21b00465x479S2fb00493x474
Big Bang,,7694,M587x528S20500495x492S26712436x511S26706521x511S2f710495x482S2fb00493x473S20310503x511S20314482x511S14c10564x497S14c18414x497
bil,,7695,AS20311S20319S2880cS28818S28800S28814S2fb04M539x529S20311510x472S20319470x471S28800527x495S2880c512x495S28818477x497S28814461x497S2fb04492x523
bilett,,1794,AS1ef10S1ef18S20500S26606S26612S22104S22100S22104S22100S2fb04M581x521S20500494x479S1ef10503x496S1ef18467x496S2fb04493x515S26612433x495S26606537x496S22100569x507S22100420x505S22104568x495S22104421x494
bilett,,1795,AS1ef10S1ef18S20500S26606S26612S2fb04S1f410S1f418M599x521S20500494x479S1ef10503x496S1ef18467x496S2fb04493x515S26612433x495S26606537x496S1f410570x497S1f418402x497
bilett,,4952,AS1ef10S1ef18S26606S26612S22104S22100S22104S22100M577x510S22104424x490S1ef10502x492S1ef18470x492S22104565x491S26612437x493S26606535x492S22100563x503S22100423x501
bilkjøring,kjøre_bil,1796,AS20310S20314S26620M534x522S26620491x478S20310519x507S20314466x505
billig,,55,AS1ea40S26b02M511x529S1ea40488x471S26b02490x502
bind,sanitetsbind,1798,AS1ed40S1ed48S28807S2881fM557x513S1ed40505x494S1ed48469x494S28807537x489S2881f444x488
binde,bundet,5335,AS1f41aS1f416S2ef02M523x527S1f416488x498S1f41a478x475S2ef02505x473
binders,,1799,AS10e14S15a0aS22a04S20a00M514x540S15a0a487x528S10e14491x460S22a04492x492S20a00489x510
binders,,1800,AS10e14S15a0aS20a00M523x516S15a0a478x504S10e14485x484S20a00505x492
binders,,7702,AS10e14S15a0aS22a04S20700M522x529S22a04503x472S20700479x498S15a0a495x517S10e14503x494
bingo,,1804,AS1eb12S1eb1aS26c04S26c14S2fb04M531x528S1eb12506x472S1eb1a475x474S2fb04493x522S26c04504x503S26c14470x503
bingo,,1805,M531x531S1eb12506x469S1eb1a475x471S26c1c470x500S26c0c504x500S2fc04495x520
biokjemi,,6628,M539x603S2fd04498x460S2e300516x427S2e318468x437S15a20522x397S15a20473x406S28a1a482x564S28a02496x538S17610523x559S17618462x573S2fc00495x592
bistand,,7468,AS15a19S1851dS22a01M526x525S15a19474x475S1851d490x495S22a01513x511
bit,"lite, liten",1817,AS1f110S35b04M518x552S1f110487x537S35b04482x483
bite,,1818,AS16610S22104S22100S2fb04S36100M561x531S36100482x483S22100525x512S22104525x501S16610545x501S2fb04523x525
bite,,2198,AS15320S26500S14a20M508x533S26500492x490S15320492x508S14a20493x467
bite,,7728,AS16610S22104S22100M511x521S16610495x490S22104491x479S22100490x514
bite-i-det-sure-eplet,,7472,AS10011S22b03S20500S35000M518x565S35000482x483S20500463x554S10011494x505S22b03476x531
sville,bjelke,1512,AS16c50S15a1aS26606S21100S37a06M541x516S15a1a514x503S16c50460x495S37a06466x508S26606498x485S21100481x487
Bjørkåsen,,1831,M529x530S15a06502x481S37806471x485S2c300473x471S21100481x497S1f520472x515
Bjørkåsen,,1833,AS1f505S15a06S21100S2c300S37806M555x525S15a06477x495S37806445x500S1f505459x476S2c300529x486S21100536x511
Bjørkåsen,,7744,AS1f508S15a0aS21100S2c300M527x529S15a0a500x479S2c300475x472S21100483x497S1f508473x514
blad,,7749,M569x516S2fb00494x484S11512504x500S1151a466x500S22101526x484S22107466x485S26612432x499S26606539x500
blad,,7750,M536x525S10018465x495S1eb10471x486S26606501x490S22100501x475S22104524x475
blad,,7751,M534x537S15a40521x464S15a0a491x505S22c04518x495S3770b467x511
blakk,pengelens,305,AS17701S17709S28807S2881fS22100S22100S14c30S14c38S34100S36d10M570x574S34100484x482S36d10479x528S28807524x531S2881f455x531S14c30546x501S14c38439x502S22100441x542S22100551x538S17701541x550S17709440x554
blakk,,7611,AS1d411S1d419S22a07S22a11S2fb00S36d00S36d00M553x532S36d00479x469S2fb00495x484S1d411517x496S1d419462x497S22a07540x489S22a11449x490S36d00479x528
blank,,7614,AS14c20S2e100S2f710S36d00M545x538S36d00479x491S14c20522x463S2e100522x498S2f710528x531
bleie,ta på bleie,1041,AS15a40S28c00S15a36S32104S37806M549x569S15a36492x554S37806456x560S32104482x482S28c00511x541S15a40537x542
bleie,,7754,AS15a30S15a16S28d00M522x529S15a16478x485S15a30491x502S28d00498x471
bleie,,147,AS1ed40S1ed48S28a07S28a1fM566x517S1ed40505x497S1ed48469x498S28a07536x484S28a1f435x485
blek,,7619,AS15a00S21100S22a04S2ff00M518x553S2ff00482x483S15a00504x493S21100503x522S22a04504x538
blek,,7755,AS18200S21100S22a04S2ff00M527x552S2ff00482x483S22a04504x537S21100503x520S18200504x500
blekksprut,,4697,AS17711S22f07S14c53M532x535S14c53506x466S17711469x515S22f07486x497
blemme,,1968,AS10012S15a30S2b700M527x517S15a30473x483S10012479x502S2b700508x490
blemme,,7759,AS10002S15a50S2b700M526x516S15a50475x484S10002483x501S2b700507x487
blende,,1969,AS17711S26503S14d1dS31500M564x518S31500482x483S26503528x454S14d1d509x465S17711545x434
bli,,180,AS15a00S26600S20e00S34800M531x523S34800482x483S15a00517x496S26600515x461S20e00517x483
bli,,182,AS15a00S26600S20e00S2ff00M533x518S20e00519x478S15a00519x491S26600517x456S2ff00482x483
bli der,"bli i ro der, være i ro der, bli værende der",881,AS15d50S2f900S32400M518x518S2f900493x455S32400482x483S15d50486x422
øke,"vokse, bli større",173,AS14c50S14c58S22a07S22a11S22a07S22a11S22a07S22a11M572x531S14c58472x500S14c50504x500S22a07532x496S22a07545x484S22a11455x497S22a07559x471S22a11428x468S22a11442x483
øke,"vokse, bli større",847,AS14c40S14c48S22a07S22a11S22a07S22a11S22a07S22a11M572x531S14c48471x500S14c40504x500S22a07532x496S22a07545x484S22a11455x497S22a07559x471S22a11428x468S22a11442x483
"bli værende der, til venstre",,882,AS15d51S2f900S32401S36d03M524x531S2f900463x484S32401488x483S15d51452x457S36d03476x520
blid,,202,AS10013S1001bS28807S21100S2881fS21100S33e00M538x534S1001b461x490S10013508x491S33e00482x483S21100500x520S21100478x518S28807513x511S2881f458x510
blikk (metall),,7628,AS1ea40S1ea48S2a20cS2a214M533x528S1ea40506x472S1ea48472x472S2a20c510x500S2a214467x500
blikk (syn),,207,AS10e00S26500S32400M538x518S32400482x483S10e00523x479S26500519x459
blind,,1099,AS11501S20500S31b00M536x527S31b00482x482S20500526x490S11501504x500
blind,,1100,AS11501S31b00M529x523S31b00482x482S11501504x496
blind,,1101,AS15a02S26506S20e00S1f702S31600M573x517S31600482x482S15a02500x488S1f702558x483S20e00513x471S26506534x488
blindtarm,,7630,AS1f11dS22a05S21100S36d00S36d00M554x541S36d00478x459S1f11d504x493S21100529x514S22a05541x527S36d00480x519
blinke,,1976,AS17717S22100S15210M523x522S17717503x503S22100506x491S15210477x479
blinke,,7767,AS17756S22100S22100M515x517S17756494x497S22100503x484S22100486x484
blinke,,166,AS17717S22100S22100S15210M527x524S17717502x505S22100500x492S15210474x477S22100515x493
blokade,,2906,AS20320S20320S26520S2f900M528x515S26520493x500S20320513x485S20320472x485S2f900494x492
blokade,,2907,AS20320S20320S26520S2f900M530x518S26520494x490S20320515x503S20320471x503S2f900495x482
blomkal,,6450,M551x519S2fb04493x513S14e27506x481S14e2f466x482S28814450x491S2880c539x491
blomkal,,7776,M534x546S14c50510x515S14c58466x506S26500514x494S26500514x468S26510470x482S2fc00491x454
blomkal,,7777,M531x537S20350488x464S20350470x463S2c620481x493S2c620512x492S3780a476x505S3780a508x505S2f900486x526S2f900520x527
blomkal,,7778,M535x538S15050508x481S15058465x481S22510510x462S22510468x462S2e706510x517S2e712465x517S2fb04494x532
blomst,,2909,AS17716S22100S22a00M513x519S17716488x499S22a00489x482S22100501x494
blomst,,7638,AS17716S22120S22a00M520x520S17716480x500S22a00481x480S22120498x493
blomster,,2910,M513x524S17716492x504S22f00488x486S22120490x476
blomster,,7639,M524x521S22f00477x480S17716481x501S22120502x498
blomster,,244,AS17716S22120S22f00M523x519S17716483x499S22120501x492S22f00477x481
blunke med begge øyne,,285,AS31400S22104S22104M534x517S31400482x482S22104522x492S22104468x493
blunke med høyre øye,blunke med h øye,46,AS31400S22104M533x517S22104521x491S31400482x482
blåbær,,7837,M547x560S15a21475x449S2890a492x440S36d00479x481S17710496x527S1000a466x535S2c300521x522S20700487x545
blærehalsen,,2914,AS1f01eS15316S22a04S22104S36d00S36d00M522x542S36d00479x459S15316490x477S1f01e497x494S36d00480x513S22104475x475S22a04499x527
blø,,7643,M524x529S14c50477x498S14c58476x472S21100510x506S26500510x488
bløt,myk,2262,AS17d1cS17d14S22124S22124S2fb00M531x518S17d14470x503S17d1c506x503S22124509x491S22124470x492S2fb00492x482
bløt,myk,2263,AS17d1cS22124M512x513S17d1c488x498S22124490x487
bløt,myk,2916,AS17d1cS17d14S22104S22104M530x513S17d14471x498S17d1c507x498S22104508x488S22104479x488
bløt,,2917,AS17d1cS22104M513x513S17d1c490x498S22104488x487
bo,,768,AS15a17S30107M531x531S30107482x477S15a17508x508
bo,,260,AS15a17S30908M533x526S15a17510x503S30908482x479
Bodil,,2920,M564x547S30005482x483S10011516x517S20500521x507S2c300538x515
boikott,,2923,AS15a12S15a18S26a02S20c02M540x516S15a18460x485S15a12477x495S20c02509x488S26a02526x489
bok,,1124,AS15a08S15a00S2df04S2df1cM521x526S2df1c478x505S15a08500x473S15a00486x473S2df04500x505
bok,,2925,AS15a10S15a18S20500S2df04S2df1cS2fb04M524x538S15a10501x474S15a18486x474S20500494x462S2df04503x508S2df1c476x508S2fb04492x532
bok,,7803,AS15a10S15a18S2df04S2df1cM523x527S2df1c477x506S15a18485x473S15a10502x473S2df04502x506
bolle,"skål, fat",1003,AS14c40S14c48S28907S2891fM552x521S14c48447x480S14c40528x480S28907501x494S2891f471x494
"bolle, liten, til høyre",,330,AS14c40S14c48S28807S2881fS32105S35b04M574x567S14c48490x529S14c40550x529S28807535x546S2881f511x547S32105482x482S35b04482x482
"bolle, rett ned",,384,AS14c40S14c48S28907S2891fS32104S33e00M551x572S14c48446x531S14c40527x531S28907500x545S2891f470x545S32104482x482S33e00482x482
"bolle, stor, til-venstre",,159,AS14c40S14c48S28a07S28a1fS32103S33e00M518x594S14c48398x537S14c40493x537S28a07464x565S28a1f420x565S32103482x482S33e00482x482
bolle-i-ovnen,,331,AS10a20S2b700S21100S33010S35e04S2fb04M587x529S35e04457x482S33010501x482S10a20537x487S2b700565x482S21100574x510S2fb04491x523
bomull,,2927,AS17d10S17718S21000S26a06S17710M544x519S17718457x500S17d10475x499S21000466x481S26a06505x492S17710524x499
bonde,,7650,AS12811S2a603S21100S2ff00M555x541S2ff00482x483S12811520x478S21100542x504S2a603524x518
bord,,552,AS15a50S15a58S26606S26612M556x513S15a50507x486S15a58486x486S26612444x492S26606526x493
bord,,7806,AS15a50S15a50S26606S26612S2fb04M536x525S2fb04493x519S26606506x504S26612464x504S15a50502x476S15a50486x475
borgerlig,,2932,AS15d10S22f00S20f00S36d00M574x523S36d00479x478S15d10520x496S20f00548x505S22f00548x489
borgerlig,,2934,M576x520S36d00479x481S15d10557x491S20f00521x508S22f00521x492
nøytral,borgerlig,7653,AS15a02S15a0aS22c04M516x529S15a02485x472S22c04489x487S15a0a489x493
borgerlig,,7655,AS15d40S22f00S20f00S36d00M564x520S36d00479x481S20f00510x508S22f00511x491S15d40545x493
borgerlig,,7807,M527x526S22b04511x490S15a42499x474S15a4a481x501S37b16493x522S37b16473x522
ordfører,borgermester,2935,AS15002S28906S20500S20500S20500S20500S20500S36d00M557x524S36d00479x478S15002526x476S28906487x493S20500509x509S20500496x513S20500482x508S20500517x496S20500470x497
borgermester,,7812,M554x550S15002523x517S21100471x522S28a06483x533S36a00482x477
borte,,2936,AS15d31S15d39S26606S26612S20e00S35000S34400M544x582S35000468x482S34400496x484S15d31499x541S15d39484x542S20e00498x567S26612464x566S26606514x566
borte,"forsvunnet, tomt, smelte, smeltet",7813,AS17d1cS17d14S26606S26612S2fb04S1851cS18514M586x517S17d14477x483S17d1c506x483S2fb04495x507S26612459x501S26606514x501S18514414x485S1851c561x486
bortskjemt,,7814,AS15a10S26602S2ff00M537x518S2ff00482x483S15a10525x486S26602484x493
boss,,7816,M524x515S17714477x486S22a05500x501S22100512x494
bra,,187,AS15a00S26500S34900M529x550S26500515x521S15a00494x523S34900482x482
det-går-bedre-og-bedre,bra-framover,3072,AS15a00S26600S2f710S2ff00S15a02S2b901M595x549S2ff00482x483S15a00495x505S26600522x509S2f710524x542S15a02559x516S2b901569x485
brann,brenne,2268,AS15030S15038S22b00S22b10S22520S22520M534x541S15030508x510S15038466x510S22520502x494S22520466x494S22b00511x459S22b10475x460
brann,,2269,M514x542S14c51487x516S2e706486x498S24d08487x458
brenne,brann,2273,AS15000S15008S2960fS29617S22520S22520M537x540S15000510x509S15008465x509S22520505x494S22520464x494S29617471x460S2960f504x460
brann,,2941,M535x541S15030508x510S15038465x510S22520503x494S22520465x494S22b00512x461S22b10473x460
brann,,2942,M515x542S14c51488x516S2e706486x498S24d08487x458
brann,,2943,M514x541S14c31488x514S2e706487x497S24d08489x459
brann,,7817,M535x539S15030507x508S15038467x508S22520503x494S22520466x495S22b00511x461S22b10475x462
brann,,7818,M515x542S14c51488x516S2e706486x498S24d08487x459
brann,,7819,M532x540S15030506x509S15038469x509S22502504x493S22502468x494S22b00510x460S22b10474x460
brann -2,,7661,M514x543S24d08488x458S2e706488x498S14c51487x517
breakdance,,2944,AS14c1cS14c3aS23108S23118S20700S2fc00M555x540S14c3a475x498S14c1c500x477S23108529x483S23118446x485S20700496x525S2fc00498x460
breakdance,,7820,M555x540S14c3a475x498S14c1c500x477S23108529x483S23118446x485S20700496x525S2fc00498x460
breiflabb,,5404,AS1f510S20500S28906S20500S30002S30006S15d50S22104S30004M519x608S30002481x426S30006481x426S20500480x461S20500509x461S28906484x476S1f510461x459S30004483x540S15d50489x581S22104478x582
breiflabb,,5405,AS15a40S15a48S26607S26611S14e57S14e3fS28809S28803M554x581S26611464x449S26607510x448S15a40542x420S15a48446x421S28809476x525S28803460x518S14e57492x541S14e3f465x552
breiflabb,,7821,M524x531S15a30491x504S15a16477x482S2440e491x470
breiflabb,,7822,M519x608S30002481x426S30006481x426S20500480x461S20500509x461S28906484x476S1f510461x459S30004483x540S15d50489x581S22121475x584
breiflabb,,7823,M518x518S30007482x483
brekke,,204,AS20350S20350S20500S2a208S2a210M527x528S20350479x473S20350502x473S20500495x494S2a208504x499S2a210474x500
bryte,brekke,282,AS20350S20350S20500S2a208S2a210M527x528S20350481x473S20350504x473S20500495x494S2a208504x499S2a210474x500
bryte,"brekke, brukket, brudd, brutt",2064,AS20350S20350S2a209S2a211M542x513S20350503x487S20350484x487S2a211459x490S2a209522x490
bryte,brekke,2985,AS20350S20350S20500S2a208S2a210S2fb04M546x522S20500496x479S20350502x494S20350483x494S2fb04494x516S2a210455x484S2a208523x485
brekke,,7662,M529x521S20350505x479S20350482x479S20500495x498S28813471x501S2880b509x500
bryte,"brekke, brukket",7680,AS20350S20350S2a208S2a210M524x523S2a208501x495S20350502x477S20350483x477S2a210476x495
brekke,"brekke av høyre del, knekke, bryte",7824,AS20350S20350S2a209S2f900M529x514S20350492x487S20350472x487S2a209509x491S2f900477x509
brems,,7663,AS15a20S2c601S2f900S2f710M517x535S15a20504x475S2c601498x509S2f900505x466S2f710484x471
brems,,7825,AS15a20S2c601S2f710S2f900M515x534S15a20498x507S2c601496x475S2f710486x478S2f900501x467
brems!,,2948,AS15a20S2c601S2f710S2f900S2f900M515x538S15a20500x511S2c601496x480S2f710486x481S2f900503x469S2f900502x463
bremse,,7826,AS15a20S2c601S2f710S2f900M515x534S15a20498x507S2c601496x475S2f710486x478S2f900501x467
brenne,,2274,M514x541S14c51487x515S2e706488x498S24d08489x459
brenne-seg,,2275,AS15a12S15a50S23100S2f710M523x531S15a12477x519S15a50487x469S23100481x499S2f710511x504
brenne-seg,,2955,M526x530S15a12475x518S15a50482x470S23100482x499S2f710514x504
brenne-seg,,7668,M524x531S23100482x500S2f710512x511S15a50489x469S15a12477x519
brenne-seg,,7831,M522x530S23100480x499S15a50488x471S15a12478x518S2f710510x503
brennmanet,,5406,M526x557S15a5a475x444S14c50475x450S23104481x483S20500482x503S2f710497x505S26504482x527S21600485x546S15050500x526
brev,,2960,AS1ef10S1ef18S20500S26606S26612S22104S22100S22104S22100S2fb04M579x520S1ef10500x495S1ef18466x495S20500494x481S26606534x494S26612432x495S22104421x497S22104567x496S2fb04491x514S22100567x504S22100421x504
brev,,2961,AS1ef10S1ef18S20500S26606S26612S1f410S1f418S2fb04M598x520S1ef10502x495S1ef18468x495S20500496x481S26606536x494S26612434x495S2fb04493x514S1f410569x493S1f418402x496
bringebaer,,6454,M546x568S20e00483x468S2fb04482x484S23108499x464S23118454x463S15a40496x434S15a48475x433S1000a466x542S17710496x535S2c300520x529S20700486x553
bringebær,,2964,M539x518S33b00482x483S26604510x456S26614475x456S1d157510x427S1d15f457x431S22104524x464S22104465x467S2fc00492x412
bris,,2276,M553x536S33500476x483S14c00528x489S26a04526x522
bris,,5711,M558x545S33500476x483S14c00526x480S26a04525x517S2f804520x534
britisk,,2966,M518x566S2ff00482x483S15000493x535S2e300490x502
britisk,,2967,M551x555S33b00482x483S2e300528x506S15000492x524
bro,bru,2968,AS1ed40S2b800M514x527S1ed40488x508S2b800486x474
bro,bru,7671,AS16c40S28a02M531x515S16c40511x494S28a02469x486
bro,"bru, bro-på-tann",7672,AS1ec16S2b701M512x527S1ec16488x504S2b701493x474
bro,,7848,M533x516S1ed40468x497S28a0a497x484
bro-på-tann,,7849,AS1ec16S2b700S36100M549x550S36100482x483S2b700524x497S1ec16530x527
brodere,,1289,AS1d440S1f448S2ea00S20e00S2f806M542x523S1f448457x498S1d440487x483S2ea00520x492S20e00478x478S2f806531x485
bronkitt,,2971,AS18201S18209S22a04S22a00S22a14S22a10S21100S21100S21100S21100S36d00M539x527S36d00479x473S18201514x475S18209462x475S21100520x493S21100504x513S21100469x494S21100482x513S22a00505x495S22a04520x511S22a10483x495S22a14468x510
bror,,669,AS10050S10058S20500M517x523S10058482x493S10050502x493S20500493x477
bror,søster,7852,AS10050S10058S20600M517x524S20600489x476S10050502x493S10058484x494
brudd,"brutt, brudden",1907,AS20350S20350S2a209S2a211S20340S20348M543x521S20350504x480S20350484x480S20340528x506S20348458x504S2a209522x481S2a211458x479
brudden,,1908,M544x527S20350503x473S20350481x473S20340529x505S20348456x505S2a310476x491S2a308500x491
brudden,,5927,M530x522S20500495x500S28813471x502S2880b510x502S20350505x479S20350485x479
bruke,,5333,AS1f410S1f418S2ef00S2ef13M527x523S1f410498x477S1f418473x483S2ef00504x496S2ef13474x503
bruke,,271,AS11540S11548S22a00S22a10M539x527S11540524x475S11548461x473S22a00526x512S22a10461x509
brygge,kai,2979,AS15a02S15a1aS26a04S20600M515x529S26a04488x487S20600490x503S15a02487x472S15a1a485x517
brygge,kai,7676,AS15a42S15a56S26a04S20600M516x530S15a42484x471S26a04487x485S20600489x503S15a56489x518
brygge,kai,7677,AS15a40S15a50S26a02S20602M528x515S15a40516x487S15a50473x486S26a02500x488S20602486x491
brysomt,,2981,AS1f510S22a04S21100S36d00S36f54M521x538S36d00479x475S36f54510x463S1f510506x486S21100508x505S22a04508x523
brysomt,,2982,AS1f510S22a04S21100S36d00S36f54M542x521S36d00479x490S36f54510x479S1f510505x499S21100528x489S22a04529x506
brytning,,2279,AS20350S20350S2880bS28813S20500M529x522S20500496x500S20350504x479S20350485x479S28813472x502S2880b509x502
brytningsvinkel,,2280,AS10012S1001aS20500S22a04S10011S1dc29S28804S21100M536x556S10012498x457S1001a467x457S20500495x444S1dc29464x528S21100499x521S10011515x524S28804489x534S22a04515x476
brytningsvinkel,,2989,M614x520S10002418x495S1000a386x495S20500413x481S22e04459x494S1de59518x491S20500550x486S20500550x504S2d60a563x493S10001593x490
brød,,70,AS15a44S15a06S2b700S21100M519x521S15a06480x509S15a44484x490S21100504x479S2b700500x497
bud,,2990,AS10010S25e04S2f900S33b00M519x587S33b00482x483S10010492x522S25e04491x557S2f900508x567
budskap,"budskap til mange, evangelium, godt budskap",965,AS10010S10018S26707S26711S33e00M558x543S33e00482x483S10010515x512S10018473x513S26707527x476S26711446x477
budskap,,1004,AS10010S10018S26707S26711S33b00M558x549S26711446x483S10010515x518S10018473x519S26707527x482S33b00482x483
bunn,,5199,AS14c51S2e832M518x521S2e832482x505S14c51491x479
bunn,,5596,AS15a12S15a1aS2f900M521x514S15a12480x487S15a1a483x502S2f900510x497
bunn,,7859,M514x531S15a12487x470S15a12487x499S2e73e489x515
sviller,bunnsviller,1513,AS15a40S15a4aS37900S37906M534x540S15a40520x460S15a4a507x528S37900526x487S37906466x532
senter,"sentrum, by",321,AS1c512S15a16M515x523S15a16488x511S1c512485x478
by,,883,AS15312S22a04M512x520S15312487x480S22a04493x505
landsby,by,894,AS15a11S15a19S22b05S22b13S15a11S15a19S22b05S22b13M550x547S15a11497x453S15a19471x453S15a19479x501S15a11504x501S22b05519x475S22b05526x523S22b13450x476S22b13458x521
by,,5155,AS1c552S22a04M519x518S1c552482x483S22a04506x503
by,,322,AS1c512S22a04M514x526S1c512486x475S22a04493x511
bytte,,635,AS10e30S2a200S10e50M521x535S10e30478x466S10e50479x505S2a200498x485
forandre,"endre, bytte, skifte",1520,AS10031S10059S10051S10039M517x533S10031491x467S10059483x479S10039488x502S10051487x512
bytte,vaktskifte,7840,AS20340S20348S26502S2d618S2fb00S37b16S37b16M533x529S26502498x500S20340518x500S20348476x500S2d618490x483S2fb00495x471S37b16489x525S37b16467x525
forandre,"endre, bytte om, skifte",23,AS10031S10059S2a220M515x530S10031493x470S10059485x482S2a220490x503
forandre,"endre, bytte om, skifte",1519,AS10031S10059S2a204S2a210S10051S10039M519x557S10031488x442S10059480x454S10039487x525S10051489x536S2a204486x496S2a210484x480
båt,skip,266,AS15b21S15b29S26620M524x529S15b21501x506S15b29477x506S26620494x472
båt,,3012,AS15a41S15a49S20500S26620M524x532S20500494x496S15a41501x508S15a49476x509S26620492x468
drue,bær,3288,AS17710S1000aS20700S2c300M541x522S17710489x483S1000a460x489S20700481x507S2c300515x478
druer,bær,6459,AS17710S1000aS20700S2c400M547x521S17710483x484S1000a453x491S20700475x506S2c400507x479
legge fram,bære fram,923,AS15d38S15d30S2c601S2c610M531x528S2c610468x473S2c601512x474S15d38476x502S15d30503x502
legge fram,bære fram,924,AS15d31S15d39S26500S26510S32104M532x587S15d31509x564S15d39469x564S26500511x532S26510481x532S32104482x482
bøker,,1002,AS15a10S15a18S2e004S2e01cS20500M524x534S15a10502x466S15a18485x466S2e004503x505S2e01c477x506S20500494x494
bøker,litteratur,1125,AS15a08S15a00S2e004S2e01cM521x531S2e004500x503S15a08499x469S15a00485x469S2e01c479x503
bønner,mandler,7836,AS1f110S1f118S2880bS28813S1eb27S1eb2fS2fb04M572x528S2fb04490x488S1f110507x474S1f118463x473S28813437x477S2880b543x477S1eb27552x501S1eb2f429x501
bøye seg for argumentene,,3009,AS15a30S15a16S20c00S11514S15a16S21600S22a04M521x570S20c00491x461S15a30499x430S15a16494x477S21600490x543S15a16493x558S11514500x529S22a04479x542
California,,3015,M556x518S30006482x483S19a10528x496S26600534x465
California,,7870,M550x521S30006482x483S19a10522x501S26600529x469
CD-ROM,CD-plate,624,AS1dc23S15a16S2e008M518x533S15a16491x521S1dc23481x497S2e008492x467
CD-ROM,CD-plate,641,AS1dc23S15a16S2e008S20500S2f900M524x533S15a16485x521S1dc23475x497S2e008486x467S20500502x507S2f900513x509
celler,,7872,AS16d10S16d18S20600M522x522S16d10486x478S16d18478x502S20600500x503
CI,cochlear implantat,203,AS11810S20500S2ff33M521x533S2ff33479x482S11810496x506S20500492x493
CI,,3019,M556x521S2ff00479x483S2f802469x481S2f806516x483S33010480x482S1f527534x493S21100492x484S22a05503x495
circa,omkring,2287,AS10002S1000aS2ef00S2ef13M550x518S10002496x486S1000a474x495S2ef00532x482S2ef13450x498
circa,omtrent,3021,AS14c40S2a404M513x536S14c40489x464S2a404488x500
circa,,5930,M550x514S10002497x491S1000a477x499S2ef00532x487S2ef13451x491
circa,,7876,M553x515S10002499x490S1000a473x498S2ef13448x495S2ef00535x486
clutch,,7877,M514x531S2f710495x470S26a00487x482S15020489x500
cognac,,3024,AS12230S2ef05M511x525S12230489x475S2ef05490x507
cognac,,3025,AS12230S2ef05M526x514S12230474x487S2ef05506x492
cognac,,7878,M511x525S12230489x476S2ef05489x507
København,Copenhagen,1554,M518x518S30000482x483S15322488x467S22a00494x449
cowboy,,3028,AS1dc44S1dc4cS22a04S22a14S21100S21100S2fc04S36d00S36d00M552x543S36d00477x509S36d00481x458S1dc44454x484S1dc4c516x491S2fc04492x524S21100538x511S21100447x512S22a04539x527S22a14447x528
cowboy,,3029,M599x543S36d00480x458S36d00479x519S1dc45468x485S1dc4d522x506S2c300552x517S2c311437x516S21100585x511S21100414x510S22a04586x528S22a14413x526
cruiseskip,,3031,M677x537S36d00479x464S15a40520x492S20b00506x520S26500532x522S37700566x487S15a41625x487S15a49599x487S20500620x475S26610661x479
D-Ø-V munn1,,1304,AS35d00S34400S36500M518x533S35d00481x466S36500482x498S34400482x483
D-Ø-V munn2,,1305,AS35d00S34400S36500M518x552S35d00482x447S36500482x517S34400482x482
D-Ø-V munn3,,1306,AS35d00S34400S36500M544x517S35d00455x482S36500508x482S34400482x482
D-Ø-V munn4,,1307,AS35d00S34400S36500M552x518S35d00448x482S36500516x483S34400482x482
dag,,218,AS15d02S15d0aS28909S28911S20e00M527x526S15d0a476x506S15d02495x507S28909500x474S28911472x474S20e00494x501
dag,,1408,AS14c02S14c0aS28909S28911S14c00S14c08S32101M569x560S32101482x482S14c02509x537S14c0a462x535S14c00546x486S14c08439x490S28909517x509S28911461x509
dag,lys-dag,1463,AS14c02S14c0aS28909S28911S14c00S14c08S2ff00M569x555S2ff00482x482S14c02500x532S14c0a466x532S14c00546x478S14c08427x478S28911446x506S28909524x504
dag,,3037,AS15a02S15a06S28a09S28a11S15a00S15a00M542x528S15a02494x516S15a06479x516S28a11473x480S28a09499x480S15a00530x472S15a00459x472
dag,,3038,AS15a02S15a06S28a09S28a11S15a00S15a00S2ff00M541x543S15a02493x531S15a06478x531S28a11472x495S28a09498x495S15a00529x487S15a00458x487S2ff00482x483
dager,,857,AS15d02S15d0aS28909S28911S20e00S28909S28911M531x532S15d0a476x512S15d02495x513S28909504x480S28911468x481S20e00494x507S28909499x468S28911475x467
dame,,1395,AS17110S2c300S20500S33b00M574x565S33b00482x482S17110524x537S20500516x552S2c300548x542
dame,,1466,AS17112S2c300S20500S33b00M556x559S33b00482x482S20500519x548S17112503x536S2c300530x529
dame,kvinne,3039,AS17117S20500S2c300S36d00M567x524S36d00479x476S17117521x495S20500509x511S2c300541x501
Danmark,dansk,3041,AS11e02S2990aM534x512S11e02467x489S2990a502x497
Danmark,,5166,M533x512S11e02467x489S29906501x494
David,David stavet,908,AS10120S1f720S10e20S19220S10120M566x515S10120433x484S1f720459x498S10e20492x484S19220519x494S10120550x485
David,,909,AS1f503S2df0cS20e00S30007M543x539S30007482x483S1f503521x490S20e00510x473S2df0c521x518
David,,981,AS1f543S26506S2f710S30007M543x518S30007482x483S1f543522x488S2f710522x463S26506522x473
debatt,,3044,AS10640S10648S2e100S2e110M531x532S10640512x470S10648474x469S2e100508x502S2e110469x503
definere,,2297,AS18210S18218S26520S2f900S15a10S15a18S26520S2f900M533x561S18210488x469S18218471x486S2f900490x460S26520487x440S26520498x534S15a10521x526S15a18468x526S2f900498x556
degenerere,,7888,AS18210S22a04S22a04S22a04M514x530S22a04486x515S18210491x470S22a04486x480S22a04486x497
deilig,"nam-nam, nydelig",7889,M549x538S32403482x483S2f710498x531S10012487x510S20e00484x518S24003521x512
del,dele,357,AS15a41S15a39S26605S21100M522x522S15a39498x494S15a41478x478S26605500x500S21100478x502
dele,,605,AS15a41S15a39S26605S21100M522x522S15a39498x494S15a41478x478S26605500x500S21100478x502
delta,,3052,AS20350S20350S2d220M526x518S2d220489x495S20350511x483S20350475x484
deltager,,3054,AS20350S20350S2d220S22a07S1ed46S22b04M549x539S2d220465x516S20350487x505S20350451x505S1ed46530x462S22b04530x492S22a07511x487
deltager,,3055,AS20350S20350S2d220S22a07S1ed26S22b04M554x535S2d220461x512S20350483x501S20350447x501S1ed26535x466S22b04534x496S22a07509x483
deltager,medlem,3056,AS15a04S17d48S22a04S20700M512x540S20700490x506S22a04493x490S15a04493x460S17d48488x525
deltager,medlem,3058,AS15a04S17d48S22b04S20700M525x524S20700507x509S15a04482x477S17d48476x507S22b04508x478
demokrati,demokratisk,3059,AS15a50S15a50S26602S26616M530x524S26616470x477S15a50503x497S15a50486x497S26602500x478
demokrati,demokratisk,390,AS15a50S15a50S26606S26612M550x514S26612451x496S15a50503x487S15a50486x487S26606520x496
demonstrere,"vise, demonstrasjon av ting, vise hva, vise hvordan, vise fram",407,AS15d07S15d09S2d608S2d618S2d608S2d618M559x533S15d07511x504S15d09441x510S2d618459x468S2d608521x488S2d608530x474S2d618446x488
dempe,roe,2302,AS14c50S14c58S22a04S22a14S22a04S22a14S2f800M533x545S14c50509x474S14c58468x475S22a04515x511S22a04515x529S22a14472x511S22a14472x530S2f800481x456
dempe,roe,3061,AS14c50S14c58S22f04S22f14S2f800M536x535S2f800481x466S14c50505x485S14c58471x483S22f04511x521S22f14465x519
først,"første, den-første",928,AS10002S26603S20e00S1f50aS32103M528x577S32103482x482S1f50a475x553S10002488x550S20e00478x537S26603506x520
deprimert,depresjon,3063,AS15a1eS22a04S21100M514x524S22a04498x509S15a1e487x477S21100497x492
der,,3064,AS10047S22a04S2f710M527x514S10047474x487S22a04501x499S2f710515x498
til høyre,"der, til høyre",642,AS10047S32407M543x547S32407482x482S10047513x526
ut,"ute, der-ute",1465,AS14c20S2c301S34600M568x537S34600482x483S14c20527x490S2c301542x514
dere,til dere,148,AS10041S2d608M520x521S10041479x491S2d608491x479
dere,til dere,966,AS10051S2d608M520x521S10051480x500S2d608491x480
deres,,3066,AS15a20S2d708M520x522S15a20481x495S2d708481x479
dersom,,3067,AS14c10S2df06S36d00M547x530S36d00479x488S14c10524x470S2df06523x506
dersom,,420,AS1f540S26b00S36d00M583x515S26b00556x497S1f540534x486S36d00479x502
desember,jul,1154,AS10011S10019S28c07S22a01S28c1fS22a17M553x524S28c07500x490S28c1f472x489S22a17481x477S22a01504x478S10011532x494S10019447x492
dessert,,513,AS1813eS2ea00S34700M534x536S2ea00519x511S1813e485x519S34700482x482
dessuten,,3069,AS17711S15a16S28902M527x525S15a16473x513S17711484x489S28902498x476
dessuten,,3070,AS17711S15a36S28902S20500M534x521S15a36466x509S20500475x496S28902486x479S17711515x486
dessverre,,3071,AS15011S22f04S21200S2ff00M557x518S22f04530x487S21200529x471S15011503x480S2ff00482x483
fryse inn,det fryser på,5719,AS20310S20314S2f900S2f900M526x512S20310511x496S20314474x497S2f900513x489S2f900475x489
skeptisk,"tvilende, usikker negativ, det tror jeg ikke",1194,AS1dc01S20500S21800S21200S35100M521x537S35100482x482S1dc01486x504S21800465x513S21200456x523S20500511x513
skeptisk,"usikker, tvilende, det tviler jeg på",1495,AS1e101S20500S21800S21200S35000S36914S36e10M523x543S35000477x482S1e101478x508S21800460x513S21200451x523S20500506x513S36914515x503S36e10483x531
du-får-framgang,det-går-bedre,7956,M548x594S30004482x483S15a00494x511S26600532x497S2f710525x528S15a02481x582S2b901499x553
gammeldags,"i gamle dager, umoderne, det-var-en-gang, for lenge siden",141,AS15a11S20e00S32a10S28704S32d00M552x543S32a10482x483S32d00482x483S20e00519x494S15a11529x501S28704517x511
det-var-engang,,1427,AS15a01S32a10S26504S31400M541x531S32a10482x482S31400482x483S15a01518x497S26504512x516
lenge-siden,"gamle-dager, gammeldags, det-var-engang",1429,AS15a54S20e00S26504S32a10M532x525S32a10482x482S20e00519x496S26504518x510S15a54519x464
dette,,42,AS10004S22f04M512x527S10004496x473S22f04487x513
disse-to,dette-paret,914,AS11500S26c02S32104M518x592S11500490x529S26c02492x565S32104482x482
diagnose,diagnoser,1530,AS10110S15a18S20500S20500M521x520S10110505x479S15a18480x493S20500494x496S20500494x509
diagnose,,3074,AS1d412S15a06S3770bS20800S14c20S15a00S26504S20e00M526x562S15a06497x464S3770b475x469S1d412475x439S20800480x467S26504512x545S15a00490x521S14c20485x531S20e00513x531
diakon,,3077,AS11500S2330aS21100S36d00M521x533S36d00479x468S2330a474x480S21100502x485S11500498x503
diakoni,,3079,AS11500S2330aS21100S36d00S28a0cS15a30S15a30S26520M547x564S36d00479x436S2330a476x446S21100508x450S11500504x473S26520495x547S15a30476x537S15a30517x534S28a0c530x494
diakonisse,,3080,AS11501S2330aS21100S36d00S26506S17130S2c300M597x533S36d00479x467S2330a473x479S21100505x483S11501501x506S2c300571x480S17130545x484S26506533x504
diakonisse,,3081,M631x546S36d00420x455S2330a438x462S21100441x496S11500438x516S37700511x470S36d00539x454S17130581x467S2c300605x465
dialog,,445,AS10010S10018S27100S27114S2fb04S34700M543x600S10018482x519S10010502x530S27100503x573S27114451x572S2fb04490x594S34700482x483
dialog,,496,AS10010S10018S2c500S2c510S2fc04M551x543S10018485x457S10010505x468S2c510448x506S2c500511x507S2fc04493x532
dialog,,3082,AS10010S10018S27100S27110S2fb04M544x534S10010505x474S10018476x467S27100504x507S27110456x507S2fb04492x528
dialog,,7909,M541x533S10010509x474S10018476x468S27100501x509S27114460x501S2fb04491x527
die,patte,3083,AS1f510S33d00S22820M537x535S22820516x505S1f510493x520S33d00482x483
die,patte,7910,AS1f510S33d00S22214M540x534S22214519x509S1f510493x519S33d00482x483
diesel,,2306,AS1f521S22f04M513x521S1f521491x479S22f04488x507
diffus refleksjon,,3085,M590x533S14c20412x468S2e100411x503S15a48535x471S27507553x472S10031569x503
diffusjon,,6653,M556x526S14c51469x500S14c59505x499S26611445x477S26607534x477S22520507x475S22520463x474
diminutiv-munn,,117,AS35b04M518x517S35b04482x482
diminutivs-merke,,3088,M518x518S36000482x483
diminutivs-merke,,3089,M518x518S32c00482x483S36000482x483
diminutivs-merke,,3090,M518x518S2ff00482x483S2f900487x493S2f900502x493S36000482x483
din,"du har (den), du eier (den), tilhører deg, ditt",174,AS15a20S2f900M506x518S15a20494x481S2f900494x513
din,ditt,3091,M507x524S15a20493x497S26500493x477
ditt,din,3098,M507x523S15a20494x496S26500493x478
din,,7914,M507x522S15a20493x495S26500493x478
dine,,646,AS15a20S26a00S2f900M514x527S15a20492x473S2f900492x505S26a00487x513
dirre,,2309,M533x539S14c50509x462S14c58468x463S27102516x498S27116470x499
dirre,,3092,M528x537S14c50504x463S14c58472x463S27102510x497S27116474x496
dirre,,7915,M530x537S14c50506x464S14c58471x464S27102511x497S27116474x497
disiplin,,3093,M540x532S15a40484x468S15a48460x469S22a24473x509S22a24527x509S2892a492x502S2f900528x527S2f900474x526
disiplin,"orden , ryddighet",7916,AS15a40S15a48S22a24S2f900S2891aS22a24S2f900M542x533S15a40488x468S15a48459x468S22a24529x509S22a24476x508S2f900478x526S2f900529x528S2891a498x496
disippel,jesu foelgesvenn,3094,M601x530S15a40511x503S15a48399x499S1c510414x497S1c518472x499S20500506x486S20500411x487S37700547x499S1f510586x512S1f514568x506S26620578x471
diskriminering,,3095,M523x511S15a12477x494S22a05510x497S2f900509x489
dispersjon,,2310,M574x533S17750475x518S17758505x518S26611452x494S26607526x496S2fb00493x497S14c57548x471S14c5f427x467
dispersjon,,3096,M570x535S17757479x516S1775f502x516S26611456x493S26607523x493S14c57544x465S14c5f430x467
distanse,,2311,M557x510S1eb40470x491S1eb48443x491S26706499x494S2f900546x498
distanse,,3097,M558x510S1eb40470x490S1eb48443x490S26706502x494S2f900547x499
distanse,,5936,M558x510S1eb40467x491S1eb48442x491S26706499x494S2f900547x500
ditt,,7918,M507x523S15a20494x496S26500493x477
forskjellige,diverse,3593,AS19a01S28706S15a06S32a00S37706M594x550S19a01566x509S32a00482x483S15a06517x538S37706494x542S28706525x513
forskjellige,diverse,3594,AS19a01S15a06S2830aS32a00S37706M534x573S19a01470x532S32a00482x483S15a06494x561S37706471x565S28706502x537
diverse,"og lignende, osv",7919,AS19a01S28706S32a00M595x535S32a00482x483S19a01525x513S28706563x514
diverse,"osv, og-så-videre, og lignede",7920,AS19a01S28706M535x511S19a01466x489S28706503x491
diverse,"osv, og lignende",7921,AS19a01S15a0aS28706S37706M542x520S19a01473x480S37706458x513S15a0a484x508S28706510x486
djevel,,3222,M535x518S30000482x483S20500508x474S10620514x465S21800509x455
djevel,,3223,M534x518S30000482x483S20500506x473S10620513x462S22104521x458
djevel,,3224,M518x518S2ff00482x483S10620487x466S21600487x454
djevelen,,3225,M518x518S2ff00482x483S10620487x467S21600487x456
do,,3227,M543x515S36d00479x485S1f510508x500S20e00530x502S22a00530x485
do,,7924,M544x540S36d00479x461S36d00479x489S10004524x480S21100531x504S25d04530x520
dom,,3230,M529x553S33b00482x483S10010486x523S26600513x516S2f900515x547
dominant,,6655,M513x522S1f502492x498S22f00488x479
dominant,,6656,M518x529S20350488x491S37702494x505S37706482x511S22a04490x472S2f900507x477
dommer,dommer i retten,3234,AS1ea10S22a04S2f900M512x525S1ea10489x476S22a04495x501S2f900495x520
dommer,idrettsdommer,1144,AS1eb17S20600S33b00M536x542S1eb17516x515S33b00482x483S20600490x504
klubbe,"formannsklubbe, dommerklubbe, slå med klubben",28,AS1ea40S23004M531x514S1ea40469x486S23004506x496
donere,,3236,M511x525S1771c489x510S26600495x475
donere,,7927,M510x525S26600494x475S1771c490x510
donor,,3239,M539x525S17714461x510S26600462x475S1ed46520x478S22a04521x509
donor,,3240,M539x525S17714461x510S26600462x475S1ed56520x478S22a04521x509
donor,,7928,M511x557S26600494x444S1771c489x481S1ed56492x511S22a04493x542
Dopplereffekten,,3247,M570x545S1f510451x530S1f518430x511S26700452x481S37700493x504S15a16531x533S17712536x512S22a00538x491S14c04532x455S2f710558x495
dose,,3249,M544x514S16d10507x488S16d18475x489S26a02530x486S26a16456x487
dose,,3250,M526x527S16d10509x474S16d18475x475S26a02512x499S26a16474x500
dose,,7929,M544x514S16d10509x489S16d18476x489S26a02530x486S26a16457x487
reise,"dra, dra avgårde",878,AS11551S26607M518x526S11551481x501S26607496x475
dra,,2314,M542x509S1061a459x494S10602478x491S26626512x491
dra,,3258,M540x510S1061a461x491S10602480x495S26626510x493
dra,,3261,M539x530S1dc20461x500S1f410510x471S26607489x487S22101504x506S22105483x484
dra,,3264,M539x531S1dc20461x501S1f410510x472S26607489x488S22101504x507S22105483x485S2f801471x470S2f805502x501
dra bort,forflytte seg,3269,AS1dc20S26607S1f410M539x530S1dc20461x500S1f410510x471S26607489x487
drage,,3271,AS14c04S25e04S22524S33b00M518x603S33b00482x483S14c04490x522S22524485x556S25e04493x573
dram,,3272,AS1f410S2c305S30004M558x542S30004482x483S1f410498x523S2c305531x518
Drammen,,3273,M563x544S30004482x483S1f410501x524S2c305536x520
Drammen,,7934,M559x546S30004482x483S1f410495x526S2c305532x522
mord,drap,1422,AS1f521S26503S36a00M548x523S36a00482x477S1f521514x501S26503535x491
drepe,,3276,AS1f510S26503S20500S36a00M525x551S36a00482x477S20500495x522S26503512x519S1f510492x536
drepe,,1221,AS1f521S26503S36a00M548x523S36a00482x477S1f521514x501S26503535x491
drikke-mye-alkohol,,3281,AS15d11S2c405S33b00M544x547S33b00482x483S15d11477x522S2c405505x523
vann,drikkevann,1045,AS10a10S22a04S20e00S30004M528x552S10a10493x523S30004482x482S20e00515x519S22a04515x537
energisk,"dynamisk, driv",319,AS20302S2030aS2a600S2a611S2f900S2f900M529x525S20302507x510S2030a479x510S2a600512x475S2a611471x474S2f900479x499S2f900510x499
driv,energi,7941,AS20350S20350S2d200S2f900M525x523S20350510x478S20350475x478S2d200488x492S2f900496x518
drivhuseffekt,,1268,AS20350S20350S2d220S2f900S15c13S15c1bS22a05S22a13S17712S15a16S22a00S15512S2f700M534x582S2d220486x426S20350514x418S20350467x418S2f900495x454S15c13502x479S15c1b480x480S22a05521x498S22a13469x498S15a16486x570S17712493x548S15512487x522S22a00517x536S2f700519x557
dromedar,,4772,M530x518S15a40518x491S28b02470x490S28800488x483
dronning,,4810,AS16d12S22a04S2ff00S2f802S2f806S18210S2a602M553x562S2ff00482x483S2f802474x481S2f806516x482S22a04495x475S16d12491x455S18210530x536S2a602512x539
dronning,,4811,AS15311S22a07S34400M538x518S22a07525x465S15311506x473S34400482x483
drops,,3287,AS1f410S2c300S20500S33b00M585x525S33b00482x483S20500499x503S1f410523x509S2c300559x502
drue,,6461,AS17716S1001cS20700S24b04M522x540S17716484x489S1001c478x461S20700504x477S24b04481x514
druer,drueklase,3289,M520x555S14c30481x446S22a04487x480S22a04487x498S22a04487x515S22104507x482S22104507x501S22104508x518S17736487x535
druesukker,,3290,M557x555S14c30443x446S22a04449x480S22a04449x498S22a04449x515S22104469x482S22104469x501S22104470x518S17736449x535S15a30545x527S26a02523x528
drukne,,3291,M514x535S11504495x471S15a12487x465S22b04494x505
drukne,,7947,M514x533S22b04495x503S15a02487x479S11504497x467
dryppe,,2321,M529x518S1ea10472x482S23004504x500
dryppe,,7948,M526x518S1ea10474x483S22f04501x504
drysse,,2322,M512x539S14c30488x462S27102494x499
drysse,,2323,M517x518S16d25497x483S22f03484x497
drysse,,7949,M512x538S14c30488x463S27102492x498
dråpe,,2324,AS1ea10S22e04M523x518S1ea10477x482S22e04506x500
dråpe,,5203,M523x517S1ea10478x484S22e04506x499
dråpe,,7952,M522x520S1ea10479x480S22a04509x505
drøm,,3292,AS15012S2960eS31600M550x518S31600482x483S2960e482x476S15012519x468
drøm,drømme,7950,AS15001S2e507S31600M554x518S31600482x483S15001526x480S2e507501x475
drømme,,3293,AS15012S2960eS31600M550x518S31600482x483S2960e482x476S15012519x468
drømme,,7951,M555x518S31600482x483S2950e486x477S15002524x469
du,,418,AS10040S2f900M507x520S10040492x480S2f900493x515
du,,1854,AS10040M508x515S10040493x485
du,,5569,AS10040S34600M518x559S10040494x529S34600482x483
du (til Gud),,7955,AS10010S32100M518x551S10010503x521S32100482x483
vi-to,du-og-jeg,1350,AS10e18S27100M520x527S10e18480x474S27100480x512
due,,3294,M547x533S22115509x514S1f411517x494S34600482x483
dukke opp,,7958,AS10000S15a02S22b00M514x528S15a02487x495S10000492x498S22b00490x473
dun,,3295,AS17d02S26a00S22114S36d00M521x532S36d00479x528S17d02495x488S26a00489x469S22114492x516
dun,,7960,M573x520S36d00479x481S17d1e500x497S26a00522x503S22120551x511
dusin,,3296,AS10e50S22a04S34600S34800M531x577S10e50488x528S22a04489x562S34600469x483S34800495x482
dusj,dusje,3299,AS17711S22a03S14d1dS2ff00M570x518S2ff00482x483S14d1d514x472S17711551x443S22a03537x462
dusj,,3300,M576x518S2ff00482x483S14403513x456S26503540x446S17711557x424
dusj,,3301,M575x518S2ff00482x483S14c13515x464S17711556x431S26503541x452
DVD,videoplate,625,AS10111S10119M518x515S10119500x487S10111482x486
DVD,,633,AS10111S10119S37b03S37b0bM521x520S10111479x480S10119503x482S37b03494x506S37b0b493x508
dykke,dykker,3302,AS11511S15a1aS22b05M527x527S15a1a474x474S11511502x500S22b05480x476
dykker,,3304,AS11511S15a1aS22b05S1ed46S22a04M553x524S15a1a451x497S11511447x477S22b05467x500S1ed46534x477S22a04535x506
dykker,,7963,AS11511S15a1aS22b05S1ed56S22a04M523x555S15a1a483x466S11511478x446S22b05499x467S1ed56493x511S22a04495x540
dynamikk,,2326,AS20300S20300S2c630S2c641S2f900S2f900S20312S20312M555x520S2f900477x502S20300527x504S20300459x505S20312519x481S20312470x483S2c630535x486S2c641446x487S2f900516x499
dynamikk,,3305,M543x517S2f900493x484S28817475x491S2880f506x492S20350528x502S20350458x501
dynamikk,,7964,M541x520S2f900495x481S28817480x491S2880f501x491S20350526x505S20350460x504
dynamisk,,2327,AS20350S20350S2d220M528x516S2d220488x493S20350513x485S20350472x485
dynamisk,"energisk, energi",7966,AS20350S20350S2d220S2f900M527x519S2f900494x482S20350512x490S20350473x490S2d220489x496
dynamisk,,7967,AS20350S20350S2880fS28817S2f900M546x520S2f900495x481S28817473x493S2880f507x493S20350531x503S20350454x505
dynamitt,,2329,AS20301S20301S26606S26612S2f900S2f900S2f700S2f700S37600M544x529S37600488x489S20301474x472S20301505x473S2f700531x519S2f900460x514S2f900533x511S26606513x491S26612457x493S2f700461x522
dyp,dypt,7971,AS10004S24d0cM512x534S10004493x466S24d0c488x499
dypfrossen,,2331,AS10004S26504S20310S20318S2f900S2f900M527x562S10004496x439S26504490x474S20310512x547S20318473x547S2f900515x536S2f900474x537
dyppe,,2332,AS17712S23104M514x520S17712487x481S23104488x503
dyr,,186,AS1c512S15a1aS20500S2f900S26a02M525x529S1c512497x484S15a1a498x517S20500476x505S2f900475x498S26a02474x471
dyr,,6658,AS1c511S15a1aS20600M527x520S15a1a486x508S1c511502x480S20600473x494
dyr,,7972,AS11813S11813S26502S26512M531x520S11813506x483S11813489x480S26502489x506S26512470x496
dyr,kostbar,1525,AS1851cS15a16S22a04S20b00S22b00S17c1cM526x534S15a16474x522S1851c475x501S17c1c482x467S20b00505x516S22a04501x496S22b00510x476
unge,dyreunge,769,AS15a40S15a48S26a02S26a16M548x515S15a48468x485S15a40520x485S26a02534x487S26a16452x488
dyrke,,2545,AS17751S17751S22a04S22a14S17736S1773eS22a00S22a10S22100S22100M534x541S17736479x521S1773e505x521S17751483x459S17751507x459S22a04508x484S22a14482x484S22a00507x505S22a10480x504S22100522x511S22100467x511
dårlig,,2334,AS1f522S22f04M513x521S1f522493x479S22f04488x507
dårlig stemme,,3319,AS15300S2a408S20500S36a00M565x545S36a00482x477S20500496x523S15300516x517S2a408540x509
dø,,318,AS18201S22a04S21100S36d00M521x532S21100485x498S18201490x476S22a04484x517S36d00479x468
dø,,406,AS18202S22b04S21100M510x537S18202495x462S21100491x489S22b04489x507
dø,,3306,AS18202S22b04S21100S2f804S36d00M521x547S36d00479x454S18202499x463S21100495x489S22b04493x507S2f804482x536
død,dø,3308,AS18202S22b04S21100S2f804M519x544S2f804481x533S18202496x456S21100493x482S22b04492x500
"dør,   åpne-forsiktig",åpne-døren-forsiktig,220,AS15d02S15d0aS2df10S32d00S36e00S2f804M525x605S36e00477x520S32d00483x482S2f804459x594S15d0a482x547S2df10465x565S15d02498x549
døren-åpen,holde-døren-åpen,377,AS15d02S15d48S32401S36e00S2f900M528x582S36e00477x524S15d48477x543S15d02501x552S32401481x482S2f900482x577
døv,Døv,183,AS11510S33010S20500M529x524S33010479x482S11510514x494S20500518x473
døv,,185,AS11510S33010S20500S36500M530x526S33010479x483S11510515x496S20500519x475S36500479x482
døv,,391,AS11510S33010M529x526S33010479x482S11510514x496
døv,,607,AS11510S20500S30005M534x540S30005482x482S11510507x510S20500524x503
døv,,3312,AS11510S36500S33010S20500M533x526S36500479x483S33010479x483S11510518x496S20500521x482
døv,,3313,AS11510S33010M531x524S11510516x494S33010479x483
døv,,3314,AS11510S20500S30006M543x526S30006482x483S20500521x495S11510528x496
døv,,1457,AS15a10S26502S36500M546x518S36500482x483S15a10518x489S26502531x493
døv-du?,,1248,AS11510S33010S20500S30a00S35d00S10040S30a00S36500M530x553S33010479x457S11510515x470S20500519x449S36500479x508S30a00479x457S10040515x523S35d00479x457S30a30486x514
døvblind,,1102,AS11510S33010S11501S31600M530x553S33010479x454S11510515x466S31600479x510S11501503x526
døvblitt,,1103,AS18517S22103S33010M545x521S33010479x482S18517525x494S22103536x488
døvblitt,,3315,AS11510S33010S15a10S26502S20500S33010M572x551S33010475x449S15a10560x520S11510514x460S33010483x516S20500529x529S26502541x528
døvblitt,,3317,AS17c10S26606S18510S33010M603x518S33010479x483S17c10520x489S26606546x498S18510578x494
døvblitt langsomt,progredierende hørselstap,1105,AS17c10S26606S18510S33010M604x517S33010479x482S18510579x492S17c10520x487S26606544x494
døvblitt over natten,pluttselig hørselstap,1104,AS18517S22103S2f700S33010M545x521S33010479x482S18517525x494S22103536x488S2f700524x476
ed,,3322,AS15a50S26200S15a20M508x545S26200492x485S15a20495x455S15a50494x518
edderkopp,,4833,AS15050S15058S20700S26620S22510S22510M525x548S15050498x497S15058475x498S20700491x533S22510503x483S22510479x483S26620494x452
edderkopp,,5509,AS15050S26600S22510M513x543S15050487x512S26600493x458S22510490x496
edelgass,,2339,AS14c40S28a08S20e00S36d00S15000S2e506M571x539S28a08528x494S20e00514x507S14c40547x508S15000544x466S2e506512x461S36d00479x490
edelgass,,8028,M544x518S36d00479x409S22a00511x421S20e00511x438S15a40532x424S2ff00479x483S15300491x491
Ellen,Edvard,1401,AS15317S2c303S21100S34700M546x546S34700482x482S2c303524x524S15317509x504S21100521x488
Edvard,,8029,M546x558S33b00482x483S15317510x511S2e000525x529
effekt,resultat,2341,AS17712S15a16S22a00S2f710S14c04M518x544S15a16482x532S17712487x512S14c04484x457S22a00489x493S2f710506x497
effekt,,2342,M529x517S20310477x483S20314471x501S20b00495x497S37700527x492
effektiv spenning,,2344,AS20310S20318S20b00S11810S2f900S11818S2f900M531x544S20b00518x464S20310499x456S20318487x474S2f900477x509S11810508x516S11818470x517S2f900512x508
effektiv strøm,,2345,AS20310S20318S20b00S11543S24d0dM529x559S20b00508x455S20310491x442S20318482x459S11543502x508S24d0d471x531
effektiv temperatur,,2346,AS20310S20318S20b00S15a12S10018S23108S21200M531x553S20b00496x458S20310481x447S20318472x462S23108505x504S15a12469x522S10018483x523S21200477x505
effektiv-verdi,,2348,AS20310S20318S20b00S15a16S1851cS22a00S22100M522x555S20b00509x453S20310489x445S20318479x463S22100491x525S15a16482x543S1851c492x526S22a00502x506
jeg,eg,347,AS10043S20500M519x519S20500481x508S10043489x481
selv,"egen, eget, privat, meg-selv",1420,AS1f710S20500S2f900M514x517S1f710486x502S20500503x489S2f900503x482
egen,,2349,AS1f510S26500M508x518S1f510493x503S26500494x483
egenskap,,2350,AS1f510S20600S36d00M521x523S36d00479x477S1f510492x494S20600488x512
egenskap,,2352,M546x518S30007482x483S20e00515x477S28808504x453S15a11523x461
egenskap,,5942,M521x523S36d00479x478S1f510494x494S20600490x512
egenskap,,5943,M539x518S36d00479x483S1f510495x502S26a00512x504
egenskap,,8030,M521x527S36d00479x473S20600490x516S1f510494x496
egg,,6,AS18110S18118S20500S20500M513x532S18110501x485S18118488x485S20500494x468S20500495x521
egg,,3324,AS17117S1711fS20500S20500M517x525S17117503x490S1711f484x489S20500495x514S20500495x475
egg,,3325,AS11512S11518S20b00M517x522S11512487x495S11518484x492S20b00494x479
eggledere,,3329,AS17117S1711fS20500S20500S1f111S1f119S22a03S22a15S36d00S36d00M541x535S17117405x501S1711f388x501S20500398x488S20500399x524S36d00479x465S36d00479x527S22a03502x510S22a15485x510S1f111511x482S1f119460x484
eggstokkene,,3332,M522x527S17117445x492S1711f428x492S20500439x478S20500439x516S36d00479x521S20500507x507S20500485x507S17702505x484S1770a483x484S36d00480x473
eggvite,,3328,M603x525S17117417x490S1711f398x490S20500410x476S20500410x514S18514511x496S1851c542x496S26612477x495S26606573x496S21100579x486S21100489x485
Egil,"Einar, Ellinor, Eli",1400,AS10011S2c303S34700M550x558S34700482x482S10011511x508S2c303528x536
egoist,,3333,AS1f510S20c00S30004S30350S30350M518x564S30004482x478S30350508x512S30350482x512S1f510492x533S20c00485x551
egoistisk,,3334,M527x565S30304482x477S20500495x534S1f613506x544
egoistisk,,4770,M525x559S30304482x477S1f541503x538S20500497x531
Egypt,,3335,M554x518S2ff00482x483S15a13468x468S15a1b507x469S22b13445x491S22b05530x491
Egypt,,3336,M559x520S2ff00482x483S15a13469x468S15a1b509x468S24102520x492S2411a442x492
eie,,3337,M521x525S36d00479x475S15a00494x484S20500495x514
eie,,3338,M507x523S15a20493x496S26500493x477
eie,,3339,M510x523S15a20491x496S26507497x478
eie,,3340,M520x528S15a00495x501S20500481x488S20500510x488S2d608487x472
eie,,3341,M517x521S15a20484x494S2d608488x479
eie,,3342,M519x522S15a20481x495S2d60a496x479
eie,,8033,M512x514S15a00488x487S20500502x488
eie,,8034,M517x518S15a20483x491S2d508495x483
eie,,8035,M507x523S15a20493x496S26500493x477
eie,,8036,M512x521S15a20488x494S26507499x479
eie,,8037,M525x523S15a00492x496S20500515x484S20500475x484S2d508489x477
eik,,3343,M527x520S1150a473x501S11531502x493S20b00488x480
Einstein,,2356,M525x532S10010494x468S22b04494x502S20e00513x507S20314476x505
Einstein,,2357,M516x563S10010499x438S20b00502x550S22a04502x531S20310501x514S20314484x547
Einstein,,3344,M522x547S22c04494x488S10010495x453S20310494x532S20314478x498S20e00510x499
Einstein,,3345,M525x548S22c04509x486S10010510x452S20310509x533S20314475x495S20e00495x496
Einstein,,8038,M523x541S10010508x459S22b04507x493S20e00495x499S20310507x526S20318477x497
Eirik,,3346,M527x537S36d00479x463S1f502505x476S21200499x505S22f04501x523
Eirik,,3347,M560x518S36d00479x482S1f502504x492S21200532x487S22f04534x504
Eirik -1,,8039,M527x535S36d00479x466S1f502505x477S21200499x505S22f04501x521
Eirik -2,,8040,M556x519S36d00479x482S1f502500x495S21200528x488S22f04529x503
ekko,,2358,M601x591S34900482x483S10010494x512S20500515x511S2c301514x536S10014549x532S20500545x565S15a16537x579S22a00570x566S14c1c578x534
ekko,,2359,M583x518S34900463x483S2ff00502x483S16d10517x497S15a00570x446S26600546x485S26604567x478
ekorn,,3348,M574x530S33b00482x483S17710511x501S17718471x501S20500508x519S20500482x517S2c400534x497S2c411426x497
ekorn,,5665,M571x519S33b00482x483S17710507x500S17718473x500S2c400531x496S2c411430x495
nøyaktig,eksakt,172,AS15a40S15a36S26500S21100S2f900S35b04S32d00S2f804M528x591S15a36501x538S15a40505x545S21100486x555S26500483x534S2f804482x580S2f900486x573S35b04482x482S32d00482x482
eksamen,,3349,M542x525S28a0f493x475S21100484x495S17140524x483S20300463x495S15a16458x513
eksamen -h,,8041,M549x526S22120478x475S20300456x495S21100481x496S15a16451x514S26602499x496S17140531x490
eksem,,3350,M532x532S15050468x501S15058468x468S21200504x490S26a04504x507
eksem,,8042,M531x529S15050472x472S15058470x498S21200503x489S26a04503x504
eksempel,,3351,M514x538S20b00492x479S22a04493x462S15a30493x495S15a36487x526
eksempel,,3352,M514x540S22a04495x491S20b00495x512S15a30495x461S15a36487x528
eksempel,,3353,M514x533S22a04493x485S20b00493x468S15a36487x513S15a30492x506
eksempel,,3354,M514x522S15a16487x503S15a30494x495S20b00494x478
eksempel -1,,8043,M514x539S22a04494x461S20b00493x479S15a40494x496S15a36487x527
eksempel -2,,8044,M514x539S15a40497x462S22a04497x493S20b00496x510S15a36487x527
eksempel -3,,8045,M514x532S22a04492x484S20b00492x469S15a36487x513S15a40492x505
eksempel -4,,8046,M514x522S15a16487x505S15a30493x495S20b00494x479
eksistere,,2360,M514x546S10050490x516S22a04486x497S22100486x487S2f710502x499S15a50486x454
eksistere,,2361,M514x540S10050490x510S22a04486x491S15a50486x460S2f710502x494
eksistere,,3355,M515x541S22a04486x492S15a50486x460S10050486x511S22104503x483S2f710503x494
eksistere,,5944,M514x546S15a50486x454S22100486x485S22a04486x497S10050492x516S2f710502x501
eksistere,,5945,M515x540S15a50485x460S22a04486x491S10050491x510S2f710503x497
eksistere,,8047,M514x546S15a50486x454S22120486x483S22a04486x497S2f710502x502S10050492x516
eksisterer,,3356,M515x541S22a04486x492S15a50486x460S10050486x511S22104503x483S2f710503x494
eksisterer,,8048,M517x547S15a50489x453S22120484x485S22a04488x497S2f710505x501S10050495x517
eksitasjon,,257,AS14a10S19205S28800M526x531S19205474x512S14a10505x497S28800514x469
eksitere,,2362,M528x523S19219472x504S28800516x477S20102495x485
er-der,"eksiterer virkelig, finnes, tilstede",2,AS15a50S10050S22a04S2f710M508x546S15a50494x453S10050493x516S22a04493x496S2f710494x485
eksitert,,2363,M528x523S19219472x504S28800516x477S20102495x485
ekskursjon,,2364,M543x574S2ff00484x426S10e00456x429S26606503x436S30007481x539S18510518x544S20500511x529
ekspandere,,2365,M564x529S14e40506x472S14e48467x472S26512474x510S26512456x510S26512437x510S26506510x510S26506529x510S26506549x510S2fb04491x523
ekspandere,,3357,M580x529S14e40506x472S14e48467x472S26512474x510S26512456x510S2fb04491x523S26506510x510S26506529x510S26612420x511S26606550x509
ekspanjon,,2368,M564x529S14e40506x472S14e48467x472S26512474x510S26512456x510S26512437x510S26506510x510S26506529x510S26506549x510S2fb04491x523
eksperimentere,,2369,M514x522S15a16487x492S10e30492x492S20600491x479
eksperimentere,,8049,M514x521S15a16487x491S10e30491x491S20600490x479
ekspert,,3358,AS14c50S14c58S26a00S21200M514x551S14c50488x520S14c58488x485S21200486x467S26a00486x449
ekspert,,3359,AS14c50S14c58S26a00S21200M515x542S26a00487x458S14c58485x511S21200487x476S14c50487x491
eksplosjon,,2370,M551x529S20500495x499S26712450x495S26706509x496S20310502x514S20314482x514S2f710526x521S2f710461x521S22100510x484S22100479x484S21b00531x478S21b00464x479S2fb00494x471
eksplosjon,,2371,M577x529S20500494x499S26712449x495S26706508x496S20310501x514S20314481x514S2f710525x521S2f710460x521S22100509x484S22100478x484S21b00530x478S21b00463x479S2fb00493x471S14c10554x482S14c18423x479
eksponent,,199,AS14a20S22a00M507x518S14a20492x503S22a00494x482
eksponetiell,,6663,M535x528S10058466x498S10011485x496S28907494x472S2f710523x480
ekstra,,2372,M540x519S15a30461x492S18517521x481S20500474x495S28902488x483
ekstra,,3360,M528x514S15a18473x487S20500488x495S18510503x495
ekstra,,3361,M538x522S15a30462x491S20500477x500S2a200489x479S18517519x495
ekstra,,5946,M538x520S15a30462x489S20500477x498S2a200491x481S18517519x493
ekstrem,,2373,M548x521S36d00479x488S15a02512x509S26607526x480
ekstrem,,5947,M547x519S36d00479x490S15a02512x507S26607525x481
ekstrem,,8052,M547x520S36d00479x488S15a02511x508S26607525x481
ekte,,2374,M514x525S15a16487x491S11550495x495S20b00494x476
ekte,,3362,M514x525S15a36487x491S11550493x495S20b00491x475
ekte,,5948,M514x525S15a16487x491S11550497x495S20b00496x475
ekte,,8053,M514x525S20b00495x476S15a16487x496S11550493x495
ekvator,,3363,M579x523S15a50471x487S15a50453x487S28a14426x485S28a0c491x484S28816421x496S2880e492x497S15a38543x496S2d604536x478S10011558x491
ekvivalens,,2375,M518x573S20500496x428S10050503x443S10058484x443S20500490x547S15a16483x561S1851c482x527
ekvivalens,,3364,M551x523S10050468x493S10058450x493S20500463x478S15a16524x508S20500531x495S1851c525x477
ekvivalens,,5949,M518x562S10050503x452S10058483x452S20500496x439S20500499x536S15a16490x550S1851c493x519
el-ladning,,400,AS11552S17650S20500M516x516S17650483x500S11552486x484S20500501x501
el-spenning,,151,AS11810S11818S2f900S2f900M526x518S11810511x491S11818474x491S2f900476x482S2f900513x481
el-spenning,,2376,M537x531S2fb04489x525S2f900507x520S2f900476x521S15a10525x490S15a18459x491S36d00479x469
el-spenning,,8054,M529x538S36d00479x462S15a14468x487S15a10517x485S2f900480x521S2f900507x521S2fb04491x532
el-spenning -1,,8055,M530x534S36d00479x467S15a10518x482S15a14470x483S2f900484x517S2f900507x517S2fb04493x528
el-spenning -2,,8056,M525x518S11810510x490S11818475x491S2f900513x482S2f900477x482
el-stroem,,2377,M528x524S11543501x476S24d0d472x496
el-stroem,,2378,M528x525S20500493x512S26502507x510S26516476x511S10a10513x476S10a18472x476
el-strom,,8057,M530x524S11543503x476S24d0d471x496
el-strøm,,488,AS11513S24d03M530x527S24d03469x496S11513503x473
elastik,,3365,M530x537S26502513x502S26506514x483S26516471x502S26512470x483S2fb00493x473S2f800482x463S1f720510x521S1f728471x522
elastisk,,2379,M546x525S20300506x475S20300478x475S26a12471x498S26a06513x498S2f900535x500S2f900535x516S2f900455x501S2f900455x517
elecfa,,5133,M522x523S20102505x478S2e700507x498S19219479x502
electrisity,,5298,M519x522S11810504x495S11818481x495S20600489x479
electron,,5319,M521x522S20102505x478S2e700506x497S19219480x501
electron,,5320,M517x521S2e700502x496S20102500x479S20106483x502
electron-ASL,,83,AS14a10S14a18S2e800M519x525S14a18481x500S2e800504x493S14a10503x474
electron-shell,,5312,M536x516S19219464x491S15010490x485S2ef00518x492
elefant,,3366,M566x533S29905538x511S16d10518x503S33200482x483
elefant,,5666,AS16d10S29905S33200M568x530S33200482x483S16d10521x499S29905540x508
elegant,,3367,M555x522S36d00479x479S22f00506x494S20f00505x510S15d40536x494
elegant,,8060,M558x521S36d00479x479S22f00507x492S20f00507x509S15d40539x494
voltage,elektrical potential,5302,M522x518S11810507x491S11818478x491S2f900510x483S2f900481x484
elektrisitet,,491,AS11810S11818S20600M520x522S11810505x495S11818480x495S20600491x478
elektrisitet,,2380,M525x517S20602495x483S11810510x490S11818475x490
elektrisitet,,3368,M524x517S20602496x483S11810509x490S11818477x490
elektrisitet,,8061,M525x519S20602496x481S11810510x491S11818475x492
elektrode,,2381,M527x547S20500484x454S11810491x467S11818474x467S2a200504x490S10014496x517
elektrode,,3369,M526x550S20500488x451S11810495x468S11818475x468S2a200503x493S10014494x520
elektrode,,8062,M528x546S20500488x455S11810497x467S11818473x467S2a200505x492S10014494x516
elektroder,,564,AS11514S1151cM530x515S11514515x485S1151c469x485
elektroder,,2382,M535x550S20500492x451S11810499x464S11818482x464S2a200512x487S10014504x520S2a218466x489S1001c481x520
elektroder,,8063,M540x550S20600493x450S11810507x467S11818483x467S2a200517x490S2a218461x492S10014511x519S1001c479x520
elektrolyse,,2383,M540x545S11818483x468S11810502x468S20600490x455S11513513x520S1151b461x520S22121506x519S22127478x519
elektrolyse,,6664,M535x571S11810507x443S11818479x444S20600490x429S10014513x541S1001c472x540S28803515x517S2881b466x516
elektron,,2384,M528x526S2ea00497x491S19208472x507S14a20513x475
elektron,,6665,M527x525S19208473x506S2ea00499x488S14a20512x476
elektron-skall,,2386,M577x536S2ea00445x481S19208423x494S14a20455x464S37700484x479S17121542x472S17129519x472S28a14503x490S28a0c560x488S20500535x525
elektron-skall,,6667,M540x568S2ea00499x449S19208477x462S14a20509x432S37700538x447S17121500x508S17129476x508S28a14460x524S28a0c518x525S20500494x557
elektronskall,,2387,M535x516S15010488x485S19219466x493S2ef00517x491
element,,5324,M515x525S20102492x491S15a1a488x475S2e73a486x509
element,,5327,M525x563S17714476x548S1771c505x548S21100508x531S21100482x531S26520507x514S26520481x515S15a12490x438S15a16490x452
element,,5328,M569x525S17714520x510S1771c549x510S21100552x493S21100526x493S26520551x476S26520525x477S15a12431x490S15a16432x505S37700492x490
element  - ASL,,268,AS14a10S15a1aS2e806M516x529S15a1a486x470S2e806484x514S14a10490x491
elephant,,8059,M573x529S33200482x483S16d10522x496S29905545x507
elfenben,,3370,M563x530S33b00482x483S20500502x503S16d10520x499S2c607540x512
elfenben,,5667,M566x519S33b00482x483S20500500x504S16d10522x498S2c607543x501
elfenben,,8064,M565x527S36710482x483S16d10519x506S2c607542x509
Ellen,,1402,AS15317S2c303S21100S34700S15347S35d00M560x548S34700482x463S2c303538x510S15317509x485S21100523x508S15347508x525S35d00482x503
Ellen,,3373,M536x561S33b00482x483S15307509x509S2e000515x532
ellen,,8068,M540x563S33b00482x483S15317508x510S2e000519x534
eller,,329,AS10041S1dc09S26502S20e00S26606S20e00M541x532S1dc09491x502S20e00480x495S20e00510x487S10041520x502S26502460x494S26606492x468
eller,,647,AS10041S1dc09S20e00S20e00M531x523S1dc09482x493S20e00470x487S20e00498x478S10041510x492
ellipse,,517,AS10050S10058S22a06S2880cS22a02S22a12S28814S22a16M534x536S10050506x505S10058480x506S22a06505x463S2880c522x470S28814467x471S22a02504x488S22a16485x488S22a12480x464
ellipse,,592,AS10050S10059S20500S28804S22a06S28800S22a02M547x531S10050488x501S10059453x501S20500480x484S28800535x472S28804498x477S22a02512x468S22a06518x492
ellipse,,1900,M521x522S10050506x492S2880e479x494S2880a479x478
elske,kjærlighet,493,AS15a01S15a07S20500S2f900S36d00M521x531S36d00479x470S15a07475x486S15a01476x484S20500483x513S2f900482x526
elske,,3374,M533x533S15a41501x481S15a49474x481S20500494x467S20602494x507S26a02519x506S26a16467x506
elske,,3375,M521x519S36d00479x482S15a01492x495S15a07490x496
elske -h,,8069,M527x535S20500496x466S20602496x511S15a41503x480S15a49474x481S26a02513x505S26a16478x506
elv,,3377,AS14c13S24d0dM527x528S14c13500x473S24d0d473x500
elv,,4820,AS15a13S24d0dM529x527S24d0d472x499S15a13506x473
elv,strøm,5237,AS14c53S24d0dM527x527S14c53501x473S24d0d474x499
elv,,8071,AS15a51S2dd00M535x512S15a51512x489S2dd00465x493
strømme,elv ned-v,834,AS14c13S25103M525x525S14c13498x476S25103475x500
emalje,,2388,M539x537S1000a461x509S10040476x507S20b00494x492S22a03509x476S14a20524x463
emalje,,3379,M538x537S10040475x507S1000a463x509S20b00492x491S22a03506x476S14a20523x463
emalje,,8075,M532x540S14a20517x460S22a03503x476S20b00489x491S10040481x510S1000a469x513
embryo,,3380,M523x529S1da11498x485S1da19477x486S20500495x471S20700492x514
embryo,,8076,M520x530S20500495x471S1da11495x488S1da19480x488S20700490x515
embryo (biologi),,8077,M520x528S20500496x473S20700492x513S1da11495x488S1da19481x488
emne,"tema, overskrift",1394,AS1ed20S26606S34700M589x517S1ed20525x492S26606559x496S34700482x482
en,,34,AS10000M507x515S10000492x485
en,,8078,M508x515S10000493x485
forsvar,en forsvarer,3601,M524x518S2ff20476x483S2034a493x464S20346493x446S26a00487x427
en-het,,2389,M510x547S10010491x453S1ed16491x511S2f900493x542
en-het,,5950,M511x551S10010490x450S1ed16492x516S2f900493x546
en-stund-senere,,3381,M554x513S10112498x487S1011a468x494S2ea34539x488S2ea18446x487
en-stund-senere,,3382,M553x513S10012500x487S1001a472x496S2ea34538x488S2ea40448x488
en-stund-senere -i,,8079,M549x514S10012500x494S10016472x490S2ea34534x489S2ea18451x486
enbarne,,3383,M527x529S10000422x475S22a04423x512S37700452x487S36d00478x525S21100496x509S2c620492x482S17130509x490S17138474x490S36d00480x472
forandre,"foandres, endre, endres",4182,AS10031S10059S2a206S2a21eS21100M523x540S10031485x461S10059489x476S2a21e502x498S2a206478x497S21100494x526
forandres,endres,2251,AS10051S10039S2a206S2a21eS10031S10059M524x564S10039489x436S10051477x450S2a206486x479S2a21e497x505S10031491x529S10059494x543
endret dato,,1521,AS10031S10059S10051S10039S10011S15a18S22a04M521x573S10031487x427S10059479x439S10039484x462S10051483x472S15a18486x531S10011500x543S22a04497x525
enere,,3384,M520x520S1f510482x505S10012490x496S20f00481x481
enere,,8080,M519x520S20f00481x480S10012489x500S1f514482x505
energi,,256,AS20302S2030aS2a600S2a611S2f900S2f900M529x525S20302507x510S2030a479x510S2a600512x475S2a611471x474S2f900479x499S2f900510x499
energi,,6669,M522x523S2f900479x487S20350507x508S20350482x507S2f900511x487S2c620492x478
energi,,8081,M526x522S20350511x479S20350474x479S2d220488x489S2f900498x517
energi-pyramide,,6670,M551x575S2f900476x434S20350504x455S20350479x454S2f900508x434S2c620489x425S24901504x508S24919467x509S10011530x544S10019449x545
energipyramide,,6671,M546x577S2f900477x432S20350505x453S20350480x452S2f900509x432S2c620490x423S10019475x526S10011506x525S22b13454x553S22b05522x552
energisk,,8082,M527x521S20350512x479S20350473x479S2d220489x489S2f900498x516
engasjert,,3385,M545x518S15a36455x506S20340461x488S20500491x500S28902493x482S16d40527x486
engasjert,,3386,M514x532S15a36487x520S20340492x502S20500496x488S22a04495x469
engasjert foelelsesmessig,,3387,M532x544S37000479x456S37008468x457S15030506x479S15038472x479S26624494x497S2f900497x530S2f710496x537
engel,,951,AS14c20S14c28S22e04S22e14S32104S37700S37700S3770aS37702M566x552S32104482x482S14c20529x495S14c28443x492S22e04549x523S22e14424x523S37700524x527S37700470x526S37702457x525S3770a526x526
engelsk,,3388,M518x573S30004482x483S20500495x521S26500493x535S1dc01485x543
engelsk,,8083,M518x573S30004482x483S20500495x522S26500493x535S1dc01484x543
hærskare,"himmelsk hærskare, engleskare",990,AS14c00S14c08S22a07S22a11S22a07S22a11S22a07S22a11S22520S22520S32107S36d03M582x532S14c00540x439S14c08437x444S22a07569x457S22a07547x486S22a07543x509S22a11419x459S22a11436x496S22a11449x518S22520537x421S22520430x427S32107487x482S36d03477x516
enhet,,2391,M510x518S1ed16491x483S2f900494x513
enhet,,3389,M529x517S10000472x483S1ed16510x483S2f900512x512
enhet,,5951,M510x518S1ed16491x482S2f900492x513
enhet,,8084,M510x518S1ed16491x483S2f900492x513
enig,,3390,M514x529S15d02486x490S15d0a487x492S22f24486x515S20700493x471
ensom,,5330,M514x529S10000487x499S2f003493x472
regel,ent.,4051,M514x517S15a00487x484S18210491x502
regel,ent.,4052,M520x517S15a00493x484S18210497x502S20500480x498
enzym,,3391,M514x530S15a36487x518S14a28491x502S22b20491x470
enzym,,6672,M518x514S1ea47499x486S26503482x501S2f710482x489
enzym,,8085,M514x531S22b20492x469S14a24493x503S15a16487x519
enzymer,,6673,M547x533S22530505x481S22530454x467S15346463x487S1534e512x500S2ea32512x518S2ea4a464x505S2fd04485x524
epidemi,,3392,M578x541S30004482x483S17711511x510S17719469x509S2c607531x523S2c612446x521S14c57552x496S14c5f422x497
epilepsi,,3393,M536x522S15a16465x510S10e14472x478S2880b497x482S2880b516x482
epilepsi,,3394,M682x530S36d00479x491S26501504x502S26517482x502S22104502x517S22104486x517S15001522x502S15009448x503S15a36593x509S10e04597x476S2a208615x470S20b00639x491S15a36655x509S10e30653x500
epilepsi,,8086,M534x522S10e14473x479S15a16466x510S2880b494x489S2880b514x489
epilepsi -1,,8087,M534x523S15a16467x511S10e14475x478S2880b495x488S2880b514x488
epilepsi -h,,8088,M535x522S15a16466x510S10e14476x479S2880b495x494S2880b515x494
epistel,,3395,M549x520S20500495x485S26606507x482S26612464x483S1ef10503x504S1ef18467x505S22104537x481S22100537x491S22100452x493S22104452x483
epistel,,3396,M579x509S22104422x492S26606537x493S26612433x493S1ef10502x493S1ef18466x494S22104567x493S22100567x502S22100422x501
eple,,3397,M518x553S33b00482x483S22f00489x521S1530e489x538
eple,,3398,M540x560S33b00482x483S15307511x508S2e000519x531
eple,,3399,M518x555S30004482x483S22a00495x522S15316489x540
eple,,6464,M518x556S33b00482x483S15316488x541S22f00487x522
eple,,6465,M541x560S33b00482x483S15317512x506S2e000520x531
eple -1,,8090,M518x553S33b00482x483S22f00488x522S1530e489x538
eple -2,,8089,M538x562S33b00482x483S15317512x508S2e000517x533
eple -3,,8091,M518x557S30004482x483S22a00494x523S1531e488x542
er,,3401,M528x514S15a20473x487S22104489x500S18220505x496
er,,3402,M512x530S15a20492x471S22104493x503S18220489x515
er -h,,8092,M533x508S1ef50468x492S26606503x492
er-der -1,,8093,M515x548S15a50486x453S22120485x485S22a04486x497S2f710503x499S10050491x518
Erik -1,,8094,M529x540S36d00479x461S1f502507x482S21200501x510S22f04502x526
Erik -2,,8095,M558x523S36d00479x478S1f502506x495S21200530x494S22f04530x509
erosjon,,6674,M564x522S15311503x478S15319475x478S22b13453x498S22b05524x498S22531436x487S22537534x485
erotikk,,3403,M527x531S36d00479x469S20320512x479S2990c513x499
erotikk,,8096,M527x531S36d00479x470S20320512x480S2990c510x499
erotisk,,3404,M527x531S36d00479x469S20320512x479S2990c513x499
erotisk,,8097,M527x532S36d00479x469S20320512x480S2990c510x500
esel,,3405,M645x534S30001482x483S30007482x483S28807517x471S2881f463x472S22104509x471S22104477x472S1eb10540x468S1eb18437x470S37700582x480S15a14622x489S10e04628x469S20700623x451S22f24620x520
esel,,3406,M564x518S30001482x483S30007482x483S28807517x471S2881f463x472S22104509x471S22104477x472S1eb10540x468S1eb18437x470
esel,,3407,M538x518S2ff00482x483S15a20507x471S15a20481x473S2fb00491x456S22100526x473S22100464x475
esel,,4773,M569x518S30001482x482S30007482x483S28807520x471S2881f461x471S22104512x469S22104476x469S1eb10545x463S1eb18433x464
esel,,4774,M569x624S30001482x482S30007482x483S28807520x471S2881f461x471S22104512x469S22104476x469S1eb10545x463S1eb18433x464S15a48495x579S10e04491x564S20700513x580S22f24489x610
esel,,5670,M564x627S30001482x483S30007482x483S28807517x471S2881f463x472S22104509x471S22104477x472S1eb10540x468S1eb18437x470S15a14496x585S10e04501x564S20700499x546S22f24489x613
esel,,5671,M564x518S30001482x483S30007482x483S28807517x471S2881f463x472S1eb18437x470S1eb10540x468S22120503x474S22120477x474
esel,,5672,M551x518S2ff00482x483S15a20509x467S15a20480x466S22114525x470S22114449x471S2fb00493x458
Eskild,,1308,AS10011S2c307S34700M553x552S34700482x483S10011512x507S2c307528x534
eskonential,,1902,M514x521S14a20496x479S2e30e487x498
essensielle,,6675,M519x521S1f502492x497S23400482x479
etanol,,6676,M527x537S14a20492x414S30004482x483S1f510493x522S20e00515x514
etanol,,6677,M528x545S14a20492x414S30004482x483S1f510493x522S20e00515x514S22a04515x530
ete,"legge i seg, storspise",3408,M550x548S33b00482x483S1ed36492x522S23400513x532
ete,"legge i seg, storspise",3409,M545x545S33b00482x483S1eb36488x521S20610511x520
ete,,3410,M551x547S33b00482x483S1eb36486x523S26f04511x524
ete,,3411,M527x547S33b00482x483S1eb36487x523S26504513x517
ete -1,,8098,M549x544S33b00482x483S1ec36490x521S23400512x524
ete -2,,8099,M544x547S33b00482x483S1eb36486x523S20610510x521
"ete, legge i seg",,8100,AS1eb37S20610S34700M547x546S20610513x509S1eb37500x519S34700482x483
eteren,,2392,M547x543S2ff00482x483S21100509x520S21100479x520S18514463x528S1851c511x528S28a14451x485S28a0c530x485S14c12516x455S14c1a450x458
gnage,"taere, etse",2199,M514x513S15310499x488S21802487x492
gnage,"taere, etse",2200,M508x536S15310493x464S14a10493x521
etse,,3412,M528x522S15a12477x478S10a17473x494S20f00502x491
etse -1,,8101,M529x522S15a12477x478S10a17471x494S20f00503x494
etterspoersel,,3413,M628x533S36d00432x467S2c300444x499S15a30414x506S15a30566x503S10004417x486S21100429x504S36d00526x467S10004571x487S21100586x505S2c300602x498
Eureka,,2393,M548x543S34900483x474S31a00483x473S30100483x463S1dc21518x473S22100519x459S36d00479x539S30150496x527
Eureka!,,15,AS1dc21S22100S30100S34900S31a00M547x523S34900482x488S31a00482x487S30100482x477S1dc21517x487S22100518x473
Europa,,307,AS14a20S2e408M514x530S14a20491x470S2e408485x497
eventuelt,,3414,M514x527S15a0e487x473S10000492x476S22a00494x512
eventuelt,,3415,M514x528S15a02487x494S10000493x498S22a00497x472
eventuelt,,8102,M514x525S15a02487x475S10000491x475S22a00492x510
eventyr,,136,AS10011S22a03S20e00S34700M529x547S22a03482x533S10011508x502S20e00493x523S34700482x482
eventyr,,478,AS10011S22f03S20e00S20e00S33e00S31400M530x555S31400482x482S33e00482x482S10011509x503S20e00496x524S20e00506x533S22f03488x534
løgn,eventyr,542,AS10011S22a03S20e00S33b00M527x547S33b00482x482S10011506x502S20e00491x523S22a03480x533
eventyr,,1414,AS10011S22f03S20e00S20e00S33e00S31400M530x555S31400482x482S33e00482x482S10011509x503S20e00496x524S20e00506x533S22f03488x534
evivialens,,2394,M517x565S20500495x435S10050502x450S10058483x450S20500495x538S15a16487x553S1851c486x519
excitation of an atom,,5318,M530x523S20102496x488S19219471x504S28800518x477
f,F,848,AS1de20M511x515S1de20489x485
f,F,851,AS11550S1155aM517x516S11550502x486S1155a483x484
F-munn,,410,AS36500M518x517S36500482x482
tre,"triverke, f. eks, moebler av tre",5555,M563x530S36d00479x485S37800521x486S20500519x487S20500525x507S11e01538x500S2b800526x471
fa personer,,2170,M521x519S21100482x497S22100482x487S37b06480x514S37b06481x482S1f406506x490
fabrikk,,2395,M526x528S14c01500x473S14c09475x473S28904501x499S2891c484x499
fabrikk,,8104,M526x526S14c01500x474S14c09474x474S28804500x504S2881c490x504
facebook,,2642,AS15a20S2e200S2ff00M530x564S2ff00482x483S2e200510x532S15a20514x500
fader-var,,3416,M623x547S30006482x483S22a04527x495S10010519x513S21100527x478S37700565x492S15a00584x520S20500585x506S2d608589x490S20500613x506
fader-var,,3417,M599x531S33100482x483S10012495x507S26506477x501S21100462x503S20500553x499S20500589x499S2d608561x482S15a00568x504
fael,,3780,M526x540S30004482x483S21100494x521S1f502476x516S26506511x521
fag,,439,M529x528S15a02499x510S15a06475x516S20f00487x493S26c14471x473S26c04502x472
fag,,2396,M524x519S18240500x496S18248477x504S20f00489x482
fag,,2397,M531x533S18240500x510S18248477x518S20f00489x496S26c04504x478S26c14470x478S2fb00492x467
fag -1,,8105,M523x520S20f00486x481S18240499x497S18248478x505
fag -2,,8106,M536x532S2fb00492x469S20f00487x494S26c00509x478S26c10464x478S18240499x510S18248478x517
fag -3,,8107,M525x521S20f00488x480S15a02498x500S15a02475x509
fager,,3418,M562x515S1ce10506x485S1ce18473x485S28912439x490S2890a533x489
fager,,8108,M555x516S1ce10507x485S1ce18467x486S2880a533x497S28812445x498
fagforening,,451,M578x538S15a02451x501S15a06427x507S20f00439x484S26c14423x464S26c04454x463S20500536x523S26602548x521S26616503x522S16d40558x491S16d48503x491
fakkel,,2398,M549x523S36d00479x511S14c00521x492S22520517x476
faktura,,3420,M541x521S10020504x491S10028484x491S2fb00494x480S23c04518x488S23c1c460x488
faktura,,8110,M545x524S2fb00494x477S10020504x492S10028482x492S23b04526x501S23b1c455x503
falle-i-fristelse,,3421,M524x523S2c320493x500S15a10512x479S15a18476x478
falle-i-fristelse,,3422,M529x532S15a10517x470S15a18483x468S26902507x505S26912472x502S2fb04496x526
falle-i-fristelse -1,,8111,M523x522S15a10511x479S15a14478x481S2c320492x499
falle-i-fristelse -2,,8112,M525x531S15a10513x469S15a14483x472S26902506x504S26912476x505S2fb04496x525
falle-om,,959,AS10004S1000cS2960cS2961cS10003S1000dM535x554S10004520x448S10003502x532S1000c465x446S1000d466x524S2960c516x489S2961c469x484
familie,,3423,M523x528S10612497x473S1060a478x474S20700491x493S2e75a487x512
fange,,8113,M524x521S1193b476x481S20301503x479S20500496x510
fantasi,,3426,M577x518S30007482x483S10010513x460S26500533x473S22100533x463S14c41551x448
fantasi,,8114,M574x518S30007482x483S10010512x462S26500533x464S22100534x455S14c41548x439
far,,760,AS10012S26506S21100S33b00M551x533S33b00482x482S10012502x511S21100496x519S26506536x509
far,,3427,M518x552S2ff00482x483S21100499x486S26504500x497S10010494x522
far,,3793,M540x516S15a26502x504S10e1e510x486S21100495x485S26602461x484S37706475x509
far,,4776,M539x519S15a1a504x507S37806471x511S21100493x491S10e1e509x489S26602461x490S22104476x481
far,,5675,M541x521S15a1a504x509S37806472x514S10e1e511x492S21100494x493S26602460x493S22114472x480
far,,8115,M518x540S2ff00482x483S10010495x510S21100500x487S26504499x497
far-1,,1437,AS10012S26506S33b00M542x526S33b00482x482S10012492x511S26506527x509
far-ikke-til,,3794,M514x521S15a06487x499S15a50494x494S2f900495x487S2f900495x480
farao,,3428,M518x518S30000482x483S15312487x467S20500496x452S22a04494x433
farao,,8116,M518x518S30000482x483S15312489x466S20500499x451S22a04498x435
farge,,1091,AS14c21S14c07S25105M528x534S14c07471x467S14c21477x483S25105503x508
farge,,5193,M514x533S14c20488x468S15a06487x509S2920c491x502
farger,,2400,M514x542S15a06487x484S14c20488x459S20e00492x499S2480c492x514
farger,,2401,M514x543S15a06487x483S14c20487x457S20e00492x497S29904492x511
farger,,3429,M516x535S14c20484x465S14c0a485x506S29904488x503
farger,,8117,M520x537S14c20480x463S29904487x505S14c0a489x495
farger -1,,8118,M515x540S15a02486x484S14c20492x460S20e00496x498S2480c495x512
fart,,2402,M525x524S1dc20475x494S26607493x476S22120503x498S2f710476x477
fart,,2403,M527x522S10011474x492S26706485x486S2f710486x479
fart -1,,8119,M528x524S1dc20472x494S26607494x476S22120481x478S2f710516x492
fart -2,,8120,M528x523S10011473x493S26706486x485S2f710480x478
fart-1,,8121,M526x523S1dc20475x493S2f710481x481S26607494x478S22120504x497
fart-2,,8122,M528x523S10011478x493S26706486x485S2f710473x478
fartsmaler,,2404,M527x550S10011474x463S26706485x457S2f710486x450S15a06483x535S10021485x529S2890a487x510
fase,,2405,M523x521S10011478x491S2890a488x480S2f900512x499
fase,,5952,M525x521S10011475x491S2890a482x480S2f900514x494
fasefoskyvning,,2406,M535x522S10008481x478S10020466x492S20500470x494S2991a499x490S2990a485x506S2fb05523x508
fasesoskyvning,,5953,M538x525S20500468x492S10008480x476S10020463x495S29a16495x483S29a06485x501S2fb05526x501
fasit,,2407,M570x543S14c20430x457S15a00435x492S15a40549x468S15a16543x531S21100450x483S22b04449x502S37700488x489S22a04548x499S20b00549x516
fasit,,5954,M519x596S15a00487x439S14c20482x405S21100504x432S22b04503x448S22a04489x551S20b00490x569S15a40490x521S15a16484x584
fast,,2408,M526x512S20340511x497S20348474x497S2f900513x490S2f900476x489
fast,,5955,M527x511S20340512x496S20348473x496S2f900513x490S2f900475x490
fast,,6678,M527x512S20340512x497S20348473x497S2f900515x489S2f900474x489
fast,,8123,M528x511S20340513x496S20348473x496S2f900515x489S2f900475x489
fast-følge,,3430,AS1f720S1f728S20500S2e732M521x526S1f720501x488S1f728479x488S20500496x475S2e732489x510
fast-følge -i,,8124,M522x525S20500494x475S1f750502x489S1f758478x489S2e752486x509
faste,,3431,M551x528S21100492x483S22a24493x499S15a00508x495S15a00480x495S36d00479x524S36d00480x472S2d200525x503S2d211449x503
faste-tid,,3432,M638x528S21100492x483S22a24493x499S15a00508x495S15a00480x495S36d00479x524S36d00480x472S2d200525x503S2d211449x503S37700576x490S10020607x490S26606608x474
fastelavn,,3433,M661x528S21100492x483S22a24493x499S15a00508x495S15a00480x495S36d00479x524S36d00480x472S2d200525x503S2d211449x503S37700576x490S20b00625x485S28810611x481S28808641x480S1f710641x505S1f718603x505
fastlast,,453,M532x536S14c01506x464S14c09469x464S28803499x490S2881b479x490S2f900494x513S20700490x521
fastspenning,,456,M565x522S20310467x505S20318436x505S2f900470x496S2f900438x497S15a40553x495S15a48536x495S20500544x486S2f900544x479
fauna,,3434,M565x526S11813461x493S11813441x492S26521435x474S15a20545x481S2e736540x510
jukse,"juks, fuske, fusk, Fauske",170,AS1f540S26900S20e00S2ff00M531x551S2ff00482x482S20e00515x513S26900515x533S1f540493x520
favoer,,3435,M515x523S15a02485x478S26a04488x493S20600490x512
favør -h,,8125,M515x522S15a02486x478S26a04488x493S20600490x511
feber,,3436,M538x518S2ff00482x483S21100490x486S26606508x484S14c02452x481
feberkurve,,3437,M633x521S2ff00482x483S21100490x486S26606508x484S14c02452x481S37700558x488S10011587x491S2920a602x486
februar,,1078,AS10002S26a06S20e00S21600S2ff00M539x537S10002490x513S21600491x519S26a06525x510S20e00473x512S2ff00482x483
februar,,1151,AS16f31S16f59S21310S2f900S2f900M520x533S16f31491x482S16f59483x467S21310480x509S2f900484x528S2f900504x528
februar,,1277,AS1dc01S26a06S20e00S36500M536x540S1dc01491x510S36500482x482S26a06522x504S20e00474x511
feil,,211,AS10040S1004aS22b04S20e00M533x519S10040487x489S1004a467x492S22b04517x481S20e00506x483
feil,,2409,M524x532S10040503x502S1000a477x492S20e00511x486S22a04511x468
feil,,5956,M523x532S20e00511x485S22a04510x468S10040502x502S1000a478x489
feil,,8126,M523x534S22a04510x466S20e00510x487S10040502x504S1000a477x493
feil -2,,8127,M524x532S22a04511x468S20e00510x486S10040502x502S1000a477x494
felle,,3438,M528x520S15a16487x508S15a10516x481S28803486x486S20b00472x486
felle,,8128,M528x523S15a10504x477S15a12479x498S20b00473x484S26902510x507
felle et tre,,3439,M529x538S37800483x491S14c10472x462S15a16472x526S2c300503x503
felle et tre,,3440,M533x531S14c08468x470S37800477x499S20b00484x513S26502500x512S15a50521x504S28a1a492x482
felles,,3441,M532x521S15d3a469x494S20700482x479S26602501x481S15a30520x494
fellesmarked,,3442,M601x529S15d3a400x501S20700418x488S26602442x487S15a30463x502S37700505x498S2ea06576x486S2ea12546x492S2fc00565x471S18514545x512S1851c574x505
fellingsreaksjon,,6679,M562x603S16d38487x398S14c02485x456S22b04487x422S20700511x400S2f804481x479S17610500x570S15a1f486x580S22b07514x548S22a12467x579S14c50538x522S14c58439x564S22100504x554
fellingsreaksjon,,6680,M562x603S16d38487x398S22100504x554S22b04487x422S20700527x402S2f804476x449S17610500x570S15a1f486x580S22b07514x548S22a12467x579S14c50538x522S14c58439x564S15a02496x403
fellingsreaksjon,,6681,M562x603S16d38487x398S22100504x554S22b04487x422S20700527x402S2f804478x473S17610500x570S15a1f486x580S22b07514x548S22a12467x579S14c50538x522S14c58439x564S15a02496x403S14c02484x452
felt,,2410,M534x530S14c50510x470S14c58466x470S22b24491x500
felt,,2411,M534x529S14c00511x471S14c08467x472S26624492x499
felt,omrade,3443,M513x526S14c50488x475S2e732488x510
felt,,3444,M566x538S18527502x511S1852f477x511S22b03518x489S22b15457x492S14c27540x463S14c2f434x467
felt -1,,8129,M533x529S14c50509x472S14c58467x473S22b24492x499
felt -2,,8130,M531x528S14c00508x472S14c08469x472S26624492x498
felt -3,,8131,M513x527S14c50487x473S2e732488x511
"felt, kraftfelt, horisontalt",,648,AS14c40S14c48S26500S26510M537x532S14c40513x500S14c48463x501S26500518x468S26510468x467
feltstyrke,,2412,M534x547S14c00511x453S14c08467x454S26624492x481S20300515x522S20308470x522S2f900518x542S2f900472x541
feltvektor for vertikale feltlinjer,,2413,M534x551S14c50510x450S14c58467x451S22b24493x480S10004514x508S22a04518x536
fem,,8132,M512x516S14c00489x485
feminin,,3445,M575x522S36d00479x481S14c40517x485S20500512x511S26a00548x490S37b1b494x478
feminin,,8133,M573x520S36d00479x480S14c40519x480S20500513x505S26a00546x506
femkat,,1898,M535x545S14c20490x456S15a50503x502S15a50485x502S23804518x519S2381c465x520
fengsel,,3446,M524x523S37600489x489S20301477x477S20301503x477S20500496x512
fenotype,,6682,M528x572S36d00479x429S15a02501x438S15a06470x438S21100494x453S22b24492x468S1ef27485x523S22a04494x557
ferdig,,1476,AS15d40S15a16S23b0aS20b00S20e00M528x531S20e00516x508S15d40488x469S15a16479x519S20b00472x503S23b0a490x501
ferdig,,3447,M514x531S20b00493x487S22a04493x469S15a36487x503S15a40494x504
ferie,,3448,M535x526S37600489x503S14c51466x480S14c59508x481S2fa00494x475
ferksen,,6466,M522x561S1d820488x397S33b00482x483S16d10505x519S16d18478x519S21800504x543S21800477x543S2fb04492x555
fersken,,3449,M525x559S1d820391x508S37700435x511S33b00482x483S16d10506x519S16d18475x520S21800507x541S21800473x542S2fb04491x553
ferskvann,,6683,M529x559S17d14473x451S17d1c505x451S22124507x442S22124471x443S17712494x520S22a04495x544S22100510x542
"fest, selskap, jubileum",,1196,AS20301S20309S28908S28910S20e00M540x518S20301502x491S20309479x491S20e00497x482S28910460x489S28908525x488
fet,,3450,M574x563S32a00483x482S36d00479x520S14c02508x540S14c1a467x540S26606544x543S26612433x542
fett,,2414,M537x543S36d00479x458S1851c512x497S22a04518x519S2f900518x538
fett,,3451,M519x532S15a06481x484S17d26485x488S20800488x469S26504487x517S22104507x516
fett,,6684,M524x525S15a48477x475S18240494x479S20f00498x497S22f04499x511
fett,,6685,M532x523S36d00479x478S2f900506x494S2f900482x495S22104506x504S22104482x504S18514467x506S1851c507x508
fett -2,,8134,M534x531S36d00479x469S1851c509x489S22a04515x507S2f900515x526
field,,5292,M513x525S14c50487x476S2e732488x509
field,,5293,M565x536S18527503x508S1852f477x509S22b03516x488S22b15458x491S14c27539x465S14c2f435x466
field,,5294,M528x533S14c50504x467S14c58473x467S22b24493x503
field,,5295,M528x528S14c00505x473S14c08473x473S26624492x498
fin,fiiin,954,AS1ce20S1ce28S28807S2881fS31a00M562x550S1ce28467x520S1ce20511x520S28807542x523S2881f439x523S31a00482x483
fil,,3458,M510x530S1ed26491x470S22b04490x500
fil,,8135,M510x529S1ec26491x471S22b04491x499
file,,2415,M522x533S11550500x503S1153a479x510S21200493x486S26a00495x467
file,,8136,M522x534S26a00495x466S21200494x483S11550497x504S1150a479x507
filtrere,,2416,M526x535S22a04488x495S17716487x515S14c16474x466S22120504x492
filtrere,,8138,M530x533S14c1a471x467S22a04493x494S17716492x513S22120508x489
fin,"pen, fint!, fin!",198,AS1ce10S2f900S33e00M552x554S33e00482x483S1ce10530x513S2f900529x549
fin,fint,649,AS1ce10S26506S33e00M568x542S33e00482x482S1ce10530x512S26506553x526
fin,svært fin,1407,AS1ce10S1ce18S22b07S22b11S36500M575x543S36500482x482S1ce10526x511S1ce18457x513S22b07551x490S22b11435x488
fin,,1458,AS1ce10S1ce18S26506S26512S36500M564x544S36500482x482S1ce10526x511S1ce18457x513S26506549x530S26512442x529
fin,,5160,AS1d510S26606M529x515S1d510472x486S26606499x493
finansiert,,3462,M532x526S18514469x511S1851c505x504S26c00505x484S26c10469x489S2fb00492x475
finansiert -h,,8139,M532x531S2fb00493x470S26c00505x482S26c10468x483S18514470x516S1851c499x506
fing,,3463,M508x524S1c730492x494S22a00493x476
fingerbokstavering,,291,AS15020S26606S22520S36d00M590x525S15020527x494S22520523x475S26606560x499S36d00479x506
fingerbokstavering,,650,AS15020S26606S22520S2ff00M589x553S15020526x522S22520522x503S26606559x527S2ff00482x482
fingerbokstavering,,8140,M531x523S14c20473x492S22501470x478S26606501x499
fingrene krummet,,5184,M509x510S16d10492x490
fingrene spriker,,5195,M508x513S15310493x488
justere,finjustere,5991,M560x550S35c00482x483S1ea40533x488S2a300537x514
finnes,,3464,M525x519S15a50475x491S10050510x489S22a04492x494S2f710493x511S22104493x482
finnes,,8141,M518x546S15a50487x454S22120482x485S22a04487x495S2f710506x500S10050493x516
lilla,fiolett,1095,AS11501S28806S21100S31410M558x529S31410482x482S11501505x502S28806536x499S21100522x495
fire,,8142,M511x516S14400489x485
fisk,,1062,AS15a40S28700M508x532S15a40495x505S28700492x468
fisk,,2550,M525x525S15a41502x502S2830f476x476
fisk,,2551,M508x536S15a40493x509S2dd06492x465
fisk,,3466,M511x532S15a40495x505S28308489x469
fisk,,5378,M508x536S15a10494x509S2dd06492x465
fisk,,5412,M511x532S15a40494x505S28300489x469
fisk,,5413,M508x538S15a40494x511S2dd06492x463
fisk,,5414,M525x525S15a41502x502S2830f475x475
fisk,,5415,M525x525S15a41502x502S2830f475x475
fisk,,5416,M508x536S15a40494x509S2dd06492x465
fisk,,5824,M508x536S15a40495x509S2dd06492x464
fisk,,5825,M525x525S15a41502x502S2830f476x475
fisk,,6686,M508x536S15a40494x509S2dd06492x464
fisk,,6687,M525x525S15a41502x502S2830f476x476
fisk,,8143,M511x531S15a48493x504S28308489x470
fisk (K),,8144,M508x537S15a10493x510S2dd06492x463
fiske,pilke,543,AS1ea40S23000M530x510S1ea40471x489S23000505x489
fiske,,5208,M527x511S1ea10474x490S23000502x489
fiske,,5605,M528x511S1ea40473x490S23000503x492
fiske,pilke,8250,M516x523S1ea40485x502S23000491x477
fiskearter,,2552,M531x554S15a41498x473S2830f472x446S1ec26470x528S22f04498x540S26606501x524
fiskearter,,5417,M526x572S15a41503x455S2830f474x429S15a41498x514S15a49474x526S20f01486x539S26a05499x551
fiskearter,,5418,M526x572S15a41503x455S2830f474x429S15a41498x514S15a49474x526S20f01486x539S26a05499x551
fiskearter,,5419,M534x562S15a41508x465S2830f481x438S1ed26467x535S26706492x534S22f04496x548
fiskearter,,5826,M536x574S15a41504x455S2830f478x427S1ed26464x544S26706494x546S22f04497x560
fiskearter,,5827,M527x569S15a41504x459S2830f476x431S15a41501x511S15a49474x522S20f01490x536S26a05505x548
fiskearter,,6688,M534x566S15a41498x461S2830f472x435S1ed26467x540S26706492x537S22f04497x550
fiskearter,,6689,M525x584S15a41500x441S15a41497x524S15a49476x540S2830f475x416S20f01491x551S26a05504x563
fjaer,,2418,M541x510S10002459x494S26706499x494S2ef00514x490S2ef00495x490
fjaer,,3470,M531x529S1f400495x513S1f408470x514S22b07507x481S22104510x472S22100495x488
fjaer-mark,,5828,M574x598S1ec40502x406S1ec48475x406S26712427x408S26706532x410S22100535x403S22104552x403S22100454x402S22104438x402S18020467x486S18028504x485S22120510x474S22120469x475S2fb00492x468S10a12509x583S26701474x548S21600508x563S21b00501x554S21600493x547
fjaering,,2419,M513x523S15a50495x477S22f04488x509
fjaering,,3471,M519x529S15a50495x472S22f04488x504S2f804481x518
fjaerkraft,,2420,M569x512S10002431x496S26706471x496S2ef00486x492S2ef00467x492S20300534x497S26506554x497S2f900554x489
fjaermark,,4705,M574x598S1ec40502x406S1ec48475x406S26712427x408S26706532x410S22100535x403S22104552x403S22100454x402S22104438x402S18020467x486S18028504x485S22120510x474S22120469x475S2fb00492x468S10a12509x583S26701474x548S21600508x563S21b00501x554S21600493x547
fjaermark,,4754,M573x592S1ec40503x410S1ec48475x410S26712428x414S26706531x415S22100534x411S22104549x410S22100455x408S22104440x408S18020467x496S18028502x496S22120509x483S22120468x483S2fb00492x475S10a12505x577S26701471x545S21600503x560S21b00495x551S21600486x543
fjaermark,,5380,M573x594S1ec40503x410S1ec48474x409S26712427x414S26706531x414S22100533x407S22104549x407S22100457x408S22104440x409S22120516x482S22120469x483S18020470x494S18028509x493S2fb00495x479S10a12509x579S26701476x549S21600507x561S21b00501x555S21600495x549
fjaermark,,5420,M574x598S1ec40502x406S1ec48475x406S26712427x408S26706532x410S22100535x403S22104552x403S22100454x402S22104438x402S18020467x486S18028504x485S22120510x474S22120469x475S2fb00492x468S10a12509x583S26701474x548S21600508x563S21b00501x554S21600493x547
fjaermark,,6691,M574x598S1ec40502x406S1ec48475x406S26712427x408S26706532x410S22100535x403S22104552x403S22100454x402S22104438x402S18020467x486S18028504x485S22120510x474S22120469x475S2fb00492x468S10a12509x583S26701474x548S21600508x563S21b00501x554S21600493x547
fjell,,3467,M521x525S15a48479x498S23906491x475
fjell,,3468,M532x527S10001486x497S10019469x496S22c07499x473
fjell,,6690,M558x580S32107482x483S10011504x550S10019489x550S20e00514x539S22c07525x508
fjell -1,,8145,M521x522S15a40480x495S23806496x479
fjell -2,,8146,M526x524S10001489x494S10019474x494S22b07502x476
fjern,,2417,M513x534S10040488x504S28308491x467
fjern,,8147,M513x534S10040488x504S28308491x467
fjord,,3469,M538x513S1ed50463x494S2dd08495x497S22104526x487
fjord,,5209,M535x515S1ec50465x495S2dd08493x499S22104492x485
fjord,,5606,M537x515S1ed50463x496S2dd08495x498S22104518x486
fjord,,8148,M539x513S1ed50461x494S2dd08492x497S22120517x488
fla,,3528,M529x523S37806471x503S15a56502x498S1f518472x478S26606491x478S21100473x509
flagg,,122,AS15a02S16d48S27200S20a00S37902M537x530S15a02462x482S16d48490x510S37902489x490S20a00514x512S27200497x469
flaks,,3472,M531x522S15a36469x510S20b00474x495S22a04474x478S11550516x492
flaks,,3473,M531x522S15a16469x510S20b00474x495S22a04474x478S11550516x492
flaks,,8149,M531x523S22a04484x477S20b00484x495S15a16470x511S11550516x490
flamme,,2421,M516x524S14c00488x493S22520484x476
flamme,,8150,M515x525S22502485x476S14c00492x494
flaske,,2422,M514x537S15a16487x525S16d26490x506S22b00491x472S22100494x463
flaske,,3475,M516x534S15a16485x522S16d26488x503S22b00489x469S22104504x466
flaske,,3477,M523x532S15a36478x520S22c00483x484S16d40505x499S17640507x469
flaske,,8151,M528x534S22120506x467S22b00491x472S16d26477x503S15a16473x522
flat,,2423,M530x514S15a36482x492S15a50471x487S20e00485x493S26606500x491
flat,,5957,M530x514S15a36481x497S15a50470x487S20e00486x497S26606500x494
flat,,8152,M530x514S15a50470x487S15a36481x493S20e00485x493S26606500x492
flat-hånd,,5177,M506x514S15a00494x487
flat-hånd,,5178,M512x508S18210489x493
flate,,3479,M514x516S15a12487x485S2e736489x500
flate,,3480,M514x515S15a52487x485S2e73a489x499
flate,,8153,M514x516S15a12487x484S2e736489x500
flatlus,,3481,M534x543S15d03490x495S15d0b489x495S20500495x525S20700492x476S22104522x500S22104470x501S36d00479x539S36d00480x457
flatlus,,4834,M545x537S15a03488x495S15a05488x494S22114519x501S22114456x501S20700490x477S20500494x520S36d00479x533S36d00479x464
flatlus,,5510,M545x535S15a05490x490S15a03487x491S20500495x516S20700491x472S22114519x499S22114458x500S36d00479x531S36d00479x465
flatt,,2424,M530x514S15a50470x487S15a36482x492S20e00486x492S26606500x490
flatt,,8154,M530x514S15a50470x487S15a36482x492S20e00486x493S26606500x491
flau,"sjenert, sky",464,AS18217S28902S2ff00M542x526S2ff00482x483S28902494x498S18217525x501
flau,"sjenert, sky",651,AS18217S28902S30103S31b00M545x529S30103482x477S28902497x504S18217528x504S31b00482x488
flau,,3483,M550x520S2ff00482x483S28902500x494S18217533x495
flau,,4686,AS15a00S2d600S31600M533x518S2d600491x500S15a00521x490S31600482x483
flau,,8155,M549x525S2ff00482x483S28802504x497S18217532x500
flaut,,3485,M529x529S36d00479x471S21100495x478S22a04496x497S2f900478x502S1f412514x481S2f804479x518
flekk,,2425,M514x525S11520493x495S15a56487x491S20b00493x475
flekk,,8156,M514x524S20b00489x477S11550492x494S15a56487x493
fler-,,6692,M557x528S15a06482x516S15a02490x516S28911469x487S28909505x487S22520503x472S22520466x472S14c00534x479S14c08444x480
flercellede organismer,,6693,M556x614S15a06481x432S15a02490x432S28911469x404S28909503x404S22520502x387S22520466x387S14c00533x398S14c08445x396S16d18487x480S16d10496x498S20600507x485S11851505x594S1185f474x551S21800504x584S21800457x543S26621506x553
flodhest,,3487,M549x528S15051500x481S1503f475x494S28813452x508S28809529x472
flodhest,,5673,M543x534S15051496x478S1503f475x499S28809523x467S28814458x512
flodhest,,8157,M544x536S15051496x476S15031469x492S28809524x464S28814457x514
floerte,,3522,M517x522S15d39484x499S15d31494x499S20710483x479
floerte,,3523,M524x537S15d39483x514S15d31493x514S20710482x494S2a20c501x463S2a20c477x465
floerte,,3524,M532x535S2fb00493x465S28308508x475S28310472x475S19a40504x515S19a48469x515
floete,,3525,M514x534S20e00490x482S15a30490x495S15a32487x466S26604488x504
floeyel,,3527,M517x546S15a50491x519S15003484x492S21200489x473S26a00490x454
floeyels,,3526,M543x548S36d10479x453S15004518x482S1500c459x483S21200501x515S21200471x516S22f04502x534S22f14472x534
flokk,hjord,941,AS1ea37S1ea3fS26a02S26a16M559x515S1ea37519x485S1ea3f462x486S26a02545x488S26a16441x488
flokk,,3488,M538x524S15310523x476S15318463x476S26602506x507S26616467x508
flokk,,8158,M534x523S15310516x477S15318468x478S26602504x506S26616466x507
flom,,3490,M542x535S14c50508x504S14c58472x503S22520459x482S22520510x482S25f20493x466
flom,,3492,M533x533S14c50509x502S14c58473x501S25f21481x469S22511510x467S22511468x487
flom,,5210,M539x529S25e20492x472S22520507x483S22520461x482S14c50511x498S14c58465x497
flom,,5211,M541x527S14c50511x496S14c58470x495S25e21486x474S22510519x477S22510460x476
flom,,5607,M540x530S25f20493x470S22520508x481S22520461x481S14c50510x499S14c58466x499
flom,,5609,M538x536S14c50505x505S14c58469x504S25f21477x465S22510516x485S22510463x483
flom,,5715,M530x537S25f20492x463S22510508x473S22510471x472S14c50505x504S14c58471x506
flom,,5716,M533x535S25f21479x466S22510511x471S22510467x485S14c50508x502S14c58474x504
flom -1,,8159,M530x533S25e00498x467S14c50506x502S14c58471x501S22502516x478S22502481x479
flom -2,,8160,M533x528S14c50509x495S14c58468x497S25e01494x472S22502515x472S22502471x476
"flom, stor",,532,AS14c51S14c5fS2b800S2b810M537x535S14c51510x501S14c5f469x508S2b810463x469S2b800494x464
flora,,3506,M561x539S17716440x484S22a00441x466S22100457x468S37700491x477S15a10541x475S15a18525x475S20500535x462S2df04540x507S2df1c517x507S2fb04531x533
flora,,3507,M571x520S17716430x500S15a12543x485S22a00431x481S22100449x483S37700492x492S2e732546x502
flott,,2122,AS1ce10S26500S2f700S2f900M520x524S1ce10498x477S26500480x509S2f900482x502S2f700501x515
flott,,2124,AS1ce10S1ce18S26500S26510S2f700S2f900M539x526S1ce10517x475S1ce18462x475S2f900492x501S2f700520x513S26500499x511S26510485x511
flour,,2426,M514x571S1d820487x429S15a22487x554S15a20494x544S26600491x510
flue,,3508,M533x514S19a12513x486S2830e468x491
flue,,3509,M527x513S18210504x497S18218474x498S22124504x488S22124475x487
flue,,3510,M531x521S20500495x510S18218507x496S18210470x496S22514509x479S22514471x479
flue,,3511,M522x528S1dc51479x505S24d0f494x472
flue,,3512,M560x531S2fb00490x482S26607515x470S26607538x471S26611461x472S26611440x473S15050503x500S15058469x500
flue,,3513,M560x530S2fb00490x483S26607515x471S26607538x472S26611461x473S26611440x474S14c50504x499S14c58471x499
flue,,3514,M527x518S18220504x503S18228472x503S22124505x492S22124472x492S36d00479x483
flue,,4835,M532x514S19a12512x486S2830e468x492
flue,,4836,M520x527S1dc51480x504S24d0f492x474
flue,,4837,M528x527S36d00479x473S22124506x486S22124469x486S18221470x499S18229500x500S20500493x516
flue,,4838,M529x528S18210471x492S18218506x492S37703486x505S3770b485x506S22124507x483S22124473x482S2fb00495x473
flue,,4839,M554x530S2fb00490x476S26601467x470S26601446x471S26617510x472S26617532x472S15050508x498S15058469x499
flue,,4840,M560x530S2fb00490x483S26607515x471S26607538x472S26611461x473S26611440x474S14c50504x499S14c58471x499
flue,,5511,M533x514S19a12513x486S2830e468x492
flue,,5512,M522x526S1dc51478x503S24d0f494x475
flue,,5513,M533x526S20500498x515S18221472x498S18229507x497S22124511x483S22124469x484S36d00479x474
flue,,5514,M529x530S2fb00494x471S22124507x483S22124474x483S18210472x495S18218506x495S37600488x507
flue,,5515,M554x532S2fb00488x478S26607511x468S26607532x468S26611464x468S26611446x470S15050505x501S15058468x501
flue,,5516,M554x530S2fb00488x481S26607511x471S26607532x471S26611464x471S26611446x473S14c50503x499S14c58470x499
flue -1,,8161,M533x514S19a12513x486S2830e467x492
flue -1 -h,,8162,M526x514S22101474x487S22101505x487S18210503x499S18218474x499
flue -2,,8163,M529x522S20500496x511S18210473x494S18218506x494S22102508x479S22102472x479
flue -2 -h,,8164,M522x526S1dc51478x503S24d0f494x475
flue -3,,8165,M553x529S15050502x498S15058470x498S2fb00492x486S26611465x471S26611447x472S26607512x472S26607531x472
flue -4,,8166,M525x518S36d00479x483S18220502x503S18228473x503S22101475x492S22101504x492
fluks,,84,AS14c1cS14c36S22a04S21000S22a04M532x549S14c36469x504S14c1c491x474S22a04497x451S21000512x512S22a04499x534
fluor,,3515,M554x530S1d820447x499S15a20536x503S15a22527x512S26600534x470
flux,,2427,M535x533S14c14495x467S14c1a465x506S22b04499x503S20700517x507
flux,,8167,M534x531S14c14492x469S14c1a466x502S22b04495x501S20700516x504
fly,,1502,AS1dc11S22c01M528x525S1dc11505x495S22c01471x475
fly,,1503,AS1dc40S25f00M512x541S1dc50488x511S25f00491x459
fly,,1504,AS1dc51S25f01M531x530S1dc51501x507S25f01469x471
fly,,3516,M562x518S23004505x500S23014470x500S36d00479x482S15a12438x495S15a1a535x495
fly,,4841,M537x518S36d00479x482S15a12467x490S15a1a510x490S22f04510x504S22f14470x504
fly,,4842,M548x523S36d00479x478S15a12454x490S15a1a521x489S23004501x505S23014471x505
fly,,5176,M520x521S19a51497x494S26601480x480
fly,,5517,M539x519S15a12461x489S15a1a512x489S36d00479x481S22f04511x505S22f14464x505
fly,,5518,M549x526S36d00479x474S15a12452x486S15a1a522x487S23004504x507S23014472x508
fly,,8168,M558x519S36d00479x482S22f04502x505S22f14472x505S15a12531x499S15a12441x497
fly-hånd,,5172,M514x510S19a00486x490
fly-hånd,,5173,M514x515S19c00486x486
fly-hånd,,5174,M514x515S19c00486x486
fly-hånd,,5175,M510x515S1a000490x486
flykte,,3517,M522x532S10050495x502S18219479x481S26600489x469S2f710510x482
flykte,,8169,M521x534S10050493x504S18219479x478S26600487x467S2f710509x470
flyktning,,3518,M563x532S10050453x502S18219437x481S26600447x469S2f710468x482S37700510x489S1ed46544x483S22a04544x513
flyktningeleir,,3519,M604x533S10050415x503S18219397x479S26600408x468S2f710427x481S37700455x488S15a11509x490S15a19483x491S22a13473x508S22a05529x510S22a13561x510S22a05591x510S26626569x488
flyndre,,3520,M532x508S15a12505x492S29902469x494
flyndre,,5421,M522x528S2c100499x489S15a1a478x516S15a50485x473
flyndre,,5422,M533x507S15a12506x493S29902468x493
flyndre,,6694,M523x523S15a1a478x511S15a50484x477S2c100500x493
flyndre,,8170,M532x511S15a12505x490S29902469x497
flyte,,2428,M566x515S15a57434x487S15a57472x489S26706524x485S22a04519x500S22a04545x500
flyte,,3521,M554x515S15a12476x488S15a12447x488S26706512x486S22a04532x500S22a04508x500
flyte,,8171,M553x514S15a12447x488S15a12479x488S26706511x486S22a04507x499S22a04533x499
flytende krystaller,,2429,M550x532S20b00466x515S22a04467x499S20300466x481S20300450x513S15a16516x520S11513522x491S2e732525x469
flytende krystaller,,2430,M569x526S20b00447x509S22a04448x493S20300447x475S20300431x507S15a16497x514S11513503x485S22120531x497S26606539x505
flørte -1,,8172,M523x540S20710484x493S2a20c500x461S2a20c477x461S15d31495x517S15d39483x517
flørte -2,,8173,M517x524S20710483x477S15d01493x501S15d09483x499
flørte -3,,8174,M537x536S2fb00495x465S28308506x474S28310476x475S19a40509x515S19a48464x516
fløte,,8175,M514x531S15a32487x470S20f02494x487S22a04493x516
fløyel,,8176,M514x543S26a00487x457S21200486x474S15003486x492S15a50490x516
foede,,3781,M531x534S2c620490x479S21100494x508S17130513x503S17138469x502S36d00479x530S36d00480x467
foedsel,,3782,M531x534S2c620490x479S21100494x508S17130513x503S17138469x502S36d00479x530S36d00480x467
foele,,3783,M522x529S15a50493x471S15a56491x483S26c0a492x501S21100478x502S21100509x515
foele,,3784,M532x541S36d00479x459S14c02492x472S21100518x491S23108506x508S21100506x527
foelge,,3785,M518x533S10018483x503S10010492x496S26627496x468
foelge,,3786,M518x533S1f502503x501S1f502483x509S26620493x467
foelge,,5975,M518x530S10018483x500S10010494x494S26627496x471
foelgesvenn,,3787,M519x519S1f510504x482S1f514481x482S2e752487x503
foell,,3788,M527x563S15a48481x459S10e04479x437S20700501x458S15a40514x517S15a48474x516S22a04514x548S22a14473x546
foell,,4775,M528x572S22f24486x470S15a48492x440S10e04487x428S20700510x447S15a40513x526S15a48473x525S22a24493x557
foell,,5674,M527x574S15a48491x465S10e04487x445S20700485x426S15a40513x528S15a48474x528S22a04514x559S22a14473x557
foer,,3789,M535x526S2ff20476x483S15a00521x466S26604519x496
foer,,3790,M536x541S32a10482x483S20e00522x495S15a00522x465S26604520x511
foerste klasse,,3791,M513x524S10030493x477S22f04488x510
foldete,,8178,M518x524S20700492x476S15340503x499S15348483x499
foldete hender,,3530,M516x522S15340501x497S15348484x497S20700492x478
folk,,536,AS15a50S26706S22a04S22a04M535x518S15a50465x482S26706493x486S22a04490x503S22a04508x503
folk,,3531,M520x552S2ff00482x483S15a20507x486S21100507x518S22a04507x537
folk,,8179,M529x514S15a50472x487S26706487x487S22f04491x498
folk -2,,8180,M521x546S2ff00482x483S15a20508x485S21100508x515S22a04508x531
folk -3,,8181,M543x522S2ff00482x483S21100500x503S26602468x502S18210520x507
folkeskikk,,8182,M557x524S10014475x494S1001c510x493S2d200531x476S2d211444x477
fontene,,2431,M559x537S15a10502x509S15a18486x510S22b11464x484S22b07512x486S22100524x505S22100466x506S14c10536x465S14c18441x464
for,,1896,M525x526S36d00479x489S20600503x474S15a50509x499
først,"første, for det første",867,AS10041S20e00S1f50bM526x523S1f50b474x490S10041505x493S20e00497x477
for lenge siden,langt tilbake,858,AS15a00S26604S32406S37403M551x546S32406490x482S37403474x519S15a00537x486S26604535x516
for lenge-lenge-lenge siden,"langt tilbake i tid, for lenge siden",911,AS15a00S26604S26504S26504S2ff20M548x563S2ff20476x482S15a00532x456S26604531x489S26504533x525S26504534x548
først,for-det-første,1488,AS10041S28808S20e00S1f501M525x528S28808511x471S10041504x498S20e00498x484S1f501474x497
varm!,"varmt!, for-varm, het",772,AS15002S26506S2f700S34b00M537x543S34b00482x482S15002484x518S26506522x525S2f700524x511
het,for-varm-mat,1446,AS15001S22a05S34600M545x549S34600482x482S15001508x512S22a05532x535
forandre,,2432,M517x549S10031484x452S10059487x468S2a206483x495S2a21e491x520
forandre,,2433,M533x557S10031487x444S10059490x461S10002474x537S1000a495x542S2810e468x494S28116501x499
forandre,,2434,M526x544S10031489x457S10059492x474S10002475x522S1000a496x529
forandre,,3532,M519x546S10031487x454S10059489x472S2a206481x500S2a21e498x517
forandre,,3533,M533x547S10031488x453S10059491x471S2810e468x497S28116501x503S10002474x527S1000a496x532
forandre,,3534,M525x537S10031488x464S10059491x482S10002475x517S1000a495x522
forandre,,5958,M517x548S10031485x452S10059487x469S2a206483x494S2a21e493x519
forandre,,5959,M533x552S10031487x449S10059490x466S10002474x531S1000a496x537S2810e468x499S28116501x504
forandre,,5960,M526x543S10031487x457S10059490x474S10002474x521S1000a496x528
forbannelse,,3535,M607x577S33b00482x483S10010487x513S25e04487x547S2f900506x557S37700548x510S20310584x519S2f900594x512S2f900581x512S26a00580x495
forbarme,,3536,M536x539S36d00479x461S15a20510x480S22f04505x512S2f804498x528
forbauset,,3537,M518x589S34100482x483S22a00494x528S21100494x545S14e02484x564
forbered,"forberede, på-forhånd",5839,AS15a51S15a57S22f04M518x529S15a57491x489S15a51495x506S22f04482x472
forberede,,2435,M519x524S15a1a492x512S15a50489x496S20c00482x477
forberede,,3538,M520x522S15a50487x495S15a56493x501S20c00481x478
forberede,,8183,M517x523S15a12485x508S15a50484x496S20c00489x478
forbikjoering,,3539,M524x518S2ff20476x483S15a50506x454S15a50509x422S2d81d485x427
forbikjoering,,3540,M524x518S2ff20476x483S15a50506x454S15a50509x422S2d81d485x427
forbikjøring,,8184,M524x518S2ff20476x483S15a50501x453S15a50512x426S2d71d468x452
forbindelse,,2436,M529x524S20700491x477S26502514x478S26516472x479S16d10512x504S16d18472x504
forbindelse,,2437,M522x520S10612496x505S1060a478x502S20700492x480
forbindelse,,3541,M522x526S10612496x491S1060a478x488S20700491x511S2f900497x475
forbindelse -1,,8185,M529x521S16d10506x500S16d18476x501S22120497x503S20700491x479S26502514x480S26516471x481
forbindelse -2,,8186,M522x521S20700489x480S10612496x506S10606478x498
"forbindelse, kjemisk",,8187,M522x523S2f900491x477S20700484x508S10612496x493S10616479x485
"forbindelse, kjemisk",,8188,M522x523S2f900491x477S20700484x508S10612496x493S10616479x485
forboenn,,3546,M551x531S15a31452x489S15a37449x489S22a20457x470S20500457x515S37700496x487S15310536x488S15318518x488S20700524x516
forboenn,,3547,M517x559S15a31489x461S15a37486x461S22a20494x442S20500494x487S20700491x544S15310502x515S15318483x515
forbrenning,,2438,M537x526S15316508x491S1531e466x491S22520505x474S22520464x474S2ea06507x511S2ea12466x511
forbrenning,,2439,M536x524S15316508x509S1531e466x509S22520504x493S22520464x493S22f00507x477S22f10468x476
forbrenning,,3542,M536x526S15316508x490S1531e466x490S22520504x474S22520464x474S2ea12466x511S2ea0a507x510
forbrenning,,3543,M534x537S15030508x480S15038467x480S22520502x463S22520466x463S2ea06508x516S2ea12467x517S2fb04492x531
forbrenning,,6695,M539x528S28817480x486S2880f503x486S28817468x473S2880f515x473S15317516x505S1531f461x505
forbrenning,,8189,M537x538S15030470x475S15038508x475S2ea36512x509S2ea42469x509S2fb04496x532S22502506x462S22502464x463
forbrenning -1,,8190,M533x527S22502467x474S22502508x473S15316508x491S1531e467x491S2ea0a506x511S2ea1e467x512
forbrenning -2,,8191,M534x527S22f00505x474S22f10466x474S22502510x496S22502469x496S15316509x512S1531e466x512
forbrukere,,6696,M547x539S11502491x481S1150a453x492S2e734497x501S2e718462x512S2fb04483x533S28807525x496S11530532x462
forbrukere,,8192,M547x550S11502492x492S1150a456x505S11530532x450S28807527x482S2e734503x512S2e718453x525S2fb04482x543
forbrytelse,,3544,M536x559S36a00482x477S20600489x527S1f510493x544S26a03515x517
forbryter,,3545,M536x559S36a00482x477S20600489x527S1f510493x544S26a03515x517
forbønn -1,,8193,M516x565S22a20495x436S15a31490x459S15a37489x459S20500495x487S20700493x550S15310501x521S15318485x521
fordampning,,6697,M533x535S14e30507x503S14e38468x504S29610477x465S29608509x465
fordeling,,3548,M525x526S15a16487x514S1851c493x496S26601475x474S26607503x475
fordeling,,8194,M526x522S26601475x479S26607501x479S1851c501x493S15a16487x510
fordi,"på-grunn-av, skyldes",933,AS1dc40S2c607S20e00S30006M560x541S30006482x482S1dc40508x511S20e00523x490S2c607537x501
fordoemme,,3549,M518x566S1f514417x518S22a04418x540S37700456x523S33b00482x483S10010486x512S2f900484x544S2f900497x544S22f04483x552
fordoemmelse,,3550,M518x566S1f514417x518S22a04418x540S37700456x523S33b00482x483S10010486x512S2f900484x544S2f900497x544S22f04483x552
forebygge,,3551,M516x527S15a02485x515S15a26489x473S20500495x503S26500494x488
forebygge,,3552,M519x536S15a06492x509S15a20499x499S3770a481x512S26600498x464
forebygge,,8195,M514x528S15a22487x472S15a02487x516S20500497x503S26500496x486
forebygge -1,,8196,M515x531S15a22485x470S15a02488x519S20500499x503S26500497x487
forebygge -2,,8197,M526x536S15a02499x504S15a20507x497S26600505x464S3770a475x512
foredle,,2440,M565x553S36d00479x447S18210516x472S22a00526x452S1ce20510x523S26606535x537
foredle,,8198,M541x542S36d00479x459S22a00522x461S18210518x480S1ce20481x512S26606503x524
foreloepig,,3556,M541x522S15a18460x479S10020477x478S20500469x511S2c400501x488
forelsket,,3553,M524x517S1f511503x496S1f519476x496S20500496x483
forelsket,,3554,M521x529S14c01480x502S20600478x487S36d00479x471
forelsket,,3555,M529x559S36a00482x477S1dc01486x529S22106478x530S21100515x540S26500515x521
forelsket (2),,8200,AS14c01S20600S36d00M521x526S36d00479x475S20600475x492S14c01476x499
forelsket -1,,8199,M526x518S20500496x483S1f511505x497S1f519475x497
foreløping,,8201,M537x522S15a14463x482S10020479x479S20500470x511S2c400497x481
forenkle,,1897,M528x519S15a30507x492S15a30478x492S22110502x481S22110472x481
forenkle,,3557,M595x523S22c03468x489S22c15429x490S10011505x483S10019405x486S37700546x494S15a30576x494S22f00570x477
foresatte,,3558,M510x530S1ed16491x471S22b04491x500
foresatte,,8202,M510x529S1ec16491x472S22b04491x499
forferdet,,958,AS15300S15308S22a00S22a10S21100S21100S2f700S30300M524x602S15308473x539S15300509x539S22a00511x569S22a10474x569S21100474x587S21100510x588S2f700493x577S30300482x477
forfordeling,,3559,M554x537S15a16487x525S1851c492x507S1851c485x464S1851c446x485S26500493x487S26501475x502S26507518x491S17d1c531x470
forgjeves,,3560,M535x588S34100482x483S21212487x525S26f06503x528S15a36489x575S15a50523x561
forhand,,3565,M519x522S15a50485x495S15a56492x502S20c00482x478
forhandlinger,,3561,M566x531S33b00482x483S26610445x464S26614458x464S26614431x464S26600525x463S26604537x463S26600550x464S10010518x501S10018461x430
forhold,,2441,M538x526S15a40483x475S15a48462x475S22a24473x510S22a24525x511S26626491x505
forhold,,3562,M538x525S15a40481x475S15a48463x475S22a24472x510S22a24525x510S26626491x503
forhold,,3563,M522x525S26600479x475S26604491x475S26600506x475S15a02483x513
forhold,,5961,M536x528S15a40485x472S15a48464x472S22a24475x512S22a24523x513S26626490x503
forhold,,8203,M537x528S15a40483x473S15a48464x473S22a24480x513S22a24524x513S26626496x500
forhold -1,,8204,M539x525S15a40483x475S15a48461x475S22a24487x510S22a24526x509S26626500x494
forhud,,3564,M535x512S17718486x488S10112505x496S26512466x489
forhud,,8205,M535x513S17718485x488S10112505x497S26512466x489
forhånd,,8206,M521x521S15a12482x509S15a20480x493S20c00493x479
forkjoelelse,,3566,M533x529S36d00479x472S15002498x483S21100482x491S23600494x512
forkjoelelse,,3567,M537x581S33200482x483S1ed16491x523S20f00486x552S22f04486x567S22120515x555
forkjoelet,,3568,M533x529S36d00479x472S15002498x483S21100482x491S23600494x512
forkjoelet,,3569,M537x581S33200482x483S1ed16491x523S20f00486x552S22f04486x567S22120515x555
forkjolelse,,8207,M540x528S36d00479x472S15002509x482S21100494x490S23600496x511
forkjolelse -1,,8208,M530x529S36d00479x471S15002499x482S21100484x490S23600487x512
forkjølet,,8209,M532x529S36d00479x472S15002500x485S20b00485x495S23600493x512
forkjølet -1,,8210,M528x526S36d00479x474S15002497x484S20b00482x492S23600488x509
forkjølet -1,,8211,M528x526S36d00479x474S15002497x484S20b00482x492S23600488x509
forkjølet -2,,8212,M535x580S33200482x483S1ec16491x524S20f00485x551S22f04485x566S22120513x552
forklare,forklaring,2649,AS14c02S14c0aS22b04S20e00S22622M523x534S14c0a477x476S14c02492x510S22b04481x477S20e00484x466S22622484x508
forklaring,,2442,M537x605S33b00482x483S14c02491x524S14c0a476x546S22521513x546S22521465x523S25e24494x575
forklaring,,2443,M518x533S15a00488x476S14c02482x468S20e00503x487S22b04502x503
forkynne,,3570,M536x562S33b00482x483S15a00503x523S15a00483x523S2fb04491x556S2e700521x524S2e714465x522
forkynne,,3571,M546x553S33b00482x483S10010503x523S10018481x523S26611452x509S26607524x508
forkynnelse,,3572,M536x562S33b00482x483S15a00503x523S15a00483x523S2fb04491x556S2e700521x524S2e714465x522
forkynnelse,,3573,M546x553S33b00482x483S10010503x523S10018481x523S26611452x509S26607524x508
forlange,,3574,M511x545S15a30491x507S20e00490x488S26704489x503S10004496x455
forlange,,8213,M509x546S10004494x455S20e00494x490S15a30494x506S26704492x504
forlegen,,3575,M521x538S21100495x474S22a04495x491S36d00479x463S1f412493x509
forlegen,,3576,M518x593S33e00482x483S1d412485x528S21100493x560S22a04493x578
forlegen,,8214,M521x535S36d00479x465S21100494x473S22a04494x489S1f412493x506
forlenge,,2444,M550x514S15a40503x487S15a48486x487S26612451x495S26606520x495
forlenge,,5962,M552x514S15a40505x487S15a48485x487S26612449x496S26606522x497
forlenge,,8215,M554x514S15a40505x487S15a48485x487S26602447x496S26616524x496
forloesning,,3577,M555x540S36d00480x515S15a15468x485S15a1d510x485S25e03519x513S25e15456x513S20e00543x503S20e00447x503S36d00479x461
forloesning,,3578,M528x519S20304504x504S20304482x504S28811473x481S28809508x481
kjæreste,"kjærester, forlovet",915,AS1f503S1f50bS26a02S26a16S20500M544x523S1f503500x495S1f50b476x495S20500492x477S26a02530x495S26a16456x496
forløsning,,8216,M530x519S20300503x504S20300480x504S28811470x482S28809510x482
form,,2445,M542x522S15a50502x479S15a50486x480S23c04519x495S23c1c458x495
form,,2446,M525x523S15a10512x477S15a18475x477S22a04512x508S22a14475x507
form,,5963,M544x520S15a50504x481S15a50485x481S23c04521x493S23c1c457x493
form,,5964,M523x524S15a10510x476S15a18477x476S22a04510x509S22a14477x507
form,,6698,M543x521S15a50503x480S15a50487x480S23c04520x493S23c1c458x494
form,,6699,M526x523S15a10513x477S15a18475x477S22a04513x508S22a14475x507
form,,8217,M540x520S15a50503x480S15a50485x480S23b04521x499S23b1c460x499
form,,8218,M523x524S15a10510x478S15a18479x477S22a04510x509S22a14478x508
formattere,,3579,M523x524S15a36488x512S14c52478x492S2d608494x477
formattere (data),,8219,M516x522S15a16487x510S14c52484x488S2d508494x478
formel,,2447,M525x529S15a18475x486S18527488x502S26504496x487S20e00497x472S22104513x494
formel,,5965,M528x527S15a18473x485S18527490x500S26504499x487S20e00500x473S22104516x493
formel,,8220,M517x523S15a14483x478S18527493x496S26504503x491S20e00505x478
formering,,3580,M554x513S15340503x488S15348484x488S26512464x494S26512447x494S26506523x495S26506539x495
formering,,6700,M565x536S18557501x509S1855f478x508S15d57515x492S15d5f462x492S14c57539x465S14c5f435x465
formering,,8221,M557x513S15340504x488S15348483x488S26512463x496S26512444x496S26506522x496S26506542x496
formue,,3581,M535x518S2ff20476x483S15332510x467S26600515x432
formue,,8222,M536x518S2ff20476x483S15332511x473S26600518x439
fornuft,,3582,M549x518S30000482x483S20600520x482S10000534x484
fornuft,,8223,M543x518S30000482x483S20600517x481S10000528x487
fornuftig,,3583,M549x518S30000482x483S20600520x482S10000534x484
fornuftig,,8224,M543x518S10000528x483S20600513x478S30000482x483
fornybare ressurser,,6701,M549x624S33200482x483S11510502x522S26a07524x510S17110492x392S2a208491x416S15a18479x592S15210497x592S26606519x594S26606519x608S22104524x589
forplante,,3584,M558x513S15310504x488S15318483x488S26512461x494S26512442x495S26506525x495S26506543x494
forplante,,8225,M556x513S15310503x488S15318484x488S26512462x494S26512444x494S26506522x494S26506541x494
forplantning,,3585,M558x513S15310504x488S15318483x488S26512461x494S26512442x495S26506525x495S26506543x494
forplantning,,8226,M553x513S15310502x488S15318482x488S26512465x494S26512447x494S26506520x495S26506538x495
forrette,,3586,M547x525S15d40482x498S15d48453x498S2882a475x476S2882a501x476S2882a525x476
forrette,,8227,M556x523S15d40478x495S15d48444x496S2882a484x479S2882a509x478S2882a534x478
forsamling,,3587,M552x537S15340502x479S15348483x479S20500495x464S27516455x484S2750e522x484S15340537x512S15348449x512
forsamling,,8228,M546x539S20500495x462S15348483x478S15340502x478S15340531x514S15348454x513S27416459x491S2740e523x491
forsiktig-forsiktig,langsomt og forsiktig,401,AS1a041S1a04aS26506S20e00S35b04S32d00M552x587S32d00482x482S35b04482x482S19a02487x544S26506533x549S1a00a497x567S21100517x549S2f800514x534
forskning,"forske, forsker",40,AS11912S1191aS22b04S22b14S21800S21800S32104S2fb04M532x601S11912507x539S1191a466x540S21800473x523S21800507x524S22b04511x563S22b14473x562S2fb04492x595S32104482x482
forske,"forskning, forsker",558,AS11912S1191aS22b04S22b14S21800S21800S2fb04M533x539S11912508x477S1191a467x478S21800474x461S21800508x462S22b04512x501S22b14474x500S2fb04493x533
forsker,,247,AS11912S1191aS22a04S22b14S21800S21800S2fb04S32104S1ed26S22a04M557x614S11912507x539S1191a466x540S21800473x523S21800507x524S22a04509x564S22b14473x562S2fb04492x595S32104482x482S1ed26538x568S22a04539x599
forskjell,vanlig,3589,AS10041S10049S20e00S26606S26612M538x526S10041497x475S10049483x475S26606508x510S26612462x510S20e00496x512
forskjellig,,2821,M543x520S10051492x499S10059474x499S20e00493x483S26606513x480S26612457x480
forskjellige,,8232,AS19a01S2830aS32a00M599x523S32a00482x483S19a01523x501S2830a556x495
forskning,,109,AS11912S1191aS22b04S22b14S21800S21800S2fb04M533x539S11912508x477S1191a467x478S21800474x461S21800508x462S22b04512x501S22b14474x500S2fb04493x533
forskning,,3595,M530x522S11813505x478S1181b470x478S2e706505x507S2e746470x503
forskning,,8234,M531x525S11813506x476S1181b469x477S2e746469x505S2e706506x510
forskrekket,,957,AS15300S15308S22a00S22a10S21100S21100S2f700S36e00M524x541S15308473x478S15300509x478S22a00511x508S22a10474x508S21100474x526S21100510x527S2f700493x516S36e00477x460
forskrekket,,3596,M526x539S36d00479x472S36f50511x461S36f50479x461S22a00495x482S21100496x500S2f710514x486S16d00494x519
forskrekket,,3597,M533x591S36f00479x517S36f08467x516S36100481x482S22a00494x530S21100495x548S2f710512x536S14e02479x566
forskrekket,,8235,M525x533S36d00479x467S22a00494x476S2f710513x492S21100494x494S16d00492x513
forslag,"framlegg, sak",1203,AS15d31S15d39S20500S2f900S35000S32104M518x585S15d39486x535S15d31491x542S20500492x567S2f900492x580S35000482x483S32104482x482
forsoek,,6702,M518x583S2ff00482x483S10e00495x499S22a04496x532S15a16490x554S11038495x556
forstanden oeker,,3598,M549x518S30007482x483S20500515x478S1f410520x491S22100528x479
forsterke,,2578,M536x544S36d00479x456S22a00520x462S18210513x481S20300492x520S2f900494x539
forsterke,,5966,M536x554S18210513x479S22a00517x460S36d00479x447S20300492x539S2f900494x530
forsterke,,8236,M538x537S36d00479x464S22a00521x467S18210515x485S20300492x522S2f900495x514
forstoerre,,3599,M515x531S15a12488x504S15a16486x519S22b00493x470
forstoerre,,5967,M515x531S15a12488x502S15a16485x519S22b00494x469
forstoerrelsesglass,,3600,M520x571S32104482x488S30104482x477S2f800482x526S23108489x532S1ea40486x550
forstyrre,,2579,M518x520S20320482x484S20320503x480S22a23486x507S22a23502x505
forstyrre,,8237,M520x521S20320502x480S20320481x487S22f23499x500
forstørre,,2580,M514x530S15a12487x504S15a16487x518S22b00494x470
forstørre (tilpasses),,8238,M514x530S22b00493x470S15a12486x504S15a16487x518
forstørrelsesglass,,2581,M521x565S30104482x477S32104482x488S23108495x533S1ea40484x544
forstørrelsesglass,,5844,AS1ea40S23108S32104S30104S2f800M520x571S32104482x488S30104482x477S2f800482x526S23108489x532S1ea40486x550
forsvar,,3602,M514x525S2034a493x510S20346493x493S26a00487x475
forsvar,,3603,M524x518S2034a494x462S2034e494x445S26a00488x427S2ff20476x483
forsvare,,3604,M524x518S2034a494x462S2034e494x445S26a00488x427S2ff20476x483
forsvare,,3605,M529x526S2fb00493x475S2e311471x483S2e30b506x484S20320510x511S20320474x511
forsvare,,3606,M524x518S2ff20476x483S2034a493x463S20342494x445S26a00488x426
forsvinne,,3607,M539x527S1dc20461x497S26607489x486S1f410510x473
forsøk,,2582,M518x590S2ff00482x483S10e00495x498S22a04496x533S15a16487x559S11038494x563
fort,,3609,M539x526S1dc20462x496S1f410510x474S26607489x486S2f710502x505
fortann,,3608,M575x543S33b00426x482S26502456x510S15a00476x502S37700509x490S36100539x484S10000542x513
fortapelse,,3610,M557x526S1f502509x474S1f502476x474S1f522518x502S1f522467x502S2c305530x479S2c314444x480
fortapt,,3611,M557x526S1f502509x474S1f502476x474S1f522518x502S1f522467x502S2c305530x479S2c314444x480
fortegn,,2583,M523x549S15a36494x519S15a36496x465S15a40500x454S26502478x452S11550500x519
fortegn,,3612,M551x528S15a36468x493S15a40467x478S15a36524x493S11550529x498S26502449x473
fortegn,,5968,M523x574S15a36495x445S15a40494x433S15a36496x539S26502478x426S11550502x544
fortegnelse,,2584,M520x519S15a00496x486S18210497x492S20612481x482
fortegnelse,,3613,M520x519S15a00496x485S18210497x493S20612481x482
fortegnelse,,5969,M519x519S15a00494x485S18210496x491S20612481x482
fortegnelse,,8239,M521x519S20612480x482S15a00495x488S18210498x494
først,"førstemann, fortest, raskest",1490,AS1f510S2c500S1f548S2c511S21100S1f540S26600S20e00S2f710S1f518M563x556S1f540500x483S1f518480x492S20e00493x478S26600500x443S2f710519x462S1f548483x514S1f510501x525S2c500523x516S2c511437x518S21100493x542
inntekt,"utbytte, fortjeneste",567,AS15410S15a16S2890eS20e00S20310M532x530S15a16490x518S15410517x470S20310467x469S20e00494x503S2890e485x485
fortjeneste,,3614,M531x535S15a16488x523S15310516x466S20e00495x509S2890e485x491S20310470x472
fortjeneste,,3633,M546x517S15a16455x505S20300460x488S26602480x487S21100512x487S17140528x483
fortjeneste -1,,8240,M525x532S20310475x471S2880e487x490S20e00491x505S15310510x469S15a16485x520
fortjeneste -2,,8241,M546x522S20300459x492S26602480x492S15a16454x510S21100514x493S17140528x492S22120468x478
fortynnet loesning,,6703,M567x566S1ce20501x434S1ce28475x434S26706525x444S26712433x445S2fb04492x469S14c04487x503S14c08482x535S2ea36517x516S2ea12517x536
fortynnet løsning,,2585,M572x563S1ce20508x437S1ce28470x437S2fb04492x471S26712428x452S26706530x452S14c04492x495S14c08488x532S2ea36521x514S2ea12519x532
forundret,,3634,M521x583S31a00481x482S36d00479x519S22a00495x528S21100495x546S16d00492x563
forundret,,3635,M518x584S34700482x483S22a00496x523S21100496x540S14e02484x559
forundret,,8242,M521x531S36d00479x469S22a00494x477S21100494x494S16d00490x511
forurensning,,2586,M559x645S2ff00482x483S2e300489x485S20310491x521S17750501x630S17758474x629S26611462x604S26607511x604S14c57533x580S14c5f438x578
forurensning,,6704,M518x546S2ff00482x483S2e508489x500S20310492x531
forutsetning,,2587,M555x557S32401462x483S32407502x483S10e00471x527S10e08510x527S26601443x512S26607533x515
forutsetning,,2588,M518x524S15a4a491x512S15a50489x494S20c00483x477
forutsetning,,5970,M559x554S32401460x483S32407505x483S10e00469x524S10e08518x524S26607537x502S26611444x501
forutsetning,,5971,M520x522S15a50487x495S15a1a493x509S20c00480x478
forutsetning,,8243,M519x519S15a12486x507S15a50481x492S20c00491x481
forvare,,8244,M534x526S2fb00495x475S2e311467x482S2e30b511x482S20320515x511S20320470x511
foss,,3637,M530x527S14c12499x493S28903471x500S22521486x473S2f710489x517
foss,,5212,M529x523S14c12498x491S28803471x499S2f710489x516S22520478x477
foss,,5214,M528x524S22521476x476S14c12497x491S28803473x503S2f710492x517
foss,,5608,M531x526S14c12500x491S28903470x499S2f710492x516S22520475x475
foss,,5610,M530x528S28903470x501S14c12499x493S2f710488x520S22521492x473
foss,,8245,M530x523S14c12499x491S22501490x478S28803471x499S2f710485x516
foss 2,,5213,M528x524S22521476x476S14c12497x491S28803473x503S2f710492x517
foster,,1209,AS20300S16f48S20500S20500S36d00M521x543S36d00479x457S20300492x512S16f48470x499S20500475x524S20500495x532
foster,,3726,M522x521S36d00479x479S20300496x506S18230499x498
foster,,8247,M521x523S36d00479x477S18208484x499S20300497x508
fosterhinne,,3727,M527x525S36d00479x475S20300495x499S18230500x490S22a04514x510
fosterhinne,,8246,M521x531S36d00479x469S18238483x491S20300497x498S22a04498x516
fot,,3728,M514x514S15a56487x502S15a50488x486
fot,,3729,M509x519S16d40491x481S22a04495x504
fot,,8248,M514x514S15a50489x487S15a56487x500
fot -1,,8249,M509x519S16d40491x481S22a04496x504
foto-elektrisk effect,,2589,M521x620S15a02489x380S20500509x396S14c20489x394S26500493x428S17720487x446S22100481x432S20602494x475S11810505x497S11818479x497S14c04488x536S22a00493x569S2f710509x567S17712492x587S15a16488x608
foto-syntese,,6705,M578x650S2ff00482x483S1852f528x487S22b03554x472S22104552x473S14c01518x585S14c09495x582S28805524x612S28805522x630S2881d494x612S2881d493x630
fotocelle,,2590,M548x512S17620452x496S17720528x497S26502509x498S22100519x489
foton,,2591,M517x572S17720491x485S14c20494x428S26500498x466S22100483x473S1f116490x535S2f900492x567
foton,,2592,M540x560S14c20482x440S26500485x481S22100473x473S17720479x501S17710490x539S1000a461x545S2c300514x535
foton,,3730,M540x568S14c20488x432S17710489x547S17720487x492S26500492x469S1000a461x553S22100474x473S2c300514x541
plukke,fra bakken,3865,M518x517S1534a483x502S22a00489x484S22100506x491
plukke,fra tre,3864,M519x517S1533e482x484S22a04489x502S22104507x501
komme fra Gud,fra-Gud,952,AS10000S28a0cS30304M554x523S10000530x444S28a0c537x484S30304482x477
fradrag,,27,M517x528S15a02484x473S22a04492x488S20e00492x472S18227500x503
fradrag,,3731,M515x531S18227498x506S22a04494x486S15a02486x470S20e00494x470
fredag,,1075,AS10002S26a06S20e00S21600S2ff00M553x534S10002492x512S21600495x521S26a06539x507S20e00525x513S2ff00482x483
fregner,,72,M553x518S15302487x485S33100482x483S26a04526x495
fregner,,3733,M547x518S33100482x483S15302488x486S26a04520x486
frekvens,,3735,M529x532S14c00503x501S14c08473x501S2fb00492x468S26a00502x483S26a10472x483
frekvens,"hyppighet, hvor ofte noe forekommer",5972,M534x529S2fb00492x471S26a00507x479S26a10466x478S14c00508x498S14c08468x498
frekvins,,2593,M519x514S1f110482x499S2f710507x487S22120481x486
frekvins,,2594,M533x528S14c00506x496S14c08469x497S26a00506x481S26a10467x481S2fb00494x472
frelse,frelser,1005,AS20308S20300S29706S2971eS20e00S19a50S19a58S37600M578x528S29706499x495S20e00495x516S19a50550x474S19a58421x473S2971e454x495S20308505x480S20300480x480S37600488x496
frelse,frelser,1006,AS20308S20300S20e00S29707S2971fS19a50S19a58S37600M577x541S29707518x485S20e00492x529S19a50549x461S19a58423x458S2971f441x486S20308504x491S20300479x491S37600485x507
Frelsesarmeen,,852,AS11501S11509S20500S20500S36a00M521x566S36a00482x477S20500481x524S20500511x523S11501473x537S11509462x539
fremadskridende,,2595,M531x535S18240507x520S18248470x520S26720493x467S22a04514x466S22a04514x483S22a04514x500S22a14475x467S22a14475x483S22a14475x500
fremmed,,3736,M537x560S30005482x483S15a00518x501S21200509x529S26a04509x546
fremmed,,3737,M561x568S35d04482x483S10010516x515S27f0d540x536
fri,,1424,AS19a00S19a08S28406S2841eS20e00S19a50S19a58S37600M577x529S37600489x497S20e00496x517S19a00473x476S19a50549x470S19a58422x472S19a08504x476S28406528x498S2841e443x497
fri,,1425,AS19a00S19a08S2df08S2df10S20e00S19a58S19a50S37600M580x527S37600486x495S20e00493x515S19a00468x474S19a58419x472S19a50552x474S19a08501x474S2df08531x504S2df10443x501
fri,,1426,AS19a00S19a08S19a20S19a28S2813aS28142M580x528S28142440x506S19a08463x473S19a00509x474S19a28419x472S19a20552x474S2813a527x512
fri,,2596,M559x516S19a00506x496S19a08466x496S2fb00493x486S2df18441x485S2df00538x485
fri,,2597,M556x521S19a00505x501S19a08468x501S2fb00493x489S2df00535x490S2df18444x490S2f710541x479S2f710448x479
fri,,2598,M553x514S19a02505x486S19a0a475x486S2c612447x487S2c607530x487
fri,,3738,M558x516S19a00504x496S19a08468x496S2fb00493x484S2df00537x489S2df18443x490
fri,,3739,M558x520S19a00504x500S19a08468x500S2fb00493x488S2df00537x493S2df18443x494S2f710543x481S2f710447x483
fri,,3740,M553x515S19a02503x486S19a0a477x487S2c607530x489S2c612448x490
frigid,,3741,M525x616S2ff20476x483S15a46484x464S15a4e493x447S26500511x428S26510475x444S2fb01489x425S20320495x563S2990c493x584
frikjoep,,3742,M559x550S15a16478x470S1851c481x452S22a04515x450S20500516x466S19a00505x529S19a08470x530S2fb00494x518S2df10442x525S2df08538x526
friksjon,,2599,M514x539S15a50488x512S15a30488x481S21100487x491S26500488x461S2f900503x488S2f900503x496S2f900503x503
friksjon,,3743,M525x525S15a30476x480S15a50476x498S2f900495x492S2f900495x501S2f900494x483S21100511x493S26500511x475
friksjonskoeffisient,,2600,M522x568S15a50480x478S15a30480x450S21100480x460S26500479x433S2f900498x453S2f900498x460S2f900498x468S10003492x526S14c0a478x545S20e00482x529
friksjonskoeffisient,,2601,M518x563S26500490x438S15a50490x484S15a30490x456S21100490x465S2f900507x459S2f900507x465S2f900507x472S19b11483x543
friksjonskoeffisient,friksjonstall,3744,M525x565S15a30476x441S15a50476x459S2f900495x453S2f900495x462S2f900494x444S21100511x454S26500511x436S14c0a481x542S10003495x521S20e00480x525
friksjonskoeffisient,,3745,M525x558S15a30476x448S15a50476x466S2f900495x460S2f900495x469S2f900494x451S21100511x461S26500511x443S19b11491x538
friminutt,,3746,M554x547S33010479x483S19a10526x495S2e104528x519
frisk,,3747,M542x535S36d00479x466S28810490x487S28808505x486S20e00513x507S20e00482x507S15d02515x516S15d0a466x515
frisk,,3748,M534x535S22b00507x477S22b10477x478S36d00479x465S14c02503x511S14c0a466x512
frisk,,3749,M535x544S22b00507x486S22b10477x487S36d00479x456S14c02503x520S14c0a466x521S20302520x466S20302463x467
frisk luft,,5717,M534x580S37200479x495S33a10506x490S22b00505x523S22b10477x523S14c02503x557S14c0a462x557
frist,,3750,M522x523S15a36487x482S15a40489x477S21100478x509S26506494x509S2f900511x513
frist,,3751,M522x523S15a36487x490S15a40489x477S21100478x509S26506494x509S2f900511x513
lokke,"friste, fristelse",460,AS10630S21600S21600M510x521S21600502x479S21600491x479S10630490x495
friste,"fristelse, lokke",655,AS10a37S21800M520x519S10a37479x491S21800502x481
friste,,3752,M519x514S10626481x493S21802511x487
fritt fall,,2602,M514x551S19a00486x450S2df00488x475S17610492x502S22b04492x521
fritt fall,,3753,M514x550S19a00486x451S2df00488x475S17610492x500S22b04493x520
froe,,3762,M519x521S20e00485x494S1851c494x506S37b06484x479S37b06484x510S22120481x484
froe,,3763,M516x516S1851c491x501S21100485x493S22100486x484
froe,,5251,M517x515S1851c492x500S21100484x493S22100484x485
froeken,,3764,M550x521S33010479x483S1d410521x487S20800519x511
from,,3754,M523x590S20500495x568S26502508x567S26516476x567S15a10502x533S15a18485x533S2fb04492x584S30104482x477
from,,3755,M514x521S15a10502x494S15a18486x494S20500495x480
frosk,,3756,M528x550S36a00482x477S20500496x522S17700508x525S22122485x528
frosk,,3757,M595x555S36a00482x477S20500495x523S17600493x539S22100514x544S26500532x540S26504554x540S15306528x519S22120573x544
frosk,,3758,M528x514S11012501x499S2b702473x487
frosk,,5342,M519x535S1d606482x466S20500492x498S17700499x505S22101488x526
frosk,,5343,M553x533S1d606448x468S20500453x503S17600450x517S22100470x520S26500490x515S26504510x516S15306487x495S22120531x520
frosk,,5344,M528x514S11012501x499S2b702473x487
frosk,,5345,M516x540S1d606487x460S20500493x495S15316486x508S22f04485x526
frosk,,5423,M525x551S36a00482x477S20500496x523S17700505x532S22120484x544
frosk,,5424,M596x553S36a00482x477S20500494x523S17600492x537S15306530x516S22100515x541S26500535x537S26504555x538S22120574x543
frosk,,5425,M518x571S36a00482x477S20500495x523S15316488x538S22f04489x557
frosk,,5426,M527x515S11012500x500S2b702474x485
frosk,,5829,M518x570S36a00482x477S20500496x522S15316488x537S22f04489x556
frosk,,5830,M595x555S36a00482x477S20500495x523S17600493x539S22100514x544S26500532x540S26504554x540S15306528x519S22120573x544
frosk,,5831,M525x554S36a00482x477S20500495x524S17700505x533S22120481x547
frosk,,5832,M529x517S11012502x502S2b702472x484
froskemann,,3759,M529x572S15a12480x455S22b05492x457S11511471x433S21b00502x437S21600511x446S21b00521x455S21600492x428S1ed56494x527S22a04496x557
frost,,2603,M532x512S20310517x497S20318468x497S2f900520x489S2f900470x489
frost,,5718,M526x512S20310511x497S20318475x497S2f900513x488S2f900477x489
frukt,,3761,M538x559S33b00482x483S15317509x507S2e000517x530
frukt,,6467,M541x551S33b00482x483S15317512x507S2df00520x530
frykt-ikke,ikke vær redd,963,AS15300S15308S20600S20600S30122M532x579S15308475x535S15300511x535S20600467x567S20600510x568S30122482x476
fryse,,2604,M529x512S20310514x496S20318472x497S2f900517x488S2f900475x489
fryse,,2605,M527x523S37000474x478S20310508x508S20318467x508S2f900511x500S2f900469x500
frø,,2169,AS1851cS20e00S22100S37b06S37b06M518x521S20e00484x494S22100484x485S37b06483x479S37b06483x510S1851c493x506
frøken,ørepynt,2205,AS1ce17S33010S20700M545x544S33010479x483S1ce17518x495S20700510x529
fugl,,3765,M545x527S30004482x483S1f450516x512S22100509x519
fuktig,,2606,M528x513S17d14473x498S17d1c504x498S22120506x488S22120472x488
fuktig,,2607,M513x543S14c30488x458S22120489x493S22f04488x503S17716493x523
fuktig,,2608,M511x518S17d1e491x495S22120489x483
fuktig,,2609,M521x526S17d06479x474S17d0e506x474S22100508x501S22100480x501S22a04507x511S22a14479x511
fuktig,,3766,M528x513S17d14473x498S17d1c505x498S22104506x488S22104482x488
fuktig,,3767,M516x541S17716492x521S22f04491x503S22114490x493S14c30485x459
fuktig,,3768,M508x517S17d0e493x494S22104496x484
fuktig,,3769,M508x517S17d0e493x494S22104496x484
fuktig,,3770,M521x526S17d06480x474S17d0e506x474S22104509x501S22104481x501S22a04508x511S22a14481x511
fuktig,,5215,M533x514S17d14470x499S17d1c506x499S22114507x487S22114468x488
fuktig,,5216,M513x542S14c00488x458S22114487x493S22f04487x503S17716492x522
fuktig,,5217,M525x529S17d16476x472S17d1e510x472S22104512x500S22104477x499S22a04509x514S22a14475x513
fuktig,,5611,M534x514S17d14472x499S17d1c505x499S22104506x486S22104522x486S22104482x487S22104467x487
fuktig,,5612,M513x542S15230488x458S22114487x493S22f04487x502S17716493x522
fuktig,,5613,M513x519S17d0e492x496S22114487x482
fuktig,,5614,M519x529S17d06481x472S17d0e504x472S22104481x502S22104505x502S22a14481x514S22a04505x513
fuktig,,5720,M523x527S17d16477x474S17d1e508x474S22104509x501S22104477x501S22a04509x511S22a14477x512
fuktig,,5721,M531x513S17d14470x498S17d1c506x498S22114505x487S22114469x488
fuktig,,5722,M513x542S15230487x458S22114487x495S22f04487x504S17716492x522
fuktig,,5723,M513x519S17d1e492x496S22114487x482
fuktig,,5724,M526x527S17d16475x473S17d1e510x474S22104477x501S22104513x500S22a04513x510S22a14478x512
full,,2610,M538x510S17600471x494S15a12463x490S20e00492x492S26606508x490
full,fullt,3771,M539x511S15a12461x490S17600474x495S20e00493x491S26606509x489
full,fullt,3772,M516x521S22a00494x487S18210493x506S18218484x480
full,fullt,5973,M539x512S15a12462x490S17600472x496S20e00493x490S26606509x488
fullbrakt,,3773,M520x587S20b00487x442S15a40489x413S15a16481x457S15a00508x560S15a00485x560S25e20493x519
fullt,,2611,M515x522S18210492x507S18218486x479S22a00497x488
fullt,,5974,M517x520S22a00498x487S18210494x505S18218484x481
fullt alle steder,fullt-fullt-fullt,936,AS18250S15a49S26607S26516S26607S26516S26607S26516S20e00M566x535S18250455x498S15a49440x509S26607484x466S26607515x467S26607544x469S26516471x521S26516502x521S26516535x521S20e00434x499
juks,fusk,1246,AS1f540S2c300S20e00S2ff00M541x550S1f540493x519S2ff00482x482S20e00517x512S2c300515x527
fylle,,2612,M516x530S18210493x515S18218485x470S22b00495x481
fylle,,3774,M515x528S22b00497x479S18210492x513S18218486x472
fyr,,3775,M575x532S36d00479x522S17720453x517S17728527x516S26511441x504S26507547x503S14c20552x467S14c28424x468
fyrstikk,,2613,M522x547S1eb10497x471S21100507x454S10019479x478S1ec26503x524
fyrstikk,,2614,M528x530S1eb10489x499S21100502x484S26507515x471S10019473x500
fysikk,,523,AS1d210S1d218S26a02S26a16M535x532S26a16475x503S26a02507x505S1d210506x469S1d218464x468
fysikk,,2615,M525x536S1d910509x465S1d918476x465S26a02505x500S26a16480x500S2fb04492x530
fysikk,,2616,AS11810S11818S20602M525x521S20602495x480S11810510x494S11818475x493
fysikk,,2617,M548x528S26a02508x500S26a16479x501S1ce20526x473S1ce28452x474
fysikk,,6706,M535x527S1ce20513x473S1ce28465x473S26a02503x500S26a16483x499
fysiologi,,3776,M537x593S36d00479x408S14c02506x417S14c0a465x417S14c40488x562S14c0a459x531S21100512x444S21100478x443S22b04510x460S22b14477x459S26600492x527S20700510x539
fysiologi,,6707,M530x581S36d00479x419S14c02499x426S14c0a471x427S22a24495x453S14c40488x550S14c0a463x536S26600491x513S20700507x532
fysiologi,,6708,M521x533S36d00479x468S3780a463x470S1d401470x469S21100474x497S22b03451x509
fysioterapi,,3777,M528x522S14c20505x491S14c28473x491S21800508x479S21800477x479
fysioterapi,,3778,M551x545S15020504x456S15028473x455S2fb04493x494S26501523x492S26501538x492S26517465x491S26517449x492S14c20514x514S14c28472x514
fysisk,,3779,M559x537S36d00479x463S14c02514x471S14c0a460x471S20e00496x477S22b24494x492S2c607516x519S2c612466x518S20300544x509S20300447x508S2f900547x502S2f900450x501
få,"motta, gi-til-meg",1201,AS15d30S15d38S26504S26514M525x525S15d30506x475S15d38474x476S26504503x510S26514481x510
føde,føde-barn,922,AS14c04S14c0cS2c601S2c610S20e00S20e00S32e00S36d00M549x596S14c0c470x565S36d00479x525S14c04505x565S32e00481x482S2c601530x548S2c610451x545S20e00509x550S20e00477x551
fødselsdag,,2695,AS15d14S15d1cS28f0fS28f17S20e00S20e00S15d00S15d08M554x545S28f0f488x479S15d1c535x517S15d14447x518S15d00524x458S15d08459x455S20e00532x500S20e00449x497S28f17462x477
følge,,345,AS1f540S1f548S26620M514x534S1f548487x510S1f540499x498S26620487x465
følge,,2618,M518x533S10018482x503S10010492x497S26627496x468
først,førstemann,1489,AS1f540S26600S20e00S2f710S1f548M526x541S1f540495x499S1f548475x508S20e00494x529S26600495x459S2f710514x478
g,,3795,M515x508S1f100486x493
gal-ning,,5331,M582x518S2f000526x490S10012552x498S2ff00482x483
galakse,,1381,AS1e140S2e906M520x524S1e140495x475S2e906480x509
galakse-hop,,2620,M553x556S1e114464x452S1e11c510x445S2e706528x468S2e71e447x478S14c50508x508S14c58473x508S2880c528x533S28814464x534
Galilea,,890,AS1ed10S1002eS21b00S32401S36d03M548x544S32401482x482S36d03479x519S1002e442x529S21b00525x471S1ed10522x484
Galilea,"Galilea, stavet",891,AS1e140S1f720S1dc20S19220S1dc20S14a20S1f720M596x515S1e140403x489S1f720434x500S1dc20464x484S19220498x495S1dc20520x484S14a20553x498S1f720576x498
Gallaudet,,3796,AS1dc21S22104S26504S2ff00M550x520S2ff00482x483S1dc21520x479S26504535x505S22104520x509
gammel,,1089,AS10000S25104S21100S2ff00M535x575S10000496x505S25104498x542S21100522x496S2ff00482x482
gammel,,1090,AS10000S22f04S21100S2ff00M535x554S10000496x505S2ff00482x482S21100522x496S22f04494x540
gammel,,3797,M551x541S30006482x483S10010507x511S21100526x494S22f04526x511
gammeldags,umoderne,3798,M544x518S32a10482x483S18210521x499S20600521x486
gange,multiplisere,3799,M514x534S15a06487x480S10040487x485S20500496x466S26500490x519
gange,multiplisere,3800,M521x519S15a48479x492S10012491x501S20500490x484S26502503x482
ganske,noeytralt,3801,M553x531S36d00479x469S14c27527x471S2e230517x499
ganske,,3802,M549x558S34100482x483S2f900503x495S2f900487x495S14c27523x499S2e230513x526
ganske,,3803,M548x558S2e230512x526S2f900502x495S2f900486x495S14c27522x499S33e00482x483
garve,,3804,M530x519S15a02471x499S15a58480x492S21200502x498S26a00503x481
gass,,2621,M539x526S2ff00482x483S15300495x501S26504525x497
gass,,2622,M518x560S2ff00482x483S15300493x503S2e300490x533
gass,,2623,M551x530S2ff00482x483S15000489x499S2e501528x488
gass,,2624,M518x518S2ff00482x483S15300493x490
gass,,2625,M527x517S17710507x500S26602473x501S22100495x495S2f710503x484
gass,,3805,M518x518S2ff00482x483S15300494x487
gass,,5725,M518x518S2ff00482x483S15300493x488
gass,,5726,M537x524S2ff00482x483S15300496x499S26504523x497
gass,,5727,M518x558S2ff00482x483S15300495x502S2e300494x531
gass,,5728,M528x518S17710508x500S26602473x502S22100494x495S2f710494x483
gass,,6709,M545x533S2ff00482x483S15000491x502S2e501522x504
gaupe,,5261,M560x518S36700482x483S1f111515x463S1f119453x465S20900523x492S20900454x493S22f07539x449S22f11441x451
geit,,4777,M525x576S30004482x483S16d40491x522S25e04493x546S22104513x560
geit,,4778,M536x547S30004482x483S16d40490x519S2c607513x518S22104513x540
geit,,5676,M525x574S30004482x483S16d40492x520S25e04493x544S22104513x557
geit,,5677,M538x551S30004482x483S16d40492x521S2c607515x521S22104516x544
gen,,6710,M542x511S36d00479x507S1ef10513x488S2f900501x493
gener,,6711,M523x524S1ef10494x476S2f900478x481S2f900479x496S2f900479x510S22b04506x494
generator,,2626,M527x550S20602494x451S11810510x462S11818473x461S14c01501x505S14c09480x505S28804504x528S2881c490x528
generell relativitetstreori,,2627,M567x518S14c30511x318S14c38478x318S26706513x347S26712459x347S22f04518x359S22f14471x360S15a40513x394S15a48491x394S22a24506x429S22a24554x429S26626522x423S2ff00482x483S15a12520x489S29508526x456
genotype,,6712,M522x566S36d00479x435S15a06479x469S10014487x446S21100509x448S22a04509x466S22a04498x551S1ef27494x517
herre,"gentleman, luksus",657,AS15d40S28808S20e00S36d00M558x522S36d00479x479S20e00504x507S15d40523x495S28808546x496
geografi,,2628,M519x533S15310504x468S15318482x468S2a328493x497
geologi,,2629,M532x564S20300500x437S20300484x456S22b04500x455S20e00516x453S26600499x500S20700514x512S14c40495x533S14c0a469x510
geosentrisk,,2630,M537x557S15a50503x443S15a50485x443S28914468x465S2890c518x465S2880e515x473S28816464x472S15a30481x521S1c510495x518S20500497x546
gepard,,5262,M592x640S2ff00477x482S14c02498x496S14c0a460x496S26612426x500S26606533x499S36d00481x600S1dc27518x610S1f427571x560S26607550x591S2f710541x588
gi-opp,,2022,AS10011S10019S28906S2891eS33b00M551x539S33b00482x483S10011508x509S10019470x508S28906522x504S2891e450x505
gift,,2719,M530x525S36d00479x476S20301503x486S20301473x486S37600487x502S20500520x502S20500465x502
gift,,2721,M518x547S36a00482x477S20500495x519S1f510492x532
giftig,,2723,M534x525S36d00479x475S20500524x504S20500466x505S37600487x502S20301504x487S20301473x487
gitter,,2725,M520x514S14c01494x487S14c09480x487
gitter,,2727,M521x532S14c00498x469S14c08480x469S22b24492x502
gjelle-lokk,,5845,M571x611S36a00482x415S28905506x435S2891d467x435S14c02540x439S14c0a430x440S2fb04493x478S36a00482x540S27106521x546S27112463x546S15a10540x550S15a18447x550S2fb04491x605
gjelle-lokk,,6713,M571x611S36a00482x415S28905506x435S2891d467x435S14c02540x439S14c0a430x440S2fb04493x478S36a00482x540S27106521x546S27112463x546S15a10540x550S15a18447x550S2fb04491x605
gjeller,,5846,M572x549S36a00482x477S28905506x496S2891d466x496S14c02541x501S14c0a430x500S2fb04493x543
gjeller,,6714,M572x549S36a00482x477S28905506x496S2891d466x496S14c02541x501S14c0a430x500S2fb04493x543
gjennom,,1509,AS14c40S14c0aS26500S21300M530x535S14c0a470x483S14c40489x504S26500495x466S21300509x486
gjennomsiktig,,2730,M538x530S14c40489x437S14c0a464x420S26600494x403S20700511x419S31400482x483S10e00492x500S26600522x495
gjennomsnit,,2731,M527x540S26600481x461S26506487x490S26502473x495S14c08477x509S15d40508x484
gjennomsnitt,,5976,M525x544S15d40506x489S14c08482x513S26506487x490S26502475x496S26600481x457
ta-på-kappe,gjøre seg i stand,888,AS14c07S14c0fS22c03S22c15S20340S20348S32401M544x589S32401482x482S14c0f459x505S14c07517x505S22c03483x529S22c15486x528S20340476x574S20348512x573
glede,"lykke, glad, lykkelig",968,AS14c03S14c0bS22c07S22c11S20e00S20e00S33e00M569x574S14c03510x534S14c0b458x533S20e00478x562S20e00504x562S22c11426x500S22c07536x502S33e00482x482
glede,glad,969,AS14c03S14c0bS22a07S22a11S22b07S22b11S20f00S20f00S33e00M565x579S14c03511x535S14c0b458x533S20f00471x567S20f00506x565S33e00482x482S22a07530x517S22a11458x513S22b07541x513S22b11434x509
glad,"lykkelig, happy",1199,AS15d02S2c600S2c600S20f00S33f00M560x576S33f00482x483S15d02487x542S2c600526x542S2c600541x541S20f00490x564
glass,,2733,M521x520S20600493x480S15a48479x491S11031493x494
glass,,2735,M523x522S15a00477x487S11000495x495S20c00495x478
glass,,5187,M514x528S15a36487x516S16d40491x491S22a00495x473
glatt,,343,AS15a51S15a37S26507S20e00S2f700M523x528S15a37476x496S15a51500x473S20e00491x516S26507503x502S2f700511x517
glatt,,2737,M508x543S15a50493x516S15a30494x473S20e00494x501S26700492x457
glede,,970,AS14c03S14c0bS2eb07S2eb11S20f00S20f00S33e00M566x579S14c03511x535S14c0b458x533S20f00471x567S20f00506x565S33e00482x482S2eb07542x533S2eb11435x535
glede-seg,"ivrig, iver",209,AS15a40S15a48S27100S27114S21100S33e00M552x598S33e00482x482S15a48488x546S15a40505x549S21100493x582S27100512x583S27114447x583
glefse,,440,AS15020S26500S2f700S20320S36100S22104S22100M534x620S15020486x589S26500492x562S2f700491x550S20320492x529S36100482x482S22104522x500S22100522x507
glefse,,521,AS15020S26500S2f700S20320M512x545S15020487x514S26500493x487S2f700492x475S20320493x454
glefse,,2197,M519x535S26500486x485S20320486x466S15020482x504S2f710507x488
gli,,2738,M508x545S15a50493x518S15a30494x472S20e00494x501S26700492x455
glitre,,2740,M550x523S36d00479x519S14c20522x492S22520518x477
glo,,2742,M516x523S15030489x492S22520484x477
gluon,,2743,M540x544S15a16473x475S14c03480x456S21100508x467S26506525x467S17710485x509S1000a461x516S20700487x529S2c300512x506
iver,"ivrig, gni-seg-i-hendene",29,AS15a40S15a48S21200M514x524S15a48485x476S15a40502x476S21200486x510
god,godt,283,AS15d00S26500S34400M530x549S34400482x482S26500516x519S15d00496x522
godjul,,4543,M572x526S33e00482x483S14c20531x495S26506557x508
godjul,,4544,M551x634S34d00482x483S15d00494x526S26500513x521S10011510x578S10019473x578S2450b525x605S24513454x605
godt_nytt_år,,4921,
gorilla,,5678,M534x537S21200506x488S21200465x489S22f00508x471S22f10467x472S36d00479x464S14e03507x508S14e0b469x509
grad,,2744,M540x508S36d00479x499S17610524x492
grad,,5977,M541x508S36d00479x499S17610525x492
grader,,2745,M516x522S10028487x492S15a12485x478S20602506x494
grader,temperatur,5729,M515x523S15a12486x477S10028487x493S20602505x492
grader,,5978,M515x522S15a12486x478S10028487x492S20602505x493
gram,,2746,M529x540S1f110481x461S15a30510x483S15a30480x483S23108503x513S23118472x513S2fb04494x534
gram,,5979,M530x545S1f010479x456S15a30511x488S15a30476x488S23108504x518S23118470x518S2fb04491x539
gratulere,gratulerer,2699,AS15d40S23000S33e00M577x538S33e00482x483S15d40528x510S23000552x520
svanger,gravid,108,AS14c04S26500S36d00M535x528S36d00479x473S14c04488x497S26500521x495
gravid,,131,AS14c04S26500S36d00M535x528S36d00479x473S14c04488x497S26500521x495
gravid,vente barn,916,AS14c04S26500S33b00S33910M530x575S33910515x492S33b00474x482S14c04482x544S26500516x545
gravid,"vente barn, svanger",917,AS14c04S26600S2ff00S36d00M532x591S26600516x545S14c04488x560S2ff00480x482S36d00479x522
gravid - hemmelig,,376,AS10a20S2b700S21100S33010S35e04S2fb04M587x529S35e04457x482S33010501x482S10a20537x487S2b700565x482S21100574x510S2fb04491x523
gravitasjon,,2747,M524x519S20300508x482S20300476x482S22f24487x505S2f900513x503S2f900476x503
gravitasjon,,2748,M562x515S26502507x492S26502526x492S26516478x493S26516460x493S2fb04493x509S2f900530x485S2f900511x485S2f900481x485S2f900462x485S20300547x489S20300439x490
gravitasjonfelt,,2755,M531x556S22f24487x460S20300516x445S20300469x444S2f900517x466S2f900470x467S14c50507x496S14c58469x496S22b24491x526
gravitasjonfelt,,2758,M578x535S22b03505x511S22b15471x511S14c50529x490S14c58447x490S22a03547x478S22a15439x478S2f900542x472S2f900448x473S20350563x466S20350423x465
gravitasjonskonstanten,,2771,M562x543S26502508x467S26502529x467S26516479x468S26516458x468S20300547x466S20300439x467S2f900533x457S2f900512x457S2f900481x459S2f900462x458S10003496x496S20e00480x507S14c0a480x520
gravitasjonskonstanten,,2776,M508x515S1f10e493x486
gravitino,,2778,AS20300S22a04S2f900S17710S1000aS20700S2c300S1f117M541x564S20300470x437S22a04471x456S2f900488x459S17710486x486S1000a460x493S20700487x512S2c300515x482S1f117475x534
graviton,,2779,M538x543S20300476x457S22a04477x476S2f900493x480S17710486x509S1000a462x517S20700485x528S2c300512x503
grensefrevkins,,2781,M520x553S15a02490x447S15a0a490x489S26504499x459S20500501x476S22120480x526S2f710508x526S1f110487x538
grevling,,5679,M514x523S15350494x478S26a04487x509
gripe,,2176,M513x521S15020488x490S22104495x480
gripe,,2177,M513x535S15020488x465S17720489x520
gripe,,4545,M535x533S26603485x495S15027507x467S17620466x517
gripe,,4546,M535x533S26603485x495S15027507x467S17620466x517S21600484x489
gripe,,4547,M535x533S26603485x495S15027507x467S17620466x517S21600484x489S2f801474x475S2f805497x500
gris,,4779,M518x535S2ff00482x483S2e300490x485S20310495x520
gris,,5680,M518x538S2ff00482x483S2e300489x486S20310494x523
groenn-saker,,6469,M568x579S20e00495x448S15a30508x422S15a16476x462S28a0d471x425S17150465x514S17158442x514S26626496x517S2a210433x539S2a208468x538S2a210514x537S2a208545x538S2fb04532x573S2fb04454x573
grov,,2783,M529x545S30004482x483S1f502480x521S21100498x526S26506514x526
grov,,2784,M518x529S2ff00482x483S1f510480x514S21100486x499S26506499x498
justere,grovjustere,5990,M514x531S1ea40486x470S2a300491x495
grunnlag,grunn,52,AS15a12S15a16S20500S2f900M523x514S15a16479x502S15a12477x486S20500512x490S2f900512x506
grunn,,2785,M514x524S15a12487x476S15a16487x512S22a04496x492
grunn,,2786,M514x535S15a12486x499S15a16487x523S26620494x465
årsak,grunn,4823,AS15a40S15a3aS26a00S20f00M514x532S15a3a487x491S15a40497x469S26a00486x505S20f00486x520
grunn,,5218,M514x536S15a12486x503S15a16487x524S26600494x465
grunn,,5615,M514x536S15a12486x500S15a16487x524S26620494x464
grunn,,5980,M514x523S22a04495x494S15a12486x478S15a16487x511
grunnkurs,,465,M544x518S15a12402x488S15a1a399x500S30007482x483S18510519x487S26a02521x455
grunnlag,,144,AS15a12S15a16S2f900M513x518S15a16486x506S15a12486x492S2f900496x482
grunnlag,,2787,M515x526S22a04494x491S15a12486x475S15a16488x514
grunnstoff,,492,AS15a12S15a16S2f900S1773eS20e00S22107M549x518S15a16451x506S15a12451x492S2f900461x482S1773e514x498S22107540x485S20e00532x491
grunnstoff,,2788,M527x538S15a12490x463S15a16490x473S17710507x522S17718474x523S21100506x504S21100483x504S22100507x496S22100484x496
grunntall,,1894,M544x549S11e28466x519S20500456x512S20500476x505S20500490x526S29201493x504S10012514x534S15a32465x451S15a36472x467S20600505x467S22f04504x451
grunnvann,,6716,M518x549S15a12484x469S15a1a483x457S2f900491x451S17712490x512S22a04492x534S22100506x532
grunstoff,,6715,M525x558S15a52496x442S15a5a476x442S2f900495x462S22a04495x469S21100510x519S21100481x519S22104511x535S22104481x535S17714480x543S1771c505x543
gruppe,"klasse, mengde",801,AS16c40S16c48S20500S20500M519x525S16c48481x488S16c40499x488S20500495x514S20500495x474
grupper,,6717,M545x530S15a48456x471S1ec40471x476S22b04478x499S22b04504x500S22b04529x500S26506498x482S26506519x481
gryn,,4552,M545x521S10018479x491S17710480x484S20700456x483S2c400505x479
gryn,,6468,M543x521S17710480x484S10018480x491S20700457x483S2c400503x480
gråte-gråte,"strigråte, gråte lenge",275,AS10000S10008S22a04S22a04S22a14S22a14S20e00S20e00S2fd04S31900M534x571S10000497x503S10008487x505S22a04507x546S22a04521x536S22a14481x546S22a14466x536S31900482x482S2fd04490x565S20e00467x502S20e00519x504
storgråte,"gråte så tårene spruter, gråte voldsomt",1038,AS10000S10008S21600S21600S20e00S20e00S26600S26610S31900M534x535S10000497x503S10008487x505S21600518x511S21600472x511S20e00467x494S20e00521x494S31900482x482S26610464x460S26600518x460
grønn,grønt,1094,AS11e20S25104S34400M546x559S11e20523x489S25104528x526S34400482x482
grøt,,315,AS20340S16c48S2ea06S20e00M522x531S20340500x492S2ea06497x468S20e00485x495S16c48477x510
grøt,,1008,AS20340S16c48S2ea33S20e00M520x534S20340503x495S16c48480x513S20e00488x498S2ea33499x466
Gud,,995,AS10010S22a00S32100M547x518S10010532x462S32100482x483S22a00529x447
Gudrun,,1434,AS1dc01S34600M518x538S34600482x482S1dc01489x508
gul-rot,,4659,M531x568S1000a469x455S1eb22476x432S21100500x441S26506516x442S1ed26488x509S22b04487x538S22104505x540
gul-rot,,6470,M531x568S1000a469x455S1eb22476x432S21100500x441S26506516x442S1ed26488x509S22b04487x538S22104505x540
gull,,764,AS10e00S24e00S33e00M551x539S33e00482x482S24e00530x472S10e00534x509
Gullhår,,1311,AS11e00S24e00S33e00S31400S36b00S1c511S29604S20e00S33e00S31400S36b00M551x583S36b00480x526S29604519x549S20e00518x532S1c511515x501S31400480x527S31400483x438S36b00483x438S33e00483x438S33e00480x526S11e00528x429S24e00524x460
Gullhår,,1312,AS11e00S24e00S33e00S1c511S29604S20e00S33e00S31400S36b00M551x584S36b00480x527S29604519x550S20e00518x533S1c511515x502S31400480x528S11e00528x430S24e00524x461S33e00483x437S33e00480x527
Gullhår,,1398,AS11e10S2df04S1c511S29604S20e00S36b00S31400M576x543S36b00481x482S29604522x509S20e00521x492S1c511512x460S31400482x482S11e10553x465S2df04554x505
Gullhår,,1417,AS11e10S2df07S1c511S29604S20e00S36b00S31400M575x541S31400482x482S36b00482x482S11e10552x473S1c511516x464S29604522x507S2df07552x510S20e00522x493
gutt,,1431,AS15a11S26500S2ff00M536x517S15a11513x482S2ff00482x482S26500513x461
gå,"labbe, vandre",822,AS15d50S15d58S23600S23614M545x529S15d50511x472S15d58467x474S23614455x512S23600506x512
gå,"vandre, spasere",824,AS15d50S15d58S23604S23610S33e00M548x590S15d50514x533S15d58470x535S23610458x573S23604509x573S33e00482x482
gå,,2173,M517x533S10e04489x468S22510484x501S26500488x518S2fb06511x511
labbe,gå,5259,AS14c50S14c58S26500S26510S26500S2fc00M529x548S14c50505x517S14c58472x510S26500510x495S26500510x470S26510478x483S2fc00494x453
gå langsomt,"gå rolig, spasere, vandre fornøyd",826,AS15d50S15d58S23600S23614S33e00S2f804M549x605S15d50515x529S15d58471x531S23614459x569S23600510x569S33e00482x482S2f804483x594
gå-gå,gå-en-stund,1467,AS11850S15d38S26a00S20f00M524x531S15d38476x488S11850489x504S26a00497x470S20f00498x486
gå-og-se-seg-om,,487,AS15d50S15d58S23600S23614S30142S33e00M549x602S33e00482x489S30142482x476S15d50509x546S15d58475x547S23600510x585S23614459x585
gå-og-se-v,,788,AS15d50S15d58S23600S23614S32402S33b00M547x589S23600508x572S23614457x572S15d50507x533S15d58473x534S33b00482x482S32402482x482
gå-og-se-v2,,789,AS15d50S15d58S23600S23614S32402S33b00M530x590S23600491x573S23614440x573S15d50490x534S15d58456x535S33b00482x482S32402482x482
gå-se-seg-om,,786,AS15d50S15d58S23600S23614S30142M549x601S30142482x476S15d50515x549S15d58471x546S23600510x584S23614458x582
gå-vil,"vil gå, lyst til å gå",1468,AS11850S15d38S26a00S20f00S36500S3091cM536x589S15d38488x546S11850501x562S26a00509x528S20f00510x544S36500482x474S3091c479x514
gå.vil,,1460,AS11850S26500S20e00S15d38S36500S3091cM536x582S26500522x518S20e00524x540S15d38498x539S11850510x555S36500484x474S3091c479x514
går-ikke-an,,4801,AS11550S11558S2d205S2d214M563x517S11550509x483S11558476x483S2d205530x492S2d214438x493
h,H,1009,AS11540M507x515S11540492x485
h,H,1010,AS15d51S15d39S26607S20e00M528x532S15d39472x501S15d51471x509S26607506x467S20e00495x489
Ha,,8256,M513x514S15a00488x487S20500503x490
ha,,8258,M517x518S15a20484x491S2d508495x483
ha,,8259,M507x523S15a20493x496S26500493x477
ha,,8260,M514x536S15a40493x464S22a04493x492S20b00493x509S15a16487x524
ha,,8261,M513x522S15a20487x495S26507500x478
ha,,8263,M523x526S15a00493x499S20500513x488S20500478x488S2d508489x475
ha-det,,8257,M552x532S30006482x483S18227533x507S22121537x495
habitat,,8262,M544x538S1f718456x463S15a17479x480S15a12516x507S2e732519x522
hage-hek,,8264,M517x530S15a10505x502S15a14484x503S26620494x470
hagl,,3102,M548x528S15050502x481S15058473x481S2fb00494x471S36d00479x519S2f710534x481S2f710456x482S22b04532x497S22b14454x498S2f900534x490S2f900457x491
hagl,,3103,M538x536S15352513x464S1535a465x463S2f710495x473S2f900495x484S36d00479x517S22b24492x506
hagl,hagle,5730,M548x528S15050502x481S15058473x481S2fb00494x471S36d00479x519S2f710534x481S2f710456x482S22b04532x497S22b14454x498S2f900534x490S2f900457x491
hagl,hagle,5731,M536x538S22c24493x496S36d00479x503S2f900495x489S2f710495x479S15352511x462S1535a465x462
hagl,hagle,5732,M536x533S1535a465x467S22b24483x502S2f900495x494S2f710495x484S15352511x467S22b24502x503S36d00479x508
hagle,,3104,M535x532S15352502x467S1535a471x468S2f710509x486S2f710471x486S2f900489x488S2f900524x487S36d00479x508S22b24503x502S22b24480x502
hai,,5427,M533x609S2ff00475x482S15a00487x498S33910514x500S15a06468x572S1dc02491x585S2d606511x559
hai,,6718,M533x615S2ff00475x482S15a00488x496S33910514x500S15a06465x581S1dc02490x591S2d606511x563
hæhh?,"himmelfallen, månebedotten, i-all-verden, hakeslepp",8318,AS1531aS15316S2d200S2c311S34900S32124S32124M548x572S1531a487x531S15316487x549S2d200522x522S2c311522x549S32124482x511S34900482x480S32124510x512
hale innpå,,3105,M518x528S1f510483x473S1f510501x513S26600502x477
hei,hallo,63,AS14c20S26506S33e00M576x518S14c20531x487S33e00482x482S26506561x502
hei,hallo,443,AS14c20S26506S33e00S31400M576x518S14c20531x487S33e00482x482S26506561x502S31400482x482
halogen,,3106,M524x555S16d5f491x446S22f04488x471S18210501x527S18218477x540S22a00509x507S22a10478x519S2fc01489x502
hals,,500,AS36a00M518x523S36a00482x477
halv-gjennomtrengelig,,6719,M532x589S15a19482x412S15a11484x412S21201496x426S26a05511x443S14c10497x558S14c0a468x547S20710494x530S26a00496x513
Halvor,,8265,M546x518S2ff00482x483S21100499x490S22a04499x502S14c10523x483
Hamar,,8266,M513x517S20310492x484S22f04488x503
hammer,hamre,1483,AS20340S23004M512x519S20340493x480S23004487x501
hammer,,8267,M513x516S20310493x484S22f04488x502
vi-to,"han-og-jeg, hun-og-jeg",1351,AS10e08S27106S32105M528x595S10e08513x517S27106513x555S32105482x482
handicap,,8268,M537x515S15a48463x486S15a02481x496S20602512x490S26a02523x488
handling -1,,8269,M522x520S20f00486x481S18240498x497S18248479x505
handpumpe,,499,M515x537S20316485x522S26600485x487S26600499x487S17618485x463
hane -1,,8270,M518x518S2ff00482x483S14c10488x453
hane -2,,8271,M524x518S2ff20476x483S14c4c487x479
hangar,,8272,M515x532S19a20487x512S26700494x469S18219486x486
Hans,,8273,M536x518S33100482x483S1dc21497x484S22120503x475S26500522x474
vil,"vil-vil, har bestemt seg for å, kommer-til-å",5840,AS15d01S20600M521x513S15d01498x488S20600480x502
har-ikke-gjort,,8274,M528x542S1ce10506x458S1ce18472x458S27102508x493S27116476x493S2fb04492x536
harald,,4694,M555x511S36d00479x489S20500479x498S26506492x496S20500510x498S11502525x496
Harald,,8275,M521x530S36d00479x470S20500510x484S20500477x484S12d01477x503
hard,,3107,M514x534S20350493x467S20b00494x486S22a04494x502S15a16487x522
hard,,8276,M514x532S20350493x468S22a04494x486S20b00494x503S15a16487x520
Hardanger,,8277,M526x522S26a02474x478S21202492x478S15a12491x510S15a50514x487
hardt,,3108,M514x533S20350492x468S20b00493x485S22a04493x501S15a16487x521
hardt,,8278,M514x532S20350491x468S22a04493x486S20b00493x503S15a16487x520
hare,,5681,M535x518S2ff00482x483S11500511x464S11508477x464S22124513x452S22124470x453
hare,,8279,M526x518S2ff00482x483S11500511x467S11508474x468S22101471x458S22101514x457
harroersarene,,6740,M546x535S14c50455x473S14c58454x499S21100489x521S21100511x521S21100532x521S26600530x489S26600510x489S26600489x490S2f800498x466
Harstad,,8280,M533x527S36d00479x473S1f552513x489S1f552474x489S20600511x516S20600473x516
hav,,3109,M545x518S2ff00482x483S14c12503x491S26700529x453S22522510x448
hav,,3110,M583x551S34700482x483S15a00494x523S28805511x531S15a50535x524S29906551x536
hav,,5219,M544x518S2ff00482x483S14c12507x492S22520497x468S26700528x453
hav,,5381,M581x549S34700482x483S15a00494x521S15a50533x522S28805509x527S29906549x530
hav,,5616,M544x518S2ff00482x483S14c12500x488S26700528x448S22520498x465
hav,,6720,M581x549S34700482x483S15a00494x521S15a50534x522S28805511x527S29906549x529
hav,,8281,M542x518S2ff00482x483S14c12499x488S22503510x471S26700526x454
havhest,,5428,M545x691S34700482x483S15a00494x522S28805510x530S15a50533x524S19a10514x581S19a18465x580S22f04515x604S22f14467x603S19a02495x646S29302484x677
havhest,,6721,M545x691S34700482x483S15a00494x522S28805510x530S15a50533x524S19a10514x581S19a18465x580S22f04515x604S22f14467x603S19a02495x646S29302484x677
hei,,1853,M565x526S33e00482x483S14c20524x495S26506550x505
hei,,2849,AS14c10S26500S32103S33e00S30350S36d03M550x542S33e00482x490S32103482x490S36d03479x531S14c10527x503S26500533x484S30350498x475
hei,,5570,M566x520S33e00482x483S14c20523x489S26506551x499
hei,,8282,M541x518S30007482x483S15a11514x470S26500527x457
hei - velkommen,,1518,AS14c20S26506S33e00S31400S14c30S14c38S26504S26514S2fb04S33e00S31400M574x629S33e00479x431S33e00484x533S31400479x431S31400484x533S14c20531x448S14c38462x574S14c30518x575S26506559x464S26514467x612S26504524x614S2fb04494x622
hei-ned-h,,518,AS14c20S22a05S33e00S30105S32105S36d03M563x533S33e00490x488S14c20530x493S22a05550x519S36d03473x521S32105490x487S30105490x476
hei-ned-venstre,,292,AS14c20S26507S33e00S30103S32103S36d01M567x538S33e00483x487S14c20525x497S26507554x490S36d01479x527S32103483x488S30103483x477
hei-opp-h,,597,AS14c20S22a07S33e00S32107S36d03M556x531S33e00479x482S14c20524x491S32107479x482S36d03479x520S22a07543x477
hei-til-h,,332,AS14c20S26506S33e00S32407S36d03M562x531S33e00479x482S14c20524x491S26506547x509S32407479x482S36d03479x520
hei-til-v,,118,AS14c20S26507S33e00S32401S36d01M567x533S33e00483x482S14c20525x492S26507554x485S32401482x482S36d01479x522
heis,,8283,M514x541S22b20493x459S11514493x494S15a16487x529
heis,,8284,M509x533S11010492x506S22b00493x467
Heisenbergs uskrarphetsrelasjon,,3111,M534x552S14c20511x449S14c28467x454S2e301511x485S2e31f468x491S10612503x537S10606483x531
hekk,,8285,M517x530S15a10505x500S15a14484x503S26620494x470
hekle,,1286,AS1d450S1f448S2c501M550x515S1f448451x500S1d450481x485S2c501510x491
hektoliter,,3112,M518x536S11502482x465S15a16491x524S1dc20493x498
hektoliter,,5981,M516x537S11502484x463S15a16488x525S1dc20492x500
hektoliter,,8286,M529x533S11502471x468S15a16499x521S1dc20505x495
lettet,"puuh!, heldigvis",126,AS15a12S22a04S21100S33500S37202M524x610S37202476x528S33500476x482S15a12483x560S21100491x577S22a04491x595
helfigur,,4765,M525x597S36a00482x477S33e00482x477S36d00479x527S37701518x528S37706499x550S1ea10490x537S3770a470x529S37702469x552S15a14475x570S36d00480x562
helg,søndag,656,AS15a02S22a04S21100M514x523S15a02487x477S22a04496x508S21100497x492
helg,,8287,M514x529S15a02487x471S21100496x484S22b04495x499
helg - fullskrift,,191,AS15a02S22a04S21100S36d00S2ff00S37700S37700S37b03M524x580S2ff00479x482S36d00479x522S37700476x524S37700522x526S15a02485x534S21100495x549S22a04494x565S37b03512x540
helgen,,8288,M524x518S11514509x439S2e732488x464S2ff00482x483
Hellas,,8289,M516x517S11550501x487S1155a484x484
hende,"skje, sjanse, sannsynlig",856,AS10000S22b00S15a06M514x532S15a06487x482S10000486x502S22b00491x468
hende,"skje, sjanse, sannsynlig",1011,AS10000S15a06S24e00M514x534S15a06487x501S10000485x504S24e00486x466
skje,hende,1410,AS10000S15a06S22b00M514x532S15a06487x482S10000486x502S22b00491x468
hender,,8290,M519x523S15a30506x477S15a30483x477S22a04506x508S22a14482x508
Henrik,,8291,M549x518S30007482x483S1f521512x467S26a06535x464
henrykkelse -1,,8292,M553x524S36d00479x477S14c02488x497S22f00526x492S21200525x510
henrykkelse -2,,8293,M514x531S22f00487x469S11514493x487S15a16487x519
hensyn,,8294,M544x549S31a00482x483S10e00510x519S26600528x494
hente,,8295,M522x533S14c20479x468S26604483x503S22120500x511
ta-fra-venstre,hente-fra-venstre,169,AS14c02S26506S20302M540x511S14c02459x488S20302525x488S26506498x489
nå,"her, på denne tiden",297,AS10004S22600M516x515S10004501x485S22500484x499
nå,"her, på dette tidspunkt, i øyeblikket",388,AS10004S22600M515x515S22600486x503S10004500x485
her,nå,973,AS10004S22a04S32104M518x592S32104482x482S10004491x538S22a04492x577
her,,1179,AS10004S22a04M508x529S10004493x471S22a04491x514
idag-smil,"nå-smil, her-smil",2694,AS10004S22e04S33e00S31430M535x576S33e00482x483S31430489x492S10004493x546S22e04518x547
hotell,herberge,934,AS15a41S15d49S27103S20800S37700M519x538S15d49493x515S15a41481x477S37700499x499S20800484x509S27103492x462
herlighet,lyste-omkring-dem,955,AS17610S17618S22b07S22b11S14c07S14c0fS2890cS28914S32107M586x567S17618476x551S17610502x551S14c0f425x496S14c07545x496S22b07518x524S22b11454x525S2890c571x519S28914409x515S32107482x482
Herren,,986,AS10010S22b00S32100M552x520S10010532x490S22b00536x448S32100482x483
Herzsprung-Russel-diagrammet,,3113,M525x533S1dc28476x481S15320499x467S2e104502x505
hest,,4780,M519x521S15a48485x494S10e04481x479S20700501x492
hest,,4781,M522x531S15a48485x485S10e04482x469S20700504x484S22f24479x517
hest,,4782,M537x523S1ea10508x477S1ea18467x477S23004512x505S23014463x505S2fb04493x513
hest,,5332,M523x522S15a06477x510S10e04482x478S20700505x494
hest,,5682,M520x524S15a48481x497S10e04482x477S20700502x495
hest,,5683,M521x535S15a48485x490S10e04482x466S22f24480x521S20700503x497
hest,,5684,M536x524S2fb04493x518S23004511x502S23014465x503S1ea40509x476S1ea48470x477
het,,3114,M530x525S2ff00482x483S15002467x500S26606500x503
het,,3115,M537x518S2ff00482x483S15002470x483S26606507x488
het,,8297,M528x520S2ff00482x483S15002463x495S26606498x499
het,,8298,M531x518S2ff00482x483S15002467x479S26606501x484
hete,heter,304,AS11500S20600S30004M539x551S30004482x482S11500489x521S20600517x516
hete,,414,AS11500S20600S30004M535x549S30004482x482S11500489x519S20600513x517
hete,"heter, navn",1418,AS11500S20600S2ff00M533x537S20600511x517S11500488x507S2ff00482x482
hete,,8296,M518x568S30004482x483S20600489x522S11500492x538
heter-ned-v,,546,AS11500S20600S32103S33e00M533x543S20600511x513S11500490x513S33e00482x483S32103482x482
heterogen,,3116,M559x557S14c10479x477S14c0a454x459S26600483x444S20700498x456S10051494x536S10059477x535S20e00494x522S26612441x536S26606529x535
heterogen,,3117,M561x524S20e00496x476S10041501x494S10049481x494S26612460x485S26606513x485S15a50549x496S15a50440x495S2f900550x488S2f900440x486
heterogen,,6722,M564x524S10041496x494S10049483x494S20e00494x479S26712448x477S26706509x478S15a50550x495S15a50436x495S2f900553x487S2f900437x488
heterozygot,,162,AS10059S10051S2d60aS2d612S18110S17617S18118S17615S20700M546x543S18110501x514S18118484x514S17615487x526S20700489x493S17617494x526S10059472x457S10051491x456S2d60a523x482S2d612455x483
heterozygot,,6723,M541x559S10011495x442S10019482x443S20e00494x484S26612459x483S26606511x483S17618486x543S17640497x542S20700491x523
hett,"varmt i været, svett i pannen, svette",828,AS14c02S26506S20e00S2c607S2ff00M578x517S14c02519x483S26506497x487S20e00485x488S2ff00482x482S2c607555x485
hilse,hilsen,4766,AS15a10S22f04M513x523S15a10495x477S22f04488x509
himmel,,4767,M551x537S2ff00482x482S15a50502x452S15a50484x452S28913453x472S2890b520x471S15d40532x503S15d48448x503S36d00479x533
universet,himmeltommet,5794,M538x543S2ff00482x483S28a14464x485S28a0c521x484S20330505x528S20330479x527S14c12507x453S14c1a462x452
hinne,,3118,M528x516S15a1a489x499S10027473x486S26606498x485
hit,kom hit,341,AS10041S2b703S33e00M553x566S33e00482x482S2b703509x525S10041532x536
hjem,,429,AS15a50S18219S26500M512x535S18219487x465S15a50495x508S26500494x484
hjemme?,,233,AS15a5aS15a50S2c600S30a00M535x581S30a00482x482S2c600516x555S15a5a488x567S15a50496x534
hjerte,,6724,M554x521S36d00479x480S20600498x500S1c510524x493
hjorne,,1893,M524x525S1dc28477x478S10050506x495S23b0a503x475
hjul,,3119,M553x513S10012523x492S1001a448x493S2e700504x488S2e718483x488
hjørne,,602,AS15a41S15a49S20600M525x519S15a49475x496S15a41502x496S20600490x480
hode,,870,AS15a11S20500S2ff00M533x517S20500495x464S2ff00482x482S15a11510x472
hode-skuldre-fugleperspektiv,,455,AS2ff20M524x517S2ff20476x482
hodepute,,93,AS15a22M514x506S15a22487x494
hodet presses bakover,,4769,M518x523S30304482x477
hodet strekkes forover,,4768,M518x523S30300482x477
hoest,,5733,M533x523S14c12486x483S1f502503x499S22522467x477S20500523x496
hoeyblokk,,5572,M529x527S16d40511x507S16d48472x507S22b20492x474
hoeytrykk,,5734,M543x563S36d00479x466S18210517x455S22a00522x436S36d00479x554S20350528x531S22a04530x548S2f900530x523
hoeytrykk,,5735,M538x562S36d00479x468S18210515x459S22a00521x439S15a36491x544S20350485x547S22a04485x526S2f900486x518
hogg-orm,,5270,M521x572S12810498x429S2f710480x431S22104480x443S28300494x503S10040492x542
hogg-orm,,5271,M521x572S12810498x429S2f710480x431S22104480x443S28308494x503S10040492x542
hold-unna,,7513,M524x518S2ff20476x483S15a46481x465S15a4e491x449S26500496x427
holdning,,4771,M524x530S15a40510x470S15a48479x470S22b04508x500S22b14477x500
holme,,5220,M520x514S15a50481x487S2880a498x490
holme,,5617,M523x514S15a50478x487S2890a494x491
homogen,,3120,M532x558S14c10492x476S14c0a468x457S26600497x443S20700514x458S10050507x528S10058487x528S20500500x514
homogen,,6725,M548x521S26602501x502S26616469x502S2f800481x480S15a50536x494S15a50453x493
homogena,,3121,M551x520S26602503x498S26616467x499S15a50539x493S15a50450x493S2f800480x481
homozygot,,397,AS10050S10058S20500S18110S17617S18118S17615S20700M518x549S18110504x520S18118487x520S17615490x532S20700492x499S17617496x531S10058483x453S10050502x453S20500508x451
homozygot,,6726,M538x570S20500494x433S26602508x430S26616462x430S15a50502x451S15a50485x451S17618484x554S17640494x552S20700490x535
hoppe,,3123,M514x532S15a16486x520S11504494x487S22f00489x469
horisont,,3124,M537x549S32402464x482S32406501x483S15a50474x522S26706492x523S2fb04496x543
horisont,,5618,M537x545S32402463x483S32406501x483S15a50475x517S26706489x521S2fb04495x539
horisont,,5982,M539x553S32402461x482S32406503x484S15a50473x521S26706491x528S2fb04493x547
hormoner,,6727,M521x520S36d00479x480S12840484x496S21800462x510S20500466x498
hotell,,1029,AS15a41S15d49S27109S20800S37700M519x539S15d49494x516S15a41482x478S37700500x500S20800482x522S27109492x461
hoved,viktig,197,AS1f540M508x512S1f540493x488
hovedkvantetallet,,3125,M548x545S1f51c494x476S22a00495x455S1f110452x524S2f900463x515S14c0a501x522S10003518x499S20e00503x506
hovedorganisasjon,,481,M582x537S1f510419x515S22a00420x497S22a02534x475S22a16515x475S22a02549x488S22a02559x501S22a16503x488S22a16491x502S2fb00524x463S18510557x522S18518484x522
stolt,"kry, stor-på-det, hoven",87,AS1f540S2b701S20e00S33200S30304M547x541S33200482x488S20e00527x501S2b701528x474S1f540526x517S30304482x477
hoveserien,,3126,M524x546S1f510487x473S22a00489x454S15320477x511S2830b499x518
hoyblokk,,1851,M530x524S16d40512x504S16d48471x504S22b20493x476
Hubbles konstant,,3127,M543x542S15a36491x471S15a50495x459S26612458x459S26606513x458S14c0a475x519S10003507x501S20e00496x506
hud,,6728,M534x535S2ff00482x483S1ea17513x507S20800523x496
huggorm,,4845,M520x570S12810497x432S2f710480x431S22104480x443S10040495x540S28300498x502
huggorm,,5519,M520x568S12810497x432S2f710481x433S22104480x446S28308492x504S10040489x538
huggormbit,,4846,M567x529S36d00479x494S37702523x495S12811537x492S20800545x519S22104538x483S2f710538x472
huggormbit,,8299,M523x517S11811477x492S22120491x483S2f710511x484
huggormbitt,,4847,M513x524S11811488x499S22104492x490S2f710492x477
huggormbitt,,5520,M564x530S36d00479x492S37702522x499S12811534x490S20800542x520S22104534x483S2f710533x471
huggormbitt,,5521,M513x524S11811488x499S22104489x488S2f710489x476
hukommelses-celler,,6729,M537x609S30007482x483S20301516x478S20600498x470S16d10497x568S16d18493x589S20600514x587
hule,,8300,AS15a50S15a50S20500S2880bS28813M529x528S15a50503x473S15a50486x473S20500495x505S28813471x508S2880b509x508
hull,,3129,M534x511S10012504x495S2ef00482x490S26502467x497
hull,,5983,M533x514S10012503x499S2ef00482x487S26502468x495
hull,,8301,M532x514S26502468x491S2ef00481x486S10012502x499
hummer,,4706,M518x527S11540503x476S11548482x474S22f24488x513
hummer,,5429,M518x524S22f24488x510S11540503x476S11548482x476
hummer,,5847,M517x525S11540502x476S11548484x476S22f24489x511
hummer,,6730,M517x525S11540502x477S11548483x476S22f24487x511
hummer,,8302,M531x534S2fb00492x466S21800475x494S21800507x493S26a00504x475S26a10470x475S10a30506x508S10a38476x508
hummer -1,,8303,M523x532S26620493x468S21802509x480S21802484x479S10a10508x506S10a18478x506
hummer -2,,8304,M532x538S2fb00494x462S26a00505x475S26a10469x475S21800509x493S21800473x493S10a30514x512S10a38473x511
humus,,6731,M522x561S11502480x439S17710502x499S17718478x532S21100495x516S21100494x547S22502479x549S22506509x517
hund,,236,AS15a1cS20600S36d00S36d00M542x530S36d00480x470S36d00477x511S15a1c530x503S20600503x497
hund,,1396,AS15d1cS20500S20500S36d00S36d00M553x529S36d00479x472S36d00478x495S15d1c534x499S20500515x505S20500515x518
hund,,4783,M536x525S36d00479x514S15a1c524x498S20600497x501S36d00480x475
hund,,5272,M536x529S36d00479x510S15a1c524x502S20600498x495S36d00479x472
hund,,8305,M535x524S36d00479x476S36d00479x505S20600501x490S15a10523x497
hund-i-bånd,,1471,AS15a1cS18208S20500S2f900S34600S36d00S36d00M541x581S34600485x482S2f900463x540S18208463x521S36d00479x530S36d00479x556S15a1c529x554S20500514x565
hundre,,729,AS17610S22a04M508x519S17610492x482S22a04493x504
skrubbsulten,"veldig sulten, hunger, hungre, sulten",361,AS15a03S15a0bS22b04S22b14S21100S21100S32c00M535x591S15a0b470x567S22b14486x547S22b04503x547S21100486x528S21100507x528S15a03512x568S32c00482x482
hus,,237,AS15c13S15c15S20500S23904S2391cM535x532S23904515x502S2391c466x498S20500495x468S15c13502x479S15c15481x480
hus,,541,AS15c13S15c1bS23904S2391cS2fb04M525x528S15c13499x473S15c1b480x473S23904505x494S2391c474x495S2fb04492x522
hytte,"stall, hus",978,AS15a11S15a19S20600M525x520S15a11502x496S15a19474x497S20600490x480
hus,,2033,AS23904S2391cM539x527S2391c461x496S15a11501x473S15a19476x473S23904519x497
hus,,8306,M541x526S15a11507x477S15a13471x474S23804524x500S2381c459x501
hus,,1553,AS18101S18109S22b04S22b14S15a10S15a18M531x546S18109477x454S18101501x454S15a18474x517S15a10518x519S22b04515x485S22b14470x483
hva,legge-frem,818,AS14c02S14c0aS2b800S2b810S14c38S14c30M546x552S14c02512x527S14c0a456x529S14c38454x448S14c30522x449S2b800515x489S2b810456x490
hva,,1313,AS14c30S14c38S22a04S22a14S30c00S34c00M532x579S30c00482x482S34c00482x482S14c38508x528S14c30469x528S22a04514x564S22a14474x564
hva,,8307,M574x537S30c00482x483S14c30550x484S14c38523x484S22a04556x520S22a14528x522
hva -1,,8308,M516x531S2b900484x470S1dc40492x501
hva -2,,8309,M514x527S15a40498x500S15a12487x491S2b702487x474
hva-heter-du?,hvem er du?,4,AS11500S20600S30a00S30300S33e00S10040S26500S2f900M538x548S2f900525x538S11500489x518S20600466x521S30300482x476S30a00482x487S10040523x503S33e00482x488S26500508x529
hva-heter-du?,,495,AS11500S20600S30a00S30300S33e00S10047S26500S2f900M553x547S2f900525x538S11500488x517S20600466x521S30300482x477S30a00482x487S10047523x503S33e00482x488S26500508x529
hval,,4707,M515x527S1dc10486x497S2b700496x473
hval,,4708,M514x532S15a40497x505S15a56487x494S2b700489x468
hval,,4709,M566x548S14e57435x477S14e39444x499S26626491x490S28a01472x456S28a0b498x453S28a1c487x510S28a10512x512S2fb06546x491S2f806555x480
hval,,5346,M516x529S1dc40492x499S2b900485x471
hval,,5347,M516x523S15a40498x496S15a12489x481S2b702484x477
hval,,5382,M566x546S14e57434x478S14e39443x496S26626491x490S28a01475x455S28a0b501x457S28a1c493x509S28a10515x510S2fb06541x493S2f806555x482
hval,,5430,M517x530S1dc10483x500S2b800494x471
hval,,5431,M514x534S15a40497x507S15a56487x494S2b800486x466
hval,,5432,M566x548S14e57435x477S14e39444x499S26626491x490S28a01472x456S28a0b498x453S28a1c487x510S28a10512x512S2fb06546x491S2f806555x480
hval,,5848,M513x531S1dc10488x501S2b700494x470
hval,,5849,M514x533S15a56487x495S15a40496x506S2b700487x468
hval,,5850,M566x548S14e57435x477S14e39444x499S26626491x490S28a01472x456S28a0b498x453S28a1c487x510S28a10512x512S2fb06546x491S2f806555x480
hval,,6732,M566x548S14e57435x477S14e39444x499S26626491x490S28a01472x456S28a0b498x453S28a1c487x510S28a10512x512S2fb06546x491S2f806555x480
hvalross,,4710,M542x559S30003482x483S30005482x483S28913459x512S2890b517x513S20300526x544S20300458x542
hvalross,,4711,M555x627S30003484x426S30005483x426S28918470x459S28900516x458S10011534x446S10019446x444S15a11503x482S15a19477x482S30003480x539S30005480x540S1ef30517x569S1ef38451x568S22b04502x578S22b14476x577S1f130500x612S1f138459x612
hvalross,,5348,M542x559S30003482x483S30005482x483S28913459x512S2890b517x513S20300526x544S20300458x542
hvalross,,5433,M542x559S30003482x483S30005482x483S28913459x512S2890b517x513S20300526x544S20300458x542
hvalross,,5434,M555x627S30003484x426S30005483x426S28918470x459S28900516x458S10011534x446S10019446x444S15a11503x482S15a19477x482S30003480x539S30005480x540S1ef30517x569S1ef38451x568S22b04502x578S22b14476x577S1f130500x612S1f138459x612
hvalross,,5851,M541x558S30003482x483S30005482x483S28913460x512S2890b516x513S20300526x543S20300460x542
hvalross,,5852,M555x627S30003484x426S30005483x426S28918470x459S28900516x458S10011534x446S10019446x444S15a11503x482S15a19477x482S30003480x539S30005480x540S1ef30517x569S1ef38451x568S22b04502x578S22b14476x577S1f130500x612S1f138459x612
hvalross,,6733,M555x627S30003484x426S30005483x426S28918470x459S28900516x458S10011534x446S10019446x444S15a11503x482S15a19477x482S30003480x539S30005480x540S1ef30517x569S1ef38451x568S22b04502x578S22b14476x577S1f130500x612S1f138459x612
hvalross,,8310,AS20300S20300S2880bS28813S30005S30003M534x548S30003482x483S30005482x483S28813465x509S2880b514x509S20300519x533S20300463x532
hvem,,1012,AS11500S20600S30c00S33b00M540x541S30c00482x482S11500490x511S20600518x506S33b00482x482
hvem,,8311,M518x567S30c00482x483S30004482x483S20600488x521S11500490x537
hvem ?,,65,AS11500S20500S30004S30c00M523x549S30004482x482S11500489x519S20500513x517S30c00482x482
hvile,,3130,M523x519S20500513x499S15a12478x493S15a16482x507S2fa00487x481
hvile-energi,,3131,M530x548S20500519x471S15a12487x464S15a16490x479S2fa00498x452S2f900498x543S2d220488x512S20350515x505S20350471x505
hvile-system,,3133,M531x555S2fa00491x445S20500514x465S15a12481x457S15a16484x472S15a40518x509S15a48469x509S2fb00493x523S2fa00495x531S22a04518x540S22a14469x540
hvis -h,,8312,M549x529S36d00479x479S14c10525x472S2df0e529x505
hvit,,105,AS10001S22a03S21100S36a00M531x552S36a00482x477S10001510x518S21100494x527S22a03483x538
hvor?,,1852,M568x559S30c00482x483S14c30500x528S14c38467x528S26712421x529S26706526x529S22f04532x542S22f14433x541
hvor?,,5571,M577x555S30c00482x483S14c30504x518S14c38476x518S26712427x526S26706535x524S22f04541x541S22f14442x541
hvordan,,613,AS19a40S19a48S20600S30c00S34610M546x561S19a48491x541S19a40484x526S20600524x538S30c00482x482S34610494x500
hvordan,,8313,AS19a41S19a49S20c00S30c00M549x571S30c00482x483S19a41487x529S19a49492x548S20c00521x543
hvorfor,,8314,AS1f510S2a308S30c00M528x589S30c00482x483S1f510507x533S2a308505x553
hydrogen-binding,,3134,M515x573S11521485x428S22f04490x457S20700495x490S17600489x515S17610499x510S27126497x534
hydrogen-binding,,6734,M515x584S11521485x417S22f04489x445S17604489x524S17610499x524S20700496x505S27126496x545
hydrokarboner,,6735,M515x567S11540500x433S22a04502x468S22a04502x552S14010486x518
hyggelig,koselig,4799,AS15a02S22f00S20f00S33e00M518x568S33e00482x483S22f00487x524S15a02484x556S20f00487x539
hyl,,8315,M535x520S16707465x494S25e07486x493S16d10518x480
hyle,,6868,M534x526S16707467x493S25e07492x499S16d10517x475
hyperbel,,462,AS10041S1dc28S28805M537x522S1dc28462x479S10041516x492S28805488x477
hypofysen,,6736,M540x518S2ff20476x483S20500497x495S22f04515x465S1c512494x443
hypofysen,,6737,M524x518S2ff20476x483S1c552487x462S22f04487x441
hypotese,,3135,M538x518S30007482x483S31a00482x483S10011517x486S25d00514x463
hypotese,,5984,M541x518S31a00482x482S30007482x483S10011520x482S25e00512x449
hypotese,,6738,M539x518S31a00482x483S30007482x483S10011518x488S25e00512x454
hypotese (K),,8316,M518x518S30007482x483S31a00482x483
hyse,,5435,M517x522S15a48483x478S11501487x495S20b00504x481
hyse,,6739,M516x521S15a48485x479S11501490x494S20b00503x480
hyssing,,3136,M545x520S1f457506x490S1f45f479x490S26612456x480S26606515x481
hyssing,,8317,AS1f457S1f45fS26606S26612M546x520S1f457505x490S1f45f476x490S26612455x480S26606516x481
hånd,,8324,AS14c30S22a04M512x526S14c30488x475S22a04494x511
håndkle,tørke-ryggen,1500,AS20310S26c00S2030aS23110S2ff02S36d00M554x576S2ff02478x482S36d00479x526S20310532x513S2030a461x560S26c00527x535S23110483x559
skrive,"skrive for hånd, skrift, håndskrift, skriftlig",425,AS1eb11S15a16S27b07M531x521S15a16469x509S1eb11478x487S27b07506x478
sy,"sy for hånd, håndsøm",1288,AS1d440S1f448S2ea00S20e00M539x520S1f448461x501S1d440491x486S2ea00524x495S20e00482x481
hår-krøllet,"krøllet hår, lokker",263,AS1c511S29604S20e00S36b00M538x543S36b00482x482S29604523x509S20e00522x492S1c511513x460
hæl,,8319,AS15a31S15a58S20500M521x524S20500479x503S15a31498x501S15a58495x477
høne,,8320,M524x518S1dc20483x449S2ff20476x483S22120489x494S26604493x483
høre,,1108,AS10010S26606S33010M561x530S33010479x483S10010511x500S26606531x493
høreapparat,,1109,AS10a20S2c305S21100S33010M577x524S33010479x482S10a20518x487S21100509x469S2c305550x500
høst,,8322,AS14c12S1f502S22522M524x524S1f502507x500S14c12493x483S22522476x477
høy (gress),,8323,AS1534eS15346S22b00S22b10M529x524S22b00512x476S22b10479x476S15346472x509S1534e504x509
høyrehånds-formel,,3138,M514x515S1dd10486x485
høyrehåndsregelen for en strømleder,,3139,M510x534S17632491x467S17652492x518S28108490x486
høyresystem,,3140,M515x512S1dc17485x489
høyresystem,,3141,M514x515S1dd10486x485
høytrykk,,3142,M540x546S36d00480x483S36d00479x532S18210515x473S22a00520x454S2f900527x504S20350525x513S22a04527x531
høytrykk,,3143,M537x548S36d00479x481S18210514x471S22a00521x453S15a16488x536S20350493x518S22a04496x502S2f900497x495
i,,659,AS19211S26502M525x509S19211499x490S26502474x493
i-bånd,,1459,AS1dc40S2f900S18208S32104S3091cM544x556S32104482x472S1dc40520x514S2f900523x551S18208461x506S3091c479x516
i-bånd,,1470,AS1dc40S18208S2f900S2f900S32104S3091cM549x552S32104482x475S3091c479x514S18208458x507S1dc40525x512S2f900458x526S2f900528x547
i-føgle-med,,8327,M525x518S20500495x483S1f511504x496S1f519476x497
I-Hånd,,5170,M511x510S19200490x491
i-rask-rekkefølge,,8328,M519x537S14c40482x464S10040504x474S21100506x507S22a04506x522
i-ro-der,,919,AS20350S20358S36d00S36f5cM543x524S20350528x509S20358455x509S36f5c495x477S36d00479x494
identitet,identifisere seg med,43,AS10010S10018S20500S26620S26624M515x546S10010492x499S10018485x507S20500505x535S26624493x467S26620484x453
identisk,,200,AS10050S10058S26502S26516S20500S2f900M524x529S10058483x499S10050503x499S20500495x483S26502509x482S26516475x481S2f900495x471
identisk lik,,3144,M517x527S20500496x483S10050502x497S10058484x497S2f900496x474
identisk lik,,5985,M517x525S10050502x495S10058483x495S20500496x482S2f900495x475
identitet,,190,AS10010S10018S26620S26624S20500M517x545S10018483x455S10010493x461S26620485x510S26624501x515S20500487x493
iforgårs,,8330,M546x518S2ff20476x483S11554526x469S26504532x503
igår,,1119,AS10053S26504S30006M542x521S30006482x482S10053521x469S26504517x506
igår,,1120,AS10053S20500S26504S30006M542x531S30006482x482S10053521x470S26504518x516S20500520x501
igår,,8331,M540x520S2ff20476x483S10054519x469S26504526x505
ikke,,3145,AS15a39S15a31S26606S26612S20e00M538x522S15a39492x479S15a31485x479S26606508x506S26612462x506S20e00494x508
ikke-ferdig,,1478,AS15d40S15a16S23b0aS20b00S20e00S30126M534x595S20e00522x572S15d40494x533S15a16485x583S20b00478x567S23b0a496x565S30126482x476
ikke?,ingen?,67,AS14c01S14c07S20e00S26606S26612S30a00M544x575S30a00482x482S14c01496x548S14c07475x546S20e00494x533S26606514x532S26612453x531
ild,,3146,M535x534S15030509x482S15038466x482S22520503x466S22520467x466S23118467x517S23108508x517
ild,,8332,M534x537S22502466x465S22502506x464S15030478x484S15038507x485S23108508x519S23118478x520
impedans,,3147,M537x514S15a48464x486S19211481x492S20602509x489S26a02523x487
impedans,,8333,M528x519S15a48472x490S20600489x482S19211486x497S26a02514x492
impotent,,8334,M514x514S2fa00501x486S10113486x496
indidvid,,3148,M508x521S10010493x480S2f900495x516
indidvid,,6741,M508x519S10010493x482S2f900495x514
indidvid (K),,8335,M508x520S10010493x480S2f900495x515
indikator,,3149,M519x534S10050495x467S21100482x520S1771c499x519
indikator,,6742,M514x515S15a16487x496S10e30491x485
indikator,,6743,M514x530S15a16487x503S20600488x519S10e30492x470
indikator,,6744,M514x528S20500494x489S15a16487x509S15a30493x501S22a04493x472
indikator,,6745,M522x519S20500510x500S15a16479x500S15a30485x492S22a04509x482
indre,,192,AS10041S16c18S2f900M519x525S16c18481x475S10041498x484S2f900506x520
induktans,,3150,M540x517S20602512x485S26a02526x483S1dc02478x493S15a48461x483
infarkt,,8336,M521x523S36d00479x478S21100486x489S22120468x491S1530e479x508
infeksjon,,8337,M534x523S22501483x477S26602466x491S14c12503x488S15a12475x511
influensa,,8338,M541x538S36d00479x463S14c02510x482S14c0a463x482S26a02509x511S26a16486x511
Ingrid -1,,8339,M549x531S36d00479x470S22f00508x481S21200508x498S19218528x512
Ingrid -2,,8340,M564x524S36d00479x477S22f00509x487S21200508x504S19218543x505
Ingvild-smil,,2700,AS19220S2df00S15a02S22a04S21100S33e00S31430M539x583S19220518x529S2df00511x554S15a02479x534S21100487x551S22a04488x568S33e00482x483S31430488x493
inn,,7746,M516x534S26500494x484S10050501x504S18219485x466
inn,,7832,AS10050S18219S26500M514x534S26500493x484S18219486x467S10050499x504
inn,,8341,M513x531S18209488x470S26500494x483S10040487x501
inn-sjoe,,5383,M529x560S17119477x447S26601471x441S10051499x468S15a50478x533S29906496x540
inn-sjoe,,6746,M528x576S10051498x451S17149477x430S15a50473x549S26601472x425S29906489x558
inn-sjø,,3151,M531x547S10051495x485S17119475x458S26601470x453S15a50479x520S29906499x528
innhold,,3152,M521x514S15a48479x487S19201495x492
innhold,,3153,M521x535S10004494x465S26504488x498S20700503x511S16d48479x515
innhold,,5171,M523x519S15a48478x481S19201497x486S20600501x508
innhold,,5986,M521x514S15a48480x487S19201495x493
innhold,,5987,M521x537S26504487x497S10004492x463S20700503x511S16d48479x517
innhold,,8342,M523x535S15a14478x472S19a01495x466S20c02489x507S26a02506x506
innhold -2,,8343,M521x514S15a48479x487S19201495x492
innhold -o,,8344,M523x545S10004496x456S26504488x488S20700505x498S16d48478x525
innrykk,,8345,M520x522S22a16480x509S15a48481x478S15a30508x478
legge seg flat,"innrømme feil, ta-det-tilbake",1191,AS11500S22104S11508S22104S36d00S35000M536x547S36d00479x525S35000482x482S11500518x517S11508467x516S22104524x507S22104464x506
innsjoe,,5619,M530x564S10004502x436S1000c482x436S2d612471x468S2d60a507x467S15a50471x537S2830a487x544
skrive opp,"skrives inn, innskrivning, nedskrivning",865,AS1eb51S15d39S27b03S32104M528x585S15d39483x536S1eb51501x544S27b0d486x560S32104482x482
installer,innstallere,1507,AS17720S26a01M518x517S17720498x502S26a01481x483
inntekt -1,,8346,M525x534S15310510x466S2880e490x494S20e00496x509S15a16489x522S20310475x474
innvendig,,6747,M522x525S36d00479x476S15a06479x513S10014488x489S21100509x490S22a04509x507
insekt,,1497,AS1d410S2e234M515x532S1d410486x467S2e234496x500
insekt -1,,8347,M558x518S30006482x483S20500521x493S1eb00534x495
installere,installer,1508,AS17710S16c18S26a02M532x513S16c18468x489S17710490x491S26a02518x486
institutt,,3154,M546x552S19200505x449S19208476x449S20500497x477S20500497x493S2d506512x477S2d51e473x478S15a40505x509S15a48483x509S22b05522x528S22b13454x528
institutt,,8348,M550x553S19200504x448S19208474x447S20500494x471S20500494x491S2d506505x473S2d51e471x472S15a40505x512S15a48482x512S22b13450x529S22b05526x526
integrere,,1892,M524x515S10050509x485S2990d476x490
interferens,,3155,M543x522S10011522x481S10019457x492S2990e486x478S29916480x492
interferens,,5988,M554x525S29b02488x478S29b16470x500S10011533x476S10019447x495
internasjonal,internasjonalt,1523,AS11511S11519S28a0cS22b06S28a14S22b12M551x526S11511526x483S11519450x482S28a14477x474S28a0c508x475S22b12464x509S22b06508x510
internationsjal,,8349,M546x536S11550505x464S11558484x464S2890c523x485S28914466x486S22b12455x520S22b06516x519
intervall,,3156,M520x526S15a40494x474S20500480x484S20500510x484S1dc09491x496
intervall,,5989,M521x530S15a40494x471S1dc09491x500S20500511x487S20500480x489
intervall,,8350,AS15a40S1dc09S20500S20500M522x527S15a40490x473S1dc09486x497S20500512x493S20500479x492
ion,,472,AS19201S19205S2e800M526x527S19205474x484S19201500x472S2e800508x495
ion,,3157,M536x515S19211510x486S19219464x495S2e700495x490
ion,,5309,M532x520S2e700496x495S19211506x481S19219469x497
ion,,5310,M532x520S2e700496x495S19211506x481S19219469x497
ion,,5311,M532x520S2e700496x495S19211506x481S19219469x497
ion-ASL,,51,AS19201S19205S2e830M526x528S19205474x484S19201500x472S2e830507x496
ion-FTS,,386,AS19201S19205S2e800M526x527S19205474x484S19201500x472S2e800508x495
ione-binding,,3158,M532x569S19200511x435S19208468x448S2ea00494x431S20700495x481S17600490x509S17610500x507S27126496x530
ione-binding,,6748,M529x585S2ea00494x423S19200508x416S19208471x444S17600492x524S17610503x519S20700498x500S27126500x546
irritabilitet,,6749,M534x541S37100480x459S37108471x459S14c13507x480S17710511x522S15a48461x514S24107477x506S2f710474x497
irritere seg,,2180,M530x521S14c30506x490S14c38471x490S21800508x480S21800474x481
irritere seg,,2181,M535x516S15030509x484S15038466x485
irritere seg 2 IG,,2191,M532x522S1dc31509x491S1dc39469x492S21800513x478S21800471x480
irritere seg 2 IG,,2192,M535x515S1dc31466x485S1ec3f512x489
is,,3159,M543x527S19a50506x473S19a58466x473S26606513x497S26602510x509S26612457x497S26616461x511
is,,3160,M563x514S19251504x487S19259475x487S26612437x496S26606533x496
is,,5384,M551x526S19a50510x475S19a58461x475S26712449x497S26716450x510S26706509x498S26702509x510
is,,5620,M573x514S19251505x487S19259475x487S26706531x498S26712428x496
is,,5621,M570x510S19250507x490S19258475x490S26712430x493S26706528x494
is,,5622,M572x514S19a51504x487S19a59474x487S26712429x497S26706530x497
is,,5736,M574x514S19251507x487S19259474x487S26706532x497S26712427x497
is,,5737,M571x510S19250506x491S19258474x491S26706529x493S26712429x492
is,,5738,M576x514S19a51504x487S19a59474x487S26706534x497S26712424x497
is,,6750,M549x527S19a50512x473S19a58461x474S26706507x498S26702507x511S26712451x499S26716452x511
isbre,,3161,M565x545S19a50505x455S19a58468x455S26612435x457S26606535x457S14c04508x495S14c0c468x495S25d24492x525
isbre,,5623,M570x553S19251503x447S19259476x447S26712430x456S26706528x458S14c04508x499S14c0c468x500S25e24491x523
isbre,,5739,M578x554S19251511x447S19259470x448S26712423x456S26706536x457S14c04512x502S14c0c467x502S25e24493x524
islam,,551,AS15a30S15a30S22b04S22b14S30104S34800S37100S37150S2fb04M557x632S15a30450x561S15a30542x561S30104484x477S37100479x533S22b04541x602S22b14448x599S2fb04490x626S34800484x488S37150471x533
isolasjon,,3162,M521x532S16d48479x469S10000479x482S20700503x477S2ef05488x514
isolasjon,,3163,M526x546S20700508x462S10000479x468S16d48480x455S2ef05488x500S21100474x531S1771c492x531
isolator,,3164,M526x549S10000480x465S20700508x458S16d48481x451S2ef05489x498S1771c491x534S21100474x534
isolert,,3165,M522x528S16d48478x473S10000478x482S20700504x477S2ef05490x510
ja,,661,AS19a10S2df00M514x526S19a10486x475S2df00486x505
ja,,663,AS19240S2a20cM511x529S19240488x472S2a20c488x501
ja,jo,876,AS19220S2a20cS30104M550x575S30104482x477S19220529x521S2a20c525x547
ja,"nikke, ja-ja",8253,M513x520S20320493x481S23004488x502
"ja, ja",,123,AS20324S23004M524x511S20324476x488S23004499x493
"ja, ja","javisst, m-m",664,AS19240S2a50cM511x530S19240488x470S2a50c490x497
ja/nei?,,1850,M518x518S30a00482x483
ja/nei?,,5573,M518x518S30a00482x483
jah-!,,308,AS19a40S19a48S2df00S2df18S30104S35000S2f700S2fb04M535x610S19a40507x534S19a48468x538S2fb04494x592S35000482x488S30104482x476S2df00511x569S2df18472x568S2f700496x603
Jan,,575,AS19210S22a04S21100S30006M541x546S19210520x489S21100526x514S30006482x482S22a04526x531
Jan-jeg-ja,,436,AS19210S22a04S21100S30006S30120S10041S20500M541x580S19210520x495S21100525x522S30006482x488S22a04525x540S30120482x477S10041509x550S20500498x538
januar,,1077,AS19200S22f03S20e00S30005M540x548S19200519x505S20e00509x518S22f03494x527S30005482x483
januar,,1152,AS17112S17106S2a20cS2a218S1711eS1711aM538x537S17106493x520S17112490x510S1711a492x464S1711e490x474S2a218461x488S2a20c515x492
januar,,1175,AS1711eS1711aS17112S17116S20800S20800M522x537S17116488x520S17112488x510S1711a490x464S1711e488x474S20800512x473S20800477x518
jeg,,231,AS10043S20500M520x517S20500479x506S10043490x483
jeg,,815,AS10043S20500S32d00M530x575S10043500x537S20500487x564S32d00482x483
jeg,,821,AS10043S20500S33e00M528x571S10043498x537S20500487x560S33e00482x482
jeg,,1849,M510x523S10004495x478S20500491x512
jeg,,5574,M509x522S10004494x478S20500491x511
jeg!,,404,AS10043S20500S32d00M538x548S32d00482x482S10043508x517S20500496x537
min,"mitt, jeg-eier, jeg-har",925,AS15d01S20500M512x516S15d01489x485S20500487x505
jeg-smil,,528,AS10043S20500S33e00M529x574S20500488x563S10043499x542S33e00482x482
vente,"venter, jeg-venter",778,AS18200S22114M518x514S22114492x486S18200481x499
jekk,,3166,M526x512S23000501x488S1ea40475x491
jente,pike,139,AS18210S20500S33e00M529x559S33e00482x482S18210506x541S20500504x548
pike,"piker, jente, jenter",807,AS15d12S20600S33e00M525x576S33e00482x482S20600501x543S15d12498x557
jern,,3167,M520x524S20b00507x476S1150a481x496S11540501x494
jern,,3168,M519x522S20b00492x478S11541495x494S11549481x495
jern,,6751,M518x523S11541494x496S11549483x495S20b00495x477
jernbanestasjon,,135,AS11030S15a36S26600S20500M513x541S11030486x514S26600489x478S15a36486x459S20500491x460
tog,jernbanetog,167,AS11030S26700M508x540S11030492x513S26700492x460
jernfilspon,,3169,M534x578S20b00496x422S11540491x440S1150a476x442S11550494x518S1150a473x519S26a00486x482S21200486x499S20e00484x558S20e00504x558S18514466x563S1851c509x563
Jesus,Kristus,983,AS1c510S15a18S20500S15a10S1c518S20500M527x540S1c518472x509S15a18480x460S20500497x482S1c510497x460S15a10506x507S20500493x529
Joachim,,1118,AS11808S21800S20e00S30b20M518x529S30b20482x482S11808460x502S21800457x489S20e00461x474
jord,,3170,M546x522S21100478x480S21100508x479S18514462x486S1851c511x486S26612454x506S26606516x506
jord-baer,,6471,M539x567S15a12468x433S2e732471x448S17710490x530S1000a461x537S20700480x552S2c300513x524
jordbaer,,6472,M546x587S31a00482x488S30104482x477S34000482x489S26100505x533S26110483x541S1d411521x541S1d419457x550S22101523x568S22101467x578S2fc04493x570
jorden,,3171,M542x527S15a50485x473S15a50505x474S28a14462x491S28a0c521x489S28816458x500S2880e520x502
jorden,,5740,M540x518S15a50503x485S15a50486x485S28a14464x482S28a0c519x482S28816461x494S2880e518x493
Jorden,,1361,AS15410S15418S2df07S2df13M522x533S15418477x468S15410506x468S2df07502x509S2df13482x508
Jorden,,1364,AS15420S15428S2df06S2df1eS34400M522x593S15428479x530S15420506x530S2df06502x569S2df1e479x568S34400482x482
Jorden,"land, verden",1366,AS14c51S2e902M520x526S14c51480x474S2e902480x511
Jorden,,1367,AS14c51S2e902S34400M520x578S14c51480x526S2e902480x563S34400482x482
jordskjelv,,3172,M544x555S15a12481x446S2e706484x460S14c50508x484S14c58464x484S2a408508x519S2a410464x519S2f900533x519S2f900456x519
jordskjelv,,5741,M544x555S15a12481x446S2e706484x460S14c50508x484S14c58464x484S2a408508x519S2a410464x519S2f900533x519S2f900456x519
jordskjelv,,5742,M576x536S15a12425x467S2e706426x481S14c50540x465S14c58496x465S2a408540x500S2a410496x500S2f900565x500S2f900488x500
Josef,,886,AS16d40S25e04S20340S30004M518x606S30004482x482S16d40491x524S25e04493x553S20340494x591
Judea,,897,AS18207S22103S22103S20e00S30005M543x535S30005482x482S18207516x510S20e00524x487S22103523x501S22103534x510
Judea,"Judea, stavet",898,AS19220S2a20cS11520S2a20cS10120S14a20S1f720M566x530S19220437x479S11520471x469S2a20c465x502S2a20c434x500S10120497x471S14a20521x486S1f720546x487
juks,,3173,M518x590S2ff00482x483S20f00487x520S20f00486x560S1f510491x575S26a00486x544
jul,,60,AS10031S10039S28c00S28c18M526x535S10039475x504S10031505x505S28c18479x465S28c00502x465
jul,,267,AS10011S10019S2940bS29413M558x533S10019479x466S10011504x466S2940b521x494S29413443x493
jul,,662,AS10011S10019S25105M536x527S10019464x473S10011493x474S25105511x501
jul,,1258,AS10011S10019S25105S25113M548x529S10019477x472S10011502x471S25105523x502S25113451x504
sommer,"juli, varmt i været, svett i pannen",435,AS15d02S26606S21100S2ff00M564x518S2ff00482x483S15d02537x485S21100488x490S26606502x490
varmt,"sommer, juli",774,AS14c02S26506S30000M570x517S14c02521x479S26506555x483S30000482x482
juli,,1142,AS19220S2a20cS11500S1dc10S2a204S19220M539x537S19220517x472S2a204489x509S11500466x464S19220518x501S1dc10462x499S2a20c488x470
sommer,"varmt i været, juli",1386,AS14c02S26506S21100S2ff00M550x518S2ff00482x483S26506499x490S21100488x490S14c02519x486
juni,"sankthans, sankthansbål",1082,AS17712S14c38S29600S22106S22102M519x549S14c38487x518S17712491x450S29600492x479S22106480x460S22102512x459
juni,,1141,AS19220S2a20cS11500S28804S11504S2a204S19220M545x537S19220523x472S11504472x505S11500472x464S19220524x501S28804455x483S2a20c494x470S2a204495x509
justere,,3174,M514x531S1ea40487x470S2a300491x495
justere,,3175,M518x590S35c00482x483S1ea40485x529S2a300489x554
K,,1526,M515x515S14020486x485
kaffe,,4803,M516x517S20300501x483S20300500x502S21100484x491
kaffe,,4804,M517x517S20300486x484S20300484x502S21100504x492
kaffe-du?,,261,AS10040S20308S21100S22106S30a00S36500M528x578S30a00482x482S36500482x482S20308494x563S10040499x528S22106517x529S21100515x560
kaker/boller,,1848,M514x520S15a16487x508S20600490x496S15312489x480
kaker/boller,,5575,M514x520S15a16487x508S20600489x496S15312488x480
kald,,3176,M524x512S20310509x497S20318476x497S2f900512x489S2f900479x489
kaldt,,3177,M526x512S20310511x497S20318474x497S2f900514x489S2f900477x489
kalkun,,544,AS14c14S26b06S2ff00M528x551S2ff00482x482S14c14487x520S26b06510x514
kalkun,,4805,M537x554S2ff00482x483S14c14490x523S26b06519x523
kam-skjell,,6752,M513x546S21100494x489S15a30496x507S15050487x455S26704495x504
kamera,,1847,M546x544S31510482x483S1ec10523x525S1ec18495x525S22104522x513
kamera,,5576,M559x540S31510482x483S1ed18503x521S1ed10533x521S22104533x510
kamskjell,,4712,M513x547S21100493x488S15a30495x507S15050487x454S26704492x505
kamskjell,,5436,M513x546S15050487x454S21100495x489S15a30497x508S26604494x516
kamskjell,,5853,M513x546S15050487x454S15a30496x506S21100496x488S26704494x504
potensiell,kan,3887,M554x518S30007482x483S10002517x487S28109532x455
kanskje,,243,AS1f540S2e234M509x531S2e234490x499S1f540493x468
kaos,,3178,M524x521S15312476x479S1531e476x506S2a22a503x484
kaos,,3179,M517x539S2e706490x462S2e746490x523S14c16486x501S14c12484x479
kaos,,5992,M525x521S2a22a504x484S15312475x479S1531e475x506
kaos,,5993,M519x547S14c12488x472S14c1a482x502S2e706491x454S2e74a488x531
kapasitans,,3180,M533x515S15a48467x485S16d17483x493S20602506x489S26a02519x488
kapasitet,,3181,M543x514S16d10508x488S16d18476x489S26a02529x486S26a16458x487
kapasitet,,5994,M541x514S16d10507x489S16d18479x489S26a02527x486S26a16460x487
kapellan,,1132,AS10001S23302S21100S36d00M524x535S36d00479x465S10001501x505S23302484x474S21100511x477
kapittel-2,kapittel 2 en bok i Bibelen,1128,AS1ef26S15d0aS20e00S22a04S2d606S10e00M533x537S15d0a466x464S1ef26471x476S22a04472x522S20e00474x507S10e00515x471S2d606511x511
karakteristisk,,3182,M521x542S36d00479x459S20500500x475S15a00483x472S15a12491x511S22a04501x527
karakteristisk,,5995,M521x547S36d00479x453S15a00495x464S20500510x468S15a12488x517S22a04496x532
karbon,,3183,M535x522S17614465x500S15310475x497S20700470x479S2c400495x493
karbon,,3184,M509x510S16d20492x490
karneval,,2790,M563x518S26606500x492S2ff00482x483S11522533x490S22104532x487S22100533x509
kast,,3185,M514x530S26600486x471S15320489x505S2f710502x495
kaste,,3186,M516x531S26600485x470S2f710504x496S15320487x506
katalysator,,3187,M518x537S22b20494x464S15a16491x525S14010483x500
katalysator,,6753,M535x540S14c18492x467S20300514x490S20b00499x503S22b01511x516S22b11465x461
katastrofe,,3188,M556x532S20300504x468S20300482x468S28905508x485S2891d466x485S14c04533x500S14c0c445x501S2f710495x510
katode,,3189,M516x549S14028487x452S2a218484x488S1001c488x519
katode,,3190,M538x540S11514511x460S1151c463x461S1151c470x510S18212489x511S26606508x507
katt,,1388,AS14c02S14c0aS26506S26512S20f00S2ff00M562x519S26506514x500S26512471x500S2ff00482x483S14c02531x496S14c0a438x496S20f00487x500
katt,,4784,M567x518S2ff00482x483S14c02502x495S14c0a465x495S26612430x498S26606537x499
katt,,5273,M565x518S2ff00482x483S14c02501x489S14c0a464x490S26606535x492S26612432x493
kefter,,3254,M508x515S20300493x500S2f900495x492S2f900495x485
krone,"konge, keiser",535,AS15312S20500S2ff00M528x517S2ff00482x482S15312488x466S20500518x477
kenguru,,5686,M552x525S36d00479x475S20500509x490S20500481x491S17154510x505S1715c472x504S23000527x479S23010451x479
kenguru,,5687,M550x536S14c04506x475S14c0c472x476S37806513x474S37806457x476S2fa00520x464S2fa00468x467S23600511x509S23610451x511S2fb04494x530
kg,,3191,M532x515S14020468x485S1f120503x500
kg,,5996,M532x515S14020469x485S1f120503x500
kikkert,,3192,M518x518S2ff00482x483S17610500x490S17618484x490
kilde,,3193,M511x533S10000490x503S26500497x486S26500497x468
kilde,,5624,M511x534S10000489x504S26500497x484S26500497x467
kilo,,3194,M530x547S14020478x453S15a30509x498S15a30478x498S23100504x529S23110471x530
kilogram,,3195,M531x547S14020479x454S15a30511x499S15a30477x499S23100505x528S23110470x530
kilogram,,5997,M530x545S14020483x456S15a30512x494S15a30481x494S23104504x525S23110470x528
kilometer,,3196,M526x515S14020475x485S18d50506x490
kilometer,,3197,M513x534S10040488x504S28308491x467
kilometer,,5998,M526x515S14020474x485S18d50506x490
kilometer,,5999,M512x534S10040488x504S28308490x466
lenke,"OL, kjede, link",1516,AS17610S17639S20700S26526S17635S17618S20700M530x517S17639469x501S17635513x501S17610481x500S17618503x500S20700469x482S20700512x482S26526493x484
kjeft,kjefte,1285,AS20302S26500S20b00S30004M526x556S30004482x483S20302492x522S26500492x541S20b00513x515
kjemi,,3199,M533x533S17640514x475S17648472x468S2a200510x497S2a218468x491S2fc04490x522
kjemi,,6754,M536x532S17610520x480S17618465x506S28a02482x469S28a1a480x495S2fc00495x521
kjemisk forbindelse,,6755,M536x584S17610520x427S17618465x453S28a02482x416S28a1a480x442S2fc00495x468S17600488x526S17610499x524S20700492x508S27126493x545
kjemisk formel,,6756,M544x575S17610517x442S17618457x458S28a02485x425S28a1a472x445S2fc00492x466S15a18483x527S14c10493x508S17710524x560S28805501x555S20e00499x541
kjemisk reaksjon,,6757,M554x572S17610512x445S17618452x461S28a02480x428S28a1a467x448S2fc00487x469S17610493x549S17618481x556S22a11470x547S22b07506x529S14c50530x506S14c58447x523
kjemisk reaksjonslikning,,6758,M564x619S17610501x427S15a1f485x435S14c50540x382S14c58437x425S22b07517x406S22a12466x444S10050512x508S10058495x508S20500506x495S15a18475x592S1ef10481x600S26706512x600
kjemisk symbol,,6759,M545x570S17610523x447S17618463x463S28a02491x430S28a1a478x450S2fc00498x471S15a18456x526S14c10467x506S20e00474x540S22a04472x555S15a18513x526S20310529x536S26502530x554
kjempeglad,,1846,M523x592S14c02492x569S14c0a460x563S20e00499x548S20e00484x546S22a00499x533S22a10484x531S36e00477x515S33e00482x482
kjempeglad,,5577,M538x589S33e00482x482S36e00477x516S22a00502x534S22a10483x534S20e00503x551S20e00483x550S14c02507x566S14c0a467x564
kjerne,,3201,M524x516S15a48477x487S20500495x484S14010495x486
kjerne,,3202,M525x520S15a16476x508S20600503x492S18512486x480
kjerne,,3203,M514x538S10004492x462S2ef04491x493S22a04489x508S15a16487x526
kjerne,,6760,M523x520S15a16477x508S18512485x480S20600501x496
kjerne,,6761,M518x514S15a48483x487S17740498x496
kjerne-partikkel,,3204,M541x544S14020489x456S15a18477x459S1000a459x515S17710488x508S20700483x529S2c300515x509
kjernepartikkel,nukleon,235,AS14210S19219S15a18S2b700S22a04S20500M525x533S14210496x498S19219475x474S15a18478x500S20500494x522S2b700496x467S22a04494x489
kjetting,,505,M540x517S17600460x501S17620470x501S17600524x500S17620516x500S20700463x484S20700519x483
kjoenne,lyst,6762,M547x532S36a00482x477S15a02486x520S20e00524x520S26500522x504S17702532x484
kjoennet formering,,6763,M574x621S36a00482x477S15a02486x520S20e00524x520S26500522x504S17702532x484S14c57548x553S14c5f464x552S26611489x577S26607528x576S17726520x601S1772e503x601
kjøre_barnevogn,,4953,AS20312S20312S26620M534x522S26620491x478S20312519x507S20312466x505
kjøtt,,1070,AS18547S20800S2f900S15a0aM520x518S18547492x491S20800510x487S15a0a481x483S2f900509x498
klegg,,4848,M514x522S15a1a487x503S15a50495x495S20b00495x479
klegg,,5522,M514x522S15a1a487x503S15a50492x495S20b00492x479
klemme,,1845,M529x536S37100475x464S26502491x478S26516492x522S37b06489x502S37b06499x514S20300475x495S20300514x507
klemme,,5578,M536x535S37100479x466S37108471x466S26502494x481S37706486x501S37706496x514S20300521x507S20300471x493S26516496x521
klima,,3205,M549x522S36d00479x510S15a00523x495S15a00464x495S27104509x477S27110450x477
klimaks-fase,,6764,M548x579S22b01471x424S22b01494x451S15a1a462x447S15a11492x472S2f710497x428S2f807515x455S22a02452x422S15a40499x552S15a48479x552S26606518x561
klippe,,511,M534x533S10e40495x503S26600496x468S15a1a466x479S22710513x480
klo,,4713,M539x520S10a19462x483S1f117492x490S2880b519x495S22104512x480
klo,,5274,M540x520S1f117493x490S10a19461x484S2880b520x495S22104521x481
klo,,5349,M537x518S1f117493x488S10a19464x482S22120514x488S2880b517x497
klo,,5437,M539x521S10a19461x485S1f117492x491S2880b519x493S22104512x480
klo,,5854,M539x519S1f017493x489S10a19462x483S2880b519x495S22104513x481
klode,,3206,M544x527S15a50506x473S15a50483x473S28a14461x490S28a0c522x491S28816456x502S2880e522x502
klokke,klokken,1327,AS10050S23108S20500S1715bS37706M521x532S37706479x507S1715b505x506S10050486x502S23108480x468S20500492x490
klore,,5275,M508x529S15310492x471S22b04492x499
klore,,5276,M516x529S15310485x471S22b04485x499S2f710504x506
klovn,,2183,M573x523S33200482x483S12900541x501S21b00546x491S21600546x479S2fb00552x468S26500559x480
klovn,,2186,M546x512S12900455x490S12900522x489S12800491x488
km,,3207,M525x515S18d50505x490S14020476x485
km,,6000,M527x515S14020474x485S18d50507x488
knallrød,,1096,AS10012S26602S2f700S33b00M544x530S33b00482x482S10012514x513S26602471x504S2f700494x523
knipse,,4806,M512x520S1eb10488x501S21b00489x490S2f710488x480
kniv,,6765,M520x525S15a06481x478S21100487x476S10041499x495S22a04487x494
kniv-skjell,,4714,M525x569S15a06476x434S21100483x432S22a04482x447S10041496x448S15a06480x528S21100486x527S22a04488x543S1ef47499x539
kniv-skjell,,5438,M523x590S15a36479x411S21100484x411S22a04483x430S10041502x433S15a36478x532S21100483x531S22a04484x549S1ef47497x560
kniv-skjell,,5855,M525x569S15a06476x434S21100483x432S22a04482x447S10041496x448S15a06480x528S21100486x527S22a04488x543S1ef47499x539
kniv-skjell,,6766,M523x580S15a06477x422S15a06480x527S21100482x421S21100486x527S22a04483x438S22a04486x544S10041496x439S1ef47497x550
Knut,,1314,AS1f540S26500S20e00S2ff00M532x557S2ff00482x482S20e00495x518S1f540494x533S26500518x509
Knut,,1315,AS1f540S26500S20e00S34600S21404M533x544S34600482x482S26500519x506S20e00520x527S1f540493x520
kobber,,3208,M518x517S21100505x496S20300488x484S20300483x502
kobber,,3209,M528x517S20310477x484S20318472x502S21200500x496
kobber,,3210,M532x524S1000a468x509S1100f473x477S20c00504x495
kobber,,6767,M530x523S1000a472x508S11001470x478S20c00502x488
kobber,,6768,M522x567S22a04503x433S22a04504x516S1183e495x450S1183e495x534S1150a479x469S17600493x551
koble,,3211,M525x523S20500495x480S26502510x478S26516475x479S10a10503x497S10a18481x497
kobling,,3212,M525x523S10a10503x497S10a18479x497S20500495x480S26502510x478S26516475x479
koherens,,3213,M535x518S20500466x500S10008481x483S10020488x488S29926503x489
koke,,771,AS10010S10018S23108S23118M533x531S10018479x469S10010506x474S23118467x513S23108507x514
koke,,3214,M528x526S10000504x496S10008479x492S23108502x477S23118472x474
koks,,3215,M545x516S14c18456x485S15310485x488S2c400505x490
kollisjon,,447,AS20302S20308S26502S26516S20b00M540x516S20302505x483S20308481x483S26502525x484S26516459x484S20b00494x503
kollisjon,,3216,M526x508S20b00495x494S20310511x493S20318475x493
S38700463x496 0x0 S38700463x496,komma,550,
S38702496x463 0x0 S38702496x463,komma,665,
kommer-fra-Gud-jeg,,964,AS10000S22c03S10043S20500M550x561S10000535x438S22c03496x483S10043464x527S20500450x550
kommode,,1843,M510x535S20330495x466S22a10490x503S26514496x485S26514496x520
kommode,,1844,M511x532S20330496x469S26514497x489S26514497x517S22a14489x504
kommode,,5579,M510x534S20330495x466S22a14491x503S26514495x485S26514495x519
kommode,,5580,M510x534S20330495x466S22a10491x503S26514495x485S26514495x519
kommode)-topp,,5581,M523x529S15a50478x471S20330482x505S2f900483x524S26606493x481
kompass,,3217,M515x526S15a30497x498S10051485x505S2d508491x485S2d500490x474
kompressor,,512,M507x518S26a02493x483S2f900495x513
komprimere,,514,M515x534S22a04488x487S22a04488x504S2f900504x499S17121486x466S17116492x517
komprimert,,527,M515x535S22a04488x485S22a10488x505S2f900504x499S17121486x466S17116492x518
kompromiss,,539,M523x529S20500495x509S22a00510x514S22a14477x501S15a50510x484S15a50477x471
kondensasjon,,6769,M534x592S14e30501x445S14e38466x445S29610475x409S29608504x409S15a18481x555S20612494x551S22a04507x577S14c11508x552
kondensator,,3218,M538x515S26a02508x487S26a16480x488S15a10526x485S15a18463x486
Kong Olav,,4809,M543x559S2ff00482x483S15300513x511S17610511x543S2880c531x530
konge,,4807,M518x518S2ff00482x483S15312487x465S22a04494x448
konge,,4808,M536x518S2ff00482x483S15310521x488
konjakk,,638,AS12233S2eb0aM517x523S2eb0a485x508S12233483x477
konjakk,,639,AS12233S2eb0aS33100M518x570S2eb0a486x555S12233484x524S33100482x482
konkret,,3219,M543x521S26602503x496S26616465x496S2fb04491x515S16d10526x479S16d18457x479
konkret,,3220,M543x520S2f710494x481S2fb00492x493S26502507x500S26516478x500S15310528x495S15318457x495
konkret,,3221,M525x533S10010510x503S10018475x478S26721487x467
konkuran,,4816,M547x518S1f510506x503S1f514479x503S27104507x482S27110454x483
konkuranse,,217,AS1f540S1f548S2c500S2c510S2fc04M563x522S1f548485x477S1f540504x477S2c510437x479S2c500523x479S2fc04494x511
konkuranse,,4815,AS1f510S1f518S2c500S2c514S2fc04M564x520S1f510504x486S1f518483x486S2fc04494x509S2c500524x481S2c514436x480
konsekvens,,6001,M522x530S10010507x500S10018478x491S26721478x470
konsentrasjon,,6770,M575x521S16d40503x500S16d48481x501S26502525x504S26502542x504S26502560x504S26516462x506S26516445x505S26516426x505S21600527x488S21600545x484S21600562x480S21600469x490S21600452x486S21600435x482
konsentrasjon,,6771,M545x558S32104482x483S17610492x525S17614493x542S22b03513x509S22b15461x521S22104533x526S22104456x537
konsentrert,,3229,M567x518S17610498x497S16d18487x495S20800500x482S26602519x497S26616452x498S15310552x492S15318433x493
konsentrert loesning,,6772,M559x611S20300495x441S20300495x455S22b03504x413S22b16461x451S15310527x389S15318442x447S14c08497x580S14c04502x544S2ea36534x559S2ea12531x579
konstant - 1,,547,M524x527S20500496x507S26502509x506S26516477x506S15a50509x474S15a50481x475S2f900495x522
konstant - 2,,549,M514x519S15a50502x492S15a50487x492S2f900495x482
konstruere,,1891,M549x514S15a18451x487S20500464x496S10e02476x495S2c400509x489
kontakt,,367,AS11810S11818S20500M520x520S11810505x493S11818480x493S20500495x479
kontakt,,666,AS20500M505x505S20500495x494
kontakt,,5299,M519x521S11810504x494S11818482x494S20500496x480
kontakt mellom to enkle ledere,,467,AS10a10S10a18S20500M517x520S20500495x479S10a10502x494S10a18482x494
kontakt under haken,,69,AS20500S2ff00M518x532S2ff00482x482S20500494x521
kontrakt,,561,M581x541S15a06419x475S1f540425x482S20500428x460S2a20a421x512S10020545x486S10028524x486S23c04558x485S23c1c505x485
kontroll,,566,M514x541S15a06487x475S1f540491x483S20500493x460S2a20a486x512
kontrollere,kontroll,654,AS1f550S15a48S2c400S20500S2f900M542x526S15a48457x474S1f550472x482S20500471x506S2f900471x521S2c400502x474
kontroll,,3231,M514x539S20500495x462S15a06487x477S20310492x492S2a20a487x510
kontroll,,3232,M518x550S32103482x483S1183f459x525S25d03434x531
kopiere,,2201,M544x516S15a48457x489S15211469x485S17710524x494S26506502x496
kopiere,,2202,M545x514S15a48456x487S15710479x488S17710525x494S26506504x497
kople,,3235,M524x522S20500496x480S26502509x478S26516477x479S10a10504x496S10a18482x496
kopling,,3237,M525x523S20500496x480S26502510x478S26516476x479S10a10505x497S10a18481x497
Korea,,1496,AS15a11S23f02S18210S2ff00M556x527S2ff00482x482S15a11509x471S18210533x512S23f02522x488
korn,,5197,M534x533S10018491x503S17711491x484S20700467x492S2df00513x468
korrosjon,,6773,M557x518S15310497x493S15318489x493S26712443x498S26706515x498S22520515x483S22520454x483
korrosjon,,6774,M587x518S15310497x493S15318489x493S26712443x498S26706515x498S22520515x483S22520454x483S15030561x486S15038414x486
kortslut,,4817,M524x530S11559477x505S10051494x506S20b00494x488S22a04494x471
kortslutning,,506,AS10051S11557S22a04S20b00M522x533S11557478x506S10051492x507S20b00492x487S22a04492x467
kortslutning,,3238,M519x523S10050504x493S1151a482x496S20b00501x478
kosmonaut,,3241,M554x551S36d00479x502S17710499x483S25e00503x448S1ec16535x510S22a04536x536
krabbe,,4715,M531x524S15050470x493S22520485x477S26606501x502
krabbe,,4716,M527x528S15050474x497S26607505x495S22521485x472
krabbe,,4717,M531x520S1eb40507x500S1eb48470x501S21d00505x491S21d00480x491S2fb00495x480
krabbe,,4718,M531x530S1eb40507x510S1eb48470x511S21d00505x501S21d00480x501S2fb00495x490S26520496x471
krabbe,,4720,M541x525S22107516x476S22103529x481S22101459x492S22105463x480S22101474x478S22107532x493S1f157514x495S1f15f462x495
krabbe,,5350,M531x524S15050469x493S26606501x499S22502495x477
krabbe,,5351,M531x520S1eb40507x499S1eb48469x501S2fb00493x480S21d00503x489S21d00481x489
krabbe,,5352,M531x530S1eb40507x509S1eb48469x511S2fb00493x490S21d00503x499S21d00481x499S26520492x470
krabbe,,5353,M527x524S15050473x493S22502474x476S26607505x489
krabbe,,5439,M532x523S15050468x492S26606502x501S22520486x477
krabbe,,5440,M528x530S15050473x499S26607506x489S22521486x470
krabbe,,5441,M530x520S1eb40506x501S1eb48471x501S21d00504x490S21d00481x491S2fb00494x480
krabbe,,5442,M533x530S21d00505x499S21d00478x499S1eb40509x511S1eb48467x510S26520494x470S2fb00492x489
krabbe,,5443,M538x520S1f157509x490S1f15f470x490S22101478x482S22105466x485S22101462x498S22107512x480S22103524x485S22107529x498
krabbe,,5856,M531x525S15050469x494S22520486x476S26606501x502
krabbe,,5857,M525x530S15050476x499S22521483x471S26607503x479
krabbe,,5858,M531x521S1eb40507x502S1eb48470x501S21d00504x490S21d00481x490S2fb00493x480
krabbe,,5859,M531x530S1eb40507x511S1eb48470x510S21d00504x499S21d00481x499S2fb00493x489S26520493x470
krabbe,,5860,M535x523S1f157512x493S1f15f466x492S22101467x495S22105470x483S22101482x480S22107511x478S22103522x482S22107526x494
krabbe,,6775,M541x525S22107516x476S22103529x481S22101459x492S22105463x480S22101474x478S22107532x493S1f157514x495S1f15f462x495
krabbe,,6776,M541x522S22107516x478S22103529x483S22101459x494S22105463x482S22101474x480S22107532x495S1eb57518x495S1eb5f463x494
kraft,,81,AS20300S2f900S37700M507x525S20300492x485S37700499x500S2f900494x474
sterk,"kraft, styrke",489,AS20300S2f900S37700M507x525S20300492x485S37700499x500S2f900494x474
kraft,,3242,M508x513S2f900495x488S20340493x498
kraft,,3243,M508x512S2f900495x489S20300493x497
kraftens arm,,598,AS20330S1eb48S2f900S20500S20500S37900M520x537S20330505x474S20500507x489S20500507x517S2f900507x463S37900511x489S1eb48479x518
kraftig,,3245,M523x512S2f900510x507S2f900480x507S20300508x489S20300478x489
krav,,3246,M508x544S10004493x457S20e00495x488S15a30494x506S26704492x502
krav,,3248,M521x531S10a51488x470S15a30482x486S21100481x495S26604479x501
krav,,6002,M520x531S15a30482x480S21100482x486S26604481x501S10a51487x469
krefter,,3252,M508x515S20340493x500S2f900495x493S2f900495x486
krefter,,3255,M508x515S20300493x500S2f900495x492S2f900495x485
kreps,,4719,M541x519S1eb57507x491S1eb5f474x492S22101459x498S22105463x486S22101474x484S22107532x499S22103529x487S22107516x482
kreps,,4721,M554x533S26501520x492S26501506x476S26517483x477S26517468x491S21b00535x483S21b00521x469S21b00476x467S21b00460x480S1eb47535x506S1eb4f447x503S2fb04493x516
kreps,,5354,M554x533S26501520x492S26501506x476S26517483x477S26517468x491S21b00535x483S21b00521x469S21b00476x467S21b00460x480S1eb47535x506S1eb4f447x503S2fb04493x516
kreps,,5444,M554x533S26501519x490S26501503x475S26517482x476S26517467x490S21b00527x479S21b00517x469S21b00476x467S21b00463x478S1eb47535x506S1eb4f447x504S2fb04493x522
kreps,,5445,M537x520S1eb57507x493S1eb5f474x493S22101482x481S22105469x484S22101464x497S22107512x482S22103525x486S22107528x498
kreps,,5861,M556x533S26501506x476S26501522x491S26517479x476S26517465x490S21b00518x467S21b00533x482S21b00470x468S21b00456x482S1eb47537x506S1eb4f445x503S2fb04493x510
kreps,,5862,M535x522S1eb57513x494S1eb5f472x495S22101480x479S22105470x482S22101466x493S22107526x490S22103522x479S22107511x478
kretsloep,,6777,M542x542S1000a459x509S10011491x512S2890e498x500S2890c527x474S28908484x472S2890a500x459
Kristin,,111,AS1c500S26a02S20e00S33e00S31400M561x563S1c500531x532S31400482x482S33e00482x482S20e00516x542S26a02500x536
Kristin,,667,AS1c210S26a02S20e00S33e00S31400M554x563S26a02500x536S31400482x482S33e00482x482S20e00516x542S1c200531x534
kritt,,3256,M533x509S29906501x492S10022467x494
krokodille,,5277,M524x516S17159477x484S17135477x500S20600502x495
krokodille,,5278,M527x520S15359473x480S15336477x505S20600505x492
krokodille,,5355,M523x516S17159477x484S17135477x500S20600501x495
krokodille,,5356,M527x520S15336479x505S15359474x481S20600505x491
krokodille,,5446,M523x516S17159478x485S17135477x500S20600501x496
krokodille,,5447,M525x519S15359475x481S15336477x504S20600503x493
krokodille,,5863,M523x515S17159478x485S17135477x499S20600501x494
krokodille,,5864,M527x520S15336479x505S15359474x481S20600505x493
kromosom,,6778,M515x533S14020486x467S29904500x501
krone,,4814,M536x518S2ff00482x483S15310521x488
krum flate,,3257,M516x520S15a51485x497S2880a494x480
krum flate,,6003,M520x520S15a51480x497S2890a491x481
krum linje,,3259,M514x522S10011487x492S2880a492x479
krum linje,,6004,M518x524S10011482x494S2890a489x477
stolt,kry,222,AS1f510S2c300S33100M569x523S33100482x488S2c300543x494S1f510523x498S30100482x477
stolt,kry,333,AS1f540S2b701S20e00S33200M547x535S33200482x482S20e00527x495S2b701528x468S1f540526x511
stolt,kry,832,AS1f540S2c300S33100S30100M569x523S33100482x488S2c300543x494S1f540523x495S30100482x477
stolt,"kry, overlegen",1015,AS10052S2b701S20e00S33200S30100M552x523S33200482x488S10052522x495S30100482x477S2b701523x461S20e00521x488
krybbe,,931,AS15b20S15b28S22b07S22b11M543x517S15b28486x490S15b20500x490S22b03519x484S22b15457x484
krybbe,,932,AS15b20S15b28S22b07S22b11M543x517S15b28486x490S15b20500x490S22b07519x484S22b11457x484
ku,,1066,AS10020S10028S26500S26510S2ff00M537x518S10028465x467S10020520x468S2ff00482x483S26500523x452S26510460x451
ku,,4785,M558x518S2ff00482x483S28807506x469S2881f473x469S1ef10529x483S1ef18443x484S22104530x467S22104455x468
ku,,4786,M530x518S2ff00482x483S10027509x461S1002f467x462
ku,,4787,M548x518S2ff00482x483S10027509x461S1002f467x462S22a11449x454S22a07535x454
ku,,5688,M558x518S2ff00482x483S28807505x469S2881f472x470S1ef10529x482S1ef18440x482S22104529x470S22104455x470
ku,,5689,M529x518S2ff00482x483S10027508x458S1002f467x459
ku,,5690,M548x518S2ff00482x483S10027508x458S1002f467x459S22a11448x453S22a07535x453
kube,,157,AS15a40S15a48S22a04S22a14S2f900S2f900S15a42S15a4aS22a04S22a14S2f900S2f900M537x544S15a48465x470S15a42488x456S15a4a490x502S15a40522x470S22a14493x520S22a14464x502S22a04523x502S22a04495x473S2f900526x519S2f900497x490S2f900465x518S2f900493x539
kubikk,,5625,M542x537S15a50502x463S15a50486x463S15a40528x510S15a48460x510S23c04519x478S23c1c458x478
kulde,,5743,M525x512S20310510x497S20318476x497S2f900512x490S2f900478x489
kulde,sterk kulde,5744,M525x514S20310510x499S20318476x499S2f920512x487S2f920479x487
kule,,1363,AS15420S15428S2df06S2df1eS34600M522x598S15428479x535S15420506x535S2df06502x574S2df1e479x573S34600482x482
kule,,1889,M542x535S14c50503x466S14c58471x467S14c30503x504S14c38471x504S28800530x494S28818458x495
kule,,1890,M544x537S14c20504x505S14c28474x506S2d506524x491S2d51e457x491S14c00503x463S14c08476x463
kule,,6005,M513x522S1531e488x507S24b00491x478
kurs,,193,AS18501S26a04S30000M533x517S26a04496x463S18501506x443S30000482x482
leksjoner,kurs,614,AS18500S26a03S30000M543x517S30000482x482S18500519x486S26a03508x463
kurs,,5183,M556x518S30007482x483S26a04521x497S18500532x481
kurs-hånd,,5182,M513x508S18510488x493
kurve,,1888,M528x526S10058473x496S10051492x496S20500483x481S29906496x475
kutte,,568,M518x532S17650483x493S15a40504x469S22b04502x502
kutte-av,,7795,M533x537S15a40520x464S15a06491x507S22c04517x495S3770b467x513
kvadrat,,1887,M531x534S20500495x466S20500494x496S24302504x469S2431a469x469S10050507x504S10058476x504
kvadratrot,,1886,M544x519S10058457x489S23f08477x487S22b06502x482S22a04531x492
kvadrere,,1885,M534x564S10e20490x437S2d606509x455S10020519x498S10028467x498S10050505x534S10058482x534S22a00520x531S22a10468x530
kvalitet,,6008,M531x530S15a18478x480S15a12469x488S37710481x505S22a00501x473S22a04517x489S21100518x471S21100502x490
kvartal,,6007,M567x528S36d00479x483S10020528x474S28a0b537x472S2a208513x500
kvarter,,6009,M533x521S15a18467x479S10010483x479S20500476x510S2c300507x483
kvasar,,1245,AS1f540S2c300S20e00S2ff00S15420S2e200S32107M545x601S15420527x529S32107478x548S2e200525x569S2ff00486x416S1f540497x453S20e00521x450S2c300518x463
kveld,"natt, mørkt, mørke",943,AS15a00S28a03S15a02S2ff00M540x551S28a03484x503S15a00528x488S15a02472x539S2ff00482x482
Kvirinius,,869,AS14020S10e20S19220S11a20S19220S11950S19220S11520S2a20cS1f410S22104M612x532S14020387x469S10e20422x469S19220442x480S11a20466x470S19220486x480S11950509x472S19220535x480S11520562x468S2a20c557x504S1f410583x484S22104585x471
kvmari,,4818,M517x527S15a48484x492S10002487x512S26504503x493S21100504x474
kyst,,5385,M521x530S14c21486x470S36d00479x511S28904485x501
kyst,,5626,M529x527S15a1a502x515S37806472x521S2dd04481x496S10013481x474
kyst,,6779,M522x531S28a04487x495S36d00479x509S14c21495x468
L-Hånd,,5167,M512x515S1dc00488x485
labbe-h,,781,AS14c57S14c59S22a04S22a14S26707S26717S22a04S22a14S2fd07M555x547S14c59445x511S14c57488x520S26717484x468S26707524x481S22a04524x515S22a14487x496S22a04540x499S22a14502x483S2fd07524x452
labbe-v,,792,AS14c51S14c5fS22a04S22a14S26701S26711S22a04S22a14M551x540S14c5f484x513S14c51524x493S26711451x478S26701488x460S22a04490x478S22a14449x498S22a04504x489S22a14464x511
ladning,,3260,M520x517S20500489x483S17650481x501S11512490x499
laer,,4494,M520x517S15a1a485x505S1f411490x484S20800480x487
lage,,570,M529x528S15a02499x510S15a06475x516S20f00487x493S26c14471x473S26c04502x472
lager-ressurser,,6780,M540x568S2c602489x446S15a1a461x433S15a50515x448S15a18469x537S15210486x535S26606510x552S26606510x537S22104515x529
laks,,5448,M526x526S1dc40482x475S15a02475x508S2b701507x503
laks,,5449,M542x538S15a1a481x526S15a02515x488S20b00487x511S28a0e475x491S1dc01459x462
laks,,5450,M513x533S1dc40488x503S28308491x467
laks,,5451,M525x516S1dc40475x485S2b701506x493
laks,,5452,M525x516S1dc40475x485S2b701506x493
laks,,6781,M539x539S28a0e481x492S20b00493x512S15a1a487x527S15a02512x478S1dc01462x462
lam,,4788,M543x558S15a16506x471S37806474x477S21100495x454S10e1e513x452S26602458x453S22104494x442S22104473x442S15a40518x513S15a48477x514S22a24497x543
lan,,4515,M519x533S1dc20482x467S26604491x503S22104507x505
land,,1368,AS14c51S2e802S34c00M518x580S14c51484x529S2e802484x565S34c00482x482
land,,3262,M514x515S15a12487x485S2e736489x499
landskap,,3263,M526x514S15a50474x487S29906494x491
landsorganisasjon,,574,M579x537S18518481x522S18510554x522S22a02531x475S22a16512x475S22a02546x488S22a02556x501S22a16500x488S22a16488x502S2fb00521x463S15a12422x507S2e732425x519
Langfinger,,5169,M512x512S12810489x488
langt borte,,3267,M511x533S10040492x503S28308489x468
larm,,3268,M586x518S33010479x483S2830e524x491S20320571x493
larve,,4722,M517x534S15a30484x481S10a57484x501S26600483x466S21600508x497S21b00508x487S21600508x479S21b00509x469
larve,,4755,M517x534S15a30485x480S10a57484x501S26600484x466S21600509x497S21b00508x488S21600508x479S21b00508x470
larve,,4849,M516x533S15a30486x481S10a57485x500S26600485x467S21600507x493S21b00507x485S21600508x478S21b00508x470
larve,,5357,M516x535S15a30488x479S26600486x466S10a57484x502S21600508x494S21b00507x486S21600508x477S21b00507x469
larve,,5453,M517x534S15a30484x481S10a57484x501S26600483x466S21600508x497S21b00508x487S21600508x479S21b00509x469
larve,,5523,M516x533S15a30485x480S26600484x468S21b00507x473S21600508x480S21b00508x489S21600507x496S10a57485x500
larve,,5865,M517x534S15a30486x478S26600484x467S21b00509x469S21600509x477S21b00509x483S21600509x490S10a57485x501
lavtrykk,,3452,M547x541S36d00480x478S36d00479x530S22a04524x467S18210524x459S20350524x508S2f900527x500S22a04525x526
le,,2850,AS1dc01S20600S2ff00M518x538S2ff00482x483S1dc01491x508S20600463x516
le godt,le hjertelig,2851,AS14c02S26a02S14c0aS26a16S33f00M540x603S33f00482x483S14c02509x536S14c0a465x551S26a02520x565S26a16464x576
ledd,,3453,M522x531S22a04497x470S20700494x487S10616478x507S10612496x516
lede,,3454,M539x519S20700477x481S10612482x504S10606462x494S26606509x497
leder,,3455,M540x545S20700477x456S10612480x481S10606460x471S26626510x473S18510492x522S21100486x531
ledning,,3456,M541x551S20700472x449S10612480x475S10606460x467S26626511x465S1000a459x536S1f411476x515S26606511x516
ledning,,3457,M538x522S1f110508x479S1f118465x479S26606508x499S26612463x499S2fb04492x516
ledningsstrenger,,6782,M589x593S36000482x483S2f900501x492S2f900487x492S22b00551x489S22c00551x523S1f440560x571S1f448531x578
legeme,,3460,M511x527S1ce10489x474S22a04490x512
legering,,6783,M543x519S17d10497x482S17d18478x504S2ea10457x491S2ea04528x488
legge fra kai,,7738,M582x518S2ff20476x483S15a36482x467S15a52493x450S20e00523x449S26607538x427S15a4f559x411
legge fram,,201,AS14c02S14c0aS2b800S2b810S14c38S14c30M543x552S14c02511x529S14c0a466x528S14c30519x450S14c38457x447S2b810456x487S2b800519x488
legge til kai,,253,AS15a42S15a5aS26504S2ff20M524x517S2ff20476x482S15a5a487x457S15a42491x440S26504497x415
legge-armen-rundt,,780,AS17102S22a04S33e00S31400S37801S37806M533x572S31400482x482S33e00482x482S37801524x517S37806498x549S17102477x547S22a04518x557
svøpe,"legge-klær-rundt, legge-bleier-rundt",929,AS18511S15a06S2eb00S32104S37806M537x581S15a06492x554S37806456x560S18511509x528S2eb00522x549S32104482x482
legge-ned-i,,930,AS15d37S15d39S2b727S20500S36f20S36f28M544x539S36f20479x461S36f28455x461S15d39475x505S15d37491x507S20500487x528S2b727503x482
leire,,3474,M559x514S16d10504x488S16d18480x488S26a02526x486S26a16461x487S15310544x487S15318441x488
leire,,3476,M540x519S26a02505x492S26a16480x492S21800506x481S21800474x481S15310525x492S15318460x492
trist,"leit, synd",1182,AS10001S22a05S21100S31400M546x532S31400482x482S22a05533x505S21100522x493S10001505x502
PuddelPedia,Leksikon i SignPuddle,612,AS11801S15a18S2ea04M525x516S15a18475x484S11801491x491S2ea04510x486
lengde,,1884,M540x514S15a10479x487S15a18461x487S26606496x495S2f900529x501
større enn,lenger,586,AS10040S10048S26506S26512M544x515S10048485x485S10040507x485S26506529x500S26512456x500
lesdove,,4891,M534x560S32104479x482S33010480x482S11510519x491S36d00478x523S37701520x523S37800527x517S37800481x526S37b0b481x548S15a37488x532
lese,,373,AS15a00S26a02M516x515S15a00504x484S26a02484x488
lese,,428,AS15a00S26a02S32104M518x569S32104482x482S15a00506x539S26a02488x542
lese,,1517,AS15a00S26a02S32104M518x555S15a00503x524S26a02483x528S32104482x482
lese,,4883,M517x515S15a00505x486S26a02483x488
lese,,4884,M539x546S15a00527x517S26a02505x519S32105482x483
lesemse,,4892,M549x544S32105482x483S26a02516x517S15a00537x516
søke,lete,1528,AS11001S11009S2e500S2e51aS30c00M535x591S30c00482x482S11001507x533S11009458x534S2e500503x564S2e51a466x567
lett,,2174,M510x519S15d30491x493S22104491x482
lett,,2175,M515x544S15d30493x457S18030485x529
lett,,3478,M549x520S15a30504x493S15a30482x493S2fb00491x481S22110523x502S22110451x502
lett,,4894,M507x518S15a30495x491S22104494x482
levende,,6784,M527x541S36d00479x459S14c10504x470S14c18474x470S24c10473x506S24c08505x505
levende organismer,,6785,M541x583S36d00479x418S14c10504x429S14c18474x429S24c10473x465S24c08505x464S11851510x563S1185f480x529S21800510x552S21800478x519S26621515x521
lever,,6786,M546x520S36d00479x480S22f00498x493S20f00496x508S1820b529x492
liboc,,4898,M508x508S17610492x492
liboc,,4899,M535x515S18e01466x486S18e01509x489
liboc,,4900,M536x526S14c39465x474S14c31471x499S20e00499x496S26607514x474
lighter,,2193,M509x518S1f502491x494S21800491x483
lighter,,2194,M509x529S1f502492x471S1f802494x511
ligne,,3482,M517x523S20600489x478S10050502x493S10058483x493
ligne,,6010,M519x523S10050504x493S10058482x493S20600488x478
lik,,281,AS10050S10058S20500M517x523S10058482x493S10050502x493S20500493x477
lik,,1883,M532x508S1ef50468x492S26606502x492
like,,545,AS10050S10058S20600M517x522S10058482x492S10050502x492S20600488x477
likesidet,,1882,M521x553S10050506x460S10058483x460S20600491x447S15a12493x506S15a18479x520S21100498x522S22a04497x538
lim,,3484,M525x524S14c03489x476S21100479x498S15a16476x512S26606495x499
lineær funksjon,,210,AS10041S1dc28S22c07M529x529S1dc28471x488S10041508x499S22c07492x471
linje,,154,AS15a40S15a48S26706M540x513S15a48461x486S15a40479x486S26706498x490
linje,,177,AS10002S26706M542x512S10002458x497S26706500x488
linje,,432,AS10050S26706M526x520S10050474x490S26706484x480
linje,,533,AS15a58S15a50S26606S26612M556x514S15a58484x487S15a50504x486S26606526x493S26612444x494
linje,,1881,M554x514S15d50501x487S15d58480x487S26612446x495S26606524x496
linjestykke,,238,AS10050S10059S20500S26706S2f900M555x523S10050481x493S10059446x493S20500473x476S2f900544x488S26706500x482
linjestykke,,424,AS15a40S15a48S20500S26706S15a40S2f900S2f900M547x527S15a48453x485S15a40471x485S26706490x489S20500464x473S2f900536x521S15a40534x485S2f900453x522
linjestykke,,1878,M541x518S15a10477x482S15a18459x482S2f900459x513S26606496x490S2f900530x496
linjestykke,,1879,M533x539S15a10486x461S15a18468x461S15a18468x504S15a10517x504S2f900469x534S2f900517x534S26606503x470
linjestykke,,1880,M533x539S15a10486x461S15a18468x461S15a18468x504S15a10517x504S2f900469x534S2f900517x534S26606503x470
liste,oppregning,866,AS14c02S15d08S22b04S22522S20e00M524x546S15d08477x454S14c02491x490S20e00501x466S22522476x485S22b04508x516
lite,"smått, litt, liten",557,AS1f110S2f900S35b04S32d00M550x542S35b04482x482S32d00482x482S1f110521x518S2f900536x537
liten_bit,lite_stykke,96,AS1f110S35b04S31530M518x548S1f110489x533S35b04482x483S31530489x499
liten,,1472,AS15d40S15d48S35b04S3091cM535x558S35b04483x474S3091c479x514S15d40516x531S15d48467x531
liter,,3486,M514x519S15a16487x507S1dc20488x482
liter,,6011,M514x518S15a16486x506S1dc20490x482
litteratur,,617,AS15a10S15a18S2df04S2df1cS2df04S2df04S26706M544x526S15a10478x474S15a18463x474S2df1c455x504S2df04477x504S26706498x480S2df04523x505S2df04500x504
liv,,441,AS14c00S14c08S24d00S24d18M544x535S14c00520x504S14c08456x504S24d00520x465S24d18456x465
liv,,2546,M530x534S14c10506x503S14c18471x503S24d08506x466S24d10470x466
liv,,3489,M533x535S14c10510x503S14c18467x504S25038511x465S25048468x466
liv,,6787,M530x536S14c10506x505S14c18471x504S25040471x464S25038508x464
livmor,,4215,M536x543S15a50503x483S15a50485x484S2a212466x504S2a20a515x504S36d00478x539S36d00481x458
livmorhalsen,,4216,M536x583S15a50503x442S15a50485x443S2a212466x463S2a20a515x463S36d00478x498S36d00481x417S36d00479x579S22a04493x563S20e00493x549S1f110496x538S15a34479x536
lock - out,,576,M540x525S15a02470x487S15a06461x513S26503474x503S15a22510x501S26607518x475
lock-out,,4217,M518x552S15a02491x449S15a06484x474S26503496x462S15a22482x540S26607486x514
loek,,4495,M521x530S15a16480x518S22a00487x500S1eb26486x471S22100509x505S22104509x489
loek,,4496,M519x529S15a16482x502S1eb26483x505S22a00489x484S22100507x487S22104507x472
loek,,4660,M515x523S15a16486x501S15a40493x496S20c00487x477
loek,,4661,M518x528S15a16482x516S22a00488x498S1eb26488x472S22100505x503S22104506x491
loek,,4662,M518x524S15a16482x501S22a00488x483S1eb26485x500S22100505x488S22104506x476
loek,,4663,M518x580S31900482x483S10000499x506S20e00501x539S22a04500x554S21600502x572
loek,,6473,M514x514S15a40497x487S15a1a487x496
loek,,6474,M523x531S22a00483x497S1eb26484x470S15a16478x519S22100501x503S22120501x493
loek,,6475,M523x531S22a00483x497S1eb26484x470S15a16478x519S22100501x503S22120501x493
loek,,6476,M523x525S22a00483x479S22120501x475S15a16478x501S22100501x485S1eb26480x501
loek,,6477,M518x577S31900482x483S10000498x507S20e00500x540S22a04499x552S21600501x569
loenn,,4497,M538x529S14c0a463x495S10003481x471S2480c500x496S20700520x480S20700520x497S20700520x514
loepe,,4502,M533x541S2fb04490x535S26c04506x519S26c10468x518S10004506x483S1000c482x483S2f730496x460
loepe,,4504,M533x520S2f710493x513S26c00506x500S26c10467x500S20340513x480S20348475x480
loepe,,4505,M533x529S2f710493x522S26c00506x509S26c10467x509S20340513x489S20348475x489S36e00477x471
loese,,4507,M569x516S17650504x486S17650482x486S26512461x488S26506525x488S14c04546x485S14c0c432x485
loesning,,4509,M588x519S17714474x503S1771c498x503S26612441x503S26606523x503S20e00527x493S20e00452x494S14c47561x484S14c4f412x481
loesning,,4510,M569x516S17650504x486S17650482x486S26512461x488S26506525x488S14c04546x485S14c0c432x485
loesning,,5386,M530x535S14c04473x466S14c08470x504S2ea36505x480S2ea12505x500
loesning,,6794,M531x533S14c08470x502S14c04475x468S2ea36506x479S2ea12503x503
loesning,,6796,M525x584S17712483x436S1771e491x460S2ea02476x417S2ea12486x482S2fd06517x445S28807504x564S2881f477x564S16d40507x541S16d48475x542
loev,,4512,M537x522S1eb10468x486S10018464x492S26606499x488S22100498x478S22104525x478
loeve,,4513,M537x544S33b00482x483S14c02506x493S14c0a463x493S26a06521x515S26a12462x517
loeve,,5279,M537x546S33b00482x483S14c02506x495S14c0a463x494S26a06521x519S26a12466x518
logartime,,1876,M538x517S1dc20462x484S17620490x498S1f100509x502
logartime,,1877,M514x530S1dc20489x471S2e50f487x507
lok,,5249,M515x520S15a36486x502S15a40495x493S20c00487x480
lok,,5250,M522x518S15a06480x494S1eb28479x499S22104510x482S22100509x495
lokke,,2187,M512x521S10030488x491S21800494x479
lokke,,2188,M508x536S10030493x464S10630493x510
London,,4219,M576x520S33010479x483S10002527x500S2ea34561x495
longsomta,,3265,M532x522S10000468x492S26606498x490S2f800494x478
lose,,1875,M539x537S16d30505x463S16d38478x463S22b05503x488S22b13473x488S15a00527x510S15a00461x510
lov,,1234,AS15a12S15a20S26504S20b00M520x523S15a20487x496S15a12479x477S20b00506x505S26504506x485
lov,,4220,M533x515S20b00484x497S26502503x496S15a50521x488S15a18467x486
lover,,82,AS15a12S15a20S20500S20500M517x523S15a20491x496S15a12483x477S20500507x497S20500507x512
lovprise,prise Gud,994,AS15a10S15a18S22b20S32100M556x518S15a10544x488S15a18531x488S32100482x483S22b20536x453
luft,,537,AS15a02S15a06S22114S22114S2ff00M554x517S2ff00482x482S15a06448x501S15a02525x502S22114445x489S22114528x488
luft,"luftetur, tur",1461,AS15d00S15d08S22104S22104S34600S3091cM547x526S34600484x474S15d00528x495S15d08452x493S3091c479x515S22104460x479S22104528x482
luft,luftetur,1469,AS18200S18208S22104S22104S34600S3091cM546x525S34600485x475S3091c479x514S18200523x506S18208456x505S22104459x494S22104532x491
luft,,1511,AS15a01S15a07S22113S22115S2ff00M552x525S2ff00482x482S15a07452x501S15a01523x502S22113533x488S22115450x487
luft,,3493,M556x518S2ff00482x483S15a02524x497S15a0a449x498S22130524x487S22130446x488
luft,,3494,M547x528S2ff00482x483S15a01522x489S26a04520x514
luft,,3495,M541x548S2ff00482x483S15a00522x504S26a04514x534
luft,,4221,M542x542S2ff00482x483S15a00523x495S26a04515x528
luft,,4222,M546x542S2ff00482x483S15a01523x496S26a04515x528
luft,,5745,M540x539S2ff00482x483S15a00522x495S26a04513x525
luft,,5746,M547x537S2ff00482x483S15a01524x497S26a04516x523
luft,,6585,AS18007S26a04S2ff00M564x535S2ff00482x483S18007524x510S26a04537x495
luft,,6788,M554x518S2ff00482x483S15a02523x495S15a06452x495S22130448x485S22130522x485
luftfilter,,589,M637x540S2ff00482x483S15a01522x489S26a04512x516S14c09583x496S14c01599x499S22a05624x526
luftfilter,,3496,M547x594S2ff00482x483S15a01524x494S26a04513x518S22a05522x580S14c09487x556S14c01497x557
luftfilter,,3497,M547x594S2ff00482x483S15a01524x494S26a04513x518S22a05522x580S14c09487x556S14c01497x557
luftputbane,,4223,M537x524S26702495x476S26706495x488S18551463x488S37806466x517S15a06499x512
luftputebane,,3498,M535x526S26702487x475S26706489x489S18251466x497S37806477x519S15a06508x514
Lukas,Lukas stavet,1126,AS1dc20S11520S2a20cS14020S1f720S1f420S22104M578x532S1dc20422x468S11520459x468S2a20c456x504S14020482x468S1f720521x482S1f420549x482S22104551x472
Lukas-evangeliet,Lukas budskap,1127,AS10011S10019S26607S26611S34600M544x547S34600482x482S10019466x517S10011513x517S26607522x490S26611456x486
luke,,4224,M527x524S1ef11473x498S22117495x488S22f07506x477
lukke-,,6789,M521x524S20500495x479S26502506x477S26516479x477S15a10502x497S15a18486x497
lukke-celle,,6790,M543x565S20500496x437S26502507x435S26516480x435S15a10503x455S15a18487x455S1f117505x521S1f11f475x521S28a14458x529S28a0c526x528
lukke-celler,,6791,M521x568S20500495x434S26502506x432S26516479x432S15a10502x452S15a18486x452S16d10490x530S16d18485x548
lukte,,3499,M518x576S33200482x483S25d00493x523S10000486x546
lukte,,4225,M518x591S33200482x483S25e00493x523S10000487x561
lun,lunt,4226,M542x518S2ff00482x483S14c02494x483S26506527x487
lun,lunt,4227,M539x518S2ff00482x483S14c02462x479S21100495x483S26606509x482
lun,lunt,5747,M542x518S2ff00482x483S14c02493x484S26506527x489
lunge,,4229,M541x524S36d00479x476S21100500x491S22a04500x509S18211516x485
lungebetennelse,,4230,M544x576S36d00480x424S21200487x436S22a04501x454S22a14486x454S18211519x428S18219457x427S36d00479x514S14c02507x529S14c0a460x529S20700487x561S26502510x560S26516468x561
lunger,lungene,4232,M544x576S36d00480x424S21200487x436S22a04501x454S22a14486x454S18211519x428S18219457x427S36d00479x514S14c02507x529S14c0a460x529S20700487x561S26502510x560S26516468x561
lunkent,,3500,M517x521S15a40505x494S15a36483x505S26502484x488S26506494x479
lunkent,,4233,M520x521S15a40508x494S15a36486x508S26506493x480S26502480x489
lupe,,3501,M518x570S30104482x477S32104482x488S23108487x531S1ea40486x549
lupe,,4234,M518x575S32104482x488S30104482x477S2f800480x527S23108488x534S1ea40485x554
lur,luring,4236,M543x519S33010479x483S10a20517x493S2b700523x468
lus,,4238,M530x527S1ea40504x474S1ea48476x473S2a214471x498S2a20c507x499S20500495x516
lus,,4850,M528x526S1ea40501x474S1ea48476x474S2a20c505x497S2a214473x498S20500495x491
lus,,5524,M526x534S1ea40500x468S1ea48477x467S2a214474x501S2a20c503x501S20500495x523
lyd,,3502,M585x518S33010479x483S26602527x491S14c20562x483
lyd,,4240,M584x518S33010479x483S26602525x492S22520525x474S14c20561x481
lykt,,3503,M517x535S14c20494x466S26500498x501S22100484x510S17720493x520
lykt,,3995,AS17757S26500S15251M514x536S17757492x517S26500497x496S15251487x464
lykt,,4241,M519x539S14c20496x461S26500498x499S17727498x520S22100481x502
lymfocytter,,6792,M532x563S36d00479x437S20600479x446S3780a462x437S22f00477x458S15a02475x476S16d10489x524S16d18485x543S20600510x541
lyn,,3504,M527x523S10021473x477S2450b493x494S2f710515x490
lyn,,4242,M527x524S10021473x477S2450b494x495S2f710515x487
lyn,,5748,M529x528S10021472x472S2460b493x491S2f710517x491
lyng,,4243,M547x526S17717503x507S1771f474x507S26612464x485S26606503x485S22100535x475S22100511x474S22100475x475S22100454x475
lyr,,5454,M518x538S15a48483x503S10002488x523S21100501x505S2dd06499x462
lyr,,6793,M517x537S15a48483x503S10002487x522S21100501x506S2dd06499x463
lys,,3505,M531x552S33b00482x483S10010487x522S2c601512x517
lys,,3615,M517x535S14c20494x466S26500498x502S17720492x520S22100484x498
lys,,3616,M542x521S36d00479x517S22100528x501S17712527x478
lys,,3617,M531x528S15a02504x516S15a06470x516S28910486x484S28908497x484S22100509x473S22100479x473
lys,,4486,M518x537S26500499x498S17727498x518S14c20495x463S22100483x501
lys,,4487,M528x549S33b00482x483S10010487x519S2c601509x519
lys,,4488,M539x519S36d00479x515S22104527x505S17712524x480
lys,lyst,4489,M529x532S15a02502x520S15a06472x520S28a10487x481S28a08498x481S22100509x468S22100479x470
lys,solen lyser,4490,M557x518S2ff00482x483S15713519x461S17711538x443
lyse,,3618,M564x518S2ff00482x483S26203521x464S17711545x444S22100514x461
lyse,sola lyser,5749,M560x518S2ff00482x483S22100513x461S17711541x446S26203517x463
lyskvant,,3619,AS17720S26500S22100S14c20S1f110S2f900M543x535S14c20467x466S26500472x501S17720466x520S22100457x505S1f110514x498S2f900525x486
lyskvant,,4491,M518x572S17727495x484S14c20493x429S26500497x464S22100482x468S1f110489x557S2f900492x549
lyst pa,,4492,M521x531S36d00479x470S15a02487x479S21100496x494S22a04496x510S2f804483x520
lytte,,1110,AS15a20S26502S33010M557x518S33010479x483S15a20524x484S26502542x494
lytte,,1111,AS15a20S33010M535x518S33010479x483S15a20523x485
lytte,,1112,AS17120S33010M532x518S33010479x483S17120515x483
lytte,,3620,M536x518S33010479x483S17120519x484
lytte,,4493,M535x518S33010479x483S17120518x483
lyve,,531,AS10011S22a03S20e00S33b00M527x547S33b00482x482S10011506x502S20e00491x523S22a03480x533
lyve,,563,AS10011S22a03S20e00S35c00M529x546S22a03482x532S10011508x501S20e00493x522S35c00482x482
løfte,,587,AS16d40S16d48S2f900S2f900S22b20M526x531S16d40508x500S16d48473x500S2f900477x526S2f900512x526S22b20492x468
løgn,,309,AS10011S22a03S20e00S35c00M529x546S22a03481x532S10011508x506S20e00492x522S35c00482x482
lørdag,,1076,AS1dc20S22f03M518x527S1dc20494x474S22f03482x506
løse,,3621,M563x516S17650502x493S17650481x493S26512461x494S26506522x494S14c04540x485S14c0c437x484
løsning,,3622,M529x535S14c04475x465S14c00471x504S2ea3a504x481S2ea12503x501
løsning i væske,oppløsning,5843,AS14c04S14c08S2ea36S2ea12M531x535S14c04473x466S14c08469x504S2ea36506x476S2ea12506x499
m,,4516,M510x513S18d50490x488
M,,4517,M514x517S15a36487x484S18c50489x487
m-gram,,4518,M531x551S18d50489x449S15a30512x505S15a30476x504S23100505x534S23110470x534
ma,,4925,M547x530S11500507x476S11508480x470S23600508x511S23614454x502S2fb04489x524
Madagaskar,,4519,M524x523S15a12483x496S15a16477x511S21100511x507S2e732486x477
mage,,4520,M542x526S36d00479x522S21100494x499S26606512x499S15a02463x500S36d00479x474
magen-vokse,,921,AS14c04S14c0cS26600S26610S32a00S36d00M549x580S32a00480x482S36d00479x522S14c04505x549S14c0c470x549S26600533x529S26610455x527
mager,,35,AS19218S22b04S21100S2f900S35b04S32c00M518x587S35b04482x482S32c00482x482S19218480x534S2f900504x530S21100502x538S22b04494x557
mager,,4522,M518x594S36000482x483S32c00482x483S1921f492x533S21100494x563S22a04495x579
mager,,4524,M521x540S36d00479x464S10010501x460S10018483x460S21100495x494S22b24494x510
mager,,4525,M518x578S32c00482x482S36000482x483S1ec26491x521S22b04489x548
magnesium,,6797,M533x523S22b20504x478S22b20480x478S18514467x508S1851c508x508
magnet,,2573,M532x526S10059469x475S26501497x488S1ec47509x500
magnet,,2574,M520x516S15a18481x489S17d10497x496S21800500x484
magnet,,2575,M529x520S15a18471x491S17d10487x499S21800511x481S26a06515x493
magnet,,2576,M523x526S17710501x475S17718481x475S26a12478x494S26a06509x494S2f900494x521
magnet,,3623,M521x525S17710500x476S17718480x476S26a12479x496S26a06507x495S2f900494x520
magnet,,3624,M519x517S15a18481x490S17d10496x495S21800498x483
magnet,,3625,M530x518S15a18470x489S17d10485x497S26a06512x491S21800512x482
magnet,,3626,M529x526S10059471x474S26501496x489S1ec47506x500
magnetiske poler,,3627,M536x545S17710503x456S17718482x456S26a12480x473S26a06509x473S2f900496x498S10017506x524S1001f465x523
magnetisme,,3628,M521x525S17710501x475S17718481x475S26a06506x494S26a12479x494S2f900493x520
magnetisme,,3629,M519x517S15a18481x490S17d10496x497S21800497x484
Magnus,,1419,AS20310S20500S34c00M533x529S34c00482x482S20310518x502S20500508x518
mai,,1081,AS18001S20500S20500M523x519S18001484x481S20500477x507S20500513x508
mai,vår,1143,AS17706S16d48S22b00S21300S14c00M522x545S16d48477x498S22b00503x491S21300477x526S17706503x525S14c00499x455
makk,,4723,M535x521S26601466x483S21600483x480S21600489x488S21600496x496S10a51502x501
makk,,4756,M536x519S10a51503x499S26601465x482S21813482x481
makk,,4851,M535x521S26601466x483S21600483x480S21600489x488S21600496x496S10a51502x501
makk,,4852,M535x521S26601466x483S21600483x480S21600489x488S21600496x496S10a51502x501
makk,,5455,M538x522S10a51505x502S21813482x481S26601463x478
makk,,5525,M535x520S10a51502x500S26601466x488S21813480x480
makk,,5866,M536x520S10a51503x500S26601465x488S21813482x480
makrell,,5456,M568x522S36d00479x478S14e03504x494S14e0b469x494S21100532x504S21100457x506S28807548x494S2881f432x497
makrell,,5457,M567x521S36d00479x480S14e03540x489S14e0b432x493S21100502x507S21100487x507S28807518x496S2881f463x497
makrell,,6798,M571x522S36d00479x479S14e03507x494S14e0b468x494S21100534x503S21100456x505S28807551x494S2881f432x496
makrell,,6799,M568x521S36d00479x479S14e03541x493S14e0b434x493S21100502x503S21100486x503S28807518x495S2881f462x495
maksimum,,3630,M518x530S18210495x515S18218482x470S22b00494x480
maksimum,,3631,AS18218S18210S22b00S20500M516x536S20500495x472S22b00492x487S18210493x521S18218485x464
maksimum,,6012,M516x529S22b00495x480S18210493x514S18218484x472
maksimum,,6013,M516x537S20500497x472S22b00494x488S18210493x522S18218485x463
makulere,makulatur,2644,AS14c04S14c0cS22f04S20f00M513x534S14c0c490x466S20f00487x507S22f04487x520S14c04487x477
male,,3632,M517x517S21100504x494S20312484x483S20316484x502
male,,6031,M555x510S1eb10470x490S1eb18445x490S26706497x494S2f900544x500
malm,,3636,M520x523S18c54505x478S20e00507x511S2880e480x491S20316483x506
malm,,6800,M537x511S28814485x489S2880c502x489S16f17520x489S16f1f464x489
mamma,,759,AS10012S20600S33100M544x517S33100482x482S10012502x502S20600522x485
mandag,,1071,AS18c00S20600S30004M539x550S18c00491x520S30004482x482S20600517x515
mane,,5754,M531x513S10021501x492S2e30a470x488
mane,,5755,M564x525S36d00479x521S22104506x505S22100507x474S2890c524x479S1eb20540x474
manet,,5458,M523x537S37806484x475S14c04477x475S2fa00483x463S22100481x512S22100509x511S22a00481x522S22a00510x521S26506493x515
manet,,5867,M523x537S37806484x475S14c04477x475S2fa00483x463S22100481x512S22100509x511S22a00481x522S22a00510x521S26506493x515
mange,massevis,595,M577x519S14c30504x481S14c38470x481S26706535x489S26712423x488S23404532x505S23414430x504
mange-mange,massevis,161,AS14c08S14c00S22a04S22a14S26506S26512S22a04S22a14M560x531S14c00513x470S14c08471x468S22a04515x515S22a04547x516S22a14476x514S22a14439x516S26506533x501S26512454x500
Maria,,913,AS20310S20500S2ff00M535x517S20310520x502S2ff00482x482S20500522x487
mark,,4724,M535x521S26601466x483S21600483x480S21600489x488S21600496x496S10a51502x501
mark,,4757,M536x519S10a51503x499S26601465x482S21813482x481
mark,,5359,M534x515S10a51501x495S22101487x491S26601466x485
mark,,5459,M537x521S10a51504x501S21813482x480S26601464x479
mark,,5460,M537x521S10a51504x501S21813482x480S26601464x479
mark,,5868,M535x521S26601466x483S21600483x480S21600489x488S21600496x496S10a51502x501
mars,,1079,AS1851cS18514S26606S26612S22104S22104M568x511S1851c543x495S18514431x496S22104445x489S22104542x489S26612462x490S26606506x491
martin,,5809,M524x518S2ff20476x483S21100494x487S26504493x502S14418487x449
maskin,,3638,M525x524S14c01499x477S14c09475x477S28804500x502S2881c487x501
masseproduksjon,,604,M618x532S14c30461x478S14c38431x478S26706490x486S26712383x486S23404488x502S23414391x501S14c01592x469S14c09563x469S28805596x494S28805596x512S2881d562x493S2881d560x512
mat,,1036,AS18507S22a01S33b00M536x556S33b00482x482S18507505x518S22a01523x542
mategnir,,5811,M552x526S2fb00491x501S22b03510x502S22b15466x502S10011531x475S10019449x475
matematikk,,448,AS11500S11508S23600S23614S2fc04M542x543S11500504x464S11508474x457S23600503x509S23614458x502S2fc04488x532
"matematikk, tysk-TS",,78,AS14c08S14c00S23604S23614S22130S22130S22130S22130S33b00S34c00M543x601S33b00466x482S14c00514x548S34c00498x482S23604504x584S23614452x583S22130506x538S22130507x533S22130458x537S22130458x532S2fb04490x573S14c08461x546
material,,5326,M525x525S17714476x510S1771c505x510S21100508x493S21100482x493S26520507x476S26520481x477
maur,,4853,M538x525S36d00479x476S37700479x481S37703478x503S15311489x492S22527499x482S26501525x481
maur,,4854,M532x531S15a50468x488S14e50468x500S20e00511x488S22520500x501S26500510x470
maur,,4855,M543x537S15057504x507S1505f469x509S22520507x491S22520463x493S26611457x463S26607521x463
maur,,5360,M548x535S15057507x505S1505f470x507S22502509x490S22502472x490S26607526x468S26611453x466
maur,,5526,M529x535S36d00479x465S37606476x467S15301489x499S22527501x489S26501516x481
maur,,5527,M531x528S15a50472x485S14e50469x497S20e00508x491S22520499x506S26500506x472
maur,,5528,M544x536S22520460x491S22520507x492S15057513x508S1505f462x508S26607522x466S26611456x465
med,,988,AS15a51S15a37M512x514S15a37487x486S15a51489x491
meditere,"meditasjon, TM, trancendental",1533,AS1ce30S1ce38S22f04S22f14S2f804S31600M561x568S1ce30534x512S1ce38444x514S22f04536x550S22f14442x551S2f804481x557S31600482x482
medlem,,54,AS18252S17d48S20700M525x523S20700507x506S17d48476x508S18252492x478
meiose,,6801,M549x567S22b03502x440S22b15472x440S10011528x433S10019451x434S15a02472x547S15a48480x540S20f02503x540S26a06518x539
meitemark,,6802,M531x525S10a12505x510S26701470x477S21600504x490S21b00496x482S21600489x475
mekaniker,,606,M563x544S15a06437x458S15a06481x457S20600483x471S20600438x472S10e40485x484S10e50442x485S2a208461x516S1ed26544x471S22a04545x501
mekanikk,,3640,M526x523S14c01500x477S14c09475x477S28804502x501S2881c487x501
mekanisk,,3641,M527x523S14c01501x477S14c09474x477S28804504x501S2881c486x501
mekanisk,,6803,M524x550S15a48476x462S15a48478x523S11502491x467S11522494x529S20500486x451S20500491x520
meklingsman,,610,M557x534S10a10477x468S10a18443x468S26c02476x498S26c12444x498S2fb04460x528S1ed26538x467S22a04539x497
melk,,13,AS20340S20348S22a04S21600S22a14S21600S2fd00M526x535S20340511x517S20348474x520S21600478x506S21600513x502S22a04510x482S22a14476x487S2fd00485x465
melk,,1016,AS1f520S22a04S21100S30006M545x543S30006482x482S1f520521x490S21100520x509S22a04521x528
melk,,1018,AS1f510S26504S33d00M543x540S33d00482x483S1f510494x525S26504529x499
melke,,280,AS20340S20348S22a04S21600S22a14S21600S2fd00M526x535S20340511x517S20348474x520S21600478x506S21600513x502S22a04510x482S22a14476x487S2fd00485x465
mellomstor,,1413,AS14c40S14c48S26c02S26c1aS33b00M548x588S14c40524x517S14c48454x518S26c02524x558S26c1a461x561S33b00482x482
men,,960,AS10002S1000aS20500M533x509S1000a466x491S10002503x491S20500496x498
mengde,,1874,M518x522S15340503x497S15348482x497S20710484x479
mengde,,3642,M543x514S26a02506x487S26a16482x487S16d10526x489S16d18458x490
mengde,,6014,M546x514S26a02510x487S26a16475x487S16d10529x490S16d18454x489
messing,,3643,M527x559S10041485x529S10049473x529S20b00484x511S10019473x468S1eb10488x467S26507514x441S21100499x453
metabolisme,,6804,M531x528S36d00479x473S17610494x492S17618495x512S21800513x496S21800474x517
metall,,3644,M518x526S20c00483x475S11541494x499S11549482x498
metall,,3645,M522x522S20c00487x478S18c41496x496S18c49479x496
metall,,3646,M519x525S20c00488x475S10041498x495S10049482x495
metall,,6805,M518x522S11541494x494S11549483x495S20c00489x479
metanol,,6806,M526x538S18d50488x421S30004482x483S1f510494x523S20e00514x514
metanol,,6807,M527x545S18d50488x421S30004482x483S1f510494x523S20e00514x514S22a04514x530
meteorologi,,3647,M522x573S14c20462x428S36d00479x471S2880a494x437S20700501x506S26500503x525S14c40498x542S14c0a463x502
meteorologi,,5750,M521x583S36d00479x458S14c20452x418S28a0a481x425S14c40491x552S14c0a458x510S26500496x532S20700495x514
meter,,3648,M525x524S36d00479x477S20500515x489S20500476x489S1771e473x504
meter,,3649,M521x521S36d00479x480S37b09476x482S37701476x496S20500482x487S20500487x510S17711500x498
meter,,3650,M541x520S37706461x511S1000a485x505S20500500x491S20500460x494S28802476x483S1eb11514x481
meter,,6015,M521x522S36d00479x478S20500510x487S20500480x487S1771e477x502
meter,,6016,M521x525S36d00479x475S3770a470x478S37702471x501S20500481x485S20500484x508S17711497x493
meter,,6017,M541x522S1000a490x507S37806460x513S20500501x494S20500466x499S1eb11514x483S28902473x478
metode,,3651,M529x556S15a0a481x444S10e40484x445S15a40504x498S15a48471x498S22a24476x532S22a24516x531S26626489x540
metode,,6018,M534x573S15a06473x428S10e40477x433S15a40494x522S15a48466x523S22a24479x558S22a24521x558S26626492x551
mettet loesning,,6808,M544x594S36d00479x406S15a1a482x415S15a12485x469S22b00488x432S14c04490x527S14c08483x563S2ea36519x542S2ea12515x564
middels åpning,,5186,M509x510S16d10492x490
midlertidig,,3652,M539x524S15a18461x480S10020478x477S20500470x513S2c400499x478
midnatt,,3653,M543x559S36d00479x497S15a10494x471S26c06493x441S36d00479x541S28903502x532S2891b474x532S15a00531x513S15a00459x513
midtpunkt,,3654,M514x519S15a36487x507S10014498x482
midtpunkt,,6019,M514x518S15a36487x506S10014497x483
mikrofon,,3655,M518x543S30104482x477S33b00482x488S20310491x528
mikroskop,,3656,M521x570S30104482x477S32104482x488S17600505x508S17600505x533S2f003498x550
mikroskop,,6809,M545x567S32104482x483S17610493x524S17614493x545S26900515x523S26914515x549S2fb06539x538
mikroskopisk,,6810,M543x600S32104480x426S17610491x467S17614491x488S26900513x466S26914513x492S2fb06537x481S32c00484x539S1f110499x585S36000484x539
mil,,3657,M527x532S26700492x468S1f400498x516S1f408474x517
mil,,3658,M512x534S10010488x504S28308490x467
mil,,6020,M526x534S1f400497x518S1f408474x519S26700494x467
mil,,6021,M513x533S10040488x503S28308491x467
mild,,3659,M527x518S2ff00482x483S14c01470x475S26606497x481
mild,mildt,5751,M530x518S2ff00482x483S14c01471x481S26606500x486
miljoe-gifter,,6811,M518x551S14c12480x386S2e706484x414S36a00482x477S20500495x520S1f510492x536
miljø,,3660,M530x531S14c50505x500S14c58471x500S2ea3a505x482S2ea42471x482S2fb00494x470
miljø,,3661,M513x526S14c50488x495S2ea3a488x475
miljø,,3662,M514x516S15a12486x484S2e736489x500
miljø,,5752,M530x530S14c50505x499S14c58472x499S2ea36505x478S2ea42471x478S2fb00494x471
miljø,,5753,M513x526S14c50488x495S2ea3a488x474
miljølære,,3663,M538x518S15a50476x408S2e736495x411S30000482x483S26a04499x469S26a14473x469S18500514x458S18508461x458
miljølære,,6812,M544x518S15a50480x373S2e736497x372S30000482x483S26a04505x470S26a14471x469S18500520x457S18508460x458
milligram,,3664,M530x552S18d50489x448S15a30510x503S15a30479x503S23100504x535S23110471x535
milligram,,6022,M529x551S18d50486x449S15a30480x502S15a30508x502S23100503x534S23110472x534
millimeter,,3665,M526x527S22104491x474S26506492x484S18d50475x502S18d50506x502
millimeter,,3666,M549x543S36000482x483S1f117526x513
millimeter,,6023,M523x528S26506491x486S18d50503x503S18d50477x503S22104491x472
millimeter,,6024,M549x533S36000482x483S1f117526x503
mindre,,101,AS15a11S15a19S22b03S22b15M553x523S15a19469x500S15a11506x500S22b15447x477S22b03529x479
mindre,,416,AS15a12S15a16S22a04M515x530S15a12485x492S15a16488x518S22a04494x470
mindre - enn,,480,AS10018S10010S22a03S22a15M542x518S10010473x488S10018510x487S22a15457x482S22a03529x481
mindre-enn,,1873,M531x572S10010516x429S10018469x428S22b03505x465S22b15471x465S15a20478x504S15a50498x545S2880b491x522S15a06502x504S20e00508x504
mine,,1014,AS15d01S20600M513x518S15d01487x483S20600491x507
mineraler,,6813,M566x584S20e00490x434S22b04488x449S20310489x416S20318473x451S15050503x553S15058471x553S26612434x560S26606536x559S22520515x533S22520455x534
mineralstoffer,,6814,M546x582S22b04490x453S20310492x419S20318474x459S20e00493x439S17746502x562S1774e482x562S26612455x543S26606516x543S21200507x531S21200466x531S22110508x523S22110468x522
president,minister,106,AS1ef17S22b05S21100S36d00M549x542S36d00479x459S1ef17523x512S22b05496x485S21100483x474
minke,,3667,M513x512S18210490x489S22a04487x497
minke,,6025,M512x512S18210489x489S22a04488x497
minutter,,3668,M539x515S15a18461x488S10020480x485S2c400499x488
minutter,,3669,M531x516S20602486x492S15a18469x489S1c510501x485
minutter,,6026,M537x517S15a18463x484S10020478x486S2c400497x494
minutter,,6027,M530x517S15a18471x490S20602486x492S1c510500x483
mitokondrie,,6815,M525x543S20710481x458S14c01499x482S14c09475x483S28805503x508S28805503x523S2881d475x507S2881d475x522
mitose,,6816,M550x599S14c30505x402S14c38470x402S22a04511x441S22a04537x442S22a14475x439S22a14451x439S26506523x431S26512461x430S16d10493x496S16d18491x513S15a02486x578S15a48493x572S20f02517x571S26a06532x569
mm,,3670,M522x523S26506496x509S18d50479x477S18d50502x477
mm,,6028,M523x523S18d50478x478S18d50503x479S26506497x509
SMS,mobiltelefon,623,AS16d30S21800M511x516S16d30493x485S21800488x508
mobiltelefon,,1491,AS10110S2ff00M534x517S10110518x479S2ff00482x482
mobiltelefon,,1492,AS10110S20600S2ff00M537x529S10110518x479S2ff00482x482S20600515x518
modell,,3671,M546x524S15a50503x476S15a50485x476S2fb04493x511S29213454x497S2920b520x497
modell,,6029,M553x525S15a50502x476S15a50486x476S29313447x488S2930b519x488S2fb04492x519
moden,,3672,M529x520S2fb00493x481S22120507x493S22120472x492S17d14471x505S17d1c506x505
moden,,5247,M530x515S17d1c506x500S17d14470x500S22120508x490S22120471x490S2fb00493x485
moden,,6478,M529x518S2fb00492x483S22101507x490S22101481x490S17d14472x503S17d1c506x503
moden,,6479,M529x518S2fb00492x483S22101507x490S22101481x490S17d14472x503S17d1c506x503
moderasjon,,3673,M515x521S18210492x479S22a04490x488S15a16485x509
Molde,,1405,AS18201S26606S21100S22104S2ff00M559x518S2ff00482x483S26606502x490S21100488x490S18201534x490S22104530x485
Molde,,1415,AS15a02S26506S20e00S1f702S2ff00M558x517S26506522x488S15a02485x488S1f702543x483S20e00516x479S2ff00482x482
molecule,,5317,M540x512S17718461x497S18c12486x495S2ef00522x488
molecule,,6508,M538x510S17718463x492S18c12485x493S2ef00520x490
molecule,,6509,M542x512S18c12490x492S18c1a458x497S2ef00524x488
molekyl,,3674,M538x512S17718463x497S1f410487x495S2ef00520x489
molekyl,,3675,M539x510S17718461x494S18c12486x494S2ef00521x490
molekyl,,3676,M578x514S2fb04492x508S15310517x486S15318467x487S2c400538x487S2c414422x489
molekyl,,6817,M570x514S2fb04491x507S15310511x488S15318472x488S2c400530x487S2c414431x490
moment,,6030,M532x521S20340503x480S37700509x496S2f900521x485S2d600469x488
Monica,oerering,5336,M565x530S33010479x483S2ef00518x510S10011544x499
monosakkarider,,6818,M513x577S10000493x423S2ea32487x457S1ea40490x523S26b02495x550
monster,,3688,M519x531S14c0a481x472S29204483x470S14c20496x500
mor,,758,AS10012S33100M532x517S33100482x482S10012502x502
moral,,611,M527x543S36d00479x457S15a40512x466S15a48475x466S21100512x496S21100474x496S22b04511x513S22b14473x512
mord,,20,AS1f521S20500S36a00M536x528S36a00482x477S20500504x517S1f521514x498
mormor,,1842,M553x518S2ff00482x483S20e00486x485S26506499x485S11502523x488
mormor,,5582,M553x518S2ff00482x483S26506504x486S20e00488x487S11502523x488
morsomt,,412,AS14c12S26706S22520S2ff00M566x522S2ff00482x482S26706490x501S14c12535x499S22520528x481
morsomt,,526,AS14c12S26706S22520S30004M560x560S22520482x547S26706518x522S14c12483x521S30004482x482
moske,,1399,AS16d10S1f50aM508x523S1f50a493x499S16d10491x478
motor,,3678,M555x525S10004509x475S1000c479x479S23604516x497S23610446x502S2fb04495x519
motor,,3679,M530x527S10004509x474S1000c478x478S23108504x509S23118471x510
motorsykkel,,8022,AS17650S17654S23004M552x514S17654449x488S17650504x486S23004527x496
november,"motstand, tele",1086,AS15a42S15a48S26a02M533x515S15a42483x494S15a48467x484S26a02519x488
motstand,,3680,M539x515S15a48462x486S15a02480x494S20602512x489S26a06525x488
motstand,,3681,M520x606S35000482x488S30104482x477S15a02486x548S20500497x564S2f900509x566S11540488x576
mulig,,3682,M514x530S15a02487x494S10000490x500S22b00495x470
potensiell,mulig,3886,M514x534S15a02487x498S10000489x504S22b00495x466
mulighet,,3683,M514x531S15a06487x496S10000486x501S22b00491x470
multiplisere,,1872,M524x515S15a18476x487S10012494x500S20600496x486
O-munn,munn-O,802,AS34400M518x517S34400482x482
munn-symbol,,31,AS33b00M518x517S33b00482x482
munner,,1859,M604x574S36400397x431S36410400x481S36420399x539S35f10485x429S35f20484x480S36800562x427S36900559x482
mur,,3684,M514x538S15a02487x462S20b00495x475S26600495x491S20340495x523
musikk,,3685,M581x527S33010479x483S26602525x493S22520538x479S14c20558x496
muslim,,660,AS15a30S15a30S22b04S22b14S30104S35300S37100S37150S2fb04M557x632S15a30450x561S15a30542x561S30104484x477S37100479x533S22b04541x602S22b14448x599S2fb04490x626S37150471x533S35300484x488
musling,,4726,M521x518S17111501x490S1711e499x501S20600479x482
musling,,5361,M523x516S17111503x485S1711e501x499S20600477x488
musling,,5461,M523x514S17111503x487S1711e503x497S20600477x491
musling,,5869,M524x515S17111504x488S1711e498x498S20600476x485
my,,3686,M513x515S19b11488x495S22100494x485
mygg,,4856,M594x518S30006482x483S20500522x495S26602536x493S1dc21564x483S22104550x469
mygg,,4857,M587x518S30006482x483S26602555x498S1f410521x500S20500521x483S22124565x488
mygg,,4858,M549x518S2ff00482x483S20b00500x494S1f410520x501
mygg,,4859,M525x522S15a1a475x510S1f451486x489S22a03512x478
mygg,,5529,M595x518S30006482x483S20500520x496S26602535x493S1dc21565x486S22104553x478
mygg,,5530,M584x518S30006482x483S1f410517x501S20500520x485S26602554x500S22124562x487
mygg,,5531,M546x518S2ff00482x483S1f410517x500S20b00501x494
mygg,,5532,M525x522S15a1a476x510S1f451484x489S22a03512x479
myk,,3687,M532x521S2fb00493x480S22120510x493S22120469x493S17d14468x506S17d1c509x506
myr,,5627,M530x513S17d14473x498S17d1c506x498S22114504x487S22114470x487
myr,,5628,M521x533S2f900495x468S15a50508x476S15a50480x476S22a04508x506S22a14479x505S2fc04493x522
må,"måtte, skal, skulle, være nødt til",863,AS20350S22a04S2f900M514x518S20350486x482S22a04486x503S2f900503x506
må,skal,864,AS20340S22a04S2f900M514x518S20340486x482S22a04486x503S2f900503x506
måle,,3691,M552x510S26606506x494S2f900541x498S1eb10477x491S1eb18448x491
måle,,3692,M565x544S30c00482x483S10011533x514S2880a543x502
måle,,3693,M516x522S15a0a485x501S10011487x492S2880a494x479
måler,,3694,M515x522S10011485x492S2880a493x478
sol,"solen, sola, måne, månen",1371,AS10011S2e307S32107M581x518S32107482x483S10011560x456S2e307531x448
måne,månen,1373,AS10011S2e307S34900S32107M581x518S32107482x483S10011560x456S2e307531x448S34900482x483
måne,månen,1374,AS1eb20S28a0cS1ed17S1eb37S34900S32107M578x518S32107482x483S34900482x483S1eb20543x427S1ed17553x456S1eb37542x479S28a0c533x438
måne,månen,1375,AS1eb20S28a0cS1ed17S1eb37S32107M578x518S32107482x483S28a0c533x438S1eb20543x427S1ed17553x456S1eb37542x479
måne,,3695,M530x512S10021500x490S2e30a470x489
måne,,3696,M564x525S36d00479x521S22100513x491S22104513x502S2890c530x485S1eb20540x474
Møre,,1188,AS15d50S26503S21100S15d39M527x520S15d39477x481S15d50473x493S26503501x494S21100514x480
natt,"mørkt, mørk, mørke",944,AS15a00S15a00S28a03S28a1bS15a02S15a0aS2ff00M539x548S28a1b483x501S15a00527x486S15a0a494x536S2ff00482x482S15a00456x488S15a02475x536S28a03485x501
mørk,,3689,M518x525S15a02486x464S2ff00482x483S22c04493x483
mørkt,,3690,M544x521S28903502x494S2891b472x494S15a00532x479S15a00456x480
møte,,530,AS10010S10018S26602S26616S20500M540x526S10018482x473S10010502x473S20500494x511S26602510x510S26616459x508
N-2,,3697,M530x523S11953470x477S2a208485x494S11500515x493
N-2,,6819,M526x532S2df04489x499S11923475x468S11500511x502
naer,,6036,M514x522S26500494x493S15a02487x478S15a02487x510
naerings-,,6832,M526x547S33b00482x483S17716494x527S22a00513x517
naerings-kjeder,,6833,M563x597S34700482x483S26a03524x492S17700543x485S17630439x580S17610450x581S17614489x581S17630498x581S17630535x581S17610543x581
naerings-salter,,6834,M561x596S34700482x483S26a03523x492S17700541x482S16d21512x563S22f03499x575
naerings-stoffer,,6835,M558x604S34700482x483S26a03521x495S17700538x484S17734490x588S1773c529x589S21100506x573S21100524x572S22500525x558S22500507x557
naeringsopptak,,6836,M524x675S33b00482x483S17716494x526S22a00511x515S22b00493x615S17742493x591S15203488x649
nar,,1866,M514x526S15a06487x474S26500494x493S18210489x511
narlingsliv,,622,M579x540S14c01450x495S14c09422x495S28804452x518S2881c435x517S14c10555x501S14c18522x501S24d08555x461S24d10521x462
Nasaret,,895,AS11950S1f720S1f420S22104S1f720S11a20S14a20S1f220M599x516S11950400x490S1f720432x499S1f420458x500S22104463x488S1f720493x499S11a20523x484S14a20546x499S1f220569x496
natt,,3698,M543x521S36d00479x505S28903503x494S2891b473x494S15a00531x478S15a00458x478
natur,,3699,M526x514S15a50475x487S29906494x491
natur,,3700,M511x521S20330489x480S20350496x486S21100496x507
naturfag,,3701,M523x541S20330486x460S20350492x466S21100491x483S15a02496x528S15a06477x529S20f00486x513
naturfag,,6820,M531x580S15a50488x420S2e736483x451S14c02500x519S14c0a470x524S26c00504x547S26c10470x550S20f00487x568
naturfag,,6821,M531x573S20312489x447S20316489x464S2e736483x428S14c02499x512S14c0a470x514S26c00504x539S26c14470x544S20f00488x561
naturlig,,3702,M511x520S21100495x506S20330489x480S20350496x486
naturlig logaritme,,1871,M547x542S1dc00467x512S20300502x485S20320482x468S2fb07512x459S2e508496x515S2e510524x473S2e508453x458
naturlig seleksjon,,6822,M527x588S20312490x432S20316490x450S2ea36486x413S2fc00492x501S10041506x524S10049474x523S22a04495x566S22a04512x573S22a14478x572
naturlig seleksjon,,6823,M566x582S20312491x436S20316491x454S2ea36487x418S2fb00492x513S26616467x523S26616500x523S26616434x522S26602459x535S26602494x535S26602528x535S15a50554x555S15a50435x554
naturlig utvalg,,6824,M527x588S20312490x432S20316490x450S2ea36486x413S2fc00492x501S10041506x524S10049474x523S22a04495x566S22a04512x573S22a14478x572
naturvern,,3703,M531x548S15a50483x453S29906499x460S15a00491x521S15a00470x521S2d500475x508
naturvern,,3704,M529x544S14c50471x457S29906497x468S15a00471x517S15a00497x517S2d500479x504
navn,,95,AS11500S20500S30004M523x549S30004482x482S11500489x519S20500513x517
navn,,1019,AS10001S15a06S26506S21100M531x518S15a06470x483S10001475x488S26506516x481S21100502x482
nebrytere,,6825,M587x514S15340499x489S15348486x489S26712439x493S26706519x494S17740567x494S17748414x494S22104532x487S22104458x488
nedboer,,5756,M566x524S36d00479x520S14c50506x482S14c58472x482S22b04532x488S22b04550x487S22b14455x486S22b14439x485S2fb00495x475
nedbrytere,,6826,M562x530S20350438x472S20350457x472S26726483x470S2a210462x502S2a208481x501S2a210514x501S2a208539x501
negative tall,,1869,M554x550S1f521491x450S1f529447x450S22f04484x477S22f14451x477S11e28467x519S20500461x510S20500477x506S20500493x525S29201498x505S10012524x535
negative tall,,1870,M591x530S15a06425x485S18257437x492S20f00409x501S22f04410x516S37b00482x486S11e28510x490S20500503x480S20500521x475S20500535x498S29201535x471S10012561x503
nei-vennlig,,962,AS10010S26c02S33e00S32103M523x565S33e00482x483S10010486x525S32103482x483S26c02508x538
nek,,6480,M531x528S2fb00494x472S28911470x479S28909504x478S16d40504x508S16d48482x508
nerveceller,,6828,M535x566S36d00479x435S37700480x440S37703480x463S26601487x444S14c11509x467S22527511x447S16d18492x530S16d10499x546S20600513x534
nerver,,6827,M535x530S36d00479x471S37700480x476S37703480x499S26601487x480S14c11509x503S22527511x483
nerver,,6829,M556x528S36d00479x473S37700480x479S37703482x503S14c51505x502S20f00530x507S22520490x486S23800534x478
neste,,5833,AS10a10S28400S33200M545x535S33200482x483S10a10522x509S28400523x474
nett,,3705,M543x524S14c01495x476S14c09479x476S20e00494x500S22b05519x500S22b13458x499
nettopp,,396,AS10000S20500S35b05S32105S37000M527x557S35b05475x482S32105475x482S20500516x530S10000497x527S37000474x516
nettopp,,795,AS1820fS20500S35b05S32105S37000M527x554S35b05475x482S32105475x482S20500516x530S37000474x516S1820f496x529
newtonmeter,,3706,M514x537S15a36487x464S11550492x466S18d50494x512
nikke,,334,AS20324S23004M524x511S20324476x488S23004499x493
nikke,,796,AS20324S23004S30114M551x560S20324505x537S23004526x542S30114482x477
nikke,,980,AS30114M518x523S30114482x477
nitrogengass,,3707,M529x526S11953472x475S2a208482x496S11500514x496
nitrogengass,,6830,M527x527S2df04485x501S11923473x474S11500512x497
nummer-3,"nummer-tre, no-3",1339,AS11e10S2df00S11e00S33200M518x600S33200482x482S11e00487x570S2df00486x543S11e10488x504
nr1,"nummer1, nummer én, no1",1320,AS11510S2df00S33200S10000M518x594S33200482x482S11510498x502S10000491x564S2df00493x534
nummer2,"nr2, nummer to, no2",1321,AS11510S2df00S33200S10e00M518x592S33200482x482S11510498x502S2df00493x534S10e00496x562
nummer3,"nummer tre, no3",1322,AS11510S2df00S33200S11e00M520x595S33200482x482S11510498x502S2df00493x534S11e00497x565
noetter,,6481,M588x530S33b00482x483S1ea10520x508S2c400548x507
noeyaktig,,6037,M514x540S15a36487x485S15a40494x513S21100492x490S26600491x461
noeyaktighet,,6038,M519x541S15a40488x460S2f900489x489S22b04487x497S15a16482x529S26500505x493S21100505x510
noeytral,,6039,M514x524S15a02486x477S15a06487x500S22b04492x494
noeytral,,6040,M526x517S15a02474x500S15a00482x490S26606496x484
noeytral,,6041,M539x522S18252503x478S1825a484x478S20500496x507S26606509x505S26612462x506
noeytralisasjon,,6837,M549x514S15a50501x487S15a50485x487S26602519x494S26616451x494
noeytralisasjon,,6838,M516x542S15a52489x493S15a56485x509S26604498x459S26510497x527
noeytralisering,,6839,M549x514S15a50504x487S15a50488x487S26602519x496S26616452x496
noeytralisering,,6840,M514x541S15a52486x492S15a56487x509S26604496x460S26510496x526
noeytron,,6841,M522x517S15a48479x484S11941494x496S2f900496x489
noeytron,,6842,M525x522S15a16476x510S11943483x478S20600503x500
nord,,3708,M521x530S36d00479x515S15a10502x503S25e00500x469
nordlys,,5757,M547x518S2ff00482x483S14c20524x446S2830e476x453
Norge,norsk,797,AS11950S24509M520x523S11950479x497S24509491x477
Norge Tegnskrift,Tegnskrift i Norge,1473,
Norge Tegnskrift Logo,,1527,AS1eb10S24509M516x523S24509487x478S1eb10483x504
Norge-detaljert,,798,AS11950S24509S11520S11950S11520M531x544S11950468x505S24509486x490S11950501x518S11520489x456S11520516x458
Norge_tegnskrift,tegnskrift (i) Norge,1522,
normalfordelingskurve,,276,AS10050S28807S28a0aS28805S2f804M543x532S2f804487x519S28a0a488x468S28807468x482S28805523x489S10050458x502
Norwegian Sign Language Alphabet,,1416,
Norwegian Sign Language Numbers,,1439,
nysgjerrig,nosy,628,
nuetron,,5313,M540x529S2b705498x474S15a48474x502S20500490x513S19219468x477S22100460x500S11911512x472
nuetron,,5316,M522x516S15a48478x484S11951491x497
null,,1868,M508x508S17610492x492
null,,1954,M508x508S17610492x492
null,o,3760,AS1d510M511x515S1d510490x486
null,,4928,M508x508S17610492x492
null,,6146,M508x508S17610492x492
null-punkt,,3709,M514x533S17600490x467S15a12487x506S10018497x503
null-punkt,vanlig-tempertatur,6032,M514x550S17600491x450S15a12487x521S10018497x520
null-punkt,,6034,M526x563S17600474x438S15a12499x518S10018479x501S37800485x531
nummer,,1323,AS11510S2df00S2f700S33200M518x567S33200482x482S11510498x502S2df00493x534S2f700499x560
nummer,,1867,M518x581S33200482x483S10010493x522S2df06488x557
NY,,5017,
ny,nytt,1259,AS11510S26500S33200M536x533S33200482x482S11510499x503S26500522x498
ny pg. 1,,5158,
NY pg. 2,,5159,
nydelig,,2133,AS1ce10S1ce18S29507S2951fM564x516S1ce10514x485S1ce18471x486S29507539x487S2951f437x487
nyfiken,nysgjerrig,372,AS1ee10S20e00S26500S1f410S33100M527x517S33100482x482S1ee10496x487S20e00515x474S26500513x452S1f410498x431
nysgjerrig,"stikke-nesen-i, nyfiken",619,AS1ee10S1f410S26700S33100M546x518S33100482x483S1ee10520x491S26700494x433S1f410502x425
nyre,,6831,M538x582S2ff20476x482S15d32511x511S36d00481x561S20600502x571
nysgjerrig,stikke-nesen-i,620,AS1ee10S1f410S26700S22104S22104S33100M546x518S33100482x483S1ee10520x491S26700494x433S1f410502x425S22104511x467S22104511x452
nysgjerrig,stikke-nesen-i,621,AS1f410S26700S22104S2fb02S33100M528x518S33100482x483S22104494x413S26700491x434S1f410499x426S2fb02482x420
nyttår,,1261,AS11510S26500S33200S1fa10S2e834M563x533S33200482x482S11510499x503S26500522x498S1fa10522x476S2e834547x471
nå-smil,,762,AS10004S33e00S31400M518x567S33e00482x482S31400482x482S10004496x537
når?,,1043,AS11300S1dc00S21100S22220S30c00S2f700M552x521S11300528x491S1dc00528x491S21100518x492S30c00482x483S22220519x481S2f700523x468
nær,,3710,M514x522S15a02487x479S15a02487x510S26500496x493
nærkrefter,,3711,M516x539S15a06489x461S15a02484x490S26500493x474S20310490x524S2f920493x512
nødt,,1247,AS1f540S26500S20e00S2ff00M541x544S2ff00482x482S20e00514x517S1f540493x520S26500527x510
nødt,,1316,AS1f540S26500S20e00S34400S21404M534x544S34400482x482S26500520x506S20e00521x527S1f540494x520
nødt,,1389,AS1f540S26500S20e00S2ff00M534x542S2ff00482x482S26500520x504S20e00521x525S1f540494x518
nødt,,1390,AS1f540S26500S20e00S34400M532x543S1f540492x519S26500518x505S20e00519x526S34400482x482
nøyaktig,,3712,M514x539S15a40490x512S15a36487x487S21100490x494S26600489x462
nøyaktighet,,3713,M520x543S15a40488x457S15a16481x531S2f900489x489S22b04486x497S21100506x511S26500506x495
nøytral,,3714,M514x529S15a02487x472S15a06487x501S22c04492x487
nøytral,,3715,M531x514S15a00477x487S15a02469x494S26606501x491
nøytron,,555,AS11911S19209S2b700S22a04S15a18S20500M523x533S22a04496x489S19209477x474S15a18480x500S20500496x522S2b700498x467S11911495x510
O,,323,AS17610M508x508S17610492x492
O,,799,AS1d510M510x514S1d510489x485
O,,800,AS16c10S16c18S20500S20500M519x525S16c18481x488S16c10499x488S20500495x514S20500495x474
o-2,,3716,M526x524S17610474x477S2df00489x489S11500511x494
O-2,,6843,M524x527S17618477x473S2df04491x488S11500509x497
o-3,,3717,M534x519S17610467x481S2df00487x490S11e00511x489
o-hånd,,5157,M511x515S1d510490x486
O-hånd,,5188,M508x508S17600492x492
O-munn-hånd,,295,AS17610S34400M541x541S34400482x482S17610525x525
O-skjell,,4727,M518x545S17610493x455S17147502x525S1714f483x525S20600490x508
O-skjell,,4728,M518x545S17610493x455S17147502x525S1714f483x525S20600490x508
O-skjell,,5462,M518x539S17610492x461S17147502x519S1714f482x518
O-skjell,,5463,M545x518S17610455x498S17147529x498S1714f510x498S20600518x483
O-skjell,,5877,M518x549S17610491x451S17147502x528S1714f482x529S20600490x515
O-skjell,,6845,M519x544S17610491x456S17147503x523S1714f482x524S20600489x509
Obama,,1392,AS17610S28a02S14402S22b06M536x526S28a02483x475S22b06499x505S17610520x484S14402463x504
observasjon,,6042,M554x583S32104482x483S15a36487x548S10e30492x553S23404517x536
observasjon,,6846,M551x580S32104482x483S15a36486x544S10e30489x550S23404514x531
observere,,1064,AS10e50S22a04S22a04S31400M570x555S31400482x483S10e50524x500S22a04523x538S22a04557x540
observere,,3718,M518x564S32403482x483S26a01472x522S10e00490x534
Odd,,652,AS18210S26602S20e00S2ff00M539x522S2ff00482x482S26602469x500S20e00501x502S18210516x507
oeke,,6139,M512x518S18210489x503S22a00492x483
oeke,,6140,M541x527S2fb04492x521S26506506x510S26506526x510S26512479x510S26512460x510S15310509x474S15318480x474
oekende,,6141,M541x527S2fb04492x521S26506506x510S26506526x510S26512479x510S26512460x510S15310509x474S15318480x474
oeko-system,,6577,M539x607S14c50478x394S2e736478x429S15a10514x484S15a18462x484S22a24488x512S15a02478x564S15a02478x595S22a26524x579
oekologi,,6578,M538x518S15a50478x366S2e736495x362S30000482x483S26a04502x469S26a14472x469S18500514x458S18508462x459
oerken,,5805,M523x529S21200478x498S15a13486x471S15a30511x497S26a04478x515
oerret,,5499,M549x532S33010479x483S1f400520x502S20700512x517
oerret,,5500,M541x533S33010479x483S1f407520x503S20800525x494
oerret,,5501,M543x528S33010479x483S1d417518x503S20800526x490
oerret,,6579,M543x530S33010479x483S1d417518x505S20800524x489
oesters,,4749,M528x513S17111508x487S1711e505x496S22100473x487S22104488x487
oesters,,4750,M521x529S1715a497x511S17159486x491S2dd08479x472
oesters,,5373,M528x513S17111508x487S1711e505x496S22130472x488
oesters,,5502,M527x514S17111507x486S1711e503x497S22104488x489S22100473x489
oesters,,5503,M521x529S1715a497x511S17159486x489S2dd08479x472
oesters,,5889,M521x524S17138479x498S17137501x504S2dd08479x477
oesters,,6580,M522x524S17138478x498S17137498x504S2dd08480x476
oey,,5654,M511x526S10004490x474S2ef04491x508
oey,,5655,M513x518S17630493x482S2e732488x502
offisiell,"offentlig, åpne dobbeltdører",1204,AS15d02S15d0aS2df08S2df10S15d40S15d48M549x529S15d48451x472S15d40530x473S2df08526x508S2df10453x508S15d0a472x491S15d02501x492
også,samme,884,AS11540S11548S22a04S22a14M528x528S11548472x473S11540513x474S22a04513x513S22a14476x511
også,,885,AS11540S11548S22f04S22f14M536x527S11548471x473S11540512x474S22f04511x513S22f14464x513
ohm,,3723,M522x542S1000a486x479S16d12493x458S20b00492x521S15a40510x515S15a18478x513
ohm,,3724,M515x518S1000a485x503S16d12490x483
ohm lov,,3725,M522x542S1000a486x479S16d12493x458S20b00492x521S15a40510x515S15a18478x513
ohm motstanda,,3721,M538x541S1000a469x479S16d12474x459S15a02480x521S15a48463x514S20500511x521S26502523x519
okende,,1914,M553x522S15340503x497S15348483x497S20700491x478S26606523x502S26612448x502
okse,,1065,AS1ce02S20800S33200M520x542S33200482x482S1ce02475x520S20800510x522
okse,,4789,M518x557S33200482x483S20800496x522S1ec16492x534
okse,,4790,M544x525S33200482x483S20800529x490S1ec16525x502
okse,,4791,M528x518S2ff00482x483S1de20506x463S1de28473x463
okse,,5691,M518x555S33200482x483S20800496x520S1ec16492x532
okse,,5692,M551x536S33200482x483S20800537x501S1ec16532x513
okse,,5693,M526x518S2ff00482x483S1de20504x469S1de28473x468
oksid,,3722,M526x537S34400482x483S17610510x521
oksid,,6847,M523x536S34400482x483S17610507x520
oksygengass,,3935,M526x525S17610474x475S2df04489x488S11500511x495
oksygengass,,6848,M523x525S17610477x475S2df04488x492S11500508x495
oktett-regel,,3936,M519x543S11e00490x458S15a12482x505S15a20490x512S20602509x519
oktett-regel,,6849,M517x552S11e00489x449S15a12483x514S15a20491x521S20602507x528
oktober,slakte,1085,AS17610S20600S2ff00M542x517S17610492x483S20600520x487S2ff00482x482
oktober,,1153,AS14c50S22a04S22a04S2ff00M547x539S2ff00482x482S14c50523x471S22a04529x506S22a04529x524
Ole,,1432,AS1f410S22204S31400M550x517S31400482x482S1f410521x496S22204521x487
olje,,3940,M524x516S1dc01501x484S28803476x496
Omh,,3719,M515x518S1000a485x503S16d12490x483
omh lov,,3720,M522x542S1000a486x479S16d12493x458S20b00492x521S15a40510x515S15a18478x513
omkrets,,486,AS1d410S1d428S20500S28a09S28a0bS28a0dS28a0fS20500S2f804S2f900M548x553S1d428453x481S1d410488x481S20500481x494S28a09483x448S28a0f479x506S28a0b517x455S28a0d519x499S2f804495x542S20500481x482S2f900457x513
omkrets,,579,AS1eb27S1eb2fS2e40eS20500S2f900M533x531S2e40e500x469S2f900466x526S20500488x482S1eb2f470x495S1eb27501x501
omkrets,,3950,M526x532S10012496x496S10018490x502S2e30e475x469
omkrets,,6043,M522x531S10018487x501S10012492x497S2e30e478x469
omkrets-av-en-sirkel,,189,AS10050S10059S20500S2e402S2f900S2f900M536x536S10050499x494S10059464x494S20500491x477S2e402503x464S2f900463x521S2f900500x531
omrade,,6044,M531x531S20500495x503S20500495x520S2d606509x503S2d61e470x503S10004503x469S1000c481x469
område,,871,AS14c51S2d608M532x519S14c51468x493S2d608503x481
område,,2894,AS14c51S2e80aM516x522S2e80a484x507S14c51489x478
område,,3951,M529x531S10004503x469S1000c483x469S20500495x502S20500495x520S2d506509x506S2d51e471x505
omvendt,,6045,M514x533S10030490x468S1005f486x473S2a22c491x507
onkel,tante,1068,AS10041S10049S26a05S20e00M525x529S10049475x483S10041487x485S26a05504x508S20e00475x471
onkel,tante,1069,AS11541S11549S26a05S20e00M526x529S26a05505x508S20e00476x471S11549473x488S11541485x488
onsdag,,1074,AS1ce10S22f04M513x528S1ce10491x472S22f04487x514
oppdage,,3952,M542x525S31400482x483S22100523x483S1f417521x495
opphoyet,,1865,M528x535S10020513x465S10028472x465S22a00514x500S22a10473x499S10050503x505S10058479x505
opplysning,,3954,M546x518S30007482x483S22a07514x474S22100502x466S1dc20522x443
opplønsning,,3955,M570x516S17650504x490S17650483x490S26512461x491S26506526x491S14c04547x484S14c0c431x485
opplønsning,,3956,M590x516S17714478x497S1771c501x497S26612444x497S26606525x497S20e00531x484S20e00458x486S14c46559x492S14c4e410x492
oppmerksom,,3957,M539x518S31400482x483S1f410510x493S22100516x479
oppmerksomhet,,3958,M539x518S31400482x483S1f410510x493S22100516x480
oppramsing-1,,1115,AS10051S14c39S20500M520x524S14c39482x484S10051490x503S20500479x476
oppvarming,,3959,M531x518S15a1e504x441S22a00513x424S2ff00482x483S15002462x481S26606497x486
ordbok,ordliste,609,AS1f017S15a00S20500S20500M525x518S15a00488x481S20500475x496S20500476x485S1f017502x488
ordbok,,805,AS1f017S15a00S15a00S2df04S2df1cS1f017S15a08S20500S20500M527x574S15a00484x537S20500473x535S20500472x549S1f017490x544S1f017504x426S15a00484x463S15a08498x463S2df04498x495S2df1c476x495
ordliste,,806,AS1f017S2f900S2920cS20500S20500S15a00M528x532S15a00484x498S20500473x499S20500472x513S1f017502x468S2920c498x501S2f900517x499
organeller,,6850,M525x569S16d10495x432S16d18487x454S20500509x455S17d27490x543S22a00495x521S22a01476x532S22a07512x535
organisasjon,,188,AS18210S18218S22a02S22a16S22a02S22a16S22a02S22a16S2fb00M550x542S18210527x527S18218451x526S22a02525x505S22a02515x489S22a02506x471S22a16460x508S22a16467x489S22a16477x471S2fb00492x458
organisasjon,,631,M549x537S18518451x522S18510524x522S22a02501x475S22a16482x475S22a02516x488S22a02526x501S22a16470x488S22a16458x502S2fb00491x463
organisk kjemi,,6851,M545x586S36d00479x415S15a02504x423S15a06471x423S20e00495x439S22b24494x454S17610529x543S17618464x562S28a02494x529S28a1a482x550S2fc00498x575
organismer,,6852,M535x524S2fb00493x476S22114506x486S22114465x481S11551508x499S1155f467x493
orkan,,3961,M521x528S20310489x477S20318471x472S36d00479x509S28925483x503S2f900483x495
orkan,,5758,M521x530S28a2d466x500S36d00479x507S2f900487x493S20310496x474S20318478x469
orksan,,3960,M521x528S20310489x477S20318471x472S36d00479x509S28925483x503S2f900483x495
orm,,4860,M539x511S10012509x496S2dd00461x490
orm,,5533,M539x515S2dd00462x486S10012509x500
oscilloskop,,3962,M529x520S10050489x490S1ec18471x481S2920a498x481
Ose-Hånd,,5180,M509x510S17110492x490
Oslo,,5,AS17610S2e400S34400S34400M532x583S34400468x482S34400496x482S17610493x530S2e400488x550
Oslo,,98,AS1f510S26504S36a00S34400S34400M544x541S34400468x477S34400496x478S36a00496x477S1f510508x526S26504530x511
Oslo,,508,AS10011S26501S20500S34400S34400S36a00M551x559S34400468x477S34400496x478S36a00496x477S10011515x518S26501538x546S20500526x513
Oslo,,540,AS10011S26501S36a00S34400S34400M555x552S34400468x477S34400496x478S36a00496x477S10011521x516S26501542x539
osmose,,6853,M532x534S14c0a470x487S14c10493x503S20700468x516S26f00492x467
Otto,,653,AS18210S26a02S20e00S2ff00M539x530S2ff00482x482S18210516x507S20e00501x502S26a02488x503
overalt,,971,AS14c52S2d608S32402S32400S32406M548x567S32402451x484S32400482x482S32406512x482S14c52441x543S2d608485x539
overflate-hinne,,3963,M566x540S15a50481x460S2ea36497x464S1d410504x512S1d418467x512S26612435x521S26606536x521
overflate-hinne,,6854,M566x544S15a50487x456S2ea36502x460S1d410503x515S1d418467x516S26606536x524S26612434x524
overflate-spenning,,3964,M540x548S15a50461x452S15a50467x457S15a50464x521S15a50516x521S26706498x464S20e00482x466S2f900516x512S2f900464x511
overflate-vann,,6855,M540x593S22520488x407S14c11460x425S26706493x431S14c1a509x463S37806477x474S17712502x518S26504503x544S14c04499x562S22104518x545
overflatehinn,,5388,M569x541S15a50484x460S2ea36500x464S1d410506x513S1d418466x513S26612431x522S26606539x522
overgangs-,,3965,M537x514S15a40487x487S15a48464x487S26606507x495
overgangs-,,6856,M539x514S15a40479x487S15a48462x486S26706497x494
oversikt,,3966,M554x526S10e50524x485S32104482x483S22b04538x496
oversikt,,6047,M561x528S32104482x483S10e50525x489S22c04545x486
oversoemmelse,,5759,M561x528S14c57507x499S14c5f465x501S28309533x473S28311440x475
oversvoemmelse,,5629,M556x528S14c57505x499S14c5f469x501S28309528x473S28311444x475
oversvømmelse,,3967,M563x530S14c57512x497S14c5f469x503S28309535x471S28311438x471
oy,,5235,M513x522S10004488x479S2ef04493x504
oy,,5236,M513x518S17630493x483S2e732488x502
ozon,,3968,M534x527S17610467x474S2df04481x490S11e00511x497
ozon,,6857,M531x518S17610470x482S2df04483x496S11e00508x488
P,,1536,M513x511S10551488x489
pa-tjukken,,3999,M570x528S32c30485x495S2ff00452x483S2fb04491x522S33010506x483S10a20544x493S2b700551x471
padde,,5362,M536x528S2fb04493x522S22f04511x508S22f14465x510S14c50511x472S14c58466x472
padde,,5363,M515x537S15a12488x508S22f00490x523S20500499x495S1d606486x464
padde,,5464,M534x527S2fb04493x521S22f04509x507S22f14467x508S14c50510x473S14c58466x474
padde,,5465,M518x565S36a00482x477S20500495x524S15a12487x536S22f00489x551
padde,,5870,M535x527S2fb04492x521S22f04510x509S22f14466x509S14c50511x474S14c58467x475
padde,,5871,M518x567S36a00482x477S20500496x525S15a12487x538S22f00490x553
paere,,3988,M525x536S1ed16481x495S1000c476x464S22b04509x497S22100511x487S22104511x529
paere,,6487,M528x540S1ed16476x496S1000c472x461S22b04504x497S22100506x487S22120506x533
pang,,3969,M552x518S33000476x483S17710532x492S17718447x492S22100523x481S22100465x481S2f710524x470S2f710465x470
pappa,,761,AS10012S26a06S21100S33b00M551x534S33b00482x482S10012502x511S21100496x519S26a06537x507
par,,3970,M523x523S1ec52478x477S10e08483x493S20700505x488S22100509x478
par,,6046,M522x524S1ed52478x477S10e08482x494S20700504x498S22100506x490
parabel,,39,AS10040S1dc28S22b00S2880aS22b04M541x540S1dc28458x475S10040486x510S2880a510x460S22b04525x477S22b00496x471
parabel,,150,AS10040S1dc28S22b04S28806S22b00M527x541S1dc28472x487S10040495x511S28806496x491S22b04490x459S22b00511x458
parabel,,368,AS14240S1dc28S22b04S28806S22b00M528x543S1dc28472x485S22b00511x456S28806496x489S22b04490x457S14240498x513
parabel,,503,AS1c347S1dc28S22b04S28806S22b00M535x536S1dc28466x493S22b00505x464S28806490x497S22b04484x465S1c347510x511
parabel,,1945,M518x522S10050483x492S28c0a490x479
parabel,,1946,M523x522S14221477x479S28c06495x501
parabel,,4825,AS10041S1dc28S28d06M538x525S1dc28462x485S10041517x495S28d06487x475
paralell,,3971,M517x526S10010502x496S10018484x496S26620492x475
paralell,,6048,M517x531S10010502x501S10018483x501S26620493x469
paralellkobling,,3972,M522x554S10010501x469S10018483x469S10a10504x528S10a18480x528S26620492x447S20500495x513S26502507x511S26516478x512
paralellkobling,,6049,M525x578S10010501x453S10018482x453S26620492x423S26502510x531S26516475x531S20500495x533S10a10503x552S10a18483x552
parallell,parallelle linjer,1,AS10040S10048S26700S26710S2fb00M524x547S10048480x517S10040505x517S26700508x465S26710475x466S2fb00492x453
parallell,,473,AS10020S10028S26700S26710S2fb00M526x546S10028474x516S10020511x516S26700508x466S26710475x467S2fb00492x454
parallell,,1942,M535x524S15a50487x476S15a50466x496S26616482x508S26606505x484S2fb05518x505
parallell,,1944,M533x512S14221467x489S26606503x492
parallelle plan,,114,AS15a50S15a58S26702S26712S2fb03M542x527S15a50530x500S15a58505x472S26702481x509S26712457x477S2fb03458x506
parallelle plan,,1021,AS15a12S15a1aS26720M515x551S15a12485x505S15a1a488x539S26720494x448
parallellogram,,224,AS15a12S15a1aS2f900S2f900S15a11S15a1fS2f900S2f900M547x538S15a11514x491S15a1f466x490S15a12483x474S15a1a489x516S2f900493x462S2f900493x533S2f900536x491S2f900453x506
parallellogram,,232,AS10050S10058S22c06S22c05S22c02S22c15S20500M552x548S10058471x518S10050494x517S20500458x456S22c15449x471S22c06476x453S22c02486x487S22c05519x466
parallellogram,,409,AS10050S10058S23a05S2411bS24102S23a1aS20500M560x540S10058501x510S10050519x510S20500476x460S23a05492x460S2411b441x461S24102521x483S23a1a471x488
paralleogram,,1943,M541x526S15a11518x490S15a12486x474S15a1a489x514S15a1f459x492
parasitt,,3806,M572x550S32c00482x483S15a12538x518S13f17549x520S20800547x505S2f900547x499
parasitt,,3807,M520x523S15a50481x478S11552490x481S20500496x505S2f900495x518
parasitt,,3808,M537x514S15a50463x487S14c52471x489S21100506x494S26506522x494S22104521x487
parasitt,,3809,M518x521S15a50483x480S13f10489x491S20800493x511
parasitt,,4729,M519x573S32c00482x483S15a1a486x539S13f17496x543S20800484x555S2f900485x567
parasitt,,4730,M520x524S15a50481x476S11552490x481S20500494x505S2f900494x519
parasitt,,4731,M538x514S15a50463x487S14c52473x490S21100507x496S26506523x497S22104522x488
parasitt,,4732,M519x520S15a50482x481S13f10490x493S20800493x510
parasitt,,4758,M518x587S32c00482x483S15a12484x555S13f17495x557S20800493x542S2f900493x536
parasitt,,4759,M520x523S15a50481x478S11552490x481S20500496x505S2f900495x518
parasitt,,4760,M537x514S15a50463x487S14c52471x489S21100506x494S26506522x494S22104521x487
parasitt,,4761,M519x520S15a50482x481S13f10490x493S20800493x510
parasitt,,4861,M572x550S32c00482x483S15a12538x518S13f17549x520S20800547x505S2f900547x499
parasitt,,4862,M520x523S15a50481x478S11552490x481S20500496x505S2f900495x518
parasitt,,4863,M518x521S15a50483x480S13f10489x491S20800493x511
parasitt,,5466,M522x573S32c00482x483S15a1a488x537S13f17499x542S20800488x555S2f900487x568
parasitt,,5467,M518x527S15a50482x474S11552488x480S20500490x508S2f900489x522
parasitt,,5468,M539x515S15a50461x488S14c52470x489S21100506x495S26506524x494S22104519x485
parasitt,,5469,M519x520S15a50482x480S13f10490x494S20800490x510
parasitt,,5534,M521x578S32c00482x483S15a12487x546S13f17498x548S20800496x533S2f900496x527
parasitt,,5535,M520x523S15a50481x478S11552490x481S20500496x505S2f900495x518
parasitt,,5536,M537x514S15a50463x487S14c52471x489S21100506x494S26506522x494S22104521x487
parasitt,,5537,M518x521S15a50483x480S13f10489x491S20800493x511
parasitt,,5872,M521x574S32c00482x483S15a1a488x539S13f17498x541S20800488x556S2f900488x569
parasitt,,5873,M518x524S15a50483x477S11552488x484S20500494x506S2f900493x519
parasitt,,5874,M537x515S15a50464x485S14c52472x491S21100507x496S26506522x495S22104520x486
parasitt,,5875,M519x520S15a50482x481S13f10490x494S20800493x510
parentes,,1941,M531x530S10020515x471S10028470x471S28814469x508S2880c519x508
park,,3810,M540x535S14c10461x466S37700472x497S15a1a463x523S26726498x509S2e230509x473
parre,,3811,M520x522S11850480x481S11858497x478S20600488x511
partiker,,5630,M530x525S14c50474x494S22520470x476S26606500x502
partikkel,,3812,M540x522S17710488x483S1000a461x490S20700478x507S2c300514x479
partikkel,,3973,M542x519S17710488x481S1000a459x489S20700480x504S2c300516x483
partikler,,3813,M546x522S17710481x483S1000a454x490S20700471x507S2c400506x478
partikler,,3814,M518x605S36000482x483S15a40495x543S15a36489x577S20f00491x577S26a04490x591
partikler,,3974,M546x518S17710483x482S1000a454x490S20700475x503S2c400506x483
partikler,,4762,M533x524S14c50471x493S22520467x476S26606503x500
partikler,,5470,M533x524S14c50472x493S22520467x476S26606503x499
partikler,,5878,M533x525S14c50471x494S26606503x503S22520468x476
partikler,,6858,M531x523S14c50472x492S22520469x477S26606501x503
partner,,3815,M519x518S1f510504x482S1f514482x482S2e742488x502
Pascal,,3816,M512x534S14c20489x467S29904495x502
pasient,,3817,M528x526S37806473x501S14c0b501x500S1ed52482x475S20800486x506
vokte,passe på,946,AS10e57S20304S2d608S20500S32401S32400S32407M548x574S32401451x482S32400482x481S32407512x483S10e57518x526S20304468x543S20500469x563S2d608482x522
passiv,,3818,M534x524S26524493x490S14c04511x493S14c0c467x493S2f800482x476
passiv,,3975,M534x523S2fa00495x478S26524493x491S14c04511x492S14c0c466x492
passiv,,6859,M531x514S15a50502x487S15a50485x487S22104519x501S22104469x501
patte,,3819,M518x529S33b00482x483S1f510493x514
pave,,149,AS1ea51S2e30eS21100S2ff20M524x517S2ff20476x482S2e30e485x487S1ea51492x452S21100478x470
paviser,,6965,M514x529S15a16487x502S15a30494x472S20500494x518
paviser,,6966,M514x517S15a30494x484S15a16487x505
peis,,3820,M539x524S15a19462x480S14c30478x493S29606505x495S22520506x477
pek-h,,903,AS10057M510x515S10057489x485
pek-h,,918,AS10057S26507M519x515S10057480x485S26507506x485
pek-v,,289,AS10041S2f900M510x520S10041489x480S2f900495x515
pek-v,,975,AS10002S32103M518x555S32103482x483S10002484x540
pek-v,,979,AS10041M510x515S10041489x485
pels,,3821,M530x530S37806470x522S15a1a502x518S14c13482x495S20e00506x486S22a07517x474S22104505x471
pen,,3822,M533x549S30003482x483S30005482x483S21100519x502S21100469x503S22a05479x515S22a03509x514S1851e499x524S22107468x528S22101524x527
penger,penger-penger-penget,2171,M559x527S21100469x480S21100541x478S22104468x498S22124537x495S37b06540x473S37b06540x506S37b06465x508S37b06467x474S1eb06517x501S1eb06442x503
penger,,3823,M523x515S21100477x494S1f400494x500S22100477x485
penger,,3824,M522x520S1eb06479x496S21100507x485S22104507x501S37b06505x510S37b06506x480
penger,,5252,M522x516S1f400493x501S21100479x494S22100479x484
penger,,5253,M525x517S1f400496x502S21100482x495S22110475x484
penger-penger-penger,,3825,M523x520S1eb06477x496S21100505x485S37b06504x480S37b06503x510S22124501x501
penger-penger-penger,,3826,M527x515S1f400498x500S21100483x494S22100491x485S22100474x486
penger-under-bordet,,3827,M524x529S15a1a479x490S26700477x472S26700492x472S1851c499x514
penis,,3828,M508x515S10150492x485
penis,,3829,M508x515S1c750492x485
Per,,1433,AS1dc02S34700M529x528S34700482x483S1dc02499x504
Per,,3830,M526x518S15a06499x506S37706474x511S13d12483x482
perfekt,,3831,AS1ce10S1ce18S26c08S26c18M538x528S1ce18463x473S26c08502x513S26c18470x511S1ce10516x474
periode,,3832,M542x514S15a10477x487S15a18459x487S26706500x495
periode,,3976,M534x514S15a10485x487S15a18467x487S26606504x495
periode,,3978,M535x514S15a40485x487S15a48466x487S26606505x495
periode,,3980,M540x516S15a40480x485S15a48460x485S26606497x491S22a04527x501
periode,,3981,M540x516S15a40480x485S15a48460x485S26606497x491S22a04527x501
periode,,6050,M539x514S15a40479x487S15a48462x486S26706497x493
periode,,6051,M545x517S15a40472x485S15a48455x484S26706490x491S22a04532x502
periode,,6052,M539x514S15a10478x487S15a18462x487S26706497x494
periode,,6860,M537x514S15a40479x487S15a48464x487S26706495x496
perioder,,3835,M555x517S15a40464x484S15a48446x484S26606481x484S26606515x484S22a04507x502S22a04542x502
perioder,,3836,M526x535S26602475x491S26602475x471S26606496x482S26606496x465S1ed16490x509
perioder,,3984,M564x518S15a40458x482S15a48437x482S22a04506x501S22a04551x503S26606476x491S26606521x492
perioder,,4076,M530x533S1ec16492x510S26602471x494S26606499x487S26602472x476S26606500x467
perioder,,6053,M560x518S15a40459x483S15a48441x483S26606477x489S26606517x489S22a04505x503S22a04547x503
perioder,,6054,M532x536S1ed16489x510S26602468x490S26602468x475S26606501x482S26606502x465
periodisk system,,3837,M540x568S15a10480x436S15a18462x436S26706498x449S26706498x432S15a18461x499S15a18461x541S10e02474x507S10e22474x549
periodisk system,,4078,M562x531S15a10457x491S15a18438x491S15a18518x470S15a18517x504S26606474x497S10e02532x479S10e22531x510
periodisk system,,6861,M560x556S15a40499x444S15a48482x445S26706516x452S15a48441x514S15a48513x513S10e02457x522S10e22530x523S20500455x543S20500524x543S26502468x542S26502538x540
persille,,3838,M517x536S20300486x521S16d12483x499S22a00487x482S22a00487x465S22100505x469S22100505x484
persille,,4664,M516x536S20300488x521S16d12485x501S22a00490x481S22a00490x465S21600508x484S21600508x469
persille,,5246,M516x533S20300488x518S16d12485x500S22a00491x483S22a00492x467S21600508x488S21600508x471
persille,,6482,M516x536S20300487x521S16d12484x500S22a00489x482S22a00489x465S22100504x490S22100504x472
person,,254,AS1ec26S22b04M509x532S1ec26490x469S22b04490x502
person-fra-h,,790,AS10010S26501S26501S26501M532x535S10010517x505S26501467x464S26501485x480S26501505x499
person-fra-hoeyre,,5583,M535x515S10000520x485S26502501x496S26502484x496S26502465x496
person-fra-hoyre,,1841,M537x515S10000522x485S26502502x500S26502483x501S26502464x501
person-fra-v,,783,AS10018S26517S26517S26517M534x530S10018466x500S26517489x500S26517505x485S26517521x470
person-gå-fra-tre,,1117,AS14c10S10018S26711S2f900M534x536S14c10511x464S10018505x506S26711465x486S2f900517x498
person-tegn,,3839,M510x522S1ed46491x478S22a04492x507
pervers,,3840,M541x570S28a03485x441S28a1b484x441S10001520x431S10009459x433S20500498x557S26502511x555S26516481x556S15a50509x523S15a50487x523
perversitet,,3841,M541x570S28a03485x441S28a1b484x441S10001520x431S10009459x433S20500498x557S26502511x555S26516481x556S15a50509x523S15a50487x523
pessar,,3842,M522x520S15316479x505S1771a484x481S22a00509x502S20800511x488
petting,,3843,M514x530S15a06487x492S15a00494x470S21200486x497S23108488x513
ph,,6862,M523x515S1015f477x487S11540508x485
pi,,1940,M516x516S11520484x486S10012486x484
piggsvin,,3844,M520x520S1711a498x498S14c01481x493S26506505x480
piggsvin,,5280,M520x519S1711a497x502S14c01481x491S26506505x482
piggsvin,,5281,M520x519S1711a497x502S14c01481x491S26506505x482
pike,,3845,M530x517S36d00479x484S18210507x499S20500507x506
pike,,3846,M525x523S36d00479x478S20500502x496S15d5e498x504
piker,,389,AS18210S20600S33e00M536x556S33e00482x482S20600503x545S18210513x535
pille,,3847,M514x527S15a36487x515S19203488x494S2ef05491x473
pingvin,,4733,M548x528S36d00479x472S21100506x482S21100481x482S22b04505x498S22b14480x498S18201523x480S18209453x481
pingvin,,5471,M547x532S36d00479x468S21100504x484S21100485x484S22b04502x501S22b14483x502S18201522x468S18209455x468
pingvin,,5879,M547x534S36d00479x466S21100505x476S21100481x476S22c04503x492S22c14479x492S18201522x471S18209452x471
pingvin,,6863,M547x534S36d00479x466S21100506x476S21100483x476S18201522x474S18209455x473S22c04505x492S22c14481x492
pinlig,,475,AS1f412S22a04S20e00S2f900S35000M518x601S22a04489x586S35000482x482S1f412493x530S20e00490x563S2f900490x578
pinnsvin,,3848,M522x516S1711a494x499S14c01479x489S26506507x485
pinsett,,3849,M522x520S1f111479x497S22a07509x483S22104498x480
pinsett,,4081,M521x521S1f111480x498S22a07508x487S22100496x479
pioner-fase,,6864,M535x549S15a12469x469S15a1a466x458S2f900475x452S15a40488x522S15a48469x522S26606505x529
pirat,sjørøver,5834,AS11502S31420M535x518S31420482x483S11502505x495
pirquet,,3850,M521x533S36d00479x468S37800479x469S37706481x499S10013488x475S21200478x503S26a04479x519
plan,,3851,M530x514S15a36483x492S20e00485x492S26606500x490S15a58471x487
plan,,4082,M536x514S15a50465x487S15a36476x495S20e00480x495S26606506x493
plan,,6055,M531x514S15a50470x487S15a36482x496S20e00487x496S26606501x495
planet,,1378,AS17610S32107M551x518S32107482x483S17610535x453
planet,,1379,AS15450S15458S2a20aS2a212M524x534S15458477x466S15450504x466S2a20a503x505S2a212475x504
planet,,1380,AS20311S20319S2e901M524x525S20311503x475S20319475x504S2e901484x484
planet,,3852,M532x535S36d00479x531S25f00516x484S17610516x465
planet,,3853,M525x531S17600476x503S20302510x496S2b700504x469S2c605500x505
planet,,4083,M531x533S36d00479x529S25f00514x486S17610515x466
planet,,4085,M527x534S17600473x507S20300512x494S2b700507x467S2c605500x508
plankton,,4734,M580x522S14c50507x491S14c58469x491S26712420x504S26706538x505S22530533x480S22530423x479
plankton,,4763,M572x525S14c50504x494S14c58473x494S26712429x504S26706530x505S22530527x476S22530433x477
plankton,,5389,M575x519S14c50505x488S14c58473x488S26712426x499S26706533x500S22530532x481S22530429x481
plankton,,5473,M572x523S14c50504x492S14c58472x492S26716530x503S26702429x504S22530528x477S22530429x480
plankton,,5593,M573x519S22530430x481S14c50503x488S14c28472x488S26706531x500S26712427x500S22530527x481
plankton,,5876,M575x523S14c50504x492S14c58475x492S26712425x502S26706533x503S22530532x478S22530431x478
plankton,,5880,M578x521S14c50504x490S14c58472x490S26706536x500S26712422x500S22530534x479S22530425x481
plankton,,6865,M570x522S14c50502x490S14c58473x491S26706528x502S26712430x500S22530526x479S22530436x479
plante,,3854,M514x530S15a06487x490S22b00491x478S1771e491x510S22100493x470
plante,,3855,M519x525S15a06481x501S14c00481x476S22a00487x510S22100507x512
plante,,3856,M536x516S17712465x496S26606494x485S22a04492x500S22a04523x499
plante,,6866,M522x551S16d48479x499S22c00487x485S20700504x501S14c00484x449S17716489x531
plante-eter,,3857,M564x569S26626481x385S22a00455x383S22a10428x383S22a10522x383S22a00550x383S17736427x403S17736521x402S1773e549x402S1773e454x403S22100550x375S22100523x375S22100455x376S22100429x376S33b00482x488S30104482x477S22f00489x537S22114488x528S1535a489x554
planteceller,,6867,M526x585S16d48475x465S22c00483x451S20700500x467S14c00480x415S17716485x497S16d10492x565S16d18482x547S20600504x552
planter som vokser,,3858,M564x569S26626481x385S22a00455x383S22a10428x383S22a10522x383S22a00550x383S17736427x403S17736521x402S1773e549x402S1773e454x403S22100550x375S22100523x375S22100455x376S22100429x376S33b00482x488S30104482x477S22f00489x537S22114488x528S1535a489x554
plasma-nettverk,,6923,M543x586S14c12478x429S15217484x463S2890c519x436S28918458x449S22520476x414S22521500x478S14c51498x560S14c59479x559S26607521x536S26611460x537
plasmid,,6924,M544x517S10550456x484S1f417523x485S2ee08501x494
plast,plastikk,3859,M564x516S17714478x494S1771c501x494S2fb00493x484S2c405525x491S2c414436x492
plast,,4086,M565x517S17714479x496S1771c502x496S2fb00495x484S2c414435x493S2c405526x492
ploeye,,3867,M514x538S21100495x492S15a40496x511S15a36487x478S26600493x462
plog,,287,AS15b31S15b39S26520M523x524S15b39476x501S15b31500x501S26520493x476
plog,,3860,M526x529S15a41503x506S15a49474x506S26620492x471
plog,,3861,M525x535S20500495x499S26620492x466S15a41502x512S15a49475x512
plombere,,3862,M540x538S36100482x483S1f510508x523S22a00527x522
plomme,,3863,M546x523S17717482x497S1000b455x479S20700486x477S2c400506x500
plomme,,6483,M545x522S17717481x497S1000b455x479S20700483x478S2c400505x499
plukke fra bakken,,5243,M519x516S1534a481x501S22a00488x484S22104507x490
plukke fra bakken,,6484,M523x518S15342478x503S22a00484x483S22120501x488
plukke fra tre,,5244,M522x516S1533e478x484S22a04484x501S22104510x490
plukke fra tre,,6485,M522x517S1533e478x483S22a04485x502S22120500x501
plutselig,,3866,M548x524S37600488x491S1eb41467x478S1eb49507x477S26612452x498S26606518x498S2f710496x517
pneumatikk,,632,M552x533S15a16407x521S20312412x503S2f900415x495S2ff00482x483S15a02524x501S26a04525x519
pnuematikk,,3868,M550x532S15a16487x418S20312492x401S2f900495x395S2ff00482x483S15a02521x503S26a04523x518
polar-binding,,6925,M534x600S2fd01480x410S1d540511x418S26c08507x400S26c10467x440S1d548469x460S20700496x519S17610503x537S17604492x542S27126498x561
polarsirkelen,,3869,M541x552S20500505x448S17150515x457S17158488x457S2a210480x481S2a208518x481S2d608503x513S10041491x522S10049460x519
polere,,3870,M518x516S15a00482x485S20320488x501S21100505x502
polere,,4088,M518x515S15a00482x485S20320486x500S21100505x500
politikk,,3871,M533x586S20312492x415S20316492x436S20312492x485S20316492x504S20312493x552S20316493x571S37706506x421S37706467x443S37706507x511S37706468x492S37706508x558S37706468x578S20500509x427S20500480x498S20500512x564
politisk,,3872,M533x552S20312493x448S20316493x469S20312493x518S20316493x537S20500510x460S20500481x531S37706507x454S37706468x476S37706508x544S37706469x525
polspenning,,3873,M544x533S10017514x468S1001f457x469S11810517x506S11818470x505S2f900519x499S2f900472x498
polspenning,,4090,M539x534S10017509x466S1001f461x466S11810512x506S11818470x507S2f900515x497S2f900473x499
polygami,,3874,M520x521S1851c486x506S26607498x480S22100480x498
polysakkarider,,6926,M534x574S14c18482x441S2890a479x427S20e00466x438S10011513x444S1ea40475x521S26b02480x547
populasjon,,3875,M539x514S26706497x486S23404493x500S15a50462x486
populasjon,,3876,M523x547S2ff00482x483S15a20509x485S21100509x515S22a04510x532
populasjon,,3877,M545x524S2ff00482x483S21100505x504S26602473x503S18210522x509
populasjon,,6927,M523x526S16d40505x475S16d48478x475S26a02509x498S26a16480x499
pornografi,,3878,M521x633S2ff00480x482S2e300486x485S20310491x519S36d00479x572S20324482x582S29904484x601
pornografisk,,3879,M521x633S2ff00480x482S2e300486x485S20310491x519S36d00479x572S20324482x582S29904484x601
porselen,,3880,M531x521S15a00470x480S10601486x493S20c00503x487
porselen,,4092,M535x517S1060f480x494S15a00465x485S20c00507x483
Porsgrunn,,3881,M521x525S36d00479x476S20500483x487S20500509x487S15300480x500
post,,2654,AS16c10S2c701S17610S34900M550x527S34900482x483S16c10504x499S17610534x478S2c701527x498
postering,,3882,M540x520S1f417460x490S2920a471x481S2920a509x482
postkasse,,2655,AS16c10S2c701S17610S34900S1ef40S1ef48S23c04S23c1cM560x582S34900482x483S16c10504x499S17610534x478S2c701527x498S1ef40502x548S1ef48465x548S23c04537x555S23c1c437x554
potens,,3883,M515x518S10112485x502S22a00489x483
potensial,,3884,M512x511S18210489x496S2f900494x489
potensial,,4093,M512x512S2f900495x488S18210489x497
potensialforksjell,,4095,M569x519S2f900439x481S2f900473x494S18218432x492S18210464x504S18218517x494S1ed10543x492
potensialforskjell,,3885,AS18210S18218S2f900S2f900S1ed10S18218M531x563S18210495x460S18218473x444S2f900500x453S2f900479x437S18218470x546S1ed10505x544
potensiell,,4097,M515x530S15a06488x494S10000486x500S22b00492x470
potensiell,,4098,M558x518S30007482x483S10002519x486S28109536x458
potensiell,,4100,M512x512S2f900495x488S18210489x497
potensiell-,,3888,M512x511S18210489x496S2f900495x489
poteter,,3889,M532x516S15319509x493S2c411468x485
poteter,,3890,M548x515S15319493x492S2c414453x485S1f550524x494
poteter,,4665,M535x513S2c411466x490S15319512x487
poteter,,5245,M535x512S15319512x488S2c411466x489
poteter,,6486,M534x514S15319511x486S2c411467x491
prege,,3891,M525x523S11551498x497S11559475x498S20710483x478
prege,,4101,M523x523S20710484x477S11551496x498S11559477x497
prest,,3892,M521x527S36d00479x473S21100483x482S11501483x500S28806497x490
primaerspole,,3893,M578x520S1f502423x496S20e00425x482S10041439x488S10012548x487S1001a499x494S2f000518x481
prins,,4812,M518x518S2ff00482x483S15312488x465S22a00494x446
prinsesse,,4813,M518x518S2ff00482x483S15312488x465S22a00494x446
prinsipp,,643,M519x524S15a18481x476S10011496x494S20600497x479
prinsipp,,2148,AS18740S22b04M509x533S18740491x467S22b04492x503
prinsipp,,3894,M523x515S15a18477x488S10002493x499S20600491x485
prinsipp,,4102,M521x516S10002490x501S15a18479x489S20600499x484
prinsipp,,6056,M521x516S15a18479x485S10002491x501S20600496x487
pris,,5198,M513x515S22a04487x486S1851c488x500
produsenter,,6928,M533x572S14c01498x428S14c09474x429S28804501x453S2881c489x453S20700492x480S1ed56467x540S26706491x544S22f04494x558
produsere,,6929,M528x537S14c01500x464S14c09478x465S28804501x493S28804516x495S2881c489x494S2881c473x498S20710485x522
proeve,,3925,M514x526S15a36487x490S10e30491x496S20b00492x474
proeve,,3926,M574x535S33200482x483S10e00522x505S20e00544x501S20e00562x501S22104544x515S22104562x515
proeve,,3927,M576x531S22104564x511S10e00524x501S20e00546x497S20e00564x497S22104546x511S30006482x483
proeve,,3928,M550x536S32400482x483S10e00528x506S26a00523x489
proeve,,6062,M514x526S15a36487x490S10e30490x496S20b00494x475
profesjonell,,3895,M527x527S36d00479x474S18502504x483S21100513x497S22f04502x513
professor,,2639,AS10012S22b04S2ff00S36d00M542x528S2ff00481x483S10012512x491S36d00479x524S22b04512x497
professor,,3896,M550x544S30007481x482S20500514x478S1eb10526x478S36d00479x526S20500506x533
professor,,3897,M539x540S30007481x482S18210516x485S20500517x471S22a04524x503S36d00479x522S20500514x529
professor,,3898,M548x536S30004482x483S16d02503x519S16d0a479x519S2c607525x505S2c612454x506S21600527x528S21600467x528
progredierende,,3899,M528x532S26720491x469S22a04510x468S22a04510x482S22a04511x498S22a14476x468S22a14476x483S22a14476x500S18240504x516S18248472x517
progredierende,,3900,M531x535S18240507x520S18248470x520S26520494x501S26520494x484S26520494x466
progredierende,,3901,M531x543S18240507x528S18248470x528S26520494x509S26520494x483S26520494x458S2f900496x502S2f900496x476
progredierende,,3902,M529x547S18240505x532S18248472x532S2b720488x504S2b720486x478S2b720484x453
progressiv,,3903,M529x533S18240505x518S18248472x518S26720493x471S22a04512x470S22a04512x486S22a04512x501S22a14476x468S22a14476x484S22a14476x500
progressiv,,3904,M528x534S18240504x519S18248472x519S26520493x501S26520493x484S26520493x466
progressiv,,3905,M531x543S18240507x528S18248470x528S26520494x509S26520494x483S26520494x458S2f900496x502S2f900496x476
progressiv,,3906,M529x547S18240505x532S18248472x532S2b720488x504S2b720486x478S2b720484x453
projeksjon,,3908,M516x545S14c20485x456S26600489x491S17727488x526S21b00508x500
projeksjon,,4103,M515x542S14c20487x458S26600490x493S21b00507x498S17720485x527
projeksjon,,6057,M515x542S26600490x495S17720486x527S14c20486x459S21b00507x513
projisere,,3907,M516x545S14c20485x456S26600489x491S17727488x526S21b00508x500
projisere,,4104,M517x543S21b00509x498S26600489x493S14c20486x458S17720484x528
projisere,,6058,M515x542S26600490x495S17720486x527S14c20486x459S21b00507x513
promille,,3909,M529x524S17610500x476S22b03476x492S22a06502x509S2f900486x482S2f900471x519S2f900518x513
promille,,4105,M521x522S22a06499x509S22b03480x493S17610505x479
promille,,6059,M520x524S17610504x477S22b03481x494S22a06497x511
prosdyre,,3910,M542x521S28804505x499S2881c482x498S14c01516x480S14c09458x480
prosedyre,,4106,M540x522S14c01514x479S14c09460x480S28804506x500S2881c482x500
prosedyre,,6060,M547x521S28804506x498S2881c484x499S14c01521x480S14c09454x481
prosent,,3911,M527x528S2f900507x491S2f900474x523S17610511x473S22b03483x496
prosent,,4107,M521x519S22b03480x495S17610505x481
prosent,,6061,M519x518S17610503x482S22b03481x494
prosjectør,,4108,M516x543S14c20487x458S26600490x493S21b00508x503S17720484x528
prosjektoer,,3912,M516x545S14c20485x456S26600489x491S17727488x526S21b00508x500
prostata,,3913,M524x624S36d00480x377S36d00480x425S22a04496x407S15316490x390S22104512x412S36d00480x448S1f116495x473S22a04497x506S36d00479x598S36d00480x544S10010491x594S2ef05495x572
prostata,,3914,M523x573S36d00479x428S36d00479x476S22a04495x458S15316489x441S22104511x463S36d00479x499S2ef05491x521S10010489x543S36d00480x547
protein,,3916,M531x519S37703485x496S3770b506x497S2f900501x490S20301470x481S20800503x497S16d10514x494
protein,,3917,M562x547S17117502x464S1711f484x464S20500496x487S20500495x453S18514474x530S1851c503x530S26612439x529S26606532x531S21100539x520S21100452x519
proteiner,,6962,M521x524S36d00479x477S14c01455x481S3770c458x511S3790a459x481S20300480x505S2f900498x509
protese,,3918,M533x554S33b00482x483S22a00510x519S1f210503x536
proton,,158,AS14211S19205S2b700S22a04S14212S15a48S20500M537x549S19205463x470S20500483x538S15a48470x504S14212485x504S2b700489x467S22a04486x485S14211507x451
proton,,430,AS14212S19209S2b700S22a04S15a18S20500M527x533S14212497x498S19209473x475S15a18479x500S20500495x522S2b700497x467S22a04495x489
proton,,3919,M537x534S19219464x484S15a18471x507S20500485x517S19f12514x466S29f0c489x477
proton,,4109,M529x517S10512472x483S20600507x497S15a16475x505
proton,,5254,M533x532S2b704493x469S20500495x497S19219467x468S19612512x470S19612500x509S15a48483x504
proton,,5255,M535x535S2b704492x471S20500494x499S19219466x470S15a48476x508S11912510x466S11911490x514
proton,,5314,M538x532S2b705501x477S15a48477x505S20500493x516S19219471x480S22100463x503S19f12515x468
proton,,5315,M522x519S15a48479x482S14042492x490
proton,,6963,M529x516S15a16478x504S10512472x484S20600507x496
proton,,6964,M518x515S15a48482x488S10540496x485S2f900497x488
proverse,,3920,M520x521S10641481x479S26a05499x500S2f900508x490
proverse,,3921,M521x528S10040506x498S10048480x498S2f900496x488S26a20488x472
proverse,,3922,M521x526S20f00480x490S26a00480x474S2f900510x486S20312502x498S20356485x511
proverse,,3923,M529x517S15302502x484S1530a474x484S21200487x503S22104517x507S22104472x508
proverse,,3924,M534x524S14c00507x493S14c08471x493S22520502x477S22520466x477
prøve,,4110,M514x527S15a36487x493S10e00489x497S20b00494x474
prøve,,4111,M575x519S30006482x483S10e00526x489S20f00549x495S22104547x510S22104562x510
prøve,,4112,M549x518S10e00527x487S26a00522x470S32400482x483
psuedokode,,3929,M547x521S15a18472x400S10020488x398S20500481x431S2c400507x406S2ff00482x483S28902495x500S16d10529x501S22104502x491
psuedokode,,3930,M547x531S15a18472x400S10020488x398S20500481x431S2c400507x406S2ff00482x483S28902495x500S16d10529x501S17610480x515
psyke,,3931,M540x518S30007482x483S10011519x483
psykiatre,,3932,M564x552S30007481x449S10011518x451S30007483x517S20500520x515S26502533x513S15a10552x506
psykiatrisk,,3933,M564x552S30007481x449S10011518x451S30007483x517S20500520x515S26502533x513S15a10552x506
psykisk,,3934,M541x518S30007482x483S10011520x485
psykisk utviklingshemmet,,3937,M544x668S30007482x483S10011523x485S15a02487x580S15a02497x595S2b900501x565S15a02488x637S15a02504x637S26a24495x654
psykisk utviklingshemmet,,3938,M544x688S30007482x483S10011523x485S15a02487x580S15a02497x595S2b900501x565S15a40502x661S15a02492x634S20c00493x647
psykoanalyse,,3939,M547x618S30007482x483S10011518x488S20600510x473S11513520x552S1151b471x553S22125514x546S22123489x546S26a12484x586S26a06517x586S2fb04500x612
psykologi,,3941,M541x630S30007482x483S10011520x486S14c40491x599S14c0a459x559S26500496x580S20700495x563
psykologisk,,3942,M541x630S30007482x483S10011520x486S14c40491x599S14c0a459x559S26500496x580S20700495x563
ptotein,,3915,M526x516S37703474x493S3770b495x494S2f900487x497S20301505x485
pubertet,,3943,M521x583S36d00479x417S14010484x425S21100499x456S22a04499x472S22a00497x552S15a12489x537S15a12488x571
pudder,,3944,M517x517S16d25497x484S22f03484x496
puddre,,3945,M516x517S16d25496x484S22f03484x496
pulserende likestroem,,3946,M532x590S10042496x432S1004a469x439S23600493x411S10050504x494S10058486x494S20600491x482S11810505x563S11818485x562S20600492x549
pulver,,3947,M536x524S18514470x490S1851c504x490S21100505x477S21100481x478S26606506x508S26612464x508
pulver,,4113,M542x525S18514471x489S1851c508x488S26612459x509S26606512x509S21100509x476S21100485x476
pumpe,,3948,M513x517S20350494x484S22f04488x503
pumpe,,4114,M513x517S22f04488x503S20350494x484
pumpe - 1,,658,M513x517S20350493x483S22f04488x503
pungen,,3949,M517x527S10011491x497S28806495x490S1011a484x473
punkt,,1936,M531x515S15a18469x485S20b00485x494S10012501x500
S38800464x496 0x0 S38800464x496,punktum,590,
pusse tenner,,3977,M571x532S33b00482x483S1ea10528x504S26a02557x505
pusse-sko,,5194,M521x527S16650482x489S15a56479x515S27102506x473
ånding,"pust, puste",6581,AS14c02S27100S36d00M563x522S36d00479x478S14c02485x499S27100523x504
puste,,354,AS14c00S26500S20500S14c00S26504S20500S33600S33500M558x601S33600442x483S14c00456x531S20500463x569S26504524x581S33500510x481S14c00520x526S20500526x565S26500462x586
puste,,3979,M531x607S33600475x433S33500477x533S14c00487x474S20500517x474S26500515x489S14c00490x574S26504517x576S20500519x596
puste,,3982,M563x525S36d00479x476S15a02490x494S26600533x479S26604547x479S20500536x514S20500550x514
puste-inn,,364,AS14c00S26500S20500S33600M524x602S33600476x482S14c00490x530S20500497x572S26500495x587
puste-ut,,336,AS14c00S26504S20500S33500M524x597S33500476x482S20500492x566S14c00486x527S26504490x582
pute,,3983,M529x534S2ff00482x483S20500495x501S2f802472x481S2f806518x481S15a22490x522
pute,,5263,M534x549S36a00482x477S20500496x522S2f802472x475S2f806517x474S10011513x519
pute,,5264,M528x533S30304482x477S2f802472x487S2f806517x486S15a21497x510
pynt,pynte,2146,M538x535S1ce10516x465S1ce18462x474S22a07510x504S22a11480x511S2fc04497x524
pyroman,,3985,M524x577S1eb10494x450S10019474x455S21100500x435S21100495x563S26507511x422S36d00479x523S14c01488x536
pyroman,,3986,M524x610S1eb10493x421S10019474x429S21100500x405S21100495x526S26507511x391S36d00479x489S14c01488x497S1ed26495x564S22a04497x595
pyromani,,3987,M524x610S1eb10493x421S10019474x429S21100500x405S21100495x526S26507511x391S36d00479x489S14c01488x497S1ed26495x564S22a04497x595
på-plass,,887,AS15d50S22a04S2f710M518x526S15d50481x474S22a04488x511S2f710506x512
question,,896,M524x538S2ff00482x483S14c01488x492S21a39466x470S22e03505x519
question,,5256,M511x519S12210489x492S21600494x481
question,,5257,M526x514S12210475x487S12810503x489
R,,4002,M514x516S15a36487x485S10640487x490
ra,,4203,M530x542S30004482x483S1f502480x518S21100499x523S26506515x523
ra,,4204,M518x534S2ff00482x483S1f510486x519S21100487x501S26506501x500
ra-stoff,,4205,M534x575S26603486x458S14c50506x426S20300475x483S18514473x537S1851c504x536S21100503x526S21100487x527S26612467x558S26606504x559
ra-varer,,4206,M569x598S22b00492x427S15050487x464S17757492x402S26626489x553S2a210431x565S2a208459x565S2a210518x564S2a208546x564S2fb04537x592S2fb04449x591S15310463x532S15318438x531
rabarbra,,4003,M538x526S1f140503x474S1f148466x474S26612462x493S26612462x509S26606508x493S26606508x510
rabarbra,,4666,M538x529S1f140504x472S1f148467x473S26612463x491S26612463x507S26606508x491S26606508x508S2fb04493x523
rabarbra,,5242,M538x529S1f140504x471S1f148468x471S26606508x491S26606508x507S26612463x491S26612463x507S2fb04492x523
rabarbra,,6488,M539x527S1f140505x473S1f148465x474S26606509x496S26606509x511S26612462x496S26612462x510
rabatt,,4004,M514x529S15a06487x472S20e00493x472S22a04492x486S18227497x504
radar,,4005,M546x529S36d00479x525S2e004521x501S14c37519x471
radar,,4115,M555x530S36d00479x520S2e004527x502S14c35529x470
radianer,,421,AS11a21S1ee18S2880cM535x523S1ee18465x479S2880c494x476S11a21508x497
radio,,4006,M535x528S2a310466x492S2a308512x492S17650515x473S17650470x473
radio,,4007,M536x531S2a310465x495S2a308511x495S1e121504x469S1e129464x470
radio,,4116,M531x529S17650511x471S17650475x471S2a310470x493S2a308508x492
radio,,4117,M542x533S1e121510x468S1e129459x469S2a310459x497S2a308516x494
radio-,,4008,M558x537S17727504x518S1772f475x518S26611465x488S26607512x488S22100504x494S22100485x494S14c20535x463S14c28442x464
radio-aktiv,,4009,M558x575S17727504x480S1772f475x480S26611465x450S26607512x450S22100504x456S22100485x456S14c20535x425S14c28442x426S2d220489x552S20304514x546S20304473x547
radio-aktivitet,,4010,M558x575S17727504x481S1772f475x481S26611465x451S26607512x451S22100504x457S22100485x457S14c20535x426S14c28442x427S20304466x548S20304519x547S2d320482x552
radio-logi,,4011,M521x601S17712493x400S14c10490x570S14c0a463x554S14c01482x479S26600493x425S36d00479x458S20500495x469S26600494x535
radius,,1935,M512x531S11a20493x501S2e308489x470
radius i sirkel,,4012,M561x548S10048467x494S20500472x486S26606485x482S28b0a466x452S28b0c507x478S28b08440x477S28b0e461x528S10012531x488
radius i sirkel,,6063,M547x536S10048485x484S28a08454x483S28a0a473x464S28a0c508x484S28a0e472x519S10012517x478
radius-i-en-sirkel,,38,AS10050S10059S2e402S26502S20500S2f900M536x530S10050500x495S10059464x495S20500491x479S2e402503x470S26502505x478S2f900466x525
radyr,,4207,M544x518S2ff00482x483S1f110515x477S1f118456x479S22a00525x457S22a10465x459
radyr,,5696,M543x518S2ff00482x483S1f110514x479S1f118456x479S22a00520x459S22a10468x460
raffinering,,4013,M530x587S21200470x459S26a00471x444S15a30478x413S15a50478x475S1ce10476x557S26606500x570
raffinering,,4014,M530x572S21200470x444S26a00471x429S15a30478x461S15a50484x468S1ce10476x542S26606500x555
raffinering,,4015,M530x558S21200492x457S26a00491x442S15a30470x447S15a50475x454S1ce10476x528S26606500x541
raftekant,,1514,AS11557S14706S26c02S21100M525x525S14706491x501S11557474x498S26c02510x475S21100493x480
rafteklaring,,1515,AS1f121S14706S26506M523x519S14706478x505S1f121477x481S26506508x490
rain,,5258,M547x547S2ff00482x483S14c50523x482S14c58453x481S22b04527x517S22b14457x515
rakett,,4118,M509x532S10020491x502S25e00493x468
rakett,,4119,M516x534S20e00502x500S25e00500x466S15a30484x488S10050490x504
rakket,,4016,M509x531S10020491x501S25e00493x470
rakket,,4017,M518x536S15a30482x492S10020487x506S20e00498x508S25f00502x465
rapport,,4018,M514x539S15a02487x470S15a00497x462S21100497x492S22b04496x509
rapport,,4120,M514x540S15a06487x469S15a00492x461S21100491x492S22b04489x510
ras,,4020,M541x539S22521500x461S22521459x464S14c51514x474S14c5f473x478S25e23480x512
ras,,4121,M541x538S14c03514x483S14c0d485x463S22523499x500S22523470x481S25e23460x511
ras,,4122,M539x535S14c52508x493S14c5e486x466S22513497x508S22513473x481S25e23461x508
ras,,5760,M543x538S22523499x493S22523458x482S25e23468x511S14c03516x475S14c0d474x463
ras,,5761,M542x538S22522458x462S22522494x499S14c52511x505S14c5e473x468S25e23460x511
rase,,4021,M526x555S2ff00482x483S21100508x491S22a04508x507S14c00503x524
rase,,4022,M545x523S2ff00482x483S21100532x491S14c00506x491S22a04532x508
rase,,4023,M529x559S2ff00482x483S21100512x525S14c00506x491S22a04512x544
rask,,4024,M615x556S35c00482x483S15a48546x523S10040564x526S21100571x509S23100589x524S2f710595x511
ratten,,4208,M530x518S17d14471x503S17d1c507x503S22124508x492S22124471x492S2fb00494x482
reagens-roer,,6967,M518x603S15250497x398S22b00497x432S17712496x465S15a16491x490S16d38482x583S16d30492x577S22b00490x543
reagere,,4026,M553x516S26502487x491S26706487x500S17710463x500S15a18448x489S14c10530x484
reagere,,4027,M558x521S26502490x491S26606491x501S10002456x490S15a48442x480S14c02527x498
reagere,,4228,M546x517S15a18455x489S17710467x498S26502496x489S26606494x501S14c10523x483
reagere,,4231,M555x514S15a48446x486S10002457x495S26502493x489S26606490x498S14c12524x490
reaksjon,,4028,M553x516S26502487x491S26706487x500S17710463x500S15a18448x489S14c10530x484
reaksjon,,4029,M558x521S26502490x491S26606491x501S10002456x490S15a48442x480S14c02527x498
reaksjon,,4235,M544x517S15a48456x489S17710468x496S26502493x493S26606492x501S14c10521x484
reaksjon,,4237,M556x516S15a48444x485S10002457x495S26502492x490S26606492x500S14c12525x489
reaksjon-motor,,4030,M554x563S15a48470x442S17710482x445S26606506x446S2f710514x437S10004508x513S1000c480x518S23604515x529S23610446x538S2fb04495x557
reaksjonslikning,,6968,M564x619S17610501x427S15a1f485x435S14c50540x382S14c58437x425S22b07517x406S22a12466x444S10050512x508S10058495x508S20500506x495S15a18475x592S1ef10481x600S26706512x600
reccesiv,,6969,M528x526S18251504x474S18251473x475S26624491x496
recessive gener,,4031,M532x571S18211507x430S18219468x430S26504509x447S26514475x446S1f110483x519S22b04496x541S2f900483x541S2f900483x550S2f900483x559
redd,,956,AS15300S15308S20600S20600M532x522S15308475x478S15300511x478S20600467x510S20600510x511
rede,,4032,M526x529S2a204503x501S2a21c475x501S17130481x485S17138501x485S20500495x472
reduksjon,,4033,M551x518S25103503x493S25115472x492S10011530x483S10019449x486
reduksjon,,4034,M559x520S22c03503x487S22c15466x487S10011538x481S10019442x482
reduksjon,,4035,M555x518S24d03502x487S24d1b470x487S10011534x483S10019446x485
reduksjon,,4239,M550x516S22b03504x492S22b15473x492S10011529x484S10019451x484
reduksjon,,6064,M563x519S22c03504x486S22c15461x486S10011542x481S10019437x481
reduksjondeling,,6970,M552x551S22b03506x459S22b15471x459S10011531x450S10019449x452S15a02485x530S15a40494x523S20f02515x523S26a06531x524
reduksjonsdeling,,4036,M534x568S10018486x435S10012504x438S26506483x432S20e00467x432S20e00467x511S15a37479x518S15a41511x545S26605480x525
redusere,,4037,M559x520S22c03503x487S22c15463x487S10011538x481S10019442x482
redusere,,4038,M555x518S24d03502x487S24d1b470x487S10011534x483S10019446x485
redusere,,4039,M514x520S18210491x480S22b04487x490
redusere,,4040,M556x516S28702502x484S28716465x484S10040541x486S10048445x486
redusere,,4041,M539x519S28902492x482S14a10524x492S19208461x500
redusere,,4042,M515x522S15a12486x478S15a16488x510S22a04496x493
redusere,,4244,M555x516S22b03506x492S22b15472x492S10011534x484S10019446x484
redusere,,5265,M553x517S25103504x492S25115474x490S10011532x483S10019447x484
redusere,,5266,M549x518S10040534x488S10048451x487S28702507x482S28716467x483
redusere,,5267,M538x520S19208462x501S28902487x481S14a10523x485
redusere,,5268,M533x552S10018485x450S10012503x454S26506482x449S20e00467x451S15a37476x496S15a41504x529S26605479x504S20e00467x489
redusere,,5269,M516x532S15a12485x468S15a16489x520S25104492x483
redusere,,6065,M563x519S22c03504x486S22c15461x486S10011542x481S10019437x481
redusere,,7737,M548x525S2fb00492x492S22b03508x501S22b15468x501S10011527x475S10019452x475
refelks,,4245,M515x545S15a00489x456S17720495x465S26500485x478S26604491x481S14c00486x514
refleks,,4043,M520x549S17727500x464S15a08486x452S26500481x472S26704487x473S2f710506x498S14c00483x518
refleks,,4044,M526x531S15a48474x473S27507490x470S10031505x501
refleks,,4045,M512x530S15a00494x471S2e104489x502
refleks,,4246,M525x531S10031504x501S27407491x476S15a48475x470
refleks,,4247,M512x530S15a00494x470S2e104489x502
refleks,,4249,M515x545S15a00489x456S17720495x465S26500485x478S26604491x481S14c00486x514
refleksjon,,4046,M520x549S17727500x464S15a08486x452S26500481x472S26704487x473S2f710506x498S14c00483x518
refleksjon,,4047,M526x531S15a48474x473S27507490x470S10031505x501
refleksjon,,4248,M516x543S15a00489x457S17720496x462S26500485x477S26604489x478S14c00485x512
refleksjon,,4250,M528x530S10031507x500S27407493x476S15a48473x471
reflektor,,4049,M512x530S15a10493x470S2e100489x501
reflektor,,4252,M512x531S15a10494x470S2e100489x502
refraksjon,,4050,M544x516S10002490x498S1000a456x498S20500485x484S22e04527x498
refraksjon,,4253,M545x517S10002492x499S1000a456x499S20500485x484S22e04528x499
regel,regler,264,AS15a52S15a08S20500S20500M517x523S15a08490x496S15a52482x476S20500507x495S20500507x512
regel,,4254,M512x515S15a00490x486S18210489x500
regel,,4255,M514x514S15a00492x487S15a12487x497
regel,,6066,M513x514S15a00488x487S18210490x496
regel,,6067,M514x514S15a00493x487S15a12487x495
regelmessig,,4053,M570x514S15a40447x486S15a48430x486S26626478x489S26626522x488S22a24465x498S22a24509x499S22a24557x497
regelmessig,,4256,M544x517S15a40477x483S15a48456x483S22a24498x502S22a24531x502S26626507x484
regelmessig,,6068,M548x518S15a40473x483S15a48453x483S26626503x486S22a24494x501S22a24535x503
regjering,,4054,M533x517S26c00506x502S26c10468x502S20350512x484S20350475x484
regler,,4055,M520x514S15a00492x487S18210497x496S20602480x490
regler,,4056,M521x522S15a00482x487S18210480x495S20500509x478S22a04508x493S20500509x511
regler,,4057,M527x514S15a00485x487S18210488x496S20602473x490S22a04514x488
regler,,4257,M519x523S15a00484x478S18210482x490S20500508x481S22a04506x494S20500507x512
regler,,5179,M522x514S20602478x490S15a00494x487S18210499x499
regler,,6069,M522x522S15a00478x485S18210480x498S22a04509x493S20500512x479S20500511x511
regn,,176,AS14c50S14c58S22b04S22b14S2fb04S2ff00M542x584S14c50518x508S14c58457x509S22b04522x545S22b14462x546S2ff00482x482S2fb04492x578
regn,,477,AS14c1cS14c14S22b04S22b14S2fb04S2ff00M541x586S14c14459x506S14c1c518x506S22b04522x547S22b14462x550S2ff00482x482S2fb04492x580
regn,,4058,M536x528S2fb04492x522S26a04509x509S26a14464x511S14c50510x473S14c58465x475
regn,,4258,M534x530S14c50508x470S14c58469x471S26a04507x507S26a14467x507S2fb04492x524
regn,,5762,M531x531S14c50507x469S14c58469x469S22b24492x501
regn,,5763,M534x538S14c50510x464S14c58467x463S22a04516x498S22a04515x516S22a14473x497S22a14474x515S2fb04492x532
regn,,5764,M532x529S14c04509x471S14c0c468x471S22b24491x499
regn-bue,,5765,M533x573S14c50509x427S14c58468x428S22b24493x458S14c03470x547S2890a497x537
regnbue,,4059,M536x570S2fb04492x480S26a04509x467S26a14464x469S14c50510x431S14c58465x433S14c03466x544S2890a494x531
regnbue,,4259,M534x557S14c03474x531S2880a502x521S14c50509x443S14c58468x443S26a04507x480S26a14466x481S2fb04492x499
regnbue,,5766,M521x521S36d00479x517S14c21451x483S2890a484x479
regnbue,,5767,M521x526S36d00479x522S32100482x482S14c21451x470S28a0a484x462
regnbyge,,5768,AS14c50S14c58S22c25S2f900M547x532S14c50486x480S14c58453x469S22c25514x499S2f900533x500
regnskap,,4060,M540x539S14c20505x462S14c28471x463S22b04508x497S22b14475x499S2fb04491x530S22104528x502S22104461x503S26512461x525S26506522x523
regulere,,4061,M514x531S1ea40487x470S2a300491x495
regulere,,4063,M520x518S18210488x503S23600481x483
regulere,,4260,M513x532S1ea40487x469S2a300490x496
regulere,,4261,M520x518S18210487x503S23600481x483
regulere,,6070,M514x531S1ea40487x469S2a300491x495
regulere,,6071,M520x519S18210488x504S23600481x482
regulering,,4062,M514x531S1ea40487x470S2a300491x495
regulering,,4064,M520x518S18210488x503S23600481x483
regulering,,4262,M514x531S1ea40487x470S2a300491x495
regulering,,4263,M520x519S18210486x504S23600481x482
regulær,,1934,M525x517S15a30476x483S26606495x491S22f04492x503
reir,,4067,M523x534S17130482x480S17138502x480S20500498x466S2a204500x505S2a21c477x506
reise,,1022,AS11551S11559S26627M526x527S11559474x502S26627504x473S11551490x500
reise,,4068,M542x528S1dc20458x498S26607490x486S1f410513x473S22104484x482
reise,,4069,M525x530S11551498x504S11559476x505S26620493x470
reise dit stadig vekk,,1025,AS11551S11559S26f20M523x530S11559476x505S11551492x503S26f20483x470
reise i sikk-sakk,,4070,M524x532S11551497x506S11559476x507S27f2a486x469
reise i siksak,,1023,AS11551S11559S27d27M536x526S11559463x501S11551479x499S27d27498x474
reise til forskellige steder,,1024,AS11551S11559S26611S26610S26617M539x540S11559473x515S11551489x513S26611460x479S26617517x479S26610492x461
reke,,4071,M536x517S10a10464x491S26706494x492S21600516x485S21600505x485S21600495x484S21600485x483
reke,,4072,M522x519S10a10504x493S10a18479x493S21800504x482S21800479x481
reke,,4073,M531x514S1ed40505x495S26602470x498S22120477x487
reke,,4735,M534x515S10a10466x489S26706492x495S21810496x485S21600485x485
reke,,4736,M537x514S10612463x499S26706495x498S21b00495x487S21b00517x488
reke,,4737,M524x519S10a40507x493S10a48477x493S21800506x481S21800476x481
reke,,4738,M532x512S1ed40506x493S26602469x494S22120480x488
reke,,4739,M527x527S10a11499x501S26601474x475S21600491x473S21600502x483
reke,,5364,M536x517S10a10465x491S26706494x496S21800491x483S21800510x483
reke,,5365,M524x519S10a10507x493S10a18479x493S21800506x483S21800477x482
reke,,5366,M533x513S1ed40507x494S26602467x495S22101478x488
reke,,5367,M526x526S10a11498x500S26601474x477S21600498x484S21600489x475
reke,,5474,M533x516S10a10467x490S26706491x495S21800487x485S21800507x485
reke,,5475,M539x513S10612462x497S26706497x497S21b00498x487S21b00521x487
reke,,5476,M525x520S10a40509x493S10a48476x494S21800507x481S21800477x482
reke,,5477,M531x512S1ed40505x493S26602470x495S22120480x489
reke,,5478,M526x526S10a11498x500S26601474x477S21600490x474S21600501x483
reke,,5881,M537x513S10612464x497S26706495x497S21b00518x487S21b00495x487
reke,,6971,M537x512S10612463x496S26706495x496S21b00498x488S21b00517x488
rekord,,4074,M514x540S15a06487x514S22b04490x510S21100493x491S1ed16491x461
rekord,,4075,M554x528S36d00479x500S2890c523x499S2f710542x507S1ed17523x472
rekord,,4264,M514x537S1ec16491x463S21100493x490S15a06487x508S22b04492x507
rekord,,4265,M556x521S36d00479x496S1ec17529x480S2880c525x499S2f710544x511
rekord,,6072,M514x538S15a06487x514S21100494x491S22b04493x508S1ed16494x462
rektangel,,80,AS1ee20S1ee28S26506S26512S22104S22104S1f420S1f428M587x514S1ee28473x492S1ee20503x491S26506537x498S26512448x498S1f428412x499S1f420558x498S22104427x486S22104559x485
rektangel,,1933,M592x525S1dc21501x490S1dc29468x490S20500495x476S20500493x514S26612435x493S26606534x493S1f420563x495S1f428408x494S22100561x503S22100426x504S22104563x485S22104428x484
rektangel,,4077,M576x510S1ed10502x490S1ed18472x490S26612438x494S26606532x494S22100564x503S22104564x493S22100425x503S22104425x492
rektangel,,4266,M573x510S1ec10502x490S1ec18473x490S26612440x494S26606528x494S22100561x503S22104561x494S22104428x493S22100428x503
rektangel,,6073,M577x510S1ed10501x490S1ed18471x490S26606532x494S26612437x493S22104565x493S22100564x502S22100423x502S22104424x493
relativistisk,,4079,M537x528S15a40483x473S15a48464x472S26626491x501S22a24476x511S22a24524x513
relativistisk,,4267,M542x524S15a40480x476S15a48458x476S22a24484x509S22a24529x509S26626498x499
relativitet,,4080,M537x528S15a40483x473S15a48464x472S26626491x501S22a24476x511S22a24524x513
relativitet,,4268,M542x525S15a40482x476S15a48459x476S22a24485x510S22a24529x510S26626499x504
relativitets-teori,,4084,M557x521S15a40503x375S15a48484x374S26626511x403S22a24496x413S22a24544x415S2ff00482x483S29508522x473S15a12520x509
relativitetsteori,,4269,M572x518S15a40515x391S15a48491x391S22a24515x428S22a24559x428S26626528x421S2ff00482x483S15a12526x494S29508519x463
relé,,4270,M531x508S11a12501x493S22104486x499S22104470x499
ren,,1026,AS15a51S15a37S26607S20e00M531x520S20e00496x503S15a37473x488S26607509x481S15a51469x497
ren,,4087,M528x530S15a37477x499S15a51472x507S21100500x483S26507515x470
ren,,4271,M526x525S15a31474x501S15a57476x502S20e00501x489S26507513x476
renne utover,,4089,M527x527S14c21500x501S2830f474x474
renne utover,,4272,M526x525S14c51499x499S2830f475x475
renne utover,,5221,M525x525S14c51498x499S2830f475x475
renne utover,,5631,M526x526S14c51499x500S2830f474x475
renne utover,,5769,M526x526S14c51499x500S2830f474x474
rensing,,6510,M515x537S15a30493x507S15a52486x525S20f00487x494S26600499x463S26600485x463
renter,,4091,M533x532S20500491x501S11512503x510S1151a468x517S22b00489x468
reseptorer,,6511,M568x533S20330500x518S20330483x517S22b03520x493S22b03541x493S22b15454x496S22b15435x496S16f37547x467S16f3f433x470
reseptorer,,6512,M565x525S20330500x510S20330483x509S22b03520x485S22b03541x485S22b15454x488S22b15435x488S22105548x475S22105524x477S22103463x479S22103443x479
reserve,,4094,M516x530S15a30485x471S15350501x473S20f00487x502S26a04487x516
resistans,,4096,M539x515S15a48462x486S15a02480x495S20602511x489S26a02525x488
resistans,,4099,M541x514S15a48460x487S11a12479x494S20602513x489S26a02527x487
resistans,,4273,M540x514S15a48461x487S15a02479x493S20602512x487S26a02526x486
resistans,,4274,M540x514S15a48460x487S11a12479x493S20602513x489S26a06526x487
resonans,,4124,M536x532S2fb04494x526S26a02522x498S26a16465x498S2f900508x502S2f900508x516S2f900484x502S2f900483x517S15a40522x468S15a48467x469
resonans,,4275,M542x533S2fb04492x527S2f900512x504S2f900512x518S2f900478x518S2f900477x505S26a02528x499S26a16459x501S15a40529x468S15a48461x468
ressurs,,4125,M550x540S20300505x525S20300480x525S26603515x499S26615462x498S14c50526x461S14c58450x461
ressurs,,4126,M508x540S26200492x480S20300493x460S15350493x515
ressurs,,4276,M548x538S20300504x523S20300479x523S26603514x496S26615464x496S14c50524x462S14c58453x462
ressurs,,4277,M513x535S20320493x465S26200493x484S15356488x520
ressurs,,6074,M513x534S20320491x467S26200492x487S15356488x519
ressurser,,6513,M535x518S15a18466x490S15710481x489S26606505x489S26606505x502S22104511x482
rest,,4127,M533x514S15a1a468x497S15a40487x487S20e00503x498S26506518x497
resultat,,4278,M529x535S15a18472x480S21100489x488S22b04487x505S14c01487x466S22120507x495
retning,,690,M531x530S21100492x494S15a41508x507S15a37476x480S26601469x470
retning,,4129,M530x528S21100492x493S15a37475x477S15a41507x505S26601471x472
retning,,4279,M529x530S15a41506x507S15a37475x477S21100493x493S26601471x470
retning,,6076,M530x530S21100492x494S15a41507x507S15a37474x476S26601471x471
retningsventil,,735,M570x529S21100452x494S15a41465x506S15a37436x481S26601430x472S10011549x494S1001a517x514S20500540x499S22130538x481
retningsventil,,4130,M534x566S21100496x456S15a37479x440S15a41511x468S26601475x435S20500491x538S1001a467x551S10011501x534S22130487x520
retningsventil,,4280,M533x559S15a41510x476S15a37481x447S21100498x461S26601477x441S20500488x531S10011498x529S1001a467x544S22130479x517
rev,,4131,M524x518S2ff20476x483S14c54488x458S26600493x424S22100509x437
rev,,4132,M543x519S33010479x483S10a20517x493S2b700521x468
rev,,5282,M524x518S2ff20476x483S15200490x450S26500495x430S22104512x438
rev,,6514,M520x518S2ff00482x483S15700491x486S26600492x452S17702491x429S22104508x470
rev bak oeret,,4133,M543x519S33010479x483S10a20517x493S2b700521x468
revidere,,4134,M536x596S2ff00482x483S2f900488x494S2f900501x494S11820512x528S11828465x527S22b04520x560S22b14464x558S2fb04491x590
revir,,4135,M528x522S15a02473x479S20320513x491S2e732493x506
revisjon,,4136,M536x596S2ff00482x483S2f900488x494S2f900501x494S11820512x528S11828465x527S22b04520x560S22b14464x558S2fb04491x590
revisor,,4137,M536x596S2ff00482x483S2f900488x494S2f900501x494S11820512x528S11828465x527S22b04520x560S22b14464x558S2fb04491x590
revisor,,4138,M536x679S2ff00482x483S2f900488x494S2f900501x494S11820512x528S11828465x527S22b04520x560S22b14464x558S2fb04491x590S1ed26491x619S22b04491x649
revmatisme,,4139,M520x521S1000a481x506S15310505x494S20700481x480
ri,,4140,M523x543S15a48480x516S10e04478x493S26620478x457S20700505x510
ribbe,,4141,M574x531S36d00479x469S21212507x485S26f06524x489S10002544x495
ribbe,,4142,M566x525S21200485x493S21200485x511S26a12467x495S26a06518x496S1f110537x499S1f118434x499S36d00479x475
ribbein,,4143,M574x531S36d00479x469S21212507x485S26f06524x489S10002544x495
ribbein,,4144,M566x525S21200485x493S21200485x511S26a12467x495S26a06518x496S1f110537x499S1f118434x499S36d00479x475
ribososm,,6515,M548x529S1f418453x514S13f11472x488S28902500x476S11a20533x471S20600486x513
ride-instruktoer,,4145,M530x604S15a48484x452S10e04482x429S26620482x397S20700501x459S2fb00492x549S26a00503x558S26a10471x558S18537476x577S18537509x577
ridebane,,4146,M519x580S15a48484x475S10e04482x452S26620482x420S20700501x482S15a12483x549S2e702485x565
ridehus,,4147,M536x577S15a48487x479S10e04485x456S26620485x424S20700504x486S15a11502x543S15a19475x541S22a05523x563S22a13465x561
rier,,4148,M534x535S22f03502x505S22f15476x506S2f900505x491S2f900485x493S20303513x491S20301465x494S36d00479x531S36d00480x465
rik,,4149,M539x518S2ff20476x483S15332514x472S26600519x438
riktig,,4150,M514x530S15a36487x508S15a40499x503S20500500x489S22a04499x470
riktig,,4151,M514x529S15a36487x517S15a40496x471S20500496x517S22a04496x501
rips,,4152,M548x551S11a20481x450S17710481x529S1000a452x536S2c400508x523S20700474x509
rips,,6489,M548x557S11a20481x443S17710481x535S1000a452x542S2c400508x529S20700474x515
ripsbaer,,4153,M548x551S11a20481x450S17710481x529S1001a452x536S2c400508x523S20700474x509
ris,,4154,M537x529S20700463x472S17710470x492S10018469x499S2c400497x486
ris-korn,,4667,M538x527S10018476x497S17710475x489S20700462x473S2c400498x485
ris-korn,,5241,M543x526S20700458x474S17710479x489S10018479x496S2c400503x493
ris-korn,,6490,M539x527S17710474x491S10018474x497S20700461x474S2c400499x486
stream,river,5300,M528x528S14c53502x473S24d0d473x500
ro,,4155,M534x530S2f804482x519S26612467x501S26606504x501S15a50505x471S15a50488x471
ro,,4281,M539x527S15a50505x473S15a50485x473S26612462x501S26606509x501S2f804483x516
Roald,,381,AS11a10S20600S34400S35c00M533x543S34400467x482S35c00497x482S20600503x519S11a10477x513
robot,,4156,M526x568S14c01500x432S14c09474x432S28804502x456S2881c489x456S1ed26495x524S22a04497x553
robot,,4282,M526x555S1ec26491x512S22a04492x540S28804500x470S2881c488x470S14c01500x445S14c09474x445
roede hunder,,4193,M542x622S33b00477x482S21202494x511S26a02476x513S10012512x518S36d00481x584S20600492x594S15306490x607
roedme,,4194,M530x548S2ff00482x483S21100502x492S22a00503x509S17716502x528S22100518x508
roedspette,,4195,M545x632S33b00482x483S21100497x512S26502478x513S10012515x520S15a50493x605S2830f466x578
roedspette,,5480,M547x644S33b00482x483S21100499x507S26502480x506S10012517x514S15a50525x617S2830f498x595
roeyk,roek,5770,M544x540S14c04457x509S29707485x485S17712507x461S22120522x501
roest,,4198,M523x540S36a00482x477S18200500x525
roetgen,,4196,M524x536S14c08477x468S14c50477x505S20700506x465S26600507x485
roetgen-bilde,,4197,M563x561S14c08483x442S14c50483x479S20700512x439S26600513x459S1ed10503x540S1ed18472x539S26512451x543S26506534x544S22104551x542S22100551x553S22100439x554S22104438x543
roetter,,4199,M529x529S15a12472x471S1ed26477x484S22f04478x515S22124507x517
roetter,,4200,M526x523S22124504x511S1ed26474x478S22f04475x509
roetter,,4201,M537x524S1ed26464x476S22a04466x509S22a04506x508S22104488x512S22104525x511S26506491x492
roeyk,,4202,M530x539S29607492x488S14c04470x508S17712504x462S22100518x513
rognebaer,,6491,M513x524S15316488x476S2e004491x496
rognetre,,4157,M526x568S11a20476x432S37800486x525S14c10475x494S15a16477x556S2e104503x526
rolig,,4158,M534x530S2f804482x519S26612467x501S26606504x501S15a50505x471S15a50488x471
rolig,,4283,M542x529S15a50505x472S15a50483x472S26612459x501S26606512x501S2f804481x518
rom,,1840,M537x529S10004522x499S1000c463x499S27516472x471S2750e504x471
rom,,4159,M537x532S10004507x502S1000c479x502S27a0e509x468S27a16464x468
rom,,4160,M541x527S10004507x474S1000c479x474S27a0e513x498S27a16460x498
rom,,5584,M538x533S27616471x468S2760e504x469S10004523x503S1000c463x503
rom-fart,,4161,M535x577S36d00479x464S14c21482x429S2890a506x423S11558483x547S11552488x544S25e07501x512
rom-skip,,4162,M535x576S36d00479x466S14c21482x431S2890a506x425S18527496x549S25f00493x505
rom-sonde,,4163,M539x535S36d00479x401S14c21482x368S2890a506x364S2ff00484x483S10e00496x505S2e305516x512
romfart,,4284,M537x552S36d00479x486S14c2f484x450S2880a511x449S1155e490x523S11558488x522S25d07519x507
rominnhold,,4164,M545x514S26a02507x486S26a16479x487S16d10528x489S16d18456x489
rominnhold,,4285,M542x514S26a02506x486S26a16482x487S16d10525x488S16d18459x488
rominnhold,,6077,M546x514S26a02510x486S26a16475x487S16d10529x489S16d18454x489
romskip,,4286,M533x561S36d00479x474S14c2f484x441S2880a511x439S18527496x534S25e00493x498
romsonde,,4287,M535x536S36d00479x458S14c2f488x425S2880a512x418S2ff00483x483S10e00490x502S2e305512x513
RoR,,5189,M539x508S17650505x492S17650482x492S26512462x494S26506524x492
rose,ros,1309,AS17630S22a00S14d10S33100M518x581S33100482x482S14d10486x521S17630492x565S22a00493x545
rosa,,348,AS2ff00S18202S21100M539x518S2ff00482x483S18202524x490S21100501x495
rosa,,4165,M533x530S2ff00482x483S21100498x498S15a10521x503
rosa,,4166,M539x521S2ff00482x483S21100499x498S18232524x498
rose,,4167,M522x563S33100482x483S22b00493x510S17706493x543S22100510x520
rosin,,4168,M541x522S1001a459x507S17710490x499S20700479x479S2c300515x493
rosin,,6492,M540x521S17710489x499S1001a461x506S20700480x480S2c300514x493
rot,,4169,M518x517S15312482x502S22a04490x484S22104506x486
rot,,4170,M518x530S15312482x515S22a04490x497S22104506x499S17742490x470
rot,,4171,M519x536S15a12482x465S1ed26488x476S22b04487x506S22104507x519
rot,,4172,M519x552S15a12482x449S1ed26488x460S22b04487x490S22104507x503S1eb17490x525
rot,,4173,M537x518S1531a463x483S15316463x503S2ea02497x483S2ea46498x502S2fb06531x493
rot,,4174,M520x528S15a12481x472S1ef16489x480S22a04490x513S22104508x517
rot,,4175,M520x544S15a12481x457S1ef16489x465S22a04490x498S22104508x502S1f416490x515
rot,,4176,M518x550S14c10483x450S37800494x480S1501b482x502S26514489x535S22100506x542
rot-fibre,,4177,M531x578S15a12469x423S15a12471x528S1ef16478x430S22a04481x463S22104500x462S22a03471x545S22a05489x545S1f417510x548
rotating staying in one place,,4995,M546x527S10050502x496S10058485x496S15d30527x500S15d38455x501S2a210472x475S2a208505x474
rotfylle tann,,4178,M522x576S15a12479x425S22104510x464S1ef16488x432S22a04491x465S15a12481x528S22a00490x543S18210485x561
rotte,,4179,M524x528S2fb04493x522S22a04510x507S22a14476x508S10040509x473S10048476x475
rotte,,4180,M530x513S11813505x488S29202470x495
rotte,,5283,M527x526S2fb04492x520S22a04512x509S22a14474x509S10040512x475S10048474x475
rotte,,5284,M531x513S11813506x488S29202470x498
rov-,,4183,M540x527S36d00479x517S15320525x502S2f710527x491S26601498x483S22104493x472S2f900519x476
rov-,,4184,M540x532S36d00479x522S15320525x507S2f710527x496S26601498x488S2f900514x476S20320487x467
rov-dyr,,5285,M541x572S36d00479x477S15320526x460S2f710523x449S26601499x441S2f900516x428S22104498x428S11813516x547S11813499x544S26521490x534
rovdyr,,4185,M540x527S36d00479x517S15320525x502S2f710527x491S26601498x483S22104493x472S2f900519x476
ruge,,4186,M519x526S17150481x487S17158501x487S20500495x475S22a24494x511
rumle i magen,,4187,M521x532S36d00479x528S21100495x512S15002481x487S36d00479x469
rundt-om,rundt om på marken,938,AS14c57S2d60cS2d608M534x521S14c57508x480S2d608471x479S2d60c466x508
rur,,4740,M519x534S15a18482x470S15010494x467S20f00493x504S22f04493x520
rur,,5479,M519x531S15a18482x473S15010494x469S20f00493x502S22f04493x517
rur,,5882,M519x533S15a18481x471S15010493x467S20f00493x504S22f04494x519
rur,,6516,M520x532S15a18480x472S15010495x469S20f00494x503S22f04494x518
rust,,4188,M524x520S15a16479x508S15012476x481S20e00512x499
rust,,4288,M523x520S20e00511x501S15012477x480S15a16484x508
rust,,6517,M539x533S11541474x504S11549462x506S27103493x487S21213502x467
rust,,6518,M529x524S11541483x495S11549471x497S27103502x478S21100476x477
rygg,,4189,M524x546S2ff20476x483S20500495x521S15a42490x534
rygg-rad,,4190,M524x654S2ff20476x483S20500496x521S15a42488x537S1f126492x579S22c04492x612
rytme,,4191,M530x534S15a10490x467S15a18471x467S28a26493x496S28a2e494x517
rytme,,4289,M529x533S15a10496x468S15a18472x468S28926500x500S2892e498x518
rytter,,4192,M518x588S15a48482x475S10e04482x450S20700500x475S26620482x413S1ed16482x527S22b04482x558
rå,,4295,M533x546S30004482x483S1f502482x522S21100500x531S26506518x531
rå,,4296,M518x535S2ff00482x483S1f510478x520S21100481x502S26506495x500
råstoff,,4297,M539x571S14c50495x429S26603486x465S20300475x491S18514471x534S1851c504x534S21200487x525S26612461x555S26606509x555
rød,rødt,14,AS10012S26602S21100S33b00M544x533S33b00482x482S10012514x513S26602471x504S21100494x519
røntgen,,4292,M525x534S26600507x492S20700507x475S14c08477x467S14c50476x503
røntgenbilde,,4291,M562x551S14c08485x449S14c50484x485S20700517x452S26600518x469S1ed10503x530S1ed18471x530S26512451x535S26506533x535S22100550x544S22100438x543S22104550x534S22104438x533
røre-i-grøten,,378,AS20300S16c48S2e500S2f900S2f900M523x531S2e500500x504S16c48477x493S20300502x470S2f900479x520S2f900505x489
røtgen,,4290,M525x534S26600507x492S20700507x475S14c08477x467S14c50476x503
røtter,,4293,M521x526S15a1a483x474S1ec26485x484S22f04480x512S22104509x512
røyk,,4294,M526x537S14c04475x506S22100514x509S29507494x486S17712505x463
s,S,398,AS20320M507x507S20320492x492
s,S,809,AS1f410S22104M514x513S1f410485x498S22104486x487
s,S,810,AS19821S19809S20700M519x524S19821500x497S19809481x495S20700499x475
S,,1537,M515x508S1f410486x493
S-munn,,85,AS36100M518x517S36100482x482
S-munn-hånd int.,,591,AS20320S36100M543x540S36100482x482S20320528x525
s-munn-hånd-norsk,,811,AS1f410S22104S36100M548x545S1f410519x530S22104520x519S36100482x482
S38800464x496 0x0 S38800464x496,utropstegn,1197,
saed,,6547,M519x539S11552489x502S11528482x509S20e00488x494S26600485x462
saedcelle,,6548,M519x567S11552489x473S11528482x480S20e00488x465S26600485x433S16d10502x547
saft,,4209,M521x523S16d40492x479S16d48489x503S21600511x512S2f900510x503S21600481x486S2f900480x478
saft,saftig,6493,M530x522S16d40489x480S16d48485x502S22120508x508S22120471x487S2f900511x497S2f900477x479
saft,saftig,6494,M530x522S16d40489x480S16d48485x502S22120508x508S22120471x487S2f900511x497S2f900477x479
saftig,,4210,M521x523S16d40492x479S16d48489x503S21600511x512S2f900510x503S21600481x486S2f900480x478
saks,,4211,M529x508S10e02499x493S22714472x494
saks,,5290,M527x508S10e02497x493S22714473x495
saks,,5291,M534x516S10e32504x500S37706469x514S3780a467x484S22714479x502S26502488x485
sal,,4212,M537x533S10004507x502S1000c481x503S27a0e509x468S27a16464x469
sal,,4213,M539x530S10004506x470S1000c480x471S27a0e511x501S27a16462x500
sal,,4214,M545x513S16d50502x487S16d58480x487S28813456x493S2880b525x493
salathode,,4668,M538x516S15317503x493S1531f474x493S22100526x485S22100462x486
salathode,,5240,M527x517S15317504x494S1531f473x494S22100512x483S22100476x483
salathode,,6495,M540x517S15317507x494S1531f469x494S22100528x484S22100461x484
salt,,4298,M513x520S16d5f491x480S22f04488x506
salt,,4299,M514x521S22f04486x507S15311491x479
salt,,5222,M513x519S16d5f490x482S22f04488x505
salt,,5223,M513x521S15311489x480S22f04488x507
salt,,5632,M513x519S16d5f491x482S22f04488x505
salt,,5633,M513x521S15311490x480S22f04488x507
salve,,4300,M519x524S15a1a492x493S21100481x476S11550497x494
samfunn,,6519,M513x526S14c50488x474S2e736488x510
samlet,,5185,M509x510S16d10492x490
samme-som,,1932,M520x522S10050505x492S10058480x492S20600490x478
sammen,,1028,AS15a40S15a48S26502S26516M536x514S15a40502x487S15a48487x487S26502521x495S26516464x495
sammensatt,,4301,M520x539S17711499x461S1771f481x478S17717500x520S17719485x503
sammensatt,,6078,M520x545S17711499x456S1771f480x476S17719480x506S17717500x526
samtidig,,4302,M526x547S20500488x453S10050495x468S10058476x468S10010474x517S26606496x521
sand,,4303,M543x525S21200487x483S18514468x490S1851c508x490S22100503x475S22100487x475S26612457x508S26606513x509
sant,sann,1057,AS20300S20304S20b00M517x517S20300487x482S20304482x502S20b00504x496
sant,,4304,M508x525S22a04495x493S20300493x475S20300492x510
satelitt,,4305,M519x524S17711493x476S17600482x499S2e700504x499
satelitt,,5771,M518x524S17600483x498S17711494x476S2e700503x499
sau,,4794,M540x519S15a1a504x507S37806471x512S21100493x489S10e1e510x488S26602460x488S22104471x481
sau,,5697,M540x518S15a1a508x506S37806476x511S10e1e510x487S21100494x489S26602461x488S22104474x482
vær,saubukk,2066,AS10012S1001aS2960cS29614S2ff00M562x523S2ff00482x483S10012532x483S1001a447x482S2960c520x487S29614466x489
saubukk,,4795,M571x520S2ff00482x483S22b04520x490S22b14463x487S2f005529x479S2f015449x475S2fb00528x469S2fb00454x465S10011550x476S10019426x475
saubukk,,5698,M571x520S2ff00482x483S22b04520x490S22b14463x487S2f005529x479S2f015449x475S2fb00528x469S2fb00454x465S10011550x476S10019426x475
se,,939,AS10e00S26500S31400M541x533S31400482x482S10e00526x503S26500527x479
se,,4306,M539x551S31400482x483S10e00503x521S26600523x503
se ned på,,56,AS10e51S22204S32104S30154M527x566S32104482x490S30154495x476S10e51497x541S22204487x553
se ned på,,59,AS10e51S22204S32104S30350M528x562S32104482x490S30350496x475S10e51498x537S22204489x549
se-deg,,1839,M535x535S31400482x483S33e00482x483S10e00516x505S26500521x486S10040519x452
se-deg,,5585,M535x535S31400482x483S33e00482x483S10e00519x505S26500521x487S10040520x453
se-der-fremme,,580,AS10040S26500S32400M547x517S32400482x482S10040526x462S26500533x439
se-der-høyre,,510,AS10e00S26607S32407M555x531S32407482x482S10e00523x501S26607533x470
se-der-oppe,,949,AS1f540S2c607S20e00S34900S32107S37100S37150M538x570S34900480x482S1f540491x546S20e00500x534S2c607515x541S37100478x516S37150471x514S32107480x482
se-der-v,,793,AS10e00S26602S32402M518x523S32402482x482S10e00459x493S26602424x492
se-der-venstre,,262,AS10e00S26601S32401M518x535S32401482x482S10e00463x505S26601446x481
se-herberge,se-hotell,935,AS15a41S15d49S27103S20800S37700S32406S36d01M565x556S15d49539x533S15a41527x495S37700545x517S20800530x527S27103538x480S32406476x482S36d01482x514
se-ned-til-venstre,,1838,M551x532S32105482x483S10e07516x504S22a05538x518
se-ned-til-venstre,,5586,M548x536S32105482x483S10e07511x508S22a05535x522
se-utover-lenge,,5587,M595x557S33500476x482S2f900502x491S2f900487x492S36d00479x527S37b13499x526S10e57526x527S27101554x506S2f804557x538
se-utover-venstre,,1837,M590x553S32d00482x482S33500476x482S36d00479x523S10e57534x523S27101559x501S2d634564x542
se_på_utsikt,,5162,AS11550S2d508M511x523S11550493x477S2d508489x514
sei,,5481,M518x534S15a48483x499S10002488x519S21100499x501S26600498x467
sei,,6520,M516x527S15a48485x494S10002485x512S21100503x493S26500502x473
seig,,4307,M538x530S2f900495x509S26612463x495S26606508x495S1ea18465x471S1ea10513x471S2f804482x519
seilbåt,,1033,AS15a00S15b28S26520S20500M513x536S20500500x525S15b28487x496S15a00501x491S26520492x464
sein,,4308,M539x522S36d00479x479S1f512489x490S21100472x491S26606509x490S2f804481x511
sekund,,4309,M529x526S10011508x496S26c0a488x476S15a18472x474
sekund,,6079,M530x523S15a18470x477S26c0a489x477S10011509x493
sekunder,,4310,M526x526S15a18474x475S20602490x479S10011505x496
sekunder,,4311,M529x515S15a18471x485S20602487x489S10102499x499
sekunder,,6080,M527x522S15a18474x478S20602490x481S10011506x492
sekunder,,6081,M531x515S15a18470x485S20602487x488S10102501x499
sel,,4741,M551x534S36d00478x530S20500508x516S20500478x516S15d04517x503S15d0c463x502S22104539x508S22104448x508S2fd00489x487S36d00480x466
sel,,4742,M561x548S36d00479x453S15a51454x480S15a57517x479S20500472x500S20500510x499S2c606534x505S2c606532x524S2c613435x503S2c613439x523S2fc04490x537
sel,,5368,M553x532S36d00478x528S15a00515x501S15a00471x502S20500503x502S20500485x502S22120531x507S22120443x508S2fc00492x480S36d00480x468
sel,,5482,M552x530S36d00479x526S20500510x508S20500479x508S15d04518x498S15d0c462x499S2fd00489x497S22104540x506S22104446x506S36d00479x470
sel,,5483,M571x532S36d00479x469S20500515x495S20500478x495S15a57522x475S15a51457x475S2c606542x495S2c606544x515S2c613432x496S2c613430x515
sel,,5883,M561x548S36d00479x453S15a51454x480S15a57517x479S20500472x500S20500510x499S2c606534x505S2c606532x524S2c613435x503S2c613439x523S2fc04490x537
sel,,6521,M561x548S36d00479x453S15a51454x480S15a57517x479S20500472x500S20500510x499S2c606534x505S2c606532x524S2c613435x503S2c613439x523S2fc04490x537
selv,,1421,AS1f710S20500M513x514S1f710486x499S20500503x486
selvmord,selvdrap,1423,AS1f510S26a04S20600S36a00M546x540S36a00482x477S26a04519x506S1f510524x525S20600489x525
semi-permeabel,,6522,M537x577S15a19477x423S15a11484x426S21201499x441S26a05516x458S14c10492x546S14c0a463x538S20710489x523S26a00493x508
sen,,4312,M540x523S36d00479x477S21100470x493S1f512488x493S26606510x493S2f804482x512
sen,,4313,M529x518S10000472x482S26606493x489S2f804491x507
sende ut,,4314,M530x541S14c50506x460S14c58471x460S26500511x496S26510475x496S22100512x515S22100476x514S17720506x526S17728474x526
seng,,90,AS15a40S15a48S26604S26614S2fb04M534x539S15a40522x461S15a48470x461S26604518x497S26614467x496S2fb04493x533
sent,,4315,M529x516S10000472x484S26606495x489S2f804491x505
senter,sentrum,33,AS1c512S15a16S20500M515x523S15a16487x511S1c512484x478S20500505x497
sentrum,sentral,1030,AS1c512S15a16S29503S20500M516x538S15a16487x526S1c512484x493S20500505x512S29503491x461
sentralfelt,,36,AS14c57S14c5fS22b03S22b15S18557S1855fM563x537S14c57537x463S14c5f438x464S18557502x509S1855f478x510S22b03514x487S22b15463x489
sentrum,,4316,M524x522S20500492x511S1c510494x479S15a30477x483
september,,1084,AS1f420S22114M517x513S1f420488x498S22114482x486
september,,1155,AS14c12S1f50aS22522M523x524S1f50a507x500S14c12492x482S22522477x477
sette seg,,812,AS11851S11557S22a04S20500M521x535S20500493x482S11557479x508S11851490x495S22a04491x465
sette-kloerne-i,,2184,M511x520S12210489x493S21600495x481
sette-kloerne-i,,2185,M531x514S12210469x487S12810508x489
sette-seg,,248,AS11851S11557S22a04S20500S33e00M521x603S33e00482x482S11557479x576S11851490x563S22a04491x533S20500493x550
short circuit,,5304,M518x531S1155a482x495S10050503x501S20b00503x486S22a04504x469
shoulder,,4342,M521x512S36d00479x496S15a01478x489
si,,470,AS10010S26600S33b00M535x551S33b00482x483S10010486x521S26600519x511
si-vennlig-mot-venstre,,961,AS10010S26601S33e00S32103M518x555S33e00482x483S10010486x525S26601466x508S32103482x483
side,,1930,M518x527S22a04498x505S21100499x488S15a12491x473S15a18483x500
side,,1931,M534x520S15a50467x493S15a50485x493S20500478x480S26606504x501
sidekant,,245,AS15a02S15a18S22a04S21100M517x525S15a02490x477S15a18483x474S21100500x494S22a04501x510
sidelinje,,2553,M518x525S15a48483x491S10002487x510S26504504x491S21100505x475
sidelinje,,5884,M517x526S15a48484x493S10002487x511S26504500x490S21100500x474
sidelinje,,6523,M518x526S15a48482x494S10002488x511S26504502x491S21100502x475
siffer,,4317,M526x525S1f116475x496S26500482x476S26506496x480S26500512x476
siffer,,6082,M520x530S26500486x471S26506495x485S26500506x473S1f116480x501
sige-vann,,6524,M532x575S26627503x426S2f900496x431S14c57506x453S14c59468x456S14c04490x544S22104495x532
sigmoid,,6525,M555x525S10011477x495S10019446x495S26606494x489S2890a526x476
Signo,,423,AS17110S17118S22a20M513x529S17118487x509S17110496x497S22a20497x471
SignPuddle,TegnDam,1383,AS14c40S14c48S2e800S2e84cS14c51S16f36S22a04S22621M524x581S14c40498x435S14c48476x419S2e800504x470S2e84c482x458S22a04489x542S14c51497x525S22621483x516S16f36493x555
SignPuddle off-line,Tegndam offline,1385,AS14c40S14c48S2e800S2e84cS14c51S16f36S22a04S22621S10652S1064aS26506S20e00M534x602S14c40488x414S14c48466x398S2e800494x449S2e84c472x437S22a04479x521S14c51487x504S22621473x495S16f36483x534S1064a473x587S10652490x571S20e00502x590S26506519x588
SignPuddle on-line,Tegndam online,1384,AS14c40S14c48S2e800S2e84cS14c51S16f36S22a04S22621S10652S1064aS20800M525x602S14c40497x414S14c48475x398S2e800503x449S2e84c481x437S22a04488x521S14c51496x504S22621482x495S16f36492x534S1064a482x587S10652499x571S20800489x574
SignText,TegnTekst,616,AS1eb20S15a08S24804M519x528S15a08481x472S1eb20495x478S24804501x500
sild,,5484,M526x527S11541489x500S11549475x500S21100499x486S26507513x473
sild,,5485,M515x534S26500498x500S1dc50490x466S1f420486x519
sild,,6526,M527x528S11541486x500S11549474x501S21100500x484S26507514x472
sild,,6527,M512x524S1dc50488x476S26500497x509
sinuskurve,,449,AS10051S1dc28S29a06M545x515S1dc28454x485S10051515x489S29a06475x484
sirkel,,163,AS10050S10059S2e402S20500M536x530S10050499x500S10059464x500S20500491x483S2e402503x470
sirkel,,317,AS10050S2e402M519x530S10050482x500S2e402486x470
sirkel,,814,AS10050S2e40bM514x535S10050497x505S2e40b485x465
sirkel,,1929,M512x530S10050493x500S2e308489x470
sirkel,,4318,M515x524S10040500x494S2e309486x477
sirkel,,6083,M516x522S10040501x492S2e309484x479
sirkel-radius,,6084,M561x548S10048467x494S20500472x486S26606485x482S28b0a466x452S28b0c507x478S28b08440x477S28b0e461x528S10012531x488
sirkelradius,,4319,M530x531S10012500x477S10048479x501S2e308471x469S26506476x480
sirkelradius,,6085,M526x532S10048484x502S2e308475x469S26506480x479S10012496x471
sist,siste,1190,AS19240S19209S22a04S20e00S22a04M524x531S19209476x498S19240503x501S20e00494x487S22a04493x516S22a04494x469
sitron,,6496,M524x686S31500482x483S16700478x488S1500f489x530S2df0c503x565S15310501x638S15318493x638S20700496x671
sitte,,1032,AS11851S11557S20600M521x529S11851490x489S11557479x502S20600490x472
situasjon,,4320,M536x527S10000512x497S10008471x497S2ef05516x474S2ef15465x474
sjanse,,4321,M514x531S15a06487x495S10000486x501S22b00492x470
sjanse,,4322,M521x520S15340506x480S26603479x498S22104479x500S21600481x491
sjanse,,4323,M527x530S15340512x470S26603485x488S20300473x515
sjanse,,4324,M531x520S15340516x481S2880e489x493S20300470x489S15a16488x508
sjef,,872,AS1f540S22a00M507x523S1f540492x499S22a00493x477
sjelden,,4325,M532x519S1eb40468x500S26506496x504S26506517x505S21100519x489S21100498x489S22100520x481S22100498x481
sjiraff,,5699,M518x582S36a00482x477S22d00493x522S1710e485x565
sjo,,5224,M527x514S15a50474x487S29906495x493
sjoe,,5390,M542x514S15a50459x487S2e732517x494S29a06477x497
sjoe,,5634,M524x514S15a50476x487S29906492x495
sjoe(er),,6529,M540x514S15a50461x487S29906478x495S2e732515x490
sjoe-vann,,5391,M528x556S15d50472x445S29a06493x449S17712492x517S22a04494x541S22100513x545
sjoe-vann,,6528,M528x554S29906496x453S15d50473x446S17712489x512S22a04491x535S22100502x547
vann,sjø,1046,AS14c51S28706M536x513S28706504x489S14c51464x487
sjø,,4326,M524x514S15a50476x487S2990a492x496
sjø,,4327,M540x514S15a50460x487S29906479x495S2e732515x489
sjø-vann,,4328,M529x540S15d50472x460S29906497x466S17712496x502S22a04496x525S22100512x521
skade,,4329,M528x524S20350507x477S20350476x477S2a210472x496S2a208505x496
skadet,,4330,M529x525S20350509x475S20350477x475S2a210472x497S2a208506x496
skall,,4331,M526x519S2c300500x482S17111477x483S20301475x498
skall,,4743,M526x517S17614474x501S17111476x484S2c300500x494
skall,,5369,M526x519S20301474x498S17111475x481S2c300500x484
skall,,5486,M525x517S17618475x501S17111476x483S2c300499x492
skarp,,4332,M531x525S10041487x495S10049470x490S20e00497x487S28807511x476S2f710502x477
skate,,5487,M556x531S26713474x469S26705504x470S26715472x500S26703503x499S1f104445x502S1f10c527x505
skate,,6530,M552x531S26713471x469S26705501x469S26715471x500S26703502x500S1f004448x507S1f00c523x508
skelvekt,,6086,M532x531S2f804482x520S23100506x499S23110469x500S15a30508x470S15a30483x470
skeptisk,"tviler, tror-jeg-ikke-helt-på, tviler-på-det",1551,AS1e101S21200S22f04S20500S2f900S35000M528x537S35000482x483S2f900517x516S1e101485x505S20500517x503S21200455x508S22f04457x523
skifte,,4333,M519x522S15a50481x495S15a50507x495S26607491x478S26611488x478
skilpadde,,1481,AS1f540S1715aS22716S20800M517x532S1f540482x494S1715a484x514S20800507x508S22716484x467
skilpadde,,4744,M515x538S1711a492x521S1f540493x503S26620492x463S22106508x484S22102485x476S22102485x490
skilpadde,,4745,M513x541S1711a493x524S1f540494x506S26620491x459S22120488x496
skilpadde,,5370,M519x540S18219481x513S1f540486x500S20800488x530S22101510x497S26620486x461
skilpadde,,5488,M516x543S1710a493x517S1f540495x497S26620494x457S22102486x469S22102485x485S22106509x477S20800497x533
skilpadde,,5489,M516x543S1710a493x517S1f540495x497S26620494x457S22102486x469S22102485x485S22106509x477S20800497x533
skilpadde,,5490,M511x546S1710a491x520S1f540493x500S20800493x536S22120489x489S26620493x455
skitt,,4334,M518x537S2ff00482x483S2e300488x485S20310491x522
skjaer,,5635,M524x514S15a50477x487S2890a495x494
skjaergard,,5636,M530x534S15a1a503x522S37806471x528S2ef04493x500S2ef04470x501S10004476x466
skje,,4335,M514x532S10010489x502S15a06487x484S22b00492x469
skjell,,4746,M524x515S17111504x486S1711e501x498S20600477x490
skjell,,4747,M517x517S17147501x496S1714f483x497S20600490x483
skjell,,5371,M523x514S17111503x486S1711e502x497S20600478x493
skjell,,5491,M523x515S17111503x486S1711e501x498S20600477x487
skjell,,5492,M519x518S17147503x498S1714f482x497S20600489x483
skjell,,5493,M519x518S17147503x498S1714f482x497S20600489x483
skjell,,5885,M518x518S17147502x498S1714f483x498S20600489x483
skjell,,6531,M518x518S17147502x498S1714f483x498S20600490x483
skjelve,,4336,M528x541S14c04503x499S14c0c472x499S2fa00508x534S2fa00478x534S2a410472x459S2a408503x459
skjermbilde,,4337,M548x523S36d00479x478S10002518x489S1000a451x489S21200486x496S24202509x498S2421a468x499
skjermbilde,,4338,M546x522S36d00479x479S10002516x489S1000a454x489S24202505x498S2421a472x498
skjær,,4339,M519x514S15a50481x487S2880a497x493
skjær,,5225,M519x514S15a50481x487S2880a497x492
skjæring med y-aksen,,457,AS10012S1dc28S26506S20e00M542x515S1dc28459x485S26506527x492S20e00512x494S10012476x493
skjæringspunkt,,358,AS15a41S15a39S26605S21100S10012S15a18S20500M528x547S15a39492x470S15a41472x454S26605494x476S21100472x478S15a18491x519S10012498x532S20500476x528
skjæringspunkt,,1034,AS10011S10019S22b05S21100S10011S10019S22a01S20500M536x554S10011491x465S10019474x458S21100474x447S22b05512x491S10011483x512S10019465x504S22a01505x540S20500468x497
skjæringspunkt,,1035,AS10011S15a19S22b05S21100S10011S15a19S22a01S20500M535x553S15a19473x456S20500467x496S21100468x447S22b05511x490S15a19466x501S22a01504x539S10011486x465S10011482x511
skjæringspunkt,,1928,M532x534S15d11497x466S15d09469x466S21100475x472S26505488x486S20500492x515S15a18476x507S10012502x519
skjæringspunkt med y-aksen,,581,AS10012S1dc28S26506S20e00S26502S20500S2f900M541x524S20500459x494S10012476x497S20e00511x498S26502478x476S2f900459x488S1dc28459x494S26506526x496
skjæringspunkt med Y-asken,,1927,M539x598S15d11511x402S15d09482x402S26505501x421S21100489x408S20500499x454S15a18484x445S10012509x459S19a20489x508S22b00496x531S10050494x568S10059462x569
skli,,4340,M508x543S15a50493x516S15a30494x469S20e00494x498S26600492x458
skog,,385,AS14c00S15a16S2e230S26626S37800S37b0bM539x540S15a16481x528S14c00480x460S37800490x494S37b0b492x514S2e230461x488S26626509x496
skog,,4341,M528x536S14c10473x465S37700484x495S15a1a474x524S26626494x504S2e104505x464
skog,,5546,M541x537S14c10459x463S37800470x493S15a56459x525S2e230485x490S26626511x500
skog,,5547,M543x530S14c10458x470S37800470x498S2e230489x496S26606513x506
skog,,6532,M538x541S15a1a464x529S14c10462x460S37800473x492S2e104495x465S26726496x513
skogstjerne,,5548,M537x570S14c10464x430S37800476x458S2e230495x456S26506522x467S15317473x529S2e230507x538
skole,,206,AS15a00S15a00S26a02S26a16M531x515S15a00486x484S15a00501x484S26a02517x488S26a16468x487
skole,,5374,M534x519S2fb04491x513S26a02505x484S26a16482x485S15a00522x482S15a00466x484
skole,,5505,M535x519S26a02505x483S26a16481x484S2fb04493x513S15a00523x483S15a08466x481
skrelle appelsin,,6497,M522x527S15308507x495S1f905499x474S20f00478x499S22f04478x513
skrelle banan,,6498,M525x525S17600489x509S2b705511x499S2b702476x476S1eb00499x478
skrelle poteter,,6499,M545x516S15348456x491S1e140476x484S2c405506x490
skrift,skrive,342,AS1eb12S15a16S27b07M526x518S15a16473x506S1eb12479x481S27b07501x487
skrift,skrive for hånd,1176,AS1eb20S15d09S26507S20e00M523x527S15d09476x496S1eb20484x508S26507510x473S20e00498x486
skrive,skrift,1456,AS1eb10S15a07S24804M518x528S24804498x500S15a07481x473S1eb10494x480
skrujern,skru i med skrujern,548,AS1ea1cS2e00aM513x538S1ea1c487x463S2e00a494x494
skulder,,4344,M521x512S36d00479x496S15a01478x489
skuldrene er vendt mot venstre,skuldre venstre,25,AS36d01M521x505S36d01479x494
"skuldre, hode ovenfra, v",,787,AS2ff23S2ff32M521x521S2ff23479x479S2ff32482x484
skum,,4343,M524x514S15a30512x486S2950e476x501
skum,,5226,M524x514S15a30512x487S2950e477x498
skum,,5637,M525x514S15a30513x487S2960e476x495
skum,,5772,M526x514S15a30514x487S2960e475x494
sky,,4345,M521x533S36d00479x529S14c30493x486S2ea32492x467
sky,,5773,M521x535S36d00479x531S14c30495x482S2ea32496x464
skyer,,6533,M543x525S36d00479x521S14c01476x474S14c0f438x476S29626509x479
skygge,,4346,M522x518S15a20490x483S15a20479x491S26c0a507x489
skygge,,4347,M527x520S15a10515x481S15a10498x481S28803474x500
skygge,,5774,M520x516S15a20490x484S15a20481x489S26c0a505x485
skygge,,5775,M531x525S15a10500x483S15a18519x475S28903470x498
skylle-væske,,4348,M517x561S15a16484x489S15a50490x470S26c0a487x440S17752490x521S22a04492x546S22100505x542
skyte,,2189,M512x521S1dc40488x491S21600499x480
skyte,,2190,M512x538S1dc40488x462S1e140488x512
skyve-bevegelser,,4349,M525x552S26522475x458S15a48495x449S20310510x457S10000502x490S26c0a502x525
skyvebevegelsar,,736,M555x530S15a48465x477S20310481x487S26522445x486S26c0a538x503S10000540x471
skålvekt,,4350,M528x531S15a30509x470S15a30480x470S23104502x499S23114472x500S2f804482x520
slag,,4351,M512x547S10004497x454S20500494x502S22a04492x485S14c38488x516
slag,,4352,M513x529S10004498x471S14c38488x498
slagg,,2547,M514x545S10004491x455S22a04486x486S20500487x503S14c38490x514
slaglengde,,763,M586x523S15a18434x486S20310449x497S26522414x495S10010543x477S10018523x477S26712496x507S26706544x507
slange,,4864,M539x511S10012509x496S2dd00461x490
slange,,5538,M539x513S10012509x498S2dd00462x487
slange,,6534,M555x508S17610504x492S17614482x492S26612446x492S26606525x492
slapp,,4353,M529x521S14c04506x480S14c0c471x480S2fa00511x514S2fa00478x513
slekt-slekt,,910,AS11541S11549S26a05S20e00M529x522S11541485x495S11549471x495S20e00499x477S26a05508x486
sludd,,4354,M570x527S36d00479x517S14c50508x482S14c58469x482S2fb00494x473S2c400530x504S2c411430x504
sludd,,5776,M570x526S36d00479x522S14c50502x483S14c58475x483S2fb00494x473S2c400530x490S2c411427x489
sluk i gulvet,,2195,M512x537S14c30488x463S22a04494x499S17736493x517
sluk i gulvet,,2196,M510x536S22a04491x496S15738492x465S17736491x516
slukke,,4355,M542x512S22104503x493S22100503x504S22100486x504S22104485x493S15d17458x489S15d1f519x488
slukke,,4356,M533x514S15d20514x487S15d28468x487S22100488x504S22104488x495S22100502x504S22104502x495
smak,,4357,M518x539S33b00482x483S10000486x509
smake,,4358,M518x539S33b00482x483S10000486x509
smell,,4359,M567x518S33000476x483S26502528x495S26516457x496S2f710526x484S2f710459x484S22104543x487S22104442x487S17710547x495S17718434x496
smelte,,4360,M587x513S17d1c502x487S17d14474x487S2fb04492x507S26612439x487S26606531x487S18514413x489S1851c562x488
smelte,,5638,M593x515S17d14475x487S17d1c505x488S2fb04495x509S26612440x487S26606531x486S18514408x488S1851c568x486
smelte,,5777,M587x515S17d14474x486S17d1c503x486S2fb04493x509S26612441x485S26606529x486S18514413x489S1851c562x490
smil,,137,AS33e00S31400M518x517S31400482x482S33e00482x482
smile,smil,827,AS10011S10019S28807S2881fS21100S21100S33e00S31400M547x537S31400482x482S33e00482x482S10019469x507S10011508x507S2881f457x493S28807521x489S21100451x514S21100534x510
"smil, lett",,353,AS33e00M518x517S33e00482x482
vodka,Smirnoff,636,AS15d54S20b00S36a00M547x536S36a00482x477S15d54528x509S20b00511x509
vodka,Smirnoff,637,AS15d54S26502S20b00S36a00M574x537S36a00482x477S15d54514x510S20b00541x512S26502559x512
småstein,,4362,M533x518S17712468x488S21200493x495S22114494x511S26706491x482
smør,smøre,1189,AS21100S26503S22103S18257S15d39M524x523S15d39476x483S21100511x477S26503498x492S18257483x498S22103503x511
smøre med krem,,4361,M520x519S15a1a493x497S11550500x489S21100480x481
snegl,,1482,AS11830S1505aS22610S20800S26520S2f800M524x542S11830486x502S1505a485x516S20800514x510S22610486x487S26520488x465S2f800476x457
snegl,,4748,M529x530S10a11501x504S21800493x488S26601471x483S2f807497x471
snegl,,4865,M530x528S10a11502x502S21800500x488S26601471x473
snegl,,5372,M527x523S10a11499x497S21800492x481S26601473x478
snegl,,5494,M527x528S10a11499x502S26601473x482S21803490x484S2f807493x473
snegl,,5539,M529x522S10a11501x496S26601472x478S21800497x481
snoe pa bakken,,5778,M521x536S36d00479x464S37800476x465S37c0a479x486S20b00471x501S1eb00477x517
snu - og - velte,,784,M616x534S1001e404x490S1001a384x479S2b714441x481S2c601457x479S17112510x471S17116511x482S20800536x481S2a200593x499S2a210560x499S2fb04581x528S15a10601x467S15a18568x467
snu opp - ned,,782,M549x517S1001e469x502S1001a451x484S2b714515x492S2c601530x489
snublade,,5542,M535x518S2a200491x490S28a02483x482S15a30523x486S15a50465x486
snø som faller,,4363,M543x532S36d00479x517S14c50506x483S14c58470x483S2fb00492x477S22510510x467S22510468x468S22b04527x501S22b14458x502
snø-på-bakken,,4364,M522x528S36d00479x472S37800479x475S37b0a480x491S20b00482x508S1eb00498x509
Sogn,,1187,AS1ed10S2c304S2ff00M578x517S2ff00482x482S1ed10521x484S2c304551x491
sol,"sola, solen",1372,AS10011S2e307S34400S32107M581x518S32107482x483S10011560x456S2e307531x448S34400482x483
sol,"sole seg, sola skinner",1376,AS17711S22a03S15511S32107M577x518S32107482x483S17711558x426S15511522x457S22a03555x452
sol,,4365,M550x521S36d00479x517S10011529x479S2e309503x480
sol,,5779,M547x524S36d00479x520S10011526x479S2e309499x476
sol-baer,,6500,M565x572S36d00479x475S10011542x429S2e309514x428S17710514x550S1000a484x557S2c300539x545
sol-brent,,5780,M565x518S36d00479x418S10011532x385S2e309502x380S2ff00483x483S20e00503x495S14c10521x487S26506550x499S2f710553x489
sol-verv,,5781,M559x577S36d00479x467S2e309509x424S10011538x425S15a10516x534S15a18502x527S26602480x560S26616516x561
solbrent,,4366,M559x518S36d00481x455S10011534x419S2e309507x419S2ff00478x483S20e00496x493S14c10515x481S26506544x491S2f710544x480
solid,,4367,M515x525S22a04486x493S2f900504x497S20300485x475S20300485x510
solstraler,,5782,M548x531S36d00479x527S26203505x488S22104521x508S17701529x469
solstråler,,4368,M550x532S36d00479x528S26203507x488S22100525x510S17701531x468
solverv,,4369,M548x555S36d00479x493S10011524x446S2e309499x451S15a18497x521S15a10501x528S26612462x531S26606518x531
sommer,,2178,M518x518S2ff00482x483S15a02444x490S20e00487x490S26506502x490S22104449x479
sommer,,2179,M640x518S2ff00482x483S15a02447x490S20e00487x491S26506503x490S22104461x479S17700525x488S15a02574x491S17700620x488
sommer,,4370,M530x518S2ff00482x483S14c02465x482S26606500x485
sommer,,5783,M530x518S2ff00482x483S14c02464x481S26606500x484
sommerfugl,,4866,M565x527S15f31481x504S15f39499x504S22104516x493S22104534x494S22104553x493S22104475x492S22104456x492S22104436x493S20700491x474
sommerfugl,,5540,M565x523S15f01477x500S15f09498x498S22104516x488S22104535x488S22104553x488S22104470x491S22104453x491S22104436x491S20700490x477
sommerfugl,,7842,M559x530S15f01481x507S15f09502x506S20700495x471S22104516x497S22104532x497S22104547x497S22104476x497S22104459x497S22104442x497
sommerkatt,,1387,AS14c02S26506S20e00S2ff00S14c02S14c0aS26506S26512S20f00S2ff00M562x542S26506514x521S26506498x464S14c02518x459S14c02531x518S14c0a441x519S26512474x522S20f00489x522S20e00486x466S2ff00481x459S2ff00483x506
sonde,,4371,M527x521S23004502x503S10a11474x480
sopp,,4372,M523x518S17112477x483S1f518485x503S20600501x490
sopp,,4669,M518x530S17716501x510S16d42498x488S22a00502x470S22100483x482S22104484x470
sopp,,4670,M510x518S17112490x483S1f502495x494
sopp,,5239,M510x519S17112490x482S1f502495x495
sopp,,5248,M515x534S17716500x514S16d40497x489S22a00502x471S22104485x466S22100486x479
sopp,,6501,M519x533S16d40501x488S1771e504x513S22a00505x469S22120481x468S22100491x478
sopp,,6502,M510x519S1f502495x495S17112490x481
sopp,,6535,M525x518S1f510482x503S17112475x482S20600503x492
sort,,2548,M512x531S10004489x470S14c38488x500
sort,,4373,M512x548S10004493x452S22a04493x485S20500495x503S14c38488x517
sort,,4374,M512x530S10004497x471S14c38488x499
sortere,,4375,M516x538S15a40485x462S21200485x492S15a16486x507S26604485x508S26604500x508
sortere,,6087,M516x538S21200486x494S15a16488x511S15a40488x463S26604500x508S26604484x508
sove,,1835,M533x526S31600482x483S15a17510x503
sove,,1836,M529x528S2ff00482x483S15a17506x505
sove,,5588,M531x526S2ff00482x483S15a17508x503
sove,,5589,M531x525S31600482x483S15a17508x502
spalteapning,,6536,M554x513S18217501x488S1821f484x488S22104524x495S22104542x495S22104465x497S22104447x497
spare,,9,AS18200S26a00S20e00S2ff00M546x533S2ff00482x482S20e00523x515S18200490x518S26a00519x500
speedometer,,4376,M525x545S10020476x456S26606495x470S2f710503x461S15a06479x527S10021482x524S2880a491x507
speil,,4377,M512x530S15a00495x471S2e104489x502
speil,,4378,M512x529S15a10495x471S2e100489x500
spenning,,4379,M525x518S11810510x491S11818476x491S2f900513x482S2f900478x482
spenning,,4380,M534x524S10e12504x476S10e16466x509S20500496x510S23100494x491
spille kort,,415,AS1ea41S1ea49S26900S26907S26906M566x523S1ea41470x489S1ea49433x489S26900504x477S26906548x507S26907530x485
spiralfjær,,4381,M544x511S10002457x493S2ef00493x490S2ef00516x491S26706502x494
spise,,250,AS1eb30S20600S33b00M525x539S33b00482x482S1eb30501x520S20600472x521
spise,,829,AS1eb37S26a04S33b00M548x546S33b00482x482S1eb37506x519S26a04521x504
spise,,1037,AS1eb37S22f01S33b00M538x559S33b00482x482S1eb37503x517S22f01517x538
spise,,1834,M518x564S34000482x483S26a04486x521S1eb07498x537
spise,,5590,M518x566S34000482x483S26a04487x521S1eb07496x539
spiss,,4382,M543x512S1000a458x497S1ef10480x493S26606513x492S22100518x505S22104519x489
spole,,4384,M541x511S10002460x494S2ef00494x490S2ef00516x490S26706499x495
spole,,4385,M537x513S10012507x487S1001a463x498S2f000483x489
sponse,sponsor,2777,AS1853dS15a59M519x517S1853d492x498S15a59481x483
spre,,4386,M566x535S17750506x520S17758475x519S26611459x492S26607520x494S14c57540x467S14c5f434x466
spredning,,4387,M562x535S17750476x520S17758506x520S26611464x492S26607513x493S2fb00493x495S14c57536x465S14c5f438x465
sprenge,,4388,M566x514S17710510x498S17718471x498S26612435x498S26606536x498S22100540x495S22100450x495S2f900541x487S2f900452x487
sprenge,,4389,M589x516S17710508x498S17718471x498S26612436x498S26606532x498S22100537x494S22100450x494S2f900538x485S2f900451x486S14c10566x485S14c18411x485
sprette,,5550,M508x516S17736493x496S21b00495x485
sprit,,4390,M544x528S30005482x483S20310529x513S20500515x515
sprute,,4391,M543x527S17726509x507S1772e476x507S26607521x481S26611457x481S22100515x483S22100473x482S2f900516x475S2f900474x474
språk,,1205,AS14c00S14c39S22b04S21100M516x540S14c39485x461S14c00483x509S21100503x482S22b04486x476
sprøyte,,4392,M510x522S13d06491x493S22102503x478S22106492x478
Sri Lanka,,1404,AS1ee42S14c37S2df0fM520x531S14c37493x505S1ee42480x499S2df0f487x468
stat,Stadt,325,AS15352S22a04S15a16M514x525S15a16487x513S15352486x493S22a04494x475
trampe,stampe,7796,AS15a50S15a50S23108S23118S2fb04M533x531S2fb04494x525S23108507x506S23118468x499S15a50506x474S15a50482x470
stank,,4393,M518x518S2ff00482x483S20800495x496S1d412487x471
statisk,,4394,M535x520S14c50511x489S14c58466x489S2f900518x481S2f900473x481
stein,,4395,M517x526S20300502x474S20300484x511S20b00503x511S22a04503x493
stein,,4396,M518x523S20300483x502S20300503x508S20e00505x495S22a04505x478
stein,,4397,M522x524S20300495x476S20300478x494S22b04495x494S20e00510x497
stein,,6537,M518x531S20e00504x488S22b04502x501S20310503x470S20318483x505
steinbit,,6538,M528x519S26502491x502S16d40510x499S20300473x502S20700484x482
steke,,104,AS15a30S26a02M516x515S15a30504x485S26a02485x488
stempel,,785,M514x521S16d48486x480S20300494x488S23108488x504
sterk,,4398,M508x520S20330493x505S2f900496x498S22a00495x480
sterk,,4399,M521x512S20300506x489S20300479x489S2f900508x507S2f900481x507
sterk,,4819,AS20300S2f900S37700S34a00M546x536S20300531x496S37700538x511S2f900533x485S34a00482x483
sterk,,4911,AS20300S37700S2f900S34a00M545x541S20300530x501S37700537x516S2f900532x490S34a00482x483
sterkt,,4400,M523x512S20300508x489S20300478x489S2f900510x507S2f900480x507
stige,,4401,M514x532S15a12487x501S10018490x502S21100493x485S22a00493x469
stige,,5784,M514x532S15a12487x501S10018493x502S21100496x485S22a00496x468
stige,,6088,M514x532S15a12487x501S10018494x502S21100497x485S22a00497x469
stikk-kontakt,,4402,M512x529S17d18488x471S26500498x483S10e50497x499
stikk-kontakt,,4404,M524x517S17d18477x483S11850501x490
stikkels-baer,,6503,M543x567S20600474x460S10003481x434S1000a457x472S17710489x543S1000a459x552S2c300517x537
stilig,,7811,AS15d40S22f00S20f00S36d00S30100M568x572S36d00479x532S15d40549x543S20f00517x560S22f00518x544S30100486x477
stille,,4403,M541x529S15a50506x471S15a50483x471S26612459x500S26606511x500S2f804482x518
stillings-,,4405,M512x512S18210489x497S2f900496x488
stimulere,,4406,M526x531S15a30508x504S15a30479x504S29200512x470S29218474x470
stinke,,4407,M518x518S2ff00482x483S20800495x494S1d412487x469
stjerne,,583,AS15420S2e200S32107M554x517S15420535x449S32107482x482S2e200534x485
stjerne,,1377,AS15420S2e230S32107M563x518S32107482x483S15420538x440S2e230544x474
stjerne,,4408,M512x529S15320494x472S2e104489x501
stjerne,,4409,M538x529S36d00479x525S15327515x491S25d00510x471
stoff,,392,AS1773eS22107S20e00M518x516S20e00501x489S22107509x483S1773e483x496
stoff,,4410,M515x516S1851c490x501S21100485x493S22100485x484
stoff,,4411,M539x528S18514471x492S1851c504x492S21200486x483S22100502x474S22100487x473S26606509x512S26612461x512
stoffer,,6539,M559x529S17746506x509S1774e486x508S26612442x493S26606529x492S21200520x482S21200457x482S22110460x472S22110521x473
stoffskifte,,6540,M530x529S36d00479x472S17610492x491S17614491x513S21800512x496S21800470x519
stolt og glad,,833,AS1f540S2b701S20e00S33100S33e00M547x535S33100482x482S20e00527x495S2b701528x468S1f540526x511S33e00482x482
stopp,vent,776,AS15a20S26500S2f900M507x528S15a20495x471S2f900495x504S26500493x513
stopp-h,,880,AS15d20S2f900S32407M549x517S2f900537x510S32407482x482S15d20530x476
vente,stoppe,777,AS15a20S26a00M513x524S15a20491x476S26a00486x510
stor-sirkel,,991,AS10057S28a09S28a0bS28a0dM535x543S10057465x513S28a09467x457S28a0b505x461S28a0d504x501
storm,,4412,M526x518S14c11500x483S2890e475x503S2f900504x512
storm,,5785,M526x521S14c11500x479S28a0e474x501S2f900508x516
storre-enn,,1926,M531x573S15a52470x478S15a56473x460S22b00477x427S15a20480x504S15a50504x546S15a06504x507S2880b498x522S20e00510x507
Stortinget,,1200,AS14c40S14c48S22b06S22b12S1ce40S1ce48S22a04S22a14M587x526S14c40504x475S14c48475x475S1ce40565x477S1ce48413x476S22a04567x511S22a14419x511S22b12442x492S22b06529x493
strale,,1924,M535x524S10028465x494S10051481x494S26607513x476
strand,,5639,M530x530S15a1a503x518S14c12487x470S37806471x525S2dd04485x498
streik,,794,M551x534S20700491x467S22b01501x486S22b17473x486S14c11525x507S14c19449x507
streike,,813,M551x534S20700491x467S22b01501x486S22b17473x486S14c11525x507S14c19449x507
streikevakt,,816,M521x534S20700388x467S22b01398x486S22b17370x486S14c11422x507S14c19346x507S36d00479x491S37700480x496S10e02474x502
stress,,6541,M534x522S36d00479x479S37702521x481S3770a468x481S37b06515x504S37b06472x504S20350506x498S20350485x498S2f900509x517S2f900487x517
stress,,6542,M561x578S31a00482x483S36100481x482S36d00479x521S21100485x532S21100499x561S21100513x532S21100472x561S22b00498x531S22b04511x546S22b14484x548S22b10471x531S15002530x541S1500a438x542
stress,,6543,M536x523S20312488x480S20316487x499S26600507x477S20e00509x511S2f710524x499S37706464x507
strikke,,1181,AS10041S10049S20500S2a40cS2a414M531x541S10049480x475S10041499x473S20500499x459S2a40c506x505S2a414468x505
strikke,,1287,AS10041S10049S2c500S2c514S20500M565x523S10049485x492S10041499x492S20500500x477S2c514435x498S2c500525x498
stroemme,,2172,M522x533S14c50482x502S22520478x487S26500488x467S2fb07510x479
struktur,,4413,M512x534S14c20489x466S29904495x502
struktur,,4414,M518x543S14c01483x458S26604492x489S14c09492x516
struktur,,4415,M521x539S20500495x496S26604493x462S14c01495x510S14c09480x512
struktur,,6089,M512x534S14c20489x467S29904495x502
struktur,,6090,M514x542S26604487x485S14c01488x459S14c09488x515
struktur,,6091,M521x540S26604490x461S20500494x496S14c01495x513S14c09479x513
strukturert,,4416,M514x541S14c01487x460S26604488x485S14c09488x514
strukturert,,4417,M522x541S26604491x460S20500494x494S14c01496x508S14c09478x514
strupeventil,,819,M552x536S16d40448x478S16d48449x502S10011531x479S1001a498x499S20500522x486S22120450x466S22120450x529S22130511x465
strupeventil,,4418,M533x562S16d40493x448S16d48495x466S22100498x438S22100496x489S22100514x512S22104498x511S20500497x535S10011512x530S1001a467x547
stråle,,4422,M511x541S10050496x494S1772e489x521S26600495x460
stråle,,4423,M557x527S36d00479x523S26203510x496S2e309510x472S10011536x491
stråle,,4424,M514x520S17726487x500S26500487x481S22100502x492
stråle,,4425,M561x527S36d00479x523S26203511x491S17701536x472S22100549x494
strålebrytning,,4426,M535x531S20500492x469S10002499x483S1000a465x483S2a208512x503
stråling,,4427,M564x535S17720503x520S17728474x520S26607517x494S26611460x494S22100506x496S22100483x496S14c20541x466S14c28436x468
stråling,,4428,M528x539S17720504x524S17728477x524S22100510x514S22100479x514S26500509x496S26510478x497S14c50504x462S14c58473x461
strålings-aktiv,,4429,M550x564S14c50506x436S14c58469x436S26500511x470S26510474x470S22100512x488S22100475x488S17720506x498S17728473x498S2fb00491x538S20300506x547S20300478x547S2d200524x540S2d211450x541
strøm,,4419,M528x526S11543501x475S24d0d473x498
strøm,,4420,M525x524S10a10510x477S10a18475x477S20500495x511S26502510x509S26516476x510
strøm-måler,,4421,M527x550S22b03473x473S11513500x451S10011487x520S2880a500x511
strømmer-ut,,7510,M546x537S14c57508x509S14c5f465x510S22520509x491S22520460x491S26611454x463S26607524x465
stubbe,,5551,M539x525S16d40505x476S16d48477x477S28905512x500S2891d461x500
stubbe,,5552,M560x525S16d40505x475S16d48477x476S28905512x499S2891d461x499S16d50542x505S16d58440x505
styrke,,4430,M522x512S20300507x497S20300478x497S2f900509x488S2f900480x488
stå-på-vakt,,945,AS20300S20306S20500S20500S36f0cM527x541S36f0c473x478S20300488x459S20306490x510S20500493x530S20500489x484
stål,,4434,M517x526S20b00496x475S10049484x496S10041496x496
stål,,4435,M517x526S20b00496x475S10049484x496S10041496x496
stål,,4436,M518x523S20b00494x478S11549482x496S11541494x496
støpe,,4431,M538x520S15a40526x485S15a48463x486S20f02477x488S2890f488x486S2890f498x480S2f900512x515
større,,205,AS15a12S15a16S22a00M515x530S15a12485x492S15a16488x518S22a00494x470
større,,837,AS14c40S14c48S26506S26512M567x516S14c40521x485S14c48462x485S26506552x497S26512433x496
støt,,4432,M524x508S20b00494x494S20310509x493S20318477x493
støy,,4433,M587x518S33010479x483S28302525x491S20350572x493
subtrahere,,1921,M521x525S15a50486x498S15a06480x475S20e00509x487S22104509x502
subtrahere,,1922,M543x517S15a06457x484S18220459x502S2880c495x488S2880c519x489S20e00506x492S20e00531x493
subtrahere,,1923,M517x517S10050502x487S26a02483x484
suge opp,,4437,M524x535S22b00491x465S22104512x478S14c51489x509S16d48476x515
suge opp,,5640,M534x530S16d48467x509S14c51488x504S22b00490x471S22120512x483
sugerør,,4438,M522x578S22b00493x423S22104510x443S14c51493x460S16d48479x460S16d48489x558S22b00490x523S1f110482x503
sukker,,4439,M516x515S26a02485x488S15a30504x485
sukker,,4440,M529x510S26b04502x490S1851c471x495
sukker,,4441,M509x530S1855e494x470S26b02491x503
suksesjon,,6544,M563x539S26616438x475S26616472x474S26616506x474S26602533x486S26602500x486S26602466x486S2fb00492x461S15a50550x512S15a50439x511
suksess,,1531,AS11540S11548S22a00S22a10S11510S11518S33f00M542x551S33f00482x482S11540526x520S11510527x479S11518457x476S11548458x521S22a00514x517S22a10471x517
sulten,,1039,AS15a03S15a0bS22b04S22b14S21100S21100M532x531S15a0b467x507S22b14483x487S22b04500x487S21100483x468S21100504x468S15a03509x508
sump,,5641,M528x514S17d14472x498S17d1c505x499S22120472x487S22120505x487
suppe,,468,AS1813eS2eb00S34600M532x543S34600482x482S1813e484x531S2eb00517x508
suppe,,5181,M549x526S33b00482x483S1713e529x489S2d50d521x509
sur,sur smak,1040,AS15300S2e300S34600M539x546S2e300489x519S15300524x510S34600482x482
sur,,4442,M520x574S31500482x483S34600482x483S15001485x523S2df0c499x553
sur nedboer,,6546,M561x633S34600482x483S2e501517x506S15310546x509S14c57531x589S14c59462x590S22520529x574S22520466x575S22c23488x600
sur smak,syre,515,AS15000S2df00S2f900S35200S31500S2ff00S2fb00M537x563S35200463x482S31500463x482S2ff00501x483S15000507x499S2df00508x542S2f900515x535S2fb00493x470
syre,"sur smak, Syria",874,AS15300S2e300S34b00M537x545S34b00482x482S15300522x509S2e300487x518
sur smak,,4443,M522x577S31500482x483S34600482x483S15001484x524S2df0c501x556
svak,,4444,M559x526S14c03505x490S14c0b469x490S2fa00509x519S2fa00481x519S2a20c536x476S2a214442x475
svakt,,4445,M558x526S14c03505x488S14c0b468x488S2fa00508x519S2fa00479x519S2a214443x474S2a20c535x475
svamp,,4446,M531x521S17d14471x506S17d1c507x506S22120509x496S22120470x496S2f800481x479
svamp,,5642,M528x514S17d14472x498S17d1c505x499S22120472x487S22120505x487
svamp,,5886,M527x512S17d14473x497S17d1c504x497S22120505x488S22120473x488
svar bedrift,,820,M606x523S1f502461x481S1f502439x482S26712394x489S26706482x491S14c01580x478S14c09551x478S28803577x503S2881b555x503
Sverige,,132,AS17d11S15a1aS20800S22f07S20e00S22105S37806S2fb01M532x534S17d11478x494S22f07507x466S37806468x520S2fb01488x468S15a1a505x516S20e00501x481S22105477x485S20800479x524
Sverige,,835,AS17d51S15a56S20800S20f00S18551M520x537S15a56493x525S17d51483x499S20800480x526S20f00486x485S18551483x464
svin,,5700,M518x538S2ff00482x483S2e300490x486S20310492x523
svinge,,4447,M523x519S15a40511x482S2890e477x488S28906477x504
svinge,,6092,M527x518S15a40515x482S28a06474x501S28a0e473x485
svovel,,4448,M518x557S33100482x483S22a00494x525S15316488x542
sy,,608,AS1f410S1f418S2eb00M543x517S1f418457x502S1f410492x498S2eb00528x483
sy,sy på maskin,836,AS14c50S14c58S26600S26610S26600S26610M545x537S14c50500x506S14c58469x497S26600506x468S26600529x469S26610475x462S26610455x463
syd,,4449,M508x530S15a40493x470S22b04492x500
sylinder,,823,M516x527S16d40498x507S16d48484x507S22b20492x473
sylinder,,4450,M517x528S22b20491x472S16d40499x508S16d48484x508
sylinder,,6093,M518x528S16d40500x508S16d48482x508S22b20492x472
symbol,,4451,M521x516S15020479x485S26500507x492
symbol,,4452,M521x524S20500509x493S26500507x507S15020479x493S15a06479x476
symbol,,6094,M522x516S15020478x485S26500508x489
symbol,,6095,M526x525S15a06474x475S15020477x494S26500512x503S20500515x483
syn,,4453,M536x553S31400482x483S10e00499x523S26600520x506
synge,,993,AS10050S10058S28a26S28a2eS34900M530x618S34900482x482S10050515x536S10058473x539S28a26482x577S28a2e477x601
syntetisk,,4454,M519x541S17711499x460S1771f481x478S17719483x505S17717499x522
syntetisk,,6096,M554x593S26200501x434S26210470x433S17712501x408S1771a470x408S14c04500x471S14c0c466x471S2c305527x556S2c310446x556S17710505x578S17700505x542S17708472x578S17718471x542S20500494x570S20500494x532
syntetisk,,6097,M520x555S17711499x446S1771f481x465S17719482x518S17717500x536
syntetisk,,6098,M520x555S17711499x446S1771f481x465S17719482x518S17717500x536
syre,,4455,M519x570S31500482x483S34600482x483S15001481x522S2df0c498x549
syre,,6545,M561x534S34600482x483S2e501517x506S15310546x509
"Syria, stavet",Syria,875,AS1f420S22104S1c520S11a20S19220S1f720M574x515S1f420426x497S22104430x487S1c520466x484S11a20506x484S19220530x495S1f720554x500
Syria,"Syria-pek, Syria-der",1042,AS15300S29001S10002S34b00M540x545S34b00482x482S15300525x514S10002462x530S29001494x518
system,,4456,M538x523S2882a502x498S22a24525x508S22a24490x508S15a40485x477S15a48462x477
system,,4457,M521x537S15a48479x468S15a48479x510S10e02491x477S10e22490x516S20500494x506S20500496x463
system,,6099,M540x524S2892a489x506S22a24468x508S22a24527x509S15a40478x477S15a48460x477
system,,6100,M522x546S15a48478x463S15a48479x519S10e22492x526S10e02492x470S20500493x510S20500492x455
systematisk,,4458,M539x523S2882a501x500S22a24526x508S22a24487x508S15a40484x477S15a48462x477
så,,4467,M535x515S18552466x490S21210484x501S26706493x485
såpe,,4468,M516x520S16d1e485x486S17148491x480S21200488x506
sår,,4469,M520x530S15a36480x494S21100487x471S26504486x486S10041499x500
sår,,4470,M520x530S15a36480x494S21100487x471S26504486x486S10041499x500
søke,,4459,M531x522S11837473x478S1183f504x478S2e732506x506S2e74a470x506
sønn,,926,AS18210S20500S22a04S30007M539x521S30007482x483S18210516x485S20500510x469S22a04526x506
sønn,,927,AS17c11S22a04S20500S30007M545x526S30007482x483S22a04527x511S20500510x471S17c11518x481
søppel,,4460,M521x517S17703480x484S22a05499x503S22100509x496
sør,,4461,M508x530S15a40494x470S22b04492x500
søster,,670,AS10050S10058S20600M517x524S10058482x494S10050502x494S20600489x476
søt,,4462,M526x543S30004482x483S10000486x513S21600503x522S20e00514x520
søtt,,4463,M518x580S30004482x483S20f00487x519S22f04487x533S10000487x550
søtt,,4464,M518x573S30004482x483S10000486x513S20f00484x546S22f04485x559
søtt,,4465,M530x544S30004482x483S10000486x514S21600506x522S20e00518x520
søtt,,4466,M557x540S30005482x483S10001509x510S2c300531x509
søylediagram,,405,AS1f056S1dc28S22a04S22a04S22a04M532x525S1dc28467x475S1f056515x496S22a04489x477S22a04505x478S22a04519x478
T,,1538,M515x509S1f220485x491
ta igjen,,4471,M515x531S26600499x483S1f510499x516S1f510485x469
tabell,,4472,M530x524S1ec26471x482S26606500x476S22b04491x494S22b04511x494
tabell,,4473,M524x520S15a00477x482S18210480x491S20500513x480S20500513x509S22a04511x492
tabell,,6101,M529x525S26606497x476S22b04496x495S22b04513x495S1ed26472x478
tabell,,6102,M522x521S15a00479x485S18210479x491S22a04509x494S20500510x510S20500510x480
takk,takk!,4798,AS15d40S22e04S31400S34000S22200S30350M530x588S34000482x490S31400482x490S22200520x515S15d40504x539S22e04501x570S30350495x475
tang,,4476,M512x519S1e10c488x481S22100490x512
tang,,4477,M509x520S16d0c492x481S22100495x505S2f900495x515
tang,,5495,M531x537S17740490x508S17748470x522S29907509x473S22100490x495S22104496x485S22100502x472S22104508x463
tang,,5594,M536x537S17740488x509S17748465x522S29a07510x473S22100489x496S22104496x485S22100504x473S22104513x464
tang,,5887,M531x537S17740490x508S17748470x522S29907509x473S22100490x495S22104496x485S22100502x472S22104508x463
tangent,,450,AS10027S10a1cS22b03S20e00M529x535S10a1c499x465S10027498x487S20e00517x473S22b03471x511
tangent,,1919,M518x536S10050498x506S22b03494x479S2e308482x464
tangent-til-sirkel,,24,AS10050S2e30eS22b03M519x534S2e30e481x466S22b03495x480S10050492x504
tank,,4478,M552x528S36d00479x524S26624517x489S16d10535x471S16d18500x471
tare,,5595,M540x547S37900500x497S15a56489x535S14c10488x473S28803481x514S2880b498x514S28803460x484S2880b520x484S2f800480x453
tare,,5888,M540x547S37900500x497S15a56489x535S14c10488x473S28802487x516S2880a491x515S28803460x484S2880b520x484S2f800480x453
tare,,6550,M540x547S37900500x497S15a56489x535S14c10488x473S28802487x516S2880a491x515S28803460x484S2880b520x484S2f800480x453
tariff,,873,M514x537S15a06487x510S20e00493x493S22b04492x507S1ed26492x464
tariff - forhandlinger,,825,M563x537S15a06437x510S20e00443x493S22b04442x507S1ed26442x464S2fb04526x530S26c02543x506S26c12508x506S10a10548x473S10a18501x474
te,,634,AS1ea10S2c304S33b00M568x540S33b00482x482S1ea10515x511S2c304541x516
tegnspråk,tegn,483,AS15a10S15a18S2e800S2e84cS2fb04M517x548S15a10502x464S15a18482x452S2e800502x503S2e84c482x496S2fb04486x542
tegn,,572,AS14c10S14c18S2e800S2e84cS2fb04M522x543S14c10499x471S14c18477x456S2e800504x509S2e84c478x496S2fb04485x537
tegn,"tegnspråk, tegnspråk, flytende",1177,AS14c10S14c48S21100M524x521S14c48476x478S14c10501x482S21100494x507
tegn,,5543,M523x535S2fb04489x529S2e700508x504S2e714477x502S15a10502x470S15a18486x466
tegnforråd,"vokabular på tegnspråk, terminologi",5149,AS14c18S14c10S2b731S2e818S14c30S22a04S22d06S22a04M566x540S14c10470x471S14c18434x460S2e818435x497S22a04540x524S14c30516x470S22d06516x507S22a04514x525S2b731477x509
tegnskri,,5544,M538x573S15a10487x435S15a18469x428S2e700488x465S2e740463x460S2fb04473x493S15a16467x561S1eb11478x538S27c07506x545
tegnskrift,,1121,AS15a10S15a18S2e800S2e84cS1eb20S15a07S24804M518x572S15a10501x430S15a18484x428S2e800503x468S2e84c485x463S15a07482x514S1eb10490x522S24804497x544
tegnskrift,,1178,AS14c10S14c48S21100S1eb10S14c48S24805S20e00M528x561S14c48472x440S14c10497x444S21100490x468S14c48474x496S1eb10494x515S24805504x540S20e00489x533
tegnskrift,,1453,AS15d10S15d18S2e700S2e74cS1eb10S15d09S24804M524x571S15d10503x435S15d18475x429S2e74c484x468S24804495x543S15d09487x521S2e700506x472S1eb10500x524
tegnskrift,,1475,AS15d10S15d18S2e700S2e74cS1eb10S15d09S24804M522x573S15d18478x428S15d10503x435S2e700505x474S2e74c484x470S15d09486x514S1eb10498x520S24804489x545
"tegnspråk, flytende",,99,AS15a10S15a18S2e800S21100S2ff00M518x599S15a10459x534S15a18444x529S21100450x571S2e800467x567S2ff00482x482
"tegnspråk, flytende",,461,AS15a10S15a18S2e800S21100M519x535S15a10496x470S15a18481x465S21100487x507S2e800504x503
"tegnspråk, hakkete",,121,AS14c10S14c18S2e800S2e84cS2f900S2f900S2f900S2f900S2fc04M525x554S14c10501x461S14c18476x445S2f900481x530S2fc04488x543S2f900512x548S2f900479x485S2f900510x501S2e800510x510S2e84c479x493
"tegnspråk, hakkete",,171,AS14c10S14c18S2b700S2c614S2c605S2b711S2f900S2f900S2f900S2f900S2fc04M530x556S14c10502x459S14c18480x443S2c614470x502S2b700511x507S2f900517x551S2b711472x489S2f900514x499S2f900475x479S2fc04491x540S2c605512x522S2f900477x531
"tegnspråk, hakkete",,181,AS14c10S14c18S2e800S2e84cS2f900S2f900S2f900S2f900S2f900S2f900S2f900S2f900S2fc04M534x552S14c10502x466S14c18474x448S2f900479x530S2fc04488x541S2f900511x547S2f900480x487S2f900509x504S2e800509x512S2e84c478x495S2f900523x515S2f900523x534S2f900466x516S2f900466x500
"tegnspråk, hakkete",,369,AS14c10S14c18S2b700S2c614S2c605S2b711S2f900S2f900S2f900S2f900S2fc04S2ff00M560x643S14c10532x546S14c18510x530S2c614500x589S2b700541x594S2f900547x638S2b711502x576S2f900544x586S2f900505x566S2fc04521x627S2c605542x609S2f900507x618S2ff00482x482
"tegnspråk, vanlig",,130,AS15a10S15a18S2e74cS2e700S2fb04S2ff00M518x634S15a10501x547S15a18481x533S2ff00482x482S2e74c479x581S2fb04485x628S2e700499x592
teknikk,,4479,M521x536S15a48480x473S15a48479x509S10e02491x480S10e22491x517S20500496x506S20500496x465
teknikse loesmiddel,,6551,M590x598S15a48456x405S15a48524x403S20602472x408S20602539x406S10e02483x413S10e22553x410S22a04453x496S22a14423x495S17751453x472S17759417x473S15213451x508S1521b411x508S14c04537x466S14c08532x499S2ea3a565x478S2ea12561x497S22f03513x577S22f15485x577S17650529x566S17650474x567
teknologi,,4480,M528x580S15a48474x426S15a48473x469S10e02485x434S10e22485x477S20500490x420S20500489x466S26600487x517S20700510x517S14c40483x549
tekst,,4481,M523x518S15a02477x483S10011486x488S26506508x495
telefon,,1493,AS19a01S2ff00M524x518S2ff00482x482S19a01496x496
teleslynge,,4482,M517x540S1f220484x461S10004499x493S2e736492x524
teleslynge,,4483,M518x519S2e732493x503S1f220483x481
telle,,4484,M536x523S14c0a465x500S20e00499x501S20e00480x487S2880f492x478S10041515x493
telle,,4485,M521x523S14c0a480x495S10040481x493S20e00490x478S20e00509x486
telle,,6105,M531x529S14c0a469x506S10041510x488S20e00479x491S20e00496x497S2880f487x472
telle,,6106,M521x524S14c0a480x489S10040483x494S20e00492x476S20e00509x481
temperatur,,1252,AS15a12S10018S23100S21100M529x519S10018484x489S15a12471x483S23100503x480S21100509x499
temperatur,,1253,AS15a50S10028S23100S21100M530x523S10028470x491S15a50489x477S23100504x488S21100488x509
temperatur,,1254,AS15a50S10028S23100S21100M519x526S10028490x496S15a50507x481S23100481x474S21100488x492
temperatur,,1255,AS10012S10018S23604S21100M525x529S10018479x472S10012475x476S21100498x495S23604486x512
temperatur,,4498,M515x533S15a12486x504S10018490x503S21200487x486S23108489x467
temperatur,,4499,M515x569S15a40496x466S15a16488x478S20b00496x450S22a04496x432S15a12485x534S10018492x539S21200486x518S23108488x500
temperatur,,5786,M515x533S15a12486x503S10018492x503S21200487x486S22f00488x468
temperatur,,5787,M515x532S10018489x502S10012485x508S21100496x485S22a00498x468
temperatur,,6107,M515x532S21200487x486S15a12486x503S10018492x502S23108488x468
tenksom,tenke-på-det,1435,AS1dc02S20500S26506S21100S33b00M531x544S33b00482x482S1dc02490x502S20500521x493S26506497x530S21100489x519
tenne en fyrstikk,,4500,M527x531S10019473x501S1eb10489x498S21100500x483S26507514x470
teori,,4501,M553x518S2ff00482x483S15a12526x492S29508534x456
teori,,6109,M556x518S2ff00482x483S15a12529x495S29608532x458
Terje,,1391,AS1f540S26500S20e00S34700M533x544S1f540493x520S26500519x506S20e00520x527S34700482x482
termin-munner,,5153,L591x519S35c00410x482S33b00495x484S35d00555x484S35d04466x483S34800525x484S34a00438x483
terminilogisk,,4503,M524x551S15a02479x450S10011485x456S26506509x462S16d40503x512S16d48478x512S20500494x539S26502508x537S26516477x537
terminologi,,5148,AS1ed16S26500S26806S26500S26500S35c00S34a00S33b00M646x523S34a00483x483S33b00510x484S26500587x495S1ed16558x496S26500623x494S26500604x494S26806596x507S35c00455x482
terminologi,,6110,M524x561S15a02477x439S10011484x444S26506506x450S20500495x548S26502508x547S26516476x546S16d40506x522S16d48478x520
terminologi-munner,,5152,
termoflaske,,4508,M529x601S2ff00482x483S15002466x493S26606499x498S22b00491x534S16d02488x568S15a16487x589
termometer,,4506,M526x571S15a12475x462S10018479x464S21200475x447S23108477x429S20700474x541S1f110497x542S10018499x541S22b00503x508
termometer,,5788,M523x599S15a12492x439S10018500x443S21200495x422S23108497x402S10018500x569S1f000494x572S22b00504x530S20700477x577
termostat,,4511,M530x553S15a12491x483S10018496x484S21200493x467S23108495x448S26502499x532S20500486x534S15a50518x526S15a50471x526
terning,,520,AS15a40S15a48S22a04S22a14S2f900S2f900S15a42S15a4aS2f900S2f900M537x534S15a48465x479S15a42488x465S15a4a490x511S15a40522x479S2f900465x527S22a14464x511S22a04523x511S2f900495x529S2f900526x528S2f900497x482
terning,,1918,M519x518S15a30482x485S10013489x482S21100498x504
tett,,4514,M512x523S20500496x485S2f900495x478S15a50500x496S15a50489x496
tetthet,,4521,M521x524S14c50496x493S14c58479x493S22102514x480S22106481x480S2f900496x476
ti,,1382,AS14c00S14c08M529x516S14c00506x485S14c08471x485
tid,,573,AS10010S26706M532x515S10010468x485S26706490x489
tid,,839,AS1ea10S20500S30006M545x519S30006482x483S1ea10522x498S20500520x482
tid,,4523,M527x515S10010474x485S26606497x493
tid,,6111,M531x515S10010469x485S26706489x495
tiden-gåa,,4526,M557x517S10112505x487S1011a465x496S2ea34542x483S2ea18443x492
tiden-går,,920,AS10002S1000aS2f000S2f010M529x524S10002499x476S1000a472x482S2f000507x501S2f010478x504
tiden-går,,4527,M557x517S10112505x487S1011a465x496S2ea34542x483S2ea18443x492
tidlig,,4528,M540x521S2ff00482x483S20310525x506S2b700519x477
tiger,,5286,M533x521S36100482x483S14c02455x498S26706491x502
tiger,,5287,M569x537S33b00482x483S1f110521x505S1f118450x506S26a06555x500S26a12430x501S22104550x491S22104438x493S2fb04495x531
tilbakeslag,,879,M526x526S15a02499x474S15a06475x514S26504495x486S20500494x502
tilfeldig,,4529,M526x516S10000475x486S29206495x484
tilfeldig,,6112,M526x517S10000474x487S29206495x483
tilfredsstillende,,4530,M519x520S22a00495x487S18210496x505S18218482x480
tilknytning,,4531,M541x509S10602479x494S1061a460x491S26626511x492
tilknytning,,6113,M540x508S1061a461x492S10602479x493S26626510x492
tillegg,,4532,M536x519S15a30464x491S20500479x496S2a200492x482S18517517x492
tilpasning,,4533,M526x526S16d40508x506S16d48475x475S2750e497x479
tilpasning,,6115,M526x525S2750e495x479S16d40508x505S16d48474x475
tilpasse,,4534,M525x525S16d40507x505S16d48476x476S2750e497x478
tilstrekkelig,,4535,M516x520S18210493x505S18218485x480S22a00496x486
tilstrekkelig,,6116,M516x521S22a00495x488S18210493x506S18218484x480
tilstrømning,,4536,M528x537S14c50504x506S14c58473x494S26620495x464S22510506x490S22510476x478
time,,4537,M528x515S10020489x485S15a18472x487S2ef00510x492
time,,4538,M527x517S15a18473x488S10020492x484S2e700512x492
time,,6117,M526x516S15a18474x485S10020489x486S2ef00508x491
time,,6118,M527x517S15a18473x484S10020490x487S2e700512x486
ting,,4539,M533x524S2fb04491x518S22a04511x508S22a14474x508S1ce10511x476S1ce18468x476
ting,,4540,M511x525S1ce10489x476S22a04490x510
tirsdag,,1072,AS10a00S20600S34800M518x537S10a00498x511S20600472x519S34800482x482
titte,,4541,M518x553S32103482x483S10e00478x507S22f03463x532
tja,"tvilende, usikker",402,AS14c50S2e100S35100S31900M518x591S14c50490x525S2e100491x562S35100482x482S31900482x482
tjaere,,6552,M530x584S14c00507x417S37700519x448S22b03485x438S2f710482x434S15d39487x561S14c51497x533S2ea32471x545S21100477x527
tjaere,,6553,M526x584S14c00499x416S37700511x447S22b03477x437S2f710474x433S21100501x513S2ea32494x530S15a16499x572S14c42483x549
to biler kjøre,to-biler-følger-hverandre,290,AS15a50S15a58S26620M508x563S15a50493x490S15a58492x536S26620492x436
tobakk,,6504,M518x530S17600482x514S22f04485x496S1f505496x470
toeffel-dyr,,6557,M525x560S15a50480x440S15a56479x457S20600478x472S20600476x535S15a56488x548S1c511500x521
trefelling,toemmerhugst,5560,M541x532S37800469x499S14c10459x468S20b00477x516S26602495x514S15a50529x505
toemmerhugst,,5561,M541x532S37800469x499S14c10459x468S20b00477x516S26602495x514S15a50529x505
toerrgass,,6558,M568x533S15d12505x389S15d1a474x389S26606538x396S26612440x396S22104543x389S22104452x391S2ff00482x483S15000496x502S2e501523x492
toert,,5792,M514x519S17716492x499S21200486x482
tog,,5545,M508x532S11038493x505S26600492x469
tohånds b,,7218,M520x508S17710500x493S17718481x493
tolke,,89,AS15a50S15a36S2a400S20500S20500M525x533S15a36495x480S15a50488x467S20500475x496S20500515x496S2a400488x497
tom,,4542,M590x514S17d14476x486S17d1c504x486S2fb04494x508S26612440x486S26606533x486S18514411x489S1851c565x488
tom,,4553,M569x512S26612459x494S26606511x494S22104515x488S22104473x488S18514432x497S1851c544x497
tom,,4554,M514x534S15a50492x467S15a36487x522S22b04490x495
tomat,,4671,M518x569S30004482x483S1530e488x520S2e000490x540
tomat,,5238,M518x571S30004482x483S15306488x522S2e000488x542
tomat,,6505,M518x569S30004482x483S1530e486x521S2e000490x540
tomme,,1505,AS1f540S1f110M514x525S1f540498x474S1f110485x510
tomme,,1506,AS1f117S1f540M512x531S1f540487x507S1f117489x469
tommel-opp symbol,,1097,AS1f540M507x512S1f540492x488
tonn,,4555,M540x517S20300474x483S20300510x483S22a14475x502S22a04511x502S2f900529x504S2f900461x504
tonn,,6119,M539x518S22a04511x503S22a14478x503S20300510x483S20300478x483S2f900528x507S2f900462x508
topp,,4556,M523x529S1ec26477x506S22b00478x472S22120501x496
topp,,4557,M522x531S14c50479x500S22b00483x469S22120500x488
topp,,6120,M521x531S1ed26480x505S22b00481x469S22120499x479
topp,,6121,M523x533S14c50477x502S22b00482x468S22120501x475
torden,,2458,M564x523S36700482x488S30104482x477S20310535x507S20318452x507S28302521x487S2831a436x488
torden,,4558,M573x523S33000476x488S30104482x477S28302520x483S2831a437x483S20312558x501S2031a426x500
torden,,5789,M566x525S36700482x489S30104482x477S28302523x488S2831a436x488S20310546x508S20318437x510
torn,,4559,M523x525S22a00487x479S22120501x475S1f111493x483S1000a477x510
tornado,,2459,M546x539S10013460x493S10018454x509S2f710496x500S22c07487x462S2ef04498x487S2ef04510x477S2e706521x463S2fb01491x466
tornado,,4560,M538x548S10013463x495S10018468x518S2ef04506x477S2ef04494x489S2f710497x505S22b07492x469S2e736513x452S2fb01488x473
tornado,,5790,M545x555S10018460x525S10013455x501S22d07487x462S2ef04500x495S2ef04512x480S2e736520x446S2fb01487x464
torsdag,,1073,AS10a00S20600S34400M518x538S10a00498x512S20600473x517S34400482x482
torsk,,2460,M518x568S2ff00482x483S22a04493x522S22104506x521S1f41e491x539
torsk,,2461,M520x570S2ff00482x483S1f11e494x521S22a04495x555S22104508x557
torsk,,5497,M536x563S2ff00482x483S22a04495x522S1f406494x534S22120514x521
torsk,,5498,M527x549S2ff00482x483S1f106489x519S21100514x517S22a04514x534
torsk,,6554,M528x546S2ff00482x483S1f106489x510S22104515x521S22a04515x531
totalrefleksjon,,4561,M537x551S14c22463x453S2d508496x450S20300522x457S15a48476x496S27407489x498S10031503x521
trafikk,,4562,M529x525S15a04479x480S15a04510x476S26c08502x507S26c10472x510
transistor,,4563,M557x515S18704491x486S10002527x492S26702478x485S11502443x491
transpirasjon,,6555,M571x530S36d00479x496S20500509x517S20500481x516S14c03522x503S14c0b451x504S22b11431x483S22b07547x483S22531530x471S22537444x473
transport,,6556,M534x531S26722466x470S1f457473x500S1f457513x501
trappe-funksjon,,411,AS18220S22a00S22a06S22a00S22a06M524x535S18220477x520S22a00476x497S22a00499x476S22a06509x465S22a06488x489
tre,,77,AS14c10S15a1aS2e200S37800M523x538S14c10480x461S37800491x493S15a1a476x526S2e200503x490
tre,,1116,AS14c10S15a1aS2e200S37800M522x539S14c10478x461S37800488x492S15a1a479x527S2e200502x490
tre,,2462,M524x532S14c00477x469S15a1a477x520S37700488x500S2e230505x482
tre,,2463,M556x535S36d00479x486S37b00520x486S20500524x477S20500521x503S11e01531x505S2b700531x466
tre,,5553,M526x536S14c10474x465S37800485x493S15a56474x524S2e230507x493
tre,,5554,M563x530S36d00479x485S37800521x486S20500519x487S20500525x507S11e01538x500S2b800526x471
tre,trevirke,5556,M587x532S36d00479x487S37800521x488S20500519x489S20500525x509S11e01538x502S2b800564x469S11e51526x468
tre-felling,,2464,M538x531S14c10462x470S15a1a462x519S37700474x500S2e230489x486S2c300512x502
tre-rot,,2465,M525x551S1501b483x503S37700486x483S14c10475x453S2e230506x450S26514493x536S22100506x533
tre-rot,,5557,M528x547S14c10473x454S37800483x483S1501b481x511S21600505x539S2e230509x476
trefelling,,5558,M535x594S14c10490x407S37800501x437S15a56491x467S2e230516x433S15a56493x582S37800504x551S14c50493x520S2c300465x569
trefelling,,5559,M549x536S14c10452x464S37800463x494S15a56453x524S2e230478x490S2c300523x509
treg,,4564,M533x531S36d00479x470S2f900476x489S21100490x483S26606503x480S1f503497x497S2f804483x520
treg,,4565,M521x526S36d00479x485S37800479x486S1f505483x494S2f900465x521S21100463x506S26600462x474
treghet,,4566,M535x529S36d00479x471S2f900472x485S21100486x480S26606505x479S1f503495x495S2f804480x518
trekant,,1917,M534x531S10050504x501S10058481x501S23f02506x479S23f1a467x479S20500497x469
trekant,,4567,M534x524S10050504x494S10058481x494S23f02506x476S23f1a467x476
trekant,,6122,M540x531S24102501x469S2411a461x470S10050503x501S10058484x501
trekk-fugl,,2466,M526x557S10010490x426S26600483x394S26604497x395S33b00482x483S1f411496x522S22120490x550
trekke,,4568,M540x513S1060e478x488S1061a460x498S26626510x497
trene,,4569,M524x530S15a48480x470S15a42497x479S37800485x497S2880d476x499S2880d476x510S20f02499x501
trenge,,4570,M521x518S17130503x483S17138480x483S26a24487x504
trett,,4571,M521x537S36d00479x463S15a10482x476S15a18506x476S21100506x506S21100482x506S22a04506x522S22a14482x522
triangel,,4572,M540x527S10050503x497S10058481x497S24002506x473S2401a461x473
triangel,,6123,M540x531S24102501x469S2411a461x470S10050503x501S10058484x501
triangle,,5563,M563x530S24102500x471S2411a460x471S10011542x499S10019438x500
triansgn,,5564,M563x530S24102500x471S2411a460x471S10011542x499S10019438x500
trille,,4573,M535x526S10002505x511S1000a465x511S2bd10471x482S2bd00506x483S2fb00493x474
Tromsø,,1185,AS15410S2df00S2ff00M537x546S2ff00482x482S15410520x496S2df00516x525
Trondheim,,288,AS20310S20600S30005M543x521S30005482x482S20310518x506S20600521x491
trrykkregulering,,4581,M526x551S20312494x457S2f900496x449S15a16490x475S15a50505x502S15a50482x502S23100500x533S23110474x534
true,,227,AS20302S26500S2f900S37700M513x530S20302487x490S2f900502x480S37700494x505S26500487x470
trygg,,4574,M521x521S36d00479x479S20300493x491S20500496x510
trygt,,4575,M521x521S36d00479x479S20300493x493S20500495x510
trykk,,525,AS20350S15a36S2f920M513x519S15a36486x507S20350488x497S2f920490x481
trykk,,2467,M515x522S15a36488x504S20350485x507S22a04488x486S2f900489x478
trykk,,4576,M514x526S15a16487x514S20350492x499S22a04494x481S2f900495x474
trykk,,5791,M515x521S15a36488x502S20350486x506S22a04489x485S2f900490x479
trykkanegg,,4577,M563x555S15a16494x468S20312499x453S2f900502x445S15a50445x496S15a50465x496S2a210438x527S2a208462x527S26526491x520S2a210512x527S2a208540x527
trykkanlegg,,892,M594x532S15a16406x496S15a50488x472S15a50474x472S20312411x478S2f900413x469S2a210465x504S2a208486x504S2a208571x502S2a210544x501S26526520x512
trykkluft,,4578,M548x541S15a16512x448S20312515x434S2f900517x426S2ff00482x483S15a00528x494S26a04521x527
trykkmåler,,4579,M520x542S2f900496x459S15a16490x479S20312494x466S10011481x512S2890a491x502
trykkregulerende,,4580,M526x551S2f900494x449S20312492x458S15a16488x473S15a50506x501S15a50483x501S23104500x532S23114475x534
trykktank,,4582,M542x549S2f900493x452S20312491x461S15a16487x479S15a50504x506S15a50484x506S23c04519x522S23c1c458x522
tråd,,5156,M515x514S1d410486x486
Trøndelag,trøndersk,1186,AS1ed0eS20500S20500S36a00M524x553S36a00482x477S20500514x511S20500477x511S1ed0e491x527
trøst,trøste,1183,AS15d01S21100S22f05S31400M550x525S31400482x482S15d01503x502S21100519x487S22f05529x492
TSiN-logo,,1529,AS1eb10S24509M516x523S24509487x478S1eb10483x504
tulipan,,349,AS18110S18118S20500S20500M513x532S18110501x485S18118488x485S20500494x468S20500495x521
tulipan,,2468,M515x520S17117501x500S1711f486x500S22110488x491S21b00505x480S21b00490x480
tunell,,4583,M540x512S10002510x497S16d58477x488S26702461x491
tunelleffekt,,4584,M539x512S10002509x497S16d58480x488S26702462x490
tunghørt,,1106,AS10610S26607S21600S33010M564x517S33010479x482S10610549x466S26607523x472S21600556x454
tur,"tur ut, ut",538,AS14c20S26600S2ff00M554x520S2ff00482x482S14c20531x489S26600534x450
tur,tur ut,1397,AS15d00S15d08S22104S22104S34600M543x528S34600482x482S22104461x492S15d08454x501S15d00524x501S22104524x491
tusen,,375,AS17610S26506M524x508S17610476x492S26506509x494
tvang,,4585,M519x528S3780b482x498S20357498x492S20351482x502S22a04486x483S2f900487x473
tvers igjennom,,4586,M524x537S20700506x489S15a40488x510S14c00476x472S26700482x463
tvinge,,4587,M519x526S3780b481x496S20357498x488S20351481x498S22a04486x481S2f900487x474
tydelig,,4588,M515x525S26a00486x475S1ce10493x495
tyngde,,4589,M526x517S22f24487x503S2f900515x504S2f900474x505S20300505x483S20300480x483
typisk,,4592,M544x518S30007482x483S20e00515x480S28808505x459S15a11521x456
tytte-baer,,6506,M544x572S16d10496x453S16706456x428S26a00491x435S17710493x538S1000a463x547S20700485x557S2c300518x533
tyttebaer,,6507,M537x544S1f320465x457S17710483x507S1000a463x513S20700476x529S2c300511x502
tyttebær,,2469,M537x544S1f320465x457S17710483x507S1000a463x513S20700476x529S2c300511x502
tyttebær,,2470,M557x605S34400482x483S16d10527x520S26a00521x502S17710505x567S1000a483x574S20700502x590S2c300531x563
tåke,,2472,M546x555S31a00482x483S2fc04492x534S28910477x503S28908508x504S14c27520x528S14c2f455x528
tåke,,5793,M539x546S31a00482x483S28a10474x486S28a08508x485S14c27513x517S14c2f461x519S2fc04493x531
tørt,,2471,M514x520S17716492x500S21200486x481
tørt,,4593,M514x524S22110487x477S21200486x486S17716493x504
U,u-,119,AS1dc20S1dc28M525x515S1dc28475x485S1dc20501x485
U,,1539,M516x524S11520501x494S2a20c484x477
u,,840,AS11520S2a204M511x532S11520489x468S2a204488x504
u,,841,AS11520M507x515S11520492x485
U hand,,5161,M508x515S11510493x485
uendelig,,19,AS15a02S2b900S2b900M525x539S15a02498x527S2b900489x488S2b900475x461
ugle,,2473,M533x528S2ff00482x483S2ed00500x485S2ed18484x485S10001512x498S10009468x498
uke,,1139,AS1ed20S26506M524x510S1ed20475x490S26506509x496
ukjoennet,,6559,M548x532S1dc20502x381S1dc28476x381S36a00482x477S15a02487x520S20e00527x520S26500526x501S17702533x477
ulv,,2474,M524x518S2ff20476x483S16d10493x460S26600495x429S22104511x440
ulv,,5288,M524x518S2ff20476x483S16d10492x462S26600495x430S22104512x445
umulig,,4594,M524x522S11551497x479S11559480x479S20500496x509S26512477x508S26506509x508
undersøke,,4595,M531x523S11830476x496S11838507x496S2e706506x479S2e71e469x478
undersøkelse,,4596,M534x523S2e712467x478S2e706509x478S11830474x496S11838510x496
ung,,1087,AS1ed06S2b800S20e00S20e00S30300S36a00M520x557S36a00482x482S1ed06491x531S2b800458x516S20e00481x517S20e00508x517S30300482x471
ungdom,,1088,AS1ed06S22f00S20e00S20e00S36a00M518x578S36a00482x477S1ed06491x535S20e00502x522S20e00487x522S22f00487x564
unge,,2475,M533x521S15a40521x480S15a48468x480S22a24494x506
ungå,,4597,M526x525S15a20479x475S15a06496x498S3771b475x503S26606496x477
universet,,2476,M543x536S2ff00482x483S20330511x521S20330472x521S28914462x482S2890c522x483S14c12512x456S14c1a458x456
universet,,4598,M547x535S2ff00482x483S20330516x520S20330470x520S28914459x484S2890c526x485S14c12516x460S14c1a454x460
universitet,,2641,AS18510S26b04S2ff00M547x548S2ff00482x483S26b04520x530S18510520x510
unskyld,unskylde,519,AS15a51S15a37S26a07S20e00M524x522S15a37484x479S15a51475x486S20e00498x510S26a07503x497
unskyld,,1027,AS15a51S15a37S26a07S20e00M528x516S20e00500x499S15a37477x484S15a51473x493S26a07507x484
unta,,4599,M536x513S26606506x488S18212485x490S1821a464x490
untak,,4600,M536x512S26606506x492S18212487x489S1821a464x489
untatt,,4601,M537x512S26606507x491S18212486x489S1821a463x489
uorden,,4602,M521x544S14e12479x474S14e16490x497S2e746488x528S2e706485x457
upålitelig,,4603,M539x549S15a37493x452S15a31486x452S20500496x481S26612462x478S26606509x478S20300494x501S20300494x534S22a04495x518
urolig,,4604,M540x523S20350517x478S20350476x478S26612461x495S26602503x494S26606510x507S26616466x507
USA,,1501,AS1dc01S2ea32S2ff00M555x571S2ff00482x482S1dc01531x516S2ea32530x556
usiker,,4605,M540x551S15a37493x449S15a31486x449S20500495x478S26612460x476S26606510x477S22a04493x518S20300492x499S20300491x536
usikker,,4606,M529x545S15a40507x455S15a48476x455S2a20c501x487S2a208506x508S2a210472x487S2a214471x510S2fb04489x539
usikker,,6125,M538x574S15a31486x427S15a37493x427S20500496x469S26606508x466S26612463x466S22a04497x538S20302496x519S20302497x559
uskarpehetsrelasjonen,,4607,M531x547S14c20508x454S14c28469x458S2e301507x490S2e31f470x494S10612493x532S10606473x528
uskarpehetsrelasjonen,,4608,M532x562S14c20509x438S14c28468x442S2e301508x472S2e31f470x478S10612496x521S10606475x515S26c2a490x535
ute,ut,1409,AS14c20S26600S34600M549x532S34600482x482S14c20526x501S26600529x467
uten,,4609,M539x523S14c31488x478S14c39488x479S20500495x509S26612461x507S26606509x506
utredning,,4610,M530x569S11813505x432S1181b470x432S2e706503x463S2e746470x457S15a00491x493S14c02480x496S21100493x523S22b04491x539
utrygg,,4611,M542x550S20500494x539S20300492x522S36d00479x511S15a37498x449S15a31491x449S20500500x476S26612469x473S26606512x473
utryggt,,4612,M537x550S15a37492x449S15a31485x449S20500495x477S26612462x474S26606507x474S36d00479x509S20500498x539S20300494x521
utsatt,,4613,M512x529S18240488x514S26600495x480S2f900498x471
utsette,,4614,M512x525S26600494x476S18240488x510
utslipp,,6560,M532x535S18508489x520S17716493x497S26501476x480S26500493x475S26507512x479S22100494x465S22101468x472S22107523x473
utstilling,,8021,M521x523S20500495x477S11541497x495S11549479x496
utstyr,,4615,M548x523S15350478x477S15358452x477S22a24505x508S22a24535x508S26726504x489
utstyr,,4616,M550x520S16d10483x480S16d18450x480S26726508x489S22a24505x505S22a24530x505
utstyr,,8020,M548x517S15350483x483S15358452x484S26726506x484S22a24505x502S22a24524x502
uttrykk,,4617,M520x528S15a16481x516S20350486x499S20b00507x502S2c600501x473
uttrykk,,6126,M522x528S15a16478x516S20350483x499S20b00507x503S2c600503x473
uttrykk,,8019,M521x527S15a16479x515S20350484x497S20b00507x503S2c600502x474
utvalg fra en mengde,,559,AS1d111S16c48S1d411S22a07S22a07M545x531S16c48456x510S1d111475x495S22a07497x489S22a07508x500S1d411520x468
utvendig,,4619,M534x518S2ff20476x483S22b24493x450S18240510x458S18248468x458
utvending,,4618,M534x518S2ff20476x483S22b24493x450S18240510x458S18248468x458
utvide,,4620,M540x522S18247506x478S1824f477x478S26612461x506S26606510x506
utvide,,6127,M536x524S18247505x476S1824f478x476S26612465x508S26606506x508
utvidelse,,4621,M539x521S18247507x480S1824f479x480S26612462x505S26606509x505
utvidelse,,6128,M536x524S18247505x476S1824f478x476S26612465x508S26606506x508
utvikling,,4622,M530x523S18240506x508S18248471x508S2b920479x478
utvikling,,4623,M529x534S15a02502x522S15a06472x514S2b700505x494S2b711479x486S2b700501x467
utvikling,,4624,M542x526S15010508x474S15018470x474S26512477x512S26512459x512S26506509x512S26506527x512
utvikling -1,,8018,M529x522S18240505x507S18248472x507S2b900481x478
utvikling -2,,8017,M529x532S15a02502x520S15a02471x508S2b700505x495S2b700500x469S2b711482x480
uvaer,,5795,M533x574S1f522492x425S22a04492x453S2f900508x452S36d00479x570S14c21472x535S28a0a497x532
uvær,,2477,M537x555S1f522494x444S22a04495x471S2f900495x488S14c21484x520S36d00479x551S2880a515x528
uvær,,4625,M530x544S1f522490x456S22a04492x483S2f900506x484S36d00479x540S14c2f482x509S2880a508x506
v,V,1047,AS10e20M507x515S10e20492x485
V hand,,5163,M508x515S10e00493x485
vaer,,5701,M571x520S2ff00482x483S22b04520x490S22b14463x487S2f005529x479S2f015449x475S2fb00528x469S2fb00454x465S10011550x476S10019426x475
vaer,,5800,M539x520S36d00479x516S14c21477x483S28a0a503x479
vaer,,5801,M536x523S36d00479x519S14c01471x480S28a0a500x477
vaermelding,,5802,M553x551S36d00479x437S14c21475x403S2890a500x400S33b00481x483S10010507x521S2b707528x523
vaeske,,5394,M516x521S17712485x480S22a04487x506S22100504x506
vaeske,,5648,M512x525S16d26492x475S2a200489x497
vaeske,,5649,M531x514S15a50470x487S2830a488x496
vaeske,,5650,M508x516S17712493x484S22100496x509
vaeske,,6574,M514x520S17712487x481S22a04488x505S22100502x502
vakker,,2207,AS18510S26a02S21100S2ff00M554x534S2ff00482x483S18510491x511S26a02523x507S21100541x514
vaksinering,,6561,M524x518S2ff20476x483S20500467x484S26504465x467S11e34458x436S22105450x459
vaksinering,,6562,M521x525S36d00479x476S11e30476x495S20500479x485S22101494x490
vaksinering,,6563,M521x525S36d00479x476S11e30476x495S20500479x485S22101494x490S26504460x503
vakuole,,6564,M543x536S22510508x465S22510473x465S14c50507x484S14c58472x482S28914458x504S2890c528x507
van-loesning,,6568,M528x604S17712489x396S17712477x489S17716491x505S22a04490x420S22100505x428S2ea02473x470S2ea12488x530S2fd06522x488S16d48475x560S16d40499x560S28807496x584S2881f475x584
vanlig,vanligvis,2714,AS14c30S14c38S22a04S22a14S26606S26612S22a04S22a14M557x532S14c30519x470S14c38456x468S22a04512x514S22a04544x517S22a14476x514S22a14444x514S26606520x501S26612449x499
vanlig,,6565,M548x531S14c30504x470S14c38466x469S22a04506x516S22a04535x516S22a14477x516S22a14452x516S26506518x506S26512463x506
vanlig celledeling,,6566,M548x584S14c30504x417S14c38466x416S22a04506x463S22a04535x463S22a14477x463S22a14452x463S26506518x453S26512463x453S16d10495x504S16d18485x525S15a02482x562S15a48491x557S20f02511x557S26a06526x556
vann,,1017,AS1f520S22a04S21100S30006M545x543S30006482x482S1f520521x490S21100520x509S22a04521x528
vann,,2478,M508x516S17712493x485S22100495x509
vann,,2479,M524x536S2ff00482x483S10610488x510S20e00512x515
vann,,2481,M530x514S15a50470x487S2830a487x493
vann,,2482,M538x521S2ff00482x483S1f527516x493S21100499x491S22a04501x506
vann,,4626,M531x514S15a50470x487S2830a488x494
vann,,4627,M508x516S17712493x484S22100495x509
vann,,4628,M514x519S22100502x505S22a04486x504S17712486x481
vann,,4629,M522x535S2ff00482x483S10610488x509S20e00510x515
vann,,4630,M542x522S2ff00482x483S21100501x490S22a04502x505S1f527520x500
vann,,5227,M508x515S17712493x485S22100495x508
vann,,5228,M528x535S2ff00482x483S10610489x509S20e00516x514
vann,,5229,M544x519S2ff00482x483S21100502x489S22a04501x504S1f527522x496
vann,,5230,M530x514S15a50471x487S2830a487x493
vann,,5392,M515x521S17712485x480S22a04486x506S22100503x512
vann,,5643,M508x516S17712493x484S22100495x509
vann,,5644,M527x534S2ff00482x483S10610493x508S20e00515x515
vann,,5645,M543x519S2ff00482x483S21100504x489S22a04504x504S1f527521x496
vann,,5646,M530x514S15a50471x487S2830a487x492
vann,,6567,M516x520S17712485x481S22a04487x505S22100504x507
vann,,8015,M515x519S22a04486x504S22100503x504S17712486x481
vann,,8016,M530x514S15a50471x487S2830a487x493
vann 3,,2480,M538x521S2ff00482x483S1f527516x493S21100499x491S22a04501x506
vann-loesning,,5393,M526x609S17712482x392S22a04485x417S22100501x423S17712480x481S1771e490x498S2ea02474x462S2ea12486x522S2fd06513x486S28807504x589S2881f478x589S16d40508x566S16d48476x567
vannpotensial,,6569,M525x596S17712489x405S22a04491x429S22100507x436S15a1a488x508S16d40507x552S16d48476x553S37700499x491S20300493x479S20500495x496S2f900496x471S28807505x576S2881f478x576
vanskelig,,4631,M526x520S20330511x505S20330475x505S2f900514x497S2f900477x497S22a00513x480S22a10476x480
var,,5803,M512x545S1710a492x505S22b00493x490S14c00488x455S17736492x525
variabel,,61,AS15a30S15a30S23600S23614S2fb04S2f804M544x539S15a30478x462S15a30504x462S23600505x500S23614455x499S2fb04491x521S2f804481x528
variabel,,1916,M542x540S15a30509x461S15a30484x461S23604503x495S23614459x495S2fb04493x518S2d634488x530
variere,,4632,M528x524S15a50509x477S15a50479x477S23100502x506S23110472x507
variere,,8014,M526x524S15a50508x477S15a50484x477S23100500x507S23110474x507
varierer,,8013,M530x523S23100504x505S23110470x506S15a50511x477S15a50478x477
varm,,773,AS15002S26506S33b00M533x546S33b00482x482S15002480x521S26506518x528
varm,,2483,M529x518S2ff00482x483S14c02462x478S26606499x482
varm,,4633,M529x518S2ff00482x483S14c02464x485S26606499x487
varm,,5796,M530x518S2ff00482x483S14c02464x478S26606500x481
varm,,8012,M528x518S2ff00482x483S14c02463x486S26606498x489
varmekapasitet,,4634,M546x514S26a02511x487S26a16477x487S16d10529x489S16d18455x490
varmt,,4635,M528x518S2ff00482x483S14c02465x485S26606498x488
varmt,,8010,M526x518S2ff00482x483S14c02463x483S26606496x486
vasse,,2484,M533x524S10004512x476S1000c474x476S26c08506x509S26c18468x509
vasse,,5647,M532x525S26c08505x508S26c18469x510S10004511x475S1000c477x475
vat,,5651,M522x531S17d16478x471S17d1e506x470S22100479x498S22100509x498S22a04509x509S22a14479x509S2fb04493x525
vat,,5652,M513x517S17d1e492x494S22104487x484S22104501x484
vat,,5653,M522x531S17d16478x471S17d1e506x470S22100479x498S22100509x498S22a04509x509S22a14479x509S2fb04493x525
vatgass,,6575,M552x529S22a04492x393S15738492x363S17716491x410S2ff00482x483S15000502x498S2e501529x493
ved,,2485,M527x532S37b00494x515S3770b494x510S15a37504x499S17112489x479S20600485x500S2b703473x469
ved,,4636,M532x527S36d00479x474S37700479x478S37703479x502S20500467x487S20500480x516S28900493x486S18247515x496
ved,,5562,M569x533S36d00479x506S37b11518x509S37b11520x517S3770c526x520S15a37546x502S17112525x478S20500525x499S20500540x499S2b703511x466
vedhengskrefter,,4637,M514x520S15a06487x490S15a20493x480S2f920493x509
vedhengslkrefter,,8009,M514x521S15a02487x486S15a20498x480S2f920498x510
vedhengstrefter,,8011,M543x514S26a02508x487S26a16480x487S16d10526x490S16d18458x490
vedvare,,4638,M512x530S15a10495x471S2e50c489x503
vedvarende,,4639,M528x529S10002498x471S1000a473x481S2e700510x490S2e74c476x502S2fb04493x523
veie,,64,AS15a30S15a38S23100S23110S2fc04M531x536S15a30504x464S15a38478x465S23100505x501S23110469x503S2fc04492x525
veie,,843,AS15a30S15a38S23100S23110M531x528S15a30504x472S15a38478x473S23100505x509S23110469x511
veie,,4640,M529x530S15a30509x470S15a30478x470S23100503x500S23110471x501S2fb04492x524
veie,,6130,M533x528S2fb04494x522S23100507x500S23110468x502S15a30507x472S15a30482x472
vekst,,6570,M569x529S15311511x506S15319467x506S22a07530x497S22a07542x485S22a07556x471S22a11457x498S22a11444x487S22a11432x475
vekst-kurve,,6571,M540x563S14e40503x455S14e48471x455S26606510x437S26612460x437S10011484x533S2480a503x529
vekt,,4641,M530x529S15a30511x472S15a30478x472S23100504x501S23110471x502S2fb04493x523
vekt,,6131,M533x528S2fb04494x522S23100507x500S23110468x502S15a30507x472S15a30482x472
vektor,,356,AS10057S1dc28S20600M524x521S1dc28475x479S10057477x491S20600502x505
veldig,,4642,M526x524S36d00479x476S20500499x497S15a17503x501
veldig -2,,8008,M509x512S16707491x488
velkommen,,179,AS14c30S14c38S26504S26514S2fb04S33e00S31400M547x575S33e00482x483S14c30523x509S14c38453x509S26504527x558S26514459x557S2fb04491x569S31400482x482
velkommen,,5591,M579x521S2ff23479x479S2fb04525x501S26503536x480S26513517x468S15d30560x450S15d39532x444
vene,,6572,M538x537S36d00479x464S2390f491x489S21100498x521S10001517x507
vent,,5702,M506x514S15a20494x487
vente,,8007,M514x524S1f526495x476S2e502487x501
vente lenge,"vente og vente, vente for lenge",844,AS20320S2eb34S2f900S32a10M549x547S32a10482x482S20320534x493S2eb34530x515S2f900536x482
vente-i-iveghet -i,,8006,M514x526S2e502487x503S1f526495x475
ventil,,4643,M529x521S10011508x490S1001a471x506S20500494x492S22100504x479S22104485x479
ventilasjon,,1510,AS14c40S14c0aS26500S21300S15d01S15d09S26504S26514S2ff00M547x530S14c0a471x409S14c40490x430S26500496x392S21300510x412S2ff00482x483S15d09452x495S15d01524x494S26514463x515S26504518x515
veps,,1499,AS1d410S2e234S26502S2ff00M558x554S26502543x502S2e234522x522S2ff00482x482S1d410512x489
verden,,1369,AS14c51S2e902S34700M526x578S14c51486x527S2e902486x563S34700482x482
verden,,4644,M546x528S15a50508x472S15a50479x472S28a14458x492S28a0c525x492S28816454x502S2880e524x502
verdi,,4645,M514x520S20600488x496S1851c486x480S15a16487x508
verdi,,4646,M514x531S22a00487x469S22100487x486S20500494x507S1851c487x489S15a16487x519
verdi,,6132,M514x521S15a16486x509S20600489x497S1851c489x479
verdi,,6133,M515x531S20500496x506S15a16488x519S1851c490x490S22100485x487S22a00485x469
veriere,,6129,M529x524S15a50503x476S15a50485x476S23104503x504S23110471x507
verken,,4647,M522x531S15a22479x470S26500487x482S26500508x476S20e00510x492S20e00488x498S1dc09493x501
verktøy,,4648,M524x552S20b00508x458S20310488x449S20314483x463S15a50505x495S15a50482x495S2a210477x524S2a208501x524
verne,,4649,M537x518S2ff20476x483S15a00498x453S15a00525x450S2d600490x437
vest,,4650,M521x524S36d00479x476S15a01498x486S22b03479x500
vest,,4651,M525x517S36d00479x484S15a01502x494S26602471x501
vi-tre,,779,AS11e31S2e806M519x525S11e31494x476S2e806481x510
VI_TO,,5164,M530x544S36d00479x530S37710518x519S10e00513x484S26c0a515x455
vibrator,,4652,M524x558S14c50490x442S2a400489x476S17710504x524S17718477x524S26512477x544S26506507x544
vibrere,,4653,M513x536S14c50488x465S2a400488x500
video,,615,AS11550S11558S2ea36S2ea46S2fb04M528x533S11550505x467S11558479x467S2ea36503x505S2ea46472x505S2fb04494x527
vikelig,,4875,M511x535S22a04498x466S20b00498x483S20300494x500S20300489x520
viktig,,4654,M513x520S1f502492x496S22f00488x481
vil,ønsker,5841,AS15d02S22a04S21100M514x527S15d02487x473S21100494x496S22a04494x512
vil,,8004,M514x531S21100493x485S22b04492x501S15a02487x470
vil-bestemt,,153,AS15d02S20c00S35000M518x570S35000482x482S20c00488x557S15d02488x535
vil-vil-spm,,1455,AS15d01S20600S30a00S33e10M518x567S30a00482x482S33e10492x505S15d01492x539S20600474x556
vilkar,,6134,M517x524S15a30486x496S15a36484x512S20b00504x495S22a04504x477
vilkår,,4655,M516x523S15a36486x511S15a30484x494S20b00502x494S22a04503x477
vill,,2486,M549x518S2ff00482x483S20320522x486S26500523x468S22100537x475S14c20518x433
vill,,5289,M551x518S2ff00482x483S20320520x483S26500521x464S14c20516x429S22100539x469
vill,,8003,M549x518S2ff00482x483S20320520x486S26500521x468S22100537x475S14c30516x433
vill-svin,,2487,M544x548S2ff00483x453S20320524x456S26500525x439S14c20521x404S2ff00481x513S2e306489x523S20310525x522
vind,,2488,M524x521S14c40500x480S23802476x504
vind,,4656,M526x520S14c40502x481S23902475x500
vind,,5797,M528x520S14c40504x481S23902472x500
vinderegåenda,,8005,M522x522S15a02495x510S15a02479x495S2b900495x478
vinger,,2489,M551x516S36d00479x485S15a12449x487S15a1a524x487S22f04522x502S22f14451x502
vinkel,,50,AS10041S1ee18S2880cM533x522S1ee18467x481S10041512x492S2880c496x478
vinter,,2490,M526x530S20310511x471S20318475x471S27102511x490S27116474x489
vinter,,2491,M525x512S20310510x497S20318475x497S2f900513x489S2f900477x489
vinter,,4871,M525x531S20310508x470S20318475x470S27102510x490S27116475x491
vinter,,4872,M521x538S36d00479x463S20310506x478S20318477x478S27102506x498S2711a476x498
vinter,,4873,M524x512S2f900512x489S2f900479x489S20310509x497S20318477x497
vinter,,4874,M523x519S36d00479x482S2f900477x497S2f900511x497S20310508x504S20318475x504
vinter,,5798,M526x531S20310509x470S20318474x471S27102511x490S27116474x491
vinter,,5799,M524x512S20310509x497S20318476x496S2f900512x488S2f900477x489
vinter,,8002,M527x530S20310510x470S20318475x471S27102512x489S27116474x490
vinter -2,,8001,M525x512S2f900478x489S2f900512x488S20310510x496S20318475x497
virke,,4879,M522x526S20300507x475S20300480x480S2e734504x496S2e718478x501
virkelig,,4876,M511x535S22a04498x466S20b00498x483S20300494x500S20300489x520
virkelig,,4877,M515x526S22a04487x493S2f900504x496S20300486x474S20300486x511
virkelig,,8000,M512x532S20300494x498S20300489x517S20b00498x483S22a04499x468
virkning,,4878,M518x543S14c04484x458S22a00488x492S17712486x511S15a16482x531S2f710506x497
virkning,,4880,M522x525S20300507x476S20300481x480S2e734505x496S2e718478x500
virksomhet,,4881,M522x526S20300507x474S20300482x480S2e734504x494S2e728479x501
virus,,2492,M547x534S14c57509x507S14c5f463x507S22520509x492S22520458x492S26607525x467S26611453x468
virus,,4867,M543x535S14c57504x506S14c5f464x508S22520504x491S22520460x492S26611457x468S26607521x465
virus,,6573,M568x534S17727503x513S1772f478x515S26607521x492S26611458x494S14c57542x466S14c5f433x468
viten,,4882,M534x518S30007482x483S15a11511x473
vitenskap,,4885,M548x574S30007482x483S15a11511x475S11513521x548S1151b472x549S22121517x547S22127487x547
vodka,,482,AS15a54S20b00S36a00M542x537S36a00482x477S15a54511x510S20b00529x512
voksen,,258,AS15a50S2f900S2ff00M535x517S2ff00482x482S15a50523x478S2f900523x509
voldsom,,4886,M518x532S2ff00482x483S1f510485x517S21100487x498S26506499x498
voldsom,,4887,M518x555S30004482x483S20600489x520S10930492x535
voldsomt,,4888,M518x552S20600489x520S30004482x483S10930493x532
voltage,,5703,M526x518S11810511x491S11818474x491S2f900514x483S2f900475x483
volum,,3,AS15410S15418S26506S26512S2f900S2f900M546x516S15418475x484S15410512x484S26506531x493S26512453x491S2f900535x511S2f900459x508
volum,,600,AS16c40S16c48S22b00S22b10M529x532S16c48471x511S16c40509x510S22b00511x468S22b10474x468
volum,,4889,M522x525S2fb04492x519S26512478x505S26506507x505S15310506x475S15318479x475
volum,,6137,M523x526S2fb04493x520S26512478x507S26506507x506S15318477x475S15310508x476
vondt,,7998,M521x520S36d00479x480S21100495x488S20300494x505
vondt -h,,7999,M521x519S36d00479x481S21100495x489S20300494x504
vottehånd,,1113,AS15d20M509x513S15d20490x486
vrake,,4890,M517x517S15a30484x490S20e00484x502S26500483x484S18252502x488
vri-om (nøkkel),,1098,AS1ea30S2c300M529x512S1ea30471x490S2c300503x489
vulcan,,4893,M514x531S15a02487x501S14c00489x480S22100496x470S22a00494x516
vulkan,,4912,M514x531S15a02487x501S14c00489x480S22100496x470S22a00494x516
vulkan,,4913,M517x532S16d0a483x492S22b00484x478S17716486x512S22100487x468S2f900506x470
vulkan,,5138,M518x536S17716484x516S16d0a483x492S22b00484x475S22100486x465S2f900507x469
vurdere,,4914,M529x530S15a30510x471S15a30480x471S23114472x502S23104503x502S2fb04493x524
vurdere,,5139,M533x530S15a30514x470S15a30474x470S23104507x502S23110467x503S2fb04492x524
vurdere,,6138,M532x531S2fb04493x525S23100506x500S23110469x500S15a30507x470S15a30482x470
vurdering,,4915,M528x529S15a30509x472S15a30481x472S23110473x503S23100502x502S2fb04494x523
vurdering,,5140,M532x530S15a30513x470S15a30475x470S23100506x500S23110469x501S2fb04493x524
vår,,2501,M512x545S14c00488x456S1710a492x504S22b00491x491S17736492x525
vår,,7991,M525x522S15a00494x495S20500476x488S20500515x488S2d508489x479
vår -1,,7992,M512x548S14c00489x453S1711a490x497S22b04489x496S17746488x528
våre,,7993,M573x518S1dc40544x446S26600557x477S1eb10531x495S20500519x494S30006482x483
våt,,2502,M523x530S17d16478x470S17d1e508x470S22100510x497S22100480x497S22a04510x509S22a14480x509S2fb04493x524
våt,,2503,M514x517S17d1e492x494S22104502x483S22104487x483
våt,,2504,M523x530S17d06478x470S17d0e508x470S22104509x498S22104479x498S22a04508x508S22a14478x508S2fb04492x524
våt,,5147,M519x522S17d06493x499S22a04493x481S22102512x479S22106481x479
våt,,5234,M513x518S17d0e488x495S22114487x483
våt,,7990,M508x519S17d0e493x496S22101497x482
vær,,2454,AS14c21S28b0aS2ff00M525x518S2ff00482x483S14c21449x470S28b0a481x464
vær,,2493,AS14c21S2880aS36d00M538x519S36d00479x515S14c21485x481S2880a516x489
værmelding,,2496,M557x544S36d00476x465S14c21486x430S2880a512x431S33b00488x483S10010510x514S2b707532x510
værmelding,,4917,M547x542S36d00478x458S14c21487x426S2880a514x429S33b00486x483S10010490x512S2b707522x508
værmelding,,5142,M527x519S36d00479x515S14c21479x481S2880a505x481
væske,,2497,M512x525S16d26491x475S2a200489x497
væske,,2499,M530x514S15a50470x487S2830a487x492
væske,,2500,M508x516S17712493x484S22100495x509
væske,,4918,M512x525S16d26492x475S2a200489x497
væske,,4919,M531x514S15a50470x487S2830a488x491
væske,,4924,M508x516S17712493x485S22100495x509
væske,,5143,M512x526S16d26492x474S2a200489x498
væske,,5144,M531x514S15a50469x487S2830a488x493
væske,,5145,M508x515S17712493x485S22100495x508
væske,,5146,M516x519S17712485x481S22a04487x504S22100504x496
væske,,5231,M513x525S16d26493x476S2a200488x497
væske,,5232,M508x517S17712493x483S22100496x510
væske,,5233,M531x514S15a50469x487S2830a488x495
væske,,7996,M515x519S17712485x482S22a04487x504S22100503x501
væske -1,,7995,M530x514S15a50470x487S2830a487x493
væske -2,,7994,M512x525S16d26492x475S2a200488x497
W-munn-hånd,,313,AS18620S36500M542x540S36500482x482S18620524x510
x,X,1048,AS10620M510x513S10620489x487
x,X,1049,AS10020S22b03S22b05M521x528S10020506x498S22b03479x471S22b05482x472
x,X,1050,AS10011S10019M515x515S10019485x484S10011494x485
"x-aksen, variant",,296,AS10620S15720S15728S26706M544x542S10620474x457S15728457x515S15720477x515S26706502x516
y,Y,984,AS1c550M515x514S1c550485x486
y,Y,1051,AS19a20M514x510S19a20486x490
y,Y,1052,AS10010S1dc2fM511x526S1dc2f488x474S10010490x496
y-aksen,,279,AS10004S1dc28S22b00S20e00M516x543S1dc28483x513S20e00484x497S22b00488x457S10004501x490
y-aksen,,298,AS10051S1dc28S22c00S20e00M524x547S1dc28475x517S20e00484x498S22c00482x453S10051494x518
y-aksen,,312,AS19a10S1dc28S22c00S20e00M515x549S1dc28484x519S20e00503x522S19a10485x496S22c00491x451
yr,,2505,M550x546S2f800484x455S22b24493x516S14c57509x484S14c5f466x484S22521451x468S22527526x468
yr,,5804,M549x546S14c57508x486S14c5f466x486S22521451x472S22527525x471S2f800480x454S22b24492x516
ytre-vinkel,,507,AS10051S1ee18S28902S20500S37706M542x519S10051512x495S1ee18486x497S37706458x511S28902477x481S20500468x499
z,Z,1053,AS10020S2460aM531x521S10020516x491S2460a469x479
Z,,1540,M518x517S10020482x487S2450a487x483
Zimbabwe,,1192,AS18220S26904S37700S37702M522x520S26904506x493S18220478x479S37700496x495S37702484x495
Zimbabwe,,1193,AS18220S26f00S22f04S2fb06S37700S37702M537x520S37702469x495S18220463x479S37700481x495S26f00495x483S22f04499x499S2fb06531x492
zoologi,,2506,M530x564S26521474x436S11813484x445S11813505x444S14c0a470x495S20700505x497S26500507x514S14c40502x533
zygote,,6576,M518x515S17112482x486S17116482x498S2f900507x498
zygote,,7989,M523x527S20700491x512S20500497x473S1da11498x489S1da19478x489
Å,,1544,M514x521S1f720490x506S2e302487x480
ål,Ål,1063,AS10050S28700M509x545S10050494x515S28700490x456
Ålesund,,1184,AS11500S20e00S2c700S11510S20500S2ff00S20500M560x529S20e00525x485S11500518x499S11510518x449S2ff00482x482S2c700537x458S20500495x485S20500506x468
Ålesund,,1406,AS11901S20500S28900S10e11S36d00S34900M548x555S36d00479x523S34900482x482S11901508x535S20500496x535S28900533x505S10e11511x479
ø,Ø,1058,AS1d510S22a00M510x527S1d510489x498S22a00490x473
ø,Ø,1059,AS17610S22a00M508x518S17610492x502S22a00494x483
ø,Ø,1060,AS10011S17618M513x517S17618487x483S10011492x487
Ø,,1541,M508x517S17620492x501S22a00493x483
åker,,2549,M561x520S22a00463x481S22a00547x481S22a10440x481S22a10525x481S26626486x482S17736440x500S1773e462x500S17736524x500S1773e546x500
ål,,2514,M536x508S10012506x493S2dd00464x492
ålrig,,2516,M522x543S15a30503x489S2a208499x515S1f510479x462S2e700498x457
ånde,,2565,M547x524S36d00479x476S15a02486x495S20600522x513S26600520x479S26604531x480
ånde,,4994,M560x524S36d00479x490S15a02490x505S26600529x477S26604544x478S20600534x513
ånding,,2563,M554x525S36d00479x476S15a02491x494S26600526x480S26604538x480S20600529x514
ånding,,2564,M533x614S33600477x428S33500476x537S14c00490x473S14c00488x582S20500521x473S20500518x584S26504519x489S26504516x599
ånding,,4992,M557x523S36d00479x496S15a02490x511S26600525x478S26604541x478S20600531x512
ånding,,4993,M527x610S33600477x432S33500476x534S14c00483x473S14c00482x575S20500514x480S20500511x581S26500513x494S26504509x595
åpne,,2562,M529x521S15a02501x480S15a06474x480S2df10472x500S2df08508x499
åpne,,4991,M528x518S15a02499x482S15a06474x482S2df10473x497S2df08507x497
åpning,,2561,M535x520S15a02501x480S15a06474x480S2df10465x498S2df08514x499
åpning,,4990,M530x518S15a02500x482S15a06473x482S2df10471x497S2df08509x497
år,,1260,AS1f710S2e700S34900M538x553S2e700522x528S1f710518x511S34900482x482
år,,2559,M518x513S1f510483x495S2e700503x488
år,,2560,M509x529S1f540492x472S2e700494x504
år,,4988,M518x513S1f510483x493S2e700503x488
år,,4989,M508x522S1f510492x479S2e700493x497
år,,6142,AS1f510S2e700M509x522S1f510491x478S2e700494x497
år,,6143,M517x513S1f510483x492S2e700502x488
åreforkalkning,,6582,M534x580S36d00480x420S3790a460x424S1d401473x422S21100475x453S22b03453x467S36d00478x538S15a12483x555S37706471x571S37809470x541S17600489x562S20500509x569S2f900523x571
årlig,,2558,M516x548S2a208491x520S15a30495x491S1f510484x457S2e700501x452
årlig,,4987,M518x550S1f510483x454S2e700503x450S15a30492x491S2a208488x522
årlig,,5806,M517x545S15a30493x486S2a208488x517S1f510483x459S2e700502x455
årlig,,6144,M518x557S1f510483x449S2e700503x443S15a30495x497S2a208490x529
års,,7985,M509x524S1f510491x477S2e700494x499
års-kifte,,4985,M525x556S1f510495x444S2e700497x464S26601485x505S26617493x505S15a50513x529S15a50476x529
års-skifte,,2517,M523x555S1f510488x446S2e700491x465S15a50511x528S15a50478x528S26601489x505S26617490x505
års-skifte,,2557,M528x559S1f510494x441S2e700495x462S26601487x515S26617491x515S15a50516x532S15a50473x532
års-skifte,,4986,M525x556S1f510495x444S2e700497x464S26601485x505S26617493x505S15a50513x529S15a50476x529
års-skifte,,5807,AS1f510S2e700S15a50S15a58S26601S26617M522x557S1f510486x449S2e700505x443S26601486x504S26617497x503S15a50510x530S15a58479x530
års-skifte,,7983,M528x549S1f510494x451S2e700497x470S15a50477x522S15a50511x522S26601506x506S26617472x507
års-tid,,2518,M527x547S1f510480x453S2e700483x472S10010474x517S26606497x526
års-tid,,2556,M526x548S1f510481x452S2e700484x473S10010475x518S26606496x523
års-tid,,4984,M526x547S1f510492x454S2e700493x473S10010475x517S26606496x521
års-tid,,7984,M526x545S2e700487x473S1f510486x455S10010475x515S26606496x522
årsak,,2555,M514x521S15a12487x497S15a16486x509S22a04495x480
årsak,,4983,M514x521S22a04494x480S15a12486x498S15a16487x509
årsak,,6145,M515x521S15a12488x496S15a1a485x509S22a04495x479
årsak,,7982,M515x521S22a04494x479S15a12485x498S15a16488x509
årstid,,5808,AS1f510S2e700S10010S26606M525x539S1f510476x466S2e700498x461S10010476x509S26606495x521
åtte,,7981,AS11e01M513x515S11e01488x485
åtte-regel,,2554,M519x550S11e00489x450S15a12482x509S15a20490x518S20602509x526
åtte-regel,,4982,M518x548S11e00487x452S15a12482x506S15a20490x515S20602508x524
åtte-regel,,7980,M578x550S11e00429x451S15a12422x512S15a20433x515S20601559x487S20602449x526
æ-bæ,,2045,M545x518S33200482x483S14c20522x485S34110493x508
øke,,5136,M550x522S15310506x479S15318484x479S2fb04494x510S26512471x506S26512451x507S26506515x507S26506535x508
øke,,5137,M512x517S18210489x502S22a00495x483
øke,,7988,M512x517S22a00491x483S18210489x502
økende,,255,AS15340S15348S20700S26606S26612M554x523S15348485x498S15340503x498S20700493x476S26606524x502S26612447x503
økende,,509,AS14c50S14c58S22a07S22a11S22a07S22a11S22a07S22a11M572x531S14c58472x500S14c50504x500S22a07532x496S22a07545x484S22a11455x497S22a07559x471S22a11428x468S22a11442x483
økende,,2572,M541x530S15310506x471S15318481x471S2fb04492x524S26512479x505S26512460x505S26506506x505S26506526x505
økende,,5135,M552x522S15310508x479S15318480x479S2fb04493x511S26512470x507S26512449x508S26506515x508S26506537x508
øko-system,,2571,M534x586S14c50484x414S2e736483x449S15a10512x487S15a18466x486S22a24489x513S15a02479x546S15a06481x574S22a24521x558S2f900522x575
øko-system,,5134,M531x583S14c50485x417S2e736484x452S15a10514x485S15a18469x485S15a02483x539S15a06484x571S22a24491x510S22a24518x553S2f900519x571S2f900492x527
økologi,,2570,M544x518S15a50482x403S2e736499x401S30000482x483S26a04504x468S26a14474x468S18500520x456S18508461x456
økologi,,5018,M547x518S15a50484x385S2e706502x394S30000482x483S26a04505x472S26a14467x472S18510522x463S18518455x463
ørken,,2507,M522x530S15a13486x470S21200478x497S26a04478x515S15a30510x503
ørken,,5002,M524x530S21200477x498S26a04478x516S15a30512x500S15a13487x470
ørken,,7987,M522x535S15a13489x465S21200479x494S26a04479x513S15a30510x508
ørn,,2508,M532x518S33100482x483S1ec10496x490S2b700513x479S22104519x469
ørret,,2509,M543x536S33010479x483S1f400514x506S20700504x521
ørret,,7986,M554x530S36710482x483S20700515x515S1f400525x505
øst,,2568,M565x524S36d00479x484S15a25517x476S22b05541x500
øst,,2569,M569x513S36d00479x487S15a26508x499S26606539x497
øst,,5000,M561x524S36d00479x487S15a25514x476S22b05537x500
øst,,5001,M554x515S36d00479x486S15a26491x501S26606524x499
østers,,2510,M528x513S17111508x488S1711e505x496S22104488x493S22100473x493
øy,,2511,M510x528S10004491x473S2ef04490x510
øy,,2512,M513x520S17630493x480S2e732488x504
øy,,4998,M513x518S17610492x502S2e732488x482
øy,,4999,M516x527S10000485x474S2ef04496x509
øyeblikkelig,,2566,M526x516S15a18475x485S10020493x486S22a04512x498S2f710514x488
øyeblikkelig,,2567,M525x516S15a18476x486S10020492x486S22104501x484S2f710513x491
øyeblikkelig,,4996,M525x515S15a18476x485S10020491x485S2f710512x485S22a04512x496
øyeblikkelig,,4997,M526x517S15a18475x487S10020492x487S2f710514x489S22104499x484
"øyne, åpne",,371,AS31400M518x517S31400482x482
