canonical_gloss,synonyms,sid,FSW
!!!bueno!!!,,1912,M551x570S14c37524x515S14c31457x523S22a04531x550S22a14470x555S30a00482x488S30200482x478S35100482x488
",",,1633,S38700463x496
",",,1700,M519x521S1eb20495x480S2880d495x501S2f700482x510
.,,1634,S38800464x496
0,,103,M508x508S17610492x492
0,cero,1304,M508x508S17610492x492
1,,1270,M508x515S10020493x485
1,"uno, una",1305,M507x515S10020492x485
10,,11,M512x524S1f820490x477S2e104489x496
10,diez,1314,M510x524S1f510492x475S2e230491x492
100,,101,M520x516S10020481x485S16d20503x496
100,cien,1344,M509x536S10028494x463S16d20492x516S26504494x496
1000,,102,M519x537S10010495x464S18210496x522S15a18482x510S20500496x506
mil,1000,1345,M548x515S15a18451x486S15a12476x495S20500465x494S20500465x494S26502510x493S10028533x485
11,,12,M518x521S20320483x506S21d00496x480S10020503x491
11,once,2747,AS10000S20328M516x515S10000501x485S20328483x500
118,,2602,M528x516S10020472x485S10020489x485S1bb20507x488
12,,13,M518x520S20320482x505S21d00500x480S10e20502x490
12,doce,2842,AS10e00S20328M517x515S20328483x500S10e00502x485
13,,1271,M521x520S20320480x505S21d00503x480S11e20497x490
13,trece,2921,AS11e00S20328M521x515S11e00498x485S20328479x500
130,,14,M531x515S10020469x485S11e20487x485S17620515x499
136,ciento treinta y seis,2551,M541x536S11e20483x465S26506505x469S18720523x467S10028461x463S16d20459x516S26504461x496
14,,15,M532x521S20110468x506S2e008485x480S14420510x490
14,catorce,2949,AS14400S20328M521x516S14400499x484S20328480x501
144,,17,M542x538S10028460x465S16d20458x518S26504460x498S26506502x479S14420483x463S14420520x463
144000,,18,M543x563S10028462x439S16d20460x492S26504462x472S26506504x453S14420485x437S14420521x437S15d18456x536S20500477x545S20500477x545S26502520x541S18d12490x540
146,ciento cuarenta y seis,2049,M539x538S10028463x465S16d20461x518S26504463x498S26506505x479S14420486x463S18720521x467
1473,,2323,M544x515S10020456x485S14420475x484S1a520500x486S11e20521x485
15,,16,M531x522S20310470x507S2e008485x479S14c20508x491
15,quince,2980,AS14c00S20328M520x515S20328481x500S14c00497x484
1513,,2230,M543x517S10020457x485S14c20475x484S10020502x486S11e20520x487
16,,1272,M521x520S18710479x491S2e008500x480
16,dieciseis,1315,M517x514S20300482x498S18720499x485
1600,,2533,M535x515S10020464x485S18720481x486S17620501x499S17620519x499
17,,1273,M523x521S1a510477x493S2e008502x480
17,diecisete,1316,M520x514S20300480x498S1a520499x486
18,,19,M524x520S1bb10477x492S2e008503x481
18,dieciocho,1317,M520x514S20300480x498S1bb20499x486
185,,2575,M532x515S10020468x485S1bb20485x486S14c20509x484
1890,,2559,M545x516S10020455x485S1bb20477x487S17620529x500S1ce20504x485
19,,20,M522x524S1ce10478x494S2e008501x477
19,diecinueve,1318,M521x515S20300479x500S1ce20499x485
1900,mil novecientos,1741,M540x515S20300461x500S1ce20479x485S17620504x499S17620524x499
1914,mil novecientos catorce,1665,M541x516S20300458x500S1ce20476x485S14400519x485S20320500x501
1918,,2268,M547x516S10020504x485S1ce20475x485S10020454x484S1bb20526x488
1919,,2200,M542x516S1ce20477x485S1ce20520x486S10020458x485S10020501x486
1920,,1226,M542x515S10020458x485S1ce20478x485S10e20506x485S17620526x499
1922,,2204,M542x516S20300459x498S1ce20479x483S10e20507x485S10e20527x486
1930,,1112,M545x515S10020456x484S1ce20477x484S11e20501x484S17620529x499
1931,,2205,M545x516S20300455x499S1ce20475x484S11e20500x485S10020530x486
1932,,2558,M543x515S10020456x485S1ce20477x485S11e20501x485S10e20528x485
1933,,1144,M551x515S10020450x485S1ce20471x485S11e20501x485S11e20528x485
1935,,2207,M546x516S20300453x499S1ce20473x484S11e20497x486S14c20523x485
1938,,1085,M547x515S10020452x485S1ce20473x485S11e20497x485S1bb20526x487
1938,,2502,M547x515S10020452x485S1ce20473x485S11e20497x485S1bb20526x487
1943,,1145,M549x515S10020450x485S1ce20471x485S14420499x484S11e20526x485
1955,,2416,M551x515S10020450x485S1ce20472x485S14c20501x484S14c20528x484
1971,,2497,M550x515S20300451x500S1ce20471x485S26506517x499S1a520498x486S10020535x485
1972,,1087,M544x515S10020456x485S1ce20477x485S1a520504x487S10e20529x485
1972,,2504,M544x515S10020456x485S1ce20477x485S1a520504x487S10e20529x485
1981,,2555,M543x515S10020457x485S1ce20478x485S1bb20504x487S10020528x485
1986,,1169,M546x515S10020454x485S1ce20475x485S1bb20501x487S18720528x486
1995,,1138,M551x516S10020450x486S1ce20472x486S14c20528x485S1ce20499x484
2,,3,M508x515S10e20493x485
2,dos,1306,M507x515S10e20492x485
2-hilos,,1021,M540x539S13f11510x461S21003476x492S21002490x517S22a06509x517S22a07494x485S10e09460x509
2-hilos,,2458,M540x539S13f11510x461S21003476x492S21002490x517S22a06509x517S22a07494x485S10e09460x509
20,,21,M530x513S1ee20471x491S22114500x488S1f420501x498
20,veinte,1319,M516x512S1f110487x497S22114484x488
200,doscientos,1923,M509x536S16d20492x516S26504493x498S10e20493x464
dos mil,2000,1976,M548x515S15a18451x488S15a12476x497S20500465x496S20500465x496S26502510x495S10e20533x484
2008,,2556,M540x516S10e20460x484S17620480x499S17620499x499S1bb20519x488
2013,,2311,M541x515S10e20460x484S17620480x499S11e00518x485S20328499x500
2014,,2354,M539x515S10e20462x484S17620482x499S20328501x500S14400517x484
2016,,2600,M537x515S10e20462x484S17620482x499S20308501x500S18720519x486
21,,22,M517x515S10e20483x485S10020502x485
21,veintiuno,1320,M527x515S10020512x485S10e20474x485S26506493x496
22,,23,M529x522S10e20472x479S26a00494x495S26606499x506
22,veintidos,1321,M524x515S10e20475x485S10e20475x485S10e20509x485S26506490x488
23,,24,M521x515S10e20479x485S11e20498x485
23,veintitres,1322,M525x515S10e20475x485S11e20502x485S26506490x487
24,,25,M521x516S10e20480x486S14420499x485
24,veinticuatro,1752,M528x516S10e20473x486S26506488x488S14420506x484
25,,26,M521x516S10e20479x486S14c20498x485
25,veinticinco,1993,M527x515S10e20473x485S26506488x487S14c20504x484
26,,27,M519x516S10e20482x485S18720501x487
26,veintiseis,2036,M526x516S10e20473x485S26506488x487S18720508x487
27,,28,M521x516S10e20480x485S1a520500x488
28,,29,M521x516S10e20480x485S1bb20500x488
28,,2399,M521x515S10e20479x485S1bb20500x487
288,,2593,M531x515S10e20469x485S1bb20487x486S1bb20510x486
29,,30,M521x516S10e20480x485S1ce20499x486
29,veintinueve,1949,M526x516S10e20475x485S26506490x487S1ce20504x486
3,,4,M512x515S11e20489x485
3,tres,1307,M511x515S11e20488x485
3-hilo,,2445,M537x551S11e09470x521S13f12469x449S21000462x504S21003486x501S21002500x526S22a00466x484S22a07504x494S26506522x528
3-hilos,,1020,M537x551S11e09470x521S13f12469x449S21000462x504S21003486x501S21002500x526S22a00466x484S22a07504x494S26506522x528
3-hilos,,2457,M537x551S11e09470x521S13f12469x449S21000462x504S21003486x501S21002500x526S22a00466x484S22a07504x494S26506522x528
3-veces,,2769,AS10002S20358S20500S22e00M540x536S11e02510x489S22e00519x465S20500499x504S20358492x489S37800499x504
30,,31,M525x515S11e20475x485S12920501x493
30,treinta,1323,M526x515S17620510x499S11e20474x485S26506496x489
300,trescientos,2567,M513x535S11e20488x465S16d20496x515S26504497x497
31,,32,M523x515S11e20477x485S10020508x485
31,treintiuno,1783,M528x516S11e20472x485S26506494x489S10020513x486
313,,2266,M535x515S11e20466x485S10020494x485S11e20512x485
32,,33,M522x515S11e20479x485S10e20507x485
32,treinta y dos,1324,M529x515S26506495x487S11e20472x485S10e20514x485
33,,34,M532x519S11e20469x481S26a00497x492S26606502x503
33,treinta y tres,2033,M530x515S26506493x487S11e20470x485S11e20507x485
35,,35,M524x516S11e20476x486S14420502x485
35,treinta y cinco,1325,M530x516S11e20470x486S26506492x489S14c20507x485
36,,36,M525x516S11e20476x485S14c20502x485
36,,37,M522x516S11e20478x485S18720504x487
36,treinta y seis,1893,M529x516S11e20471x485S26506493x489S18720511x487
37,,38,M525x516S11e20475x485S1a520504x488
37,treinta y siete,1948,M531x515S11e20469x485S26506491x489S1a520510x486
38,,39,M525x516S11e20475x485S1bb20504x488
380,,2267,M531x515S11e20469x485S1bb20495x487S17620515x499
39,,40,M525x516S11e20475x485S1ce20503x486
39,,2403,M526x515S11e20474x485S1ce20504x485
4,,5,M511x516S14420489x485
4,cuatro,1308,M511x515S14420489x484
40,,41,M519x516S14420481x484S17620503x500
40,cuarenta,1326,M527x515S14420474x484S17620511x499S26506493x500
400,cuatrocientos,1899,M511x535S14420489x464S16d20491x515S26504492x497
4000,,2591,M539x535S14420460x464S15d18460x508S20500481x517S20500481x517S26502524x513S18d12494x512
41,,42,M521x516S14420480x484S10020506x486
41,cuarenta y uno,2075,M527x516S14420474x484S26506493x500S10020512x486
42,,43,M521x516S14420480x485S10e20506x486
42,cuarenta y dos,1327,M526x515S14420474x484S10e20511x485S26506493x500
43,,44,M523x516S14420478x485S11e20500x486
43,cuarenta y tres,1328,M528x516S26506491x501S14420472x485S11e20505x485
44,,45,M529x522S14420471x478S26a00495x495S26606499x506
44,,2356,M528x516S26506491x497S14420506x485S14420472x484
45,,46,M523x516S14420478x485S14c20500x485
45,cuarenta y cinco,1632,M532x516S26506494x489S14c20509x485S14420469x485
46,,47,M521x516S14420479x484S18720503x487
46,cuarenta y seis,1952,M527x516S26506493x499S14420474x483S18720509x487
47,,48,M523x516S14420477x484S1a520502x488
48,,49,M523x516S14420478x484S1bb20502x488
48,cuarenta y ocho,1917,M529x516S14420471x484S26506490x500S1bb20508x488
49,,50,M523x516S14420478x484S1ce20501x486
5,,6,M512x516S14c20489x485
5,cinco,1309,M511x515S14c20488x484
50,,51,M519x516S14c20482x484S17620503x500
50,cincuenta,1329,M526x516S14c20474x485S17620510x500S26506492x501
51,,52,M520x516S14c20480x484S10020505x486
52,,53,M520x516S14c20480x485S10e20505x486
53,,54,M523x516S14c20478x485S11e20500x486
53,cincuenta y tres,1330,M529x516S14c20472x485S11e20506x486S26506491x502
538,,1071,M540x515S14c20460x484S11e20487x485S1bb20519x487
538,,2478,M540x515S14c20460x484S11e20487x485S1bb20519x487
539,,1924,M549x516S14c20450x483S11e20484x484S26506469x500S26506509x499S1ce20527x486
54,,55,M524x516S14c20476x485S14420502x485
55,,56,M530x523S14c20470x478S26a00496x496S26606500x507
55,cincuenta y cinco,1950,M529x516S14c20472x483S14c20506x485S26506490x499
56,,57,M523x516S14c20478x484S18720505x487
57,,58,M524x516S14c20477x484S1a520503x488
58,,59,M524x516S14c20477x484S1bb20503x488
58,cincuenta y ocho,1331,M529x515S26506490x499S14c20471x484S1bb20508x487
59,,60,M522x517S14c20478x484S1ce20500x487
6,,7,M509x515S18720491x486
6,seis,1310,M509x515S18720491x486
60,,61,M519x515S18720482x486S17620503x499
60,sesenta,1332,M527x515S18720473x486S17620511x498S26506493x499
600,seiscientos,1901,M509x535S16d20492x515S26504493x497S18720490x465
604,,1070,M532x515S18720468x486S17620490x499S14420510x484
604,,2477,M532x515S18720468x486S17620490x499S14420510x484
61,,62,M519x515S18720481x486S10020504x485
61,sesenta y uno,1333,M526x515S26506493x500S18720473x486S10020511x485
62,,63,M519x515S18720481x486S10e20504x485
63,,64,M521x516S18720479x487S11e20498x485
64,,65,M522x516S18720479x487S14420500x485
65,,66,M522x516S18720479x487S14c20499x485
66,,67,M529x522S18720472x479S26a00495x494S26606499x506
67,,68,M522x515S18720478x486S1a520501x487
670,,2317,M533x515S18720467x486S1a520492x487S17620517x499
68,,69,M522x515S18720479x486S1bb20501x487
69,,70,M521x515S18720479x486S1ce20499x485
69,sesenta y nueve,1334,M530x515S18720471x486S1ce20508x484S26506490x499
7,,8,M511x514S1a520490x486
7,siete,1311,M511x514S1a520490x486
70,,71,M519x515S1a520482x486S17620503x499
70,setenta,1335,M527x514S26506493x499S1a520474x486S17620511x497
700,setecientos,1918,M510x535S16d20490x515S26504491x497S1a520489x466
71,,72,M520x516S1a520481x488S10020505x485
71,setentiuno,1804,M526x515S26506493x499S1a520474x486S10020511x485
72,,73,M520x516S1a520480x488S10e20505x485
72,setentidos,1966,M527x515S26506493x500S1a520474x487S10e20512x485
73,,74,M523x515S1a520477x487S11e20500x485
732,,2576,M532x515S1a520468x486S11e20489x485S10e20517x485
74,,75,M522x516S1a520478x488S14420500x484
74,setenta y cuatro,1336,M529x516S1a520472x488S14420507x484S26506491x500
75,,76,M523x516S1a520478x488S14c20500x485
76,,77,M521x515S1a520480x487S18720503x486
76,setenta y seis,1337,M527x515S26506492x499S1a520473x486S18720509x486
77,,78,M529x520S1a520471x480S26a00496x493S26606499x504
78,,79,M523x514S1a520477x486S1bb20502x486
79,,80,M521x515S1a520479x487S1ce20499x485
79,,2346,M529x515S1a520471x486S1ce20507x485S26506490x497
8,,9,M511x514S1bb20490x486
8,ocho,1312,M511x514S1bb20490x486
80,,81,M519x514S1bb20482x486S17620503x498
80,ochenta,1338,M526x514S1bb20474x486S17620510x498S26506493x498
81,,82,M519x515S1bb20481x487S10020504x485
82,,83,M519x515S1bb20481x487S10e20504x485
83,,84,M523x515S1bb20477x487S11e20500x485
83,ochenta y tres,1878,M530x515S1bb20471x486S26506490x498S11e20507x485
84,,85,M522x516S1bb20478x488S14420500x485
85,,86,M523x516S1bb20478x488S14c20500x485
86,,87,M520x515S1bb20481x487S18720502x486
86,ochenta y seis,1339,M527x515S26506492x500S1bb20473x487S18720509x486
87,,88,M523x515S1bb20478x486S1a520502x487
88,,89,M528x520S1bb20473x481S26a00496x493S26606498x504
89,,90,M523x515S1bb20478x487S1ce20501x485
89,ochenta y nueve,1340,M529x515S1bb20470x487S1ce20507x485S26506489x500
9,,10,M511x515S1ce20489x485
9,nueve,1313,M511x515S1ce20489x485
90,,91,M519x516S1ce20482x485S17620503x500
90,noventa,1341,M526x515S26506492x499S1ce20473x485S17620510x499
900,novecientos,1242,M531x515S1ce20470x485S17620495x499S17620515x499
91,,92,M521x516S1ce20480x486S10020506x485
91,noventa y uno,1725,M526x515S26506492x499S1ce20473x485S10020511x485
92,,93,M520x515S1ce20480x485S10e20505x485
93,,94,M524x515S1ce20476x485S11e20501x485
94,,95,M522x516S1ce20478x486S14420500x485
95,,96,M523x516S1ce20477x486S14c20500x485
96,,97,M521x515S1ce20479x485S18720503x486
97,,98,M523x515S1ce20478x485S1a520502x487
97,noventa y siete,1342,M529x515S1ce20471x485S1a520508x487S26506490x499
98,,99,M523x516S1ce20478x485S1bb20502x488
99,,100,M530x522S1ce20471x478S26a00496x495S26606500x506
99,noventa y nueve,1343,M529x515S26506489x498S1ce20507x485S1ce20470x485
:,,1696,M520x512S1eb20496x490S2ad02480x489
retorica,?,2165,M518x523S30a00482x488S30300482x477
A,a,2118,M510x508S1f720490x493
a,,104,M510x508S1f720490x493
a veces,,1913,M528x521S15d39473x479S10041482x491S20e00497x490S2ea00513x483
a-veces,,2237,M528x521S15d39473x479S10041482x491S20e00497x490S2ea00513x483
Aaron,,3311,AS1f512S1f512S23b04S23b1cS21100S21100S36d00M524x523S1f512509x508S1f512476x508S36d00479x476S23b04504x485S23b1c476x485
abajo,,992,M512x530S16d10495x492S16d18495x470S20500488x485S22a04497x515
abajo,,2775,AS10004S22b04S22b04M511x534S10004496x466S22b04490x504
debajo,"abajo de, escondido",3315,AS1f540S15a1aS2c600M514x519S15a1a487x481S1f540492x495
abeja,,209,AS16d4fS10003S20e00S28a07S34400S10001S20500S36100S37604S20312S1920cS25604S20b00M525x627S16d4f435x482S10003448x469S28a07470x469S10001496x460S20500497x447S20e00452x497S36100489x532S1920c481x589S37604474x573S20312507x603S20b00479x614S34400476x433S25604485x557
abeja,,2717,AS16d4fS10003S20e00S28a07S34400S10001S20500S36100S37604S20312S1920cS25604S20b00M525x627S16d4f435x482S10003448x469S28a07470x469S10001496x460S20500497x447S20e00452x497S36100489x532S1920c481x589S37604474x573S20312507x603S20b00479x614S34400476x433S25604485x557
Abel,,2173,M539x527S1f730505x503S37a06476x520S2031a524x512S21100525x488S26c02504x473
abre,"abrir, abierta",3061,AS15a20S15a20S20500S2df04S2df1cM511x526S15a20499x474S2df1c489x505
Abigail Peralta,,1099,M554x517S2ff00482x482S1f720534x490S20602520x491
abismo,profundo,1713,M519x539S16d48481x473S10014502x460S22d04503x481S2f900485x500S2f900506x534
abolladura,abollado,1960,M548x521S17338452x490S2f900454x516S15d02487x479S2c300522x481
abortar,,3124,AS15d40S15d48S2c600S2c611S2fb04S36d12M545x533S15d40526x489S2c602511x514S2c612470x515S2fb04493x514S36d12479x468S15d48458x485
Abrahán,,1742,M551x546S16d49496x501S1f701476x479S37803491x496S20610517x496S22b03500x454S3780a479x514
abrazar,,1223,M514x529S15d09486x490S10000499x470S26504500x514
abrazar,,3042,AS15a02S15a0aS2d806S2d81eS36d00M560x515S36d00480x511S37b03520x496S2d806526x485S37b04469x506S37b0c517x506S2d81e439x485S15a02495x490S15a0a478x490S37b0b468x495
abrigo,,370,M583x588S36d00482x412S20300533x414S20308465x477S36d00476x465S36d00478x530S14c01466x541S14c09509x541S37600488x565S21100540x539S21100451x541S23704424x560S2891b486x480S28803510x417S2371c544x559
abrigo,,2537,M548x547S36d00482x452S20300533x454S20308465x517S36d00476x505S2891b486x520S28803510x457
abril,,1402,M536x536S19d10480x464S19d18491x501S15d17513x513S15d1f464x475
abril,,1403,M527x523S15d08488x493S1f720507x508S2b700498x477S15d20474x476
abrir,,3060,AS15a20S15a20S20500S2df04S2df1cM523x532S15a20488x480S15a20502x480S2df04502x511S2df1c478x511S20500496x467
abrir puerta,,3063,AS15a20S15a28S2d503S2df03M523x527S15a28478x472S15a20489x472S2d503504x489S2df03488x503
abrir-cielo,,3062,AS15a20S15a20S20500S2df04S2df1cM528x526S15a38488x449S15a30501x449S2df04507x425S2df1c475x426S20500496x436S32100482x482S36d00479x522S37a01509x476S37a09480x474
abuela,,792,AS30004S1f510S20500S29a0cM518x572S1f510496x517S30004482x483S20500485x513S29a0c494x537
abuela,,1823,M541x535S30004482x483S2b901515x496S1f510495x520
abuelo,,793,M518x566S30004482x482S17610496x512S20500488x516S29a04500x531
abuelo,,1822,M541x533S30004482x483S17610498x517S2b901515x496
aburrido,,1039,M540x532S33300482x483S2ef00522x500S10011506x502
aburrido,,2132,M540x532S33300482x483S2ef00522x500S10011506x502
Acab,,2511,M511x542S1f720490x458S16d10494x477S1f720490x501S14720496x520
Acan,,1240,M512x544S1f720491x456S16d10495x475S1f720491x499S11950489x518
acariciar,,3084,AS15a51S15a57S20e00S22120M531x524S15a51494x501S20e00504x491S26a07510x477S1814a470x508
accidente,,433,M540x543S20350499x457S20358482x457S20348476x520S20340506x519S2a208498x475S2a210476x473S2f700528x485S2f700460x489S2f900479x538S2f900509x537
accidente,,1723,M576x524S11e0a424x476S26516461x486S26502523x487S11e02546x480S20300501x488S20304480x488S20b00491x511
accidente automovilistico,,434,M564x516S2031a483x500S20312501x499S26502518x500S26516467x501S15a12537x504S15a1a436x503S20b00492x485
actuar,"acciones, acción",3148,AS16d41S16d43S2880eS28816S2880eS28816M531x530S16d51511x471S16d53470x471S2880e507x501S28816470x499S2880e507x518S28816470x518
aceite,,1496,M520x529S15d39496x506S1f722495x488S2e90e480x471
aceite de cocción,,519,AS14c09S1d130S21000S22f04M515x545S14c09485x456S1d130490x517S21000492x482S22f04490x500
aceituna,,2217,M515x507S12b30486x492
aceptar,,1670,M536x542S14c50510x457S14c58466x457S18551509x510S18559465x510S20500507x531S2fb04492x502S20500485x531S26504515x491S26514472x491
aceptar-no,,2107,M537x606S14c50511x521S14c58467x521S18551510x574S18559466x574S20500508x595S2fb04493x566S20500486x595S26504516x555S26514473x555S30126482x476
acera,,713,M537x569S15a40468x432S15a40523x433S26520523x481S26520465x480S15a40524x522S10e2c487x519S22514484x556S26520463x531
sobre,acerca,2788,AS10012S18518S2ef00M527x523S18518474x508S10012497x501S2ef00503x477
acercar,"acercarse, acercarnos",1887,M535x534S10020520x467S10028465x504S22a07486x499S2f900519x500
acercar,acercarse,1888,M535x538S10020520x462S10028465x499S22a03501x483S2f900466x533
acné,,439,M543x557S10a08464x461S10a00528x455S30002484x450S30006484x450S20500514x452S20500516x465S20500485x453S20500486x470S2fd04497x492S1f702513x537S1f704520x525S30006481x516S20800513x513
influir-izq,"influencia-izq, aconsejar-izq, consejo-izq, consejos-izq",1083,M553x541S18521526x522S14c50478x458S26501502x488S20e00517x501S2031a516x514S37806484x521
influir-tu,"influencia-tu, aconsejar-tu, consejo-tu, consejos-tu",3218,AS18521S15a5aS20e00S26500S14c50M553x545S18521526x526S14c50511x454S26500516x487S20e00517x505S2031a516x518S37806484x525
influirnos-me,"aconsejarnos-me, consejo-me, consejos-me",3219,AS18521S15a5aS20e00S26500S14c50M585x529S18532512x471S14c30561x498S26505545x489S20e00532x478S2031a513x498S37706488x505
influir-der,"influencia-der, aconsejarte-der, consejo-der, consejos-der",3220,AS18521S2031aS20e00S26507S14c48M570x550S18521498x531S14c50546x449S26507535x483S20e00525x496S2031a516x511S37806484x518
actitud,,3338,AS1f702S20500S2e305S26504S36d00M521x528S2e305453x472S36d00479x497S20500470x515S1f702483x508S26504468x498
actor,,757,AS30004S1851eS20f00S22116S36d00S1f510S1f518S2ec0cS2ec14M540x645S1851e497x538S30004483x483S20f00487x519S22116486x537S36d00479x610S1f510512x587S1f518473x630S2ec0c525x594S2ec14462x586
actriz,,758,AS33010S1d410S20a00S36d00S1f510S1f518S2eb0cS2eb14M548x587S33010479x483S1d410519x490S20a00516x480S36d00479x562S1f510516x544S1f518474x572S2eb0c532x553S2eb14459x555
acuerdo,,1049,M537x561S30007482x483S1f721515x472S1f750448x525S1f758424x525S22b03478x497S2df00449x540S2df18423x540
acuerdo,,2468,M537x561S30007482x483S1f721515x472S1f750448x525S1f758424x525S22b03478x497S2df00449x540S2df18423x540
acusar,,2060,M569x521S10010522x488S26b00542x503S31000482x482
acusar,,2061,M563x535S10010524x487S23007537x493S31000481x483S36d03479x524
Acán,,1207,M512x544S1f720491x456S16d10495x475S1f720491x499S11950489x518
en,"dentro, adentro",2542,M519x532S26504482x497S17648480x516S20700501x514S18512484x469
adiós,,2544,M511x538S14c20488x462S27206492x498
adolescente,,786,AS36d00S17746S29a00M521x530S17746506x510S29a00505x471S36d00479x488
adorar,adoracion,2471,M533x539S37500482x460S20318484x522S18010485x517S2ea00518x514
adorar,adorarción,1052,M533x539S37500482x460S20318484x522S18010485x517S2ea00518x514
adorar,,3073,AS15a47S15a47S23100S23110M592x535S15a47559x496S15a47519x498S37507482x464S23100566x518S23110526x518
adorar-Dios,adorarción-Dios,1053,M581x536S20318532x519S18010533x514S2ea00566x511S36d03479x525S32107484x487S30807484x478
adorar-Dios,,2472,M581x536S20318532x519S18010533x514S2ea00566x511S36d03479x525S32107484x487S30807484x478
adulterio,,2900,AS11810S11818S30004S30004M519x577S30004482x447S30004481x518S11810504x480S11818483x550
adulterio,,2901,AS11810S20600S2df01S2ff00M521x575S2ff00482x482S11810506x519S20600489x511S2df01496x551
adulto,,3346,AS1f720S20500S22a04S20500S30007S30005M539x524S30007482x482S30005482x482S1f720519x507S20500508x473S22a00524x488S20500509x513
adulto,,3347,AS1f720S20500S22a04S20500S30007S30005M539x525S30007482x483S30005482x483S1f720519x508S20500507x478S22a00524x489S20500509x514S1dc20514x456
permiso,"advertencia, avisar",1355,M540x519S2031a490x504S15d12488x482S20c00459x505S23004515x495
Adán,,1730,M542x517S30007482x482S1f720515x482S20610508x470
aeroplano,,706,M523x521S1bb16484x479S2d808477x506
aeropuerto,,707,M513x523S15a1e461x511S1bb16427x477S2d508467x479S20e00495x502S37706488x517
aeropuerto,,1556,M555x527S37605472x495S19a52535x472S28b0d501x491
agachar,,2720,M541x573S37000472x520S37004473x553S30300474x477S37800504x541S37800481x541S32104474x488S37b02505x540S37b0a474x540S3770b459x536S37704516x545S3780a458x525S37803511x527
agarrar,,2322,M512x534S14c20489x503S1f750488x465S26500493x484
agarrar,,2568,M516x534S14c20485x503S1f750484x465S26c08489x484
agarrar,,3014,M552x540S14c57486x513S14c59449x509S1f757522x480S1f759480x466S26507512x499S26517475x492S22103472x459S22103543x499
agarrar-mover,,2062,M526x545S14c20473x477S20320511x455S20320497x530S22a07496x472S22a02476x531
agarrar-vista,,1115,M540x528S30006482x482S10011519x498S26600515x461S22104516x426S20310515x438
agente,,2229,M523x533S15a40509x467S15a48480x469S22b04507x503S22b14478x503
agosto,,1406,M533x522S1f720513x507S1f010467x488S15d08493x493S2b700504x477
cansado,"agotado, agotada, cansada",1088,M573x520S36d00479x501S1804a459x482S18042526x482S20500479x509S20500513x509S2c300547x480S2c311427x480
más,agregar,1648,M542x536S11531497x489S11559459x473S20500474x468S28801488x463S2a205521x513
agricultor,,2563,M523x623S30004482x482S14c10462x497S28906492x523S20e00480x519S15a40509x557S15a48480x559S22b04507x593S22b14478x593
agua,,279,M550x521S34400482x483S1fa10510x494S26904534x503
agua,,1505,M534x544S34400482x483S1f540493x520S26904518x519
aguacate,,1485,M522x524S16d07477x491S15d11499x501S2b702479x476
aguantar,aguante,2561,M555x546S30004482x482S1f540492x520S22a04512x531S22a04527x531S22a04542x531S20e00512x515S20e00527x515S20e00542x515S20310492x529
aguja,,591,AS1ce20S1ce18S2e230S2d501S2d501S2d501S20f10M551x534S1ce18450x468S1ce20472x467S2d501495x482S2d501511x482S2d501532x483S20f10492x500S2e230471x502
agujero,,987,AS2ff00S1ce18S1ce10S26507S26511S2fd04S2ff00S10050S10058S26500S26510S26500S26510S26500S26510S26500S26510S2fd04M549x615S1ce18457x439S1ce10518x439S2ff00482x428S26507530x418S26511453x417S2ff00482x538S26500514x481S26510465x482S10050468x560S10058516x559S26500523x533S26510466x531S26500519x600S26510468x599S26500535x568S26510447x569S2fd04488x586S2fd04487x473
ahhh,,2595,M518x517S34500482x482
ahora,,1362,M551x539S2031a512x493S28e0a515x462S37706487x499S20500501x487S10004536x493S22f04524x525
ahora,,3237,AS19a00S19a08S22f04S22f14S2fb04M535x523S19a30507x477S19a38465x477S2fb04493x517S22f04509x502S22f14465x502
Aimé,,1194,M513x543S1f720487x457S19220492x476S18d50487x499S14a20492x528
aire,,1580,M562x555S14c00511x466S14c28464x464S14c08467x523S14c20513x523S26706479x446S26702477x506S2e100538x468S2e100539x524S2e100440x526S2e100438x466
ajedrez,,853,AS15d39S18512S20500S28802S20500S2b701S20500S2b705S28802M531x536S15d39498x500S18512516x510S20500507x508S28802491x524S2b701470x497S20500491x505S20500513x493S2b705500x465S28802490x489
ajo,,1486,M564x531S1f720530x488S26f00524x470S37602489x492S1ea48506x492
ajo,,2755,AS10001S14c10S26c02S34a00S34a00M528x549S34a00483x453S34a00481x511S10001507x479S14c10489x518S26c02513x521
ala,,253,AS36d00S37806S37601S14c1aS16f0aS20800S23700M572x530S36d00473x489S14c1a526x495S23700533x470S37806472x505S20800504x507S16f0a502x493S37601514x490
alabar,alabar-Dios,1811,M567x517S32107482x482S15a10555x443S15a18543x454S20c00527x441S34000482x482S22a17522x472S22a17530x483
alabar-izq,"felicitar-izq, aplaudir-izq",2487,M518x557S15d1f445x515S20c00446x544S32401482x482S15d11461x514S33e00482x482
alabarnos,,1032,M541x559S15a10498x441S15a18486x452S20c00499x480S36d00479x519S20500516x548S11912516x528S20500482x548S26502494x531
alabarnos,,2441,M541x559S15a10498x441S15a18486x452S20c00499x480S36d00479x519S20500516x548S11912516x528S20500482x548S26502494x531
alambre,,600,AS36d00S19222S1920aS20500S24e05S2f700S24e4fS2f700M575x552S19222515x500S1920a494x480S20500514x488S24e05536x524S24e4f470x457S2f700563x545S2f700457x448S36d00479x483
alambre eléctrico,,599,AS2ff00S10612S1061aS20600S2ff00S14c12S14c1aS22520S22520S26506S26512M554x554S10612503x471S1061a474x471S20600489x456S2ff00483x457S2ff00482x508S14c12502x516S14c1a472x518S26506539x520S26512457x522S22520513x538S22520458x541
albaricoque,,470,AS17736S22112S34400S17707S26504S33b00S17707S26500S36140M538x563S22112516x397S26504520x466S26500521x526S34400482x450S17736497x404S36140494x535S17707503x479S33b00483x516S17707518x544
alce,,167,M527x518S30000482x483S15020487x462S20500517x480
alcool,,2297,M527x525S1a011474x475S1a01a483x505S20600505x491
alegrarse,,2031,M539x593S1ce01509x526S1ce09473x570S22b00523x553S22b04509x557S22b10485x536S22b14470x540S31a00482x483S34000482x483
Alemán,,2109,M518x518S2ff00482x483S10000490x452
alergia,,1535,M531x540S37606470x460S37603501x510S23101501x469S15011478x487
alero,,3374,AS20311S20c03S36d00S37803M523x526S36d00478x473S20311478x480S20c03470x492S37803493x496
alfombra,,683,M518x556S20318440x406S20310500x407S22b04459x428S22b00480x426S15a18469x502S36000482x483S2a300478x520S30a00482x483S2fb00470x400
algodon,,1541,M548x528S2031a517x513S37604484x483S17711510x472S21100535x495S29302488x497S2930a492x497
algodón,,421,M565x601S15a12477x402S15a1a468x415S15a1a465x499S15a12482x487S20340505x567S20348473x555S2ea00511x399S2ea4c452x400S26600493x455S26600522x556S26604535x559S26600549x555S26614460x560S26610448x557S26614435x560S2f900451x596S2f900538x592
alguno,,3344,AS1f720S15d39S23b0aS21100M523x526S21100510x500S15d39478x503S1f720485x474S23b0a488x493
alli,,2821,AS10057S26507M529x519S10057472x489S26507499x481S2f700517x481
alli,,2822,AS10057S26507M509x526S10050492x496S26500495x487S2f700495x474
él-i,"ella, allí",1374,M520x508S26502480x494S10012490x492
él-d,"ella, allí",1638,M520x508S26506505x494S1001a479x492
él-Diablo,"ella, allí",2135,M518x519S22a01482x480S10021488x498
él-él-él,"ella-ella-ella, allí-allí-allí",2166,M558x536S10051441x498S10050486x478S10057516x491S2d808469x521S26501441x477S26500491x464S26507545x483
él-der,"ella-der, allí-der",1636,M517x517S26507504x483S10057483x487
él-Dios,allí-Dios,1640,M556x534S22a07543x500S10027522x504S2ff00482x483
él-izq,"ella-izq, allí-izq",1637,M516x518S26501483x483S10051486x497
alma,,3312,AS1f512S20500S20500S2a603S36d00M521x518S36d00479x483S1f512488x490S20500477x493S20500475x507S2a603457x493
almohada,,690,M546x554S31f00479x482S20310467x515S20310511x513S37701475x530S37701519x526S26600446x520S26600530x516
almuerzo,,1499,M529x528S30004482x483S1f510514x513
alrededor,,1213,M555x538S14428474x507S14408474x462S14420504x507S14400504x462S2d51e445x485S2d506535x485
alrededor,,997,AS36d00S10000S36d00S14450S14428S20500S2d506S2d51eS14400S14408S20500M547x570S10000490x431S36d00477x469S36d00482x566S14450505x529S14428479x529S2d506527x517S2d51e453x521S14400501x495S14408478x496S20500501x528S20500494x499
alrededor,,1922,M542x540S14c48457x492S14c56475x516S27616469x461S27608513x499
altar,,3041,AS15a02S15a0aS15a40S15a48S1443aS14430S1443aS14403S2a801M534x576S15a02466x424S15a0a489x431S15a48466x448S15a40507x448S1443a469x486S1443a465x554S14430479x486S14403493x539S2a801510x502
altisimo,,2971,AS14b40S14b48S22b00S22b10M537x527S14b40514x510S14b48462x512S22b00518x474S22b10464x476S35000482x482S32100482x482
altísimo,,2972,AS14b40S14b48S22b00S22b10M540x543S18210517x528S18218491x528S22d00520x473S35000482x483S32100482x483S2f900492x520
aluminio,,2838,AS10902S10018S21d10M520x522S10018480x492S10902497x490S21d10492x479S20b00482x487
amable,,3082,AS15a51S15a39S21100S26507S33e00M538x551S15a39488x524S15a51489x528S26507525x514S21100512x527S33e00482x483
amalequitas,,1793,M516x631S1f720490x370S18d20490x389S1f720490x418S1dc20487x437S14a20495x471S1f051484x490S11520495x517S19220495x551S1fb20496x574S1f720490x597S20320495x616
amapala,,1442,M541x516S1f720458x500S1f720521x501S28b0a479x483
amor,amar,3359,AS20303S20305S3770bS37713S20500S20500M532x518S20500472x500S20305505x482S3770b490x496S37713489x496S20500522x499S20303476x483
amar-Dios,,3362,AS20303S20305S3770bS37713S20500S20500M530x571S20500470x553S20305503x535S3770b488x549S37713487x549S20500520x552S20303474x536S36d03477x524S30807486x478S32107486x487
amar-izq,,3363,AS20303S20305S3770bS37713S20500S20500M532x571S20500472x553S20305505x535S3770b490x549S37713489x549S20500522x552S20303476x536S36d03479x524S30806485x478S32106485x487
amar-muchisimo,amarnos-muchisimo,3361,AS20303S20305S3770bS37713S20500S20500M536x562S20500473x544S20305506x526S3770b491x540S37713490x540S20500523x543S20303477x527S30201482x477S2f900525x527S2f900467x531S31500482x487S35000482x487
amarillo,,947,M516x519S20359485x481S20331495x482S21100484x505
amarillo,,3385,AS20331S20359S21100M516x519S20359485x498S20331495x495S21100487x482
amarles,,2359,M534x572S20500474x554S20305507x536S3770b492x550S37713491x550S20500524x553S20303478x537S36d01481x525S30801478x478S32401478x487
amarlos,,3360,AS20303S20305S3770bS37713S20500S20500M534x571S20500474x553S20305507x535S3770b492x549S37713491x549S20500524x552S20303478x536S36d01481x524S30803476x479S32103476x486
ambulancia,,700,M554x566S36d00475x434S20e00523x438S11910537x459S26e00506x454S14c00486x509S20310487x551S37701496x540S37706500x558S21910487x499S2e300514x522
amigo,,802,M524x545S10009480x468S10021494x468S20500490x456S10001501x515S10029477x516S20500495x505
amigo,,2804,AS10021S10009S10001S10029M523x531S10009482x469S10021493x471S10029477x501S10001497x501
amigos,,2805,AS10021S10009S10001S10029S17737S1773fS2f900S2f900M530x548S10009483x453S10021494x455S10029478x485S10001498x485S17737510x528S1773f469x529S2f900510x519S2f900477x521
amon,,1192,M512x547S1f720491x453S18d50491x472S17610496x501S11950489x521
amonitas,,1791,M514x593S1f720488x407S18d20488x426S17620493x455S11920487x475S19220493x505S1f720488x559S20320493x578S1d320485x527
amor-esparcir,,3364,AS20303S20305S3770bS37713S20500S20500M556x549S20500472x531S20305505x513S3770b490x527S37713489x527S20500522x530S20303476x514S14c50526x465S14c58449x466S2d60f477x488S2d617506x489S22520524x452S22520446x451
amplio,,2371,M569x514S26706527x495S26712430x493S15d40505x487S15d48474x487
amén,,2365,M515x528S15d39484x505S1fa41493x505S20b00486x494S22a04487x473
Ana,,2384,M535x513S1f720465x498S11950489x487S1f720515x498
analizar,"investigar, examinar",2924,M523x536S21800476x463S22b04507x506S22b14476x506S21800504x463S11020503x477S11028477x477
ancho,ancha,3121,AS15d40S15d48S26606S26612S2fb00M557x562S15d40506x535S15d48476x535S26606527x541S26612443x541S2fb00492x522S32a00482x482
anciano,,2089,M532x525S30005482x482S1f720511x510S26500518x494
persona-ir,andar,2285,M512x532S10020488x502S2dd06496x467
Andrés,,2608,M512x576S1f720491x425S11950489x444S10120496x474S11a20496x508S14a20496x542S20320496x561
anguila,,230,AS37906S14702S2de00S36d00S37906S14702S15d50S20500S28911S14c0aS23210M554x550S14702492x466S37906514x473S2de00440x450S14702490x521S37906512x525S20500487x510S14c0a423x500S23210392x492S28911459x504S15d50482x523S36d00446x533
anillo,,426,M541x518S14c1a459x482S26502507x498S21302524x496S1ce50485x484
animado,,2529,M532x610S22a00510x554S22a10477x554S36d00479x521S21100477x572S21100511x572S30a00480x482S33e00480x482S1771e512x588S17716475x590S14c01506x527S14c09469x527
animal,,263,AS36d10S18002S1800aS20500S20500S26a02S26a16M541x526S36d10479x494S18002503x475S1800a481x476S20500506x504S20500482x504S26a02527x481S26a16460x482
animal,,3181,AS18041S18049S20500S20500S2f900S2f900S26a02S26a16S38517S38511M549x521S26a16451x485S20500482x503S20500503x503S2f900482x516S2f900503x516S18041504x480S18049468x480S26a02535x485
animar,,3074,AS15a47S15a4fS28a0fS28a17S28a0fS28a17S2fb00M555x535S15d4f469x512S15d47516x512S2fb00497x464S28a0f503x477S28a0f525x476S28a17469x476S28a17445x474
celoso,animoso,2110,M538x522S15a40500x491S15a48488x495S26c00511x495S26c10462x502S21100491x478
anteayer,,1364,M556x520S2ff00482x482S1f720515x505S1dc20518x470S25900542x496
antena,,246,AS33100S11050S20500S21810M518x518S33100482x483S20500495x494S11050476x478S21810482x469
anteojos,,449,M537x526S31400482x482S1ed10511x485S1ed18463x485S26504520x509S26514468x511S20500511x490S20500480x489
antes,pasado,3105,AS15d10S2b705S36d00S38506M559x515S36d00479x503S15d00526x488S2b705545x485
antes-de,,2092,M519x519S15d0a480x481S15d02492x484S26504500x504
Antioquia-de-Siria,,2512,M518x701S1f720492x299S11950490x318S1d220486x348S19220497x380S17610497x403S1f050483x423S11520497x442S19220497x476S1f720492x499S10120497x526S14a20497x560S20320497x587S19220497x606S11a20497x629S19220497x663S1f720492x686
antipas,,1165,M518x586S1f720492x414S11950490x433S1d220486x463S19220497x495S14050483x518S1f720492x552S20320497x571
Antipas,,1188,M518x586S1f720492x414S11950490x433S1d220486x463S19220497x495S14050483x518S1f720492x552S20320497x571
Antony,,2697,M530x518S30000482x483S1f552515x454S20f00487x472S22f00488x455
anzuelo,,2321,M510x534S10604489x508S27206491x466
aparecer,,2801,AS10020S14c5aS20700S22b00M526x542S14c5a474x465S10020498x479S22b00497x512S20700508x458
aparencia,aparencia-der,1157,AS15d20S10028S23600M539x519S10020524x480S23610462x502S15d18502x486
aparencia,cualidades,3110,AS15d20S10028S23600M532x522S10028468x479S23600493x500S15d20472x495
aparencia de sí-mismo,cualidades,3086,AS15d00S10008S23600M525x520S15d00475x482S10008480x490S23600486x479
aparencia-Dios,cualidades-Dios,3111,AS15d20S10028S23600M565x522S10018550x461S23600525x505S15d18528x471S32107482x483
apariencia,,2452,AS15d20S10028S23600M539x519S10020524x480S23610462x502S15d18502x486
apartamento,,652,M530x524S11b12500x477S11b18500x494S26c00470x478S21000475x506
apartarse,,2383,M558x570S14c20521x512S14c28456x510S36d00479x525S37601518x530S37609468x527S26505545x532S26515446x536S30305484x477
peso,"grav, apl",1058,M538x535S36d03479x518S16d18501x501S16d10521x501S20500524x524S22b24513x464
presionar,"aplastar, presión",2116,M524x520S20349477x499S15a51479x480S22f24499x499
aplastar,,2218,M523x519S22f04478x505S15a39500x481S15a51490x482S21100510x504
aplauso,excelencia,2993,AS14c10S14c18S2e108S2e110M529x533S14c10505x467S14c18472x467S2e108506x502S2e110472x504
apoyar,,3367,AS20310S2030aS2880fS20500M546x537S20339486x477S20331495x493S26f01516x473S20611509x464S37803508x507S3780b463x494
apoyar,apoyar-Dios,3368,AS20310S2030aS2880fS20500M535x524S20319485x482S20301500x475S22a17492x510S3770c465x496S37703513x489S2f900502x502
apoyar-izq,,3370,AS20310S2030aS2880fS20500M538x530S20339486x470S20331495x486S26502509x476S37803508x500S3780b463x487
apoyar-no,,3369,AS20310S2030aS2880fS20500M518x576S2030a471x522S20310477x538S2880f478x556S20500464x539S30322482x476
apoyarse,,2281,M507x518S20340492x483S22a04493x503
apoyarse mutuamente,,2106,M537x558S20319487x450S20309484x499S20301502x443S20311498x508S22a17494x478S22a01511x544S3770c467x464S3770c464x513S37703515x457S37703511x522S2f900504x470S2f900500x535
"apreciar, cariño",,1807,M533x520S1f700501x505S1f708480x505S22104521x504S22104467x505S2ff00482x482
aprecio,,1678,M521x567S36d00479x528S15d01484x540S15d09475x544S20500474x536S30200482x478S31600482x488S35700482x488S33b00482x488
aprender,,1727,M541x560S15d39480x524S14c51486x534S2ff00482x483S22b07510x512S18510516x491
aprieto,,2887,AS10e58S26500S20500S36a00M528x554S36a00482x477S10e58488x524S20500506x526S26500514x534
aprovechar,,3007,AS14c40S20348S20e00S2890fS20340M534x530S14c40510x489S2890f468x487S20340467x470S20e00495x504S20348473x515
apuntar-varios,,2735,M529x526S10050470x496S2930a488x474S2933a471x474
apóstol,,1736,M527x530S1f741473x488S1f748472x471S23401482x501S20610493x481
aquí,,2796,AS10014S22a04S2f700M510x524S10004490x475S22a04496x500S2f700498x517
arado,,557,AS19a02S19a0aS23600S23610S26600S26610S20340S20348S23600S23610S26600S26610M567x567S19a02496x465S19a0a474x464S23600518x471S23610433x471S20340508x547S20348473x548S23600528x547S23610433x550S26600502x434S26610470x433S26600507x515S26610470x516
arar-tierra,,1025,M519x537S15d48481x510S15d40500x510S26700492x464
arar-tierra,,2465,M519x537S15d48481x510S15d40500x510S26700492x464
araña,,220,M521x555S14c5a490x531S1da42479x446S22b00486x476S22b04500x471S22130486x513S22130486x522S20500494x464
arbusto,,3003,AS14c40S15a56S2e100S20500S37900S37906M544x539S37906474x512S14c00511x476S15a1a514x508S37800523x507S22530502x461
arca,,2418,M515x558S16d18485x478S16d10494x502S20500505x489S26610486x442S26604497x528
arcilla,,294,AS15a18S16f50S2c605S2c605S14d18S14d14S20337S20351S22a04S22a10S21800S21100M528x602S15a18483x409S14d18480x584S14d14487x492S16f50502x398S20337485x544S20351497x544S22a04499x514S22a10491x565S21800489x535S21100472x547S2c605497x403S2c605497x415
arco iris,,277,AS30004S14c00S20500S22520S14408S14404S28f0aM554x666S30004482x482S14c00492x518S20500482x515S22520520x510S14408488x635S14404491x603S28f0a500x561
Arco-iris,,1236,AS14400S22520S30004M553x609S14400489x508S30004482x482S22520514x514S14403475x581S28b0a509x561
ardilla,,185,M543x574S36100483x426S11500489x455S36140494x442S2ff00481x539S11901507x531S2b705529x549S20e00493x525
Campo Nou,area,1023,M539x526S2d506519x474S2d51e462x474S14c50512x495S14c58467x495
campo,area,1945,M519x520S15d50480x493S2d506499x480
area-2manos,,2428,M540x527S2d506520x472S2d51e460x472S14c50512x496S14c58465x496
arena,,297,AS14c39S17712S20e00S22920S22b00S15a51S2940aM546x556S14c39471x484S17712475x462S20e00463x463S15a51474x533S22b00491x444S22920455x475S2940a502x531
arena,,1582,M523x536S17711504x499S17719477x498S22b00506x465S22b10477x464S21100484x521S21100504x522
Ariana Michela Ferrera,,2684,M518x543S30004482x482S1f540480x519S28806491x519
armadillo,,156,M530x583S20350506x538S1811a499x526S37802513x551S3780c471x532S20800491x543S21100503x501S26c08496x485S11a50505x417S1811a496x448S37802510x443S3780c470x453S20800504x458
armagedón,,1962,M578x531S1f740535x470S1f748498x475S22c23478x498S2a531553x487S2a531519x491S36d00479x503
Armenia,,1232,M514x585S1f720488x416S11a20493x435S18d50488x469S14a20493x498S11950486x517S19220493x547S1f720488x570
arquería,,891,AS30802S37803S20321S1ea02S26706S2f900S1de02M572x546S1ea02469x497S20321434x502S26706496x496S1de02542x497S2f900501x510S37803449x516S30802515x478
arqueólogo,,1072,M543x569S15d59457x437S20351494x430S27103516x449S15d48471x492S15d40501x492S22c14476x527S22c04499x527
arqueólogo,,2479,M543x569S15d59457x437S20351494x430S27103516x449S15d48471x492S15d40501x492S22c14476x527S22c04499x527
reparar,arreglar,2922,AS11e02S10048S20702S2ee0aM538x524S11e02483x475S10048483x494S20702463x483S2ee0a515x475
arreglar-corbata,,1779,M519x580S36a00482x477S1ea00496x527S2310a502x554
arrepentirse,,2034,M521x568S1f801488x546S21100472x548S36d01479x532S32103480x494S34200480x494S30904480x486S30352489x475S30356497x471
arrepentirse-Dios,,1062,M521x562S1f801494x540S21100478x542S36d03479x525S32107482x486S34200482x486S30908482x478
arrepentirse-Dios,,2489,M521x562S1f801494x540S21100478x542S36d03479x525S32107482x486S34200482x486S30908482x478
arrestado,,2737,M530x553S20358507x506S37800514x520S16d4a505x523S20800520x540S20350477x446S37800484x460S16d42474x463S20800470x480S36d00482x491S36d00477x549S37702510x469S37709481x526S37b06494x468S37b06488x526
arrete,,3274,AS1d410S27100S20800S33010M553x517S33010479x482S1d410516x485S20800515x477S27100513x459
arriba,,990,M513x531S16d10496x489S16d18495x511S20500487x505S22a00497x470
arriba,,2819,AS10050S22a00M508x519S10020492x489S22a00495x480
arrodillar,inclinarse,2890,AS11044S15d39S20500M525x582S15a37491x559S11044492x541S20b00475x561S22a04474x544S30300479x477S37100475x521
arroz,,508,M536x515S14c39465x486S14c51472x489S22530494x491
arroz,,1471,M523x522S14c39477x479S14c51480x496S22515505x480
arruinar,,2298,M525x519S10640486x481S10648476x493S20e00512x499S26500511x482
arte,,843,AS15d08S20328S26b00S20c00S15d08S1f740S2a20dS2a20dS15d08S11950S23108S20e00S15d08S15d31S22b04M532x610S15d08472x398S20328486x406S20c00493x391S26b00505x409S15d08469x439S1f740488x450S2a20d510x441S2a20d511x463S15d08469x492S11950481x509S23108490x486S20e00490x503S15d08469x554S15d31490x553S22b04495x580
artista,,759,AS15a18S11912S20e00S23600S15a18S1f509S20e00S2880fS2880fM538x560S15a18470x440S11912486x447S20e00480x470S23600499x470S15a18463x503S1f509487x505S2880f482x522S2880f475x540S20e00473x512
arveja,,513,AS10059S1ea51S26607S20500S20500S20500M535x522S10059465x483S1ea51489x503S20500481x496S20500489x488S20500499x479S26607513x484
asa,,1179,M510x527S1f720490x474S20320495x493S1f720490x512
Asaf,,2279,M513x544S1f720487x457S20320492x476S1f720487x495S1ce20491x514
asamblea,,1858,M560x522S14c42516x498S14c4a452x498S2b702501x477S2b717473x477S22520528x482S22520437x482S36d00479x512S20500507x503S20500479x503
ascensor,,663,M529x588S10012499x427S15a18484x413S15a08474x527S15a00514x527S20500496x412S22b00512x492S22b04513x558S22b14473x557S22b10471x493
Aser,,1250,M510x544S1f720490x457S20320495x476S14a20495x495S11a20495x514
Asiria,,2274,M513x567S1f720487x434S20320492x453S19220492x472S11a20492x495S19220492x529S1f720487x552
asociar,,2990,AS14c04S14c08S2ea0aS2ea42S22524S22520M534x532S2ea42468x517S2ea0a479x468S14c04511x475S14c08499x501S22520465x503S22524475x484
aspiradora,,577,M538x525S1eb02519x479S15452468x484S22144463x475S28b2e481x505
Asá,,1120,M510x527S1f720490x474S20320495x493S1f720490x512
atado,atar,3290,AS1ea50S1ea58S26606S26612S2e734S2e714M549x524S1ea50502x503S1ea58476x503S2e734501x475S2e714484x475S26606519x480S26612451x481
Atalaya,,3298,AS1f010S15d08S20e00S22f00S20a00M530x562S22f00485x438S20e00490x457S15d08470x465S1f010491x474S20a00486x497S1f720471x546S1d320501x534
atención,,1784,M518x517S31a00482x482S1f540501x441S1f548482x441S20500501x497S20500487x497S26600500x465S26610484x466
atleta,,760,AS36d00S20311S20500S21810S36d00S20320S20328S22b00S22b00S22b10S22b10M572x546S36d00479x455S20311478x465S21810455x480S36d00478x542S20320523x517S20328462x519S22b00538x507S22b00556x506S22b10446x507S22b10432x507S20500482x460
Atlántida,,1432,M555x538S14c0a511x515S37604478x489S1f708509x466S37800520x481S2e100532x462
atrás,,3318,AS1f540S1f548S2d60aS20500M521x527S1f540499x473S1f548479x488S2d60a498x506S20500484x516
audiencia,,447,M549x517S33010479x482S1ed20523x489S20700512x467S26500533x473
audiencia,,841,AS36d00S15020S15028S2d806S2d81eS15038S15030S20500M564x542S36d00479x515S15020539x511S15028444x511S2d806526x475S2d81e438x469S15038473x465S15030501x465S20500496x459
August,,1199,M517x577S1f720494x424S11520499x443S1f040484x477S11520499x496S20320499x530S1d220488x549
Augusto,,1127,M515x582S1f720494x418S11520499x437S1f000485x471S11520499x490S20320499x524S1fb20500x543S17620499x566
aula,,816,AS15d57S15d5fS2c602S11559S11851S20800S26606S26503S26606S26503S26606M541x573S15d57492x428S15d5f510x442S2c602487x452S11559459x497S11851478x487S20800470x480S26606507x501S26606510x526S26606511x557S26503519x518S26503524x543
aumentar,,2198,M539x518S16c40501x497S16c48480x497S26506524x502S26512460x501S22520506x482S22520464x482
aumentar,,2333,M527x539S15d39484x516S22b00487x486S15d51485x461S2f900472x509S2a531502x480
autoridad,jefe,2058,M551x515S36d00479x511S15312511x485S20610517x499
auxilio,socorro,3351,AS1f741S15a39S22a20M570x552S15a39503x529S1f741501x521S20c10527x532S34800482x483S30f00482x483
Avery,,2234,M514x559S1f720489x440S10e20495x458S14a20495x491S11a20493x507S19a20486x539
avestruz,,194,M537x555S16d48467x513S18511503x445S18512472x483S28903476x450S21000464x540S2e100514x463
avion,,1553,M511x525S19a51472x480S28b02433x475S3760a489x486
axila,,343,M541x580S32105468x483S36d00478x533S37909520x496S37a0a505x495S10009496x550S20600519x540
ayer,,1365,M528x534S2ff33479x483S20500503x503S20500489x501S1f718508x519S26502490x516
ayote,,498,M526x532S20310485x472S15039475x505S22b20510x468
ayote,,1493,M559x545S1571a470x455S15712503x455S28f14441x468S28f0c522x468S16d38459x524S16d30522x525
ayudar,ayuda,1174,AS1f741S15a39S22a27M516x522S15a39485x499S1f741483x491S26527503x479
ayudar,ayuda,3350,AS1f741S15a39S22a20M512x526S15a39489x503S1f741487x495S22a20494x475
ayudar,ayuda,3352,AS1f741S15a39S22a27M517x522S15a39485x499S1f741483x491S22a27503x479
ayudar,"ayudarles, ayudarlos",3328,AS1f702S15a37S26620M528x526S15a37505x503S1f741503x495S2d820472x475
ayudar,ayudarle,3331,AS1f702S15a37S26620M521x525S15a37498x502S1f741496x494S26621479x475
ayudar-él,,2366,M516x524S15a37487x501S1f741485x493S26527503x476
ayudarme,,3329,AS1f702S15a37S26620M512x532S15a37489x509S1f741487x501S26624493x467
ayudarme,,3332,AS1f702S15a37S26620M522x516S15a37499x492S1f741497x484S22a23478x503
ayudarnos,,3330,AS1f702S15a37S26620M528x526S15a37505x503S1f741503x495S2d920472x475
ayudarnos,,3353,AS1f741S15a39S2e926M520x524S15a39491x483S1f741489x475S2e926480x509
ayudarte,,3327,AS1f702S15a37S26620M512x532S15a37489x509S1f741487x501S26620493x467
azucar,,1472,M529x597S35000470x482S15d00484x511S22a04506x516S3760e499x501S20319484x562S2e80e476x582S20e00506x501
azul,,945,M528x528S15d39473x494S21100500x492S27103501x472S1f541486x507
azul,,3316,AS1f540S15a39S21100S27107M524x526S15a39501x486S27107477x500S21100508x498S1f540491x473
azulones,,380,M539x537S36d12479x464S14004461x507S1400c510x506S22a00464x485S22a10522x484
azúcar,,524,AS30004S15d00S21100S26504S22104M527x562S26504491x547S22104515x516S21100493x531S15d00493x501S30004482x482
año,,1012,AS14700S16d10S2b800S21100M520x529S14700484x499S16d10503x509S2b800495x472S21100480x481
años,,1409,M528x532S20300493x497S20300496x481S2e800513x468S2e840472x500S20500486x485
b,,105,M507x511S14720493x489
B,b,1276,M507x511S14720493x489
Baal,,2338,M512x547S14720497x453S1f720491x479S1f720491x498S1dc20488x517
Baal-Peor,,2340,M606x516S14720394x492S1f720411x499S1f720434x499S1dc20458x484S14051517x492S14a20553x499S17620572x498S11a20591x484
baasá,,1180,M510x549S14720496x451S1f720490x477S1f720490x496S20320495x515S1f720490x534
Babilonia,,1712,M531x518S14740469x485S22a04486x502S22a04518x503S2890a489x482
baca,,3241,AS19a20S19a28S2c300S2c311S2fb00S30007S30001M526x517S30001482x482S30007482x482S19a22506x461S19a2a476x460
baf,bof,1027,M579x565S33300482x486S14c27531x516S14c29478x532S26907560x527S26917502x546S30500482x479
BAF,,2467,M579x565S33300482x486S14c27531x516S14c29478x532S26907560x527S26917502x546S30500482x479
baf nuevo,,2435,M594x565S33300482x486S14c27531x516S14c29478x532S26907560x527S26917502x546S30500482x479S2f700582x531S2f700524x551
Bagdad,,1930,M515x574S14720500x427S1f720494x453S1f000485x472S10120499x491S1f720494x525S10120499x544
bailando,,885,AS37904S14c39S10e04S2a400S2a400M524x561S14c39475x534S10e04473x507S2a400498x471S2a400499x439S37904480x506
bajar,,2000,M517x534S10011483x465S22e04500x494S22b04482x504
bajo,,991,AS16d10S16d18S20500S2880cS20500M522x527S16d10490x474S16d18490x495S20500478x489S20500495x516S2880c510x497
Balaam,,2325,M512x571S14720497x429S1f720491x455S1dc20488x474S1f720491x508S1f720491x527S18d50491x546
balanza,cuánto,1257,M583x530S15d38460x478S15d30520x478S22c00552x470S22c04567x470S22c10432x470S22c14417x470S2fd04488x524
ballena,,227,M552x529S37605448x472S19a4e475x501S3760d495x484S2de08461x476S20312501x498
ballet,,849,AS15d38S10e04S20500S15d38S10e04S22b00S22b14S22524S15d38S10e04S22524M533x597S15d38477x418S10e04499x403S20500497x435S15d38471x494S10e04491x481S22b00505x461S22b14517x474S22524495x510S15d38468x571S10e04490x538S22524492x570
baloncesto,,895,AS30104S36d10S15048S15040S23004S23014S32107S36d00S15018S15010S25607S25617S26907S26917M557x612S15048475x445S15040505x444S23004532x461S23014446x465S15018461x564S15010504x563S25607511x540S25617476x541S36d10484x449S36d00474x608S26907535x527S26917486x519S30104487x400S32107478x566
banana,,473,AS10008S1ea02S2b700S10008S1ea02S2880bS10008S1ea02S26504M529x588S10008484x438S1ea02488x424S2b700472x412S10008486x497S1ea02489x476S2880b509x495S10008481x558S1ea02486x537S26504496x558
banana,,1508,M533x529S1e618468x493S1f727488x505S28b0b492x493S28b0a489x471
banco,,680,M556x514S11850507x487S11850533x487S26802445x495
bandera,,1263,M539x548S14702504x479S37900526x493S37906472x542S15a1a512x536S20500514x523S27200492x451
bandera,,724,M537x538S15a12457x526S37800492x498S37806484x532S14726488x483S2e000516x462S26602425x507
Barac,,1247,M511x559S14720496x441S1f720490x467S11a20495x486S1f720490x520S16d10494x539
barba,,336,M529x575S30104482x477S17f45471x531S17f4d501x531S23404481x561
Barber,,1043,M510x577S14720496x423S1f720490x449S11a20495x468S14720496x502S14a20495x528S11a20495x547
barbero,,771,AS30004S1851eS20f00S22116S2ff00S10e11S10e19S22713S22715S2ea01S2ea17S2ff00S17610S17618S22b04S22b14S15a40S15a48M556x639S30004477x409S20f00484x444S1851e493x459S22116481x456S2ff00487x501S10e11527x505S10e19460x514S2ea01535x487S2ea17452x503S22713511x487S22715473x489S2ff00488x556S17610525x559S17618471x561S22b04526x579S22b14470x582S15a40529x610S15a48472x612
barbilla,,329,M546x545S30004482x483S10000499x512S2e300523x518S21100520x503
barco,,692,M525x524S15a30476x476S15a30488x476S2da04485x512
barco,,1555,M519x532S15d30500x506S15d38480x506S2be20484x467
barco-arriba-abajo,,2374,M535x513S15d30486x487S15d38466x487S23200509x493
barco-sentado,,2744,M524x517S15d38476x483S2f900484x512S11812497x487S20500486x492
barco-subir,,2249,M528x523S15d38472x491S20500480x505S11051487x498S28a02492x477
barco-tirar-ancla,,2373,M549x563S15d30471x476S15d38451x476S2be20455x437S10656523x542S28b0b500x496S26502500x549
barril,,605,AS15012S20348S22b04S20b00M521x534S20348503x519S15012490x498S20b00480x521S22b04496x467
barro alfarería,,2410,M541x539S16d18479x461S16d10506x461S15051513x511S15059458x509S21800514x494S21800469x494
Barzilai,,1031,M522x607S14720487x393S1f720481x419S11a20486x438S10020486x478S2450a491x472S19220486x512S1dc20478x535S1f720481x569S19220486x588
Barzilai,,2440,M522x607S14720487x393S1f720481x419S11a20486x438S10020486x478S2450a491x472S19220486x512S1dc20478x535S1f720481x569S19220486x588
básico,base,2291,M516x529S15a1a484x472S15a51493x488S2ea02490x514
basket,,2120,AS15010S15018S23000S23010S2fb04M538x534S15010513x466S15018461x466S23000511x505S23010462x504S2fb04492x528
bastón blanco,,458,M543x568S1ea11479x438S1ea3a457x433S25614460x456S1ea11515x493S28902475x517S2890a477x536S28902477x553S22b04508x515
basura,,587,M520x558S30004482x482S14c12489x518S26602454x523S22530476x545
basurero,,588,AS30004S14c12S16c18S22520S22e04S28803M533x588S30004482x483S14c12481x518S22520445x521S16c18453x567S22e04516x532S28803475x549
Bat-Seba,,2419,M515x588S14720498x412S1f720492x438S1d220486x457S20320497x509S14a20497x528S14720498x547S1f720492x573
batería,,623,AS15a18S10611S37b16S28802S20500S20500M540x522S15a18483x487S10611493x488S37b16492x505S20500489x478S20500493x511S28802518x487
bautismo-agua-salir,,1995,M532x525S2031a507x492S2031a482x510S37906469x499S37906492x516S28a09484x475
bautista,,3341,AS1f711S1f71fS2a208S2a218S15a40S15a48S22b04S22b14M529x569S2a208506x432S2a218472x432S1f711506x466S1f71f473x469S15a40515x505S15a48477x505S22b04513x539S22b14475x539
bautizar,,3342,AS1f711S1f71fS2a400S2a410M530x556S2a408505x509S2a418470x520S1f710503x490S1f71f470x493S28b2a472x444S28b22472x464
baya,,312,AS17718S15711S20500S20500S20500S20500S22624M521x519S17718479x504S20500484x502S20500489x497S20500489x492S20500482x496S15711492x496S22624483x482
Bayatyan,,1234,M517x595S14720496x406S1f720490x432S19a20489x451S1f720490x475S1d220484x494S19a20489x526S1f720490x550S11950488x569
bañar,,1909,M536x522S20301506x479S20309482x485S21100510x501S21100491x508S37602464x483S37609522x480
bañera,,580,AS16c48S11512S22a04S2ff02S20322S21100S36d00S20302S21100M522x568S16c48464x429S11512481x415S22a04498x434S36d00479x522S2ff02478x483S20302491x537S21100494x554S20322486x484S21100492x501
baño,,382,M559x561S36d12477x439S15d1d509x468S15d15463x466S21100530x459S21100451x457S22a01441x446S22a17540x448S36d00480x529S17304510x541S1730c476x541S26502447x542S26516544x543S21100463x543S21100529x543
baño,,666,M572x517S36d00479x483S15a1a504x501S23610533x500
beber,tomar,3146,AS16d40S30004S2c304S20500M540x542S16d40522x496S30004482x482S2c304509x518S20500494x519
bebidas,,463,M547x556S17340528x492S33b00481x445S20500495x468S22b01502x482S33b00483x521S17310522x532S20500496x543S30350494x508
bebé,,782,M521x558S36d00479x443S15d16477x480S15d1e492x469S20500486x463S28a26483x506S28a2e478x523S28a26477x541
bebé,,3117,AS15d32S15d3aS27126S20500S37906S37806M557x519S15d3a510x493S15d32468x482S37906474x505S37806494x494S20500461x501S27126542x480
becero,ternero,3242,AS19a20S19a28S2c300S2c311S2fb00S30007S30001M556x591S30001466x483S30007466x483S19a22490x462S19a2a460x461S15d40527x539S2f900545x545S36d00466x558S37603505x561
Belén,,1980,M532x514S14720496x492S15a1a469x499S2d506512x486
bendecir,bendición,1682,M538x569S28a1d480x527S28a05493x528S15a50526x542S15a19487x504S15a11489x504S15a58463x541S33b00482x483
beneficiar,"beneficio, cliente, propina",3281,AS1d452S20e00S22f04S36d00S38517M522x523S36d00479x478S20e00478x495S1d452494x484S22f04472x509
berenjena,,493,AS16c1fS16c11S28909S18510M546x531S16c1f455x506S16c11467x493S18510521x475S28909490x470
bestia-alto,,1026,M511x537S15d40492x510S22c00490x464
bestia-alto,,2466,M511x537S15d40492x510S22c00490x464
Betania,,2067,M516x582S14720497x417S14a20496x443S1d320484x462S1f720490x495S11950489x514S19220495x544S1f720490x567
betel,,2241,M530x518S15a1a469x506S14720477x483S20610496x500
bh,,2257,M515x521S14720501x480S11502485x506
Biblia,,3101,AS15d10S15d18S22b23S15d30S15d38M539x538S15d10520x462S15d30482x512S15d18500x462S15d38462x512S22b23496x491
Biblia-allí,,2794,AS10013S15d39S20500M523x517S15d39478x493S10013493x483S20500494x506
Biblia-buscar,,3120,AS15d40S15d38S20e00S2880fS2880fS2880fS2f900M539x529S15d40520x490S15d38461x485S2880f484x471S2880f483x490S2880f482x509S20e00506x500S2f900469x521
Biblia-filo,,1938,M515x552S18a12486x489S22a00495x469S2f720495x448S15d3f485x519S2f900489x547
Biblia-mostrar,,3119,AS15d40S15d38M528x514S15d40509x486S15d38489x487S26522471x500
biblioteca,,819,AS32604S15a10S15a18S26706S27000S27000S15a10S15a18S20500S2e008S2e010M557x630S32604482x482S15a10464x499S15a18450x500S26706479x538S27000478x518S27000517x518S15a18490x568S15a10502x568S2e008505x599S2e010480x601S20500497x558
bicho,,222,M546x588S15a57490x420S14c51519x447S21100486x413S29006474x438S22131510x438S22131503x434S15a57472x530S10e5f505x558S29006455x550S22121495x551S22121489x546S21100465x522
bicicleta,,693,M534x534S20310467x467S20310518x467S2ea00467x492S2ea00519x492S2fd00488x528
bicicleta,,1554,M561x529S20350461x499S20350525x482S3760a539x472S37602440x490S2e94c480x489S2e908507x471
bien,,1996,M518x574S1f502483x528S33e00482x482S32103482x482S22a03472x553S2f700457x564S3760a492x535
bien,cheque,3261,AS1ce10S26b00M562x549S1ce10509x519S26b00535x529S33e00482x483
bienvenido,,1351,M524x517S2890e476x502S15d31501x483
bigote,,337,M550x573S33100482x436S10011505x459S10019475x460S22f13451x490S20e00521x484S20e00465x485S22f05526x490S33100482x529S1ea00504x551S1ea08475x552S21100524x543S21100464x545S22817535x533S22811453x534
billares,,896,AS36d00S11859S10020S2b800S20500S11859S10040S26c00S26c00S21100S10040S11859S26700S21100M550x618S11859464x478S10040476x478S10020518x402S36d00479x438S11859474x398S2b800519x383S26c00498x479S11859464x581S10040473x588S26c00523x479S20500495x389S21100499x498S21100477x565S26700475x522
billetera,,399,M543x585S15a31503x415S15a39477x415S15a40502x455S15a48488x455S36d12479x536S15a24510x551S21100528x550S26504529x570
binoculares,,936,AS31400S16d11S16d19S27012S27006M542x518S31400482x482S16d11500x482S16d19479x481S27012458x478S27006524x478
bisonte,,163,M534x525S30006482x490S30002482x490S10610519x488S10618466x488S30154488x478S30150500x475S2f700499x465
blanco,,941,M524x530S15a31501x482S15d39478x470S26c07481x495S26c03497x512S20e00476x514
blanco,,1832,M527x524S26c03497x477S21100514x494S15d39474x497S14731484x503
bloques,,867,AS15340S15318S20a02S2c500S2c514S2c500S2c514M600x528S2c500525x498S2c514442x501S15340500x496S15318486x503S20a02493x473S2c500560x498S2c514401x501
boca,,321,M538x518S36100482x483S10e02491x501S26506523x502
boca,,2757,AS10001S2e307S2ff00M537x541S2ff00482x483S10001516x511S2e307489x503
bocabierta,,2059,M529x586S34c00482x482S11000511x537S11028489x520S22e04512x568S31a00482x482
bocce,,897,AS36d10S15d1aS15336S28b0fS36d10S15d1aS15336S22b04S20b00S36d10S15d1aS15336S2ea06S21100S26520M555x617S15336530x420S28b0f500x384S15336481x469S22b04489x491S20b00507x514S2ea06517x594S21100521x573S26520465x595S15336491x588S15d1a489x417S15d1a479x514S15d1a484x595S36d10478x507S36d10481x411S36d10479x585
boda,,3099,AS15d04S15a0cS2a20cS2a214S20800S17d40S15a05M545x537S15a0c533x462S15d0c455x464S15a03497x498S17d48472x506S2a214477x464S2a20c503x464S20800492x527
boleto,,2995,AS14c18S15a02S26502S20700S21100M524x525S20a00477x485S15a02497x475S14818480x503
borracho,"emborrachar, bolo",2248,M539x525S15d39462x502S19a02471x474S20500469x508S27200499x487
bolos,,898,AS15336S15d1aS26600S26604S15336S15d1aS26700S15336S15d1aS21100S26f14S15336S15d1aS26600S20e00M537x613S15d1a463x403S15336471x388S26600503x395S26604521x396S15d1a468x465S15336470x451S26700500x442S15d1a468x527S15336474x518S21100506x517S15d1a470x594S15336470x584S26600502x566S26f14493x538S20e00504x599
bolsa,,604,AS1ea52S1ea5aS26c00S26c00S26c10S26c10S1ea52S14c39S22b20M559x573S1ea52502x427S1ea5a470x428S26c00503x455S26c10468x457S26c00532x457S26c10441x456S14c39454x546S1ea52462x516S22b20444x505
bolsas,,1209,M553x535S20348471x465S20348473x520S20340516x465S20340479x502S26502538x466S26516448x466S2eb02502x516S22a07514x500
bolsillo,,415,M534x534S36d00479x488S1730a507x498S17702506x466S21300505x518S22a04521x476S20500495x502
bomba,,625,AS16d48S20310S22c04S22c04S22c04S33b00S16d48S22e10M536x519S16d48449x421S20310478x373S22c04491x380S22c04505x380S22c04520x380S33b00482x483S16d48460x499S22e10438x500
bomba,,725,M595x574S1bb46443x427S26605470x478S14c28501x490S26605524x512S20320478x557S20324515x557S26602435x556S26606536x555S14c40405x543S14c48571x536S10026451x451S10026508x524
explotar,bomba,2643,M573x564S20341474x520S20349504x520S15011545x518S15019428x516S32a00482x482S31500482x482S35000482x482S26706491x548S26712467x542S2f700455x539S2f710529x541
bombilla,,621,AS15446S2df05S2e005S37800S20311S22e03S15442M506x575S15446480x426S2df05484x476S2e005485x443S15442466x547S20311483x527S22e03470x517S37800499x543
bonito,,2981,AS14c00S2ed01S1851fS2f900S2ff00M542x548S2ff00482x482S14c00519x494S2ed01519x472S1851f490x521S2f900486x522
boroso,confusión,1986,M523x587S15008478x522S15020489x521S2e511484x560S2e508500x554S33300482x482S31b00482x482S34300482x482
borrar,,2420,M535x519S15d39465x483S20341473x487S21100494x481S27107508x493
borroso,,954,AS2ff00S14c21S14c09S2e500S2e519M540x520S14c21489x494S14c09480x489S2ff00482x483S2e500517x488S2e519455x486
bosque,,307,AS14c08S1f141S21000S21001S21001S21003S21003S22a07S22a07S22a00S22a01S22a01S28b02M561x541S14c08483x510S21000482x479S21001459x484S21001448x497S21003500x481S21003512x494S1f141531x505S22a07530x488S22a07517x473S22a00486x460S22a01453x478S22a01440x488S28b02471x499
bosque,,1564,M533x558S15a46500x527S37604467x496S15a10506x458S37602511x485S2e906491x442S26626495x542
bota,,389,M534x599S20350513x420S20358496x420S36d00490x523S37606465x459S15a50460x439S26504481x478S1d052445x465S21300479x455S15a58493x572S15a50522x572S36d12492x560S20c00497x402
botar,,3378,AS20321S28809S14c57M539x521S20321518x500S14c21461x478S28802495x482
botarme,,3379,AS20321S28809S14c57M522x524S20301485x486S14c21410x476S28802444x480S36d00477x479S22103502x483S37703500x502S20800483x504
botas de senderismo,,390,M551x588S14550514x412S14558479x413S18511491x490S18519468x504S2e73c526x491S2e718449x504S20330509x555S20338483x560S26506532x556S26502463x563S2f700539x575S2f700464x581
botella,,607,AS16d40S16d48S20500S22a00S16d48S20302S37806S20c00S16d48S13d12S2f002S20300S20308S20500S21800S21800M516x615S16d40467x409S16d48459x428S20500480x429S22a00464x386S16d48455x490S20302470x474S20c00439x478S37806484x482S16d48453x547S13d12476x517S2f002494x517S20300475x576S20500467x581S21800478x592S20308462x591S21800461x607
botón,,416,M528x537S36d00479x465S1ce10506x464S20500495x480S20500496x501S20500495x526
Boucher,,1195,M516x578S14720501x422S17610500x448S11520500x468S12d02485x502S14a20500x529S11a20500x548
braso,,2979,AS14c00S2030aS21100M530x527S14c00491x496S2030a515x501S21100503x480S37604483x473
brazalete,,3296,AS1ed52S2031aS20800M529x521S2031a514x506S37806484x513S1ed52498x480S20800503x502
brazo,,342,M529x526S36d00479x522S37a09479x478S17b52470x503S26600499x475S26604513x476S21100490x487
brazo-allí,,2375,M539x533S20359513x467S10051497x501S3790b480x482S20500488x486S26505526x520
brazo-cortado,,2521,M536x527S20359514x473S1f720488x479S3790b480x488S20e00511x499S26505523x510
brillante,,1617,M578x585S14c20515x553S14c28461x554S22530536x551S22530419x556S25b00518x510S25b10464x509S32a00482x482S30d00482x482
brindis,,1139,M551x525S12b17502x475S12b1f472x475S26502536x483S26516449x483S20600490x514
brocoli,,1487,M562x557S37601513x472S16d49502x476S14c08502x442S15d39500x526S10e51507x532S23103530x524S21100549x543S3760b474x491
bruja,,1135,M522x593S33100482x483S10611495x505S20500495x495S17648478x563S10651491x552S21300494x577S22b04486x525
bruja,,262,AS33100S10620S17614S20500S2b700S33100S17614S10651S20700M549x591S17614481x485S33100482x441S33100483x524S17614478x575S10620524x451S10651491x563S20700474x557S20500502x459S2b700530x436
buen-amigo,,2831,AS10621S2f700S20307M534x531S22a20498x477S2f700499x468S37e07494x498S20307487x510S10621503x496
buenas noches,,1359,M556x658S17710503x642S17718479x643S14c20533x582S14c28451x578S2891b476x601S28903505x601S22104486x633S22104504x632S15d3a494x549S22a04497x529S15d01500x508S2ff00482x482S15d30502x555
buenas tardes,,1357,M544x669S1d211518x643S2031a529x610S26505510x631S37605472x586S20e00500x619S15d3a500x549S22a04503x529S15d01506x508S2ff00488x482S15d30508x555
buenas-noticias,,2710,M539x628S15d3a492x470S22a04495x450S15d01498x429S2ff00480x403S15d30500x476S18507520x571S1850f462x601S14c00514x518S14c08460x551S26500519x553S26510464x586S2ff00484x562
bueno,,1701,M523x581S15d3a494x549S22a04497x529S15d01500x508S2ff00482x482S15d30502x555
buenos dias,,1356,M554x661S17710532x646S17718460x646S14c20531x589S14c28457x587S28910476x619S28908520x620S15d3a494x549S22a04497x529S15d01500x508S2ff00482x482S15d30502x555
bufanda,,403,M544x601S2ff00482x435S2ff00483x529S15a11477x465S15a19502x557S28917504x574S2890f474x483S15a11477x555S22e00455x471S22e10527x564
buitre,,205,AS14c50S14c58S23700S23718S36200S1ea00S20500S1ea00S20500S1ea08S20500S1ea08S20500M544x605S14c50511x411S14c58469x411S36200482x483S20500504x543S20500503x582S20500487x553S20500490x594S23700505x445S1ea00511x529S1ea00509x568S1ea08466x545S1ea08470x583S23718459x445
Bulgaria,,1238,M560x523S36d10479x476S14751523x494S14759456x494S20612550x486S20612440x486
burbuja,,282,AS30005S33b00S20311S21d13S22b07M555x518S33b00482x483S22b07531x467S21d13517x480S20311508x494S30005482x483
Burger King,,1598,M538x532S14711477x476S14011507x508S36d00479x468S22b05501x479
buril,,3357,AS20301S20329M548x519S20329483x498S20301501x481S26a27527x482S37703514x496S37706463x512
burlarse,,2013,M571x569S14c27545x490S14c29491x529S34800482x482S32700482x482S26903534x511S26913478x550
burro,,133,M531x547S30007482x454S30001482x454S15a20516x438S15a28472x439S20500520x467S20500471x467S30007482x512S30001482x512S20500519x523S20500470x524S18227513x496S1822f470x497S22104519x493S22104468x494
burro,,2957,AS14720S30007S22110M554x518S30007482x483S15d20513x471S30001482x483S15d28468x470S26900538x482S26910446x479
bus,,695,M551x527S15a20480x474S15a20508x475S26f02537x486S26f06450x487
bus,,2958,AS14740S14748S26604M511x531S14748489x469S14740496x477S26604495x501
bus-parqueo,,2959,AS14740S14748S26604S14740S2da08S2da30M546x547S14740453x525S2da08506x528S2da30470x530S14740490x462S14748483x454S26604489x486
buscar,,3142,AS16d10S2e602S2f900S30300S30c00M560x536S30c00482x488S30300482x477S16d10491x512S2e602527x490S2f900539x531
béisbol,,894,AS30500S36d00S10020S10018S2d807S20e00S26602S2890fS10000M551x546S10018480x506S10020532x516S2d807517x496S20e00487x507S36d00480x528S10000433x452S26602481x492S2890f449x482S30500479x479
búho,,195,M546x582S16d10514x481S16d18475x480S17410511x430S17418470x428S2ff00484x479S17410515x557S17418478x557S30322485x466S37401488x513S37411470x514S2ff00482x419S2ff00488x547S21600538x559S21600466x560
c,,106,M509x510S16d10492x490
C,c,1277,M509x510S16d10492x490
caballo,,132,M549x519S11e04455x481S1470a451x505S20710483x496S20710515x496
caballo,,1622,M530x525S14748495x503S10e04496x475S20a00470x498S2ea54515x487
caballo de mar,,235,AS10610S21810S27006S26702M534x542S10610512x470S26702467x478S21810503x459S27006516x502
caballo-para-adelante,,1635,M532x544S14748493x522S10e04494x494S20a00468x517S2ea54513x506S2bb21499x456
cabello,,334,M568x543S2ff00482x483S15211505x478S28905518x518S18510543x526S20e00516x505
cabeza,,323,M552x518S2ff00482x483S10054504x453S2e600523x484
cabeza,,2599,M554x525S2ff00482x483S18010524x510S20500513x509S20500512x481S26500528x492
cabra,,138,M532x526S30004482x483S11800492x463S20500521x509S22a00519x490S20500520x476S30000482x483S11800492x499
cabra montesa,,3169,AS1773eS22a04S21000S30004S33300S30a00S33c00M549x600S1773e491x479S30004482x435S22a04516x490S21000513x475S33300482x435S33300482x531S30a00482x435S30a00482x531S33c00482x435S33c00482x531S11800492x573S22b00533x532S2b804519x518S30300482x520
cacatúa,,187,M531x540S28a07501x511S28a0e476x510S10650470x461S28a07488x478
cactus,,300,AS37600S17608S17600S22310S22318S37600S14c01S14c09M534x554S14c01468x508S14c09508x507S22310511x448S22318469x446S37600488x471S17608501x465S17600482x465S37600488x531
cada,,1720,M517x534S10028483x500S16d20492x466S22b04501x504S20e00503x490
cada uno,cada-uno,1719,M575x535S26526465x496S26526522x497S10028425x500S10028484x499S10028541x501S16d20434x466S16d20493x465S16d20550x467S22b04443x504S22b04502x503S22b04559x505S20e00445x490S20e00504x489S20e00561x491
meses,cada-mes,2355,M567x545S15d18433x456S15d18481x457S15d18525x458S1f720455x458S1f720503x459S1f720547x460S22b04453x488S22b04501x489S22b04545x490S20e00454x475S20e00502x476S20e00546x477S26822484x529
cadena,,594,M599x519S1ce48401x487S1ce22405x481S20800425x506S1ce40464x487S1ce2a451x483S20800452x506S1ce22497x482S1ce48492x486S20800515x506S1ce2a546x482S1ce40558x489S20800547x505S26526584x493S2f700584x483
tropezar,caer,2245,M528x531S15a37486x486S10e04513x501S10e32482x479S2b700507x468S20b00472x487
café,,542,AS14c39S34e00S1ce10S22b00S22b00M559x562S14c39477x535S1ce10503x522S34e00482x482S22b00526x507S22b00543x507
caimán,,237,AS36d00S15050S15058S2b700S2b711S2b700S2fd04S15038S15050S22a04S20b00S20a10M576x578S15050508x424S15058463x426S15038469x540S15050480x522S2fd04486x466S2b700539x428S2b700557x425S2b711442x422S20a10445x521S20b00491x565S22a04508x520S36d00479x458
caja,,608,AS15d40S15d48S22a04S22a14S15d02S15d0aS22a04S22a14S16050S2a200S16050S16058S2a214S20500M539x597S15d40506x404S15d48463x403S22a04505x438S22a14469x437S15d02496x468S15d0a467x478S22a04506x490S22a14470x501S2a200516x524S2a214461x569S20500495x560S16050499x522S16050499x567S16058486x567
caja,,2417,M527x525S15a02474x474S15a0a497x481S15a48474x498S15a40515x498
cajero,,751,AS14c39S14e51S22630S2ff00S17610S17618S22b04S22b14S15a40S15a48M536x578S14c39472x438S14e51483x437S22630486x426S17610520x496S17618463x495S2ff00482x483S22b04520x517S22b14460x518S15a40522x551S15a48462x550
calabaza,,497,AS14e50S14e58S2890cS28914S14e31S14e39M539x543S14e50500x459S14e58473x458S14e31502x515S14e39469x516S2890c524x487S28914462x489
caos,"calamidad, desorden, tribulación, desastre",1724,M560x570S30c00482x482S15039461x543S15051515x511S2a228491x539S2a209540x495
calcetín,,388,M535x547S15a50458x454S36d00493x543S37606464x476S1d052444x483S21300476x467S26504479x487
calcular,,3013,AS14c51S14c39S22a04S22a10S17751S17735M524x560S14c51497x439S22a04501x466S14c39476x533S22a10480x518S17751498x481S17735480x500
caldeos,,1018,M512x583S16d10495x418S1f720491x442S1dc20488x461S10120496x495S14a20496x529S17610496x548S20320496x568
caldeos,,1064,M512x583S16d10495x418S1f720491x442S1dc20488x461S10120496x495S14a20496x529S17610496x548S20320496x568
caleidescopio,,877,AS31410S37803S3780bS20311S20319S2ee02S2ee19S21100S31410S37803S37803S31410S20311S14c08S26510S22520M540x570S20311497x442S20319492x442S37803510x454S3780b467x458S2ee02513x420S2ee19488x419S37803506x540S31410460x441S14c08483x507S31410461x524S20311493x526S26510507x502S22520473x497S21100501x464
calendario,,1000,AS36d00S20330S20338S22a00S22a10S14c00S14c08S14c08S14c20S20e00S22b04S20e00S26606M525x589S20330505x468S20338480x468S22a00507x449S22a10481x450S14c00502x412S14c08475x412S36d00479x444S14c08470x506S14c20481x513S22b04485x559S26606482x560S20e00487x546S20e00469x560
calendario,,1408,M520x527S15d08481x487S16d10503x507S2b700493x472
calentarse,,2456,M574x518S36d00479x484S37700519x485S37700479x487S17f33467x492S17f3b511x492S23600535x494S23610423x494S20e00457x482S20e00528x482
calentura,,1526,M534x574S30a00482x483S34200482x483S1470e487x473S15746478x556S1574e502x523S23100508x543S23110474x540
caliente,,1587,M562x519S15038466x488S15030506x488S26c00535x499S26c10437x500S22130500x480S22130464x480
caliente,,1594,M552x537S34800482x483S14c01514x510S26c03532x499S30d00482x483
calle,camino,3066,AS15a40S15a48S26500S26510S2fb00M523x528S15a40510x501S15a48479x501S26510477x480S26500509x480S2fb00492x472
tranquilo,calma,3055,AS15a12S15a1aS21100S22a14S21100S22a04S33500M524x620S15a12485x524S15a1a488x574S22a04493x554S22a14493x605S21100493x588S21100494x538S33500476x483
calvo,,335,M532x518S2ff00482x483S2ea36488x475S1c512504x455
calzar,,3174,AS17c12S15a50S26504S20800S21100S17c1aS15a50S26514S20800S21100M544x553S15a50473x459S15a50507x522S17c12467x447S17c1a504x510S26504492x475S26514530x538S20800455x461S20800492x519S21100492x458S21100531x520
calzoncillos,,385,M567x532S18214461x500S1821c520x501S36d12479x469S26a04439x516S26a14540x518S21100547x502S21100446x501
calzonetas,,381,M541x525S10e0c494x495S10012511x506S22a04524x475S20610460x507S21100524x491
cama,,686,M546x526S15a50487x422S15a50505x422S26502453x430S26506531x431S31600482x482S15a11463x496S15a11456x503S2d500463x477
cama,,2507,M534x517S30006482x482S16d17514x496S20500511x492
camarera,,750,AS33010S1f410S20a02S36d00S15d37S15d3fS26c09S26c11S2ff00S36d00S17610S17618S22b04S22b14S15a40S15a48M552x629S33010476x427S1f410514x448S20a02519x430S15d37511x491S15d3f473x493S26c09534x501S26c11453x500S36d00482x478S17610522x546S17618463x545S22b04524x566S22b14463x566S2ff00484x537S15a40526x600S15a48463x602S36d00482x577
camarero,,749,AS30004S20f00S1851eS22116S36d00S15d37S15d3fS26c09S26c11S36d00S15a40S15a48S22b04S22b14M565x718S30004484x482S1851e501x528S22116487x531S20f00488x518S15d37523x607S15d3f457x607S26c09547x617S26c11439x617S36d00478x592S36d00481x665S22b04532x688S22b14462x686S15a40531x655S15a48462x653
cambiar,transformar,1769,M537x531S1f709490x474S1f721490x486S2df00516x482S21100507x470S37803504x501S3780b466x488S2df13464x470
camello,,134,M541x579S15452501x422S1545a468x427S23604502x442S23610459x451S11e04481x524S15a48490x552S20700507x541S2b720465x494S2b725487x494S2b720499x494S2b725520x493
camello,,2603,M539x515S15d50460x488S2de08489x485
caminar,,2845,AS10e04S15d38S26600S22514M522x546S10e04506x488S22514478x507S26600506x455S15d38499x520
caminar,,2847,AS10e04S22514S26600M534x538S10e04494x488S22514489x519S26607512x462S15d39465x515
caminar-bajando,"desciende, descender",1835,M524x526S11e14491x473S22b03475x502S22514502x506
caminar-cauce,,2849,AS10e04S22514S2c600M524x522S10e04507x478S22514502x509S2c600476x493
caminar-izq,,2848,AS10e04S22514S26600M518x522S10e04501x478S22514496x509S26501482x480
caminar-subiendo,subir,2669,M528x530S11e04471x483S22b07504x470S22514475x517
caminata aleatoria,,977,M515x539S15d40486x512S2de06494x461
caminata zigzag,,978,M516x557S15d40484x530S27606488x499S2750e492x475S26600488x443
camino-curbas,,3067,AS15a40S15a48S26500S26510S2fb00M526x537S15a40514x510S15a48484x510S29a10475x470S29a00507x471S2fb00490x463
camion de bomberos,,699,M551x646S2ff00483x483S15a00493x466S20600509x474S16c26489x589S16c26530x598S37704508x602S37704469x592S28a06497x629S37300476x544
camisa,,377,M528x605S36d00476x395S1ce0a489x459S16c02486x422S22a00510x400S21100511x419S37607481x495S36d00480x540S15a01476x496S22b03504x481S20b00465x509S36d00483x601S37607483x554S1d052463x574S27307500x555S21100498x582
ropa,camisa,3276,AS1d411S20800S20800S1d419S36d00S26a00S26a10M578x522S1d411527x484S1d419450x486S26a00551x478S26a10428x480S20800512x512S20800475x512S36d00479x506
camión,,702,M535x532S20310520x388S20314478x388S28906493x415S2890e489x435S20314464x485S36d00487x527S2ff00489x482S37800471x500S27100420x505
camión,,1568,M562x529S37602438x490S3760a540x488S20331525x488S20339454x491S26c00521x471S26c10450x474
camión de la basura,,703,M529x532S16c10491x469S14f16513x468S37706488x480S2a400501x496
camote,,510,AS20359S11851S20600S20359S11851S21100S26505S30004S15a00S20e00S22a04M535x538S20359478x388S11851504x371S20600491x384S20359483x416S11851496x411S21100502x430S26505514x444S15a00494x497S30004482x483S20e00519x507S22a04521x523
campo,,984,AS36d00S20330S20338S22a00S22a10S14c08S14c00S22510S22510S36d00S14c00S14c08S27200S27210M571x563S14c00500x443S14c08471x441S20330477x495S20338508x496S22a00507x477S22a10478x474S14c08464x531S14c00508x532S27200531x538S27210423x536S36d00480x530S36d00478x437S22510525x443S22510448x443
campo,,1575,M528x527S3760d471x473S15a12444x498S26806446x511
campo,,2462,M539x526S2d506519x474S2d51e462x474S14c50512x495S14c58467x495
cana,,2622,M512x544S16d10495x456S1f720491x480S11950489x499S1f720491x529
Canaan,,2394,M564x513S16d20435x493S1f720456x498S1f720499x498S1f720523x498S11950474x487S11950542x487
Canadá,,2310,M528x516S36d00479x483S1f702513x491S20602501x492
Cananeo,,1066,M512x579S16d10495x422S1f720491x446S11950489x465S1f720491x495S11950489x514S14a20496x544S17610496x563
Cananeo,,2483,M512x579S16d10495x422S1f720491x446S11950489x465S1f720491x495S11950489x514S14a20496x544S17610496x563
canción,cántico,1653,M523x570S28b06430x514S28b06428x550S3780c480x539S20359502x525S28b0e428x531S33f00484x483S15d41483x538
candado,,1934,M523x535S1ce18478x466S1ce18480x505S1ce10501x504S15210499x465S20800496x507
cangrejo,,228,M551x528S1455a487x477S14552466x494S22136519x473S22136528x474S22132458x495S22132450x496S26706509x504
canguro,,160,M541x523S18252507x477S1825a477x477S23404504x509S23414460x509
canica,,876,AS15428S2ef00S15459S15459S1ea30S20500S21b00M533x555S15459474x446S15428518x451S15459485x532S1ea30470x523S20500489x521S21b00468x534S2ef00494x461
canotaje,,900,AS15b00S15b08S2c820S36d00S20301S20319S2c623S36d00S20303S20311S2c626S36d00S20319S20301S2c623M561x585S15b00499x418S15b08487x418S36d00480x480S20301477x451S20319458x467S2c623443x456S36d00479x529S20303510x495S20311521x512S2c626534x500S36d00479x577S20319458x564S20301472x549S2c623445x553S2c820521x416
cansado,,2509,M564x523S17802519x488S1780a467x488S2c300538x494S2c311438x496S20500473x512S20500517x511S36d00479x478
cantalupo,,482,AS14c18S37900S15d00S21100S22b00S14c1aS37906S15d02S21100S26502M558x565S14c1a520x542S15d00522x482S37900512x480S22b00525x436S21100526x467S14c18501x452S37906480x552S15d02531x522S21100516x531S26502496x532
cantar,,1853,M518x574S34400482x483S20300494x526S26c06496x547
cantar,,2886,AS10e54S22a00S20e00S36a00M554x621S36a00482x432S10e54523x451S22a00510x464S20e00493x475S17e20521x507S34700483x493S22130522x494S28b06430x565S28b06428x601S3780c480x590S20359502x576S28b0e428x582S33f00484x534S15d41483x589
Cantwell,,1113,M523x594S16d10487x407S1f720483x431S11950481x450S1d220477x480S18720487x512S14a20488x545S1dc20479x564S26506508x577
Capernaüm,,2629,M515x619S16d10498x381S1f720494x405S14050485x424S14a20499x458S11a20499x477S11950492x511S1f720494x541S11520499x560S18d50494x594
capital,,1929,M513x519S10018498x489S15412487x480
capítulo,,3144,AS16d20S15d18S20e00S26504M523x528S15d18478x488S16d20506x471S26704493x486S20e00493x471
caqui,,485,AS34e00S10004S1541eS28817S15616S20a00M555x596S10004520x511S15616511x538S1541e480x581S28817508x561S34e00482x483S20a00537x527
cara,,322,M535x530S2ff00482x482S1ed10509x492S1ed18463x493S26500519x514S26510465x515
cara,rostro,2756,AS10001S2e305S2ff00M544x542S2ff00482x482S10001514x512S2e305521x494
carbón,,289,AS20357S20331S20600S20357S15931S20500S22534M527x555S20500505x533S20357491x449S20331503x446S20600473x446S20357482x534S15931474x522S22534485x502
cargar,,2580,M583x518S36d00479x514S20500514x501S16d10521x482S16d18501x483S23420546x487
Carlos Roberto Romero,,2691,M545x517S31410482x482S16d10528x489S20600504x497
carne,,547,M543x524S14c0a465x501S1ce11472x476S20a03457x485S26f20503x497
carne,,1464,M523x517S14c59476x483S1d410494x487S20800492x507
carne molida,,549,AS20359S20312S2ea00S16c59S14c51S26601S22531M553x562S20359447x441S20312516x452S2ea00538x439S16c59470x521S14c51487x536S22531512x513S26601481x507
caro,,3216,AS1851cS15a16S20500S22a00S2f700S14c31M523x540S15a16491x528S1851c491x510S20500477x519S22a00498x492S2f700498x485S14c31497x460
carpintero,,734,AS36d00S15d57S15d41S21100S27101S2ff00S17610S17618S22a04S22a14S14c40S14c48M540x550S15d57472x408S15d41488x417S21100514x453S27101495x434S17610515x483S17618479x483S22a04520x502S22a14477x503S14c40516x519S14c48474x518S36d00477x398S2ff00487x482
carrera de coches,,901,AS36d00S20311S20315S28907S28913S2890dS28919S28907S28919S15a12S15a1aS26702S20e00M559x576S20311518x444S20315476x486S28907508x474S2890d514x489S28907534x495S28913462x439S28919479x445S28919456x424S36d00479x474S15a12500x550S15a1a485x564S26702443x547S20e00487x549
carrera de perros,,905,AS3790bS37903S11019S1002fS2a541S11029S11027S21800S21800S21800S21800M579x581S3790b479x444S37903481x444S11019513x423S1002f465x419S2a541480x446S11029489x524S11027514x552S21800516x518S21800538x518S21800541x554S21800561x554
carreras,,923,AS14c39S11e04S26507S22620S2f700S36d10S20340S20348S2eb00S2eb10S2fd04M544x566S14c39496x457S11e04474x455S2f700519x487S20340506x529S20348477x529S2eb00529x519S2eb10459x517S36d10479x520S26507496x434S22620488x487S2fd04487x560
carreras de natación,,920,AS15a0aS10e04S20500S2b700S15a0aS10e12S26706S22530S2f700M555x559S15a0a448x495S10e04453x472S20500468x485S10e12471x531S2b700446x441S15a0a445x547S26706510x531S22530507x516S2f700543x548
carretera,,711,M538x550S15a40472x452S15a40520x450S29d00463x499S29d00517x499
carretilla,,562,AS36d10S38547S38541S20340S20348S23600S23610S26500S26510S36d10S38507S38501S20310S20318S25600S25610M588x567S20340528x456S20348462x455S23600549x455S23610418x455S26500530x437S26510462x437S20318459x536S25600520x502S25610459x502S36d10477x535S20310522x537S36d10481x434
carro,,696,M539x545S20318467x506S20310518x506S37702526x521S3770a461x521S2a400459x458S2a400513x456
carro,,1561,M508x539S15a30493x468S15a50493x512S26600492x462S20e00494x494
carro,,1567,M548x528S37602451x489S3760a526x489S20301511x489S20309467x490S23100507x472S23110463x473
carro de policía,,698,M525x618S20310485x603S14c00478x555S37701490x586S37706500x610S2ff00476x483S15a17461x475S22a00450x474S21910479x547S2e600452x562
carro-de-caballo,,2284,M586x585S14748481x443S10e04482x415S20a00456x438S2ea54501x427S10002529x557S1000a435x558S2ec00571x545S2ec10415x543S20340520x491S20348459x493S23500540x489S23510419x492
carta,,3307,AS1f502S20500S22a04S20500S1f521S15a3aS35a04M520x587S35a04482x482S20500485x516S22a04495x546S15a3a489x575S1f502493x519S20500487x560S1f521498x560
casa,,653,M544x579S15a19480x452S15a11503x452S15a19478x540S15a11501x540S29000491x422S2e00e457x535S2e00e524x536
casa,,3106,AS15d11S15d19S20600M524x518S15d11501x494S15d19477x495S20610486x482
casa de muñecas,,871,AS2ff00S15a11S15a19S20500S19a40S19a48S2a530S2a530S2ea52M544x600S15a11501x489S15a19478x489S20500496x477S2ff00482x483S19a40516x544S19a48468x545S2a530519x567S2a530473x566S2ea52494x554
casa-casa,,2231,M578x526S15d11555x488S15d11500x487S15d11445x488S15d19531x489S15d19476x488S15d19421x489S20600543x476S20600488x475S20600433x476S26522520x511S26522464x512
casado,"casada, casar, casarse",2431,M531x519S14c39468x492S1f030493x498S26502516x481S20e00497x482
matrimonio,"casado. casada, casar, casarse",3321,AS1f540S22a03S20800S16d51S16d39S30005M518x517S20800504x506S16d51498x483S16d39482x497
cascada,,280,AS14928S14920S2bc10S2bc00S14c58S14c50M547x552S14c50483x449S14c58453x454S2bc00497x485S2bc10466x488S14920531x531S14928495x534
casco,,2099,M538x517S2ff00482x482S15811502x467S15819470x468S22a04525x487S22a14466x488
casco-quitar-pregunta,,2152,M544x523S15811504x472S15819465x473S22a00531x492S22a10468x493S22a13452x502S22a03518x501S30a00482x488S30300482x477
castaña,,516,AS10018S11012S26502S20a02M529x526S10018489x496S11012502x491S20a02472x488S26502506x475
castigar,,1789,M537x594S10011516x541S28a03475x550S37602480x530S20e00506x545S2f700474x587S36d00479x527S32104482x482
castor,,172,M550x526S30005482x483S12920520x491S20500532x515S22130518x482S36240487x496
Catacamas,,1441,M526x528S16d10509x472S10e19473x498S22a03497x489S20800503x511
católico,,1118,M522x517S2ff00482x482S11501495x489S22b06487x451S22b04491x447S20e00510x468
católico,,1185,M522x517S2ff00482x482S11501495x489S22b06487x451S22b04491x447S20e00510x468
cavar,,3355,AS20300S20330S28805S28805S28815S28815S37802M527x552S3780a510x449S3780a473x468S20303461x490S2880d488x494S2880d483x514S2881d450x512S2881d445x532S20303498x473
caza,,914,AS14c50S14c58S20800S22130S22130S31410S1de10S17336S26c00S26c10S2f700S2f700M576x518S14c50502x376S14c58475x377S22130504x366S22130460x367S1de10513x483S17336497x439S26c00538x486S26c10521x441S2f700564x499S2f700552x446S31410482x483S20800496x380
Caín,,2174,M540x532S36d00467x528S37a0a508x483S16d10523x467S25604498x485
caña,,459,M519x529S1f84c484x514S2bc00481x472
caña de azucar,,1450,M538x520S20319485x424S15a21499x413S3760b461x439S37703516x430S22f07509x403S20320520x505S2ff00483x483S2b700513x479S36300483x483
caña doblar,,2336,M534x535S10020492x465S37900499x495S26900518x476
cebolla,,496,M555x542S3090c483x479S31600482x487S20321509x498S21100523x489S2c407520x514
cebolla,,1481,M545x577S31900482x483S35000482x483S10001509x502S22b04529x503S17748472x562S15d11490x549S23004516x550
cebolla,,1482,M558x517S35000482x482S30a00482x482S1e611507x493S2e100535x485
cebra,,162,M529x628S2ff00482x483S14401483x480S22b05505x504S11e04480x575S15a48490x601S20a00504x595S2bb20478x538
Cedar,,2201,M511x563S16d10494x437S14a20495x461S10120495x480S1f720490x514S11a20495x533
ceja,,325,M550x517S2ff00482x482S30b30489x490S10053502x459S1005b476x459S2880a528x471S28812448x474S21100516x477S21100471x476
cielo,"celestial, cielos",3143,AS16d11S28b0aS2ff00M518x518S16d21460x479S28b0a472x453S32708482x483
celoso,,2832,AS10622S36800S36100M534x519S36800479x481S36100482x481S10622508x488
cementerio,,441,M556x609S31600482x483S20340519x538S20348468x537S26600519x506S26610468x506S15a1a473x577S11550463x578S26826506x576S23404482x595
cena,,1500,M524x534S16d10507x514S30004482x483
ceniza,,287,AS15a37S17747S20e00S22924S14c31S15a37S32a00S33500M527x622S15a37490x479S17747490x460S20e00473x460S14c31469x573S22924469x477S15a37479x599S32a00472x421S33500479x544
centrado-en-sí-mismo,"egoísmo, egoísta",1763,M534x572S15a10512x484S15a18477x482S2ff00482x482S18032510x525S1803a474x525S26500511x462S26510475x461S26504520x543S26514468x543S20500482x561S20500505x560
centro,,2795,AS10014S15a3aS22a04S2e702M516x535S15a3a484x523S10014494x499S2e702491x464S22a04496x481
cepillo,,407,M548x518S2ff00482x483S15050522x462S2b705497x480S2b705510x480
cepillo de dientes,,409,M556x536S36100482x483S10002505x508S27102541x496
cerca,,714,M545x527S14428477x494S14420509x494S22520465x475S22520513x473S26502456x513
cerca,,2068,M518x517S15a06481x483S15a02491x487S26500503x502
cerco,cercar,2223,M546x529S14400502x472S14408476x474S27a02518x500S27a1a454x500
cerdo,,139,M518x527S33d00482x483S20350471x499S20500474x516S15a00458x482S20e00458x493S23500460x458
cerdo hormiguero,,154,M518x544S33d00482x488S18551476x518S15a30462x517S20e00462x527S23500441x494S30154494x476
cereal,,502,AS20340S14c38S21800S34700S32104S1ea52S14c38S2c604S2c604M547x552S14c38484x438S20340511x427S21800512x416S14c38488x521S1ea52513x503S2c604512x518S2c604529x519S34700482x482S32104482x482
cerebro,,363,M542x546S2ff00482x483S15313473x471S1531b505x472S20310501x531S20314485x531S20600520x464S20600464x463
cereza,,474,AS10e0aS17e10S21302S26900S10e0aS17e10S21302S26900M538x555S10e0a463x474S17e10493x471S26900522x467S10e0a464x516S17e10494x525S26900521x513S21302479x446S21302480x533
cereza,,1451,M542x514S10e0a459x492S20800486x499S20800490x488S1f010494x499S2ef00524x485
cerradura,,602,AS11502S17627S21002S26502S11502S17627S21002S2c500S2c500S11502S17627S21002S26506M560x560S17627442x461S11502448x463S21002440x440S26502462x441S11502451x505S17627443x501S2c500483x495S11502452x545S17627442x542S21002444x483S21002443x524S26506466x529S2c500520x494
cerradura de combinación,,603,AS13d10S17748S2c400S1ed20S1eb48S1eb20S1eb48S20800M553x559S17748448x447S13d10470x449S2c400513x441S1eb48451x501S1ed20472x496S1eb48450x540S1eb20467x538S20800462x528
cerveza,,543,AS14c39S20500S19a02S2a301S1ea40S21b00M532x548S14c39468x465S19a02477x453S20500484x485S2a301503x466S1ea40474x527S21b00481x518
cerveza,,1514,M530x521S20306469x506S18702471x484S26d00503x480
cerviz,,1847,M526x525S36a00482x477S2ff02478x477S15a22499x513
Cesar,,2601,M511x556S16d10494x445S14a20495x469S20320495x488S1f720490x507S11a20495x526
Cesar David Andino,,2683,M541x517S30007482x482S16d10513x468S20600519x489
cesta,,606,AS14c32S14c3aS20a02S26b02S26b16S2ff00S20334S2033cS36f28S36f24M544x527S14c32500x378S14c3a467x378S20a02494x358S26b02506x406S26b16477x409S2ff00482x483S20334518x474S2033c467x473S32100482x483S36f28456x517S36f24479x517
cetro,,3388,AS20340S22a04S2f700S36d00M560x520S20340532x485S22a04533x505S2f700548x513S36d00479x480
cuerpo-gobernante,CG,2155,M515x522S16d10498x478S1f040486x507
CH,ch,1278,M515x512S12d02485x489
Charles,,2306,M516x574S12d02485x426S1f720495x453S11a20500x472S1dc20492x506S14a20500x540S20320500x559
cheque,,721,M558x550S15a12510x474S1e618483x451S2da00518x453S1e618485x525S1e610511x526S2df00479x509S26602443x530
cheques,,854,AS18551S18559S28902S2891aS2880aS28812S28b02S28b1aS28b0aS28b12M567x560S18551531x503S18559452x541S28902510x492S2891a476x528S2880a530x478S28b02507x459S28812472x507S28b1a452x483S28b0a523x441S28b12433x460
chicle,,552,AS30006S33b00S36140S10611S2f000S3080aS33b00S32a00S15011S22b07S22520M594x566S30006479x435S10611518x450S2f000534x445S36140490x453S33b00478x435S33b00485x530S32a00485x531S3080a484x521S15011525x534S22b07548x509S22520562x538
chile dulce,,1490,M550x548S2ff00482x510S10110518x514S2e808535x516S34300482x455S10001507x482
chile dulce,,2932,AS14002S1563eS21100S22a04S22a04S21100M528x537S14002486x463S21100514x499S21100472x493S21100495x494S22a04515x519S22a04473x513S22a04496x522S1563e490x508
chile picante,,1478,M559x565S10002505x510S34300482x483S14c02479x535S23704520x544
chile picante,,1479,M546x564S34300482x482S12d02510x501S12d02471x530S23704507x543
chimenea,,616,M558x624S10050497x376S10058477x376S24302515x378S2431a445x381S15030496x428S15038458x439S23600518x431S23614416x441S22520526x448S22520422x463S14c20492x485S14c28467x483S14c00469x520S14c08495x518S36d00479x573S37600489x601S14c01467x577S14c09509x577
chisme,,1092,M543x531S1f110513x516S1f118483x516S22100483x502S22100518x502S22104496x502S22104531x502S2d820456x469
chocolate,,538,M551x518S30006482x483S12d02521x483S2e500513x462
chocolate,,1474,M540x528S30006482x482S12d41515x497S21100509x514
Choloma,,1433,M578x520S12d12505x479S12d1a466x479S27200538x488S27210423x488S2fd04487x514
Choluteca,,1416,M524x517S16d2f476x494S12d02494x484S20500495x506
chorizo,,1495,M553x513S20350482x496S20350505x496S26606523x497S26612447x496S21810524x487S21810447x488
chusma-encontrar-der,,3030,AS15050S15058S26600S26610S2fb00M555x516S15038446x485S10010540x484S26616475x498
ciego,,456,M529x534S11000492x498S31600482x483S26904513x516
ciego,,2898,AS11800S26904S31600M539x528S11800493x498S31600482x483S26904523x510
cielo,,269,AS2ff00S14c21S14c29S2d609S2d611M552x522S2ff00482x482S14c21493x488S14c29478x488S2d609525x501S2d611449x500
ciencia,,821,AS31500S30350S20310S20318S20500S2f000S2f010S36d00S1f521S1f529S2e603S2e61bS2fd04M550x664S31500482x489S20310486x515S20318483x529S2f000465x505S2f010458x528S20500488x506S30350494x477S1f521520x585S1f529470x609S2e603516x614S2e61b463x634S2fd04505x658S36d00479x597
ciencia,,1905,M522x533S2e704507x490S2e748482x508S16d20501x467S16d28478x485
ciervo,,165,M543x527S30006482x490S30002482x490S12810520x488S12818456x488S20500518x516S20500472x516S30154491x478S30150502x475S2f700501x464
ciervo,,2646,M537x517S14c20514x469S30007482x482S30001482x482S14c28463x469
cigarrillo,,553,AS3080aS34e00S10e01S2e00fM559x552S34e00483x486S3080a482x478S10e01512x515S2e00f539x518
cigarro,,554,AS34400S1ce50S20500S2df0fS33c00S1ce18M554x553S1ce50505x454S34400482x448S20500497x483S2df0f526x465S1ce18532x517S33c00482x518
cigüeña,,202,AS10050S30004S20500S37603S3760bS36d00S30340S18112S1811aS23700S23710M582x584S10050495x450S36d00478x559S37603450x553S3760b520x554S18112424x546S1811a550x545S23700543x520S23710417x518S30004484x444S20500513x474S30340484x509
cine,,1563,M513x530S14c20487x485S15a06486x518S2e130486x470
cinta,,597,AS1f506S13f3fS20e00S26507S2f700M530x525S13f3f470x495S1f506481x476S26507508x479S2f700518x493S20e00495x493
cinturón,,411,M546x523S14e0c473x492S14e04500x492S36d12479x477S20500493x494S26502531x497S26516454x499
circo,,884,AS1a012S1a01aS20500S23d04S23d1cS1a010S1a018S33100S15301S2ee00M565x518S1a012506x389S1a01a468x389S1a010535x430S1a018451x431S33100482x483S15301496x483S2ee00525x481S23d04538x391S23d1c437x393S20500495x378
circuito,,2530,M585x517S14c1a520x483S16d10547x497S2d606563x483S37906480x494
circulo,,1904,M534x523S10021479x476S10028466x481S2f900469x515S2e40f505x494
circuncisión,,2527,M539x513S1f720498x496S1001a461x497S2ea08524x488
Ciro,,1921,M511x549S16d20489x452S19220490x476S11a20490x499S17620490x533
ciruela,,472,AS34200S18507S20500S2f900S31500S30153M527x546S18507497x519S20500517x512S34200482x489S2f900516x525S30153497x477S31500483x489
ciruela,,1461,M518x533S31500482x482S17706494x513S34e00482x482
cisne,,203,AS37900S3770bS14111S26602S23700M526x544S14111460x493S37900489x504S23700481x456S26602496x486S3770b489x521
ciudad,city,3107,AS15d11S15d19S20600S2e112S2e106S2fb04M524x546S15d11501x469S15d19476x469S20600488x455S2e106501x495S2e112481x493S2fb04495x540
ciudad,,988,M592x530S15a18483x471S15a10508x471S23504521x488S23504555x488S23514409x490S23514444x490S26822472x514
claro,,955,AS2ff00S14c21S14c09S2e500S2e519S33e00S31a00S14c20S14c08S22b06S22b12M573x542S14c21490x465S14c09486x462S2e500517x454S2ff00483x459S2e519460x453S33e00481x507S31a00481x507S22b06520x516S22b12449x517S14c20550x511S14c08426x505
claro,,3215,AS18517S1851fS28809S28811S14c27S14c2fM551x528S14c27525x472S14c2f448x473S28811475x489S28809502x489S18528473x513S18520501x513
clase,,2364,M546x536S16d20502x516S16d28482x516S2d806512x485S2d81e454x485S16d00501x464S16d08481x464
class-persona,,1619,M508x515S10020493x485
class-persona-enfrente,,2589,M508x515S10000493x485
Claudia Ponce,,1107,M540x517S30000482x482S16d10491x459S2b705526x465S20e00512x470
clavar-mano,clavado,1756,M548x571S15a08461x435S15a00519x542S1f810465x445S1f818509x556S20b00445x446S20b00535x551S32102489x440S32106475x525
clave,,601,AS1ea51S2a531M524x520S1ea51477x480S2a531499x495
clavo,,567,AS10b58S1ea40S23404S20c00S20b00S23414M551x534S1ea40504x466S10b58484x490S23404514x490S23414487x520S20c00464x487S20b00449x487
clip,,613,AS11550S13d18S26500S21302M524x525S13d18476x483S11550497x495S26500510x500S21302507x476
coala,,152,M529x528S30007482x483S16d11508x472S20500519x494S33100482x483S17e0f479x502S20800487x491
cobija,,689,M532x582S2ff00483x482S36d00479x530S20310476x538S20310510x538S2d506512x559S2d50e473x558S37803485x551S3780b489x552
cobre,,290,AS10011S1ea29S28912S20800M531x528S10011510x498S28912470x473S1ea29489x488S20800519x493
cobre,,3305,AS1f110S1001aS21700S21c00S21700S2880dS28807S2880dM539x532S1001a462x492S1f110489x490S20a02495x468S2880d482x510S2880d519x512S28807503x508S21700470x485S21700486x485S21c00478x485
coca cola,,2546,M528x517S2930a487x499S16d10466x497S36d00479x483
coche de juguete,,873,AS14c39S17d50S2de00S26806S2de00M541x541S14c39479x514S17d50518x505S2de00460x497S2de00460x460S26806467x479
cocina,,669,M546x565S15a40511x448S15a48476x446S15a42485x436S15a4a487x476S27604514x438S27610455x459S15a46474x553S15a40507x536S2e100523x533S21100480x537
cocinero,,748,AS14c39S15d51S20e00S26503S14c39S15d31S20e00S26507S2ff00S36d00S17610S17618S22b04S22b14S15a40S15a48M537x568S14c39481x352S15d51495x352S26503500x384S20e00516x374S14c39478x416S15d31473x435S20e00494x453S26507506x436S2ff00480x482S36d00479x522S17610518x483S17618463x484S22b04521x507S22b14462x506S15a40525x539S15a48463x541
coco,,475,AS36d00S15310S15318S27120S31600S34700S15310S15318S2b725S30300M601x546S36d00479x438S15310543x414S15318525x416S27120562x423S34700482x489S15310537x496S15318521x496S30300482x477S2b725530x522S31600482x488
coco,,1447,M570x532S2ff00482x483S16d10546x489S16d18520x490S26d00543x513S26d18512x513
codo,,344,M525x530S36d00476x526S37700476x504S37a04477x504S15001467x479S2ed00503x471S2ed08503x492
coito,,2409,M524x522S17618476x492S10051485x501S26c00497x479
cojo,,2648,M520x527S15a38480x473S11604485x495S26500494x474S21910498x516
cola,,252,AS37907S2031aS10011S20500S27200M535x521S2031a520x503S37907480x510S10011496x480S20500517x491S27200456x486
colador,,631,AS20340S20348S23103S23103S23113S23113S20338S14c12S20500S25504S22520M562x572S20340515x428S20348475x429S23103523x446S23103541x463S23113467x447S23113486x463S20338482x506S14c12467x527S25504484x550S22520438x538S20500488x522
colchon,,687,M533x562S15a48468x458S15a40517x458S15a46485x494S15a42485x442S2740a467x488S2740e514x439S22220480x531S22220507x531S22224477x557S22224509x557S17e14476x539S17e1c510x538
colegio,,817,AS36d00S15d09S11521S20e00S28907M545x523S15d09481x490S11521493x498S20e00505x490S28907520x477S36d00479x519
colegio,,2586,M515x534S37606485x466S16d10465x466S20600464x488
colibrí,,193,M549x520S17620452x497S1d410463x491S2e302522x497S22124473x481S22b02490x501S20702458x483
coliflor,,2545,M539x559S14c00503x442S37601513x472S16d49500x475S3760b473x491S15d39484x534S15d31491x536S23103509x521S21100526x538
collar,,424,M574x692S36d00478x591S10053524x486S1005b455x482S36d00479x651S1ce01486x669S20500502x660S21100523x584S21100463x585S22b03499x598S22b15470x598S36a00480x477S1000a430x590S2d505504x513S2d51d472x514S21100505x533S21100481x536S10002544x588
color,,940,M549x548S30004482x483S14c00490x517S20500481x517S22520517x509
color,,2950,AS14400S22520S30004M546x540S14400489x509S30004482x483S22520514x515
color claro,,953,M530x535S15d39470x494S15a3f492x512S20e00496x496S26607508x465
color oscuro,,952,AS30004S14c00S20500S22520S14c22S14c2aS22526S22522S23108S23110S23108S23110M547x649S30004482x483S14c00490x511S22520515x517S14c22483x577S14c2a492x602S22526529x594S22522471x577S20500479x515S23108475x558S23110480x632S23108504x558S23110510x631
Colosas,,1090,M512x576S16d10495x425S17610496x449S1dc20488x469S17610496x503S20320496x523S1f720491x542S20320496x561
Colosenses,,2334,M512x610S16d10495x391S17610496x415S1dc20488x435S17610496x469S20320496x489S14a20496x508S11950489x527S20320496x557S14a20496x576S20320496x595
Columbus,,2206,M512x608S16d10495x392S17610496x416S1dc20488x436S11520496x470S18d50491x504S14720497x533S11520496x559S20320496x593
columpio,,881,AS36d00S14c28S14c20S26600S26610S36d10S20340S20348S2a600S2a611S2a602S2a613S2a600S2a611S2a602S2a613S20310S20318M616x580S14c28463x460S14c20507x462S26600509x422S26610468x421S20348469x560S20310521x519S20318469x518S20340519x560S36d10482x548S36d00476x465S2a600538x535S2a602559x537S2a600581x536S2a602599x539S2a611442x536S2a613425x537S2a611404x535S2a613384x540
Colón,,1415,M564x539S15a16518x527S37605468x504S37900530x487S16d10522x467S2e100541x461
Comayagua,,1414,M536x516S36d00479x484S26606483x500S16d10462x496S1f720516x497
Comayagüela,,1430,M520x540S2e902480x460S16d20493x498S15d3a488x521S22a04495x479
comedor,,668,M552x561S15a48466x447S15a40503x448S15a4a479x477S15a42476x439S27610448x459S27604505x439S15a46488x519S15a00493x534S26c00512x536S20610518x516
comentarios,,2553,M550x540S30004482x482S10000486x510S20500496x502S15d20529x453S28907525x488
comer,,1947,M539x541S17700519x501S26b04488x523S34700482x483
comer,comida,3159,AS17700S26b04S33b00M563x534S26b04536x516S33b00482x483S17700508x512
comerlo,,1030,M566x555S34c00482x445S17800519x466S17800519x539S36200482x520S26504552x465S26504551x540
tragarlo,comerlo,2438,M566x555S34c00482x445S17800519x466S17800519x539S36200482x520S26504552x465S26504551x540
comida,,462,M549x562S33b00482x482S17700509x517S17708472x531S2ec04534x507S2ec40451x522
comida china,,1600,M543x549S31500482x482S10002513x494S34700482x482S17705476x517S26c07463x531
comité,,1086,M541x520S36d00479x480S16d10524x487S16d10467x487S20500514x509S20500454x509S26506496x491
Comité,,2503,M541x520S36d00479x480S16d10524x487S16d10467x487S20500514x509S20500454x509S26506496x491
como,cómo,3134,AS15d58S15d50S2a208S2a210S28a0aS28a12S22900S30a00S36e00M560x611S15d58474x552S15d50512x552S30a00481x483S22900494x473S2a210465x582S2a208515x583S36e00477x515S28a0a524x532S28a12447x530
compaginar,conforme,1662,M535x532S15011502x484S15019473x485S20a00496x468S2c607512x514S2c612465x513
comparar,comparación,2967,AS14b17S14b1fS2e106S2e112S2fb04M535x544S2e106510x492S2fb04490x538S2e112467x490S17f10520x457S17f18464x456
compartir,,3125,AS15d41S15d0aS20e00S2a40cM523x535S15d4a477x516S2a40c498x464S20e00483x495S15d41497x508
compañero,,2313,M551x526S15031501x490S15039473x495S20700488x474S26c1e448x498S26c02536x499
completo,"lleno, llena",3130,AS15d50S20e00S26602S20348M541x519S15d50522x481S20348458x504S20e00504x489S26602471x488
comprar,,3147,AS16d41S15a39S26507S20e00M524x524S15d39476x497S26507511x500S20e00499x512S16d41498x475
computador,,1239,M561x531S20359517x469S37a0b476x484S16d50501x510S27107534x494S21100528x515
computadora,,2450,M561x531S20359517x469S37a0b476x484S16d50501x510S27107534x494S21100528x515
comunicar,,3137,AS16d10S16d18S26c00S26c10S2fb04S33b00M545x563S33b00482x482S16d10508x520S16d18476x516S27100505x544S27114451x540S2fb04491x557
comunicar-abajo,,3138,AS16d10S16d18S26c00S26c10S2fb04S33b00M518x575S16d01494x530S16d2f458x530S23103484x552S23113446x552S2fb04471x569S32403482x483
comunicar-der,,1269,AS16d10S16d18S26c00S26c10S2fb04S33b00M528x563S33b00482x482S16d10511x516S16d18475x516S26c07508x540S26c17470x540S2fb04495x557S32407482x482
comunicar-izq,,2547,M531x570S33b00482x482S16d10511x516S16d18475x516S26c01513x540S26c11471x540S2fb04492x564S32401482x482
juntos,con,3317,AS1f540S1f548M516x512S1f548485x488S1f540501x488
enfocar,"enfocado, concentrar",3044,AS15a10S15a18S26600S26610S32400M531x518S32400482x483S15a10517x479S26600515x447S26610468x447S15a18470x479
concha,,244,AS15d38S15d58S20500S23208S23208S1771fS15411S22c07S2df3dS17711M554x581S1771f447x562S15411465x544S22c07485x517S2df3d494x521S17711519x492S15d38457x420S15d58471x422S23208494x427S23208528x427S20500462x447
conciencia,,1862,M541x578S36d00479x522S10011484x531S20c10442x531S32103482x483S27004501x560
conductor,,776,M549x568S14220507x433S14228469x434S22b04520x468S22b14468x471S2032a516x553S20320515x513S37800523x528S37906476x561S27102534x510S20500510x543
conejillo de indias,,181,M591x526S34500482x483S15710512x496S15718469x497S20e00532x505S20e00452x507S26a06548x499S26a12436x499S18510566x507S18518408x507
conejo,,1134,M558x572S30007482x453S30001482x453S11500512x429S11500490x542S11508474x428S22114532x430S22114442x430S33b00482x513S20600519x535
conejo,,184,M534x518S2ff00482x483S11900509x462S11908473x463S22114465x452S22114508x451
confiar,,1874,M562x565S20317541x512S20319505x530S36d00479x561S36d00479x495S2f900503x550S2f900539x534S30007483x453S10011516x461S20500511x451S32107485x512
confiar-abajo-izq,,2665,M536x533S20302489x467S2032e450x503S21600479x471S21600440x507S22a03470x482S22a13436x519S37807465x501S37807504x467
confiar-izq,,2666,M536x525S20302489x474S2032e450x510S21600479x478S21600440x514S26502462x474S26512421x511S37807465x508S37807504x474
confiar-si-mismo,confiar-yo,2523,M543x528S20310505x478S20318481x501S21600508x498S21600485x520S26604527x471S26614457x494
confiar-tu,,2362,M543x528S20310505x482S20318481x505S21600508x472S21600485x494S26600527x475S26610457x498
confiar-tu,,2408,M543x528S20310505x482S20318481x505S21600508x472S21600485x494S26600527x475S26610457x498
confiar-yo,,2397,M543x528S20310505x478S20318481x501S21600508x498S21600485x520S26604527x471S26614457x494
congregación,,2905,AS11922S15a5aS2e736S22a04S20500M557x535S20500522x511S22a04524x474S16d40520x491S2ed0e534x465S2031a519x520S37906480x527
conmovido,,2072,M521x554S36d00479x524S15d01485x531S20500474x529S31900482x483S33c00482x483
cono,,1501,M538x555S20300497x525S37602476x516S35a04487x488S23004513x525S30310487x477
conocer,,1729,M528x523S10e11503x493S10e19473x493S20600489x477
conocimiento,,1054,M530x517S30007482x482S16d10513x469S2f800479x450
conocimiento,,2474,M580x517S30007482x482S16d10513x469S2f800542x460S22100525x458
Conrado,,1106,M567x517S30007482x482S16d10516x470S26a06553x467S20e00537x474
conserje,,773,AS36d00S1ea41S1ea4fS26c01S26c11S2ff00S17610S17618S22b04S22b14S15a40S15a48M537x568S1ea41502x427S1ea4f471x443S36d00479x399S26c01493x412S26c11458x433S2ff00483x483S17610521x484S17618466x484S22b04521x504S22b14467x505S15a40523x541S15a48470x540
consolar,,3114,AS15d21S10028S20e00S22f04M520x530S20e00497x502S10028480x470S15d21497x477S22f04490x516
construir,,1795,M545x531S2fd04488x525S20b00481x469S23604506x497S23618455x503S15a12496x469S15a1a468x484
contar,historia,3206,AS18510S18514S1851cS18518S26506S26512S26506S26512S22104S22100S22100S22104M544x539S18510519x467S18514458x466S18518457x516S1851c519x515S26506497x461S26512487x471S26506498x520S26512486x511S22100521x532S22100471x483S22104520x460S22104471x508
contra-der,,3104,AS15d10S15d49S20b00S26607M522x534S15d49478x490S20b00494x466S26607479x512S15d10503x480
contra-izq,,3126,AS15d41S15d18S20b00S26601S26505M533x532S15d18467x478S20b00488x468S26601511x508S26505504x519S15d41489x487
contra-yo,,1156,AS15d10S15d49S20b00S26607M527x523S15d28475x496S20b00473x477S26603505x500S15d43493x484
contra-yo,,2443,AS15d10S15d49S20b00S26607M527x523S15d28475x496S20b00473x477S26603505x500S15d43493x484
contrario,,2046,M545x565S10002489x527S1000a492x545S21100489x532S26602458x530S26616515x549S33300482x483S34300482x483S32104482x483
gobernar,"controlar, dirigir",2835,AS10640S10648S26c08S26c18S2fb00M530x529S10640507x503S10648479x499S26c08503x484S26c18470x477S2fb00494x471
controlar-nos,,2312,M531x529S10633503x476S1063b469x470S26c09501x509S26c1f468x502S2fb04488x523
controlarse,,2834,AS10640S10648S26c08S26c18S2fb00M555x517S26c08502x429S26c18467x437S2fb00487x416S2ff20476x482S37805444x492S3780d523x492S3790c445x471S10649474x456S37904514x473S10641500x449
conversar,platicar,2670,M543x533S14c08474x468S14c00504x468S27100503x505S27110456x506S2fd04489x527
conífera,,304,AS16c06S14400S21000S22b00S1d419S14400S21001S21000S21001S21003S22a10S22a17S22a11S22a11M556x571S16c06502x429S21000524x449S22b00528x467S14400494x455S14400500x540S1d419445x495S21001474x535S21000506x523S21003527x527S21001487x521S22a10508x505S22a17543x515S22a11465x522S22a11482x513
copa,,1140,M555x558S15a39482x535S1d110505x495S26904539x515S34400482x482
copa-quitar,,2621,M543x548S15a39458x525S1d110481x485S26707512x452
copiar,,2997,AS14c21S15d18S26503S18520M541x529S14c21514x472S15d18460x502S18520480x514S26503510x496
copiar,,3100,AS15d10S14c29S26505S18528M535x534S14c29465x465S15d10516x507S18528490x517S26505484x492
copo de nieve,,273,AS36d00S10e21S10e29S20500S28a26S28a2eS28a26S28a2eS28a26M524x577S10e21494x435S10e29475x435S20500496x423S28a26483x471S28a2e480x494S28a26483x515S28a2e479x537S28a26484x560S36d00479x461
Copán,,1417,M552x543S16d10530x457S20300503x469S3760a489x484S14010523x513S22b04521x485S20500517x462S20500512x516
Cor,,2065,M508x537S16d20491x463S17620492x489S11a20492x507
coraza,,2142,M540x543S15a06463x476S15a02513x476S22b04521x513S22b14466x513S36d00479x457S21100466x495S21100522x496
coraza-quitar-pregunta,,2153,M538x605S22b03496x558S22b13442x558S36d00479x525S30a00481x488S30300481x477S20309467x539S20301517x539S14c51472x575S14c5f419x578
corazón,,364,M521x522S20300473x492S36d00479x479S21810483x514S20500490x493
corazón,,1651,M521x535S10002484x520S1000a451x520S28c31484x482S28c39461x482S22a03484x501S22a15469x501S36d00479x466S20e00477x471
corazón-crecer,,2944,AS14030S16d48S22a00S21000S36d00M521x534S16d48478x479S21000500x481S22a00491x500S14030473x504S36d00479x465
corazón-quebrar,,2304,M529x517S36d00479x482S20351479x490S20359459x490S2c300503x492S20500473x506
corbata-desalignado,,2126,M548x566S36a00482x477S1ea00513x526S22a06519x553S2f700536x555S35a03482x477
cordillera,,1571,M511x520S15a11471x480S24a02425x483S3760a489x481
Cornelio,,1075,M515x600S16d10493x400S17610494x424S11a20494x444S11950487x478S14a20494x508S1dc20486x527S19220494x561S17610494x584
Cornelio,,2495,M515x600S16d10493x400S17610494x424S11a20494x444S11950487x478S14a20494x508S1dc20486x527S19220494x561S17610494x584
corona,,422,M534x557S14c0a468x448S14c02500x445S14c18471x504S14c10511x504S2ff00480x444S2b734504x428S2b745474x429S2ff00484x522
rey,"corona, reyes",1611,M533x517S2ff00482x482S14410511x457S14418467x457S22a04514x437S22a14473x438
correcaminos,,201,AS30004S1f120S20500S30000S14410S21100S2b705S14c50S14c58S23504S23514S2fd04M538x635S1f120478x463S14410493x500S2b705519x506S20500510x463S14c50502x575S14c58471x576S2fd04487x629S23504501x609S23514459x609S30004481x437S30000484x528S21100521x535
correcto,,2814,AS10041S1004aS20600M527x522S1004a497x507S10041494x477S20600472x496
Correr,,1225,M513x539S1e548486x513S1e541490x491S22900491x461S20800491x474
correr,,1253,M513x539S1e548486x513S1e541490x491S22900491x461S20800491x474
correr-arriba-montaña-animal,,2647,M529x531S15a28471x472S12811499x504S22a01495x492S22a00492x476S26502483x468S21900490x525
correr-arriba-montaña-persona,,2649,M528x531S15a28473x472S22a01497x492S22a00494x476S26502485x468S21900492x525S10e04513x493
corroido,corroer,1775,M534x550S15311511x511S15319476x527S15011499x450S15019465x469
cortar,,1050,M524x523S2f700497x476S26501482x483S22700476x504S10e11499x493
cortar,,2254,M527x533S12d10504x503S22736517x467S2440c473x481
cortar,,2469,M524x523S2f700497x476S26501482x483S22700476x504S10e11499x493
cortar-fruto,,2163,M527x528S16d49483x508S15a51504x499S26a07484x472S20f03473x483
cortar-piel,,3065,AS15a31S2031aS26a02S20e00M529x518S37816484x507S20e00479x489S26a02462x481S2031a514x503S15a31498x490
corteza,,308,AS37900S14c08S1880eS21000S22b00S22b00S22b00M557x539S14c08488x462S21000517x524S1880e479x515S37900499x493S22b00509x486S22b00526x485S22b00541x486
cortina,,684,M554x573S26702446x428S26706512x429S14c28455x511S14c20520x511S22620452x493S22620520x490S22b04493x543S2fb00490x527S1f450508x452S1f458461x451
cortina,,2625,M526x540S14420504x460S14428474x460S29c04507x503S29c1c477x503
cortina-hendirse,,2626,M552x515S14420504x484S14428474x484S26506537x493S26512447x493
Cortés,,1418,M520x529S1001a480x472S16d16500x479S29904505x497
Coré,,2077,M509x547S16d20492x454S17620493x478S11a20493x498S14a20493x532
cosa,,1649,M519x556S16d40501x444S16d48481x472S16d40495x536S16d48483x506S20500490x460S20500496x526
cosechar,recoger,2519,M552x540S14c3a489x516S37906449x527S37904512x507S16d41495x492S2d600488x474S2d600472x466S2d600454x459
cosmetóloga,,772,M585x643S2ff00484x414S1151a523x472S10e12555x443S26602526x440S22720527x430S2ff00482x502S1f811521x502S1f819460x502S23004541x517S23014439x522S2ff00480x552S17610522x560S17618457x560S22b04523x582S22b14459x579S15a40525x616S15a48461x614
costumbre,,2292,AS15440S15422S22b24S20310S20320M513x560S15440495x440S15422486x466S22b24495x490S20320489x545S20310498x529
creador,,3168,AS17720S17728S2ad00S2ad11S2ad00S2ad11S2ad00S2ad11S2fd04S15a40S15a48S22c04S22c14M527x589S15a40513x515S15a48479x517S22c04511x547S22c14477x547S2fd04491x502S17720506x485S17728477x485S2ad00514x461S2ad00513x437S2ad00514x412S2ad11476x459S2ad11475x435S2ad11473x410
crear,,3166,AS17720S17728S2ad00S2ad11S2ad00S2ad11S2ad00S2ad11S2fd00S2fd00M527x549S2fd04491x543S17720506x526S17728477x526S2ad00514x502S2ad00513x478S2ad00514x453S2ad11476x500S2ad11475x476S2ad11473x451
crear-en-arco,,3167,AS17720S17728S2ad00S2ad11S2ad00S2ad11S2ad00S2ad11S2fd00S2fd00M549x549S2fd04513x543S17720528x526S17728499x526S2ad00536x502S2ad00535x478S2ad00536x453S2ad11498x500S2ad11497x476S2ad11495x451S2d820450x523
crecer,,1721,M515x530S18020485x515S22b00488x471
creer,creencia,1890,M538x559S30007482x482S10053509x458S22b04522x485S20800522x548S16d51516x525S16d39500x539
cremallera,,417,M521x536S36d00479x465S1ea0a478x513S1ea04472x488S22b00494x472S21100495x505
cricket,,902,AS36d00S10018S17f30S23a01S20e00S17f10M550x539S36d00479x511S10018486x509S17f30534x493S17f10450x461S23a01466x483S20e00506x493
cristiano,,1810,M537x573S16d11474x436S36d00479x426S20500466x426S22c05491x452S21100524x484S15a40517x511S15a48477x513S22b04515x542S22b14475x543
cristo,,1610,M537x536S16d11474x474S36d00479x464S20500466x464S22c05491x490S21100524x522
hacer-X,"criticar, criticarlo, criticarlos",1780,M535x517S10012505x490S25e04465x483S26204482x487
hacer-X,"criticar, criticarlo, criticarlos",1961,M524x517S10057475x487S22b05500x483S22b03498x483
crocodilo,,3010,AS14c50S14c58S2bb00S2bb10S2fd04M552x574S14c50502x467S14c58467x462S2bb00487x429S2bb10449x426S2fd04482x499S14c38474x543S14c50481x538S22c04504x521S22c04521x521S22c04536x521
crucigrama,,860,AS36d00S14020S15d0aS23b0aS23b0aS2e230M547x538S15d0a483x485S14020496x463S23b0a514x498S2e230528x470S23b0a514x519S36d00479x468
cruz,,1051,M515x515S10018492x485S10012485x490
cruz,,2470,M515x515S10018492x485S10012485x490
cruzar,,2566,M532x535S15a59495x491S15a41509x512S26601468x466S20e00488x488
cuadro,,960,AS2ff00S10021S10029S20500S24202S2421aS20500M537x538S10021507x517S10029465x517S20500493x484S20500495x507S24202502x491S2421a476x490S2ff00482x483
cualidad,,2115,M550x550S17648491x482S17742495x459S21000513x461S22a04516x478S36d00479x449S20500481x476S14c0a477x522S10002501x516S2890c535x521
cualquiera,,3308,AS1f510S2a204M561x535S1f501476x464S2a204474x507S1f509504x465S2a21c503x507S37600488x482S22b06531x470S22b12441x468
cuarto,cuarta,2097,M519x526S10020503x496S20500509x491S1440a481x474
cuarto,,2508,M529x561S15a40516x439S15a48471x439S22a04516x471S22a04506x509S22a14471x473S22a14484x546S15a02496x495S15a0a478x532
cuatro-veces,,2768,AS10002S20358S20500S22e00M562x524S22e00545x481S20500499x492S20358492x477S37800499x492S14402508x482
cubo,,609,AS3780cS15031S20356S28a0eS2f700S28a0eS2f700S22a11S2f700S22a11S2f700M561x555S28a0e524x538S28a0e525x520S3780c484x474S20356512x468S15031525x493S22a11498x446S2f700485x447S2f700516x512S2f700506x533S22a11495x462S2f700482x463
cubo,,963,AS2ff00S15d11S15d1fS2ff00S15d10S15d18S2ff00S15d08S15d20M525x585S2ff00481x424S15d11496x438S15d1f478x451S15d10506x498S15d18481x498S15d08488x555S15d20496x558S2ff00484x485S2ff00483x542
tapar,cubrir,2246,M528x537S15a48473x475S15a40511x464S2a218471x509S2a200505x493
cucaracha,,212,AS30000S10e12S22520S20500M521x518S10e12473x482S20500511x481S22520443x481S30000482x483
cuchara,,640,AS33b00S15d39S17932S2880fS20e00S2880fS20e00S20600M525x594S15d39482x571S17932510x572S33b00482x482S2880f485x550S2880f485x530S20600497x505S20e00506x562S20e00507x543
cuchillo,,639,M515x530S11548492x500S11502485x499S21100501x477S26c02485x471
cuello,,333,M587x531S36a00482x477S17f02487x516S23600534x514S21100520x517S22a04574x515
cuerda,,595,AS20330S20338S2e804S2e840S20330S20338S26506S2f700S26512S2f700M535x558S20330500x443S20338479x471S2e804514x461S2e840494x479S20330502x541S20338483x541S26506520x543S26512465x544S2f700521x532S2f700466x532
cuerda,,596,AS11a22S11a0aS21100S2d205S2d210S26606S26612M565x526S11a22497x489S11a0a467x490S2d210436x484S2d205532x481S21100488x474S26606508x509S26612462x510
cuerda,cuerda-triple,2425,M567x562S11e09476x494S11e23503x480S13f51537x439S13f3f432x532S22a07526x469S22a13463x519
cuerpo,,367,M534x572S1c500500x390S1c508467x389S36d00479x385S22b14473x435S22b04515x435S36d00479x522S14c01469x526S14c09508x525S37600489x549S34e00482x483S21100474x419S21100514x420S31a00482x483
cuerpo,,3039,AS15a01S15a07S22a04S22a14S20500S20500S20500S20500M538x545S22c04509x489S22c14474x490S16d40520x455S16d48462x457S20500512x475S20500513x532S20500477x534S20500476x478
cuerpos-superficie-suelo,,1852,M555x545S10e33525x454S10e3b445x494S10e33520x520
cuervo,,188,M548x517S1f120519x493S34f10494x502S2ff00482x482S21e10521x479
cueva,,986,AS2ff00S15d11S15d19S20500S22b00S22b10S2b805S2b814S2ff00S32111S15d11S15d19S20500S37906S2031aS15031S20c00M561x645S15d11509x464S15d19485x464S20500503x477S2ff00493x428S2b805525x419S2b814473x419S2ff00492x538S15d11515x521S15d19483x521S20500507x516S2031a512x627S37906471x633S15031512x608S20c00533x632S32111499x548S22b00513x431S22b10490x432
cueva,,3048,AS15a11S15a19S26604S26614S2ff00S32110M537x517S15a11499x460S15a19475x460S2ff00482x482S26604521x458S26614460x457S32110491x489
h-adentro,cueva-adentro,2073,M518x527S16d18482x473S11550490x497S21302501x473
cuidar,,1733,M522x521S20600489x504S16d40477x480S16d48504x479S37600488x498
cuidar muchas personas,,2177,M571x607S14050453x437S14058421x437S22c04453x469S22c14436x469S26526471x481S26526522x482S2fb04445x515S22c04504x469S22c14487x469S2fb04496x515S22c04555x469S22c14538x469S2fb04547x515S16d10477x566S16d18504x565S2d620482x544S37600488x584S17737504x403S1773f463x404S2f900504x394S2f900471x396
cuidarlos,,3139,AS16d10S16d18S2d620M521x531S16d10477x490S16d18504x489S2d620482x468S37600488x508
serpiente,culebra,1955,M530x530S11051501x505S2dc07469x471
culpa,,3057,AS15a12S2031aS20b00S22e04M548x594S2031a502x493S15a12501x480S20b00487x480S22e04531x473S37806470x499S2f700535x496S2f700521x561S10011496x564S26900519x569S32400494x530S30a00491x436S30a30501x531
culpa-der,,1268,AS15a12S2031aS20b00S22e04M529x555S2031a486x459S15a12485x446S20b00471x446S22e04511x450S10057485x525S26507516x504
culpa-tu,,1267,AS15a12S2031aS20b00S22e04M529x555S2031a487x459S15a12486x446S20b00472x446S22e04512x450S10050486x525S26500489x506
culpar,,3324,AS1f544S20356S37816S20e00S26604M544x525S37816484x515S2031a513x510S20e00531x496S26500530x476S1f502512x485
culpar-der,,1262,AS1f544S20356S37816S20e00S26604M543x525S37816484x515S2031a513x510S20e00531x496S26507530x476S1f502512x485
culpar-izq,,2560,M528x548S2031a486x474S15d12484x452S20b00471x469S22e04511x465S26501479x513S10051482x527
cultura,,1035,M535x525S10008466x490S16d20489x478S2d606513x476S2df06486x501
suceso,"suceder, sucedió, cumplir",2810,AS10030S10038S2a200S2a218M527x528S10030508x498S10038476x498S2a200504x471S2a218472x471
cura,,3299,AS1f010S20e00S26506S36a00M518x525S36a00482x477S1f010427x510S20e00459x513S26506474x511
curva,,958,AS36d00S10051S2883aS2930aM532x524S10051481x503S36d00479x495S2930a491x477S2883a476x478
cuál,,2823,AS10110S10118S23600S23614S30300S30a00M565x549S10110506x519S10118476x519S23600526x526S23614432x528S30a00482x488S30300482x477
cuándo,,1384,M580x544S16d40531x524S29409541x485S30a00482x488S30300482x477
cuánto,,1387,M511x544S14c00488x456S22b00492x491S1771e493x524
cuídese,,2657,M522x521S20600489x504S16d40477x480S16d48504x479S37600488x498
cámara,,847,AS37400S37422S31400S16c18S19a10S20500S31400S16c18S1dc10S20500S21800M542x566S16c18467x437S19a10514x433S16c18480x534S1dc10518x526S31400483x434S31400486x531S20500501x452S20500506x544S21800509x519S37400479x480S37422491x472
cáncer,,1523,M529x525S16d10491x504S15d18471x498S21800511x511S22a00491x474S20e00492x492
cárcel,,654,M521x521S1440a479x480S14400489x490S20500511x486
cárcel,prisión,2951,AS14401S14409S20b00S26500M530x518S14409471x483S20b00517x487S26500516x501S14401486x489
cédula,revisión,1608,M524x535S15d39477x476S1f550497x483S20600500x465S2a300501x499
círculo,,956,AS36d00S10040S2e409M521x523S10040506x485S2e409481x477S36d00479x519
cólera,"enojar, enojabo",1153,AS15000S21800S33100M519x557S32a00482x482S33300482x482S15002488x530S22b00471x527
cólera,enojar,3022,AS15000S21800S33100M530x520S2ff00482x483S21600522x503S15000488x489
cómo está,,2656,M560x706S1f540508x646S1f548484x646S22b04508x675S22b14485x676S15d58474x551S15d50512x551S30a00481x482S22900494x472S2a210465x581S2a208515x582S36e00477x514S28a0a524x531S28a12447x529
cómodo,,3183,AS18111S1811aS20e00S22a05S18119S18112S20e00S22a13M542x543S18111498x458S20e00471x520S20e00519x479S22a05529x489S18112494x498S22a13459x529S1811a482x462S18119477x497
cónyuge,,1036,M546x665S22a04498x435S20800500x519S16d51494x496S16d39478x510S30004486x383S22106484x455S21000494x419S1771e498x452S22a03511x619S20800498x654S16d51492x631S16d39476x645S33010477x582S1ce10524x588S20800511x607S17610496x549
cónyuge,,2439,M547x665S22a04499x435S20800501x519S16d51495x496S16d39479x510S30004487x383S22106485x455S21000495x419S1771e499x452S22a03512x619S20800499x654S16d51493x631S16d39477x645S33010478x582S1ce10525x588S20800512x607S17610497x549
d,,107,M508x515S10110492x485
D,d,1279,M508x515S10120492x485
dado,,862,AS20331S26d03S26d03S20331S26900S14c3fM533x581S20331473x419S14c3f467x505S20331468x560S26d03490x433S26d03506x450S26900485x541
Damasco,,2212,M511x580S10120495x420S1f720490x454S18d50490x473S1f720490x502S20320495x521S16d10494x540S17610495x564
Dan,,1249,M512x540S10120496x461S1f720491x495S11950489x514
Daniel,,1981,M522x518S10110496x443S21100509x472S2ff00482x483S2b704492x475
Daniela Lagos,,2687,M537x517S33010479x482S10110521x463S2b704499x478S20e00509x479
danli,,1443,M553x523S2ff00482x482S10110515x493S2df0f533x495
danza del vientre,,851,AS36d03S14c05S14c0bS26b07S26b17S36d01S14c03S14c0dS26b01S26b11S36d03S14c0bS14c05S26b07S26b17M570x611S36d01475x476S36d03481x390S36d03483x553S14c05522x410S14c0b494x412S26b07533x398S26b17468x415S14c0b501x574S14c05526x563S26b07542x552S26b17477x583S14c03471x490S14c0d440x488S26b01494x505S26b11421x475
dar,"darlo, dar, entregar",3199,AS18507S1850fS2b700S2b710S14c31S14c39S2fb00M511x528S2b700489x472S18507492x501
dar-abajo-izq,,2663,M523x514S28803478x494S18502508x486
dar-dar-dar,,2360,M543x541S2b702501x470S2b702513x459S18507524x496S1850f476x511S2b712458x497S2b712470x486S2fd05503x522
dar-dar-dar-Dios,,2361,M549x530S18507530x483S1850f482x498S2fd05509x509S28803508x483S28803503x469S28813457x510S28813452x496
dar-der,"darlo-der, dar-der, entregar-der",3205,AS18507S1850fS2b700S2b710S14c31S14c39S2fb00M518x519S2b707493x481S18507482x492
dar-Dios,"darlo-Dios, dar-Dios, entregar-Dios",3204,AS18507S1850fS2b700S2b710S14c31S14c39S2fb00M592x553S18540544x538S1853a525x512S22b07568x509S22b17541x488S36d03479x523S32107482x482
dar-izq,"darlo-izq, dar-izq, entregar-izq",1160,AS18507S1850fS2b700S2b710S14c31S14c39S2fb00M522x516S2b702478x485S18501495x497
dar-izq,,2490,AS18507S1850fS2b700S2b710S14c31S14c39S2fb00M522x516S2b702478x485S18501495x497
dardos,,904,AS31400S1ce10S17c18S26a00S31400S1ce10S17c18S26700S2f700S22100M561x560S17c18492x429S1ce10517x428S31400483x440S26a00534x420S26700537x517S17c18492x510S1ce10517x521S31400481x525S2f700539x503S22100514x511
darme,darnos,3202,AS18507S1850fS2b700S2b710S14c31S14c39S2fb00M511x528S2b704489x504S18507492x472
David,,1694,M542x542S36d00479x538S10110515x509S2c035516x479S26900512x458S2f700530x460
de Dios,,2133,M544x553S15a30486x526S15a00532x484S22b03503x509S22b07513x521S32303482x482
de nada,de-nada,2662,M537x555S30004482x482S1f540497x531S26a00510x531S20f00499x515
de-verdad,,2194,M531x595S10e10488x517S33b00482x488S22b04488x553S2f700489x588S30124482x477S2310c505x566
de-verdad-pregunta,,2433,M521x602S33b00482x488S2f700509x595S30f00482x488S30300482x477S10e10498x530S25604499x565
de-verdad-sorpresa,,2850,AS10e10S25604S2f700S30300S33b00S30a00M518x587S33b00482x488S2f700502x580S30a00482x488S30300482x477S10e10491x515S25604492x550
necesitar,debe,2836,AS10650S23004M514x524S10650486x476S23004489x506
debemos,,2904,AS11912S20500S20500S26502S36d00S10650S23004M541x552S10650497x504S23004500x534S36d00479x449S20500516x478S11912516x458S20500482x478S26502494x461
decidir,decisión,1746,M534x548S2ff00482x483S22b04517x493S22b14469x495S1ce31507x525S1ce39468x525S14c53506x454S14c5b465x456S20500479x482S20500510x482
decidir,decisión,1747,M533x557S2ff00482x483S22b04517x493S22b14468x493S10110508x458S10118477x458S10140509x527S10148478x527S20500504x480S20500487x480
decir,,2748,AS10000S20500S20500S30004M524x542S30004482x482S10000486x512S26500510x519
decir-izq,,2749,AS10000S20500S20500S30004M522x543S30004479x483S10000483x513S26501462x505S36d01480x517S32401479x483
dedo,,347,M544x548S10108480x510S1f110492x511S21000456x511S10108475x456S21800481x452S23600505x531
dedo del pie,,355,M524x528S14c51491x487S15a59501x505S22521476x472
defender,,1625,M520x525S15a19485x500S15a11488x502S2e952480x476
degradar,,2386,M566x518S35a04482x483S1f721544x476S1f729434x479S28803518x495S2881b462x498
permitir,"dejar, dejarles",3071,AS15a40S15a48S2d200S2d211M531x528S14c40505x472S14c48473x471S2d200505x505S2d211470x505
dejar-botado,,2233,M553x512S14c02503x489S14c0a468x489S22e00536x487S22e10447x487
dejar-Dios,"desunido, unido-no",1770,M547x547S1ce11509x457S1ce1f495x470S20800494x453S2f900536x471S36d00474x542S37909515x507S37700525x482S3780a476x511S3770b490x492S22a13477x489S14c28444x490
delantal,,375,M554x593S36d00478x414S10012508x408S1001a457x408S2380b509x439S23813477x439S21100505x422S21100481x422S1ea31526x453S1ea39449x454S36d00480x514S15a0c513x531S15a04480x532S22a04512x578S22a14480x577S21100512x561S21100480x561
encargar,delegar,2021,M538x535S36d00479x531S20500514x518S16d10521x499S16d18501x500S26721486x465
deletrear,,824,AS15d28S1f710S20500S15d28S14710S20500S15d28S16d10S20500M519x554S20500490x446S1f710496x455S15d28482x455S15d28483x492S20500493x488S14710502x486S15d28483x527S20500491x523S16d10502x526
delfín,,223,M555x582S37605473x418S37605470x532S20342530x446S20342527x561S11a10517x453S11a10483x552S29c02491x429S22120496x551S26606525x547
delgado,,975,AS36d00S32c00S1920fS19203S22b00S22a14M521x605S32c00481x483S1920f487x558S19203487x529S22b00490x493S22a14490x590S36d00479x525
delgado,,3068,AS15a40S15a48S26502S26516S32c00S34e00M535x549S15a40503x522S15a48485x522S26502520x533S26516463x533S32c00482x482S34e00482x482
delgado,,3234,AS19220S22b04S32c00S34e00M524x582S32c00482x483S34e00482x483S19200502x524S22b04508x552
delicioso,,2623,M549x584S34700482x482S1c500519x491S20610486x506S1ce20496x554S26a00519x569
demonio,demonios,1709,M544x522S36d00479x518S10110520x491S10118464x491S2d50f524x478S2d517463x479
demostrar,"demuestra, probar",2785,AS10011S22a03S20b00S14c31S14c39S31410M533x573S31410482x482S10011512x495S14c39451x546S14c31470x528S20b00459x559S22a03505x522
dentista,,741,AS36100S10100S20500S26d00S15a40S15a48S22b04S22b14M553x608S10100507x489S36100482x483S20500501x515S26d00526x497S15a40514x542S15a48485x541S22b04514x578S22b14483x578
dentro,,995,AS18148S17740S28f02S17742S22a04M540x539S18148461x500S17740520x501S17742475x501S22a04476x524S28f02481x461
dentro-persona,,1792,M533x524S17648491x508S17742495x485S21000513x487S22a04516x504S36d00479x475S20500481x502
departamento,,1204,AS1ce28S1ce20S2d606S2d61eS2fb00S1ce08S1ce00S20500M545x541S2d606523x486S2d61e455x487S10120502x499S10128482x498S10108482x460S10100502x459S20500495x530S20500494x465
depender,,1974,M535x521S15a51498x478S15a59480x481S22e04518x501S22e14465x503
deporte,,890,AS1ea48S1ea40S2890fS20e00S1ea10S34000S36d00S37602S3760aS20310S20318S22f00S22f10M553x544S1ea48464x435S1ea40509x430S2890f468x410S20e00493x434S1ea10461x388S36d00479x518S37602458x505S3760a520x502S20310533x490S20318451x489S22f00528x476S22f10445x475S34000484x482
desanimado,"despresión, deprimido, desánimo",2012,M531x616S14c04508x537S14c0c465x537S22b04511x585S22b14471x586S36d00479x528S21100472x571S21100512x570S30f00482x488S30104482x477
derecha,,2019,M517x518S10120484x483S26a06503x491
derecho,,3072,AS15a41S15a36S21100S2d300M541x520S15a37506x483S2d300460x480S10151513x494S20e00479x508
derramar,,1679,M525x523S28922475x478S16d48503x503S16d40507x480
derrumbar,,1778,M530x540S14e11502x479S14e19470x480S22e04513x512S22e14471x512S21000490x460S2fb04493x534
des-unido-Dios,,2030,M547x595S1ce11509x505S1d01f465x529S2f900536x515S36d00474x590S37909515x555S37700525x530S37b00474x575S37709474x552S22a13483x443S1ce11507x409S1ce1f493x422S20800492x405S2f900532x424S36d00472x494S37909513x459S37700523x434S3780a474x463S3770b488x444
des-unir,,2506,M552x521S1ce10522x480S1ce18500x481S20800519x511S2f900541x502S26502476x494S14c28447x478
desacuerdo,pelear,2758,AS10002S1000aS23004S23014S2f700S2f710S30c00M540x577S10002507x528S1000a466x528S23004515x549S23014462x549S2f710470x570S30c00482x483S2f700521x570S36110493x504
deshacerse,desaparecer,3222,AS1853dS18535S26506S26512S1f738S1f730S2fb04M575x516S1f730555x486S1f738424x487S1853d504x484S26506534x485S26512450x486S18535472x484S2fb04494x510
desarmador,,568,M564x548S1ea3f436x452S1e141482x468S2a30f506x493S2a30f532x519
desarrollar,,2,M517x529S15d18483x497S14720503x507S21100504x489S22a00503x471
desayuno,,1498,M526x529S10100510x499S30004482x483
desbordado,,3381,AS20322S22c00S2b804S22520S14c01S31300M539x549S20322514x534S2b804484x475S22c00515x489S31300482x483S14c01512x466S22520507x454
descansar,,2054,M540x531S36d00479x468S10101464x468S10109517x468S37903479x492S3790b480x492S20500530x491S20500459x493
descargar,,1260,M550x547S14401495x453S1442f450x483S23503517x483S23513473x513
desde,,2781,AS10011S10019S2b700S2b711S36d00M557x535S36d00479x502S10011536x497S10019510x505S2b711518x475S2b700531x464
desierto,,2713,M544x532S1dc50499x439S1dc58471x439S2d806494x402S2d81e459x401S34800482x482S10602518x507S28906491x517S20e00476x513
desnudo,,369,M530x563S17610513x437S17618476x437S22b04514x459S22b14477x460S17620505x526S17620481x526S26606491x499S26612480x506S37600488x540
desnudo,,2119,M555x567S1c500507x445S1c508461x445S36d00479x433S22b04520x494S22b14464x492S17610502x550S17618482x550S21100521x475S21100465x475S26612447x551S26606525x550
desobedecer,rebelar,1063,M518x539S30502482x479S20310460x497S20318431x503S2df00456x512S2df10427x518S33300482x486
desobedecer,rebelar,1731,M573x542S30500482x479S20310554x497S20318525x503S2df08552x516S2df18523x521S33300482x486
esparcir,desparramada,3221,AS18527S14c5fS20500S2d617S22530S2d60fS22530S2fb00S14c57M580x546S14c57539x476S14c5f432x473S18527503x519S1852f477x519S20500494x504S2fb00492x492S2d60f513x492S2d617461x490S22530538x454S22530419x456
despedir,,2583,M540x519S20348494x504S15d30521x480S26502477x494S20e00494x490S2f700460x498
Despertad,,2532,M566x605S2f710459x529S1ee10540x546S22100460x539S2f700538x527S31400487x570S22100538x537S1ee18444x548S22f00491x436S20e00496x455S15d08476x463S1f010497x472S20a00492x495S22a07530x575S22a11465x575S30a00477x395
despertar,,1844,M541x554S1f418459x457S2f710475x493S1ee10513x512S22100476x503S2f700511x493S1f410512x457S31600482x446S31400482x519S22100511x503S1ee18460x512
odiar,despreciar,1691,M574x543S33300482x482S18510503x504S18518420x528S22a07534x489S22a17433x510S14c27548x462S14c09445x482
odiar-der,despreciar-der,2518,M583x533S33300482x482S18510503x504S18518415x517S26506533x504S26516438x518S14c26552x499S14c0a458x510
odiar-gente,despreciar-gente,2517,M528x579S33300482x482S18510503x504S18518449x517S22a03501x520S22a13440x536S14c03472x537S14c2d413x553
odiar-izq,despreciar-izq,2524,M528x543S33300482x482S18510503x504S18518436x499S26502489x519S26512415x501S14c02455x520S14c2e382x501
odiarme,despreciarme,2255,M532x580S33300482x482S18510507x508S18518444x533S14c07488x541S14c09422x553S2770c492x516S2771c419x522
despues,después,1626,M533x515S15d18468x487S1dc20488x485S26900517x497
transcurso,después,3094,AS15d02S15d0aS2b700S2b711S2b700S2b711S2fd04M540x533S15d02509x499S2b700506x467S2b700521x467S2b711479x467S2b711461x466S2fd04502x527S15d0a485x492
destar,,2721,M564x515S1ce20500x484S1ce28477x485S26606519x498S26612450x499S2f700436x503S2f710552x502
destruir,,3008,AS14c50S14c38S20e00S26703S1f751S20e00S26707S1f738S2f700M532x558S14c38475x467S14c50508x442S20e00500x468S26703468x479S1f751470x537S1f738498x513S26707499x501S20e00487x531
destruir,,3009,AS14c50S14c38S20e00S26703S1f751S20e00S26707S1f738S2f700M532x558S14c38475x467S14c38497x499S14c50508x442S20e00500x468S26703468x479S1f751470x537S26707499x501S20e00487x531
desunir,desunido,2515,M560x520S1ce10502x483S1ce1f478x490S20800494x480S2f900497x515S26506523x498S26512463x500S14c10537x484S14c18440x486
Dios-dejar,"desunido, unido-no",2584,M570x561S1ce11509x471S1ce1f495x484S20800494x467S2f900536x485S36d00474x556S37909515x521S37700525x496S3780a476x525S3770b490x506S22a07534x469S14c20547x439
desviar,,1846,M532x544S15d40513x517S15d38505x456S21100512x497S2760e492x464S2f700469x472
detrás,,993,M530x527S16d40479x473S16d48480x495S20500471x489S2d60a507x498S20500480x516
Deut,,1221,M515x558S10120497x443S14a20497x477S11520497x496S1d220486x530
Satanás,diablo,1708,M535x517S2ff00482x482S1a021505x471
diamante,,965,M528x545S10011507x465S10019472x466S20500496x456S23d03501x494S23d1b472x494S20500495x534
diarrea,,1529,M552x544S20300515x486S15802505x504S37604483x455S22b04534x514S21000532x499S22132496x506
dibujar-orilla,,2740,M545x535S10b13524x470S10b1b455x467S28f1e469x498S2f900520x465
dibujar-orilla-estatico-caminar,,2741,M541x532S11413513x468S28f0e459x495S22521517x497
dibujo,,1074,M515x535S15d09486x479S10120497x465S29904501x503
dibujo o pintura,,845,M533x523S15d18467x477S11911489x481S20e00480x507S2360c494x506
diciembre,,1412,M518x525S10110502x495S15d08482x491S2b700493x474
diente,,332,M545x548S36100482x483S10a00503x522S20c10502x503
diferente,,2807,AS10021S10029S10021S10029S10021S10029S26506S26506S26506S26512S26512S26512S2d628S2fb00S2fb00S2fb00M554x511S10021492x490S10029477x490S26612445x492S26606524x493
diferentes,,2806,AS10021S10029S10021S10029S10021S10029S26506S26506S26506S26512S26512S26512S2d628S2fb00S2fb00S2fb00M619x538S10021428x516S10021488x463S10021557x517S10029413x516S10029473x463S10029542x517S26612381x518S26612441x465S26612510x519S28b2a474x495S26606460x519S26606520x466S26606589x520
difícil,,1866,M529x545S30004482x482S10610490x519S20600507x515
digno,"oficial, formal",1881,M516x533S1ce02485x467S22b04500x489S2f700502x526
inundacion,diluvio,1572,M570x525S15050514x494S15058462x493S26c00542x504S26c10432x503S26606540x475S26616461x476S26612431x476S26602510x475
diluvio,,2175,M541x564S15050508x436S15058468x436S23514459x473S14c51513x538S14c59473x537S29900513x503S29910478x505S23504504x472
inundación,diluvio,2224,M549x539S15050523x508S15058471x507S2c200497x461S2c210451x466
Dina,,2393,M544x515S10120456x485S19220476x496S11950499x489S1f720524x500
Dina,,2696,M537x523S31410482x483S16d10520x482S20602502x496S22a04523x508
Dina Aguilar,,2694,M536x525S31410482x483S10110520x475S20602502x496S22a04523x510
Dinamarca,,1143,M535x517S10120465x483S22c06493x490S22b04500x487
Dinamarca,,1198,M514x614S10120493x387S19220493x421S11950486x444S1f720488x474S18d50488x493S1f720488x522S11a20493x541S16d10492x575S1f720488x599
dinero,,3217,AS1851cS15a16S20600M526x515S15a16494x503S1851c501x486S20600475x489
dinosaurio,,238,AS36100S15050S15058S23100S23118S23100S2fd04S34c00S15038S15050S20500S22b00S22b04S20500S20a11M602x632S34c00484x531S15050514x464S15058467x467S15050488x577S15038470x601S20a11460x570S2fd04495x504S20500540x600S20500518x599S23100549x474S23100576x473S23118438x471S36100480x434S22b00516x566S22b04533x568
dios,,2195,M566x529S10110491x498S20500477x518S22c07510x470S36d00479x506S15a40553x470S22a04553x505
Dios,,1674,M540x553S10110524x482S20500484x542S22c07491x511S36d00479x528S32107480x482
Dios-dar,"Dios-darlo, Dios-dar, Dios-entregar",3203,AS18507S1850fS2b700S2b710S14c31S14c39S2fb00M521x564S18532462x516S18548417x524S22b03432x530S22b13401x540S36d01479x534S32103479x483
Dios-des-unido,,2316,M547x597S1ce1f460x534S1d011504x509S2f900469x531S36d00474x592S37909515x557S37700525x532S37b00474x577S37709474x554S22a07534x404S1ce11507x411S1ce1f493x424S20800492x407S2f900489x444S36d00472x496S37909513x461S37700523x436S3780a474x465S3770b488x446
odiar,Dios-despreciado,2086,M558x573S33300482x483S18510503x505S18518449x518S23f0a501x521S23f1a440x537S14c02527x538S14c0a474x550
Dios-mirarnos,,2035,M518x521S32103482x486S3080c482x479
dioses,,2825,AS10150S10158S23500S23510S26626S2fd04S35f00S30a00M565x577S10150508x522S10158483x523S26626491x561S35f00482x483S30a00482x483S23500528x536S23510443x536S2fd04493x555
directo,,1990,M518x517S14710492x474S2ff00482x482S26500493x457S2f700493x447
directo-abajo-izq,,2084,M523x534S14700490x470S22a03461x497S2f700444x505S32103478x482S36d01481x523S2ff03478x482
guiar,"guiarlo, dirigir",3075,AS15a49S17d41S20800S22b27M531x533S17d41483x489S20800495x514S15a49468x510S26627509x468
dirrección,,2676,M525x535S2fb00491x479S20e00493x489S36d00479x466S22a00510x486S22a10475x485S10110509x505S10118479x505
discapacitado,,1537,M509x536S10110492x463S16d10492x516S22a04493x497
disciplinar,,1910,M552x516S2031a511x501S37706487x506S10041531x484S20c00503x485
discurso,,1914,M573x518S2ff00482x483S15a10532x468S26b00546x479
discutir,,2815,AS10041S15d39S20500S20500S20500M524x542S15d39494x499S10041503x512S20500497x480S20500487x490S20500476x501S27120482x458
discípulos,,2824,AS10110S10128S2db0cS26511M518x588S10128441x531S26511425x532S2cf02465x552S10110495x558S32104482x482
disfrutar,,3040,AS15a01S15a0aS21100S21100S30a00S33f00M526x592S21100492x578S21100494x542S30a00482x483S33f00482x483S10101508x524S1010a475x563
disminuir,menguar,3133,AS15d51S15d39S22b04S2a531S2f900M527x539S15d39484x516S22b04487x486S15d51485x461S2f900472x509S2a531502x480
dividir,,2186,M533x512S14719481x492S14711497x488S26505520x492S26513468x494
divorcio,,2369,M555x528S10118484x471S10110499x471S2df08500x506S2df10478x507S26606525x487S26612446x488
doctor,,742,AS37900S20338S10151S20600S15d40S15d48S22b14S22b04M531x566S20338492x434S37900499x447S10151477x447S20600509x450S15d40510x502S15d48473x502S22b14479x536S22b04509x535
doctor,,1540,M533x530S20316516x515S10150508x470S37604484x484S20600511x502
dolor,,1524,M558x516S1005a467x487S10032504x500S2f000537x496S2f010442x484
dolor,,437,AS38406S38402S14c10S14c18S22520S22520S30154S30f00M547x523S14c10516x487S14c18459x486S22520515x474S22520456x473S30f00482x488S30154495x476
dolor de cabeza,,1569,M570x518S1005a453x474S10032516x487S2f000549x483S2f010428x471S30f00482x483
domingo,,1396,M515x532S10110492x467S2e404486x499
dominos,,863,AS14750S1475aS26602S20e00S14752S1475aS26602S20500M540x542S14750482x470S1475a462x473S26602501x471S20500478x516S20e00475x458S14752485x527S1475a460x527S26602510x526
dominó chino,,856,AS1ef10S1ef18S26506S26506S26506S1ef20S26604M567x525S1ef10467x476S1ef18434x475S1ef20535x475S26604551x495S26506481x497S26506501x497S26506521x496
donut,,536,M545x541S34800483x459S1ed02526x461S26504529x482S34e00481x506S36140492x520
dormir,,1973,M534x527S30201482x477S15d17511x504S31600482x487
dormitorio,,667,M555x539S15a11472x507S15a1f463x516S15a42494x378S15a48482x384S15a40522x386S15a4a495x411S30500482x479S31f30488x496S27604526x380S27610464x394
dos-mil,,1897,M548x515S15a18451x486S15a12476x495S20500465x494S20500465x494S26502510x493S10e20533x485
dragón,,255,AS36100S14410S20e00S2b705S34900S20320S20500S26600S14c50S26604M542x569S14410494x414S20e00519x420S2b705523x436S34900479x518S20320498x554S20500487x552S14c50516x488S26600516x523S26604526x524S36100485x447
drama,,2253,M526x537S36d00479x464S1f510502x472S1f518477x476S20e00506x489S20e00477x493S22f04501x506S22a14476x510S2fd04487x531
droga,,2301,M531x517S30007482x482S20500521x490S10110512x459
triste,duele,3256,AS1c512S2c300S20500S36d00M534x525S36d00479x505S1c512475x482S2c300508x475S20500486x514
dueño,dueños,1819,M538x561S36d00479x526S15002507x536S20600484x545S30a00480x483
dulce,,537,AS30006S20500S10611S2f000S30a00S36902S36912S36912M551x523S30006482x478S10611513x495S36902480x478S36912479x515S36912511x516S20500517x484S2f000530x486S30a00481x478
dulces,,466,AS31b00S33b00S33c00S33c00S30004S12d00S22134S20f10M555x576S31b00481x427S12d00490x448S33b00481x426S22134518x454S33c00483x495S33c00483x541S30004481x425S20f10515x465
Duplessis,,1131,M518x616S10120497x385S11520497x419S14050483x453S1dc20489x487S14a20497x521S20320497x540S20320497x559S19220497x578S20320497x601
duro,,1848,M521x520S15d18480x493S20310501x500S26902503x484S20b00489x479
dátiles,,476,M533x548S18519468x463S17d11488x453S22104515x458S20e00505x479S26507520x468S1553e482x533S22104488x520
débil,,3018,AS14e52S15a39S20500S21800S22f04M533x523S15a39468x500S14e52474x489S21800476x476S20500466x495S22f04508x489
día,,1004,AS36d00S17718S17718S22100S22100S28b22S17710S17710S22104S22104M561x535S36d00479x531S17710458x498S17710445x514S28b22477x465S17718519x499S17718529x513S22100540x491S22100549x508S22104453x488S22104441x507
día,,1390,M543x540S37605465x496S2031a519x525S10110527x461S37800534x491S28b03485x480S20500486x517
dónde,,2803,AS10020S27106S30300S30c00M549x565S27106534x525S30c00482x488S30300482x477S10120511x526
e,,108,M508x509S16610492x491
E,e,1280,M508x507S14a20493x492
tirarlos,echar,1710,M588x555S22c03539x458S22c13441x498S14c51507x494S14c5f411x528S20348474x482S20340573x445S2f700535x495S2f700439x533S2fd00504x459
echar llave,,1714,M522x527S1ea50478x472S2a208482x499S2f700510x515
trabajar-duro,echar-pilas,2454,M604x582S2ff00482x482S10012504x487S23905535x507S20e00520x505S13f41553x523S2a501579x538S2f700584x519S20c11522x547
echarlos-fuera,,1028,M530x527S1ea40484x474S22b03486x503S22b05489x503S2f700518x520S2f710470x520
latigar,echarlos-fuera,2436,M530x527S1ea40484x474S22b03486x503S22b05489x503S2f700518x520S2f710470x520
echarse,,2891,AS11051S11059S2fd00S11051S11059M571x523S11051503x489S11051542x498S11059459x494S11059428x492S2fd00480x478
echarse-por-atrás,,2387,M531x546S10b50494x455S10b58469x462S2bb05505x488S2bb15475x498S2fd04501x540
echarse-por-atrás,,2421,M531x546S10b50494x455S10b58469x462S2bb05505x488S2bb15475x498S2fd04501x540
Ecl,,2057,M512x537S14a20496x464S16d20495x483S1dc20488x507
edificio,,650,M533x584S15a18472x452S15a10510x453S22b00470x417S22b00508x417S15a18468x533S15a58492x557S2d200507x543
Edom,,1193,M511x549S14a20495x451S10120495x470S17610495x504S18d50490x524
Edén,,1944,M511x549S14a20495x451S10120495x470S14a20495x504S11920489x523
efectivo,,722,M548x544S1ec18475x456S1ec10504x456S26502453x461S26506532x461S15a12504x532S15a19485x518S26502517x515S26502513x506S21100535x515
Efesios,,2042,M511x534S14a20490x466S1ce20489x485S14a20490x519
Efraín,,2211,M514x578S14a20493x423S1ce20492x442S11a20493x476S1f720488x510S19220493x529S11950486x552
Egipto,,1837,M557x592S36d00479x523S15d50527x477S15d3c448x547S26a00530x458S26a14441x578S32400481x483
ejemplo,,2965,AS14a20S15d18M519x521S15d18481x494S26a20492x479S14a20501x504
ejercicio,,2616,M543x520S36d00479x516S14a20514x498S14a28471x498S23400506x480S23410461x480
ejército,,3050,AS15a11S26600S2f700S32a00S14420S14428S33c00S2ca00S2ca10M554x585S32a00484x453S15a11516x451S26600510x419S2f700512x406S14420511x552S14428465x554S33c00479x513S2ca00525x539S2ca10443x528
ejército,,3333,AS1f702S1f70aS20c00S20c00S36d00M537x567S36d00479x433S1f702506x445S1f70a506x468S20c00475x451S20c00475x472S14420515x535S14428490x536S2ca00500x501S2ca10473x506
El Paraíso,,1419,M549x537S14a10521x463S20300502x466S3760a489x481S22b04516x484S14010520x507
El Progreso,,1426,M545x540S20312516x525S14012508x495S37604483x495S2e90e505x459S22a04519x476
el- recibe,,3223,AS18541S18549S26504S26514S22105S22103S20500S20500M555x538S20500523x527S18541528x505S18549481x505S26505521x487S26515472x488S20500502x527S14c51494x462S14c5f445x462
el-otro,,2790,AS10012S2b700M527x514S10012497x499S2b700472x487
electricidad,,3399,AS2ff00S10612S1061aS20600S2ff00S14c12S14c1aS22520S22520S26506S26512M527x515S10612501x500S1061a472x500S20600487x485
electricista,,735,M536x566S11012501x443S1101a469x445S20c00480x431S2ff00482x483S17610519x482S17618464x482S22b04520x502S22b14464x503S15a40524x539S15a48468x537
elefante,,135,M540x608S33200482x440S17610493x467S2c701511x461S33000476x524S17010518x530S17018465x530S20500512x517S20500478x518S2e000519x554S2e000519x579S2e018461x554S2e018461x579
Eliaquim,,2270,M518x598S14a20497x402S1dc20489x421S19220497x455S1f720492x478S1f050483x497S11520497x516S19220497x550S18d50492x573
Elihu,,1241,M518x563S14a20497x438S1dc20489x457S19220497x491S11502482x514S11520497x533
él-mismo,"ti-mismo, ella-misma",1833,M521x516S1f548506x483S26501486x487S10018478x486
ellos,ellas,2516,M522x519S10051477x482S2ef00504x499
ellos-der,ellas-der,1828,M517x525S10057496x476S2ef01482x505
ellos-der,ellas-der,2331,M519x529S10057480x499S2d900481x472
ellos-dos,ellas-dos,1773,M521x523S10e31478x478S26c07501x505
ellos-fren,ellas-fren,1181,M551x521S10051521x500S2d900482x478S36d00479x517
ellos-izq,ellas-izq,1726,M522x519S10051477x482S2ef00504x499
ellos-izq,ellas-izq,2716,M526x522S10051496x501S2d900474x478
ellos-tres,ellas-tres,2525,M512x532S26c06493x505S11e30489x467
ellos-cuatro,,2590,M522x523S26c07502x505S14431478x478
ellos-dos,,2001,M522x524S10e37492x477S26c01479x504
ellos-dos,,2041,M508x530S10e00492x469S26c06493x503
ellos-mismos,,2023,M525x534S23404488x520S10018487x477S28822474x467S1f540504x491
ellos-tres,,2460,M522x523S26c07502x505S11e31478x478
elote,,1483,M559x541S36200482x482S15710515x515S15718466x514S2d200533x518S2d211440x518
elote,,2789,AS10012S20500S2d405S2ff00M565x524S10012507x509S36200482x482S2d200539x501
Elías,,1218,M515x555S14a20494x445S1dc20486x464S19220494x498S1f720489x521S20320494x540
embajada,,2103,M522x520S15a18478x485S14a20491x481S14720491x498S22a04509x492
embajada,,3097,AS15d02S2031aS27200S15d39S20341S20b00S20b00S22f04M561x573S15d02493x429S27200521x427S2031a510x479S37800517x447S37806481x484S15d39487x550S20341495x527S20b00490x555S20b00499x548S22f04515x535
embajador,,2104,M524x554S15a18480x451S14a20493x447S14720493x464S22a04511x458S15a40507x490S15a48477x490S22b04505x523S22b14475x524
embarazada,,443,M526x517S20358477x502S18112474x489S2b730506x483
embarazar,,1958,M529x522S18141505x500S18149471x500S26500504x478S26510480x478
embolsar,,3160,AS1770bS21100S22a04S36d10S3860dM562x535S36d10479x464S21100540x499S22a04541x520S1770b542x478S3860d504x489
emocionado,"emocionada, emocion, emociones, emoción",2962,AS14a01S14a09S20e00S20e00S2eb00S2eb44S2fb04M528x609S2eb44468x566S2eb00513x566S14a01507x521S14a09470x520S20e00511x548S20e00473x548S2fb04490x603S34000482x482
emparedado,,465,M541x554S15d37484x380S15d51505x366S15d37503x427S15d31492x444S15d57487x531S17d51496x514S20a03520x508S34700482x483S26524470x507S26503502x400S21100519x389S26517525x450S21100512x464
empeorar,,2170,M520x515S15a18481x488S15a04494x485S25504507x491
empezar,,1777,M526x527S14c49474x500S10012489x503S2c300500x473S21300475x480
en,,989,M524x525S16d10507x500S16d18477x505S28902487x476S20500480x494
en frente de,,994,AS16d40S16d48S20500S2d606S20500M528x527S16d40480x507S16d48480x485S20500473x502S20500481x474S2d606506x480
en la mañana,,1366,M548x539S17710526x524S17718457x524S14c20525x463S14c28453x462S28910470x496S28908516x497
enamorar,,2396,M525x527S10018475x497S14c41475x487S27206506x485S20e00501x474
encargarme,,2130,M538x535S36d00479x531S20500514x518S16d10521x499S16d18501x500S26725486x465
enciclopedia,,1122,M523x509S1ed10476x490S26500509x491
sobre,encima,3056,AS15a12S15a1aS22a04M520x522S15a12493x497S15a1a480x510S22a04499x478
encontrar,,1987,M517x522S10010500x492S10018483x492S22a02502x478S22a16482x478
encontrar,,3015,AS14c51S22e00S1ce20M515x545S14c51484x519S1ce20493x454S22e00493x491
encontrarse-más-más,,1078,M573x515S10010501x484S10018484x484S26502540x501S26502558x501S26502521x501S26516464x501S26516427x501S26516446x501
enemigo,,2792,AS10013S10019S20500S26507S26513S2f900S2f900S2fb01M548x553S10013500x473S10019472x499S20500499x501S2fb01484x482S26507532x457S26513454x529S2f900537x447S2f900452x548
poder,"fuerte, energía",1159,AS18158S20337S2880bS20500S37703S3770bM545x529S20319504x470S3770b489x485S37703489x507S14a10511x507S2b700526x489
energía,,2473,AS18158S20337S2880bS20500S37703S3770bM545x529S20319504x470S3770b489x485S37703489x507S14a10511x507S2b700526x489
poder,"fuerte, energía, fuerza",3186,AS18158S20337S2880bS20500S37703S3770bM550x530S18111526x495S20319504x471S3770b489x486S37703489x508S26502518x502S2f700519x515
enero,,1398,M518x524S14a10503x509S15d08482x490S2b700493x476
enfajar,,1706,M529x541S16d48426x498S1ea40440x520S1ea41501x489S1ea49471x490S26500443x502S26502505x510S26516482x511S36d12479x458
enfajar,,3288,AS1ea41S1ea49S26502S26516S36d12M529x533S1ea41501x497S1ea49471x498S26502505x518S26516482x519S36d12479x466
enfermera,,743,AS30000S14720S20500S11500S20e00S22a04S30000S14720S20500S11912S20e00S26506S2ff00S17610S17618S22b14S22b04M576x589S30000484x431S14720497x424S11500520x419S22a04521x464S20e00521x450S11912519x486S30000481x491S14720494x481S20e00546x488S26506561x489S17610516x537S17618464x536S2ff00480x534S22b14465x559S22b04515x558S20500486x424S20500481x484
enfermera,,1538,M531x523S14a20512x485S20336516x508S37604483x477S20600493x499
enfermo,,438,AS30006S14b02S20500S22a01S31200S15a22M535x524S30006482x483S14b02520x501S20500520x488S15a22484x469S31200482x483S22a01514x474
enfermo,,1522,M540x522S30a00482x483S16f11514x505S20601521x486
enfocar-abajo-izq,enfocado,1877,M518x558S32103482x483S15a00464x503S22b03446x534S22b13417x534S15a28444x512
enfocar,enfocado,3045,AS15a10S15a18S26601S26611S32401M529x518S32401482x483S15a10517x479S26601503x456S26611456x456S15a18470x479
enfocar,enfocado,3046,AS15a10S15a18S26607S26617S32407M545x518S32407482x483S15a10517x479S26607523x456S26617476x456S15a18470x479
enfocar-Dios,,2082,M579x518S32107482x483S15a20548x472S22b07555x450S22b17528x445S15a08518x469
frente-a-frente,enfrentar,2760,AS10002S1000aS2ed00S2ed18M565x513S10002514x497S1000a460x498S2ed00548x487S2ed18435x489
engañar,,1771,M536x515S10028464x485S26900520x491S20b00479x487S1ea20494x489
engañar,,2857,AS10e21S10e02S30007S30007M545x543S30007482x457S30007482x508S10e21515x460S10e02513x505
engañarlos,,1772,M595x541S2d520489x502S10028449x459S10028405x511S10028526x504S1ea20434x513S1ea20554x505S26900503x459S26900459x511S26900579x503S20b00464x461S20b00420x513S20b00540x505S1ea20478x462
enojado,,804,M518x550S30c00482x483S34a00482x483S16601468x526S22a07487x517
enojado,,2434,AS15000S21800S33100M519x557S32a00482x482S33300482x482S15002488x530S22b00471x527
enrolla carrete,,2337,M527x524S20318474x499S2ec30510x476S20358495x509
enrollar,,1256,M535x531S16d50513x486S16d58470x486S23004510x513S23014465x513S22900517x469S22900473x469
ensalada,,1491,M548x516S15746470x496S1574e505x495S2e800533x483S2e840452x484S22624469x486S22624504x486
enseñame,,3209,AS18510S18518S22114S22114S26a04S26a14S2fb00S2ff00M547x517S2ff00482x482S18510522x492S18518453x491S2fb00495x467S26a04520x465S26a14453x465S22114521x484S22114454x482
enseñar,,3211,AS18510S18518S26a00S26a10S2fb00S14c48S14c40S22a04S22a14S2fb04S2ff00M561x517S31a00482x482S18510522x492S18518453x491S2fb00495x467S26f00521x470S26f10446x470
enseñarlos,"enseñarles, enseñar-izq",3213,AS18510S18518S26a01S26a11S2fb00S2ff00M547x517S2ff00482x482S18510522x492S18518453x491S2fb00495x467S26a01516x466S26a11455x465
enseñarte,,3212,AS18510S18518S26a00S26a10S2fb00S14c48S14c40S22a04S22a14S2fb04S2ff00M547x525S2ff00482x483S18510522x493S18518453x492S22f03518x504S22f13435x499S32103482x483
entender,,2753,AS10000S21d00S30120M546x523S10000523x472S21d00528x462S30120482x477
sepultado,enterado,1972,M518x524S15d48482x486S11550503x476S22a04505x509
entonces,,1382,M523x522S1dc0a477x498S14a20508x492S20500478x483S22a05490x478
entonces,,1859,M521x521S1dc0a479x497S14a20481x480S20500511x501S22a01499x486
entrar,,3080,AS15a51S15a1aS2c700M527x520S15a1a494x480S15a51504x497S2c700472x483
entre,,996,AS36d00S16d16S16d1eS20500S22b06S22b12S36d00S16d1eS10051S26501M551x565S16d16498x450S16d1e477x449S20500494x435S22b06521x452S22b12445x453S36d00479x479S36d00479x551S16d1e449x531S10051521x544S26501498x526
entre,,998,M549x551S14410500x459S14418484x475S22520517x449S22520452x476S27102529x469S27116491x511
envejecer,,3356,AS20300S29904S2ff00M525x569S2ff00474x483S20300485x519S29904487x537S37706500x526
enviar,,3325,AS1f551S15a39S20e00S26607M527x532S15a39473x501S26607505x468S20e00494x490S1f551492x510
enviarlo,,1951,M520x519S10004479x481S26907492x500S2f700508x487
equilibro,,1073,M571x514S18018464x486S18010506x486S23110429x486S23100545x486S2fd04489x508
error,,3238,AS19a00S20500S20500S30004M518x561S30004482x482S19a00486x515S2df00488x540
ese-der,"eso-der, esa-der",3244,AS19a20S26601M519x517S19a28481x497S26907500x482
ese-izq,"eso-izq, esa-izq",3243,AS19a20S26601M519x519S19a20491x499S26901480x482
ese-tu,"eso-tu, esa-tu",3245,AS19a20S26601M524x511S19a20476x489S26900508x493
escalador,,664,M564x530S11819517x475S11811456x471S3790b485x491S37903476x491S22c07531x481S22c11440x481
escalera,,570,M530x568S15a40494x432S15a48481x432S26906497x463S26912473x463S15a1b471x545S10e12500x550S22a01487x535S22522506x516
escaleras,,661,M540x534S15a1b509x511S10f13512x467S22527495x486S37803485x487S22a01484x466
escapar,,2800,AS10020S14c1aS21000S26506M538x518S14c1a462x482S10020489x488S26506523x483S21000500x483
esclavo,,780,AS36d00S20310S21600S26602S36d00S3781aS14c51S21100S26c07S37600S20339S2035fS2ea20M567x589S20310552x422S26602512x426S21600556x411S3781a471x494S36d00488x413S14c51480x493S21100457x505S26c07459x482S36d00473x526S37600477x566S20339495x551S2035f462x552S2ea20524x556
esclavo,,3365,AS20303S2030bM525x542S2035f473x503S20357504x502S37600488x519S27126489x458
escoba,,584,AS20340S20348S2ee0cS2880eS2880eS2ee1cS2891eS2891eM547x561S20340497x440S20348472x499S2880e498x461S2891e454x528S2ee0c526x440S2ee1c494x507S2891e453x546S2880e494x473
escoger,,3271,AS1d120S26504S1d420M516x536S1d152488x507S1d452485x463S22a00502x491
escoger3,,2167,M536x602S1d120507x399S1d420507x451S26504517x434S1d120507x515S1d420507x567S26504517x550S1d128464x444S1d428464x496S26514474x479S2fd04480x596
escorpión,,219,M530x551S15058503x500S10a2d492x530S26600507x449S26900471x528S22130498x491S22130497x482
escotado,,2840,AS10c01S10c09S21100S22a15S21100S22a03S36d12M550x523S36d12479x491S10c01529x477S22a03505x490S22a15482x490S21100516x480S21100469x481S10c09446x478
escribir,,3292,AS1eb20S15d39S20e00S26a07M527x522S15d39473x483S1eb20486x503S20e00498x492S26a07506x477
escritor,,3291,AS1eb20S15d39S20e00S22b14S26a07S22b04S15a40S15a48M540x564S15d39461x442S1eb50474x462S20e00486x451S26a07494x436S15a40526x502S15a48486x504S22b04524x533S22b14484x534
escritorio,,677,M543x570S15a10512x441S15a18477x440S15a12485x431S15a1a489x470S27610458x451S27604514x434S15114505x538S1511c468x537S22520464x556S22520506x557
escritura china,,831,AS10619S10611S20500S21810S21810M537x519S10619494x491S10611485x491S21810509x483S21810464x482S20500496x488
escuchar,,2925,AS12240S12248S21800S21800S31400M542x518S31400482x483S12240520x488S12248458x490S21800522x476S21800462x479
escuchar,,2926,AS12240S12248S21800S21800S31400M535x539S32103475x483S12240513x488S12248451x490S21800515x476S21800455x479S36d01483x528
escuchar-arriba,,2928,AS12240S12248S21800S21800S31400M542x518S32100482x483S12240520x488S12248458x490S21800522x476S21800462x479
escuchar-der,,2927,AS12240S12248S21800S21800S31400M550x535S31400478x483S12257516x490S12259454x474S21803535x479S21803478x464S36d03480x524
escudo,,2841,AS10c01S2031aS2e405S37605M544x531S2031a529x492S2e405491x484S37605472x469S10c01517x504
escudriñarse,escudriñarnos,2888,AS11000S11008S21800S22b14S21800S22b04M525x536S21800476x463S11000508x475S22b04509x506S22b14476x506S21800504x463S11008476x475
escuela,,815,AS33b00S14a00S2f000M557x534S33b00482x483S2f000536x514S14a00520x508
escuela,,2259,AS33b00S14a00S2f000M557x534S33b00482x483S2f000536x514S14a00520x508
escultura,,844,AS30006S20300S26b04S20600S30006S1ea10S2ee0dS2ff00S15d01S22b04S30004S1721eS20800M560x605S20300517x421S30006480x411S20600500x415S26b04533x417S30006482x461S1ea10499x475S2ee0d523x467S15d01500x503S22b04515x526S2ff00484x509S30004483x553S1721e492x588S20800512x581
esfera,,962,M550x550S15018476x491S15010504x494S2ff00482x483S26d00498x531S26d10461x530S26d00523x531S26d10435x530
esfera,,2227,M517x516S16d10500x496S16d18482x496S20500495x485
esfigmomanómetro,,445,M530x581S18103489x420S37605470x422S2e500456x435S37605473x472S1e802492x478S21810485x507S36d00470x550S15011474x554S21810441x563S20500468x570
esforzar,,3345,AS1f720S1f728S2d200S2d211M527x524S2d200501x476S2d211473x476S14a20510x508S14a28474x509
eso,,2650,AS19a20S26601M524x511S19a20476x489S26900508x493
espada,,728,M545x537S20310530x522S20318513x501S26601487x471S27d00455x468S26605501x464
espada,,1705,M525x532S16d48460x512S20351474x500S22c07492x468S36d12479x494
espada matar,,1080,M525x515S20340474x498S26600493x485S2f700513x486
espada-entrar,,1940,M508x518S20340493x503S26500493x482
espada-guardar,,2113,M532x538S16d48448x518S20351462x505S20304501x473S22a03482x485S36d12467x500S3770c508x461S2f900503x491
espada-sacar,,1939,M532x538S16d48448x518S20351462x505S20304501x473S22a07482x485S36d12467x500S3770c508x461S2f900503x491
espagueti,,1473,M549x553S19208476x534S19200501x534S2db10450x524S2db08509x525S34d00482x483S33600476x483
espalda,,338,M527x558S10002497x460S10e0c488x456S20600488x443S36d00479x532S15a24513x518S20600503x547
espalda,,3178,AS18000S20600S36d00S38505M563x511S36d00479x501S18000533x496S20600507x489
especial,,3277,AS1d412S10018S22a20S20800M515x542S10018500x512S1d412486x481S20800485x506S22a20498x457
espejo,,619,AS32401S37700S15a00S2e118S32b10S32411S15a00S37700S1e620S21100S2b735S2b735M577x568S15a00469x452S32b10490x518S37700475x478S2e118443x473S21100523x510S2b735548x510S2b735560x509S32401487x447S1e620530x526S15a00467x518S37700473x543S32411500x525
espejo,,3088,AS15d00S2e100M512x533S15d00493x506S2e100488x467
espejo-de-lado,,3089,AS15d00S2e100M527x556S15d00479x483S2e100474x444S15d10489x519S2d50a508x512S2f900489x551
esperanza,,3188,AS18210S18218S22124S22124S36d00M541x517S18210518x492S18218492x502S22124518x482S22124494x492S36d00479x510
esperar,,2976,AS14c00S14c08S22520S22520S2eb00S2eb18S2fb04M535x543S14c00508x471S14c08471x471S2eb00513x506S2eb18473x506S2fb04494x537S22520466x457S22520503x457
esperar-der,,2631,M527x537S14c18504x462S14c18474x462S26f26497x497
espigas,,2415,M569x523S14408480x476S14400497x492S27204529x490S27214431x490
espina,,317,AS14c11S10009S20500S22b07S2e201S2f700M537x544S14c11478x489S20500484x508S2e201502x513S10009464x514S22b07500x464S2f700525x456
espina,,2797,AS10019S14c11S20b00S22a03S22b07S2f700S36100M574x569S10019499x539S14c11506x515S22a03531x508S20b00498x535S22b07541x511S2f700562x499S2e247537x517S36100482x482
espinaca,,499,AS10003S15a04S27212S34700S10003S15a54S36800S36810S36810M571x519S15a04532x408S10003541x386S27212507x391S10003526x465S15a54516x483S34700479x481S36800477x481S36810521x510S36810471x510
espiral,,966,AS36d00S1de28S10050S28f04S28e00S28d04S28c00S28804M598x532S1de28476x491S36d00479x528S28d04514x483S28c00547x489S28804536x487S28f04499x473S28e00569x484S10050535x469
espiritismo,,1137,M537x603S15459475x398S15451501x399S1543f477x443S15437503x440S2880c525x419S28814464x421S1f720511x577S1f728474x578S14c20508x497S14c28467x498S22100517x564S22100475x564S2fd04490x597S26600514x532S26610472x532S22520463x483S22520504x483
esponja,,586,AS32a00S36800S32a00S36800S32a00S36800S14c38S20312S21810S21100S14c38S20312S21100M559x624S14c38460x528S20312473x538S21810488x534S21100498x543S14c38455x593S20312468x596S21100486x603S32a00445x480S32a00483x480S32a00520x481S36800442x481S36800480x481S36800517x481
esposa,,800,M541x581S33010479x483S1d410512x489S20800517x482S17251496x543S17237491x555S20800496x559
esposa,,3319,AS1f540S22a03S20800S16d51S16d39S30005M548x566S22a03513x520S20800500x555S16d51494x532S16d39478x546S33010479x483S1ce10526x489S20800513x508
esposas,,3320,AS1f540S22a03S20800S16d51S16d39S30005M633x587S22a03516x498S22a03598x541S22a03428x536S20800503x533S20800585x576S20800415x571S16d51497x510S16d51579x553S16d51409x548S16d39481x524S16d39393x562S16d39563x567S33010394x499S33010482x461S33010564x504S1ce10441x505S1ce10529x467S1ce10611x510S20800428x524S20800516x486S20800598x529
esposo,,801,M518x614S30004482x483S1851e502x533S20f00486x517S22116490x532S17237490x588S17251491x575S20800490x590
esposo,,3164,AS1771eS22106S22a04S21000S30004S20800S16d51S16d39M518x630S22a04494x535S20800496x619S16d51490x596S16d39474x610S30004482x483S22106480x555S21000490x519S1771e494x552
espíritu,,1680,M540x555S16651476x445S16637480x517S29c00480x474S3780c459x538S37906500x454
espíritu santo,"inspirar, inspirado, espíritu-santo",1702,M592x534S18520567x427S18518525x426S14c51539x444S14c58491x445S22a03562x439S22a03513x442S36d00477x530S33500476x483
espíritu santo,"inspirar, inspirado, espíritu-santo",1790,M564x593S18520539x499S18518459x536S14c51495x546S14c58416x562S22c03521x517S22b13443x555S36d00477x530S33500476x483
espíritu santo bajar ungir,espíritu-santo-bajar-ungir,2664,M540x554S18511513x447S14c51469x494S22c03495x465S10018459x524
espíritu-cubrir,,2732,M531x527S31600482x482S14c11504x470S14c19471x469S22a04516x512S22a14471x512S20e00519x498S20e00469x497
espíritu-santo,,2726,M576x576S18511549x490S14c51505x537S22c03531x508S18110504x445S20319485x424S3770b470x439S37703468x460S20b00480x459S36d00490x479S36d00489x572
esqueleto,,365,M535x576S11001464x530S11009507x531S36d00479x524S37600487x553S20500504x530S20500486x530S36100480x483
esquiando,,925,AS36d10S3780aS37802S20310S20314S2eb34S2eb4cS14c39S10e50S2de06M542x583S20310507x430S20314477x430S3780a469x446S37802514x444S36d10478x420S2eb34526x417S2eb4c458x417S14c39478x530S2de06508x503S10e50493x553
esquina,,967,M543x543S10010518x471S1001a501x468S20500533x458S22b04520x513S26612457x467
este,"esto, esta",3246,AS19a52S15d3aS26904M529x525S19a52490x474S26904513x488S15d3a470x506
establecer,instalar,1687,M563x521S1f540514x478S2c300537x483S20b00496x493S2031a513x506S37706488x512
estacionamiento,,708,M542x567S11e12490x433S11e12512x438S2da00459x433S11e00479x498S11e00507x500S2db06474x535S2db06507x534
Estados Unidos,,2199,AS14c02S14c0aS20700S2e72aM530x528S14c02499x490S14c0a470x485S20700490x513S2e72a491x473
estar,,1880,M520x530S1f540504x470S1f548480x470S22b04504x499S22b14481x500
estatua,,1840,M530x537S15211504x463S15219470x464S2930c515x493S29314470x496
este,,1591,M524x508S22b06494x492S14a20476x492
Esteban,,2055,M514x578S14a20495x421S20320495x440S14a20495x488S14720496x507S1f720490x533S11920489x552S1d320485x457
Esteban,,2964,AS14a20S14a28S20b00S20b00S20b00S20b00S2ff00S36d10M543x554S2ff00480x483S20b00517x516S20b00471x540S20b00505x484S20b00486x506S20b00485x529S20b00510x537S36d10479x522S14a20528x485S14a28454x522
Estela,,2708,M520x534S33b00482x483S14a20462x511S20e00481x507S20e00508x506S22a04480x519S22a04507x518
Ester Mariana Espinoza,,2700,M542x518S14a20509x503S2ff00482x482S18d20522x493
estetoscopio,,452,M549x628S20340502x538S20348487x538S33000476x483S10a10520x498S10a18465x499S22a07519x531S22a11472x531S17e02534x591S36d00480x585S20500495x599S20500513x599S26506500x614
estirarse,,1845,M573x572S36d00486x480S20327535x453S2032f442x460S37603458x475S37609528x469S22a07560x435S22a11424x439S2f900434x456S2f900551x450S34c00490x442S34c00484x523S15d02507x538S20c00489x559S26b04541x542
estrangular,,2183,M537x523S36a00482x477S20310522x496S35a05482x477S22a00524x475S32117490x485
estrella,,267,AS32100S10e29S10e21S20500S22530S22530S28b2aS28b22M553x518S10e29477x450S10e21502x457S20500495x469S28b2a479x407S28b22476x423S22530449x445S22530511x444S32100482x483
estrella,,1581,M598x517S20500506x446S20500536x426S20500573x441S10e21501x460S10e21531x440S10e21568x455S10e29488x460S10e29518x440S10e29555x455S28b0a524x478S2ff00482x482
estrés,,2674,M545x517S2ff00482x482S14c11517x477S14c19461x474S22520513x459S22520459x459
estudiante,,729,AS30000S17d10S17d18S26a04S26a14S18510S18518S20600S20600M532x518S30000482x483S18510507x482S18518470x483S17d10503x439S17d18469x440S26a04499x456S26a14469x456S20600472x472S20600502x471
estudiar,,3038,AS15852S15d39S22520M528x538S15d39472x515S15852502x477S22521490x462S23403488x487
estufa,,675,M544x563S15a10515x446S15a18476x447S15a12485x437S15a1a489x475S27610457x457S27604515x439S15110506x547S15118471x547S22520470x532S22520509x530
estómago,,366,M571x594S34700482x483S18500515x513S26b04544x522S36d00479x529S14c01490x536S18500489x579S28a0c517x555S21100515x536
etapa,,839,AS14e50S14e58S26604S26614S14450S14458S28a0eS28a16S14402S1440aS20500S28a06S28a1eM565x580S14e50506x422S14e58475x421S26604512x454S26614478x454S14450543x506S14458436x506S14402491x516S1440a473x520S20500487x506S28a0e514x544S28a16452x541S28a1e449x558S28a06517x563
eterno,,1631,M554x554S15d02496x523S15d0a483x529S2cb01515x511S32400482x482
Eufrates,,2565,M516x603S14a20495x397S11520495x416S1ce20494x450S11a20495x484S1f720490x518S1d220484x537S14a20495x569S20320495x588
Europa,,1235,M573x518S30007482x483S14a11552x477S2e800533x470S26502517x481
Eva,,1768,M535x526S2ff00482x483S14a20520x511S20600497x509
evangelio,,2588,M518x607S14a20497x394S10e20497x413S1f720492x447S11950490x466S1f040482x496S14a20497x515S1dc20489x534S19220497x568S17610497x591
evitar,,2169,M526x538S10028474x463S10020496x508S2d806492x463S26500496x497
exacto,,2941,AS14020S2e30fS26501S14008S20500M524x538S22a03480x483S2e30c486x462S1ea11496x490S1ea1f477x510
exagerar,,2605,M540x516S20308460x498S20320475x501S20500478x485S2940a496x498
examen,,2406,M530x525S37806470x516S2035a502x510S14a52475x495S37906490x501S26500480x475S20500464x503
excursionismo,,910,AS36d00S20302S20302S22a04S22a14S21100S21100S37403S37401S37403S37401S10b18S10012S2d100S15d02S2d100M528x601S36d00475x433S20302513x440S20302478x439S22a04512x418S22a14469x418S21100511x401S21100470x400S37403474x470S37401480x488S37403476x509S37401483x527S2d100459x533S10b18481x572S10012496x571S15d02442x544S2d100411x517
experiencia,,2404,M559x518S17710536x494S22124537x483S20e00519x495S30006482x483
experto,"habilidad, habilidades",3109,AS15d18S20800S26500S20e00S1f740M523x545S15d18480x518S26500505x472S1f740503x454S17140493x507S20800478x509S20e00506x490
explicar,,3266,AS1ce40S1ce48S27104S27110S2fc00M544x531S1ce58473x501S1ce50501x501S27110455x482S27104504x480S2fb00492x469
explicarle,explicarles,3267,AS1ce40S1ce48S27104S27110S2fc00M542x533S1ce5f483x510S1ce51519x497S27111458x487S27105497x467S2fb01477x468
expresar,,2357,M560x552S2031e487x516S20309479x531S2b707513x485S20500476x526S2b717482x483S14c37533x458S14c39507x449S36d00479x509
expresar,,2358,M521x548S2031e487x512S20309479x527S2b702478x476S20500476x522S2b712458x489S14c31449x451S14c3f423x466S36d00479x505
expresar,,3354,AS20300S20300S20500S20500S2b700S2b711S14c38S14c30M521x553S20300487x522S20300482x538S2b700478x484S20500504x523S20500470x540S2b711461x495S14c30480x447S14c38452x457S36d00479x515
expulsar,,3182,AS18051S15a3aS22101S20e00M526x512S15a3a473x497S18051501x492S22101497x489S20e00480x496
extrañar,,1047,M547x517S2ff00482x482S20310457x492S16d10530x490S26502492x463S22104459x479
extrañar,,2451,M547x517S2ff00482x482S20310457x492S16d10530x490S26502492x463S22104459x479
Ezequiel,Seña,1222,M531x514S14a20468x486S2460a492x490
Ezequiel,,2491,M525x602S14a20489x399S10020489x424S2450a494x418S14a20489x458S1f050475x477S11520489x496S19220489x530S14a20489x553S1dc20481x572
Ezequías,,2277,M525x594S14a20489x406S10020489x431S2450a494x425S14a20489x465S1f050475x484S11520489x503S19220489x537S1f720484x560S20320489x579
f,,109,M515x514S1d410486x486
F,f,1281,M511x515S1ce20489x485
faja,,2141,M536x547S1ea41501x484S1ea49471x485S26502505x505S26506521x531S26516482x506S36d12479x453S20340503x531S20348485x531S26512466x533
fajín,,413,M542x572S14c08466x445S14c00492x428S2ef00500x464S2ef10472x481S20331503x534S20337475x536S26606512x554S26612458x556
falda,,378,M574x525S27202555x485S37907480x481S15a06519x475S14404523x491
falso,,2776,AS10010S20e00S26502S33100M518x536S33100482x483S10010490x505S26902468x520
falta,,2826,AS10600S21800S31e10S33e00M511x520S21800493x480S10630489x494
familia,,789,M557x535S1ce20497x505S1ce28476x505S20500492x507S2d81e444x492S2d806523x492S1ce00500x472S1ce08480x471S20500496x466
familia,,3263,AS1ce28S1ce20S2d606S2d61eS2fb00S1ce08S1ce00S20500M545x532S1ce28479x502S1ce20501x501S1ce08477x467S1ce00499x467S2d606523x495S2d61e455x496
familiares,,1806,M552x528S37900499x488S10052505x498S27100512x475S20338493x473S21100504x495
famoso,,1975,M549x534S14400508x503S14408471x503S2bb01516x466S2bb10451x466
fantasma,,258,M515x538S17618493x522S1ce42485x496S29a00497x462
fantasma,,2045,M519x542S1d412480x494S29900492x458S17648482x526S20700501x523
faraon,,1126,M514x576S1ce20492x424S1f720488x458S11a20493x477S1f720488x511S17610493x530S11950486x550
faraón,,1187,M514x576S1ce20492x424S1f720488x458S11a20493x477S1f720488x511S17610493x530S11950486x550
faraón,,2514,M518x517S30000482x482S10620490x465
fariseos,,1093,M525x517S17d00502x477S20600475x471S30000482x482
favorito,,3253,AS1c507S20600S30004M525x545S1c507500x520S30004482x483S20600474x519
fe,,1750,M521x530S1ce10486x500S14a20502x470S26507491x491S20500481x515S36d00479x506
febrero,,1399,M522x523S15d08478x494S2b700488x477S1ce10500x493
fecha,,1123,M545x521S1ce20502x478S1ce28477x478S26a16454x483S26a02531x483S20600490x510
fecha,,1183,M545x521S1ce20502x478S1ce28477x478S26a16454x483S26a02531x483S20600490x510
felicidad,feliz,1692,M542x581S1ce01512x514S1ce09476x558S22b00526x541S22b04512x545S22b10488x524S22b14473x528S33e00482x482
Felipe,,2610,M518x580S1ce20496x421S14a20497x455S1dc20489x474S19220497x508S14050483x531S14a20497x565
feliz,,805,AS33e00S10011S10019S28800S28818S10002S1000aM552x546S33e00482x483S10002522x503S1000a448x505S10011503x516S10019472x516S28800532x521S28818456x523
feo,,1969,M520x545S2ff00482x483S1dc00496x479S2df0c491x524
fideo,,505,M572x528S34e00482x483S19201512x508S19209464x509S26606542x510S26612428x511
rectitud,"recto, fiel, fieles",1689,M518x529S15a40490x502S15d38483x472S21100504x507S26500504x488
unido-Dios,"fiel, fieles",1759,M561x551S1ce11509x461S1ce1f495x474S20800494x457S23607532x448S2f900539x492S36d00474x546S37909515x511S37700525x486S3780a476x515S3770b490x496
fiel,,3264,AS1ce40S1ce48S20600M525x543S1d412497x453S1ce48432x513S2ff00482x483S20700444x512S20500512x480S28a03454x479
fiesta,,888,M554x543S36d00478x518S37602458x504S3760a519x503S10610531x477S10618451x479S2ea02529x457S2ea1a446x459
fiesta,,1843,M531x526S10610510x474S10618473x474S2ea36506x510S2ea42468x511
filipenses,,2574,M518x625S1ce20496x375S19220497x409S1dc20489x432S19220497x466S14050483x489S14a20497x523S11950490x542S20320497x572S14a20497x591S20320497x610
filo-abajo,,1937,M512x539S1f804480x473S18a16413x488S22a04419x515S2f700419x532S2f900484x494S3770c488x461
filo-arriba,,1936,M512x540S1f804480x514S18a1a412x490S22a00415x470S2f700413x460S2f900484x535S3770c488x502
fin,,2528,M521x535S19240500x478S19204479x466S20e00492x491S22b04490x505
finca,,2562,M521x538S30004482x482S14c10462x497S28906492x523S20e00480x519
firmar,firma,1255,M531x522S15d39469x485S11551478x494S20b00470x509S28902502x478
firme,,2145,M537x540S37605468x501S20356521x525S37a00529x476S20300522x461
fiscal,,1369,M532x536S37606485x468S1d410503x465S20e00489x474S26606489x492
flagelar,,2014,M522x535S20351488x466S22b03467x487S2f700450x514S36d00479x531S3760f502x483
flamenco,,192,M522x538S30d00482x483S17911491x508S20500512x511S22104488x531
flamenco,,850,AS37a06S2031aS37801S1ea50S20500S29f02S29f0aS29f02M538x560S1ea50497x499S2031a523x545S37a06476x548S37801514x519S20500508x537S29f02494x440S29f0a468x454S29f02493x473
flecha-apagarse,,2150,M543x520S37605472x481S20356528x505S21a04486x482S14c32499x481
flecha-encendido,,2147,M529x530S22520473x473S14c08484x484S10041508x470S2ea10471x505
Flecha-pegar,,2149,M543x525S37605472x488S20356528x510S10044501x475S26504509x495
flecha-volar,,2154,M530x508S1001a471x492S28706498x492
flexible,,1084,M559x513S17740504x498S17748474x498S26d00532x488S26d10440x488
flexible,,2501,M559x513S17740504x498S17748474x498S26d00532x488S26d10440x488
flirtear,,1205,M558x517S32000482x482S14c50526x476S14c58450x476S22140516x464S22140441x464
flor,,313,AS37800S1773eS18807S22100S37800S32100S18807S14c00S22a20M547x562S1773e484x427S18807486x446S37800491x444S18807490x539S37800493x530S14c00484x500S32100482x482S22100478x418S22a20534x519
flor,,1585,M545x561S14c01519x497S1771e493x541S22b00493x510S33100482x483
flor,,1967,M543x518S2ff00482x483S1ce00521x477S20500504x496S20500490x496
florero,,563,AS1543eS18512S22f04S20600M527x520S1543e474x505S18512485x484S20600504x501S22f04502x481
foca,,224,M546x561S14c10453x490S14c18523x491S37601465x520S37609521x521S26a06457x458S26a02524x458S20c00481x439S36d00479x532
revista,folleto,3301,AS1f040S15d08S20800S20f00S22f00M526x528S22f00492x472S20f00494x491S15d08474x499S1f040497x508S20800494x518
fontanero,,736,AS17620S17628S26502S26516S20b00S17648S17620S22b04S20b00S28a09S2ff00S15a40S15a48S22b04S22b14M534x549S17620498x377S17628482x377S20b00493x363S26502517x377S26516465x379S17648480x454S17620483x444S20b00466x444S22b04484x409S28a09505x411S2ff00482x482S15a40520x483S15a48467x486S22b04517x517S22b14463x519
formar barro vasija,,2411,M535x524S15d30500x498S15d38481x498S29f00516x476S29f18464x476
fornicación,,3279,AS1d440S14c0aS2920cM530x526S14c0a470x481S1d440501x498S2920c502x473
fornicar,,2244,M525x533S14c0a476x498S1ce20503x468S2920c507x502
imagen,foto,3136,AS16d10S15a18S22b03S20500S31400M536x550S15a18485x523S16d10519x484S22b03507x508S20500498x532S31400482x482
fotografía,,848,AS31410S16d20S20500S26500S15d18S16d20S20500M536x565S15d18484x538S31410482x483S16d20519x490S16d20504x543S20500507x495S20500501x528S26500518x468
frailecillo,,200,AS2ff00S1f011S1f019S22a07S22a11S1f411S1f419S14c50S14c58S23704S23714M574x610S2ff00482x483S1f011503x475S1f019465x476S1f411544x439S1f419426x438S14c50501x555S14c58468x555S22a07531x464S22a11455x463S23704501x589S23714449x589
Francia,,2549,M523x515S1ce50501x485S2880f478x494
Francisco Hernández,,1110,M518x518S30000482x483S1d412484x434S26a00463x469S20e00494x469
Francisco Morazán,,1439,M527x548S1ce12497x452S18d52490x511S15d3a475x529S22a04487x488S2e902472x470S20500485x531
Frank David,,1108,M533x517S2ff00482x482S1ce11459x466S10110517x461S2890a486x456
fregadero,,581,AS15412S2f000S15a1bS18141S21100S18101S15a09S21100S15d0aS15d0cS21100M528x601S15412479x407S2f000507x400S15a1b474x461S18141485x463S18101487x517S15a09482x512S15d0a472x581S15d0c478x574S21100502x450S21100510x506S21100496x573
frente,,324,M532x518S1ef18471x482S1ef10503x482S31100482x483
fresa,,488,M551x535S30006482x483S1d410522x474S20500510x485S20500505x495S20500515x499S20500506x509S2e700532x510
fresa,,1448,M518x550S17706493x530S34f10494x503S2ff00482x482S20500495x518
fresa,,1449,M565x521S2ff00482x482S1da10518x490S34f10495x502S26c06536x491S20500507x495S2e808550x489
Friday's,,1604,M511x544S1ce00475x475S37602489x505S2e806470x457
frijoles,,1468,M540x514S1000a460x498S17710492x491S20800487x504S2f000519x486
frio,,1577,M558x516S1ce28467x486S1ce20510x486S26d06539x485S26d12442x488
frotar-brazo,,2522,M535x573S20359514x517S20359514x427S3790b481x532S3790b481x442S15d21490x550S21100509x545S1eb20503x460S26503498x482
Frustrado,,1044,M518x541S30004482x483S20600468x516S14720493x519
Frustrado,,2251,M518x549S1ce20492x519S30004482x483S20600476x519
frutas mezcladas,,467,AS33b00S30005S1ce10S20500S27000M574x522S1ce10516x484S33b00482x482S27000534x498S20500511x511S30005482x482
fruto,frutos,1883,M566x526S15446541x475S22a03527x492S36d00479x522
fruto-alli,,2164,M527x521S16d39474x501S10013497x482S22a03486x480
fuego,,285,AS15030S15038S2eb00S2eb10S22530S22530S2fd04M553x534S2eb00538x478S2eb10447x483S15030505x485S15038467x487S22530502x467S22530453x466S2fd04489x528
fuego,,2999,AS14c30S14c38S22520S23610S22520S23600M569x525S14c38472x490S14c30506x491S23600530x508S23610431x506S22520463x476S22520505x476
fuegos artificiales,,886,AS10010S1571bS22b20S2ff00S20326S2032eS20500S22110S22110S28b09S28b11S28b09S28b11M568x518S10010499x336S1571b495x372S22b20498x303S20326483x483S2032e501x484S20500494x471S28b09506x436S2ff00482x483S28b11456x434S28b09532x440S28b11427x437S22110508x474S22110467x474
fuente de agua,,635,M515x545S14c39487x463S10a00500x456S20500499x483S14c39485x515S10600497x509S20500498x534
fuera,,1029,M533x530S10051468x509S26707484x470S2f700521x475
fuera,,2437,M533x530S10051468x509S26707484x470S2f700521x475
fuerte,valor,2548,AS14c00S14c08S20500S20500S26500S26510S20308S20300S36d00M535x541S14c08466x510S20300517x459S20500476x495S20500514x495S20308469x459S26510469x476S26500518x476S14c00512x510S36d00479x508
musculoso,fuerza,3187,AS18158S20337S2880bS20500S37703S3770bM536x533S18110524x489S20319505x468S3770b490x483S37703488x504S20c13494x498
fumar,,2295,M545x538S10e01501x508S27103518x503S34e00482x482
futuro,,1017,AS15d02S15d0aS20500S2b700M526x521S15d02487x499S2b700507x480S15d0a474x502S20500488x495
futuro,,1646,M515x525S1ce10493x495S26600484x475
fácil,,2008,M547x547S2ff00479x483S36d00480x527S1ce02517x502S22520513x534S22a00524x480
fácil-no,,1224,M546x553S2ff00478x489S36d00479x533S1ce02516x508S22520512x540S22a00523x486S30e00478x489S30126478x476
fósforo,,622,AS10049S1ea01S28805S20e00S1ea00S14c08S20500S22520M523x566S10049477x442S1ea01495x435S28805500x468S20e00499x455S14c08488x521S1ea00498x545S22520481x509S20500507x534
fútbol,,2121,M530x525S15a49470x476S15a04493x475S20600476x496S26b01502x497
G,g,1282,M515x507S1f040486x492
g,,110,M515x508S1f010486x493
Gabriel Escoto,,1104,M559x517S30000482x482S1f000502x472S22f07538x448S20e00532x462
gacela,,166,M521x604S30000482x483S10e00493x463S20500511x475S10e21472x545S10e2f449x555S21801464x532S21801436x547S26a05498x565S26a15469x583
gad,,1191,M516x534S1f040485x466S1f720495x485S10120500x504
Galacia,,1082,M518x577S1f040482x424S1f720492x443S1dc20489x462S1f720492x496S16d10496x515S19220497x539S1f720492x562
Galacia,,2499,M518x577S1f040482x424S1f720492x443S1dc20489x462S1f720492x496S16d10496x515S19220497x539S1f720492x562
galería de arte,,842,AS15d1aS15d50S2c600S31410S16d20S20500S26500S36d00S15d18S16d20S20500S2da06S26510S20500S26510S20500M530x603S15d1a499x410S15d50506x432S2c600483x419S31410476x483S16d20513x491S20500506x476S26500515x472S15d18480x563S16d20499x567S20500496x563S20500497x550S20500497x535S2da06506x539S26510475x556S26510475x538S36d00482x599
Galilea,,2725,M518x582S1f040482x419S1f720492x438S1dc20489x457S19220497x491S1dc20489x514S14a20497x548S1f720492x567
galleta,,504,AS1ea42S1ea4fS2a20fS34700S1ea41S36800M550x519S1ea42486x414S1ea4f469x435S2a20f513x425S34700482x481S36800479x481S1ea41522x494
gallo,,142,M526x565S33d00485x435S1f420465x463S22124459x451S30000479x530S14410491x496S2b705512x518
ganado,,137,M551x545S30007482x455S19a51514x434S20500504x443S2c305524x464S30007483x510S19a21516x490S20500504x499
ganador,,934,AS1ed18S1ea20S2dc04S36d00S34900S1ed18S20310S23400S36d00S1ed18S1ea00S22824S21100M563x573S1ed18459x427S1ea20484x432S2dc04506x436S1ed18454x503S36d00478x523S34900480x482S20310534x499S23400526x481S36d00479x569S1ed18453x552S1ea00527x542S22824533x530S21100518x551
ganar,,1629,M553x526S34800482x483S20310538x472S20318447x472S37604453x486S3760c514x487
gancho,,611,AS36d00S1ce50S22a07S1005aS10a50S22a04S20500M546x564S36d00479x479S1ce50512x446S22a07533x436S1005a485x532S10a50506x538S20500503x545S22a04516x519
gancho,,612,AS10a31S10a59S22a14S20500M526x533S10a31498x507S10a59475x485S22a14498x467S20500500x497
garbanzo,,512,M527x515S1001a474x500S17e10499x496S22130495x485
garra,,248,AS36100S15051S1001aS26a16M533x564S15051505x523S36100482x483S1001a460x529S26a16481x537
gatear,,2615,M538x566S14c50514x517S14c58463x535S2b700519x487S2b700519x460S2b700519x433S2b711467x505S2b711467x477S2b711467x450S2fd00484x519
gato,,130,M574x518S30006482x483S30002482x483S1d110505x487S1d118466x487S26506533x502S26512453x501S1d410545x487S1d418425x487
gay,homosexual,1067,M532x549S30004482x483S1f006490x520S20600510x516
homosexual,gay,2484,M532x549S30004482x483S1f006490x520S20600510x516
Gedeon,,1065,M516x569S1f040485x432S14a20500x451S10120500x470S14a20500x504S17610500x523S11950493x543
Gedeon,,2482,M516x569S1f040485x432S14a20500x451S10120500x470S14a20500x504S17610500x523S11950493x543
gemelos,,781,M560x576S2ff00487x483S10001527x495S2ee00539x486S36d00477x562S22706512x541S11500525x546
generación,generaciones,3096,AS15d02S15d0aS2ea00S2ea10S2fb05S36d00M576x541S1f000547x498S1f008503x515S2bb00535x459S2bb10484x477S2fd00522x486S36d00479x537
generación,,3095,AS15d02S15d0aS2ea00S2ea10S2fb05S36d00M562x543S1f000512x464S1f008471x480S2bb05536x485S2bb15486x507S2fd00486x457S36d00479x531
gente,personas,1642,M575x542S14050457x458S14058425x458S22c04457x490S22c04508x490S22c04559x490S22c14440x490S22c14491x490S22c14542x490S26526475x502S26526526x503S2fb04449x536S2fb04500x536S2fb04551x536
German,,2681,M551x518S31e10482x483S1f010520x500S2c601517x469S2c601532x469
gigante,,259,AS32107S15d18S10020S22b00S20e00S18020S22a00M547x549S15d18498x502S10020518x519S20e00523x522S22b00521x490S18020517x472S22a00519x451S32107482x483
gimnasia,,909,AS37906S20306S11e22S20500S2f002M569x519S20306519x504S11e22510x482S20500534x499S2f002548x486S37906480x511
gimnástica,,2614,M529x594S15a39480x444S10e14481x426S15a39481x571S10e14482x553S10e12470x509S2f000508x507S20b00504x578S22a00481x406
Gisele,,1196,M518x565S1f040482x436S19220497x455S20320497x478S14a20497x497S1dc20489x516S14a20497x550
globo,,866,AS33b00S20310S15314S20500S20500S22a07S22a11S15310S2ff00S10010S15312S29920M543x604S33b00481x422S20500494x442S15314479x455S15310528x416S22a07514x447S22a11466x443S20310496x453S2ff00484x544S10010503x574S15312507x544S29920512x503S20500498x465
globo,,893,AS14c59S15731S22520S2f002S1561aS15616S22106S22106S15759S14c31S22520S22b00S28a2fM548x595S14c59485x405S15731489x444S22520514x420S2f002524x446S1561a488x472S22106516x474S15616488x495S22106516x496S14c31485x568S15759484x528S22520516x571S22b00517x522S28a2f453x546
Globo,,1579,M526x529S16d50504x471S16d58478x471S28d14475x496S28d0c502x496
globo terráqueo,,3037,AS15450S15458S20500S28d14S28d0cM524x539S15450502x475S15458486x475S20500496x461S28d0c500x506S28d14477x506
gloria,,1613,M521x522S36d00479x488S1f010459x507S20500470x493S29207494x478
glóbulo,,2187,M541x515S36d00479x490S1ce40519x485
glóbulo blanco,,2189,M564x657S36d00479x557S1ce40519x552S20319516x482S20311524x482S31410483x482S2ee06541x473S2ee1b508x463S31620483x482S20500502x496S26c03503x610S21100520x627S15d39480x630S14731490x636
glóbulo rojo,,2188,M559x595S33b00484x532S20e00516x566S22f04510x580S11a10495x565S36d00481x497S1ce40521x492S20319511x434S20311519x434S31410478x434S2ee06536x425S2ee1b503x415S31620478x434S20500497x448
gobernante,gobernador,2833,AS10640S10648S26c08S26c18S15a40S15a48S22b04S22b14S2fb00M530x568S10640507x465S10648479x461S26c08503x446S26c18470x439S2fb00494x433S15a40511x504S15a48481x504S22b04509x537S22b14479x538
gobierno,gobiernos,3302,AS1f041S26904S2ff00M553x517S2ff00482x482S1f041504x464S26904537x470
golf,,908,AS36d00S20310S18218S20800S28b07S28b0dS2f900S28b07S28b0eS2f700M561x567S20310530x452S20800534x433S36d00479x468S28b07498x472S28b0d509x490S28b07525x499S2f700477x544S2f900496x518S28b0e490x547S18218519x445
golpear,,2293,M519x534S10018462x491S20301465x480S20c10457x466S37903480x495
Gomorra,,1133,M526x569S1f040474x431S17610489x450S18d50484x470S17610489x499S11a20490x519S26506511x536S1f720484x554
gordo,,974,AS36d00S32a00S37902S3790aS37707S37705S20316S20316M542x574S32a00480x482S36d00479x518S20316503x559S20316482x558S37902521x520S3790a460x520S37707518x559S37705459x559
gordura,,2215,M545x584S32a00479x483S37607460x523S3760f519x522S36d00479x522S20310530x565S20318454x569
gorila,,158,M547x593S36d00477x408S20301502x415S20309471x424S37703514x430S3770b456x438S20b00506x442S20b00480x449S20b00507x461S20b00480x467S2fd04495x481S36e00475x513S20302509x536S2030a476x546S37807515x529S3780f453x537S22a04511x556S22a14479x564S22a04511x578S2fd04485x586
gorro,,2618,M533x517S2ff00482x482S20311512x469S20319468x469S22a04520x492S22a14466x493
gotear,,1079,M549x521S1eb49450x479S1eb51480x480S23504512x490S22134480x514
gracias,,1896,M528x524S1c540497x496S15d39473x501S28a0a492x477S20500483x501
gracias a Dios,,1941,M556x549S1c540518x521S15d39493x525S28a09527x483S20500503x525S32107482x482
Gracias a Dios,,1420,M540x562S15d38475x454S1c540496x455S28a0a493x437S10110524x491S20500484x551S22c07491x520S36d00479x537
graduación,,818,AS32401S1ea10S1ea18S2d511S26506S22a04S3780bS37803S20359S1ea41S2b800M539x629S32401480x482S1ea10497x483S1ea18472x482S2d511457x482S26506510x475S22a04526x486S20359512x583S3780b487x599S1ea41467x578S37803489x593S2b800491x569
grama,,1574,M544x541S15a1a517x491S37604484x460S14c00493x482S22520489x470S26606488x525S26602485x512
gran-fuego,,2056,M568x569S14c38470x534S14c30504x535S22b00527x537S22b10443x538S22b00552x536S22b04540x537S22b14456x538S22b14429x539S31500482x483S30e30488x489S34600482x483S22530456x521S22530502x519
granada,,487,M531x535S15336480x450S10a51498x418S2c633480x434S34700482x483S10a01503x502S22a07483x521
grande,,1849,M567x513S1e140505x487S1e148474x487S26606537x497S26612434x496
granja,,651,M533x537S15a19472x464S15a11495x464S14c00510x506S23700467x514
granjero,,738,AS1ea31S1ea39S21810S21810S26f04S26f14S18530S18538S2b705S2b715S2b705S2b715S16d40S16d48S20600S15a40S15a48S22b04S22b14M565x613S1ea31497x398S1ea39456x415S26f04503x420S26f14443x440S18530505x481S18538469x482S2b705536x479S2b705551x481S2b715450x480S2b715435x482S16d40506x514S16d48483x526S20600483x513S15a40516x551S15a48482x551S22b04516x582S22b14481x583S21810499x388S21810450x406
grano,,1968,M515x559S1f000485x441S11a20499x460S1f720494x494S11920493x513S17620499x543
granos secos,,511,M580x522S17e18421x503S10012441x506S21302433x479S2d401470x499S2d401505x499S2d401541x499
grapadora,,598,AS20307S10009S21600S20a03M522x523S10009479x493S20307490x483S20a03501x500S21600507x478
griego,,1988,M551x526S33100482x483S1f040522x490S22a04487x511S21100484x492
gripe,,3270,AS1d102S20a00S22b04S20e00S33100M543x567S1d102514x477S22b04491x537S20a00525x504S20e00493x521S33100482x482
gris,,943,M532x534S15d39485x467S1f010503x480S21100469x508S26c0d495x514S27103472x489
gritar,,3019,AS15000S15008S34900S26607S26611S2fb04M556x546S2fb04492x540S34900482x482S15000509x509S15008465x509S26607534x493S26611443x494
gritar,,3020,AS15000S15008S34900S26607S26611S2fb04M556x540S34900482x482S15000509x509S26607534x493
gritar,,3021,AS15000S15008S34900S26607S26611S2fb04M519x530S34400482x482S18110507x501S18118482x501
grupo,,3300,AS1f020S1f028S2d606S2d61eS1f000S1f008M553x523S2d606531x486S2d61e447x487S1f020500x508S1f028470x508S1f000500x477S1f008469x477
pueblo-Israel,grupo-Israel,2430,M531x594S16c40503x572S16c48475x573S2ff00482x482S19200510x541S22a04485x522S22a04504x522S20e00486x509S20e00504x509
grupo-sacar,,1060,M524x526S16c40504x474S16c48476x475S22b25498x502
grupo-sacar,,2492,M524x525S16c40504x475S16c48476x476S26625498x503
grámofono,,2347,M559x524S16d40498x503S16d48441x504S1f051529x478S28802506x476
guadaña,,559,AS18130S37900S20302S37906S2d800S2f700S2d800S2f700S2d800S2f700M531x540S18130519x471S37900521x500S20302516x521S37906477x529S2d800460x460S2d800462x477S2d800463x495S2f700440x468S2f700441x485S2f700441x504
guante,,400,M533x613S15a00516x483S15a00472x586S16d0a513x424S16d02469x531S26500515x465S26510471x568S21300469x550S21300511x446S14c08467x494S14c00508x388
guardar,"guardarlos, guardado",2844,AS10e01S20301S26a04S20600S21400S3770bM552x524S10e31527x494S20601512x482S3770b489x490S20349506x475
guaro,,1513,M514x525S2030a496x510S1f04c485x475S20600492x496
guau,wow,1673,M537x512S14c02506x489S28804464x489S28808478x489S28804491x490
guau-feo,wow-feo,1059,M541x549S14c02510x526S28804468x526S28808482x526S28804495x527S30f00482x482S34200482x482
guayaba,,1457,M565x526S28b12452x492S28b0a504x492S17e41503x474S17e49476x475S17e36550x503S17e3e435x502
Guayaba,,1861,M542x538S34700482x483S10020502x508S22e00525x515
Guehazí,,1208,M526x585S1f040475x416S11520490x435S14a20490x469S11502475x488S1f720485x507S10020490x532S2450a495x526S19220490x566
guepardo,,147,M582x528S36d00479x356S1d511498x364S1d519476x376S20500509x391S20500480x403S22a04508x405S20500510x422S22a14479x417S20500481x433S2fd04495x438S36100484x489S1ce01509x503S1ce09465x503S26506538x511S26512448x513S1d501557x504S1d509420x506S30350497x476
guerra,guerra-i,1628,M534x529S14413500x471S14419466x501S22f23513x504
guerra,guerra-d,2642,M534x529S1441b472x471S14411505x501S22f25466x504
guindado-en-madero,,2658,M518x523S20329470x437S20329495x439S3780a484x455S37803484x452S30201482x478S31600482x488
gusano,,242,M517x548S10010489x481S22000483x452S2e200486x516
gusano-comer-madera,,2617,M540x530S15d18460x490S10611478x502S21100479x484S27200500x505S22b00496x471
gustar,,1650,M521x524S1dc02471x500S36d00479x476S21100477x489
Gustavo Lopéz,,2704,M543x517S33100482x482S1f032528x480S20600501x499
Génesis,,1954,M515x532S1f000486x468S14a20500x487S11920494x506
h,,111,M515x508S11502485x493
H,h,1283,M515x508S11502485x493
habichuelas,,494,M538x523S19208462x504S1ce20484x487S21003468x478S2890a509x496S2890a508x480
habitación,,665,M547x578S15a4a488x449S15a42487x423S15a48474x427S15a40518x429S27604518x422S27610454x431S15a40516x525S15a5a480x520S15a5a481x547S26612476x502S26612477x562
hablar,,1672,M553x517S17e20520x496S34700482x482S22130521x483
hablar,,1900,M533x542S22526520x510S14410494x506S34700482x483
hablar-hacia-abajo,,2733,M527x537S22521454x511S14411481x509S34700474x482S32103474x482S37003474x523
recientemente,hace poco,2827,AS10601S21600S35610M546x517S35610482x482S18000516x496S22104525x482
hacer,,3371,AS20310S20314S20500S20300S20300S20500M516x516S20300488x484S20300483x499S21100503x502
hada,,256,AS33000S1f010S1f018S22a07S22a11S22104S22104S15d20S15d28S22130S22130S22a00S22a10M565x605S33000476x483S22a07551x476S22a11439x475S22a00516x559S22a10471x558S1f010524x494S1f018444x494S22104526x482S22104460x481S22130533x580S22130429x585S15d20508x577S15d28472x578
halcón,,191,M573x603S37603521x429S3760b450x429S18111428x415S18119549x415S2ff00484x483S10611496x506S20500488x516S22b03477x530S1005f448x573S1eb11451x556S20b00439x553S22b07483x547S36f50510x411S36f54521x414S36f50531x411S36f54481x411S36f50471x409S36f54460x411S36d00480x427
haloween,,1136,M525x595S11502475x406S1f720485x425S1dc20481x444S26506510x457S17610490x478S18720489x498S14a20490x531S14a20490x550S11950483x569
halterofilia,,931,AS36d00S37601S37609S20330S20338S2b705S2b714S2b705S2b714S2b705S2b714M574x522S36d00479x478S37601478x482S37609507x482S20330500x484S20338482x484S2b705531x481S2b705545x480S2b705560x480S2b714458x481S2b714444x481S2b714430x481
hambre,,3372,AS20310S20314S20500S20300S20300S20500M521x517S20300494x487S20300489x502S21100506x500S36d10479x484
hamburguesa,,548,AS15d39S15d51S26503S15d39S15d31S26507S15d39S15d51S26503S15d39S15d51S22b04S20b00S34800S16d18S16d10M531x519S15d39477x285S15d51490x285S26503506x306S26507501x340S26503496x398S15d39471x330S15d31474x342S15d39475x378S15d51491x373S15d39483x450S15d51491x447S22b04479x416S20b00507x442S16d18469x499S16d10514x499S34800482x483
hamburguesa,,1504,M523x535S36400482x482S16d10506x515S16d18477x515
Hananías,,1162,M518x587S11502482x413S1f720492x432S11950490x451S1f720492x481S11950490x500S19220497x530S1f720492x553S20320497x572
Hananías,,2480,M518x587S11502482x413S1f720492x432S11950490x451S1f720492x481S11950490x500S19220497x530S1f720492x553S20320497x572
hasta,,1381,M537x524S10012507x488S10018474x494S28902477x475S20500463x483
Heber,,1214,M515x557S11502485x444S14a20500x463S14720501x482S14a20500x508S11a20500x527
hebilla,,412,M527x577S20a02496x561S11002500x537S1100a472x543S36d12480x503S11048473x432S11040509x431S36d12479x423
judío,"hebreo, hebreos, judios",3158,AS17700S20a00S25504S20e00S30004M546x560S30004482x483S17700511x513S20a00490x517S20f00509x531S22f04509x546S22114520x501
Hebreos,,1942,M515x530S11502485x470S14a20500x489S14720501x508
heces,,358,M515x547S20308486x453S2f700503x540S20a00485x470S22b04485x515S1f502486x487
Hechos,,1146,M516x550S11502485x450S14a20500x469S12d02485x488S17610500x515S20320500x535
hedgehog,,186,M570x599S14c19484x554S14400530x401S14c19454x526S20500495x584S20e00558x445S17009524x435S14401513x570S22a00556x425S17009523x462S2e23d431x555S2311f466x545S26631540x431S20800521x420S20800511x478S20302536x474S26631544x488
helado,,533,AS30314S35a04S20311S22f04S2c403M536x575S30314482x477S35a04482x488S20311489x525S22f04511x528S2c403501x545
helecho,,301,AS37702S3770aS17612S1761aS22310S22318S2880fS28817S37600S14410S14418M552x562S17612479x461S1761a502x461S37702492x469S3770a490x470S22310533x438S22318445x439S14410483x511S14418497x509S2880f456x458S28817521x456S37600488x539
helicoptero,,1552,M534x521S14c42466x478S12d0a478x498S2a532501x482
helicóptero,,705,M528x529S13212497x505S14c07493x478S20500518x494S2e100472x471
hemorragia nasal,,2746,M596x549S33100482x483S11a01522x512S20500523x494S2e004552x521S11a50581x517
hendir-tela,,2627,M526x537S1ce50504x485S1ce58474x485S26500508x462S26514478x522
herida,,436,M551x577S14c02520x460S26602465x468S21100500x468S10001490x547S2e300510x530S37602489x505S37604484x424S21100494x537
hermana,,796,AS33010S36d00S1d410S20800S10058S10050S26c00S21100M550x606S10058483x576S36d00478x520S33010481x482S1d410521x487S20800523x488S10050500x572S26c00501x553S21100508x571
hermana,,2379,M518x537S10050500x507S10058483x507S26500503x483S1f850500x463S21100504x502
hermano,,797,M538x634S30004482x482S20f00487x516S1f41e499x528S22116491x532S10050503x598S10058486x604S21100513x595S26c08511x579
hermano,,2380,M517x537S10050500x507S10058483x507S26500503x483S17620500x463S21100504x502
hermanos,,1728,M542x535S10050501x465S10058484x465S27104502x497S27110458x499S21210483x521
Herodes,,1164,M516x580S11502485x420S14a20500x439S11a20500x458S17610500x492S10120500x512S14a20500x546S20320500x565
Herodes,,2486,M516x580S11502485x420S14a20500x439S11a20500x458S17610500x492S10120500x512S14a20500x546S20320500x565
herraduras,,913,AS36d00S20316S37906S26900S26600S22100S10018S1ed26S20d00M531x584S20316479x450S37906491x459S22100481x441S26600463x417S10018480x554S1ed26497x545S20d00469x535S36d00469x435S26900463x454
herramienta,,575,M543x531S10049458x501S10e41473x498S21301472x470S27004503x510
hey,oye,2630,M582x552S14c50519x448S27004542x473S36d00466x548S3760e503x480
hielo,,281,M545x523S11540505x477S11518478x479S22e00526x489S22e14455x497S2f700533x479S2f700460x516
hielo,,1584,M532x527S11540510x473S11548474x473S26d00505x507S26d10467x508
hiena,,149,M596x630S36100482x410S36d00479x447S1d511494x455S1d519474x467S20500505x482S20500480x494S22a04503x496S20500504x513S22a14477x508S20500479x525S2fd04493x531S36100479x554S15114480x594S15118480x612S23600516x594S23604557x593S23614515x612S23610556x613
hierba,,302,AS1471aS14400S26502S26506S22630M523x524S26502508x490S26506507x504S1471a482x510S14400483x485S22630477x476
hierro,,292,AS10028S10612S21d02S20c02S10028S15310S21912S22a00M533x562S10028468x443S10612507x445S10028484x532S15310508x530S21912500x531S21d02498x441S20c02484x438S22a00508x512
hierro,,3035,AS15310S10018S21810S21100S22a00M524x528S10018489x498S15310493x484S21100475x488S21810490x473S22a00511x494
higo,,477,M542x569S33b00482x434S1ce10520x454S2da00474x479S20500502x457S20500493x457S20500484x456S33b00482x532S1ce10519x539S20500499x553S26600517x513
hija,,794,AS36d00S15d01S20500S26500S1f502M521x531S36d00479x501S15d01493x505S26500503x493S1f502505x470S20500493x520
hija,,2986,AS14c02S20500S26500S18502M515x540S14c02484x509S20500502x529S26500497x486S1f702496x460
hijas,,2988,AS14c02S20500S26500S18502M550x540S14c02450x509S14c02485x508S14c02519x509S20500468x529S20500503x528S20500537x529S26500463x486S26500498x485S26500532x486S1f702462x460S1f702497x459S1f702531x460
hijo,,795,M521x529S36d00479x500S15d01495x506S20500486x515S26500502x492S17610502x472
hijo,,2985,AS14c02S20500S26500S18502M515x540S14c02484x509S20500502x529S26500497x486S17602496x461
hijos,,2987,AS14c02S20500S26500S18502M552x540S14c02448x508S14c02486x508S14c02521x509S20500466x528S20500504x528S20500539x529S26500461x485S26500499x485S26500534x486S17602460x460S17602498x460S17602533x461
hijos-dos,,2989,AS14c02S20500S26500S18502M535x539S14c02466x508S14c02504x508S20500484x528S20500522x528S26500479x485S26500517x485S17602478x460S17602516x460
hilaza,,593,AS10051S10019S2d212S2d212S23000S21100M558x535S10019484x483S10051496x483S2d212458x500S23000533x471S2d212443x516S21100491x465
hilo,,592,AS1e602S1000aS38641S2eb00S2eb00S2eb00M581x566S1000a419x462S1e602436x435S2eb00458x452S2eb00476x453S2eb00492x452S38641560x533
hilo,,2335,M514x561S1eb12495x475S1eb16486x503S22b00498x440S22b14485x531
hilo-fuerte,,1022,M531x570S31000482x482S36100482x482S20300512x534S20308471x534S2df10467x549S2df08510x549
hilo-fuerte,,2459,M531x570S31000482x482S36100482x482S20300512x534S20308471x534S2df10467x549S2df08510x549
Hilquías,,2278,M518x593S11502482x407S19220497x426S1dc20489x449S1f050483x483S11520497x502S19220497x536S1f720492x559S20320497x578
hipodérmico,,450,M530x532S20338493x469S37a00499x484S1dc03500x496S22104509x486
hipopótamo,,169,M556x605S1a050489x541S1a038488x576S21400472x558S20500476x573S20500477x538S22c00487x485S34900445x482S22b04502x487S20500504x519S36200520x483
hipócritas,,1206,M527x555S31a00482x445S31000482x520S33e00482x445S35000482x520S14710513x452S14710472x527S33300482x520
historia,,1908,M565x533S36d00479x529S2fb04524x491S2ea48506x480S2ea04539x466S11502535x500S1150a505x510
Hitler,,1227,M531x533S33100482x483S11501506x506S20500495x508
hockey sobre hielo,,915,AS15a47S15a49S26607S26516S26611S26502S26516S26607S26611S26502S36d00S20310S18218S20800S28b0dS2f700M550x603S15a47508x500S15a49478x499S26611476x398S26607514x421S26516492x428S26502507x403S26516491x479S26607516x466S26502510x449S26611477x451S36d00479x564S20310527x550S18218512x545S20800540x535S28b0d504x567S2f700490x588
hockey sobre hierba,,906,M550x557S15d40512x444S15d48451x522S2ed0e527x468S2ed16471x540
hoja,,314,M533x533S15a0c498x474S10b51503x472S22b24507x503S27212467x468
hoja,,1589,M547x546S1ee19474x474S1ee17503x496S22b11454x454S22b05523x522S22103496x460S22103529x493
hoja,,1593,M529x532S15a27489x482S10009472x502S2e139501x468
hojear,,1676,M540x516S15a40485x485S15d38460x488S2880f501x496S2880f520x495
hola,,1347,M547x518S2ff00482x483S11911518x488S26600531x451
hombre,,787,AS30004S1851eS20f00S22116M518x557S30004482x483S20f00489x517S1851e502x532S22116493x531
hombre,varón,3165,AS1771eS22116S21010S22f04S30004M519x575S22f04488x535S30004482x482S22116481x549S21010481x520S1771e493x552
hombro,,341,M544x517S36d00479x513S15412516x496S1541a460x497S20600522x483S20600460x484
Honduras,,1413,M518x537S11510489x507S20500506x517S2ff00482x482
honrado,"honestidad, honradez",1906,M518x532S15d38482x468S21100504x504S26500504x485S11540486x502
hongo,,495,M517x527S10008498x497S15412486x474S20610483x492
honrar-arriba,"honrarlo, honrarle, honor, honrarlos",1615,M565x531S2ff00482x482S11521517x481S11519426x504S22c07532x450S22c17448x485
honrarnos,"honrarlo, honrarle, honor",1704,M529x540S2ff00482x482S11521502x465S11519444x513S11501465x453S1150f417x505S23f0d486x441S23f1d439x491
honrar-izq,"honrarlo, honrarle, honor, honrarlos",1827,M537x529S2ff00482x482S11511512x482S11519446x502S26601493x454S26611425x488
honrar,"honrarlo, honrarle, honor, honrarlos",1882,M518x545S2ff00482x482S11500440x491S11528420x515S22a07461x495S22a17440x526
honrar-der,,1641,M563x531S2ff00482x482S11521517x481S11519426x504S26707532x450S26717448x485
hora,,1003,AS37806S2031bS10003S2ea06S2f700S2ea06S2f700S2ea06S2f700M566x532S37806484x517S2031b511x511S10003536x484S2ea06508x498S2ea06509x484S2ea06507x468S2f700489x470S2f700491x486S2f700491x499
hora,,2817,AS10050S15a56S20500S36d00M545x521S10050512x491S15a56518x480S36d00479x484S20500498x490
horario,,2636,M526x533S14408474x498S14421480x468S22b04503x503S26606496x509
horca,,556,AS1873fS37803S17c35S20a01S3780bS36d00S2b704S2b704M547x540S1873f488x460S37803509x479S17c35504x493S20a01526x479S36d00461x487S2b704453x478S2b704468x477S3780b479x510
hormiga,,208,AS30004S30f00S10a40S10a48S20500S20610M519x542S10a40502x505S20500495x531S10a48482x504S20610449x492S30004482x483S30f00483x483
horno,,617,AS14c00S15a1aS22520S15a1aS15a31S20500S25b00S2f700S14c12S37800S2e200M530x580S14c00461x437S15a1a455x420S15a1a460x508S14c12468x541S15a31474x499S20500465x496S22520490x439S25b00492x474S37800499x548S2e200510x544S2f700513x474
horrible,,3248,AS1ba40S1ba48S26500S26510S2fb04S21b00S21b00M530x539S1bb18471x495S21b00476x462S21b00517x461S26500514x471S26510473x472S1bb10509x494S2fb04492x533
hospital,,461,M525x582S36d00475x419S37606476x421S11911468x424S22b04455x444S21100457x428S37606483x514S36d00483x510S11911478x524S26500468x503S21100467x525
hospital,,1521,M554x534S11502524x479S22b04494x471S22b06489x475S37606485x466S20e00471x478
Hospital Escuela,,1546,M561x531S22b06479x395S22b04483x392S37606477x388S11502517x398S2ff00488x482S14a28520x512S2e300538x504S20e00462x398
Hospital La Policlinica,,1545,M522x555S37606478x444S22b04450x451S22b06446x454S1152e483x458S36d00480x444S36d00480x527S16d10502x535
Hospital San Felipe,,1547,M587x578S37606481x422S22b06485x432S22b04489x428S11502523x436S14c10546x514S14c18520x534S2e804572x516S2e840502x538S36d00479x574S20e00465x433
hotel,,2893,AS11502S20500S10018M519x523S10018488x493S11502489x484S20500482x477
hoy,,1361,M512x527S1f721490x473S22b04488x497
hoz,,560,AS20348S2e700S22104S10602S2d900S2fd03S20348S2e700S22104S10602S2d900S2fd03S20348S2e700S22104S10602S2d900S2fd03M540x607S20348486x476S22104487x465S2e700469x474S10602514x513S2d900491x498S20348485x550S22104487x541S2e700468x540S10602505x592S2d900482x577S22104486x397S20348485x407S2e700471x394S2d900482x427S10602504x441S2fd03463x424S2fd03473x501S2fd03461x573
hueso,,362,M534x524S37600488x501S11037508x477S1103f466x477S20c10451x506
hueso,,2889,AS11001S11009S20600M532x527S11009495x473S20600488x505S3780b468x496S11001481x475S37803502x497
huevo,,546,M531x558S15617499x444S1561f477x443S22a04510x474S22a14478x473S2f700493x482S15610501x505S15618483x505S28905504x533S2891d469x533
huevo,,3172,AS17a40S17a48S28804S2881cM521x520S17a40501x479S17a48479x479S2881c484x498S28804501x498
huir,,2318,M558x578S15d09475x445S15d01487x457S20e00500x447S22b05508x476S22b11462x422S14c59442x552S10020496x542S26707507x524S21000471x545S2f700546x523
humano,,3336,AS1f702S1f70aS20e00S22a00S22a10S2fb00S36d00M537x531S2fb00491x483S20e00493x493S36d00479x470S22a00510x490S22a10475x489S11502507x515S1150a462x516
humildad,humilde,1684,M518x569S2c600483x543S15a1a473x552S33b00482x482S11510492x507
humo,,286,M514x552S14c04488x496S15a16487x540S2db06492x448
humo,,3031,AS15052S15036S29700S29714S2fb05M517x535S15712483x517S29700498x465
huracán,,1565,M533x549S15a36500x537S37604467x506S37602511x496S11500504x466S2e906492x450
hámster,,182,M550x597S36100483x428S2ea40451x456S36140494x442S32a00481x538S17707513x459S1770f470x460S2ea0c535x457S15018464x565S15010508x566S26506534x574S26512446x575
I,i,1284,M510x510S19220489x491
i,,112,M511x510S19220490x491
idea,,3231,AS19200S26600S30007M539x517S30007482x482S19200517x488S26600523x458
idioma,,1898,M579x537S1925c461x497S19254517x497S19250558x494S19258426x498S2db10443x524S2db08517x526S34800482x483S20500508x508S20500482x508
idolatría,,2184,M564x546S19210501x383S19218473x383S29314453x399S2930c528x398S31400482x488S36d00479x542S37604446x506S3760c520x506S14c58435x475S14c50540x475S30120482x477
iglesia,,2265,M549x516S37906480x508S2031a520x501S19220528x484S20600503x488
igual,,1349,M521x515S19200500x495S19208478x496S20600489x484
igual,,3191,AS18220S18228S20500S26516S26502M544x514S18220501x499S18228475x499S26502529x497S26516456x498S20500494x486
igualar,,3190,AS18220S18228S20500S22b17M536x531S18220513x482S18228465x516S22b17485x485S20500506x469
iguana,,239,AS30000S14410S21100S2b705S32a00S32a00S32a00S16d3eS23404M555x585S32a00445x510S14410482x422S21100504x442S16d3e489x548S23404482x571S2b705507x459S30000472x455S32a00482x510S32a00519x509
ilegal,,1152,AS14050S15d18S22a02S20b00M539x518S15d18461x490S20b00479x498S26c06495x491S1dc10515x482
imaginar,imaginarse,1644,M555x517S20310498x476S20314488x477S15448448x446S15410540x445S22a07522x465S22a11467x467S22205469x455S31900482x482S22203524x455
imaginar-cerrar,imaginarse,2619,M555x517S20310498x476S20314488x477S15448448x446S15410540x445S22a03522x465S22a15467x467S22205469x455S31900482x482S22203524x455
imperfecto,,2940,AS14020S2e30fS26501S14008S20500M521x595S1401f488x525S22c03453x540S14011426x571S36d00479x523S22c17460x552S21100477x571S20500511x525S32104481x482
implante cochlear,,446,M571x528S33010479x483S1ef40523x491S20500510x505S2b704555x492S2f700559x521S21100521x509
importante,,3260,AS1ce10S1ce18S28a00S28a18M542x524S1ce10504x494S1ce18479x494S28a00525x479S28a18458x476
importantísimo,,3280,AS1d440S1d448S28900S28918S1d450S1d458S20b00S30106M533x537S1ce10501x507S1ce18476x507S28b00513x462S28b18466x462
imposible,,3240,AS19a10S15d18S22a02S20b00M537x514S15d18463x487S20b00481x495S19a10509x488S22a02495x495
imprimir,impresión,3293,AS1eb21S15a31S22104M525x516S15a31475x493S1eb21498x486S22104493x483
impresora,,739,AS15d57S15d13S21100S2890eS2890eS2890eS15d11M533x540S15d57487x476S15d13510x472S2890e480x493S21100511x494S2890e478x509S2890e475x525S15d11468x460
imprimir 3,,3294,AS1eb21S15a3fS22134M525x518S15a3f475x495S1eb21498x488S22134479x483
impuesto,ISV,1259,M524x517S19209476x483S20350505x485S20e00493x504S26506509x503
impuesto,,2538,M524x517S19209476x483S20350505x485S20e00493x504S26506509x503
imán,,765,AS2ff00S15d13S2eb3aS36d00S15a10S15a18S20500M521x571S2ff00481x482S15d13465x467S2eb3a488x465S15a10502x544S15a18489x544S36d00479x533S20500497x537
incorrecto,,2813,AS10041S10049S26716S26702S20e00S2f710S2f700M541x531S26702476x483S26716482x505S2f700461x486S20e00492x498S2f710529x509S10041517x469S10049459x501
independiente,,3384,AS20331S20337S2a204S2a21cS3770bS37713M536x552S19209504x449S19201471x451S3770b488x464S37713490x465S2a204509x523S2a21c475x524S28b06492x499S28b1e470x500
indiferente,,1870,M544x548S36f20479x538S3090c486x479S32103486x487S36f28456x538
inferior,inferior-derecha,2973,AS14b40S14b48S22b04S2f900M534x534S14b40511x476S14b48466x478S22b04517x504S2f900468x466
inferior,"inferior-izquierda, menor",2974,AS14b40S14b48S22b14S2f900M534x532S14b40511x478S14b48466x480S22b14465x502S2f900515x468
influir-izq,,2500,M553x541S18521526x522S14c50478x458S26501502x488S20e00517x501S2031a516x514S37806484x521
informar,"información, informarle, informarles, informe, informes, mensaje",1998,M537x548S18507518x491S1850f460x521S14c00475x472S14c08423x505S22a02499x488S22a12451x514S2ff00482x482
informar,,1658,M537x549S18507518x492S1850f460x522S14c00512x439S14c08458x472S26500517x474S26510462x507S2ff00482x483
informar-abajo-izq,,2085,M536x584S18507517x487S1850f459x525S14c00500x533S14c08423x553S22a03520x519S22a13451x549S2ff00484x483S32103484x483S36d01479x522
informar-der,,2628,M568x573S18507518x492S1854f446x546S14c00545x461S14c08477x517S26507534x490S26517464x547S2ff00482x483
informar-izq,,1664,M519x544S18501492x464S1850f469x517S14c01458x429S14c0f432x485S26501485x454S26511458x514S2ff00482x483
informarnos,informarme,2238,M518x542S18500472x419S18508450x472S14c00483x455S14c08456x511S26504486x436S26514458x495S2ff00482x483
informarnos Copy,informarme,2715,M518x537S18501448x425S1850f426x478S14c01483x455S14c0f456x511S26505471x445S26515443x504S2ff00482x483
Inglaterra,,1132,M527x515S2035a493x500S17850501x487S20600474x484
injusticia,,1875,M528x527S18220505x499S18228472x512S2e952481x473
inodoro,,578,M515x514S17649499x498S11814486x486S20500503x488
insultar,,1094,M539x566S33300482x483S1a040489x511S1a048442x514S2eb00524x520S2eb18445x474S2fd04468x560
inteligente,,2398,M544x517S2f700532x453S30007482x482S10011517x485S26600513x452
intercambiar,,3268,AS1ce40S1ce48S2c604S2b711M528x533S1ce40506x471S1ce48473x493S2b711481x466S2c604499x507
intercambiar,,3269,AS1ce50S1ce58S28901S28915M533x531S1ce50511x496S1ce58468x468S28901498x469S28915479x506
interesante,,3249,AS1c101S1c109S20500S20500S26500S26510S1bb01S1bb09M543x557S1c101518x496S1c109459x518S26500521x476S26510465x499S1bb01512x443S1bb09462x465S20500514x525S20500479x546S36d00479x496
Internet,,3254,AS1c510S1c518S20600M533x515S1c510503x484S1c518467x484S20600490x504
interpretar,,2677,M536x535S1ce50486x465S1ce58463x465S2a30f495x497S2a30f504x506
Intibucá,,1440,M545x533S19208484x490S19200496x490S19228455x467S19220524x467S2df08505x512S2df10481x512
intérprete,,825,AS33010S32406S17120S20500S1ce10S1ce18S20500S27000M563x576S33010479x483S32406479x483S17120512x486S1ce10499x542S1ce18478x544S20500493x547S27000523x558S20500509x480
inundación,,275,AS2ff00S15a11S15a19S22b17S22b01S20500S15a11S15a19S2ff00S3780bS37906S15a19S15a12S29a00S22b00M580x586S15a11512x430S15a19479x430S20500501x420S22b01534x448S22b17457x450S15a11557x470S15a19436x473S15a19491x537S37906495x573S29a00467x530S15a12467x566S3780b466x556S22b00466x494S2ff00487x430S2ff00492x535
inventar,,2953,AS14410S2b700S30007M540x517S30007482x482S14410518x478S2b700504x456
inventor,,2952,AS14410S2b700S15a40S15a48S22b04S22b14S30007M540x597S30007482x482S14410518x478S2b700504x456S15a40518x531S15a48480x532S22b04516x567S22b14478x566
invierno,,1008,AS2ff00S14c20S14c28S29e24S36d00S37601S37609S20314S2031cS27102S27112M559x666S2ff00486x482S14c20510x485S14c28474x484S29e24486x526S36d00479x623S37601519x626S37609468x626S20314461x625S2031c526x624S27102544x612S27112440x610
invitar,,2261,M516x525S15d39483x489S19210495x476S20500488x495S26524501x510
invitar-der,,2667,M529x518S15d39471x495S19210483x482S20500476x501S26526514x493
inyeccion,,1542,M542x536S36d12459x464S20500499x509S2f900498x502S37900493x496S37900466x496S3770b520x464S10703502x479S37906501x464
ir,,1069,M513x517S10020488x487S26507500x482
ir,,1991,M521x519S10012479x482S2ef03503x499
ir,,2712,AS10010S2bb00M520x526S10010505x496S2bb00479x475
ir continuamente,,2129,M539x521S10020500x491S10028483x491S22130507x491S22130460x492S2fb00491x478
ir-adelante-der,,2778,AS10010S2bb00M518x539S10020503x486S2bb00485x461S10028483x509
ir-der-der,,2668,M521x519S10003478x480S26706479x503
ir-izq,,1149,M536x518S1000b464x482S26716494x502
ir-izq-der,,1148,M538x519S10003508x480S26702463x503
Irak,,1928,M518x553S19220497x447S11a20497x470S1f720492x504S14020483x523
Irlanda,,1171,M515x595S19220494x406S11a20494x429S1dc20486x463S1f720489x497S11950487x516S10120494x546S1f720489x580
irte,irse,1801,M521x517S10020496x487S10028479x487S26507508x482
Isaac,,1743,M539x546S19201471x482S16d49496x501S37803491x496S20600517x496S22b03500x454S3780a479x514
Isaías,,1916,M513x559S19220492x441S20320492x464S1f720487x483S19220492x502S1f720487x525S20320492x544
Isaías,,2855,AS10e20S15d1aS2c600M525x525S15d1a475x474S19210504x506S2c600485x496
Isis Carolina,,2709,M563x517S30007482x482S19211518x482S16d10546x480S20500508x488
isla,,983,AS36d00S37604S20312S19212S2ec0aM545x526S36d00479x480S19212524x475S20312513x511S37604479x481S2ec0a505x495
Islas de la Bahía,,1421,M565x541S20500520x517S2e906506x461S2031a517x526S37604484x495S19200544x458S15a41522x507S22a04518x482
Israel,,1787,M531x560S2ff00482x482S19200510x541S22a04489x522S22a04504x522S20e00489x509S20e00504x509
Israel,,1841,M515x572S19220494x428S20320494x451S11a20494x470S1f720489x504S14a20494x523S1dc20486x542
israelita,israelitas,1788,M531x642S2ff00482x482S19200510x541S22a04489x522S22a04504x522S20e00489x509S20e00504x509S15a40512x580S15a48489x582S22b04510x611S22b14487x612
Ivailo,,1230,M515x575S19220494x426S10e20494x449S1f720489x483S19220494x502S1dc20486x525S17610494x559
Ivis,,2695,M539x533S30007482x483S19200518x484S29c04507x496
Ivis Duarte  Rodriguez,,1102,M544x546S19210518x487S30007482x483S29a04529x511
J,j,1285,M519x519S19220498x500S2a20c481x482
j,,113,M520x521S19220499x479S2a20c481x493
jabón,,582,AS36d00S37602S20300S21200S36d00S15042S37602S20500S26600S22530M522x553S36d00480x450S37602478x450S20300456x448S21200446x466S36d00477x513S15042454x514S37602477x514S20500473x531S26600438x509S22530456x499
Jacob,,2214,M519x562S19220498x454S2a20c482x438S1f720493x477S16d10497x496S17610498x520S14720499x540
jael,,1245,M519x554S19220498x463S2a20c482x447S1f720493x486S14a20498x505S1dc20490x524
reírse,jajaja,1089,M525x565S34000482x482S1e202486x521S27100485x550
jalar,,3390,AS20347S20349S22104S26613S22104S26603S2fb04M549x539S20349471x497S20347526x472S26603506x498S26613452x517S2fb04483x528S22104537x462S22104480x487
jalar-abajo,,3387,AS20340S20348S22104S22b14S22104S22b04S2fb04M535x541S20348464x490S20340518x472S22b04519x492S22b14465x511S2fb04496x522S22104520x460S22104466x480
jalea,,529,M562x590S33b00482x483S1ce10513x485S20500507x503S26b00535x500S14c37480x557S11541497x563S26c03519x539S21100510x552
jalón,,2539,M539x520S16d48462x491S11851474x500S20800476x510S11830524x491S28902490x480
Japón,,2550,M564x523S31410482x482S19220543x455S2a20c526x437S19201519x488S26504510x508S20500508x495
jarabe,,528,M519x536S1ed48481x517S1f521486x464S2ea06494x503
parque,jardín,2196,M590x788S14c10496x336S14c18473x338S2e238498x368S2e238475x369S26606521x345S26612441x349S31b00504x305S31b00508x408S31b00516x520S34d00504x305S34d00508x408S34d00516x520S14c00548x671S2ed01571x670S1850f500x696S2f900496x697S14c08542x549S14c08479x427S16d49476x460S16d49539x582S3780b449x476S3780b512x598S17730475x505S17730538x627S22b00494x454S22b00557x576S21300494x487S21300557x609S2ff00512x660S15a39521x765S2e702524x731S22a04529x748S18251532x761
jardín,,3011,AS14c50S2d506S14c00S1851fS2ed01S2f900S33e00M542x548S33e00482x482S14c00519x494S2ed01519x472S1851f490x521S2f900486x522S14c50508x422S2d506506x401
jarra,,646,M534x515S16d48467x495S19a20506x491S28802482x486
Jonathan Duncan,JD,1096,M519x535S19220498x482S2a20c482x466S10120498x505
jefe,,3023,AS15011S20600S36d00S38506M546x523S36d00479x519S15011518x477S20600514x505
Jefté,,1201,M519x570S19220498x447S2a20c482x431S14a20498x470S1ce20497x489S1d220487x523S14a20498x555
jehosafat,,1182,M519x608S19220498x408S2a20c482x392S14a20498x431S11502483x450S17610498x469S20320498x489S1f720493x508S1ce20497x527S1f720493x561S1d220487x580
Jehosafat,,1121,M519x608S19220498x408S2a20c482x392S14a20498x431S11502483x450S17610498x469S20320498x489S1f720493x508S1ce20497x527S1f720493x561S1d220487x580
Jehová,,1677,M549x546S20500477x531S29407512x501S36d00479x520S19202486x525S32107480x482
Jehová,,2731,M518x573S19220497x443S2a20c481x427S14a20497x466S11502482x485S17620497x504S10e20498x524S1f720492x558
Jehová-Yire,,1748,M519x634S19220497x381S2a20c481x365S14a20497x404S11502482x423S17620497x442S10e20498x462S1f720492x496S19a20491x538S19220497x562S11a20497x585S14a20497x619
Jeisy Isela Ordoñez,,2698,M537x517S31410482x482S20500502x499S19201511x496S2b704514x470
jengibre,,526,AS34700S36810S30251S30e00S10621S34e00S30400M525x563S30e00475x449S34700475x449S36810517x462S10621494x471S34e00478x528S30400478x519S30251491x437
JR,Jeremías,2424,M519x535S19220498x482S2a20c482x466S11a20498x505
Jericó,,2578,M519x578S19220498x439S2a20c482x423S14a20498x462S11a20498x481S19220498x515S16d10497x538S17610498x562
jersey,,376,M578x587S10002500x434S1000a461x440S36d00478x484S20300498x504S20300483x493S36d00481x542S14c07506x540S14c0f464x544S37600488x564S2b800513x465S2b811463x464S2c500522x413S2c510458x415S23710422x545S23700539x544S21100531x525S21100452x525
Jerusalén,,2066,M526x557S2ff00482x483S19200505x538S28805479x507S2880d500x507S20e00493x525
Jesse,,1114,M519x556S19220498x461S2a20c482x445S14a20498x484S20320498x503S20320498x522S14a20498x541
Jesús,,3255,AS1c510S1c51fS20500S1c518S1c517S20500M537x545S1c518470x517S1c510501x466S1c51f463x465S1c517512x518S20500489x475S20500503x525S26502492x454S26516493x510
Jezabel,,1217,M526x596S19220490x420S2a20c474x404S14a20490x443S10020490x468S2450a495x462S1f720485x502S14720491x521S14a20490x547S1dc20482x566
Jimmy,,1105,M558x517S30007482x482S19200517x488S2b705544x483
jirafa,,161,M536x538S37605467x506S37601519x494S20500526x526S1a310499x467S23200466x462S23200437x462S23200408x462S29d22403x504
JL,,2256,M519x535S19220498x482S2a20c482x466S1dc20490x505
Joah,,2272,M519x547S19220498x470S2a20c482x454S17610498x493S1f720493x513S11502483x532
Job,,2063,M519x541S19220498x476S2a20c482x460S17620498x499S14720499x519
Jordán,,1983,M519x586S19220498x430S2a20c482x414S17620498x453S11a20498x473S10120498x507S1f720493x541S11920492x560
Jordán,,3343,AS1f711S1f71fS2a400S2a410M530x551S19240504x491S19248470x493S2a408505x513S2a418470x515S28b2a472x448S28b22472x468
Jose,,1173,M519x547S19220498x470S2a20c482x454S17610498x493S20320498x513S14a20498x532
Josue,,1141,M519x564S19220498x453S2a20c482x437S17610498x476S20320498x496S11520498x515S14a20498x549
Josué,,1163,M519x564S19220498x453S2a20c482x437S17610498x476S20320498x496S11520498x515S14a20498x549
Josué,,2481,M519x564S19220498x453S2a20c482x437S17610498x476S20320498x496S11520498x515S14a20498x549
José,,2367,M520x540S19220480x460S17620480x483S20320481x505S14a20481x525S2a20c497x462
José Rivera,,1103,M569x517S2ff00482x482S19201509x487S2e600540x480
Josías,,1119,M519x568S19220498x449S2a20c482x433S17610498x472S20320498x492S19220498x511S1f720493x534S20320498x553
joven,,1001,M531x538S36d00479x497S17736505x518S29d00510x463
joven,,1803,M508x531S1770e491x511S29900494x470
joyero,,428,M531x581S15a02482x420S15a0a478x427S15a48470x467S15a40501x467S15a38505x524S15a50511x521S2a208508x553
joyería,,427,M568x647S33010472x417S1ce10519x417S20a00504x450S14c1a472x486S1d112519x483S21302500x496S26502553x485S36a00492x537S10002523x585S28806500x586S21100486x584S20310512x630S20314495x630S20500504x617S14c10544x616S14c18453x613S26502530x631S26516476x628
Juan,,1737,M519x559S19220498x457S2a20c482x441S11520498x480S1f720493x514S11920492x533
Juan Ramón Rodriguez Bonilla,,2703,M547x533S2031a529x490S37605472x467S19241499x481S2a30b515x504
Juan-bautista,,2714,M529x629S19220508x387S2a20c492x371S11520508x410S1f720503x444S11920502x463S2a208506x498S2a218472x498S1f711506x532S1f71f473x535S15a40515x565S15a48477x566S22b04513x599S22b14475x599
judas,,2620,M519x571S19220498x446S2a20c482x430S11520498x469S10120498x503S1f720493x537S20320498x556
Judas-iscariote,,2526,M540x523S35a03482x477S36a00482x477S19202521x492S22b00524x458S20500508x508S31520482x477S32120502x484
Judea,,2535,M519x571S19220498x446S2a20c482x430S11520498x469S10120498x503S14a20498x537S1f720493x556
Judá,,1695,M519x561S19220498x455S2a20c482x439S11520498x478S10120498x512S1f720493x546
juego,,852,AS36d00S19a00S19a08S2ea00S2ea10S2fd04M554x522S19a00507x492S19a08466x493S36d00479x478S2ea00539x491S2ea10445x496S2fd04487x516
juego,,887,AS1ea02S20337S27000S34000S36d00S37602S3760aS20310S20314S22f00S22f10S14c3aS15001S2d801S20304S20500S1ea00S22820S21100M573x663S20337490x454S1ea02506x436S27000533x433S37602458x508S3760a520x507S34000480x482S20310532x498S20314450x495S22f00530x480S22f10447x477S14c3a478x594S2d801476x558S20304487x592S1ea00520x642S22820528x631S21100555x628S36d00481x521S20500478x592S15001518x551
juego de croquet,,903,AS20350S20358S26606S26602S26606S26602S2f700S20358S20350S20b00S26612M552x556S20350500x452S20358484x452S26606518x445S26602520x459S26606522x473S26602521x486S2f700506x492S20358483x540S20350500x540S26612449x540S20b00491x525
juego de fútbol,,926,AS15d09S15d04S26b00S20c00M529x520S20c00500x507S26b00502x480S15d09471x483S15d04480x485
juego go,,855,AS30007S30000S30001S18507S1850fS20500S20500S20500S20500S20500S2fd04M535x530S18507516x490S1850f462x495S20500507x494S20500503x475S30007483x483S30000483x483S30001482x483S20500491x494S20500479x484S20500490x479S2fd04492x524
jueves,,3235,AS19220S2ee0bM520x514S19220481x486S2ee0b501x492
juez,,752,AS36d00S19202S1920aS22b04S22b00S22b10S22b14S19202S1920aS22b04S22b14S2f700S2f700S36d00S15a40S15a48S22b04S22b14M543x614S36d00478x386S19202511x400S1920a474x435S22b04506x430S22b00521x430S22b04527x554S22b10484x399S22b14468x399S19202502x480S1920a473x481S22b04503x502S22b14474x501S2f700526x524S2f700456x524S36d00481x567S15a48459x584S22b14460x553S15a40529x587
juez,,3232,AS19202S1920aS22b00S22b14S22b04S22b10S22b04S22b10S22b04S22b14S15a40S15a48M552x570S19202512x429S1920a464x432S22b04507x458S22b00521x454S22b10448x457S22b10478x457S22b04536x457S22b14463x460S15a40509x504S15a48478x506S22b04507x540S22b14476x540
jugar,,3233,AS19202S1920aS2ea00S2ea10S2fd04M526x534S19202505x466S1920a474x476S2ea00511x489S2ea10482x499S2fd04492x528
jugo,,539,AS16c48S10000S2f000S33b00S16d40S22e00M547x521S16c48478x412S10000490x423S2f000509x421S16d40507x500S33b00482x483S22e00530x503
jugo,,1506,M581x540S34400482x482S16d10494x519S19228537x490S2df00560x491S2c304512x516
juguete,,865,AS19a48S19a40S2a530S2a530S14e50S14e58S22520S22520M547x576S14e50517x545S14e58462x545S22520454x531S22520515x530S19a40509x425S19a48458x427S2a530515x449S2a530462x453S26c26488x445
julio,,1405,M531x527S2b700501x474S19228510x508S15d08489x490S1dc20468x475
junco,,2280,M530x563S14408470x437S14408470x532S14400475x442S26d20503x458S17711489x510S22924469x509S21100475x520S22b07504x492
junio,,1401,M521x526S19200500x507S2b700491x474S15d08479x487
juntos,,813,AS32105S36d00S20318S20310S22a02S20500M554x549S36d00481x521S20310522x534S20318506x533S20500518x524S22a02539x535S32105478x483
"justicia, justo",,1624,M528x524S18220505x508S18228472x509S20500495x500S2e952480x476
juticalpa,,3236,AS19221S10e19S2ef00S20703M565x532S19221532x481S10e19505x484S37602489x493S20703497x469S2ef00547x477
juzgar,,1902,M552x530S19202512x469S1920a464x472S22b04507x498S22b00521x494S22b10448x497S22b10478x497S22b04536x497S22b14463x500
jw,,1265,M519x534S19220498x482S2a20c482x466S18720497x505
JY,,2587,M519x530S19220497x487S2a20c481x471S19a20491x510
K,k,1286,M515x515S14020486x485
k,,114,M512x516S14017488x485
Kevin David Castro,,2680,M552x547S33200482x482S20f10483x518S23404485x533S14001521x481
KFC,,1605,M558x598S31400480x515S33e00480x515S1f110504x533S1f118462x533S28806536x541S2881e438x541S1f10e495x552S22a04496x583S1f120477x487S22114458x475S33d00484x450
KFC,,1606,M518x578S33e00482x482S14212484x531S22a04494x563S20500495x518
kilometro,,1931,M515x530S14020486x471S18d20495x505
kimono,,372,M530x610S36d00474x390S15a03483x415S20500476x417S2d600482x402S36d00483x463S15a03485x482S20500474x487S15a0b507x493S20500510x513S2d608477x506S10e0c485x545S10012487x561S22a04503x595S21100504x578
km,,2534,M527x515S14020474x485S18d50507x490
kárate,,917,AS30806S36d00S3760bS37602S20307S20329S2e610S2e600S2fd04S22a03S22a13S2f700S2f700M570x565S20307481x530S36d00465x525S3760b504x521S20329525x513S37602466x526S30806469x478S22a03547x503S22a13500x519S2e610516x467S2e600530x468S2fd04514x505S2f700558x514S2f700494x549
L,l,1287,M512x515S1dc20488x485
l,,115,M512x515S1dc20488x485
libros,l,2352,M577x550S15d40551x449S15d40498x450S15d40446x451S15d48530x449S15d48477x450S15d48425x451S2a210527x479S2a210474x480S2a210422x481S2fb04543x513S2fb04490x514S2fb04438x515S2a208554x478S2a208501x479S2a208449x480S26822478x534
La Ceiba,,1429,M531x529S2031a516x514S37604484x482S1d412487x470S29302490x503
La Paz,,1436,M535x560S1dc20472x445S1f720501x460S26606485x441S14211505x537S14219472x536S28a09505x501S28a11466x503
La Paz,,1860,M518x518S14220480x462S2ff00482x483
labio,,330,M537x550S34400482x482S10000495x508S21100519x508S2e300514x523
labio,labios,1671,M533x535S34700482x482S10000495x505S2ed00516x509
laboratorio,,1548,M562x525S1dc28470x475S1dc20506x488S2e400533x492S2e418438x480
lacrosse,,918,AS36d00S37602S15027S17337S20800S28b0eS15001M553x538S15027525x473S28b0e478x484S36d00469x479S37602509x480S17337515x518S20800512x516S15001438x462
lado-der,,1212,M515x507S10e02485x492
lado-izq,,1211,M515x507S10e0a485x492
ladrón,,1237,AS20307S10e12S26506S11012M579x579S37800488x426S3770b489x435S10e12490x462S26506529x463S11012552x461S20307502x421S15a40551x499S15a48506x499S22c04549x537S22c14504x537
lagartija,,240,AS36d00S2fd04S32100S30354S14c28S14c20S26900S26910S22a00S26900S22a10S26910S22a00S26900S22a10S26910M568x570S14c28454x539S14c20525x531S22a00535x512S36d00479x533S32100485x491S30354496x475S26900552x545S26900550x495S22a00533x480S26900549x457S2fd04492x562S26910433x540S22a10457x519S22a10458x484S26910437x496S26910437x460
lago,,981,AS1dc50S1dc58S20500S2d806S2d81eS20500M548x532S1dc50504x496S1dc58477x495S20500499x521S20500496x468S2d806514x468S2d81e452x468
Lago Yojoa,,3286,AS1dc20S28a05S19a20M535x535S19a20507x515S1dc20464x466S28a05476x500
Lakís,,2276,M518x563S1dc20489x438S1f720492x472S14020483x491S19220497x525S20320497x548
lana,,419,AS18f11S21400S14c5aS20a00S2a501S2a51aM555x529S14c5a480x485S20a00537x479S18f11507x476S21400539x471S2a501530x501S2a51a445x488
langosta,,216,M532x609S15a18493x391S37900498x418S12810504x459S28800502x436S20500500x423S15a18494x513S37900499x539S16b10508x569S22104507x555S22104520x546S22a00512x594
langosta,,229,M544x550S17a1f461x459S17a17520x459S17a17523x531S17a1f457x528S22104512x528S22104478x526S22104482x461S22104508x462S2fd00489x516S2fd00490x451
Laodicea,,2569,M515x594S1dc20486x406S1f720489x440S17610494x459S10120494x479S19220494x513S16d10493x536S14a20494x560S1f720489x579
lejos,largo,1885,M523x529S20358471x471S37900478x486S36d00480x525S10052493x477S26604477x493S20e00478x477
las carreras de caballos,,912,AS15d48S11e04S20700S2bb20S2f700S36d00S10018S10010S26910S26900S2b700S2b711S2f700S2f700M554x575S15d48491x482S11e04487x449S20700513x474S2bb20495x429S10018471x544S10010515x545S2b700522x533S2b711456x531S26910441x555S26900538x557S2f700542x546S2f700442x545S2f700480x425S36d00479x564
lata,,610,AS10a12S17648S21300S23504S2d50aS20340S20348S20500S21600S21600M545x559S17648467x466S10a12475x458S21300455x442S23504508x462S2d50a490x482S20340503x529S20348494x544S21600507x520S21600488x537S20500510x543
lata,,1520,M523x527S16d48477x506S10611495x499S28909496x473
lata,,1659,M528x517S15a09461x491S20301467x496S27100488x497S36d00479x483
lata de pintura,,573,AS16d48S17e12S21000S22f04S15a51S27200M536x559S16d48464x467S17e12479x441S22f04484x466S21000465x490S15a51471x536S27200496x540
latigar,,2029,M530x530S20311509x470S22c03480x488S22a07497x516S2f700471x523S2f900507x510
lavadora de ropa,,671,M512x556S15612489x476S15616489x509S2e100489x527S2e100488x444
lavandería,,672,M586x601S36d00479x460S1f100514x468S1f108454x469S22100510x478S22100481x479S1f120521x585S1f128453x586S26806477x552S22110467x569S22110502x569S1f228515x415S1f220461x414S1f91a461x514S1f912513x513S26702421x400S26806536x400S2e000553x504
lavar-pie,,2009,M523x516S15a59477x493S1f851501x492S21100481x485
lavar-ropa,,2247,M541x535S14c50511x504S14c58467x504S20350512x465S20358471x465S26f00501x484S26f10458x484
Lazaro Noe Montoya,,2699,M544x530S31410482x483S1dc20520x482S22a04501x515S21100500x499
leche,,530,AS20340S21600S22b04S20348S21600S22b14S21600S22b04S21600S22b14S2fd04M536x540S20340508x461S21600508x481S20348477x462S21600525x481S22b04504x494S22b04520x493S22b14480x492S22b14464x492S21600484x481S21600467x481S2fd04490x534
leche,,1518,M531x528S20348474x493S20340511x494S22f04506x514S22f14470x514S2fd00487x472S21800511x483S21800472x483
leer,,2882,AS10e51S15d39S26607S22f04M535x533S15d39465x466S10e51480x482S22f04510x519S26607504x494
Lemhann,,1200,M516x588S1dc20492x412S14a20500x446S18d50495x465S11502485x494S1f720495x513S11950493x532S11950493x562
Lempira,,3283,AS1dc10S20600S30000M538x517S1dc10514x459S20600488x470S30000482x482
lengua,,331,M532x548S35904482x483S1ed0e492x518S22b04516x518
lengua,,1655,M539x525S10012509x510S35904482x483
lenguaje,,2782,AS10011S10019S2ea04S2ea48S1dc50S1dc58S26606S26612S2fb04S2fb04M566x539S1dc50504x462S1dc58472x462S26606536x477S26612433x478S2fb04492x498S2a304514x498S2a31c468x499
lenguaje de señas,,823,M558x547S1de20503x453S1de28476x470S2eb04532x456S2eb40457x469S1de20502x515S1de28476x516S26606528x529S26612442x531
leproso,,2010,M539x630S33100482x482S17e10509x499S17e10509x548S17e10515x594S20800499x500S20800499x549S20800505x595S2ef00515x515S2ef00515x564S2ef00521x610S14c19485x557S14c19484x601
lesbiana,,1068,M532x545S30004482x482S1dc01485x515S20600510x514
lesbiana,,2485,M532x545S30004482x482S1dc01485x515S20600510x514
LESHO,,1895,M534x543S2030a512x482S2030a511x522S3770c489x491S3770c486x530S1dc02504x458S20500505x473S20500502x516S11502504x508
letra del alfabeto,,830,M526x521S1dc28475x479S1f520502x493S20610482x510
Lev,,1799,M512x542S1dc20488x459S14a20496x493S10e20497x512
levantarle,,2455,M571x569S36d03453x528S14c37544x543S37605491x535S32405459x488S30101459x477S22a01530x538
levantarse,,1813,M527x591S30814475x460S37200474x516S37007475x582S32400478x420S32400478x479S32400479x545
levantarse,,1836,M511x532S15d30492x506S22b00489x469
Levitas,,2592,M516x588S1dc20487x412S14a20495x446S10e20495x465S19220495x499S1d220484x522S1f720490x554S20320495x573
ley,leyes,1782,M523x528S15d18478x498S1dc10499x472S20500499x504S20500499x517S22a04510x509
león,,145,M534x561S36100482x483S15004487x467S15008484x512S2b805515x463S22a14490x546S36230486x500
león,,2286,M534x561S36100482x483S15004487x467S15008484x512S2b805515x463S22a14490x546S36230486x500
libre,librar,3383,AS20331S20337S2a204S2a21cS3770bS37713M536x556S3770b488x468S37713490x469S2a204509x527S2a21c475x528S28b06492x503S28b1e470x504S1dc01475x445S1dc09502x444
librero,,681,M544x596S15a10501x410S15a18519x411S1f058493x478S15a18516x542S26712456x435S26f14457x405S15a10502x541S20500509x571S2df00491x574S2df08515x575S26514530x486
libro,,827,AS1dc40S1dc48S20500S2a308S2a310M526x536S1dc40502x465S1dc48475x464S20500496x470S2a308503x498S2a310474x500
libro,libros,3070,AS15a40S15a48S2a208S2a210S2fb04M525x535S15d40499x465S15d48478x465S2a210475x495S2fb04491x529S2a208502x494
libélula,,213,AS10e12S10e1aS22125S22123S2f700S2f700S28926S2892eS28926M570x546S10e12477x458S10e1a497x471S22125451x454S22123535x466S2f700558x459S2f700430x459S28926510x495S2892e488x513S28926508x531
licencia,,3285,AS1dc20S1dc28S20600M525x524S1dc20501x476S1dc28475x476S20600490x513
licor fuerte,,544,AS20348S1e640S20c00S33c00S1e640S22e00S2f700M540x551S20348484x434S1e640495x412S20c00466x418S1e640484x518S22e00510x533S2f700528x536S33c00482x483
Lije,,2541,M519x556S1dc20490x445S19220498x479S19220498x518S2a20c482x502S14a20498x541
límite,"límites, limitado, limitación, restricción",3053,AS15a12S15a16S20500S20500S36d00M535x518S15a12492x486S15a1a484x502S2ff00482x483S26504521x483S26514466x499
limpio,,3287,AS1dc51S15a39S21100S26507M523x527S15a39500x487S26507503x473S21100490x486S1dc51477x504
limón,,479,M565x518S30006482x482S1dc20517x483S20500513x507S26900549x497S31600482x483S34e00482x482S32c00482x482
limón,,1444,M551x518S35300482x483S1dc20520x484S2c300525x465S31500482x483
lista,,2763,AS10002S14c0aS2890cM536x517S14c0a463x489S10002487x483S2890c521x488
lista-2,,2554,M532x516S10e0a469x484S10021502x484S20500495x483S20500493x496S22a04503x501
lista-3,,2770,AS10003S14c39S2890bS20500S20500S20500S20500S20500M536x517S11e0a464x489S10002487x483S2890c521x488
lista-3-1,,2771,AS10003S14c39S2890bS20500S20500S20500S20500S20500M526x517S11e0a474x490S10041505x487S20500485x483
lista-3-2,,2772,AS10003S14c39S2890bS20500S20500S20500S20500S20500M529x520S11e0a470x481S10041508x490S20500496x483
lista-3-3,,2773,AS10003S14c39S2890bS20500S20500S20500S20500S20500M527x528S11e0a474x472S10041506x498S20500497x488
lista-4,,2761,AS10002S1440aS2890cM542x517S10002493x483S2890c527x488S1440a458x489
lista-4-1,,3395,AS20500M533x515S10002503x487S1440a468x493S20500492x485
lista-4-2,,3396,AS20500M535x512S10002505x497S1440a465x488S20500495x491
lista-4-3,,3397,AS20500M533x517S10002503x502S1440a468x483S20500492x498
lista-4-4,,3398,AS20500M529x520S10002499x505S1440a470x480S20500488x501
lista-larga,,2762,AS10002S14c0aS22c04M537x524S14c0a464x483S10002487x477S22c04521x482
listo,,1744,M552x515S1dc50528x485S1dc58495x485S26722448x488
Litzy Alexandra Reyes Raudales,,2701,M541x517S31410482x482S20500512x489S1f720521x485
LL,,1288,M522x515S1dc20478x485S26506507x498
llama,,136,M535x524S30007474x488S30001474x488S11520504x463S11528466x463S36020487x508S33530468x502S33900522x505S30350487x477S2f700486x467S2f700523x495
llama,,2050,M516x539S10018499x509S14c00488x477S22520484x461
llama-apagarse,,2051,M517x529S10018501x499S22104483x484S17b10500x470
llama-desplazar,,2052,M550x542S10018449x503S14c00522x475S22520518x459S28b0a469x462S2f900451x537
llamar,llamado,1977,M522x528S11541498x494S11549479x501S26520491x472
llano,,3078,AS15a50S15a58S26606S26612M514x549S26600493x450S26614493x519S15a52486x486S15a5a487x500
llede,,1154,AS15a11S23207S33100M519x553S33100482x483S15a1f488x510S23400482x539
llegar,,2180,M527x518S15d39472x488S15d31486x495S26900511x498S20b00499x481
llevar,,2182,M530x528S14c38471x497S14c30506x497S28b2a476x473
llorar,,808,AS34700S30100S31500S15000S15008S22b07S22b11S22b07S36800S36810S36810S36810S36810M602x525S34700483x487S30100483x476S15000577x455S15008451x481S36800479x487S31500482x487S36810523x516S36810469x516S22b07532x488S22b07547x500S22b11427x470S36810532x516S36810461x516
llorar,,2071,M541x581S31600482x483S34100482x483S22c14464x539S10a08477x509S22c04508x529S22c04525x529S22c14482x539S10a00509x500
lluvia,,274,AS2ff00S14e20S14e28S23503S23513S22b03S22b03S22b13S22b13S22b03S22b13S14e51S14e5fM551x589S2ff00482x483S22b03500x512S22b13456x495S14e51474x560S14e5f407x523S23503493x539S23513423x498S22b03513x526S22b03527x536S22b13443x483S22b13430x470S14e20522x485S14e28466x456
lluvia,,1576,M533x524S15050507x476S15058467x476S22f04508x510S22f14467x510
lo siento,,1189,M521x564S36d01479x517S20300476x549S21100477x531S32103480x482
lo siento,,2305,M521x520S36d00479x480S2030e480x505S21100481x488
lobo,,150,M557x543S33200482x506S14c00506x512S2c701524x485S18501530x460S32107483x474S34e10490x492S30513495x460
loco,,2017,M566x518S33e00482x483S10012519x492S2e800551x483
lodo,,295,M538x515S17730507x499S17738479x500S22134463x487S22134506x486
loro,,196,AS30004S1eb20S20500S22104S22104M524x524S20500514x513S22104470x511S22104459x511S1eb20485x505S30004482x483
Lourdes Vega,,2686,M552x523S36a00482x477S1dc20528x491S20600504x509
Lovenia,,2235,M515x584S1dc20484x415S17620492x448S10e20493x466S14a20493x500S11920488x519S19220494x546S1f720489x569
Lucas,,2003,M512x563S1dc20488x437S11520496x471S16d20495x505S1f720491x529S20320496x548
LUCHA,,2136,M516x555S1dc20492x445S11520500x479S12d02485x513S1f720495x540
lucha,,932,AS10e0aS10e12S20a02S10e0aS10e1eS20a02S10e0aS10e12S20a02M530x564S10e0a472x461S10e12500x454S10e1e500x501S10e0a470x499S10e12500x546S10e0a471x549S20a02491x436S20a02491x481S20a02492x525
luchar,,2793,AS10013S10019S20500S26507S26513S2f900S2f900S2fb01M554x545S10013501x476S10019473x502S2fb01485x485S2e500531x455S2e510446x518
Lucille,,1197,M522x582S1dc20479x418S11520487x452S16d10486x486S19220487x510S1dc20478x533S26506507x546S14a20487x567
perdonar,lug:norte,1857,M541x550S21100514x469S20357506x500S15a12514x486S3780a492x518S26a00510x449
lugar,,1666,M535x534S1dc50506x504S1dc58478x504S2d806501x467S2d81e466x466
luna,,266,AS33200S1dc18S25600M521x520S33200482x483S1dc18497x490S25600491x451
luna,,3284,AS1dc10S26700S1f100S33100M518x517S1dc10483x486S1f100483x420S26700494x438S33100482x482
lunes,,1391,M515x532S1dc20484x467S2e404486x499
luz,,2262,M538x529S30004482x482S1dc10514x499S20600490x517
luz de tráfico,,717,M529x546S14c00473x467S14c08503x515S22230472x455S22230503x505S2fd00505x486
lv,,2258,M512x532S1dc20488x468S10e20496x502
lágrima,,809,AS31600S10001S10009S20e00S22a04S20e00S22a14S20e00S22a04S2fd04M532x565S31600482x483S10001511x535S10009468x500S22a04503x516S20e00502x501S20e00515x501S22a04515x517S20e00485x506S22a14485x519S2fd04487x542
lámpara,,620,AS36d00S20350S2030dS22b14S2f700S22104S36d00S20350S2030dS22b14S2f700S22100M559x590S20350528x411S2030d500x420S22b14499x445S22104547x419S2f700500x480S20350526x516S2030d500x524S22b14501x549S2f700504x583S22100545x527S36d00477x452S36d00480x555
lápiz,,833,AS30004S10012S26b04S20600M558x528S30004482x483S10012496x512S20600482x517S26b04531x504
lápiz,,2653,M533x530S2ff00482x482S10012503x511S20600491x519
lápiz labial,,429,M541x540S15f0a472x384S10000469x397S21300474x367S22a00479x349S2a530467x425S34700482x483S18109471x516S10000479x510S26c2a526x511S21100510x513
lástima,,3257,AS1c520S1c528S2eb34S2eb4cS2fb04M534x538S1c528466x463S1c520504x463S2eb34505x496S2eb4c474x497S2fb04491x532
Lázaro,,2053,M522x580S1dc20478x420S1f720481x454S10020486x477S2450a491x473S1f720481x511S11a20486x530S17620486x564
líder,,3076,AS15a49S17d41S20800S22b27M532x567S17d41484x453S20800496x478S15a49469x474S26627510x432S15a40510x505S15a48470x507S22b04508x536S22b14468x537
línea,,959,AS36d00S10020S22e04S22c03M525x523S10020510x483S22c03459x489S22e04491x477S36d00479x519
M,m,1275,M510x513S18d50490x488
m,,116,M508x509S20020493x491
Macedonia,,2572,M514x607S18d50488x394S1f720488x423S16d10492x442S14a20493x466S10120493x485S17610493x519S11950486x539S19220493x569S1f720488x592
madera,,2960,AS14741S1471aS21100S27101M521x529S1471a499x515S14741500x494S27101480x471S21100489x500
madera-frente-ojo,,3140,AS16d10S16d18S31400M525x518S31400482x483S16d10508x483S16d18499x484
maderas,,310,AS37906S17d58S2031aS20e00S26606S37906S15a11S2031aS27101S21100M535x555S37906478x516S20e00488x447S37906481x470S15a11496x503S27101508x529S2031a518x465S17d58462x451S26606500x445S2031a517x508S21100497x525
madero,,2961,AS14741S1471aS21100S27101S16d50S16d58S22b00S22b10M521x564S16d50502x543S16d58482x544S22b00505x508S22b10482x509S1471a497x480S14741498x459S27101478x436S21100487x465
madre,,790,M540x523S30006482x483S18c10516x493S20600518x481
mama,madre,1718,M539x525S30006482x483S18d10519x500
maestro,,730,AS30000S18510S18518S26504S26504S20500S20500S30000S15d40S15d48S22b04S22b14M537x562S30000481x457S18510501x455S18518471x456S20500503x445S20500482x446S26504513x437S26504472x437S30000483x509S15d40518x502S15d48464x503S22b04518x532S22b14469x532
maestro,,3210,AS18510S18518S26a00S26a10S15a40S15a48S22b04S22b14S2fb00S2ff00M548x594S2ff00482x482S18510522x492S18518453x491S2fb00495x467S26a00521x470S26a10460x469S15a40520x528S15a48481x530S22b04518x564S22b14478x564
magia,,3229,AS18d50S18d58S26500S26510S14c20S14c28S28909S28911M561x531S14c20538x470S14c28439x468S28909508x488S28911466x487S20320504x516S20328483x516
magnifying glass,,938,AS31510S31420S30825S16d18S1ea41S20500S26c22S26c22M518x562S31510482x486S31420482x486S30825493x479S16d18463x509S1ea41471x523S26c22438x507S26c22438x535S20500461x529
Malcolm,,2385,M583x516S18d50418x490S1f720442x500S1dc20466x485S16d10494x495S17610515x500S1dc20535x485S18d50563x490
maleta,,397,M562x527S36d00467x474S37706508x474S3790a512x474S20310504x512S23400525x512
malhumorado,,810,M522x562S30500481x479S35100481x485S36d00479x522S3760c489x523S37604477x521
malo,,1690,M523x583S15d3a494x550S22a04497x530S15d01500x509S15d50499x556S2ff00482x483
mama,,356,AS36d00S38511S38517S38511S15002S20500S26506S20500S26502S20500M521x531S36d00479x468S15002482x506S20500510x479S20500477x479S20500478x493S26506492x478S26502491x491
mancha,,969,AS36d10S1ce01S1ce09S20500S20500S20500S20500S20500S20500S20500S20500S20500M550x519S1ce01523x482S1ce09448x482S36d10479x487S20500492x491S20500511x489S20500476x487S20500511x504S20500477x504S20500488x505S20500498x499S20500481x496S20500503x493
mandar,"ordenar, mandato",2328,M518x562S30004482x483S10020499x512S2f710478x518S10028438x530S2f710460x528S26901477x530S26911457x543
mandar,"ordenar, mandato",2777,AS10010S26600S2f710S30004M518x561S30004482x483S10020499x512S2f710478x518S10028438x530S2f710460x528S26900482x526S26910457x543
mango,,481,AS36100S1533eS2b700S34400S20500S1ce10S26507M557x567S1533e485x473S2b700517x453S36100484x532S1ce10535x521S20500502x548S26507520x541S34400480x434
mango,,3145,AS16d32S22b04S36200M518x578S16d32490x521S22b04495x548S36200482x482
mangosta,,173,AS18527S16d0aS20800S21100S22c00S18527S16d0aS37800S20800S2e100S30126S22e04S30104S22b04M538x703S18527498x676S16d0a493x667S20800485x683S21100495x646S22c00486x601S18527491x533S16d0a490x567S37800499x559S20800486x585S2e100464x530S30126462x476S22e04518x543S30104502x478S22b04499x611
manguera de jardín,,564,AS20348S1ea50S2540aS34e00S20348S1ea40S21600S2710aM551x581S20348456x443S1ea50475x441S2540a501x440S1ea40516x516S20348457x521S2710a527x541S34e00482x483S21600527x510
mani,,515,M545x537S34700482x483S1ea10499x516S26900529x518
mano,,346,M542x525S14c00508x494S14c08466x494S22520458x475S22520510x475
mano,manos,1851,M542x525S14c00508x494S14c08466x494S22520458x475S22520510x475
mano-tocar,,2011,M521x525S14c11489x475S22a02470x484S36d01479x514
manos-juntos-arriba,manos-en-madero,1757,M533x533S15a21493x468S15a29483x469S3770b466x487S37703511x488S37701467x508S36d00476x529S3770a519x509
mantener,,1019,M552x540S14c57486x513S14c59449x509S1f757522x480S1f759480x466S26507512x499S26517475x492S22103472x459S22103543x499
mantequilla,,531,AS15d39S11541S20e00S26c03S26c03M538x522S15d39462x492S11541475x492S26c03501x489S26c03518x504S20e00492x478
mantequilla,,1497,M535x586S10001506x511S34300482x483S15d3a487x567S23d00493x530S21100522x557
mantis religiosa,,218,M582x536S37601466x496S37609520x496S10620517x470S10628459x471S2f720570x467S2f730415x468S26504543x465S26514438x466
manto,,373,M569x601S36d00479x453S1ee51503x399S1ee59471x399S22a04507x427S22a14480x426S20500507x442S20500481x442S14c02501x469S14c0a463x467S22b04515x495S22b14469x494S22520537x470S22520427x470S21100492x555S10e04474x557S10012475x586S22a04491x570
manzana,,468,M547x528S15002488x371S21100498x354S23600485x333S34400482x483S15000520x482S20500527x517S2b700521x452S15030521x416
manzana,,1454,M541x543S36d00477x388S15001477x421S3760a501x428S15001475x516S20e00515x404S36200481x482S23107498x410S2c300515x515
mapa,,718,M538x567S18630471x434S18630508x433S27902514x476S2790a463x476S14c00490x527S2e400463x534
mapache,,177,M573x518S31400482x483S10e02506x489S10e0a464x489S21100542x490S21100446x490S26506558x490S26512427x489
maquillaje,,432,M549x567S14c16478x401S19212487x381S21100519x387S26a04513x403S31400479x434S19200498x482S21100519x472S22f06535x466S31400480x478S22f06529x430S21100516x433S19200506x449S2ff00485x530S19200521x536S29204497x536
maquina de coser,,590,AS15d50S15d58S2c600S2c610S2c600S2c610S2c600S2c610M558x532S15d50499x468S15d58475x469S2c600504x504S2c610473x505S2c600522x504S2c600539x504S2c610458x506S2c610442x506
mar,,3376,AS20312S26502S14c11S2031aS20b00M597x519S2031a516x502S20312582x500S14c11517x480S20b00534x506S26502557x498S3781e484x507
maracuyá,,1456,M518x567S16d48444x544S10612465x552S10008499x510S34000482x483S22a07484x535
maravilloso,,3112,AS15d20S15d28S25a00S25a10M540x538S15d28468x511S15d20514x509S22b00518x475S22b10466x477S26500508x492S26500526x462S26510478x492S26510460x465
Marcos,,2002,M511x571S18d20490x430S1f720490x459S11a20495x478S16d20494x512S17620495x536S20320495x556
marinero,,778,AS30007S15a11S20500S26500S36d00S14444S20e00S26500S15b30S15b38S2dc26S2a400S2a410M543x682S30007479x482S15a11503x483S26500511x470S20500500x473S36d00479x550S26500451x561S20e00452x578S14444465x557S15b30514x616S15b38505x617S2dc26530x594S2a400511x646S2a410485x646
Mario Castellanos,,2693,M518x546S30004482x482S18d00494x521S20500496x510
mariposa,,210,AS14c31S14c39S20800S22135S22133M536x521S14c31478x494S14c39495x494S22135465x480S22133515x480S20800495x483
mariposa,,2984,AS14c01S14c09S22130S20800S22130M538x518S14c01477x490S14c09498x491S20800494x483S22130506x485S22130462x485
marrón,,951,M517x519S16d49497x494S16d41483x499S21100490x481
Marta,,2069,M515x563S18d20490x436S1f720490x465S11a20495x484S1f720489x548S1d320486x516
martes,,1392,M515x532S11e20485x467S2e404486x499
martillo,,566,M538x536S1f44f463x506S20341512x513S2b802483x495S2b802495x480S2b802509x465
Marvin Peralta,,1098,M541x517S2ff00482x482S18d12492x482S26506526x484
marzo,,1400,M521x528S15d08480x487S18d50501x503S2b700492x472
María,,1999,M547x522S18d11518x472S18d19453x470S2ff00481x482S36d00479x518S20500471x509S20500517x509S2890b509x484S28913463x482S20500504x477S20500486x476
María,,2070,M513x560S18d20487x440S1f720487x469S11a20492x488S19220492x522S1f720487x545
masticar,,2613,M533x518S36810488x506S36810477x506S36810466x506S30004497x483S33b00497x483
masturbación,,2368,M553x526S36d10479x473S20332492x511S27100513x509
matar,matarlo,3227,AS18d50S15d18S20e00S26501M528x523S15d18472x489S20e00491x495S26501495x477S18d50508x498
matemática,,1982,M530x524S26a02516x478S26a16470x493S20e00490x494S18d0a487x504S18d02485x476
Mateo,,1755,M515x558S18d20488x443S1f720488x472S14a20495x523S17620495x542S1d320486x491
Maurice,,1130,M513x589S18d50487x411S1f720487x440S11520492x459S11a20492x493S19220492x527S16d10491x550S14a20492x574
mayo,,1404,M532x528S15d08492x490S19a20469x488S18d20512x503S2b700503x472
Mayorlin Olivera,,2707,M537x529S33b00482x483S18d20517x493S20e00505x498S22a04508x514
mazo de cartas,,861,M524x598S14408402x414S14408412x566S17700456x439S37a06476x445S28a12428x402S1770a457x421S21000483x422S1ea01419x547S26706453x582S27000455x552
maíz,,503,AS34800S32407S17310S17318S2c300S2c310S26726M556x569S34800482x483S32407482x483S17310509x527S17318435x528S26726471x553S2c300530x520S2c310454x525
mañana,,1363,M554x530S2ff00482x483S10020519x498S26900538x512S20e00523x495
Mc Donald's,,1274,M540x526S18d58478x501S28e0a504x474S28e12460x474S18d50501x501
Mc Donald's,,1596,M566x523S18d20546x498S18d28434x497S28b12454x477S28b0a502x477
mecánico,,733,M538x573S10048465x459S10e02466x454S21302465x428S23504501x457S14c40496x508S14c48463x508S22b04499x543S22b14467x543
medicina,,451,M541x538S14c39482x446S1ce51478x418S20500489x457S1ce00519x490S34700482x483S26900493x520
medio,,2401,M531x516S10029470x485S10011489x486S26505518x496S20e00505x484
meditar,,2908,AS11a00S2e500S2ff00M558x518S2ff00482x483S2e500535x472S2e518442x471S18d11507x480S18d19464x481S2fd00487x463
Medo,,1168,M511x549S18d50490x451S14a20495x480S10120495x499S17610495x533
medusa,,233,AS14c51S22133S23407S17711M533x534S14c51468x508S17711514x466S23407487x482S22133484x493
mejilla,,328,M551x526S32a10482x483S10a00516x499S2e734535x501
mejor,,3092,AS15d01S28806S1f502S2ff00M583x529S2ff00482x482S1f540568x496S15d01498x506S28806539x510S20e00523x506
progresar,"mejorar, poco-a-poco",1767,M535x528S20357514x472S3790b481x489S15a41506x479S20500501x491S20500490x501S20500480x511
mejía-arrugado,,2645,M570x545S22a04511x528S17707505x505S1770f474x505S22a14479x530S2f800532x528S2f800427x528S34300482x482S31b00482x482
melisa,,2678,M541x529S2ff00482x482S18d11512x475S22b04518x499
Melisa,,2688,M559x518S30b10482x483S18d11530x477S20e00498x478S26506513x479
melocotón,,469,AS30006S15710S22104S21100S34400S17e07S26504S34f00S17e07S26500M542x593S15710519x429S22104530x419S21100515x414S17e07504x501S34400483x477S26500519x560S26504521x493S30006483x423S34f00482x543S17e07505x567
melon,,483,M533x563S14c38467x438S15d40479x468S26500492x448S20e00493x466S14c38480x515S1ce50498x533S20e00506x519S26500503x502S22104521x549
melón,,1460,M537x529S16d50501x471S16d58481x471S16d38482x509S16d30502x509S2890c522x485S28914463x485
memorial,,2037,M555x518S30007482x483S18d00515x482S2d509536x484
memorisar,,3309,AS1f510S2ed00S2ff00M533x517S1f510496x480S2ff00482x482S2ed00516x466
menos,negativo,1994,M518x514S10012488x497S15d28481x487
menta,,525,AS16d48S1ce52S26600S26600S16d48S15a10S23504S26602M536x588S16d48474x445S1ce52469x413S15a10507x533S16d48476x528S23504464x552S26602469x572S26600520x422S26600502x421
mente,,2039,M550x517S2ff00482x482S10043520x455S20603506x473
mentira,,1935,M525x530S30004482x483S18d10505x505S26502475x516S20e00494x516
mercado,,3024,AS15030S15038S2ea06S2ea12M531x528S15030504x472S15038469x472S2ea06506x512S2ea12469x513
Mercy Ferrera,,1101,M552x539S30007482x483S18d11518x481S29a04537x504
Meroz,,1246,M521x569S18d50480x431S14a20485x460S11a20485x479S17610485x513S10020485x539S2450a490x533
mes,,1013,M518x539S15a18482x469S1f720496x462S20e00503x482S22c04502x497
mes,,1397,M521x531S15d18479x469S1f720501x471S22b04499x501S20e00500x488
mesa,,2581,M534x520S15d59466x480S18d31503x499S20600481x494S22f00479x506
Mesías,mesianico,1663,M546x543S36d00479x456S20500470x478S20500536x532S22c05502x496S21100490x483S18d11468x466
meta,,1654,M525x517S10018474x487S18d11496x495S26501480x484
metal,,293,AS1001cS10602S21d02S20c02S20351S20337S22a04S22a10S21600S21600S20500M531x558S1001c469x442S10602505x461S20500483x502S21d02496x457S20c02483x450S20337479x513S20351491x508S21600494x500S21600489x533S22a04495x483S22a10488x543
metal,,2828,AS10610S26b00S20f00S30004M544x545S10610490x519S30004482x483S20f00518x523S26b00517x503
metiche,,1210,M524x533S33100482x482S10001503x503S20600474x494
mezcladora,,634,AS1543eS20303S2a50dM523x527S1543e477x512S20303484x496S2a50d498x474
mi,"mis, mío",1376,M513x526S26504495x497S20500497x515S15d02486x475
microscopio,,939,AS30104S31410S37701S37709S20340S20348S21100S27006S27012M540x564S30104482x477S31410482x487S20340501x503S20348500x524S21100514x484S37701508x520S37709500x539S27006522x496S27012478x524
microscopio,,3373,AS20311S20319S2ee06S2ee1bS20500S31410S31620M563x517S20319515x482S20311523x482S31410482x482S2ee06540x473S2ee1b507x463S31620482x482S20500501x496
miedo,,806,AS30d00S34200S36d00S1851eS20500S22130M521x555S30d00482x484S1851e486x530S36d00479x521S22130446x532S34200482x482S20500492x529
miedo,,1971,M521x560S1851e484x535S22110455x546S36d00479x530S30f00482x483S34300482x483
miel,,527,AS10050S16c39S20e00S26504S34500S10000S20e00S22a04M530x533S16c39460x402S10050480x418S20e00489x396S34500482x483S10000485x503S20e00518x500S22a04517x517S26504488x415
miel,,1502,M541x542S1d410512x447S1503f453x475S29a02477x461S35a04490x483S10001511x512S28a05478x508S20e00476x484S37602474x503
miel,,2818,AS10050S16c39S20e00S26504S34500S10000S20e00S22a04M530x533S16c3f457x405S10050480x418S20e00489x396S34500482x483S10000485x503S20e00518x500S22a04517x517S26504488x415
miel,,3149,AS16d4fS10003S20e00S28a07S34400S10001S20500S36100S37604S20312S1920cS25604S20b00M523x558S16d4f441x531S10003454x518S28a07476x518S10001502x509S20500503x496S20e00458x546S34400482x482
mil,,2341,M539x514S15d18460x487S20500481x496S20500481x496S26502524x492S18d12494x491
milagro,,3228,AS18d50S18d58S26500S26510S14c20S14c28S28909S28911M579x534S26500507x490S26510477x490S14c20556x468S14c28421x466S28909526x486S28911448x485S18d50502x509S18d58481x509
millón,,2809,AS10028S26502S15a12S15a18S20500S22a00S20500M551x517S20500464x501S20500464x487S15a12477x500S15a18450x485S22a00474x483S26502513x499S10028536x487
millón,,3054,AS15a12S15a18S20500S20500S22a00M527x514S20500487x503S20500487x489S15a12500x502S15a18473x487S22a00497x485
minero,,732,AS30000S37703S20320S20500S22100S2ff00S16d1aS16c20S23000S22e00M559x571S30000485x454S20320495x449S22100498x439S16d1a483x516S2ff00476x511S16c20493x550S23000519x551S22e00542x551S37703502x464S20500508x450
mini-falda,,2125,M565x565S36d12478x486S15a1e507x523S37a00519x517S15a16465x523S37a00477x515S3770b457x486S37703520x487S37701458x505S37709534x508S37500480x436S26506550x524S26512435x524S21100536x523S21100451x523
minutos,,2557,M527x527S15d18472x497S10020512x497S26900510x474S21100495x504
Miqueas,,1979,M516x583S18d20490x417S19220495x446S1f051484x469S11520495x496S14a20495x530S1f720490x549S20320495x568
mirar,mirarlo,2873,AS10e50S22a07S32107M542x537S32107482x483S22a07529x483S10e50507x507
mirar,,2874,AS10e50S26a00S32400M545x521S10e50523x491S32400482x482S26a00518x474
mirar,mirarlo,2875,AS10e50S32400S26600M535x537S32400482x483S26600519x488S10e50507x507
mirar,,2880,AS10e50S32400S26600M542x520S32401482x482S26501513x475S10e51512x495
mirar,,2883,AS10e51S26507S32407M542x520S32407482x482S26507518x471S10e51512x495
"mirar, alrededor, observar",mirarlo,2881,AS10e50S32400S26600M541x571S32400482x482S10e50526x491S10e58462x509S2e600508x522S2e618470x538
mirar-4-ad,,2219,M591x552S14420505x516S14419562x486S14428474x519S14419531x489S28806538x526S28816528x540S32705482x482
mirar-4-ib,,2220,M527x556S14420505x516S14413418x524S14428474x519S14413387x527S28802452x527S28812442x541S32103482x482
mirar-abajo,mirarlo,2868,AS10e50S22a03S32103M522x537S32103482x483S22a03487x523S10e50507x507
mirar-cielo,,2872,AS10e50S22a07S32107M535x537S32107482x483S22a07522x489S10e50507x507
mirar-der,,1957,M518x517S32804482x482
mirar-izq,,1956,M518x517S32800482x482
mirar-izq,,2870,AS10e50S22a03S32103M523x528S32401477x483S36d01481x517
mirar-lado-a-lado,,2884,AS10e51S27206S32306M558x555S32306482x482S27206539x515S10e51514x493
mirar-lejos,,2392,M532x517S31b00482x482S14712496x476S20500522x485
mirarme,,2040,M545x556S32801482x483S10e20520x498S2d501480x529S2d507498x525S2df00524x535
mirarme,,2864,AS10e30S26903S2ff00M548x517S10e30533x471S26903518x498S2ff00482x482
mirarme-4,,2429,M576x548S14450554x507S14458411x507S32400482x483S2a200529x515S2a218436x515S1442b462x519S14453498x519
mirarse,,1781,M525x554S32401476x456S32407489x519S30200476x446S30201489x509
misionero,,2531,M521x525S36d00479x475S18d12467x489S2ee01478x506
mitra,,1125,M516x567S18d50490x434S19220495x463S1d220484x486S11a20495x518S1f720490x552
mitra,,1186,M516x567S18d50490x434S19220495x463S1d220484x486S11a20495x518S1f720490x552
miércoles,,1393,M523x514S18d10477x485S2e100500x485
mm,,2596,M568x517S18d20527x492S18d20548x492S35300482x482
mmm,,2597,M588x517S18d20568x492S18d20527x492S18d20548x492S35300482x482
Moab,,2326,M511x545S18d50490x455S17610495x484S1f720490x504S14720496x523
mochila,,398,M538x584S36d00481x437S20302511x492S2030a473x491S2b730518x417S2b741464x465S37400477x538S37402477x555S37400477x572S36d00479x483S20302515x445
modestia,,2127,M516x596S18d50490x405S17610495x434S10120495x454S14a20495x488S20320495x507S1d220484x526S19220495x558S1f720490x581
Moisés,,1834,M565x527S18d50504x502S18d58482x502S23c06504x474S23c1e470x476S22520533x472S22520435x477
molde,,1959,M537x510S17330501x490S17338480x490S26506522x493S26512463x494
moldear,,2160,M531x523S15048472x492S15040501x491S21810503x479S21810469x478
molestar,,2172,M524x541S15d18483x460S20c00455x474S37803494x486S3780a475x509S15d2f472x490
molino de viento,,626,M531x609S15a11500x401S15a19477x401S20500495x391S37600488x479S15a01469x460S15a09507x461S28f22472x505S28f2a477x539S28f22473x572
moneda,,723,M575x525S1ec18482x408S10b10533x419S2ff00482x483S2e400504x413S2e400546x490S10b10525x496
monedero,,396,M546x555S36d00479x460S2b730517x446S1ea51516x464S36d00479x516S1ea51518x498S15a1a504x543
monja,,761,AS36d00S11900S20e00S22b04S20e00S26606M521x532S36d00479x469S11900504x481S22b04493x502S26606491x507S20e00492x484S20e00476x507
monja budista,,762,AS33010S1d410S20800S36d00S1ce17S1ce1fM557x602S33010477x483S1d410519x489S20800521x490S36d00482x566S1ce17530x577S1ce1f455x579
monje,,763,AS2ff00S1ea10S1ea18S2b700S2b711S10018S10012S20500M558x573S1ea10520x487S2ff00482x483S1ea18455x486S2b700539x475S2b711444x476S10018488x543S10012485x549S20500492x536
monje budista,,764,M555x634S30004478x482S1f41e494x536S20f00483x518S22116483x534S36d00481x598S1ce17528x609S1ce1f458x611
mono,,159,M543x604S30000482x396S36d00479x436S15003493x446S1501a478x369S21812512x368S21813480x462S30007483x569S30001483x569S16d10512x507S16d18466x522S26504510x537S26514466x546S26504529x525S21600516x555S21600469x563S21600532x548S20310522x565S20318465x575S2fd00484x545
monopolio,,857,AS18551S18559S2ec32S2ec16S34000S36d00S3760aS37602S20310S20318S22f00S22f10M559x549S18551520x410S18559455x423S2ec32482x404S2ec16481x428S36d00479x522S20310535x496S20318452x492S3760a520x510S37602458x506S34000480x483S22f00534x477S22f10443x472
monstruo,,261,AS34c00S15001S15009S20500S20500S34c00S15010S15018S20500S20500S2e230S2e230S34c00S14c21S14c29M550x594S34c00481x407S15001497x430S15009471x428S20500483x420S20500487x481S34c00484x559S34c00483x465S20500504x422S20500506x482S14c21523x547S14c29457x555S2e230509x510S2e230472x505S15018469x483S15010505x481
montaña,,985,AS36d00S15d11S15d19S22c01S22c17S20500S36d00S37601S37609S2031cS20314S27102S27112M561x581S15d11508x465S15d19461x465S22c01493x433S22c17456x436S20500485x419S36d00479x554S37601467x541S37609520x541S2031c524x528S20314461x527S27102546x513S27112443x515S36d00477x488
montaña,"montañas, monte",1586,M564x526S15a50502x499S29d12436x475S29d0a513x476S15a58481x499
montaña,monte,1915,M551x521S18d11501x479S18d19469x479S22b01527x495S22b17449x497
monumento,,1796,M553x528S15a11501x473S15a19476x472S22c01520x495S22c17446x492
mora,,1458,M535x514S17718464x489S1f110484x493S20500482x502S26d02516x487
morder,,2288,M548x547S20351527x512S2035f473x526S22104523x503S22104468x522S36200482x493S30510490x480S30512491x487S30512490x472
morder,,2324,M518x517S36200482x482
moretón,,435,M563x553S10001509x459S2ff00486x518S20353518x511S26603537x493S2f700551x511S2ed00522x446S31410477x448
muerte,"morir, muerto muerta",1685,M539x617S20500495x533S15d01488x542S15d30520x591S15d51465x592S2a200493x584S36d00479x525S30a00479x482
morsa,,226,M550x550S31600514x482S1a15e500x505S37605451x506S15a56508x532S2da00468x523S20500485x539
mosca doméstica,,215,M553x606S37604485x419S2034a517x450S1da11528x395S29603501x417S20500496x445S37604482x559S2034a515x591S14c21501x553S20500497x583S26603528x539
mosquito,,217,M548x657S37604463x495S20342495x531S10043497x509S20500486x522S21b00497x513S31400502x483S37604464x607S20342497x642S20500488x631S14c21500x604S26603526x584
mostrar,,3226,AS18d12S15d18S20500S2d626M533x521S15d18466x494S20500486x488S2d626511x479S18d12486x498
motocicleta,,694,M553x528S20310467x474S20310524x473S28502448x507S2850a519x508
motor,,624,AS37906S37906S20302S2030aS23600S23614S21100M554x527S20302500x509S2030a484x512S21100491x473S23600501x494S23614460x493S37906514x516S37906446x519
mover-grupo,,1842,M542x511S16c40486x489S16c48458x490S29926510x493
mucho,"mucha, muchos, muchas",1661,M530x514S17737510x494S1773f469x495S2f900510x485S2f900477x487
muchedumbre,,3025,AS15050S15058S26600S26610S2fb00M530x516S15030504x485S15038469x485
muchedumbre-acercarse,,2413,AS15050S15058S26600S26610S2fb00M534x526S15030508x474S15038473x474S26513465x513S26503510x513
muchedumbre-avanzar,,3029,AS15050S15058S26600S26610S2fb00M556x516S15030478x485S15038443x485S26726514x494
muchedumbre-llegar-der,,3027,AS15050S15058S26600S26610S2fb00M524x516S15030498x485S26502476x498
muchedumbre-llegar-izq,,3026,AS15050S15058S26600S26610S2fb00M524x516S15038475x485S26506509x497
muchedumbre-seguir,seguir-persona,3028,AS15050S15058S26600S26610S2fb00M534x539S15038465x508S10020511x465S26517489x493S26507521x461
mucho gusto,,1350,M539x554S17707502x446S1770f461x447S27100499x466S1dc02471x530S36d00479x506S27110451x466S21100477x519
mucho gusto,,1855,M540x563S17707503x528S1770f462x529S27100500x548S1dc02471x462S36d00479x438S27110452x548S21100477x451
mudar,,2269,M541x522S17710521x507S17718482x507S28b22460x478
muerto,,442,M557x526S36a00482x477S10054459x493S22b06527x510S21100511x511
mujer,,788,M548x518S33010479x482S1d410519x490S20800523x491
mujer,,1639,M548x519S33010479x483S1ce10526x489S20800513x508
muleta,,448,M557x539S36d00478x462S14c02503x473S14c0a464x473S20500512x466S20500477x467S20310513x524S20318482x524S2bb00524x505S2bb10448x506S37700488x500S37700520x501
mundo,,779,M538x590S18c49482x423S18c41477x411S20500474x420S18c49481x501S18c41493x462S2e900523x455S2e940463x487S18c49479x564S18c41479x550S20500474x565
mundo,,3225,AS18d01S18d0aS20500S2e710S2e734M526x535S20500494x504S2e734510x466S2e710474x510S18d01485x491S18d0a493x513
murciélago,,180,M527x518S10a1a471x500S10a12501x500S34700482x483
muro,,2955,AS14720S14728S26506S26512S2fb00M537x517S14720504x495S14728484x495S26506522x502S26512462x502S2fb00493x484
muro-alrededor,,2956,AS14720S14728S27608S27610S2fb00M548x518S14720504x496S14728484x496S2fb00493x485S27608519x482S27610451x485
muro-alto,,3122,AS15d40S15d48S26606S26612S2fb00M526x568S15d40507x541S15d48477x541S22b00505x453S22b10479x453S2fb00493x528S30100482x477S32100482x488
musculatura,,1697,M551x565S37500483x436S2031e505x518S20316482x519S26a02507x537S26a16480x538S36d00479x496S37806450x526S37806518x525S3780b450x497S37803521x497
musculo,,3184,AS18158S20337S2880bS20500S37703S3770bM532x532S18110514x503S20319504x468S3770b489x483S37703489x505S28801512x489S20500493x501
muy lejos,muy largo,1886,M524x529S20358471x471S37900478x486S36d00480x525S10052494x479S20e00478x483S2760a482x498
muy malo!,,2402,M526x602S33300482x483S2f700512x559S31000482x483S34b00482x483S15d01503x510S15d3a479x568S15d50491x575S22b04496x535
muy-bueno,,1735,M523x581S2f900493x522S15d3a494x549S22a04497x529S15d01500x508S2ff00482x482S15d30502x555
muy-de-mañana,,2226,M555x531S17710535x516S17718511x516S28810524x488S28800543x486S31500482x482S33300482x482
muñeca,,345,M521x579S37700500x452S20310491x437S21000474x564S20a02505x458S26b02467x422S37700497x534S20310489x520S17218478x454S17d0a477x538
muñeca,,870,AS33010S1730aS1ea20S20800S26501S1730aS10050S20500S1730aS14c01S20f00S22f04M539x646S1730a458x502S33010479x483S1ea20516x503S20800525x494S1730a478x541S10050490x543S20500487x535S1730a485x603S26501513x471S14c01500x593S20f00502x616S22f04501x632
MWB,,2351,M511x543S18d20489x458S18620493x486S14720495x521
máquina,,3016,AS14e02S14e0aS20a00S23624M530x533S14e02499x473S14e0a470x467S23624477x516S20a00487x497
más,,3207,AS18510S18518S20600M526x516S18510501x501S18518475x501S20600488x483
más,,3208,AS18510S18518S20600M542x529S18510483x474S18536527x504S18518457x474S28801518x471
más-adelante,,2632,M523x532S14c21476x506S2ef00505x512S26700497x467
más-o-menos,,2978,AS14c00S14c08S2e208S2e210S2fb00M512x535S14c40487x465S2a408487x499
máscara,,404,M525x594S1ce10503x448S1ce18478x448S2ff00485x459S1ce10500x499S37400479x565S37402479x582S10019486x528S2ff00484x506
mínimo,,1446,M549x524S10008499x476S28a03466x476S28a0b504x476S17717529x505S1770f451x505
N,n,1289,M511x513S11950489x487
n,,117,M508x509S1fe20493x491
Nabot,,1216,M515x562S11950490x439S1f720492x469S14720498x488S17610497x514S1d220486x534
Nabucodonsor,,2263,M512x663S11950489x337S1f720491x367S14720497x386S11520496x412S16d10495x446S17610496x470S10120496x490S17610496x524S11950489x544S17610496x574S20320496x594S17610496x613S11a20496x633
nacer,,1749,M521x538S36d12479x462S15a1a478x495S20340499x508S2c602487x520
nacer,,3123,AS15d40S15d48S2c600S2c611S2fb04S36d12M544x522S15d40525x495S15d48452x494S2c600504x491S2c611473x491S2fb04491x513S36d12479x478
nación,naciones,1667,M546x536S22a04519x482S2e90e506x464S2031a512x521S11912516x502S37706487x527
nada,no-hay,3151,AS17610S17618S27106S27112S2fb04S35100M538x536S17610520x464S17618463x465S27106523x487S27112465x488S2fb04493x530
nadar,,1147,M565x531S17850510x469S17858451x472S2c605517x497S2c605532x497S2c605547x497S2c614434x496S2c614449x496S2c614464x496S2fd04486x525
nalgas,,357,M543x533S15028466x479S15020506x467S23600504x504S23614458x516
Nancy,,2637,M515x562S11950486x439S1f720488x469S11950486x488S16d10492x518S19a20487x542
naranja,,480,AS31600S33b00S33600S15048S26906S20307M524x561S26906490x545S31600482x482S33600476x482S15048474x508S20307503x520S33b00482x483
naranja,,948,M544x520S30006482x483S20322520x492S21100515x475S21810516x512
naranja,,1455,M532x569S15001494x511S35000468x482S37609518x521S2df07497x545S22104511x502
nariz,,319,M542x518S33100482x483S10012494x500S22a04527x486S26504528x502S21100526x470
Nathanaël,,2611,M517x609S11950492x392S1f720494x422S1d220488x441S11502484x473S1f720494x492S11950492x511S1f720494x541S14a20499x560S1dc20491x579
Natán,,2423,M515x563S11950490x437S1f720492x467S1d220486x486S1f720492x518S11950490x537
nauseas,,1527,M543x542S3760e513x459S37606456x463S14c03500x515S14c0b471x516S2b710478x479S2b701503x479S20e00486x504S20e00502x504
navidad,,2447,M541x535S15d5a514x514S37906474x519S37905486x503S11952460x497S20500462x524S28b0a484x465
Navidad,,1041,M541x535S15d5a514x514S37906474x519S37905486x503S11952460x497S20500462x524S28b0a484x465
Nazaret,,2724,M524x595S11950481x406S1f720483x436S10020488x461S2450a493x455S1f720483x495S11a20488x514S14a20488x548S1d220477x567
nazi,,1077,M522x554S11950479x446S1f720481x476S10020486x501S2450a491x495S19220486x535
neblina,,1161,AS2ff00S14c00S14c08S28a01S28a19S14c0aS14c02M570x562S14c01544x535S14c09428x535S28a01531x501S28a19436x501S31500482x482S34500482x482
necesidades,,2372,M537x537S10641502x463S22a04496x489S22a04500x508S22a04490x522S14c0a464x492S28b0c517x493
necesidades,,2830,AS10620S23004M541x545S10641493x455S22a04505x485S22a04520x492S22a04528x511S22a04516x524S22a04501x530S14c0a460x472
Neftalí,,1252,M516x594S11950488x407S14a20495x437S1ce20494x456S1d220484x490S1f720490x522S1dc20487x541S19220495x575
negro,,942,M537x524S15d39463x485S11951471x505S26a07498x476S26a07516x496S20e00490x491
negro,,1774,M526x518S15d39474x490S11952500x483S20600491x507
Nehemías,,2594,M518x587S11950490x414S14a20497x444S11502482x463S14a20497x482S18d50492x501S19220497x530S1f720492x553S20320497x572
Nely,,2689,M517x519S15a18482x484S11950492x493S20600495x481
Nidia Hernández,,1109,M560x517S11920539x490S2ff00482x482S20602523x488
nido,,243,M523x514S15d39477x491S17e11497x487S20500486x497
nido,,2954,AS14420S14428S2d706S2d71eS14430S14438M550x565S14430497x434S14438480x434S2d706523x453S2d71e451x452S14c39487x538S15651488x515S20500492x548S22a04511x522S14428478x463S14420500x462
niebla,,270,AS2ff00S14c00S14c08S28a01S28a19S14c0aS14c02M572x565S2ff00482x483S14c0a500x492S14c02476x488S14c00549x534S14c08431x531S28a01535x496S28a19449x499
nieta,,1825,M529x523S36d00479x491S11912504x506S20f00475x504S2c600481x477S2c600466x478
nieto,,1824,M527x526S3790a489x486S27107461x497S20338501x474S21100484x491S11952501x498
nieve,,272,AS2ff00S14c20S14c28S22530S22530S29e24M545x572S14c20508x482S14c28471x483S22530503x461S22530456x460S29e24482x521S2ff00482x482
nieve,,1573,M537x542S14c20512x474S14c28466x474S22524462x459S22524505x458S29904516x510S29914471x509
nisán,,2032,M514x559S11920487x442S19220493x472S20320493x495S1f720488x514S11920487x533
niña,,785,AS36d00S33010S1d410S20800S18020S22b04M544x577S36d00476x518S33010481x483S1d410515x492S20800520x484S18020494x562S22b04499x526
niño,niña,1891,M557x575S18220534x560S22a04508x526S30004482x482S11500489x508S20e00509x513S22a05525x542
niños,niñas,1863,M590x586S18220506x547S22a04518x569S22a04547x570S22a04577x571S26506531x562S26506561x563S22a04508x526S30004482x482S11500489x508S20e00509x513
niño,,783,AS36d00S30004S11900S20500S36d00S18220S2d608M542x580S11900500x515S30004477x483S20500494x509S18220487x565S2d608513x568S36d00479x523S36d00482x551
niño,,784,AS36d00S18020S22a04M521x520S18020488x486S22a04497x505S36d00479x480
No,,3322,AS1f540S38404S30126S30e00S20e00S22a04S18051S15d38S20600S26500M518x524S30e00482x489S30126482x476
no,,1353,M514x513S13f20485x498S22104485x487
no,no-cabeza,2095,M518x524S30126482x476
no saber,,3091,AS15d01S28108S30007M539x518S30007482x483S15d01516x483S28108519x451
no saber,,3153,AS17610S26c0aS30000M518x517S30000482x482S17610494x479S26c0a493x452
no-creer,no-creencia,1024,M538x566S30007482x489S10053509x465S22b04522x492S20800522x555S16d51516x532S16d39500x546S30322482x476
no-creer,,2463,M538x566S30007482x489S10053509x465S22b04522x492S20800522x555S16d51516x532S16d39500x546S30322482x476
no-debe,,2837,AS10650S23004S30322M537x574S10650509x526S23004512x556S30322482x476
no-entender,,2754,AS10000S21d00S30322M545x524S10000522x472S21d00527x462S30322482x476
no-gustar,,1876,M521x567S1dc00475x537S36d00479x531S20e00461x552S30322482x476S2d60d432x538
no-importa,,3093,AS15d02S15d0aS20e00S26c04S26c10S2fb00M535x525S26c10465x483S2fb00493x474S26c04508x480S20e00494x487S15d02494x501S15d0a479x506
ya-no,no-más,3085,AS15a51S15a59S2d708S2d710M556x560S15a51494x533S15a59492x537S2d708517x521S2d710449x524S30126482x476
sin-cesar,no-parar,3128,AS15d41S15d39S20b00S30122M533x587S30122482x476S15d39492x558S15d41510x540S20b00503x574
no-puede,"no-se-puede, no-puedo",3392,AS20350S20350S22a04S22a14S2fb04M525x519S20350510x504S20350476x504S22a00508x482S2fb00491x487S22a10475x482
no-querer,no-quiere,3193,AS18222S21100S2c300S30006S30322M564x524S30006482x489S18222519x500S21100521x485S2c300538x493S30322482x476
no-saber,,2353,AS17610S26c0aS30000M518x517S30000482x482S17610494x479S26c0a493x452
no-se,no-saber,3051,AS15a11S28108S30007S30322M540x524S30007482x489S15a11517x489S28108519x457S30322482x476
no-sirve,,2168,M587x530S33300482x482S14c02520x502S14c27561x473S28907559x503
no-tiene,,1155,AS15a1eS20500S36d00M529x570S15a1e464x558S37906489x564S20500472x545S36d00470x538S30322472x476
no-tiene,,2461,AS15a1eS20500S36d00M529x570S15a1e464x558S37906489x564S20500472x545S36d00470x538S30322472x476
no-tocar,,3259,AS1c551S2031aS20500S22a07S30322M545x572S1c551506x525S20500494x544S2031a491x557S22a07532x515S30322482x476
no-ver,no-verlo,2878,AS10e50S32400S26600M535x537S32400482x489S26600519x494S10e30503x507S30322482x476
no-vernos,,2877,AS10e50S32400S26600M540x537S3270a482x489S26c0a525x499S10e30503x507S30322482x476
no-vivir,,3337,AS1f702S1f70aS20e00S22a00S22a10S2fb00S36d00M537x588S2fb00491x541S20e00493x551S36d00479x528S22a00510x548S22a10475x547S10e02507x572S10e0a467x573S30322480x476
noche,,1005,AS36d00S17710S17710S14c19S14c19S28f06S22104S22104M556x550S36d00479x496S17710442x467S17710447x483S28f06470x513S14c19530x466S14c19517x451S22104429x480S22104446x501
noche,,2996,AS14c20S14c28S28903S2891bS22104S22104S17710S17718M552x540S17710499x524S17718475x525S14c20529x464S14c28447x460S2891b472x483S28903501x483S22104482x515S22104500x514
nogal,,518,M527x518S20310501x483S20318486x483S26906509x500S26902474x502
nombre,,1675,M522x525S11541498x491S11549479x498S20600489x476
nombres,,1686,M566x546S11541453x512S11541494x457S11541542x499S11549434x519S11549475x464S11549523x506S20500442x508S20500483x453S20500531x495S26527472x500S26525505x489
normal,,1850,M542x523S2031a512x508S11912517x481S37706487x514S2ef01498x478S20500511x497
norte,,1588,M511x530S11920490x504S22b00494x471
nosotros,,1614,M541x520S36d00479x480S20500516x509S11912516x489S20500482x509S26502494x492
nosotros-dos,,2381,M532x515S10e31468x485S27200492x491
noticiero,,2124,M522x586S2ff00482x482S11910503x505S11918476x505S2e00d501x535S2e015475x535S2fd04487x580
novia,,798,M549x570S33010479x483S20800521x491S1d410520x490S1f502497x546S1f50a481x546S20500491x542S21810514x548S21810451x545
novia,"novio, novias, novios",1630,M530x516S1f502501x492S1f50a483x492S21800512x484S21800470x484
noviembre,,1411,M521x529S2b700490x470S15d08478x486S11920500x503
novio,,799,M541x616S30004482x483S20f00487x519S1f41e499x533S22116489x536S1f502501x591S1f50a485x592S20500497x586S21810513x589S21810460x590
Noé,,2176,M521x527S15d39479x500S11951490x508S2b921479x474
nube,,268,AS38106S16d10S16d18S26606S26612S22140S22140S22100S22100M594x564S16d10524x544S16d18516x538S22140541x534S22140471x534S22100582x534S22100460x534S26606545x543S26612468x541S38106407x437
nube,,2671,M547x518S17d10504x460S17d18474x460S22134503x449S22134464x449S3760f527x467S37607454x468S32100482x483
nudillo,,350,M534x568S14c1a467x432S21800502x441S2031a468x494S10012485x491S2e700519x482S21100475x526S2031a467x543S10012484x552S2e700517x543S21100472x476
nuestro,"nuestra, nuestros, nuestras",1375,M527x527S20500517x503S20500477x503S36d00479x472S11912502x485S26502492x513S1191e462x483
Nueva York,,2308,AS19a51S15a39S27103S21100M531x526S19a51486x473S21100470x486S27103504x500S15d39474x501
nuevo,,3189,AS1821dS15a16S20e00S2880fM529x513S15a49478x487S2880f471x488S20e00494x499S1821d504x496
nuez,,514,M533x589S34800482x483S17710513x500S2031a494x573S16c10500x568S22104513x558S20a02489x552
Num,,1907,M511x545S11920490x456S11520496x486S18d20491x520
numero,,1346,M563x513S2c514438x488S2c504520x486S17710503x494S17718481x494
nunca,,3079,AS15a50S24003S2f900S15a40M528x547S15a50472x453S15a40496x520S28831493x465S2f700516x498S22b04494x483
nutria,,174,M537x588S15a21501x444S15a29472x443S2d610463x414S2d608508x412S2d608508x427S2d610465x427S37504478x500S37146472x549S18251499x571S18259465x569
número,,1,M563x521S14c00540x490S14c08438x489S26502525x504S26516462x503S18507500x493S1850f480x493S20500494x480
Números,,2342,M512x591S11950489x410S11520496x440S18d50491x474S14a20496x503S11a20496x522S17610496x556S20320496x576
O,,1291,M508x508S17610492x492
o,,118,M508x508S17610492x492
o,,2633,M548x580S14c51507x530S14c59473x531S30a00482x488S30200482x478S35100482x488S2ef01530x558S2ef11461x560
obedecer,,3150,AS17610S17618S26500S26510S2fb01S2ff00M535x524S2ff00482x482S26500517x458S26510453x489S2fb01479x463S17610519x482S17618454x508
obedecer-derecho,,3196,AS18500S18508S20500S26500S26510S14c38S14c30S2fb00S30000M552x525S2ff00482x483S26506537x472S26516466x496S2fb00488x467S17610519x483S17618454x509
obedecer-Dios,,3195,AS18500S18508S20500S26500S26510S14c38S14c30S2fb00S30000M546x517S2ff00482x482S22a07533x470S22a17462x489S2fb00480x461S17610519x482S17618449x501
obedecer-izq-diag,,3197,AS18500S18508S20500S26500S26510S14c38S14c30S2fb00S30000M535x524S2ff00482x482S26501504x468S26511443x494S2fb01459x477S17610519x482S17618454x508
obedecer-izquierda,,3194,AS18500S18508S20500S26500S26510S14c38S14c30S2fb00S30000M535x525S2ff00482x482S26502504x468S26512435x511S2fb01459x477S17610519x482S17618454x508
obedecer-Satanás,,3198,AS18500S18508S20500S26500S26510S14c38S14c30S2fb00S30000M535x517S2ff00482x482S22a01508x469S22a11437x488S2fb00480x461S17610519x482S17618449x501
obedezcame,,3152,AS17610S17618S2c605S2c615S2fb00S2ff00M537x517S2ff00482x482S2fb00480x445S17610515x446S17618452x465S2c605519x465S2c615460x487
obi,,414,M542x572S36d12481x428S15a0e467x474S15a40530x462S2d600496x470S36d12478x513S15a06495x557S15a48453x543S2d618467x547S15a0e480x560
octubre,,1410,M518x524S17610502x508S15d08481x490S2b700493x476
ocupado,,3161,AS17710S16d18S26b00M518x532S16d18481x467S17710495x472S2e00d497x494
océano,,979,M541x597S14c50503x403S14c58473x403S28b2e476x442S28b26475x461S28b2f459x459S22b26491x497S14c50507x548S14c58478x547S22520471x530S22520509x530S26504483x580S26514512x582
odiar,,3001,AS14c40S14c48S2fb00S2f900S2f900S1bb40S1bb48S30c00M530x544S14c40506x464S14c48469x464S2f900513x456S2f900477x456S1bb40504x516S1bb48471x516S26500512x499S26510471x500
odicea,,1190,M513x568S17610492x433S10120492x453S19220492x487S16d10491x510S14a20492x534S1f720487x553
oeste,,1592,M524x509S17618508x492S22b12476x493
oficina,,682,M548x606S15a50481x395S15a50516x395S26502455x402S26506532x401S15a18456x437S15a10536x437S22a04474x448S22a04517x446S15a30479x471S15a30511x473S26506453x481S26502532x478S14530476x516S14538510x515S22c04498x555S26500511x553S26500512x574S26500513x591
oficina,,2582,M536x529S17602473x499S1760e511x513S37806488x505S37806479x517S2d70f468x470S2d717509x488
Ohio,,2203,M518x539S17610497x461S11502482x481S19220497x500S17610497x523
ojo,,318,M518x541S31400482x483S10000492x510S20500502x497S20500489x497S26502476x527
ojo,,2751,AS10000S20500S31400M520x544S31400482x483S20500510x533S10000493x498
ojo-hacia-Dios-lo-siento,,2422,M521x570S30807482x478S32107482x487S36d03479x528S20300478x555S21100479x537
ojos,,2750,AS10000S20500S26502S20500S31400M520x545S26502491x531S31400482x483S20500510x533S20500479x533S10000493x498
ojos-abrir,,3297,AS1ee10S1ee18S22100S22100S2f700S2f710S31a00M539x517S31a00482x482S2f710475x456S1ee10513x475S22100476x466S2f700511x456S1ee18460x475S22100511x466
OK,,2679,M521x516S17620478x500S14020492x484
Olancho,,1434,M550x544S10e19467x496S37803520x489S37602450x505S10e01505x469S26c03514x456S20703487x481
olla sartén,,629,AS36d00S18130S18138S28807S2881fS36d00S20316S2031eS22a00S22a10M544x558S18130506x453S18138482x454S28807524x457S2881f459x456S36d00480x521S36d00478x443S20316518x542S2031e468x543S22a00528x524S22a10464x523
olvidar,,3098,AS15d02S20e00S26506S1f540S2ff00M578x517S15d02496x476S2ff00482x482S20e00526x483S26506541x483S1f540563x474
Omoa,,1422,M572x524S20312517x509S10050525x477S37604484x479S26a04545x490S20e00550x475
operar,,2193,M522x516S36d10479x484S1f712480x487S26506507x492S21100496x492
opinión,,3155,AS17610S2e500S2ff00M524x518S2ff00482x483S2e500496x455S17610508x481
opuesto,,2759,AS10002S1000aS2890aS28912M559x516S10002502x501S1000a466x501S28912440x484S2890a530x483
orar,,3102,AS15d10S15d18S2eb24M520x531S15d10501x469S15d18480x469S2eb24489x499
ordenador,,820,AS15a12S15a16S2c300S1545aS15452S23704S23714S22524S22524M579x549S15a16467x472S15a12464x460S2c300496x452S15452466x516S1545a504x508S23704540x508S23714421x510S22524502x527S22524460x536
oreja,,320,M539x556S33010479x483S10011518x488S2b705513x532S21100511x515
org,,1266,M516x535S17610500x466S11a20500x486S1f040485x520
organización,,3156,AS17620S17628S2d606S2d61eS17600S17608M540x519S17628483x503S17608483x480S17620501x503S17600501x480S2d606518x490S2d61e459x489
orgullo,,1034,M587x523S30100482x477S31b00482x488S1e112525x483S1e11a450x483S26606557x491S26612412x491
orgullo,,1797,M551x537S36e10482x525S30100477x477S31b00477x488S14c02518x492S22b00529x444S22520519x477
orgullo-1,,2444,M587x523S30100482x477S31b00482x488S1e112525x483S1e11a450x483S26606557x491S26612412x491
orina,,359,M530x526S1760a477x475S10010470x494S26900492x508S22e00513x508S2f900495x500
ornitorrinco,,175,M540x574S15a21495x459S15a29467x459S2d608497x442S2d610461x441S2d608498x427S2d610460x428S15d51491x537S16c18468x529S20700470x559S23700501x513
oro,,291,AS30006S33010S17610S20500S22b05S27209M573x548S17610516x509S30006479x483S33010479x483S22b05533x524S27209539x507S20500507x507
oro,,3154,AS17610S2e232S26600S33010M566x528S33010479x482S17610516x506S26600520x472S2e232534x509
oruga,,211,AS37605S20312S10012S26602S21100S21600S21600S21600M556x524S37605472x484S10012510x493S26602510x476S20312528x509S21100543x478S21600495x505S21600507x505S21600518x505
oscuridad,,2998,AS14c22S14c2aS23108S23110S23108S23110M569x524S14c22483x476S14c2a492x501S23108514x476S23110431x506S23108543x476S23110461x505
oso,,151,M533x585S36d00479x521S37600486x562S15001467x543S15009502x543S21810505x532S21810460x533S36100480x482
oso hormiguero,,155,M526x622S33d00482x404S1eb11491x437S21d00485x458S30154494x393S33d00480x490S17648488x537S10b13497x519S20700466x538S30154495x477S33b00484x573S1ea10503x601S36150492x589
otoño,,1011,AS37906S37900S15a1aS14c10S2e240S37700S14c10S17718S20500S26511S14c5aS14c5aS10000S20500S22b24S2e244M540x617S37906473x446S37900522x402S15a1a513x442S14c10511x383S2e240514x420S14c10516x474S37700526x505S17718497x488S20500513x500S14c5a448x465S26511478x479S22b24491x587S14c5a487x530S10000482x554S2e244489x589S20500501x554
otro,"otra, otros, otras",1660,M513x525S1f540488x501S28809493x475
otra vez,,1699,M521x517S15d38479x491S28802499x483S18250491x500
otra-vez,,2105,M522x517S15d38479x491S28802500x483S18250492x500
oval,,957,AS36d00S10c21S28b0cS28b08M534x528S28b08476x484S28b0c499x484S10c21507x472S36d00479x506
oveja,,140,M546x526S10e30516x481S15a5a515x514S37806484x519S22722536x474S20e00502x489S26f02486x475
oveja,,2859,AS10e30S15a5aS22712S20e00S26602S37816M529x531S37816484x510S10e30498x489S22712500x469S20e00477x517S26602444x515S2031a514x506
oye-izq,,2871,AS10e50S22a03S32103M523x534S32401477x483S36d01481x517S15d41429x487S23004432x516
oír,,2784,AS10011S20600S33010M543x538S33010479x482S10011518x508S20600521x496
P,p,1292,M514x515S14050485x485
p,,119,M516x512S14011485x488
pablo,,1264,M515x565S14050485x436S1f720494x470S14720500x489S1dc20491x515S17610499x549
Pablo,,1683,M515x527S1403e485x498S15a1a484x473S20600489x486
Pablo Gonzalez,,2131,M523x518S2ff00482x483S14013499x472S17613481x475S26502494x461
pachisi,,858,AS20331S26d07S26d07S22100S17759S28812S20331S26d07S26d07S22100S17759S2881aS20331S26d07S26d07S22100S17759S28812M559x595S20331494x412S26d07508x419S26d07525x436S22100481x405S17759471x451S28812452x444S20331498x496S26d07514x505S26d07532x522S22100489x487S17759443x515S2881a465x512S20331488x546S26d07502x555S26d07516x569S17759464x565S28812441x558S22100481x539
paciencia,,1889,M525x546S30004482x482S1f540492x520S22a04512x531S20e00512x515S20310492x529
paciente,,744,AS2ff00S36d00S11e01S11e09S21811S21813S22b14S22b04S2ff00S36d00S15d40S15d48S22b04S22b14M540x596S2ff00478x453S36d00477x492S11e01511x444S11e09452x448S21811497x431S21813465x431S22b14454x483S22b04524x481S15d40519x530S15d48462x529S22b04521x566S22b14464x566S2ff00481x513S36d00481x558
padre,,791,M539x518S33b00482x482S14210510x488S20600500x493
papá,Padre,1681,M551x523S33100482x482S14010522x493S20600500x504
padres,,1722,M554x528S2ff00482x483S20500514x507S20500514x488S14010525x498
pagar,,1820,M528x531S15d39472x495S14051495x470S26a07507x498S20f03495x510
pagar,,2038,M527x526S15d39473x499S14051496x474S26507508x502S20e00496x514
pagar,,2327,M525x533S15d3f496x510S14052495x490S26a01475x467S20f01486x481
pagar-me,,2329,M530x531S15d39474x495S14051471x469S26a05509x510S20f01496x498
paja,,316,M560x562S15a12470x459S14c28476x448S26e00501x447S22144465x438S15a26477x540S15a22502x529S29603532x531S29603441x534
paja-agarar-quitar,,2228,M535x526S1f410465x483S22104469x473S24106496x498
pajilla,,636,M527x565S34e00482x483S1ce10505x501S20500497x512S1ce18485x535
pala,,561,AS14c31S37803S17c37S20a01S26501S2b704S26501S2b704M535x541S14c31462x487S26501445x478S2b704430x471S17c37492x513S37803485x511S20a01514x509S26501449x463S2b704421x459
palabra,,2934,AS14010S10018S20600M519x524S10018485x494S20600481x476S14010490x479
paleta,,1503,M529x557S35a04482x488S30310482x477S10000486x525S23004504x539
palillo,,637,M526x566S14c39474x539S11a03495x536S20500480x549S33d00482x482S23400489x521
palito,,1142,M511x554S20348491x503S20340496x482S22b00495x446S22b14490x524
palmera,,303,AS2ff00S37802S37803S16c10S16c18S27100S27110S37800S37706S14c00S15a1aS23700S20500M599x641S16c10522x494S16c18492x497S37802533x514S37803499x517S2ff00449x483S14c00520x565S37800532x596S15a1a519x629S37706494x635S23700560x574S20500523x617S27100520x476S27110477x476
paloma,,189,M552x536S14c58478x467S14c50500x467S2a400527x465S2a410450x465S2a410449x498S2a400526x500
paloma,,2727,M549x614S14c58475x545S14c50497x545S2a400524x543S2a410447x543S2a410446x576S2a400523x578S1f120472x508S20500499x511S22214447x510S30004482x482
palomitas,,507,AS20310S20318S21d10S21d10S14c39S20500S1ce00S22b00S34700M546x556S20310525x431S20318472x432S21d10518x417S21d10462x417S14c39465x529S1ce00477x488S34700482x483S20500471x541S22b00494x520
pan,,501,AS20340S20348S20500S20331S20339S20500M521x533S20340497x480S20348484x480S20331500x510S20339480x512S20500493x467S20500495x507
pan,,1467,M525x531S1f540502x474S1f548484x474S20500495x469S2a208502x503S2a210476x502
panadero,,747,AS36d00S20339S20351S26a01S21801S2ff00S17610S17618S22b04S22b14S15d40S15d48M544x564S20339477x438S20351480x428S26a01505x434S21801518x448S15d40525x537S15d48461x537S22b04522x506S22b14464x504S36d00479x412S2ff00481x482S17610524x487S17618464x484
panal-redondo,,2718,M518x535S14c18489x472S2e110458x466S37800499x503S15410503x503
panda,,153,M532x518S30007482x483S30001482x483S16d11509x473S16d19471x473S20500522x493S20500470x493
pangolín,,157,M570x629S30004431x483S20800538x602S20b00537x587S15009505x586S15001466x584S37600488x606S36d00480x576S20b00450x588S20351533x517S30004534x483S20500507x517S10051477x517S36000483x482S20500450x519S20351430x520S20500556x519S20800452x604
pantalones,,379,M536x537S1850a463x513S18502521x512S22a00522x477S36d12479x463S22a10467x477S21100521x496S21100466x497
papas,,509,M525x519S20359476x498S11851494x481S20600482x494
papas,,1475,M543x523S37604483x478S2031a511x508S11812516x493S20600505x477
papaya,,1453,M552x513S15710499x487S15718481x486S26612448x491S26606522x490
papel,,834,M534x534S15d39467x511S15d51511x490S28a0e468x499S28a0e468x482S28a0e470x466S20c10491x521
papel,,2345,M528x529S15a39503x506S15a51505x499S2880f472x481S20e00489x505S2880f484x471
papel higiénico,,579,AS36d00S15a02S15a0aS2eb00S2eb44S36d00S15a04S2ed0dS15a02S22b00M563x569S15a02492x448S15a0a486x463S2eb00523x439S2eb44469x444S15a04551x542S15a02515x536S22b00523x503S2ed0d526x547S36d00479x506S36d00480x432
papelote,,878,AS32107S36d00S37602S3760eS20306S1ea27S23003M566x561S32107471x483S20306486x530S1ea27526x438S23003540x467S36d00465x522S37602465x522S3760e506x457
para,,1380,M568x518S2ff00482x483S10012514x486S2ef01550x481
para que,,1385,M568x580S30c00482x482S10012515x483S15d30502x554S26606523x562S2ef01550x477
paracaidismo,,919,AS1101aS28a12S11e16S11e16S2031aS22b00S15751S11e16S15751S24a24M536x614S11e16487x510S15751494x445S24a24481x552S1101a509x411S28a12478x387S11e16465x411S22b00498x460S2031a503x492S11e16506x591S15751502x544
parado,,2852,AS10e14S15a39M511x520S15a39488x497S10e14489x479
parado-bien,,2144,M517x517S15a3a483x505S10e04491x482S2f900506x498
paraguas,,394,M558x545S20300543x530S20318534x512S22b00533x477S2f700545x464S32107482x483
parar,,3127,AS15d41S15d39S20b00M521x523S15d39480x494S15d41498x476S20b00491x510
pararse,,2846,AS10e04S15d3aS20500M513x526S15d3a486x507S10e04493x473S20500495x514
paraíso,,2982,AS14c00S2ed01S1851fS2f900S2ff00M542x548S2ff00482x482S14c00519x494S2ed01519x472S1851f490x521S2f900486x522S14c50508x422S14c58477x422S2d506506x401S2d51e479x401
pared,,662,M575x580S16d10519x452S16d18498x476S28900524x477S28918494x443S28900525x421S28918500x501S16c20522x559S16c28471x559S26606545x563S26702425x562
partido de fútbol,,907,AS2ff00S1500aS20500S2c311S2ff00S36d00S1500aS16d17S31b00S36d03S16d10S26700M550x600S2ff00486x416S1500a487x420S20500480x416S2ff00485x482S1500a484x483S16d17529x485S36d00482x523S36d03476x589S16d10514x566S26700534x543S31b00477x550S2c311452x421
pasado,,1015,AS36d00S15d0aS15d02S2b705M540x514S15d0a477x487S15d02496x488S2b705526x486S36d00479x510
pasado mañana,,2802,AS10020S20e00S2c300S2ff00S2b900S10002M540x567S10020519x501S2ff00482x483S20e00522x500S2b900481x543S2c300514x473S10002503x548
pasaporte,,1607,M524x519S15d09476x480S11042497x488S20a10484x504
pasaporte,,2139,M525x555S15d39480x451S1f741492x445S20b00491x464S15a40499x485S15a48485x485S2a210475x515S2fb04491x549S2a208502x514
pasar-mano,,2282,M528x524S14c59472x485S10020492x494S22a00510x475S21300507x493
pasear,,2391,M530x523S10e20469x493S2dc05496x477
paso-a-paso,,3180,AS18040S18048S2b700S2b700S2b711S2b711S2fd04M538x533S18040507x498S18048466x510S2b700504x467S2b700519x467S2b711479x476S2b711461x475S2fd04499x527
pasta de dientes,,410,M539x522S1000a462x507S1e102471x478S1ea02518x483S26506501x482
pastilla,,2192,M541x538S14c39482x446S1ce51478x418S20500489x457S1ce00519x490S34700482x483S26900493x520
pastor,,1076,M571x517S2ff00482x482S14020517x470S23c04548x488
pastor,,1172,M531x544S14020470x456S23d04504x475S15a40517x517
pastor,,770,M560x529S14c38454x498S14020499x472S36d00479x520S26b00533x487
pastor,,2860,AS10e30S15a5aS22712S20e00S26602S37816M537x600S20302521x499S2030a522x529S32103483x482S16d40500x560S16d48488x580S20600482x585S37816480x452S10e30494x431S22712496x411S20e00473x459S26602440x457S2031a510x448
Pastor,,2498,M571x517S2ff00482x482S14020517x470S23c04548x488
pata,,251,AS20357S20351S23504S23514S2fd04S20313S10012S20500S20500M566x546S23504529x461S23514434x464S20357476x455S20351502x454S20313474x525S10012496x531S20500494x515S20500508x516S2fd04489x481
pataste,,1477,M535x532S2031a513x517S37604483x487S14012505x468S20600505x501
patinaje,,924,AS15d57S15d50S26b04S15d57S15d51S27105M549x570S26b04510x476S15d57470x431S15d50508x443S15d57452x533S15d51499x528S27105522x544
patinar sobre hielo,,916,AS15a47S15a49S26607S26516S26611S26502S26607S26516S26611S26502S26607S26516M533x589S15a47499x566S15a49468x563S26607511x531S26611470x504S26611469x437S26607507x474S26607511x411S26502507x508S26502510x445S26516482x413S26516481x474S26516482x538
pato,,143,M518x526S33d00482x483S13f20462x511S22114453x499
patín,,921,AS11037S11039S26607S26516S26611S26502S26607S26516S26611S26502M535x580S11037494x552S11039466x543S26516481x526S26502516x487S26502512x420S26516479x454S26607513x523S26611471x489S26607511x453S26611469x423
pavo,,144,M520x524S33100482x489S10a12494x505S20800500x493S21810463x507S30150490x477S30154501x477
pavo real,,197,M528x570S1f708468x454S20314489x455S1f708469x530S14c18493x515S2ef02510x459S21100482x473S37700496x431S37700502x545S20500484x515
payaso,,756,AS33100S15300S2ee00S36d00S15a40S15a48S22b04S22b14M538x625S33100482x483S15300520x486S2ee00513x516S15a40524x561S15a48464x559S22b04522x595S22b14462x594S36d00479x581
paz,,1963,M538x531S14211501x470S14219468x469S28a05509x501S28a1d461x501
país,países,2936,AS14012S21100S20307M526x531S37602489x470S21100485x498S14012488x502S20307505x471
pañal,,386,AS36d12S15a2bS15a02S2d500S20500S15a23S15a06S2d518S20500M568x522S15a02516x495S15a06458x496S15a23432x497S15a2b545x499S20500504x495S20500487x494S36d12479x485S2d518447x483S2d500536x479
pañuelo,,402,M542x565S2ff00483x435S15a22473x531S15a1a491x470S2ff00481x530S22e10525x462S26904464x515S28916478x485S2d600491x514
pecado,pecar,1732,M528x518S2ff00482x483S14012458x474S29c06491x479
pecado-feo,,2332,M527x567S2ff00481x459S14012457x450S29c06490x455S2ff00482x505S1dc00496x501S2df0c491x546
peces,,231,M528x549S15d40484x498S10048488x519S20500472x513S26720483x451S27202509x490
pecho,,340,M552x539S14e02510x487S14e0a462x483S36d00479x462S20500502x490S20500489x483S23600513x522S23614457x520
pedir,pedirle,1802,M531x531S15110485x469S16d39487x486S37701497x485S20a01510x485S26524494x516
pedir,pedirle,1830,M531x520S15110485x480S16d39487x497S37701497x496S20a01510x496S22a03467x506
Pedro,,1786,M551x517S33010479x482S14050522x483S26900515x458S20e00517x478
pegar,,2018,M525x514S15a40513x486S26902491x498S2f700476x504
pegar,,2137,M516x530S10018464x500S20302470x488S20c12450x477S27100467x470S37806484x494
pegar-casa,,2290,M533x520S15a10467x487S15d10479x493S20b00478x480S26502497x496S20310518x498
pegar-piquete,,1927,M524x528S20348475x513S2030f500x473S22f03490x484S2f720512x493
peinar,,3017,AS14e11S21100S26a05S2ff00M545x517S2ff00482x482S14e11503x463S26a05524x491S21100514x486
peine,,406,M529x518S2ff00482x483S15a03506x441S15d09503x461S2b723455x478S21100477x471S2b723464x486
pelaje,,250,AS37906S2031aS17711S22115S20f00S23007M566x527S2031a519x512S37906480x519S17711527x491S20f00540x514S22115513x485S23007534x473
pelear,,1711,M529x541S10e52499x473S10e0a473x481S10e02496x526S10e5a472x518S20700490x459S20700490x499
pelear espada,,1707,M525x532S20351476x468S22b05498x480S22b03499x482S22b05486x505S2f700513x525
peligro,peligroso,2945,AS14040S14048S20f00S22f00M519x538S14048490x463S14040482x508S20f00485x508S22f00485x494
pelo,,3282,AS1da10S20800S30007M533x517S1da10517x470S20800510x474S30007482x482
pelota,,882,AS36d10S20350S22e04S22b04S14c04S22b10M569x550S20350524x453S22e04552x450S14c04524x519S22b04524x484S22b10539x482S36d10479x479
pelota,,3036,AS15410S15418S27100S27114M565x513S15410506x487S15418476x488S27100525x494S27114434x496
peluche,,869,AS36d00S30803S16d0aS14c01S20500S26524S36d00S30803S14c01S16d0aS20f00S22f04M521x598S20500458x436S26524441x431S36d00479x566S30803481x435S36d00479x484S30803481x523S14c01449x442S16d0a448x458S14c01451x535S16d0a449x547S20f00453x570S22f04454x584
pelícano,,198,M539x531S16c10519x491S26616466x494S22104510x481S27210461x469S1470a502x495S20a02518x515
película,,838,AS14c20S15d1aS20500S27202S33b00S16c48S17740S22114S22f07S20600M524x578S15d1a473x439S14c20479x413S20500497x438S27202505x403S16c48458x557S33b00482x483S17740471x554S22f07492x522S22114473x543S20600500x502
película,,2158,M519x526S2031a480x511S14720480x487S27206500x475
pena,,2983,AS14c00S3080cS32104M518x527S32104482x486S14c00493x496S3080c482x479
pena,,3135,AS16d01S14c09S32104S32104S3080cS16d01S14c09S37602M528x571S32104492x514S3080c492x507S16d01476x491S16d01482x540S14c09491x468S14c09491x525S37602472x475S37602473x532S32104490x452
pendiente,,423,M582x543S20a00472x515S1ce10521x481S27200542x500S27210418x495S2fd04491x537S33000476x482S20a00512x516S1ce18457x481
pensar,,2783,AS10011S20500S30007M535x517S30007482x482S10011514x486S2f400522x469
Peor,,2339,M516x549S14051485x452S14a20498x480S17620498x499S11a20498x519
peor,,2123,M535x522S14041504x479S14049464x498S26702464x492S20e00472x500
pepino,,492,M539x522S20358461x486S14710525x479S23504484x484S26602501x506
pepino,,1476,M587x528S14050550x472S3760b485x489S17650513x482S23504550x510S26502538x491
pepsi,,1507,M540x522S36d00479x479S14002510x487S19210465x482S20500480x511S20500509x510S26602489x489
pequeño,,1970,M514x532S18220486x468S22c04498x490
pequeño,,1992,M531x517S1ed40505x482S1ed18470x483S22a02516x504S22a16477x504
poquito,pequeño,3304,AS1f110M515x508S1f110486x493
pera,,471,AS17d52S1533eS22a00S17752M513x544S1533e488x529S22a00495x481S17d52494x503S17752493x456
pera,,1459,M517x539S1ee12494x495S15436492x524S22b00501x460S22100484x473
perdedor,,935,AS30104S14c00S20500M530x523S14c00486x492S30104482x477S20500520x502
perder,,3170,AS17741S17749S22a04S22a14S14c52S14c5aM532x537S17741510x463S17749475x465S14c51505x510S14c59468x511S22a04511x491S22a14479x489
perdon,,1354,M521x515S1f801488x493S21100472x495S36d00479x484
perdonar,,1739,M521x558S1f801488x536S21100472x538S36d00479x527S31b00483x488S33b00483x488S30124483x477
perdonar,,3179,AS18012S15d38S20f00S26a00M514x539S15d38487x513S18012498x498S20f00485x461S26a00487x481
perdonar-me,,1158,AS18012S15d38S20f00S26a00M513x540S15d38486x514S18012497x499S20f00487x480S26a04486x460
perdonar-me,,2488,AS18012S15d38S20f00S26a00M513x540S15d38486x514S18012497x499S20f00487x480S26a04486x460
perdonarnos,,1740,M530x545S1f801487x463S21100471x465S36d00478x454S36d00480x505S11912505x514S20500510x534S20500479x534
perezoso,,179,M546x604S35100482x499S11810531x577S11818455x572S26902528x557S26916453x550S22a00531x538S22a10452x529S26902526x516S26916451x508S2fd04488x566S30156498x486S30152489x480S30156498x472S30152487x467
perfecto,,2939,AS14020S2e30fS26501S14008S20500M528x543S1401f473x512S22a03482x478S14011497x488S2e30c488x457
perilla de la puerta,,660,M527x514S15310492x489S15a18473x487S2e136511x490
periódico,,829,AS14020S14028S20500S22b06S22b12S14028S14020S20500S22d12M564x536S14020503x465S14028471x466S20500498x464S22b06534x473S22b12437x474S14028499x506S14020532x506S20500526x506S22d12439x514
periódico,,1557,M572x517S14248468x484S14240501x483S2d704533x502S2d71c427x503
pero,,1698,M535x519S10021496x498S10029477x497S2880a513x482S28812465x481
perro,,131,M532x561S35904469x483S37600476x538S10011460x520S11819493x523S27204419x532S33940510x503S33a40518x503S33940526x503
perro lazarillo,,457,M527x564S11019492x438S10011480x436S27200473x467S11019499x518S20311478x517S29426478x548
persa,,1925,M516x558S14051485x443S14a20498x471S11a20498x490S20320498x524S1f720493x543
persianas,,685,M550x525S15a06479x488S15a02491x509S2e000450x475S2e008529x496
persona,,1657,M531x538S14050501x461S14058469x461S22c04515x495S22c14469x496
persona alta,,972,AS10020S10028S21100S22b00M518x532S10020501x502S10028483x502S22b00502x469S21100504x500
persona pequeña,,973,M517x527S10020500x497S10028483x497S22a04504x490S21100503x474
persona-encontrar,,2007,M521x526S10020506x494S10000478x473S2d50d483x509
persona-ir,,2005,M519x516S10020504x484S2d50d481x499
persona-subir,,2016,M508x534S10e04493x504S22b00492x466
persona-venir,venir-izq-der,2004,M521x535S10000456x465S26605477x498S36d00479x531
persona-venir,venir-der-izq,2006,M535x537S10000520x464S26603499x499S36d00479x533
personal,,2937,AS14012S2e305S26504S20500S36d00M521x524S2e305468x476S36d00479x481S14012485x495S20500486x509S26504482x494
personalidad,,2938,AS14012S2e305S26504S36d00S15a40S15a48S22a04S22a14M521x553S15a40504x506S15a48487x506S22a04504x538S22a14489x537S2e305468x448S36d00479x453S14012485x467S20500486x481S26504482x466
personas-ir,,2209,AS10020S10028S26501S26511M524x527S10020509x497S10028483x497S26501501x473S26511476x485
pesa,,1258,M527x533S15d38481x467S15d30500x467S22f04502x499S22f14472x499S2f804479x522
pescar,,2320,M514x531S1f711493x491S1f71f487x510S26520492x469
peso,,2493,M538x535S36d03479x518S16d18501x501S16d10521x501S20500524x524S22b24513x464
pestañas,,326,M533x518S32000482x483S22520501x455S14c50505x469
Peter,,1045,M516x565S14051483x436S14a20498x465S1d220487x484S14a20498x516S11a20498x535
Peter,,2448,M516x565S14051483x436S14a20498x465S1d220487x484S14a20498x516S11a20498x535
pez,,2764,AS10002S15a49S27215M526x526S15a49492x474S10002496x496S27215473x493
pezcador,,2319,M522x574S15a40508x508S15a48479x510S22b04506x544S22b14477x544S1f711494x448S1f71f488x467S26c28493x426
pico,,247,AS33b00S17e20S20500S22130M518x526S33b00482x483S17e20471x511S20500495x505S22130457x503
pie,,354,M560x588S15a51480x421S15a57484x435S22e00501x413S14c51489x548S15a57501x565S22521474x535S15a50503x478S15a50486x478S23700521x485S23710441x485S2fd04491x511
pie,,2774,AS10004S1000cS22a04S22a14M526x525S10004511x474S1000c475x475S22a04508x510S22a14481x509
piedra,,296,M534x519S1531e467x482S20357468x498S20c10491x499S23404495x483
piedra,,1583,M530x536S1531e487x470S2031a492x506S3760a508x464S20c00485x490S37602470x497
piedra-tapar-cueva,,3113,AS15d20S16d18S21100S26502M533x513S16d18467x489S15d20514x486S26502485x491S21100502x491
piel,,360,M586x524S32b00482x483S20800512x513S20800479x514S1ea10518x500S1ea18459x500S27100546x503S27110417x505
piel,,2020,M516x541S14c59489x515S1f412492x491S20800484x522S26c0a494x459
pierna,,351,M542x562S14c32511x459S10e1c492x439S26506510x438S22520459x456S10e1c477x514S1f040494x529S22f04503x548
pies,,2146,M546x528S1000c474x473S10004513x474S23600507x511S23610455x510
Pilato,,2102,M518x576S14051483x425S19220496x453S1dc20488x476S1f720491x510S17620499x560S1d320489x528
piloto,,777,M541x567S14020512x434S14028460x436S22b04524x468S22b14462x471S19c11511x537S26602475x541
pimienta caliente,,521,AS34800S12d02S20500S23708S2f700M576x550S34800482x483S12d02521x500S20500508x505S23708519x529S2f700564x534
pimienta negra,,522,AS14c39S18512S22922S2ea02S33100S14c39S14c02S22a00S30304S31500S33500M531x561S14c39470x407S2ea02506x376S18512509x394S22922520x409S14c39467x474S33100487x440S14c02486x482S22a00499x464S30304483x514S33500476x526S31500483x526
pincel,,572,AS15a18S37900S15a13S20e00S22b00S15a18S37900S15a11S20e00S22b14S15a18S37900S15a13S20e00S22b00M529x613S15a18492x389S37900498x414S15a13506x430S22b00506x387S20e00507x492S15a18495x471S37900499x498S15a11506x472S22b14505x506S20e00510x420S15a18493x547S37900498x573S15a13505x586S20e00506x579S22b00504x546
pincel,,846,M534x562S15d18470x508S19200491x512S20e00493x536S23602517x438S19200494x443S15d18467x441S27e06505x539
pingüino,,199,M578x523S37603450x493S3760b521x493S36d00479x499S1811a549x484S18112422x482S22840509x480S22840466x478
pintura,,574,AS30004S14c00S22530S14c51S27200M571x596S14c00490x504S30004482x483S22530516x516S14c51500x570S27200531x576
pipa,,555,AS33b00S1e510S20500S30300M531x523S33b00482x487S1e510508x493S20500501x511S30300482x477
pipi,,1551,M521x524S36d00479x475S1f110480x503S22124475x493S20500481x513
pipián,,1463,M537x515S14040481x485S2f000516x495S17650464x493
piso,,657,M528x518S15a1a480x506S15a12501x483S26c00473x484
piso,,2260,M576x509S18220505x493S18228470x493S20500494x490S26712424x493S26706534x493
pistacho,,517,AS10058S17e10S22104S20a02M521x522S10058483x492S17e10498x490S20a02479x481S22104499x478
pistola,,726,M549x534S21c00513x474S2d500527x479S2da00452x523S1de42483x478S1de42484x509S2d500526x467
pizza,,506,M535x524S11820466x477S2470a492x498
Pizza Hut,,1601,M535x514S2470a492x486S11820466x487
piña,,309,AS37700S16c06S15a00S14c00S21000S22b00M532x550S16c06490x477S15a00494x499S14c00490x450S21000512x504S37700499x525S22b00514x470
piña,,486,M560x530S20358441x485S14250530x470S22e04542x510S26502521x511S22e04500x512
piña,,2947,AS14050S16d58S27004S26502M535x525S16d58465x482S14050497x475S27004495x507S26502486x489
planificar,planificado,3069,AS15a40S15a48S2942eM541x513S15a48508x486S15a40529x486S2942e459x494
plano,,3077,AS15a50S15a58S26606S26612M549x514S26606519x496S26612450x498S15a50501x487S15a58485x487
planta,,299,M544x535S16c16489x515S14420491x476S37b00499x508S22144479x465S29100516x502
planta,,2942,AS14030S16d48S21000S22a00M520x533S16d48480x477S21000500x486S22a00503x467S14030480x503
planta-crecer,,2564,M521x551S16d48479x511S21000493x536S22d00495x484S14030492x450
planta-árbol,,2943,AS14030S16d48S21000S22b00S14c00M530x555S16d48469x497S21000489x518S22b00491x486S14030470x525S14c00475x444S2e100507x449
plantar,,1946,M523x521S1d412495x479S2bb00476x489
plaqueta,,2190,M558x753S36d00481x492S1ce40521x487S15a06491x628S14c00491x632S22b04496x666S22524517x640S34900484x537S11a10496x569S22a04499x603S15a37498x730S15d41511x710S20b00492x726S20319510x427S20311518x427S31410477x427S2ee06535x418S2ee1b502x408S31620477x427S20500496x441
plasma,,2191,M547x829S15a06489x573S14c00489x577S22b04494x611S22524515x585S34900482x482S11a10494x514S22a04497x548S20359495x678S20331505x675S21100497x662S20350518x724S20350484x724S22a04519x743S2fb04502x758S22a14486x743S28922480x784S16d48508x809S16d40512x786
plata,,1048,M578x542S14041527x501S33010479x482S26600532x470S2a531553x517
plata,,2935,M578x542S14041527x501S33010479x482S26600532x470S2a531553x517
plato,,642,AS36d00S16c40S16c48M533x518S16c40513x497S16c48467x496S36d00479x482
plato hondo,,641,AS17b30S17b38S20500S28800S28818S33d00S17b40S17b48S20500S20500S22e10S22e00M578x535S17b30546x427S17b38527x426S20500540x438S28800566x417S28818514x420S17b40543x489S17b48524x488S22e10548x517S22e00521x517S20500536x480S20500537x511S33d00482x482
platos,,644,AS16c40S16c48S26506S26506S26506S26512S26512S26512S14c10S14c18S26502S26516S20310S20318S20500M558x547S16c40504x453S16c48475x453S26506507x480S26506525x480S26506543x480S26512477x481S26512460x481S26512442x481S14c10523x516S14c18442x516S20310494x532S20318478x532S20500490x519S26502511x533S26516462x533
platos limpios,,649,M534x515S14c39467x488S1dc50469x485S20e00495x502S28907509x485
platos sucios,,648,AS30004S14c12S20500S22520S14c16S22a03S21100S26506M518x586S30004482x483S14c12481x514S22520450x523S14c16466x563S22a03478x538S26506490x553S21100473x553S20500503x510
playa,,982,AS15d58S14c50S28a0eS28a06S15d58S17712S22926S21100S22b00S22b00M526x593S15d58474x428S14c50496x407S28a0e488x442S15d58478x566S22b00486x507S28a06490x463S17712485x540S21100508x549S22926499x558S22b00501x507
playa,,2933,AS14002S2031aS29c06M552x519S29c06515x492S2031a529x504S37605472x481S14002486x489
playa,,3162,AS17711S2031aS22a00S21100M544x529S2031a529x514S37605472x493S17711496x486S22a00501x470S21100496x509
pluma,,249,AS14710S10019S20500S2e108S29c24M523x548S14710502x452S2e108500x476S10019478x472S29c24505x511S20500488x455
pluma,,832,M541x536S14051459x464S2a305487x480S2a305512x504
pluma,,1656,M542x535S30004482x483S10012512x520S20600489x515
plus,,2786,AS10012S10018S20500M522x515S10018496x485S10012492x491S20500477x487
plátano,,1489,M523x519S15a37477x480S15a40487x492S28300501x488
plátano,,3083,AS15a51S15a39S26607S2f700M532x526S15a39467x502S15a51469x503S26607494x477S2f700520x474
pobre,pobres,3176,AS17d1eS20309S20e00S22f04S1851eM526x560S17d1e482x474S37602489x440S22f04477x515S1851e482x535S20e00483x500S20309505x441
poderoso,,3185,AS18158S20337S2880bS20500S37703S3770bM554x573S18111526x451S20319504x427S3770b489x442S37703489x464S26502518x458S2f700519x471S15a40540x499S15a48506x501S22c04538x531S22c14504x531
Point,,2202,M518x568S14050483x433S17610497x467S19220497x487S11950490x510S1d220486x540
policía,,745,AS30e00S15d11S20500S26600M537x518S30e00482x483S15d11514x481S20500504x473S26600513x446
policía,,2090,M521x517S36d00479x484S16d10499x497S20600478x498
pollo,,141,M518x528S33d00482x483S1f420466x513S22134446x501
pollo,,3306,AS1f120S22114S33d00M518x534S1f120475x519S22114456x507S33d00482x482
Pollo Campero,,1603,M518x610S20320496x557S3760a482x571S28809475x560S1f120475x519S22114456x507S33d00482x482
polo de caballo,,911,AS15d48S11e04S2bb20S20700S36d00S15d48S20500S1ea27S28f0eS1ea0fM554x580S15d48484x469S11e04482x444S20700507x463S2bb20491x421S15d48492x551S1ea27533x530S36d00479x544S28f0e480x530S20500517x569S1ea0f460x509
política,,2931,AS14001S2a20cS2ff00M549x517S2a20c526x482S2ff00482x482S14001509x460
político,,2930,AS14001S2a20cS2ff00M549x517S2a20c526x482S2ff00482x482S14001506x461
Poncio,,2101,M517x571S14051483x430S17620496x458S11920490x478S16d20495x508S19220496x532S17620496x555
poner,,1738,M517x515S20341496x494S26501484x485
poner ropa,,1033,M531x528S36d00479x472S20308470x483S20300516x483S22b03506x504S22b15472x504
poner-dentro-persona,,2064,M528x524S17648491x508S17742495x485S21000508x508S2b704512x481S36d00479x475S20500481x502
poner-en-matriz,,2028,M551x518S36d12479x486S17700531x483S2b703503x493S20500492x499
poner-g,,2221,M523x519S1f010494x504S26501477x482
poner-ropa,,2442,M531x528S36d00479x472S20308470x483S20300516x483S22b03506x504S22b15472x504
Popeye's,,1595,M542x527S35100482x482S19a20514x504S20500507x516
por,,1964,M543x518S2ff00482x483S14002513x473S2ef02525x451
por eso,,1647,M553x574S2ff00482x483S14002513x473S2ef02525x451S19a21513x531S26901534x555S15d39486x544
por favor,,1358,M536x518S21100492x488S2031a513x503S15d12509x482S37806484x509
por qué,porque,1388,M540x569S30a00482x482S14710520x487S20500513x478S25f04519x513S1f700520x554
por-eso,,2112,M553x574S2ff00482x483S14002513x473S2ef02525x451S19a21513x531S26901534x555S15a39486x544
por-favor,,2093,M536x515S21100492x485S2031a513x500S15a12509x487S37806484x506
por-favor,suplicar,3103,AS15d10S15d18S2eb24M519x576S15d10500x528S15d18479x528S27120479x561S31300482x482S34300482x482S31530490x497
por-qué,porque,2096,M540x569S30a00482x482S14710520x487S20500513x478S25f04519x513S1f700520x554
por-vencido,,2330,M567x564S33300482x482S20350541x549S20358446x548S2c700535x506S2c711444x506S14c20531x461S14c28447x462S22100555x482S22100432x482
porcentage,porciento,3157,AS17620S23f03M520x515S17620480x485S23f03497x494
volando,posando,2728,M552x542S14c58478x459S14c50500x459S2a400527x457S2a410450x457S2a410449x490S2a400526x492S22c24492x500
positivo,,2159,M515x523S10012485x494S10018489x493S20600484x476
poster,,2994,AS14c18S15a02S26502S20700S21100M525x525S20a00475x485S14002495x475S14818478x503
pozo,,2181,M528x548S16d48472x452S16d40504x452S16d48473x509S10004507x492S22b04512x518
precio,,2114,M526x520S15d18474x484S10602498x481S22e04509x502S20e00494x492
precursor-regular,,2236,M530x548S3780b481x463S3780b489x518S20357501x452S20357509x507S14051475x451S11a51486x503S20500499x467S20500507x521
profecía,"profecías, predecir",2854,AS10e20S15d1aS2c600M523x525S15d1a477x476S10e20508x485S2c600488x499
predicar,predicación,2543,M554x520S1ce28480x490S1ce20532x490S2da00502x479S2da10446x480
predicar,,3262,AS1ce20S20328S2da00S2da10M554x520S1ce20532x490S2da00502x479S2da10446x480S20328479x504
preferir,"preferencia, preferencias",3252,AS1c507S20600S30004M525x545S1c507500x520S30004482x483S20600474x519
pregunta,,1869,M513x534S29f0c488x466S10020498x504
preguntar,,1864,M513x537S10050494x463S10620487x511S26900497x498
preguntar-Dios,,1040,M586x535S10027565x465S10620533x509S22e07547x495S21b00539x487S32107482x482
preguntar-Dios,,2446,M586x535S10027565x465S10620533x509S22e07547x495S21b00539x487S32107482x482
prejuicio,,1751,M595x634S10e11501x307S10e19471x307S20600487x291S30122478x365S30122486x586S26b04553x430S27001559x586S15d04530x433S30007480x490S10011512x494S10011539x599S2f400520x477S31500486x599S35100486x599
preocupar,,2909,AS11a00S2e500S2ff00M553x518S2ff00482x483S2e500530x457S2e51c448x471S2fd00487x463S14012496x467S1401a474x476
presente,,1016,AS36d10S19a00S19a08S22c04S22c14S2f700S2f700M547x538S19a00519x463S19a08454x464S22c04524x485S22c14462x486S36d10479x476S2f700530x530S2f700462x531
presidente,,753,AS19202S1760aS21000S22a04S36d00S15a40S15a48S22b04S22b14M542x570S1760a471x452S19202477x430S21000490x455S22a04499x433S36d00479x510S15a40526x505S15a48464x506S22b04526x537S22b14459x540
presidente,,1368,M546x535S36d00479x465S15a1f483x472S22c05513x502S20e00502x492
prestar,,1254,M523x531S14049492x507S14041477x496S20500510x495S2b720501x469
presto barba,,408,M551x610S2ff00483x418S10600468x423S22a04470x467S21100470x452S2ff00483x480S10602485x514S26a06529x512S21100513x513S2ff00482x546S10620518x552S21100527x579S22f04526x596
primavera,,1009,AS17d48S20304S22100S22b00S21302M527x530S20304489x497S22b00506x470S22100474x503S17d48478x480S21302510x508
primero,,2765,AS10002S1f548S26504S20500M521x518S10002491x491S1f548483x494S20500478x482
primo,,2609,M516x564S10048492x534S14051485x496S17611492x437S26700492x460S20e00490x516
principio,,2929,AS14001S14009S2a204S2a21cM536x538S3770b488x478S37713490x479S2a204511x509S2a21c477x510S14001466x463S14009505x462
prioridad,,3386,AS20340S14c0aS28901S20500M526x526S14c0a475x489S28901499x475S20500483x475S20340510x511
prueba,probar,1871,M551x518S31400482x483S1f040522x496S20500505x499S22214521x487
prueba,probar,1872,M551x518S32103482x483S1f040522x496S20500505x499S22214521x487
prueba,probar,1873,M551x518S32107482x483S1f040522x496S20500505x499S22214521x487
problema,,2963,AS14a02S14a0aS21100S23610S23600M541x525S14a02501x498S14a0a483x510S21100487x492S23600498x476S23610444x489S37706516x504S37706460x516
profeta,,2853,AS10e20S15a1aS2c600S22b14S22b04S15a40S15a48M526x558S15a1a475x442S10e20506x451S2c600486x465S15a40512x494S15a48490x494S22b04510x528S22b14488x528
programa,,2047,M533x532S14011502x507S15d08481x505S2b800490x469S1f000467x488
programar,,2780,AS10011S10019S24402S2441aS15050S15058S22524S22524M539x565S10011499x466S10019478x466S24402499x435S2441a461x437S15050509x534S15058465x534S22524461x518S22524507x518
prohibído,prohibir,2946,AS14050S15d18S22a02S20b00M539x516S15d18461x489S20b00479x497S22a02493x497S14050510x485
prometer,,3064,AS15a20S15a56S20500S21404S37800S37806M549x532S37800542x493S15a20537x467S15a1a492x520S37806457x525S20500518x520
pronto,,2897,AS11541S11549S26c09S21100M527x527S11549486x500S11541503x493S21100473x488S26c09485x474
prosternar,,3129,AS15d50S15d58S36d00S36d00S37500M547x552S15d50528x462S36d00479x500S37500482x448S36d00479x548S37a00500x503S15d58453x462
prostituta,,1715,M522x555S33100482x482S10010505x496S20e00498x497S26b02504x528
prostituta,,3087,AS15d00S20e00S26b00S30006M564x518S30006482x483S20e00515x476S26b00537x495S15d00519x489
proteger,,3047,AS15a11S15a19S26520S2f700M531x520S15a19508x497S15a11508x496S2d820470x479
prov,,2400,M515x559S14050485x441S11a20499x475S17610499x509S10e20499x529
proveer,,3201,AS18507S1850fS2b700S2b710S14c31S14c39S2fb00M546x547S2b700509x454S2b711455x491S2b700527x452S18507512x483S1850f458x520S2fd00482x521
proyecto,,2048,M531x532S14011500x507S15d08479x505S2b800488x469S19a20469x486
prueba,,2787,AS10012S15d39S22a03S20b00S15d31S31410M548x583S15d39472x544S15d31479x548S22a03498x525S20b00479x570S31410482x483S10012518x498
prácticar,,2552,M552x552S10049478x496S20351499x477S21100517x469S27107525x449S37803517x490S3780b453x522
próximo,,2791,AS10012S2b700M515x521S2b700488x478S10012485x506
publicador,,1716,M554x574S1ce28480x437S1ce20532x437S2da00502x426S2da10446x427S15a40539x508S15a48486x509S22b04537x544S22b14484x543
pueblo,,2302,M575x579S14050457x421S26526475x465S14058425x421S22c04457x453S22c04508x453S22c04559x453S22c14440x453S22c14491x453S22c14542x453S26526526x466S15110504x526S2fb04449x499S2fb04500x499S2fb04551x499S17737512x559S1773f471x560S2f900512x550S2f900479x552S15118467x526
puede,,3391,AS20350S20350S22a04S22a14S2fb04M525x520S20350510x480S20350476x480S22a04511x499S2fb04494x514S22a14478x499
puente,,709,M531x577S20310462x424S20310475x440S37700480x455S2da08491x456S37a06476x432S20500494x438S20500510x439S20310465x562S37906478x568S11e0a450x539S26606487x545
puerco espín,,176,M536x551S30007483x450S30001483x450S20310515x442S20318473x443S20500520x460S20500470x459S30007482x516S30001482x516S14410514x494S14418465x493S20500521x530S20500467x527S21b00525x486S21b00470x486
puerta,,659,M516x528S15a20485x472S15a20498x472S2e100493x499
puerta,,715,M549x519S1472e527x483S14726470x482S2d62c452x506
puerta,,1933,M525x516S15a20489x485S15a20475x485S2e004504x488
Puerto Cortés,,1423,M528x535S14051497x465S16d20505x508S15d39472x483S15d39481x512S20500479x488S20500488x517
puesta del sol,,1007,AS37a07S37700S1e120S15a1aS22b04S21100M553x536S1e120511x465S37a07471x521S37700527x491S22b04537x506S21100535x488S15a1a518x515
pujari,,769,AS17e52S22b00S22922S21100S36d00S37050S37050S15a10S15a18S20500M532x588S17e52490x449S22b00489x413S22922495x473S21100508x468S36d00479x538S15a10500x561S15a18488x561S20500495x550S37050522x533S37050468x531
pulgar,,348,M536x522S1f502490x498S1f100507x505S21300464x493S22f00503x479
pulido de dedos,,431,M534x604S20308477x449S1e614469x427S2e008467x396S20308480x517S10004485x493S22a00508x488S21300504x506S14c59472x573S10002504x589S27007484x551S26907474x540
pulpo,,234,AS17711S14c5bS20500S22131S23420M528x537S20500479x490S17711490x485S14c5b482x503S22131507x516S23420473x463
pulsera,,425,M532x530S10e50502x500S21100472x471S2b735488x470S37806484x492S2031a517x484
pulso,,892,AS36d00S37605S37800S15d19S20310S20500S2f900S28a03S2f700S20b00S28a19M547x531S36d00467x490S37605468x492S37800530x484S15d19524x508S20500516x500S20310524x469S28a03428x489S28a19418x477S2f900453x483S2f700406x508S20b00485x513
puntadas,,453,M551x571S15d00514x447S15d08496x447S30006478x444S2df08515x481S2df10492x482S30006487x521S15d08496x523S1ea01523x550S29808522x512
punto,,2812,AS10041S10018S26501S2f700M527x528S10018474x484S10041506x498S26501490x481S2f700505x472
punto de vista,,1150,AS10041S10018S26501S2f700M528x524S10018472x489S10e51498x499S26501489x482S2f700504x476
puntuación,,933,AS36d00S10018S36d00S10018S17610M533x554S10018473x447S10018470x514S17610517x527S36d00480x490S36d00478x550
pupu,,1550,M548x532S20339504x467S37602489x467S22a04513x517S21000528x474S1f532512x487
pupusas,,3131,AS15d51S15d39S15d31S15d59S36100S1ec40S1ec48S26700S26710M533x517S15d39491x355S15d51500x359S15d31497x387S15d59488x391S36100482x482S1ec40506x487S1ec48468x486S26700517x448S26710469x446
Puyar-fruto,,2162,M519x569S16d39468x549S10013489x528S23103473x519S23103454x502S33300482x482S32113491x489
puño-acero,,2639,M537x530S20340522x474S31000470x482S37609516x490S2f900524x467S32d00470x482
pájaro,,207,AS30004S1f110S20500S22214M518x532S1f110466x504S20500489x521S22214459x495S30004482x483
pájaro,,1865,M518x541S1f020481x514S2ff00482x483S22114476x534
pájaro,,3400,AS30004S1f110S20500S22214M518x524S1f120472x509S20500499x512S22214447x511S30004482x483
pájaro carpintero,,206,AS2ff31S31020S10012S15a18S20500S20500S20500S20500S2f720S2f720M521x529S10012468x503S15a18436x488S31020485x483S2f720467x482S2f720468x508S20500453x479S2ff31479x483S20500453x491S20500453x507S20500453x518
párpado,,327,M561x563S31700484x437S31700481x528S17012517x435S1701a464x436S17012517x525S1701a459x525S2c311443x444S2c300535x441S2c300528x538S2c311444x537
párrafo,,1621,M527x514S15d18473x487S17d10504x488S20500492x488S20500492x502
púrpura,,950,M529x534S15a49489x473S18d10506x485S21100516x467S27103472x492S26c09496x514
Q,q,1293,M508x514S1f012493x485
Q,,2117,M515x507S1f050486x492
q,,120,M515x512S1f011485x489
qilin,,257,AS36100S14410S20e00S2b705S36100S10b19S10b11S20500S20500S21800S21800S26506S26512M562x575S36100480x433S14410489x401S20e00513x405S36100485x532S21800544x543S21800446x539S26512445x551S26506544x551S20500505x546S20500489x543S2b705515x419S10b19463x553S10b11514x554
quebrar,,2025,M546x527S20350502x480S20358484x480S37801508x495S37809483x495S2a208523x473S2a210457x473
quedar,,1261,AS19a20S26601M557x515S19a50506x486S19a58467x486S22e04540x497S22e14444x497
quejar,,2088,M530x526S15002499x501S1500a462x495S36d00479x474S20600500x493S20600477x486S2fd00491x479
querer,quiere,3192,AS18222S21100S2c300S30006M561x517S30006482x482S18222519x493S21100521x478S2c300535x484
querer-deseo,,2294,AS20332S2033aS20e00S22b10S20e00S22b00S2c300S14c08S30006S36e00M557x642S30006478x483S18222515x494S21100517x479S2c300531x485S36e00477x543S20332506x627S2033a483x627S14c01502x555S14c09477x555S20e00510x611S20e00484x609S22b00507x578S22b10483x577
quesillo,,3012,AS14c51S14c39S21100S2f900S29f00S14c51M523x553S29f00493x472S21100495x539S2f900495x531S14c39497x501S14c51477x501S14c51490x447
queso,,532,AS14c45S14c41S2f900S2320bS2321fS14c45S14c41S22b07M538x565S14c45488x468S14c41485x449S2f900494x448S2320b510x435S2321f463x478S14c41479x519S14c45483x538S22b07506x504
queso,,1466,M523x526S21100495x512S2f900495x504S14c39497x474S14c51477x474
quinto,quinta,2098,M518x528S10020502x498S20500508x493S14c0a483x472
quitar arete,,3275,AS1d410S27100S20800S33010M546x549S33010479x482S20800513x505S1e610523x503S22a04532x534
quitar-madera-frente-ojo,,3141,AS16d10S16d18S31400M551x529S31400482x483S16d10508x483S16d18499x484S22b25527x505
quitar-piedra-cueva,,2074,M535x529S15022482x471S1502f464x501S26506520x476S26506494x506
quitar-piedras,,2711,M559x553S15048498x448S15048498x499S15040478x471S15040478x522S26606529x462S26606529x512S26612441x477S26612442x529
quiza,quizás,3115,AS15d30S15d38S23600S23614S2fb04M542x530S15d30513x470S15d38472x470S23600503x503S23614458x502S2fb04494x524
quién,,1386,M518x547S1e141479x519S21900467x511S30004482x488S30a00482x488S30300482x477
qué,,1389,M531x566S15d30480x540S26606501x542S30a00482x488S30300482x477
qué-pasó,qué-pasa,1383,M518x556S19a00486x536S20600489x526S30a00482x488S30300482x477S30004482x488
qué-pasó,qué-pasa,3239,AS19a00S26500S30300S30004S30a00M528x539S19a00486x519S30a00482x488S30300482x477S30004482x488S26500514x514
Québec,,1129,M515x569S1f050485x432S11520499x451S14a20499x485S14720500x504S14a20499x530S16d10498x549
r,,121,M508x515S11a20493x485
R,r,1294,M507x515S11a20492x485
R,,3401,M562x574S11a10519x468S31400482x483S28800550x552
rabino,,767,AS30000S15412S20500S36d00S15a10S15a18S20500M523x589S30000480x483S15412483x468S20500513x478S36d00479x547S15a10502x562S15a18488x561S20500496x557
Rabsaqué,,2273,M515x593S11a20500x408S1f720495x442S14720501x461S20320500x487S1f720495x506S1f050486x525S11520500x544S14a20500x578
radio,,2920,AS11a28S29c06S33010M559x525S33010479x483S11a28520x495S26c07539x495
radio,,3295,AS1ed10S1ed18S2f900S2f900S1f026S2a308S26502S2a308M540x559S1ed10514x441S1ed18473x441S1f026510x487S2a308511x523S2a308460x522S26502489x536S2f900480x463S2f900523x464
radiografía,,460,M529x528S16c5a471x472S11512494x484S26602494x498S26606499x512
Rahab,,2577,M515x557S11a20500x444S1f720495x478S11502485x497S1f720495x516S14720501x535
rallador de queso,,632,AS16839S37e05S20351S21100S26f07M537x525S16839491x475S37e05491x486S20351515x477S21100498x509S26f07507x495
rama,,2808,AS10027S14c08S22b07M556x539S14c08489x479S37800499x507S10027510x466S22b07532x462
rana,,232,AS15d39S20312S20500S22b00S22b00S22b00S11012M537x540S15d39464x517S11012476x460S20500470x520S22b00485x476S22b00503x475S20312484x512S22b00521x475
rapido,,1854,
rascar-cabeza,,1868,M556x517S2ff00482x482S15011507x472S31300482x482S23101536x464S21100524x456
rasgar,,1219,M584x524S36d00479x476S20309460x503S20307520x503S26512437x507S26506548x506S2f710416x515S2f700572x515S20500480x497S20500510x497S22104464x490S22104524x490
rastra,,1559,M514x535S15d50487x481S15d58495x508S2e130488x465
rastrillo,,558,AS15051S37903S17c37S20a01S26625S26625S26625M537x546S15051459x485S17c37492x519S37903480x507S20a01516x514S26625480x479S26625494x467S26625509x454
raya,,970,AS36d00S14420S22d03S14442M542x547S14420520x454S14442455x525S22d03483x489S36d00479x501
rayo,,1566,M526x521S10020511x478S24703475x481
razonar,razón,2910,M539x518S2ff00482x483S2ea00518x455S11a01513x478S30007482x483S20500500x470
raíz,,315,M537x534S16c09483x485S14c03504x466S22b03491x510S21303508x494S22523464x504
Raúl Rivas,,1111,M561x517S33100482x482S11a12495x501S26506546x501S21100528x502
Recabitas,,1081,M516x606S11a20495x395S14a20495x429S16d10494x448S1f720490x472S14720496x491S19220495x517S1d220484x540S1f720490x572S20320495x591
Recabitas,,2505,M516x606S11a20495x395S14a20495x429S16d10494x448S1f720490x472S14720496x491S19220495x517S1d220484x540S1f720490x572S20320495x591
rechazar,rechazar-der,2087,M594x547S30500482x479S14c18530x487S14c18519x516S26606549x500S26616538x528S2f700582x504S2f700571x534
rechazar,rechazar-Dios,2239,M603x521S30500482x479S14c18533x459S14c18522x488S22b07558x449S22b17547x478S2f700591x454S2f700580x484
rechazar,rechazar-izq,2991,AS14c10S14c10S26602S26612S2f700S2f700S30502M518x568S30502482x479S14c10461x508S14c10450x537S26602429x518S26612418x546S2f700412x522S2f700403x552
recibir,,1838,M533x542S15d31489x457S15d3f467x498S26605511x479S26615489x520
recibir,,3118,AS15d37S15d39S26603S26613M538x531S15d37515x481S15d39485x470S26603490x509S26613461x496
recibir,,3224,AS18541S18549S2b705S2b715S22104S22104S20500S20500M537x534S22104523x491S20500505x523S18541510x501S18549463x501S20500484x523S22104463x492S2b705507x465S2b715479x467
reconfortante,,2171,M546x590S15d02500x543S15d0a477x567S36d00481x532S22b04530x558S22b14453x560S20e00532x543S20e00454x545S31600482x488S30104482x477S33500476x488
recordar,recuerde,3313,AS1f520S20500S22b03S20500S1f520S1f502S30007M542x568S30007482x483S1f502493x544S1f520518x483S22b03512x505S20500511x476S20500498x529S1f520504x537
rectangulo,,961,AS10021S10029S20500S23b04S23b1cS22a04S22a14S23b02S23b1aS20500M534x554S10021504x532S10029467x533S23b04507x459S23b02501x503S23b1a479x503S23b1c476x458S22a04513x482S22a14476x481S20500497x447S20500496x519
rectificar,regresar a recto,1911,M523x546S15d38477x520S15a40488x509S21100502x523S26500502x504S15a38487x455S15a41478x470S21100502x476S27406506x453
recto,,976,AS2ff00S14710S26600S14740M518x517S14710494x489S26600492x458S14740493x431S2ff00482x482
recuadro,,2344,M537x531S10021502x469S10029467x470S24402504x496S2441a464x498
red,,2738,M523x515S14401495x484S14409477x486
red de mosquitos,,688,M519x552S15612482x448S10042489x537S14c24481x510S22a00486x479
redes-costurar,,2745,M535x548S14401485x451S14409466x453S14409466x513S2f900472x543S2e60e502x494S1ce20493x515
Refaim,,2216,M513x577S11a20492x423S14a20492x457S1ce20491x476S1f720487x510S19220492x529S18d50487x552
reflexionar,,2134,M518x535S2ff00482x483S1de02488x513S21900481x524S21100466x505
reflexión,,284,AS14c50S14c58S2dc20S14c58S14c51S22a07S22520S31400S14c58S10e51S25503S10e01M538x549S14c50474x370S14c58448x370S2dc20439x404S14c58446x455S14c51467x443S22a07493x442S22520461x425S14c58443x518S31400482x483S10e01513x495S10e51464x519S25503484x506
refresco,,540,AS20348S1c512S22a04S21000S20348S14c12S22a04S20b00M527x571S20348484x462S1c512478x429S21000507x462S22a04511x436S20348487x556S14c12473x534S20b00505x549S22a04486x518
refresco,,1517,M524x525S17600477x487S10621492x478S20500482x475S28a0b494x496
refrigerador,,674,M541x575S14718484x426S1f810506x441S28a05512x461S1f820466x522S1f828516x521S37903477x536S3790b484x535S2a538520x541S2a538458x541S28a0f496x466
regadera,,565,AS3770bS20357S1f840S20500S2b721S3770bS14c59S1f840S20500S22520S26c2eM564x575S2b721507x425S22520532x508S14c59502x510S26c2e520x548S20357511x448S3770b495x463S1f840512x472S20500507x461S3770b483x532S1f840495x539S20500498x530
regalar,,2906,AS11a00S11a08S2b705S2b715S2fb00M523x536S2fb00488x465S2b705506x478S2b715476x479S11a00508x505S11a08478x506
regalarnos,"regalarle, regalo, regalar",2911,AS11a01S11a18S20500S22b13S20500S22b03S2fb04M545x530S2fb04472x524S22b03500x490S22b13454x489S11a01519x471S11a18483x485S20500508x470S20500487x475
regalar,"regalarle, regalo",2912,AS11a01S11a18S20500S2b712S20500S2b702S2fb01M547x534S2fb01465x473S2b702490x467S2b712454x495S11a01521x490S11a18485x504S20500510x489S20500489x494
regalar,,3200,AS18507S1850fS2b700S2b710S14c31S14c39S2fb00M544x529S2fb00492x471S2b700525x477S2b711460x476S11a01515x496S11a09455x502S20500504x495S20500483x500
regalarnos,,2913,AS11a01S11a18S2b706S2b716S2fb01M547x534S2fb01465x473S2b706490x467S2b716454x495S11a01521x490S11a18485x504
regañar,,2108,M583x517S10011534x475S30c00482x482S26b00556x484
regañar,,2540,M535x526S10018465x495S15411479x473S23503502x492
regla,,571,AS1f820S1f828S20500S26606S26612S1f848S1f822S20500S22b00M552x573S1f820499x441S1f828480x440S20500493x428S26606522x441S26612449x442S1f822497x539S1f848480x558S22b00495x496S20500485x542
regla,,2916,AS11a10S15a18S20500S20500S22a04M522x526S15d18478x495S20500498x502S20500498x515S22a04509x507S11a10507x474
regresar,,1953,M517x522S10004483x479S26903498x494S2f700483x515
reina,,755,M557x552S33010479x449S1d410518x459S20800523x456S30001481x517S30007481x517S14410519x505S14418457x505S2b705543x510S2b714440x509
reino,,2918,AS11a11S11a19S22b04S22b14S2ff00S14c50S14c58S2d706S2d71eM584x548S2ff00482x483S11a11515x485S11a19456x489S22b04522x515S2d706557x521S2d71e409x523S14c50539x504S14c58431x505S22b14459x518
unido,"unidos, relación",1758,M533x520S1ce10491x483S1ce1f467x490S20800483x480S27106518x479S2f900486x515
relaciónes-sexuales,,2389,M524x520S10e38493x481S10e51476x493S20612514x483
religioso,,2915,AS11a01S28108S20500S36d00M525x564S11a02481x469S36d00479x454S26600466x437S20500470x472S15a40511x502S15a48471x504S22b04509x533S22b14469x534
religión,,2914,AS11a01S28108S20500S36d00M521x524S11a02481x509S36d00479x494S26600466x477S20500470x512
reloj,,395,M546x557S20358493x444S1f040500x463S37800499x459S2880b526x453S20358492x511S37800499x525S1d050508x514S20600484x529
reloj,,999,AS36d00S1ee10S1ee18S36d00S1ee18S10021S27006M544x561S1ee10511x440S1ee18468x441S36d00480x478S1ee18465x505S36d00478x531S10021494x507S27006526x521
relámpago,,271,AS36d00S10020S10028S22c04S22c14S27206S27212S2fd04S22c04M554x550S10020514x455S10028470x456S22c04514x508S22c14466x507S27206535x450S27212441x454S2fd04488x521S22c04531x505S36d00479x495
reno,,168,M535x527S30006482x491S30002482x491S15410520x486S15418464x485S20500521x516S20500470x516S30154491x479S30150502x475S2f700502x465
repollo,,490,AS20308S37800S18118S26902S14c1fS20308S37800S18100S26900S14c00S20308S37800S18110S26906S14c17M577x612S20308495x394S37800501x409S37800500x517S20308491x565S37800498x580S18118486x388S26902468x406S26900515x479S26906526x574S18110508x556S18100505x495S20308494x504S14c00486x460S14c1f439x392S14c17550x559
repollo,,1480,M561x530S20318507x490S14c10518x471S14c18489x471S37603485x500S22104473x476S22104549x476
representante,,1997,M517x516S15d18483x484S11a20502x486
resolver-problema,,2382,M535x617S30007482x482S10011514x486S2f400522x469S15248477x538S27106514x576S27116487x577S15240510x538
respetar-der,respetarlos-der,1037,M575x522S2ff00482x482S11a10560x461S11a18534x432S2c607530x493S2c617503x458S2fb03474x510
respetar-der,,2426,M575x523S2ff00482x483S11a10560x462S11a18534x433S2c607530x494S2c617503x459S2fb03474x511
respetar-Dios,,1038,M588x522S2ff00482x482S11a10544x433S11a18515x452S2fb03473x510S22b07564x457S22b17524x482
respetar-Dios,,2453,M588x522S2ff00482x482S11a10544x433S11a18515x452S2fb03473x510S22b07564x457S22b17524x482
respetar-izq,respetarlos-izq,2520,M530x519S2ff00482x482S11a10484x428S11a18440x456S2c602493x464S2c612450x495S2fb05518x507
respeto,,2917,AS11a10S2c600S11a18S2c610S2fb03S2ff00M563x530S2ff00482x482S11a10544x468S11a18522x446S2c600544x503S2c610522x480S2fb03531x518
respirar,,2299,M569x559S36d10479x527S14c02506x532S14c0a466x532S33500476x482S26c00542x534S26c18434x535
responder,respuesta,1812,M533x556S33b00482x482S11a20497x510S11a28456x524S26900517x521S26910436x538
responsabilidad,responsable,1805,M533x523S36d00479x505S11a54518x477S11a5c500x477S20500517x512
responsabilidad-dar,,1978,M533x550S36d00479x532S11a54518x504S11a5c500x504S20500517x539S26720515x449
restaurante,,889,AS30004S11a10S22a04S20e00S26502S20e00S22a04M518x568S30004482x483S11a10501x506S22a04502x553S20e00502x538S20e00478x537S22a04477x553S26502484x519
restaurante,,2907,AS11a00S20e00S22a04S26502S11a00S20e00S22a04S30005S30003M523x575S30003482x482S11a10478x512S22a04478x560S20e00479x545S20e00510x545S22a04510x560S26502492x554S11a10508x512S30005482x482
resucitar,"resurrección, resucitarlo",2866,AS10e37S2a200S10e14S15a37M528x528S10e31503x492S28802489x472S15a37472x505S10e14473x487
retraso mental,,1536,M546x517S11a12515x466S18c12516x483S20500510x477S2ff00482x482
retroexcavadora,,704,M531x594S14f10448x431S14f18501x430S2e100452x455S2e100507x456S20310466x579S15110478x532S37900492x550S37906480x587S2a400505x531S28c02436x561S2d508491x512S2d60c437x408S2d60c486x406
reunirse,,2659,M554x526S18517501x498S1851f480x499S20500494x487S15710536x493S15718446x493S26501520x495S26517466x498S22530511x474S22530446x477
reunión,,2919,AS11a21S11a29S2d606S2d61eS11a01S11a09M553x531S2d606531x481S2d61e448x481S11a21500x504S11a29472x505S11a01501x470S11a09473x470
rev,,1879,M508x542S11a20492x459S14a20492x493S10e20493x512
revisita,,2675,M538x530S11a00505x499S11a08485x500S10e00505x461S10e08476x461S31400482x482S26600522x483S26610461x485
revista,,828,AS1ea40S1ea48S20500S22b06S22b12S1ea40S1ea48S20500S22d12M557x536S1ea40502x474S1ea48477x475S22b06527x473S20500496x465S22b12445x473S1ea48506x515S1ea40531x514S20500525x503S22d12443x510
rey,,754,AS30004S1851eS20f00S22116S30001S30007S14410S14418S2b705S2b714M559x569S30004483x431S1851e500x484S22116489x482S20f00487x467S14410521x524S30001482x534S30007482x534S14418459x526S2b705545x524S2b714448x522
rey,reyes,1612,M543x539S36d00479x461S20500466x461S22c05497x493S21100530x525S11a11476x470
rhaut,,2641,M518x517S32107482x482
Richard,,1042,M518x566S11a20497x433S19220497x467S12d02482x490S1f720492x517S11a20497x536
rico,riquezas,1794,M514x524S1e101486x475S22f04489x510
rifle,,727,M554x524S1e312526x477S16618494x504S26602447x495S26606462x508
Rina Milagro,,2706,M566x525S31410482x482S11a11507x498S20500500x497S14c20543x467S28806527x498
rinoceronte,,170,M560x525S33200482x490S19c10522x490S20500550x496S30154490x478S30150502x476S2f700500x466
robar,,3366,AS20307S10e12S26506S11012M580x528S37800489x477S3770b490x486S10e12491x513S26506530x514S11012553x512S20307503x472
Roberto Carlos,,2705,M547x526S30007482x477S11a11514x470S20500504x470S20500514x515S36a00482x477S36d00479x521S16d10520x505S22a04534x494
robot,,576,AS14c40S14c48S22a00S22a00S22a14S22a14S14c40S14c48S22a04S22a04S22a10S22a10S14c40S14c48S22a00S22a00S22a14S22a14M548x620S14c40524x421S14c48452x391S22a00528x401S22a00528x381S22a14459x425S22a14460x443S14c40521x476S14c48456x513S22a10461x495S22a10460x479S22a04526x511S22a04526x529S14c40520x582S14c48455x555S22a14461x587S22a00525x565S22a00525x551S22a14460x605
rodilla,,352,M530x582S14c32471x443S10e1c475x418S10e1c475x492S21800493x507S1181c472x544S10012500x567S20500485x563S20500477x557
rogar,,2151,M556x556S15d18517x502S15d10537x502S34900482x482S36d03479x518S32107482x482S2ea20530x531
Rohner,,2307,M516x576S11a20500x424S17610500x458S11502485x478S11950493x497S14a20500x527S11a20500x546
rojo,,944,AS30004S11b10S21100S23404M552x552S30004482x483S11b10495x522S21100519x502S23404515x523
rojo,,2752,AS10000S20e00S22f04S33b00M533x545S33b00482x482S20e00514x516S22f04508x530S11a10493x515
rollo,,2635,M589x529S15040511x472S15048466x472S26706547x477S26712412x477S2ed08514x506S2ed08529x506S2ed08544x506S2ed10454x506S2ed10469x506S2ed10484x506
romano,,2100,M540x525S33100482x483S11a01514x477S20500495x485S20500495x498S22a04522x510
Romanos,,2022,M511x540S11a20495x461S17620495x495S18d20490x515
rompecabezas,,875,AS14c52S14c5aS26502S26516S20a02S14c5aS14c50S26500S20a00S14c5aS14c52S26502S26516S20a02M554x596S14c52507x419S14c5a469x422S20a02494x404S14c5a470x468S14c50484x489S26500504x510S20a00505x473S14c5a463x572S14c52497x572S20a02488x558S26502539x426S26502531x577S26516453x428S26516446x577
ron,,1512,M518x522S2030a486x507S11a02488x478S20600482x493
Ronald,,2690,M547x517S2ff00482x482S11a21520x476S2b704496x476S20e00510x479
Roni Castellanos,,2692,M534x538S36a00482x477S11a21507x512S20500499x512
ropa,,368,M580x582S36d00479x419S14c06465x425S14c0e504x427S22a04515x469S22a14478x467S21100515x452S21100478x450S14c04513x489S14c0c472x489S22524511x522S22524469x523S27206541x480S2721e448x480S14c10557x549S14c18443x549S26602530x565S26616461x566S20310511x565S20318496x565
rosa,,949,M533x525S30006482x483S21100514x478S11a20518x495
Rosa Idalia Palma,,2682,M540x555S30007482x483S11a11514x480S2980c522x511
roto,,811,AS34200S11a21S11a29S10e10S10e18M542x579S11a21505x524S11a29469x521S10e10527x549S10e18466x547S31500482x483S34200482x482
roto,,2026,M530x532S11a11504x469S11a19472x468S10e11505x502S10e19471x502
RR,rr,1295,M518x516S11a20482x485S26506503x502
ruben,,1248,M511x570S11a20496x431S11520496x465S14720497x499S14a20496x525S11950489x544
rubeola,,1534,M564x527S30f00482x482S1f410535x509S1f418440x500S26502522x488S26502521x511S26502505x498S26502508x513S26516485x499S26516463x480S26516470x511S26516467x491
rueda,,697,M534x535S16c20514x490S10019467x505S2ea00486x465
rugby,,922,AS37700S37a06S20312S15020S26600S20b00M538x548S37700520x483S26600503x518S20312523x489S37a06476x494S15020508x452S20b00503x500
rugir,,2287,M518x570S34c00482x483S15051457x490S1503f438x511S23400427x481S23414434x556S31500482x483
ruido,,2225,M581x618S33010478x450S10052522x461S20350514x550S20358484x556S26607535x536S26607559x559S26603544x549S26615503x575S26615476x596S26611488x584S32a00487x515S31500487x515
ruinas,,1932,M530x533S15011502x504S15019470x506S14c11497x467S14c19471x470
rusia,,1203,M513x563S11a20492x438S11520492x472S20320492x506S19220492x525S1f720487x548
Russell,,2250,M536x550S2ff00482x482S16d10519x496S1d310482x522S11a10463x487S20500507x499S20500495x509S20500483x499S26502512x515S26502479x515
ruta,,712,M561x525S10042531x500S10e34477x475S2dc00440x512
Rutheford,,2303,M541x518S2880a489x467S30000482x483S11a12511x475S21100476x475
rábano,,1488,M539x527S35000482x482S1e611510x507S14c0a433x500S22132467x494
rápido,urgente,1652,M557x526S10017507x477S1001f460x474S26b07521x497S26b11448x498S2f700545x490S2f710443x489
rápido,,2948,AS14217S20f00M517x522S14217494x492S20e00482x479
río,,980,AS36d00S11a40S2de0eM537x535S11a40522x503S36d00479x531S2de0e502x466
río,,1570,M509x542S11a40492x512S2dc06496x457
río-der,,2723,M536x535S11a57465x508S2de0f494x465
río-izq,,1884,M532x535S11a51505x509S2de07467x466
s,,122,M508x508S20320493x493
S,s,1296,M507x507S20320492x492
saber,,2349,M539x517S2ff00482x482S15d11516x481S20600501x467
saber,,3108,AS15d11S20600S30007M539x517S30007482x482S15d11516x481S20600501x467
saber Copy,,2350,M533x554S15d11510x475S20600496x464S33b00477x477S31400477x477S33100477x477S33000471x477S36a00477x477S36d10476x522S37609515x508S37900527x495
sabio,"sabios, sabiduría",1800,M550x517S10611512x467S30000482x482S2e501527x453
saborear,,2624,M549x519S34700482x482S1c500519x491S20610486x506
sacar,,2094,M526x528S17648484x512S17742488x489S21000506x491S22a00509x472S20500474x506
sacerdote,,766,M524x541S36a00482x477S1f010458x516S26a06510x511S20f02494x515
sacerdote,,2816,AS10043S1004bS21100S21100S23c04S23c1cS36d00M545x530S36d00479x471S23c04506x485S23c1c473x485S19201519x511S19209457x509
sacerdote ortodoxo oriental,,768,AS30000S17140S17148S36d00S11540S22b04S26606M521x598S17140503x470S17148480x470S30000481x482S11540492x531S22b04493x568S26606491x568S36d00479x554
saco,traje,2432,M545x672S36a00482x477S36d00479x523S1e202500x528S20e00496x560S26500531x529S26514475x579S1660a494x578S36d00479x628S22b03518x647S22b15458x648S20309472x637S20301511x637
sacrificio,sacrificado,2977,AS14c00S14c08S22a00S22a10S22520S22520S2fb00S14c10S20500S22a04S14c10S20500S30000M546x535S14c37501x509S14c39453x507S22527515x492S22527473x492S23a29508x465
sal,,523,AS15a16S18512S22926S2eb0aM534x530S15a16467x518S22926483x485S2eb0a502x493S18512470x471
sal,,3163,AS17712S15d39S21100S2e806S37052S37056M506x532S15d39462x509S17712464x486S37052495x498S37056496x488S2e806455x468S21100480x492
salchicha,,550,AS20350S20358S20500S26706S26712S21810S21810M563x516S20350500x498S20358484x498S20500494x484S26706521x500S26712437x500S21810523x489S21810448x489
salida del sol,,1006,M545x582S37806481x573S22b00529x419S1e120500x428S37806479x473S37a00519x530S20500529x563S17700504x517S22100501x506S20312510x567S37700516x454S20312511x466S21100529x451
salir,,3033,AS15300S26500S18500M512x533S26500497x488S18500488x467S15300497x508
salir-agua,,2730,M535x571S31600473x437S33100473x437S1f811477x455S37124473x473S37524473x424S31600473x527S14c00505x519S14c08456x519S22520503x506S22520450x506S26504512x554S26514460x556
salir-boca,,3034,AS15300S26500S18500M552x517S26507521x495S18500528x482S34700482x482S22104534x472
salirse,,2895,AS11503S17644S20700S2890aM533x525S17644468x500S2890a504x475S20700489x510S11503479x486
salmista,,1965,M559x575S37906480x486S2031a520x478S20350495x467S2a400491x426S15a40545x509S15a48516x511S22b04543x545S22b14514x545
salmos,,3389,AS20341S2031aS28906S2890eM531x532S20341486x468S28906482x500S37806484x492S2031a516x485S2890e480x517
Salomón,,2043,M537x518S30007482x483S20301516x479S2e501501x455
salsa,,520,AS14c37S1ea51S2eb00S2f700S14c37S10004S20e00S26504S22b00M532x581S14c37469x443S1ea51499x450S2eb00501x420S2f700520x436S14c37496x553S10004499x486S26504479x566S22b00494x518S20e00479x549
salsa de tomate,,1469,M518x590S34900482x483S11a10494x518S22b04477x519S1f721491x550S22a04488x575S22a04502x575
salsa de tomate,,1470,M541x623S34900496x483S11a10507x518S22b04490x518S20307493x594S14c11500x570S37606469x531S20c03517x599
saltamonte,,2604,AS37605S2031aS12812S29202S20610S21910M553x523S37605471x484S2031a528x508S12812529x481S29202492x485S20610491x502S21910496x477
saltamontes,,214,AS37605S2031aS12812S29202S20610S21910M553x523S37605471x484S2031a528x508S12812529x481S29202492x485S20610491x502S21910496x477
saltando,,930,AS20310S20314S22b24S2f700S36d00S1471aS11e04S22524S22b00S2b800S22d04M538x593S20310487x443S20314482x412S22b24506x408S2f700508x444S11e04504x549S2b800496x485S22524506x580S22b00507x514S22d04492x502S1471a484x502S36d00479x533
tirarse abajo,saltar,2607,M529x549S15a37471x470S10e04484x451S10e32499x486S20500475x464S2b705506x455S22c04512x507
salud,"saludable, sanar",2975,AS14c00S14c08S20500S20500S26500S26510S20308S20300S36d00M535x541S14c08466x510S20300517x459S20500476x495S20500514x495S20308469x459S26510469x476S26500518x476S14c00512x510S36d00479x508
saludar,,1348,M545x518S18000515x483S2ff00482x483S20500505x472S26500518x465
saludar-izq,,2510,M545x518S18000515x483S2ff00482x483S20500505x472S26501512x459
salvaje,,2736,M552x544S34b00482x482S31a00482x482S15020527x475S15058461x513
salvo,salvar,3382,AS20331S20337S2a204S2a21cS3770bS37713M536x552S20307504x449S20301476x451S3770b488x464S37713490x465S2a204509x523S2a21c475x524S28b06492x499S28b1e470x500
salón,,670,M578x562S15a42484x438S15a48473x447S15a40511x447S15a4a486x475S27604513x439S27610453x458S1154a423x533S11550440x531S20600458x533S20600484x533S26606467x546S1154a517x531S1f910555x540S21600557x525
Salón del Reino,,1821,M542x544S37605473x457S37605470x507S20350510x467S2031a525x480S2031a527x528S11a50510x503S20500513x481S20500515x533
Samaria,,2412,M513x579S20320492x421S1f720487x440S18d50487x459S1f720487x488S11a20492x507S19220492x541S1f720487x564
Samuel,,1798,M512x575S20320496x425S1f720491x444S18d20491x463S11520496x492S14a20496x526S1dc20488x545
San Pedro Sula,,1424,M521x520S14012472x490S36d00479x479S20800468x510S26c00441x494
sandalia,,392,M541x579S15050514x548S15058459x445S10a50487x421S10a58490x518S21300467x429S21300520x529S26504496x456S26514493x547
sandalia,,2719,M519x522S15d58488x495S15442481x478S22a04506x493S20500490x503
sandía,,484,AS3090bS30510S20300S2030aS26626S3090dS33500M542x574S3090b492x435S20300527x474S2030a462x477S26626502x494S30510495x427S3090d480x532S33500473x539
sandía,,1445,M537x574S31400481x482S34f00481x482S33500475x482S37601462x525S37609523x525S16d36468x521S16d3e511x521S28b0e478x542S28b1e416x543S2fb04456x568S2ff01481x482
sangre,,361,M537x536S14c00477x482S14c06463x465S22520505x487S22a04483x521
sangre,,1539,M547x641S14c00489x577S15a06489x573S22b04494x611S22524515x585S34900482x482S11a10494x514S22a04497x548
Santa Bárbara,,1435,M527x530S14710474x489S20310512x493S36d00479x469S26702481x514S20500476x476S20500514x476
Santiago,,1734,M518x586S20320497x413S1f720492x432S11920491x451S19220497x509S1f720492x532S1f000483x551S17620497x570S1d320487x480
santo,,3081,AS15a51S15a39S20e00S26a07M530x529S15d39471x506S20341489x491S26507517x471S20e00505x485
Sara,,1056,M510x544S20320495x457S1f720490x476S11a20495x495S1f720490x529
Sara,,2475,M510x544S20320495x457S1f720490x476S11a20495x495S1f720490x529
sarampión,,440,M547x592S2ff00479x483S36d12479x536S1ce10513x543S1ce18460x546S20500503x548S20500481x543S20500505x525S20500484x506S20500505x501S20500488x493S29400531x500S29418457x502S2fd04491x586
sarampión,,1533,M542x549S1ce15468x505S1ce1d519x487S36d00479x452S20500511x514S20500484x498S20500477x473S20500518x467S20500507x491S20500495x522S26504502x468S26504524x451S26504496x505S26504521x519S26514468x459S26514479x483S26514484x534
sari,,374,M561x583S36d00480x418S15a06498x451S20500514x433S36d00479x512S15a54485x502S2d701483x476S15a1a506x571S15a12481x554S26606531x548S2ea3c513x544
sartén,,628,AS1ea41S1544eS2880eS2881eS2880eS2881eS2880eS2881eM537x532S1ea41509x470S1544e466x468S2880e510x491S2880e509x505S2880e508x520S2881e465x489S2881e464x505S2881e464x519
sastre,,775,AS36d00S14c50S14c58S26a00S26a10S2ff00S17610S17618S22b04S22b14S15a40S15a48M539x568S36d00479x412S14c50510x435S14c58474x437S26a00506x422S26a10472x421S2ff00485x482S17610523x483S17618466x484S22b04521x505S22b14465x504S15a40523x538S15a48468x541
satisfecho,satisfacción,3052,AS15a12S15a16S20500S20500S36d00M531x521S36d00479x478S20500469x495S20500521x505S15a12484x490S15a1a489x509
saturno,,1124,M515x592S20320497x408S1f720492x427S1d220486x446S11520497x478S11a20497x512S11950490x546S17610497x576
saturno,,1184,M515x592S20320497x408S1f720492x427S1d220486x446S11520497x478S11a20497x512S11950490x546S17610497x576
Saul,,1785,M512x551S20320496x449S1f720491x468S11520496x487S1dc20488x521
Saúl,,2080,M512x551S20320496x449S1f720491x468S11520496x487S1dc20488x521
superintendente-circuito,SC,2242,M567x549S2031a512x462S2035f491x451S14c1a512x503S16d10532x529S2d606545x501S37906472x514S37906472x469S37703505x467S20500502x471
Sebná,,2271,M511x555S20320496x446S14a20496x465S14720497x484S11950489x510S1f720491x540
secadora de ropa,,673,M516x513S15340470x488S37806484x499S16d20492x489S2a502434x492
seco,,2343,M544x532S34800482x482S10602518x507S28906491x517S20e00476x513
secretaria,,1370,M539x523S15050509x492S15058465x492S22524461x476S22524507x476
secreto,,3340,AS1f710S2c601S21404S15a5aS1f740S2ff00M573x546S15a1a533x488S2ff00482x483S1f740537x504S2c601516x520S1f710494x509S21404558x501
secuestrar,,2024,M530x516S10018490x486S11002482x484S20800469x486S22a26515x491
sed,,2178,M521x553S10011500x513S30a00482x477S36a00482x477S34300482x477S20e00487x525S22a04487x538
seda,,420,M544x581S15a12496x420S15a1a491x435S15a1a478x515S15a12481x499S18506511x557S1850e472x557S26600488x465S2eb00529x419S22942528x536S22942457x539S2eb4c472x419S21100513x535S21100469x535
seguir,siempre,1618,M527x528S1f550503x513S1f558474x513S26600511x473S26610473x474S20500496x507
seguirme,seguirle,1754,M545x563S10020501x475S10028454x533S2dc0f511x438S2dc15459x496
seguirme,seguirle,1765,M561x557S10020546x527S10028477x459S2dc17440x442S2dc07505x506
seguirme Copy,seguirle,2742,M560x558S10e20545x528S10028477x461S2dc17440x443S2dc07505x508
seguirme,,2779,AS10010S2bb00M537x553S10010522x523S10018462x447S2bb00496x502S2f900466x480
segundo,,2766,AS10002S1f548S26504S20500M523x522S10020508x492S20500504x479S1dc0a478x483
seguro,seguros,1703,M554x523S30007482x482S1ce30531x460S10053509x458S22b04538x493
sello,,836,M521x520S15a18479x493S1f000492x499S20b00485x480S26502502x484
semana,,1014,M525x523S15d0a476x477S20328492x490S20e00478x506S26606495x507
semana,,2820,AS10051S15d39S21100S26507M523x527S15d39500x489S26507499x474S21100486x487S10051477x506
semilla,,311,M542x533S14c39459x506S18941487x470S27003505x492S22132475x468
Senaquerib,,2275,M518x619S20320497x381S14a20497x400S11950490x419S1f720492x449S1f050483x468S11520497x487S14a20497x521S11a20497x540S19220497x574S14720498x597
sencillo,,3265,AS1ce40S1ce48S22b04S20e00M527x532S1ce48474x492S1ce40505x467S22b04506x502S20e00496x509
Senior,,1215,M514x571S20320493x430S14a20493x449S11950486x468S19220493x498S17610493x521S11a20493x541
sentarse,,2902,AS11850S11559S20500S22a04M520x528S11559480x502S11850497x501S20500507x490S22a04505x472
sentir,,3251,AS1c501S20e00S36d00S22a00S22a00M521x522S1c501494x497S20e00481x502S22a00478x477S22a00492x477S36d00479x493
separado,,814,AS36d00S37602S3760aS20310S20318S2f000S2f010M570x529S36d00478x503S20310531x475S20318453x475S2f000549x472S2f010430x474S37602459x488S3760a519x490
separado,"separar, separarse",1903,M540x515S18002505x485S1800a482x485S26506525x489S26512461x491
septiembre,,1407,M556x514S20300481x486S20300504x486S23704517x493S23714444x493
serpiente,,241,AS37a06S20312S14712S2dd00S21100S37a06S20312S11811S26904S2f700S20b00M566x560S37a06474x467S14712544x441S20312523x460S37a06478x551S20312526x545S11811484x521S26904511x517S2dd00482x445S2f700510x538S21100528x441S20b00473x537
servilleta,,647,AS14c39S18510S22204S33b00S22b07S18500S20500S20500S20500M530x554S14c39456x526S18510463x539S22204483x527S33b00482x483S18500506x510S20500486x504S20500501x503S20500493x500S22b07490x525
servilleta sanitaria,,387,M558x517S1ef48470x502S1ef40501x502S2891f442x484S28907533x485
servir,servir-Dios,2083,M537x523S15d37491x500S15d39463x493S23107516x480S23117482x476
sexo,,1544,M552x522S10620531x496S31900482x482S20602519x495
seña,,2378,M535x535S10011498x464S10019465x480S2f001514x500S2f011469x515S2fd04494x527
seña,,2660,M543x517S2eb00528x484S14c10502x483S14c18476x483S2eb44457x485
Señor,,3375,AS20312S20500S36d00S15a16S28b26S15a17S15a17S22a05S20500M607x539S36d00474x462S15a16488x521S15a17584x499S15a17561x501S20312478x481S28b26518x519S37806493x489S20500470x476S37702514x466S22a05482x500S20500494x509
si,,2264,M532x518S31400482x482S19200511x499S20500502x500
si-mismo,si-mismos,1753,M520x518S1f540505x494S26501487x485S10018480x483
si-mismo,,1894,M528x542S1f526468x493S22a07487x489S10018513x458S3790b483x488S37a04476x517
Sicurella,,1228,M522x601S20320487x399S19220487x418S16d10486x441S11520487x465S11a20487x499S14a20487x533S1dc20478x552S26506507x565S1f720482x586
sida,,1530,M534x521S20300492x483S34100482x483S29a04519x486
sida V.I.H.,,1528,M518x559S20320493x484S10100493x529S34100482x483
siervo-ministerial,SM,2243,M525x539S36d00475x462S36d00478x504S20312483x472S18d12477x519S20500474x469S20500477x512S37704497x477S37704501x525
significa,,2858,AS10e22S15d18S10e02S15d18M526x534S15d18474x467S15d18476x507S10e22495x474S10e02496x517
siguatepeque,,1425,M547x536S20320520x500S37604483x492S2e902507x464S15d3a514x517S22a04522x482
Silas,,2570,M515x555S20320494x445S19220494x464S1dc20486x487S1f720489x521S20320494x540
silencio,,2076,M518x534S33b00482x482S10010488x504
silla,,676,M534x530S11526474x486S1152f487x484S20600466x470S20600492x470S23201507x502
silla,,2903,AS11850S11559S20500S22a04M525x528S11559475x502S11850492x501S20600502x490S22f04500x472
silla de ruedas,,455,M570x545S20340524x530S20348459x530S26600508x493S26610458x495S2f700558x495S2f700431x499S14c40520x455S14c48450x459S26600524x493S26600540x495S26610443x495S26610474x494
Simón,,1989,M514x559S20320493x442S19220493x461S18d20488x484S17620493x513S11920487x533
sinagoga,,3394,AS20351S2031aM540x523S2031a497x496S20311495x477S37906460x503S37803510x493
sinaí,,1167,M514x555S20320493x445S19220493x464S11950486x487S1f720488x517S19220493x536
sinaí,,1177,M514x555S20320493x445S19220493x464S11950486x487S1f720488x517S19220493x536
Siquem,,2395,M575x517S20320425x499S19220445x495S1f021467x494S11520503x484S14a20524x499S18d21546x494
sirena,,260,AS36b00S36d00S15a11S15a19S20e00S20e00S28805S2881dS20e00S20e00S17d20S17d28S20500S23504S23514S22130S22130M575x597S36b00483x482S15a11518x485S15a19463x484S20e00519x500S20e00472x499S36d00479x529S17d20511x574S17d28482x573S22130511x564S22130472x563S23504538x578S23514447x579S28805523x515S2881d460x513S20e00480x521S20e00512x518S20500502x575
Siria,,2213,M513x557S20320492x443S19220492x462S11a20492x485S19220492x519S1f720487x542
sisara,,1244,M513x565S20320492x436S19220492x455S20320492x478S1f720487x497S11a20492x516S1f720487x550
sobre,,835,AS1ea10S1ea18S26900S26910S2fd04S35a03S30412S1ea10S1ea18S26722S15d37S1f714S20e00S26607S2f700M550x599S1ea10500x412S1ea18459x419S26900527x422S26910444x429S2fd04482x447S35a03482x488S1ea10504x512S1ea18455x511S26722475x532S30412489x477S15d37475x576S20e00500x584S26607511x562S2f700538x564S1f714482x570
Sociedad,,2496,M513x594S20320492x406S17610492x425S16d10491x445S19220492x469S14a20492x492S10120492x511S1f720487x545S10120492x564
Sodoma,,1170,M511x569S20320495x432S17610495x451S10120495x471S17610495x505S18d50490x525S1f720490x554
sofá,,679,M541x561S1f114459x458S1f11c512x455S22900480x474S22900516x472S22904479x439S22904511x439S22900470x474S22900527x473S22904524x440S22904467x439S1154a465x535S11550482x531S20500475x521
sol,,264,AS32107S3760aS20314S2df02S32103S30510S37802S14c12M540x565S32107464x435S20314525x436S3760a512x450S2df02502x421S32103464x530S14c12493x510S37802520x520S30510470x521
sol,,3377,AS2031fS2df00S22b03S14c11S30302S32103M592x523S2031f558x431S14c11533x452S22b03521x475S2df00571x450S32103482x488S30302482x477
soldado,,746,AS30007S14711S20500S26600S36d00S1de02S23200S1de2eS23210M547x577S30007481x483S14711503x480S20500495x472S26600501x448S36d00479x522S1de02489x533S1de2e455x554S23200521x536S23210487x557
soldado,,3334,AS1f702S1f70aS20c00S20c00S36d00S38517M521x528S36d00479x473S1f702506x485S1f70a506x508S20c00475x491S20c00475x512
soldado de juguete,,872,AS14c39S10e04S2e100S21100S14c39S1dc32S27200S21100M540x576S14c39475x474S10e04487x456S21100496x562S2e100486x424S14c39469x546S1dc32460x535S27200500x536S21100502x475
soldador,,740,AS2ff00S31430S15d02S2b830S36d00S10040S27102S2ff00S15d02S2b705M551x566S15d02491x435S2ff00487x434S2b830513x422S10040516x486S36d00477x485S27102536x482S15d02494x533S2ff00477x531S2b705522x527S31430493x446
solo,,812,AS30104S31600S36d00S10021S2df00S10018S20500M547x581S36d00479x527S10021517x543S10018496x541S20500486x554S2df00512x560S30104481x477S31600482x488
solo,,1643,M512x524S10000491x476S2e732487x508
soltero,,2407,M547x518S20318458x503S20310526x503S2ea06522x481S2ea12453x481
sombra,,283,AS10e14S10e1cS20500S28913S10e59M530x532S10e14515x480S10e1c497x480S20500510x468S28913471x495S10e59482x507
sombra,,430,M556x546S1001a462x418S17710508x411S21302492x408S2a536430x416S31600482x456S10001503x473S31600482x509S10001502x516S28806534x469S2880a531x505S21100521x461S21100518x507
sombrero,,401,M544x563S1ed40518x421S1ed48460x422S2ff00484x436S26504525x445S26514463x445S1eb10498x502S2ff00479x528S1812a471x533S26504514x525S26514481x544
sonrisa,,1117,M518x517S31a00482x482S33e00482x482
sopa,,464,M519x582S15d39484x559S1ea52498x539S31600482x482S34700482x483S22b00491x515S22b00476x515S22b00461x515
sopa,,1465,M538x558S20300523x537S15a36486x546S34d00482x483S28a0f492x518
soplado de burbujas,,868,AS1ea03S2030aS20500S22f00S34e00S33500S1ea10S20500S15408S26510S34e00S15418S15410S22b21M530x577S2030a484x384S1ea03479x356S20500499x381S22f00498x363S34e00476x424S33500470x424S1ea10498x462S20500489x453S15408457x438S26510455x418S34e00494x542S15418466x517S15410504x514S22b21447x489
soplar,,2015,M524x518S33500476x483S34710493x505
sordo,,822,AS33010S33b00S10011S20500S22a03S10011S20500S36d00S15d50S26606M542x604S33010477x483S33b00477x483S10011521x505S20500514x497S20500494x506S10011497x515S22a03512x512S15d50470x577S26606493x585S36d00480x566
sordo,,2661,M539x537S33010479x482S33b00479x482S10011518x507S20500504x498S20500497x508S22a03509x511
sordociego,,826,M527x526S14c51491x491S15d59504x503S22531474x474
sorprendido,,1202,M539x518S2f710475x457S1ee10513x476S22100476x467S2f700511x457S31a00482x483S22100511x467S1ee18460x476S34700482x483
sostén,,383,M557x515S17304509x495S1730c477x495S36d00479x485S26502446x497S26516542x496S21100464x499S21100528x498
soñar,,2829,AS10611S21800S22a07S30007M549x518S30007482x483S21800514x470S22a07536x475S10611518x479
sprite,,1519,M515x540S1f700495x525S15021485x459S24e04493x488
sprite,,2140,M515x540S15021486x460S24e04494x489S15636492x524
Stefanov,,1231,M516x602S20320495x399S1d220484x418S14a20495x450S1ce20494x469S1f720490x503S11950488x522S17610495x552S10e20495x572
Stefany Peralta,,1100,M577x517S30006482x482S20320540x492S2eb00562x484S21100521x493
su,"suya, sus, suyas, suyo, suyos",1377,M510x523S15d20490x496S26500496x476
su-der,"suya-der, sus-der, suyas-der, suyo-der, suyos-der",1761,M518x517S15d20482x490S26507505x484
su-Diablo,,2138,M515x517S15d20496x490S22a01485x482
su-Dios,,1762,M518x518S15d20483x491S22a07505x482
su-izq,"suya-izq, sus-izq, suyas-izq, suyo-izq, suyos-izq",1760,M514x518S15d20495x491S26501486x482
subir,,2044,M524x529S10013482x508S22e00507x492S22b00476x471
subir-caballo,,2283,M537x525S14748487x503S10e04488x475S20a00462x498S28901510x476
sucesos,,2811,AS10030S10038S2a200S2a218M604x541S10030432x489S10038400x489S2a200428x462S2a218396x462S10030513x487S10038481x487S2a200509x460S2a218477x460S10030585x487S10038553x487S2a200581x460S2a218549x460S26626447x525S26626525x522
sucio,,3032,AS15212S22512S38404M518x537S22512467x515S2ff00482x483S15212481x517
suegra,,1826,M521x522S36d00479x493S20f00475x506S2c600481x479S2c600466x480S20312504x507
suelo,,298,AS14c39S14c51S21100S26505S14c39S1774eS14c00S20e00S22924S22b00M532x588S21100499x413S1774e494x531S14c39490x561S14c00489x473S20e00495x513S26505517x425S14c39488x432S14c51497x432S22924469x535S22b00516x496
suero,,1543,M534x570S36d00470x468S37808510x439S3780f480x430S1f112465x430S37606467x502S10002472x539S2f900453x537S20500454x543S37806502x545S22126455x445
sufrir,,1808,M535x537S30004482x483S1f511490x516S2ee01513x518
sufrir,,1809,M534x549S36d00479x451S14c01508x460S14c09472x461S22104518x490S22104478x491S20e00518x505S20e00477x504S22b04516x519S22b14476x518S2fd04493x522
sufrir,,3310,AS1f511S2ee01S36d00M521x519S1f511463x498S2ee01476x488S36d00479x481
sumiso,sujeto,2798,AS10020S10028S26506M520x533S10028481x503S10020505x466S26506501x512
superficie-agua,,2722,M559x515S14c50502x484S14c58475x484S2920a528x493S29212441x493
superior,superior-derecha,2968,AS14b40S14b48S22b00S22b10M534x527S14b40511x510S14b48466x512S22b00515x474S2f900468x500
superior,superior-izquierda,2969,AS14b40S14b48S22b00S22b10M534x527S14b40511x510S14b48466x512S22b10467x473S2f900515x500
superior-cual,,2970,AS14b40S14b48S22b00S22b10M522x606S14b40498x496S14b40494x581S14b48470x481S14b48466x591S32103486x431S32105479x534
supremo,,2966,AS14b10S14b18S22b00S22b10M534x527S14b10511x509S14b18466x511S22b00515x473S22b10465x473
sur,,1590,M508x525S20320493x476S22b04492x495
surf,,927,AS36d00S14c50S14c58S22b04S22b14S2c605S2c614S22b04S22b14S2c605S2c614S15a58S11504S20500S28b26S28b2eS28b26S28b2eS28b26M581x616S14c50511x385S14c58463x384S15a58477x497S11504487x482S28b26466x522S28b2e462x542S28b26464x560S28b2e461x578S2c605541x418S2c614438x419S2c605563x417S2c614413x419S22b04535x386S22b04555x386S22b14447x387S22b14422x387S36d00479x422S20500501x499S28b26463x596
sus,,2179,M529x518S15a20470x491S2d808483x482
suyo,,2651,M518x517S15d20482x490S26507505x484
sábado,,1395,M515x525S20320493x475S2e404486x492
sábana,,691,M549x551S14c10450x420S14c18521x420S22000443x407S22000515x406S31f00483x483S15a11462x511S15a1f470x503S37703480x529S37703489x521
sí,,1352,M537x521S20320492x481S26d00510x479S37700499x496
sí,,1856,M512x516S19220488x497S21900498x484
sí,sí-cabeza,3323,AS1f540S38404S30126S30e00S20e00S22a04S18051S15d38S20600S26500M518x523S30124482x477
sí-mismo,,3326,AS1f702S10018S22f04S20500S36d00M532x530S10018483x488S1f702486x477S37806500x488S22f04500x494S20500488x519S36d00469x470
sí-mismos,,2197,M529x526S10018475x480S1f740471x474S23404492x475S26726480x510
sólido,,2289,M539x530S20320511x471S2031a511x515S37800518x484S3780e479x521S2f900528x483
t,,123,M515x514S1d310486x486
T,t,1297,M514x514S1d220485x486
tabla,,678,M564x546S15a12487x455S14700495x471S20500509x469S15a18471x519S15a10519x519S26a02550x518S26a06436x519
tableta,,1046,M523x530S15d39476x488S1c551493x470S26a07502x502S20e00495x518
tableta,,2449,M523x530S15d39476x488S1c551493x470S26a07502x502S20e00495x518
tabor,,1243,M515x564S1d220486x437S1f720492x469S14720498x488S17610497x514S11a20497x534
Taco Loco,,1602,M566x571S1ce20535x541S1ce28443x539S26612468x553S26606502x553S33e00482x483S10012519x492S2e800551x483
también,,1645,M515x522S10050500x492S10058484x492S20600490x477
tamiz,,630,AS36d00S37602S1543eS22f10S37602S1543eS14c12S20500S25604S22520M539x568S1543e490x439S37602480x438S36d00479x433S22f10514x441S1543e493x497S14c12488x520S20500505x513S22520471x540S25604503x538S37602482x495
taparrabo,,384,M563x614S15d2c470x583S15d28483x466S15d00494x508S27010432x583S27004517x512S15d04490x587S27004523x594S36d12479x568S27010438x470S34400482x482
tarde,,1367,M550x544S37605471x457S20300526x481S20e00503x491S26505514x503S1d311523x518
tarjeta,,2348,M559x521S10011508x479S10019469x480S24302532x492S2431a441x492
tarjeta de crédito,,720,M531x533S15a10519x499S16c14487x468S26604489x501S26604469x503S20e00512x482
tartán,,971,AS14408S14420S20e00S22b04S14402S20e00S26606M539x538S14408467x475S14420476x463S22b04477x508S14402508x506S26606475x508S20e00479x494S20e00461x509
tarántula,,221,M533x537S14c59471x496S22137487x488S22137494x483S17726467x517S26607511x464
taza,,643,M547x541S1ce40509x508S16d48478x520S33b00482x483S22e00530x523S22e10458x522S20500504x507S20500487x508
te,,3278,AS1d412S16d48S22f04M528x527S1d412472x473S16d48475x507S22f04503x477
te caliente,,1510,M540x554S1d412485x445S16d48489x479S23004515x449S15039462x527S15031509x527S22520459x511S22520508x511
te frio,,1511,M536x563S1d410501x504S1d418464x504S1d412481x436S16d48484x469S23004511x439S2310a510x535S23112464x537
teatro,,840,AS36d00S14050S14058S2eb34S2eb18S26626S36d00S1f510S1f518S20f00S2ea0cS20f00S2ea14S2fd04M550x579S14050478x429S14058438x430S1f510507x536S1f518480x552S36d00480x516S20f00506x522S2ea0c528x528S2eb34476x459S2eb18446x459S26626520x442S36d00477x421S2ea14461x532S20f00469x525S2fd04493x573
techo,,655,M525x557S15a19480x443S15a11502x443S15a19502x534S15a11494x521S21003476x532
techo,,656,M525x569S15a19476x432S15a11499x433S15a19477x521S18010495x538S21003484x546
techo,,1776,M534x518S15a11499x482S15a19476x482S22a05521x503S22a13466x504
Tegucigalpa,,3272,AS1d202S14c3aS22a04S2e90eM520x541S1d241483x492S14c3a487x517S22a04493x477S2e90e480x459
tejón,,171,M593x550S30007483x451S30001483x451S1f010516x453S1f018456x453S26506549x454S26512439x454S1f410564x453S1f418409x454S30000481x515S14600486x503S21100516x506S2b705523x524
tela,,418,M574x602S14c52502x415S14c5a476x418S2a532531x418S2a53a445x420S20a00492x398S15a1a480x490S15a12487x476S26600494x445S2a532515x473S15a1a476x532S15a12484x521S2eb00515x518S2eb4c462x517S20318485x584S20310502x584S26502519x585S26516465x584S14c10551x571S14c18426x570
Tela,,1427,M556x538S2031a512x523S1d210501x463S37604479x492S37800519x491S2e100533x463
telaraña,,245,AS14401S14409S29304S2931cS2890dS28915S20500S34a00S14e20S22520S22b00M570x554S14401494x404S14409473x401S29304522x393S2931c459x390S14e20510x523S2890d499x434S28915470x433S22520538x525S22b00516x492S34a00482x483S20500490x453
telescopio,,937,AS31410S16d11S16d19S27006S27012M540x518S31410482x483S16d11498x483S16d19490x468S27006522x475S27012457x462
televisión,,837,M531x575S10021501x437S10029470x438S20500494x425S24302500x460S2431a472x462S1d320496x513S10e20507x545
televisión,tv,1558,M527x515S1d320474x485S10e20512x485
teléfono,,614,M535x518S30006482x483S16810519x491S20500512x479
teléfono,,1562,M550x541S19a02515x488S31400482x483S34800482x483S28a0f520x512
tema,título,2899,AS11810S11818S2e000S2e018S2fb04M533x532S11810516x468S11818470x469S2fb04493x526S2df00512x500S2df18468x501
temor-reverente,,1814,M557x541S32107478x487S36f02473x531S15a18540x491S15a18545x509S22a22522x511S30901478x479
templo,,2079,M530x529S2031a506x493S37906469x500S37803500x499S1d320482x471S20600487x505
tenazas,,633,AS15d39S18511S22105S28802S22101S15d39S18511S22105S28802S22101S15d39S18511S22105S15d39S1851cS20b00M540x581S15d39491x433S18511504x426S15d39500x513S18511513x503S22105514x501S15d39505x555S1851c514x549S20b00526x568S22105504x419S28802474x421S22101460x430S15d39500x471S18511511x463S22105510x459S28802478x458S22101466x462
tenedor,,638,AS33b00S15d39S18d32S2880fS20e00S2880fS20e00S20600M530x588S15d39483x565S18d32505x559S33b00482x483S2880f491x541S2880f492x523S20e00513x534S20e00509x549S20600496x506
tenemos,,2296,M541x543S36d00479x457S20500516x486S11912516x466S20500482x486S26502494x469S36d00480x510S15a1e471x531S20500472x519
tener,,3059,AS15a1eS20500S36d00M521x517S36d00479x484S15a1e470x505S20500471x493
tenis,,928,AS36d00S37800S37802S20307S20320S2c600S36d00S37800S37806S20306S20326S2c601S22a00S36d00S37700S37802S20320S20307S2c600M533x617S20307490x386S20320515x413S36d00483x432S2c600514x383S37802506x403S37800521x428S36d00476x499S20306480x507S2c601496x486S20326515x468S22a00500x469S36d00477x597S20320505x579S37700512x592S20307480x552S37802494x568S2c600503x547S37800522x483S37806493x515
tentar,,3289,AS1ea47S1ea49S26a03S26a13S2fb04M547x533S1ea49473x493S1ea47528x467S26a03514x494S26a13454x512S2fb04485x523
teocratica,,3303,AS1f041S26904S2ff00M532x517S2ff00482x482S1d320503x466S20500503x483
tercero,tercera,1867,M520x526S10020504x496S20500510x491S11e0a480x474
terminar,ya,3000,AS14c30S14c38S2a204S2a21cS2fb04M531x539S14c30507x460S14c38471x460S2a21c470x500S2fb04492x533S2a204508x498
termómetro,,454,M600x563S10002525x465S23700561x462S2ff00483x444S33b00480x522S10002504x548S20800507x551
terremoto,,2573,M552x521S14c51502x487S14c59472x487S27106537x480S27116449x481
Tesalonicenses,,1116,M516x661S1d220484x339S14a20495x371S20320495x390S1f720490x409S1dc20487x428S17610495x462S11950488x482S19220495x512S16d10494x535S14a20495x559S11950488x578S20320495x608S14a20495x627S20320495x646
tesorero (a),,3177,AS17f41S15a39S20e00S26603S20341M539x537S15a39486x489S17f41511x464S20341462x516S20e00512x476S26603480x497
testigo,,1669,M554x554S15d18458x527S31510482x483S1d320525x480S20500517x490S20500477x533S22b03497x514
Testigo de Jehová,,1818,M545x625S15d18448x528S31510473x483S1d320516x480S20500508x490S20500468x533S36d00485x587S20500478x607S29307497x570S19202489x604S22b03488x514
Thlimmenos,,1229,M518x625S1d220486x375S11502482x407S1dc20489x426S19220497x460S18d50492x483S18d50492x512S14a20497x541S11950490x560S17610497x590S20320497x610
tiburón,,236,AS2ff00S15a10S15a18S20500S20500S37042S27222M534x537S2ff00476x483S15a10496x455S15a18481x456S20500489x447S37042471x514S27222515x452S20500490x478
tictactoe,,859,M610x608S10e20550x392S10e0a519x426S10e0a523x496S10011582x569S22c03541x575S2b403558x471S22b04552x424S26606555x429S37a06474x433S37a06476x501S37a06477x579S17727590x459S10e0a524x573
tiempo,,278,M522x529S10008479x499S10012483x506S21100489x471S23600483x488
tiempo,,1360,M544x533S2031a529x491S37605472x467S10050519x503S20600506x484
tienda,,719,M545x526S18510516x474S18518462x474S2e100522x497S2e100456x495
tienda,,3247,AS1a011S1a019S20500S23a04S23a1cM533x536S1a011505x478S1a019468x478S20500495x465S22b05507x509S22b13469x512
tiene,,3058,AS15a1eS20500S36d00M529x516S15a1e464x504S37906489x510S20500472x491S36d00470x484
tierra,,265,AS14e50S14e58S20500S28b0cS28b14S14e30S14e38S20500M548x546S14e50505x455S14e58467x456S28b0c528x483S28b14453x483S14e30504x510S14e38475x512S20500494x466S20500499x535
tierra,,1578,M584x518S1771b556x483S17713422x482S17713475x499S1771b502x498S28906525x503S2891e443x502S21100571x499S21100415x499
Tierra,,3250,AS1c111S2031aS2e206M577x520S2e206543x485S2031a510x505S1c111516x481S37706487x512
Tierra-alrededor,,1764,M537x546S2c400497x457S2031a464x477S1c111470x453S2031a468x524S10012489x508S2e800485x514
Tierra-cubrir,,1943,M552x522S2031a513x503S37706488x509S17f40535x493S2880a515x477
tigre,,146,M569x530S36100482x489S15001508x503S15009462x502S26606539x512S26612430x510S30350494x477
tijera,,2654,
tijera,,2655,M521x529S26501479x489S10e11496x499S22727491x470
tijeras,,589,M531x522S36d00479x479S12d02495x486S22730495x512S26602460x491
Tim,,1817,M515x541S1d320485x459S19220494x493S18d20489x516
Timoteo,,1816,M515x587S1d320485x412S19220494x446S18d20489x469S17620494x498S1d320485x518S14a20494x552S17620494x571
Timoteo,,2634,M521x517S1d211484x487S22f00459x490S20e00464x505S36d00479x483
tira y afloja,,929,M535x543S20337514x457S20349478x469S22b23487x486S22c23484x507S2f700465x536
tirar-flecha-der,,2148,M532x525S1ea0a511x475S1ea2a489x486S26602450x491S11e26419x495S22100421x482S36d03479x514
tirar-jalar-red,,2739,M534x610S20331481x460S20338473x480S37403491x481S14c30506x391S14c38462x408S28809497x430S28819462x446S37104465x599S20340496x525S20348466x535S21600500x544S21600467x553S21600501x571S21600467x582S2fd00470x519S22a04498x555S22a14465x564S22a04499x582S22a14465x593S37504468x548
tirarse,,2240,M529x531S15a19471x497S10e14476x469S2880a498x470S22c04513x489
TNM,,2314,M514x539S1d320485x462S11920487x485S18d20489x514
toalla,,583,AS36d00S37706S37706S37803S37803S20301S20321S23103S23117S2fb04M546x553S36d00483x497S37706458x498S37706521x498S37803515x469S37803455x498S20301481x520S20321502x455S23103523x447S23117463x533S2fb04498x546
tobillo,,353,M563x581S15a50505x419S15a58481x419S23700524x427S23710437x427S2fd04487x453S15a51488x495S15a59492x505S23701509x470S15a13506x558S1001a485x556S2e702520x548S21100506x540
tobogán,,880,AS18158S11550S22b04S11550S18158S2c600S20e00M517x574S18158493x542S11550501x427S2c600483x515S18158492x474S22b04487x443S11550483x544S20e00505x531
tocar,,3258,AS1c551S2031aS20500M520x524S1c551495x477S20500483x496S2031a480x509
tocar,,3339,AS1f710S15a18S20600M523x519S15d28476x482S20c00495x506S1f720495x487
tocino,,551,M534x554S11512504x461S1151a474x461S20500498x447S1151e485x520S1151a467x539S26606504x505S26606504x490S20e00490x508
tocino,,1494,M579x510S1154a422x495S11542549x494S2dc10452x490S2dc08500x490
todo,"toda, todos, todas",1668,M534x532S15d22475x467S15d0a465x501S15d00483x505S2d80b500x493S20b00477x492
todavía,todavía-no,3043,AS15a04S26b04S35f00S30122M584x570S30122482x476S26b04557x541S15a04541x543
todos la días,,2370,M539x533S17710519x504S17718496x505S2e620479x467S2fb04509x527S22100512x483S22104460x483
tomate,,500,AS30004S11a10S15618S20e00S22a04S15618S11a10S23504M537x613S15618456x530S30004482x483S11a10493x506S22a04513x526S20e00514x513S15618464x588S11a10522x582S23504482x595
tomate,,1492,M528x572S34900482x482S11a00494x514S22b04512x516S1574e487x554
tonto,,2161,M518x517S1d310484x463S2ff00482x482S20600487x448
topic,,2640,M518x518S30a00482x483
topo,,183,M536x546S15051508x518S15059465x517S26912475x483S26906509x497S26906509x470S2fd00488x454
toreo,,899,AS33100S1ec0eS20800S30001S30007S19a21S19a29S20500S20500S37a06S37a01S1ea40S20312S29f02S29f0aS28a0fM539x699S33100483x452S1ec0e493x468S20800523x474S30001487x513S30007487x513S19a21517x494S19a29472x492S20500523x526S20500475x525S1ea40491x632S37a06476x688S20312522x682S37a01508x651S29f02483x612S29f0a461x593S28a0f474x567
tornillo,,569,M570x516S14c48431x485S10022461x498S20500448x504S2c400495x492S2c400530x492
torta,,535,AS30804S17b40S17b48S17b40S17b48S27102S27112S33500S30322M561x607S17b40524x471S17b48459x470S33500476x530S30804486x434S17b40524x573S17b48460x571S30322483x518S27102546x567S27112439x563
tortilla,,3132,AS15d51S15d39S20b00S15d59S15d31S20b00M555x522S15d31532x499S15d59522x499S15d39447x498S15d51456x498S28b2a480x478S20b00445x480S20b00534x480
tos,,1525,M524x567S20310493x499S14c02486x544S33500476x482S20500477x544S26104494x521
total,,3173,AS17c11S17c1fS22a03S22a17S20500S2fb01S18511S1851fM559x559S17c11532x441S18511495x473S1851f475x493S20500484x477S22a03527x456S22a17457x526S2fb01474x467S17c1f442x532
total,,3175,AS17c40S17c48S26502S26516S20500S18540S18548S2fb00M574x522S17c48426x497S17c40557x500S18540501x504S18548472x504S20500494x490S26502533x505S26516450x505S2fb00491x479
trabajador de fábrica,,737,M541x546S15002491x493S1500a467x489S20a12487x455S23514460x528S23504504x525
trabajador de la construcción,,731,AS30000S14c12S20e00S26506S14c12S2e200S30000S14c12S20e00S26506S14c12S2e200S20349S20341S20c00M581x595S30000482x455S14c12464x449S26506523x455S20e00510x456S14c12538x454S2e200561x466S30000482x511S14c12463x502S20e00506x507S26506520x506S14c12538x501S2e200561x509S20349478x574S20341490x574S20c00480x561
trabajo,trabajar,3393,AS20350S2035aS20600M538x523S20311493x477S2031a494x495S20600469x481S37803508x493S37806463x501
traducir,,2128,AS10000S10028S21100S2e008S2e01cM514x556S10000499x481S10028492x488S21100485x476S2e008493x443S2e01c491x528
traer,,1839,M550x512S15d37481x489S15d39450x488S26626520x496
Trampa,,1175,M543x530S15517496x492S1551f480x493S20500496x519S26902525x495S26916456x497S20702491x470
trampas,,1166,M546x525S1541f476x475S15417500x476S20702491x508S26902528x484S26916454x483
transfundir,,2185,M565x526S37602489x487S23504528x485S14402496x475
trapeador,,585,AS37706S37706S20320S2030aS21100S2c300S2c311S37706S37708S20330S20332S26c22S26c22M568x581S20320502x427S2030a493x441S21100489x425S37706516x433S37706468x449S2c300542x419S2c311437x433S20330453x542S20332490x515S37706504x521S37708459x556S26c22423x501S26c22420x539
trasplantar,,2222,M523x527S1f010494x512S2bb00477x474
tratado,,1128,M519x526S15d38480x475S15d40500x474S2df00494x505
tratar,,3273,AS1d340S1d348S2d200S2d211S2fb04M534x530S1d340505x499S2d200503x470S2d211471x470S2fb04493x524S1d348467x499
tren,,701,M567x541S36d00479x459S15a48463x486S15a40525x488S2e300544x514S2e300438x514
tren,,1560,M543x520S15d48474x486S15d40507x486S2e900528x480S2e918457x479
tren,,2923,AS11e40S11e48S2eb00S2eb44M560x518S11e40515x483S11e48461x483S2eb00545x484S2eb44439x486
tren de juguete,,874,AS36d10S15a40S15a48S2eb00S2eb10S14c39S10014S2ec02M558x570S15a40527x442S36d10479x431S15a48462x442S2eb00543x443S2eb10445x443S14c39456x543S10014462x509S2ec02482x517
trenza,,405,M607x609S2ff00481x426S15a11521x422S15a1f518x440S22b25542x448S10011532x485S10019518x483S2ff00481x481S22b25536x519S23700568x499S2ff00482x540S20311531x573S2031f537x588S22a15560x585
trineo,,879,M534x523S1813a470x511S1813f467x485S2880f475x480S2880f491x479S2880f509x478S20f10494x500
tristeza,,807,AS34100S32104S30104S10002S1000aS2880cS28814S10020S10028M549x554S34100482x488S10002510x510S1000a460x510S10020510x522S10028478x524S2880c537x528S28814457x531S32104482x488S30104482x477
triángulo,,964,AS10021S10029S20500S24002S2401aS20500M542x533S10021504x482S10029471x483S20500497x468S20500497x518S24002508x506S2401a459x507
Troas,,2571,M515x560S1d220486x440S11a20497x472S17610497x506S1f720492x526S20320497x545
trono,,1688,M549x529S18050519x496S18058458x495S37054522x471S37054468x471S36d00479x475S26504530x514S26504463x514
tropa,,1920,M525x520S14420503x479S14428474x489
tropa-avanzar,,1919,M535x528S14420495x487S14428466x497S26a27514x473
Trujillo,,1428,M553x527S20301509x474S1d20f500x501S3760b485x489S26c07533x487S20e00528x504
tráfico,,716,M550x536S11e26450x465S11e2e520x467S27102453x495S27102532x496
tst3,,2427,M528x527S3760d471x473S15a12444x498S26806446x511
tu,,1373,M508x520S10050491x490S26500494x479
tuyo,"tu, tus, tuyos",1616,M511x524S15d20490x497S26500497x476
tu,,1829,M520x520S10027480x490S22a07507x481
tu,"tuyo, tus, tuyos",1831,M515x521S15d20486x494S22a07502x479
tu,"usted, ud",2644,M508x524S26500494x477S10050492x494
tu-hacia-abajo,,2734,M515x517S22a03487x503S10013485x483
tubo,,2376,M542x539S1f041499x472S1f04f473x497S26507529x461S26513458x526
tubo,,2377,M542x606S1f041499x406S1f04f473x431S26507529x395S26513458x460S20359513x550S20359513x460S3790b480x565S3790b480x475S15d21489x583S21100508x578S1eb20502x493S26503497x515
tucán,,204,AS2ff33S17210S20500S28a0aS18517M595x539S17210516x490S18517576x512S28a0a536x495S20500510x477S2ff33479x482
Tuesday's,,1599,M511x543S1ce00475x475S37602489x504S2e802471x458
yeder,tufo,3049,AS15a11S23207S33100M548x525S33300482x482S23207520x496S15a11504x502
turbina de viento,,627,AS37906S37900S15d19S20500S10012S2f000M545x535S37906478x533S37900520x483S15d19512x512S20500522x502S10012490x475S2f000524x465
turtle,,225,M525x529S16d59475x472S1f840478x513S21000477x493S26c00498x514
té,,541,AS17648S1ce12S22b00S22b00S22b00M528x539S17648478x523S1ce12472x489S22b00482x461S22b00497x461S22b00512x461
túnel,,710,M556x511S16c42481x489S26706514x495S15a46444x497
U,u,1298,M507x515S11520492x485
u,,124,M508x515S11520493x485
Ucrania,,2536,M514x590S11520493x411S16d10492x445S11a20493x469S1f720488x503S11950486x522S19220493x552S1f720488x575
uf,,1745,M524x523S33500476x488S30300482x477
una-vez,,2767,AS10002S20358S20500S22e00M542x526S10012511x498S22e00525x474S20500499x494S20358492x479S37800499x494
ungir,ungido,3314,AS1f522S2ea02S15d5aM513x535S1f522493x465S2ea02488x490S10018495x505
ungir gente,ungidos,3348,AS1f721S16d48S2ea02M520x532S2ea02486x494S16d48479x512S1f721498x469
ungir-espíritu-santo,,2729,M533x527S31600482x482S14c11504x468S14c19471x468S22a04520x510S22a14470x512S20e00520x495S20e00470x496
unido,,2111,M523x530S1ce10501x473S1ce1f477x480S20800493x470S2f900496x505S2e926479x515
unido-ellos,,1766,M523x529S1ce10501x475S1ce1f477x482S20800493x472S2e926481x514
unido-no,,2091,M540x570S1ce10498x533S1ce1f474x540S20800490x530S27106525x529S2f900493x565S30126482x476
unirse,,2894,AS11503S17644S20700S28902M533x525S17644468x500S28902504x475S20700489x510S11503479x486
universidad,,2579,M526x532S14c39474x492S11551490x507S28800514x476S2d500488x467
universo,,2896,AS1150aS11501S20500S2e734S2e718M528x528S2e734510x472S2e718472x501S20500518x500S1150a492x513S11501488x485
unión-libre,,2606,M531x531S10050501x481S10058484x481S20500495x468S2d50d510x514S2d515469x514
Ur,,1057,M508x532S11520493x468S11a20493x502
Ur,,2476,M508x532S11520493x468S11a20493x502
Urías,,2081,M513x563S11520492x438S11a20492x472S19220492x506S1f720487x529S20320492x548
usar,"utilizar, use, usa, uso, usarlo",1151,AS11500S20308S22f02S20e00S37706M526x517S11520474x484S2e600497x484
usar,"utilizar, use, usa, uso, usarlo",2892,AS11500S20308S22f02S20e00S37706M563x523S11510504x477S1151a513x508S20e00522x481S37706488x512S2d505531x483S2d505542x483
usted,,1378,M510x531S11520495x501S26600489x469
usted el mismo,,1379,M508x523S1f540492x477S26900492x505
ustedes,,2315,M525x523S10050510x493S2d900475x476
ustedes-abajo-izq,,2673,M527x521S10003497x479S2e832473x505
uva,,1452,M519x532S1801a482x469S17717499x474S2930c498x491
uvas,,478,AS18519S17e11S20500S20500S20500S2b405S18519S17e11S26506S17e00S34400S17e00S26504S33b00S17e00S26500M544x540S18519449x366S17e11479x346S20500458x360S20500466x370S20500478x374S18519448x424S17e11468x416S17e00516x428S2b405497x366S26506496x426S34400482x460S26500522x507S33b00481x505S17e00521x482S17e00520x524S26504525x464
Uzias,,2612,M521x566S11520485x435S10020485x475S2450a490x469S19220485x509S1f720480x532S20320485x551
Uzías,,2078,M521x565S11520485x436S10020485x474S2450a490x470S19220485x508S1f720480x531S20320485x550
uña,,349,M532x523S10008496x493S10002502x492S20610468x478S21400506x482
v,,125,M508x515S10e20493x485
V,v,1299,M508x515S10e20493x485
vaca,,1178,M553x517S30007482x482S19a51516x462S19a59460x464S20500506x471S20500484x471S2c305526x492S2c314453x492S30001482x482
vacación,,2992,AS14c10S14c18S22520S22520S20500S20500S38517S38511M543x523S20500458x509S20500533x504S14c10508x492S14c18474x492S22520508x477S22520469x477
Vahan,,1233,M515x559S10e20500x442S1f720495x476S11502485x495S1f720495x514S11950493x533
vale,,2388,M536x537S30004482x483S20e00494x525S22100520x508S22100467x508S18000506x521S18008464x521
valentía,,1220,AS14c00S14c08S20500S20500S26500S26510S20308S20300S36d00M535x541S14c08466x510S20300517x459S20500476x495S20500514x495S20308469x459S26510469x476S26500518x476S14c00512x510S36d00479x508
valle,,2363,M545x517S15a50533x483S15a58455x483S2880d504x496S28815478x497
Valle,,1437,M553x524S37604484x480S2031a517x509S10e20490x476S14a20538x491S26606506x490
valor,,2851,AS10e12S15a16S22a00S2e232M533x527S15a16470x515S22a00478x494S10e12466x476S2e232501x472
vamos,vamonos,3090,AS15d01S15d09S20e00S22b11S22b05M535x539S15d09478x484S15d01490x496S20e00503x486S22b05511x515S22b11465x461
varicela,,1532,M539x542S36d00479x458S1da04469x490S1da0c523x484S26504515x473S26504499x469S26504507x522S26504497x502S26504511x496S26514474x469S26514487x482S26514469x527S26514478x511
vaso,,645,M525x515S17648476x497S10e20510x485S20c03481x487
vaya,,2799,AS10020S10028S26900S26910S2fb00S14c00S14c08S2df08S2df10S2fb04S2f700M529x525S10020506x486S10028479x495S26900513x477S26910471x484S2fb00491x475
vecino,,803,M576x570S15a11553x445S15a19531x444S20500546x431S15a11501x444S15a19478x445S20500493x432S26522518x438S26522467x442S15a11448x447S15a19424x447S20500443x434S10001499x497S10027482x499S20500490x488S10021491x542S10009476x540S20500495x535
vela,,618,AS14c00S10008S20500S22630S2dc26M527x532S10008488x502S14c00479x477S20500477x503S22630473x469S2dc26514x472
velero,,1055,M525x591S15d30506x459S15d38487x459S15d02487x547S10018501x561S2cb20476x408S2cb20481x503
vendaje,,444,M585x555S37906480x466S2031b513x463S20800527x457S17212522x445S22a24543x463S2f700550x484S15d1a520x527S15a12535x517S2eb00570x523S2c301493x527
vendedor,,774,M536x530S17740504x515S17748474x515S26b00509x492S26b10465x491S2e926482x470
venta,vender,3214,AS18512S1851aS2c600S2c611S2c600S2c611S2ff00M584x518S18512517x467S1851a466x468S2ff00482x483S37c06549x478S37c06572x478S37c06442x473S37c06417x473S2c600538x462S2c600561x462S2c611445x457S2c611420x457
veneno,,2122,M534x554S11001467x510S11009506x509S37600489x531S2ff00482x482
venga,,3116,AS15d30S26504S18000S2f900M547x548S15d30528x471S22a03513x499S2f900499x543S18000487x522S15d38489x451S22a03479x481S2f900465x525S18008453x504
venir-Dios,vengo-Dios,1061,M543x531S15d07503x494S15d09472x485S26913458x468S26903524x512
ventana,,658,M531x570S10008506x464S10000476x462S15a0a479x545S15a02488x556S20500517x559S23100505x536S27a0a470x431S27a02500x432
ventilador,,615,AS37800S37806S15a1aS15320S2e100M568x535S15320517x465S37800524x489S37806473x527S2e100545x474S15a1a506x523
ver-aba-izq,,2869,AS10e50S22a03S32103M518x518S32103482x483
ver-abajo,,2861,AS10e30S22a03S32103M518x534S32103482x482S22a03483x520S10e30503x500
ver-arriba,,2863,AS10e30S22a03S32103M530x528S32100482x483S22a00517x477S10e00513x498
ver-der,,2879,AS10e50S32400S26600M541x531S32407482x483S26607519x488S10e30503x501
ver-Dios,,2862,AS10e30S22a03S32103M541x526S32107482x482S22a07528x482S10e00512x496
ver-izq,,2843,AS10e00S26501S32401M526x524S32401482x483S26501508x472S10e00511x494
ver-tu,verlo,2876,AS10e50S32400S26600M535x531S32400482x483S26600519x488S10e30503x501
verano,,1010,AS2ff00S14c09S14c01S26d01S26d17S26d01S26d17M579x542S2ff00482x482S14c09466x515S14c01510x515S26d01535x508S26d17439x506S26d17423x489S26d01553x490
Verdad,verdadero,1623,M531x542S10e10488x512S33b00482x483S26900515x517
verde,,946,AS15d37S10f51S27103S26c09S21100M530x533S15d37480x467S10f51502x478S27103478x491S26c09503x513S21100470x508
verde,,2414,M533x521S15d39468x489S10e51475x496S21100504x493S26c07513x478
verduras,,489,M578x561S33b00482x483S10e21516x501S20500505x500S2d403543x528
verme,,2865,AS10e30S2770dS32104M542x530S32104482x482S2770d524x494S10e30503x500
versículo,vs,1693,M524x529S15d18475x472S1f020495x479S20e00498x500S26504496x514
vestido,,371,M564x591S36d00479x410S14c02510x423S14c0a468x425S21100530x447S21100473x449S22a04532x464S22a14473x466S14c04519x495S14c0c482x494S26d06545x495S26d1e461x494S10e04486x549S10012486x569S26c02520x564
vestir,,3171,AS17834S1783cS21100S22a14S21100S22a04M528x528S22a04502x513S22a14483x513S21100484x495S21100501x495S17834502x471S1783c472x472
viajar,,2157,M534x574S11040467x547S11040505x504S11040499x426S2b701476x514S2b700515x466
vibrar,,2598,M513x543S15020488x457S27106493x503S2f700495x491
vice presidente,,2856,AS10e20S2df02S36d00S20e00S15a1fS22c05M541x555S36d00479x484S20e00498x512S15a1f479x492S22c05508x522S10e20471x445S2df02489x451
vicio,,2300,M552x518S34700482x482S10602507x503S26506537x504
vivir,vida,3335,AS1f702S1f70aS20e00S22a00S22a10S2fb00S36d00M537x530S2fb00491x483S20e00493x493S36d00479x470S22a00510x490S22a10475x489S10e02507x514S10e0a467x515
video,,2252,M523x524S10e20482x477S2031a489x509S20500478x509S26d06504x480
video juego,,864,AS14c50S20348S2a530S2a530M539x536S2a530518x503S2a530462x497S14c50515x465S20348463x479
videos juegos,,2156,M526x520S1f940503x492S1f948475x492S21800504x480S21800478x480S2fd04487x514
viejo,,1002,AS30004S30154S20340S20500S29a04M518x577S30004482x490S20340496x525S29a04502x542S30154494x476S20500484x523
viejo,,3358,AS20302S29904S2ff00M525x570S2ff00476x483S20302487x519S37706500x525S29904487x538
viento,,276,AS2ff00S14c29S14c07S2890eS2891eS2890eS2890eS2891eS2891eS14c0fS14c21M550x566S2ff00482x483S14c29523x447S14c07506x482S2890e487x518S2891e491x465S2890e488x533S2890e485x551S2891e493x450S2891e496x434S14c0f458x445S14c21446x486
viento,,2867,AS10e40S10e48S28a2eS28a2eS28a2eM528x542S10e48472x511S10e40513x512S28a2e480x494S28a2e481x478S28a2e481x459
vientre,,339,M523x527S36d00479x473S15003482x499S2b700504x484
viernes,,1394,M515x532S10e20493x467S2e404486x499
vigilar,,1176,M528x581S32400482x483S2e50c505x554S10e58480x520S10e50503x519S2e518476x554
vinagre,,3349,AS1f722S17719S2e806S21100S37056S3705eM552x521S1f722528x479S2e806520x501S17719492x478S37056497x511S3705e493x501S21100505x499
vino,,545,AS30006S10f10S2ea00S21100M550x529S10f10518x475S30006482x483S2ea00535x504S21100516x507
vino,,1509,M555x517S10f10519x481S35000482x482S2e800540x485
violar,,2513,M522x517S10008479x485S10e20484x484S26920506x499
viruela,,1531,M527x580S37606474x512S32c00486x482S1da11483x534S3760a505x535S20500477x546
visa,,1609,M525x521S15d39475x482S10e51495x496S20b00501x480
visitar,,1717,M525x544S10e00510x492S10e08477x514S26600509x456S26610476x479
vitamina,,1549,M518x533S2ff00482x482S10e09460x500S2e100438x504S20500482x514
viuda,,1815,M531x526S10e00510x474S10e08473x474S2ea36506x510S2ea42468x511
vocal,,1371,M531x534S10e02501x470S26606490x487S20e00489x472S37606485x466
vodka,,1516,M518x523S20306486x508S10e02488x477S20600482x494
volar-abajo,,1984,M543x532S15f27498x480S15f2f480x481S20800496x468S22130511x469S22130457x470S22b23469x508
volar-abajo-cabeza,,1985,M576x517S15f27531x428S15f2f513x429S20800529x416S22130544x417S22130490x418S22b23502x456S2ff00482x482
volcán,,288,AS1773eS16d06S14c00S22b00S21000S16d10S14c51S2bc00S14c03S22b07S22533M545x610S1773e503x440S16d06502x417S16d10513x515S14c00499x391S14c51494x493S22b00527x413S21000525x447S2bc00456x469S14c03491x567S22b07516x548S22533472x580
voluntario,,2232,M538x541S36d00479x514S1f400509x526S20800498x525S37500483x460S26500523x506
voz,,2885,AS10e54S22a00S20e00S36a00M538x532S36a00482x477S10e54523x496S22a00510x509S20e00493x520
W,w,1300,M509x515S18720491x486
w,,126,M509x515S18720491x486
Washington D.C.,,2208,AS18602S2b700S10120S16d20S38506M561x541S36d00479x518S18602515x523S2b700524x495S10120525x460S16d20544x470
WBBR,,2309,M509x558S18720491x443S14720493x476S14720493x502S11a20492x528
Wendy,,2702,M547x517S2ff00482x482S18721523x473S2b704496x476S20e00510x479
Wendy's,,1597,M574x549S36b00482x482S18701550x525S18709427x524S28a05520x501S28a1d451x500
whisky,,1515,M553x527S2ff00482x483S2e800538x495S18710517x487
wow-feo,,2494,M541x549S14c02510x526S28804468x526S28808482x526S28804495x527S30f00482x482S34200482x482
x,,127,M508x513S10610493x487
X,x,1301,M511x513S10620490x487
Y,y,1302,M514x510S19a20486x490
y,,128,M514x510S19a20486x490
yak,,164,M550x551S30007482x462S30001482x462S19a51515x441S19a59462x441S2c305523x473S2c314452x473S30154495x449S30007482x516S30001482x516S19a21516x496S19a29465x496S30150495x504
Yolaine Duncan,YD,1097,M514x534S19a20486x466S22c04493x492
Yilian,,2685,M558x518S30b10482x483S19a20530x477S20e00498x478S26506513x479
yo,,2839,AS10b43S20500M512x523S10b43491x478S20500488x512
yo-y,,1372,M532x525S36d00469x478S19a02479x497S20500470x505S3760c499x474
yogur,,534,AS20340S20348S21800S22b04S22b14S21800S22b04S22b14S2fd04S14c37S1503fS27102M539x578S20340512x424S20348472x423S21800512x443S21800469x443S22b04508x457S22b04523x457S22b14476x458S22b14461x460S2fd04487x495S14c37473x549S1503f482x540S27102512x538
Yoro,,1438,M530x523S20300515x508S19a08489x500S37604483x477S21100494x487
yoyo,,883,AS36d00S1ea5aS20600S26600S26614S26600S26614S14c30M563x550S36d00479x546S1ea5a510x522S26600511x488S14c30509x450S26614522x492S26600535x489S26614547x493S20600501x536
yuca,,1484,M547x532S2031a515x499S37604483x469S19a20519x512S2b700522x484
Yuen,,2638,M515x552S19a20487x449S11520493x473S14a20493x507S11950486x526
yugo,,2464,M530x511S36d00479x507S16d39429x466S16d31506x468S22a14438x488S22a04517x491S36a10490x494
z,,129,M519x518S10020481x488S2450a488x482
Z,z,1303,M518x518S10020482x488S2450a487x482
Zabulon,,1251,M522x600S10020486x407S2450a491x401S1f720481x441S14720487x460S11520486x486S1dc20478x520S17610486x554S11950479x574
zanahoria,,491,AS36800S36810S36810S36810S36810S36100S10011S22a01M539x540S36100483x480S36810523x509S36810531x510S36810461x509S36810471x509S22a01488x526S36800480x480S10011501x509
zanahoria,,3380,AS20322S11508S26602S36100M546x540S36100482x483S11508499x510S20322523x505S26602516x522
zapatilla,,393,M545x581S15d58459x463S15d50509x554S16c36512x529S16c3e455x440S21300512x504S21300458x419S26500531x563S26510481x472
zapato,,391,M516x517S20350501x502S20358484x502S20c00487x483
zapatos,,2143,AS20350S20350S20600M516x515S20350484x500S20350501x500S20600489x486
zapote,,1462,M530x535S15f38471x508S15f30510x465S15f38489x465S15f50476x508S22a27495x496
Zebedeo,,2743,M518x587S10020482x420S2450a487x414S14a20482x454S14720483x473S14a20482x499S10120482x518S14a20482x552S17610482x571
Zenaida,,2585,M522x590S10020486x416S2450a491x410S14a20486x450S11950479x469S1f720481x499S19220486x518S10120486x541S1f720481x575
zigzag,,968,AS36d00S10021S24a04M537x526S10021507x475S24a04490x479S36d00479x494
Zimrí,,2390,M521x573S10020485x434S2450a490x428S19220485x468S18d50480x491S11a20485x520S19220485x554
zorrillo,,178,M544x545S17010499x346S20318492x354S20500507x369S15a10507x398S20318490x413S20500506x428S21b00509x387S33100482x483S15a10507x501S27202525x505
zorro,,148,M544x585S30001484x451S14728474x438S20500472x463S33200484x451S13d07505x473S2c601524x458S13f00515x438S30003479x515S14721473x545S21100489x561S22a05500x571
Árabe,,1926,M523x517S2ff00482x482S15d03466x460S2e931493x470
Ñ,ñ,1290,M525x523S11950475x477S2a304502x483
áfrica,,2405,M522x540S21a2c500x482S14c20477x460S1f710497x525
águila,,190,M571x586S2ff00485x482S10611499x505S20500493x518S18111429x542S18119547x541S37603521x556S3760b450x556S36d00479x554
ángel,,254,AS36d00S15d53S15d5bS20500S20500S2890aS28912S15d50S15d58S22134S22134M581x526S36d00479x522S2890a517x477S28912454x474S20500509x515S20500480x514S15d50543x496S15d58445x494S15d53513x492S15d5b464x487S22134549x486S22134420x485
ángel,,1431,M599x532S36d00479x526S15d50546x470S15d58437x468S1f712520x507S1f71a466x507S20500513x520S20500479x520S26507531x494S26511456x493S22b00553x502S22b10403x501S22b04568x502S22b14418x501S22b00583x502S22b10433x501
árbol,,306,M549x568S14c00449x485S14c08526x483S2ff00482x483S25100454x528S25100528x532S2fd00489x562
árbol,,3002,AS14c40S15a56S2e100S20500S37900S37906M561x540S37906476x526S14c10511x460S2e100538x465S14c5a516x516S37800523x491
árbol deciduo,,305,AS14c00S14c08S22b00S22b10S22530S22530S14c00S14c08S27200S27210M573x560S14c00505x458S27200533x541S14c00505x527S14c08477x528S22530451x442S22b00531x461S22b10452x458S14c08469x456S22530503x441S27210428x541
árbol-caer,,3005,AS14c40S15a56S2e100S20500S37900S37906M547x540S37906476x526S14c10511x460S14c5a516x516S37800523x491S25704473x471S22f04489x497
árbol-cortar,,3004,AS14c40S15a56S2e100S20500S37900S37906M561x582S37906476x483S14c10511x417S14c10511x507S2e100538x422S14c5a516x473S37800523x448S37800523x538S15d39455x548S20c11501x547S26f16485x541
árbol-persona-abajo,,3006,AS14c40S15a56S2e100S20500S37900S37906M561x588S37906476x478S14c10511x412S14c10511x517S2e100538x417S14c5a516x468S37800523x443S37800523x548S10018507x558
área,,2210,AS14c50S14c58S2d806S2d81eM535x534S2d806501x468S2d81e466x467S14c50505x503S14c58472x503
áspero,,1095,M587x537S2035a516x479S37806484x486S18020523x490S26c06537x510S22b07547x464S2f700575x469S21100522x499
éfeso,,1091,M511x554S14a20490x447S1ce20489x466S14a20490x500S20320490x519S17610490x538
él,,2652,M517x517S26507504x483S10057483x487
él-abajo,,2672,M507x525S22a04494x510S10004492x475
éxito,,1620,M560x568S33b00482x483S10001510x515S10009469x514S28a07530x498S28a1f440x498S2df0f519x544S2df17461x544
éxodo,,1892,M511x560S14a20495x441S10620490x460S17620495x490S10120495x510S17620495x544
ídolo,,3230,AS19200S19208S2920cS29214M537x521S19208476x479S19200501x479S2920c523x486S29214463x490
último,,1627,M525x528S19241498x472S19209475x487S22a04509x500S20e00509x516
único,,2027,M510x528S10020489x472S2df04489x507
