canonical_gloss,synonyms,sid,FSW
"""P""",,1709,M516x512S14011485x488
1,,312,M508x515S10020493x485
1,,1504,M501x506S37c00499x494
아니다4_1_2,"아니다4, 1",1187,M547x544S37605454x508S15d3a506x525S37609517x496S20500537x533S20320509x495S28802511x471S2880a511x456
1,,1829,M508x515S10000493x485
1 Corintios,,254,M528x543S10010476x458S2df00473x499S16d10510x486S2e230509x511
1 Corintios,,1573,M528x532S10010473x468S16d10509x478S2e230509x500
1 Crónicas,,340,M536x585S10010439x507S1f502494x535S2c631516x561S21100495x519S34100482x483S16d1c494x565S2df00436x541
1 Crónicas,,342,M542x545S30004482x483S2d506442x458S37b00453x461S10010446x422S16d1c525x499S1f502491x521S2c631508x517S21100475x519S2f900472x431
1 Crónicas,,1520,M562x594S30004482x483S21100494x519S1f502492x536S2c631511x555S16d10490x574S10020544x483S2df02543x517
1 Juan,,276,M521x535S10010441x465S2df00437x499S36d00479x503S20500479x509S1f701489x513
1 Juan,,1585,M521x529S10020424x471S36d00479x485S20500476x497S1f801482x501S26504506x506S2df02424x505
1 Pedro,,272,M544x549S10010461x452S2df00456x488S1f748487x507S1f740524x507S20e00509x508S22e30524x527S22e30491x527S26514492x534S26504525x532
1 Pedro,,1589,M551x529S10020451x471S2df02450x505S1f710531x490S1f718493x490S20e00516x491S22e14497x510S22e04530x510
1 Reyes,,336,M541x561S10010440x507S13311515x475S13319459x475S20500479x483S2ff00482x483S20500510x483S2df00436x540
1 Reyes,,1518,M594x536S2ff00482x483S20500515x482S20500473x483S13312529x473S1331a440x472S10020575x479S2df02575x512
1 Samuel,,331,M519x563S30004482x483S10010443x474S14c41493x533S2d506440x505S20500495x518S22511478x526S22a03480x549S22b30448x506
1 Samuel,,1516,M572x588S30004482x483S14c11503x533S22611493x524S26600495x558S10020554x483S2df02553x517
1 Tesalonicenses,,264,M523x529S10010433x474S2df00428x508S36d00479x471S20500477x478S20500513x478S1fb10474x491S26506495x493
1 Tesalonicenses,,1576,M524x529S10020434x472S2df02434x505S36d00479x484S20500474x493S20500514x493S1fb10470x508S26606488x512
1 Timoteo,,266,M532x542S10010473x459S2df00468x491S1fb10516x488S2e230513x510
1 Timoteo,,1580,M535x534S10020466x467S2df02466x500S1fb10518x480S2e230516x502
1.000.000,,1821,M531x526S10000469x495S1ea00504x505S2e500508x474
1.000.000,,1839,M526x530S10010475x471S1ea08503x481S2f004503x509
10,,1803,M520x516S10010481x485S17610504x500
10.000,,1852,M531x529S10010469x472S17610490x487S10000511x473S2df0e511x505
10.000.000,,1840,M539x529S10000462x471S17610486x485S2df0e475x505S1ea08516x480S2f004516x506
100,,1811,M529x515S17610513x499S17610491x498S10010471x485
100.000.000,,1841,M544x529S10010456x472S17610476x487S17610495x487S1ea08521x482S2f004520x508S22a06485x512
1000,,1812,M510x528S10000490x472S2df0e490x504
11,,1850,M523x523S10020477x478S10020508x478S2d504491x514
110,,1851,M530x515S10010471x485S10010493x485S17610514x498
12,,2208,M521x515S10020480x485S10e20506x485
아니다4_1_2,"아니다4, 2",1188,M529x599S31b00482x483S15d40510x555S15d48463x554S2fb04491x593S2dc26494x536
아니다4_1_2,"아니다4, 2",1190,M529x599S31b00482x483S15d40510x555S15d48463x554S2fb04491x593S2dc26494x536
2,,1626,M508x515S10e20493x485
2 Corintios,,1574,M528x533S10e28473x467S2e230509x501S16d10509x480
2 Crónicas,,346,M538x584S10e10439x499S30004482x483S21100493x520S2c731513x563S16d10494x564S1f502494x536S2df00435x533
2 Crónicas,,1521,M562x598S30004482x483S21100493x520S2df02543x515S1f502491x535S16d10490x578S10e20544x483S2c631506x555
2 Dos,,2344,M508x515S10e20493x485
2 Juan,,275,M521x527S10e10438x473S2df00435x506S36d00479x490S20500485x500S1f701495x502
2 Juan,,1586,M522x529S10e20429x472S2df02428x505S36d00479x486S20500478x495S1f801486x500S26504508x502
2 Pedro,,273,M529x539S10e10440x462S2df00436x497S1f740509x501S1f748471x501S20e00495x504S26904509x520S26914476x521S36d00479x486
2 Pedro,,1591,M548x529S10e20452x472S2df02452x505S1f710528x487S1f718487x487S20e00512x488S22e14490x506S22e04527x506
2 Reyes,,338,M545x562S20500477x482S10e10428x510S20500515x483S2ff00482x483S13311519x474S13319457x475S2df00423x541
2 Reyes,,1519,M591x518S2ff00482x483S20500514x479S20500477x479S1331a445x468S13312526x468S10e20573x459S2df02572x492
2 Samuel,,330,M518x573S10e10447x484S14c41491x535S22511476x528S30004482x483S20500495x519S2df00442x516S22a03487x559
2 Samuel,,1517,M571x581S30004482x483S14c11508x530S22611498x521S10e20552x486S2df02552x520S26600495x551
2 Tesalonicenses,,265,M523x528S10e10430x472S2df00425x506S36d00479x483S20500513x494S20500477x494S1fb10474x509S26506493x513
2 Tesalonicenses,,1579,M524x528S10e20433x473S2df02432x504S36d00479x482S1fb10473x506S20500476x490S20500514x490S26606490x509
2 Timoteo,,267,M535x533S10e10469x467S2df00465x498S1fb10519x479S2e230516x501
2 Timoteo,,1581,M531x533S10e20470x468S2df02470x500S1fb10514x479S2e230512x501
20,,1804,M518x515S10e20482x485S17610502x499
2000,,1813,M510x538S10e00490x462S2e00e490x495
2000000,,1853,M524x528S10e00476x472S2f004503x507S1ea08501x481
아니다4_1_2,"아니다4, 3",1191,M516x523S18046501x492S1804e484x478
3,,1832,M512x515S11e20489x485
3 Juan,,1587,M521x528S11e20437x472S2df02444x504S36d00479x486S20500477x493S1f801485x498S26504507x500
3 Juan,,277,M521x526S11e10436x474S2df00432x505S36d00479x485S20500482x494S1f701489x496
3.000.000,,1854,M528x528S11e00473x473S1ea08505x481S2f004507x507
30,,1805,M522x515S11e20479x485S17610506x499
3000,,1814,M512x538S11e00489x462S2e00e490x495
4,,314,M511x516S14420489x485
아니다4_1_2,"아니다4, 4",1193,M521x567S10050498x537S36d00479x525S36100482x483S33310495x489
4,,1613,M511x516S14408489x485
40,,1337,M522x516S14408478x485S17610506x499
40,,1806,M521x516S14420480x485S17610505x500
4000,,1815,M513x538S14400488x462S2e00e493x495
4000000,,1855,M528x529S14400473x472S2f004507x508S1ea08505x482
5,,315,M512x516S14c20489x485
아니다4_1_1,"아니다4, 5",1186,M559x560S33b00468x484S36100497x482S33310511x487S33310481x490S1e502484x504S1e440523x524S2f700547x553S25505503x520
50,,1807,M522x516S14c20478x485S17610506x500
5000,,1816,M512x539S14c00488x462S2e00e492x496
5000000,,1856,M528x528S14c00473x473S1ea08505x483S2f004505x507
6,,319,M511x509S17530490x492
6,,1833,M511x508S17410490x492
60,,1808,M521x508S17410479x492S17610505x492
6000,,1818,M513x531S17400488x470S2e00e493x488
6000000,,1857,M526x523S17410474x482S1ea08503x478S2f004505x502
7,,1834,M508x513S10a10493x487
70,,1809,M519x514S10a10482x487S17610503x498
7000,,1819,M510x537S2e00e490x494S10a00490x464
7000000,,1858,M525x526S10a10475x474S1ea08502x479S2f004503x505
8,,321,M511x514S1bb20490x486
8,,322,M511x514S1bb20490x486
80,,1810,M521x515S1bb20480x486S17610505x499
8000,,1820,M513x537S1bb00488x464S2e00e493x494
8000000,,1859,M528x526S1bb00472x474S1ea08505x480S2f004505x505
9,,324,M512x515S14312488x486
a,,298,M509x508S1f810491x493
A,,5192,M510x508S1f720490x493
A,,1797,M509x508S1f840491x493
A Parte,,1968,M547x530S15a40498x503S15a48454x503S28b2a503x471
Iniciar,"comenzar, A partir de",1208,M563x531S15a06438x518S15a0e462x505S22a04444x498S21410471x523S15a42535x504S15a4a512x518S15a52536x469S26500521x481
Abajo (Down),,240,M541x570S2ff00483x483S36d00479x523S15a50529x519S22a04528x555
Abajo 2,,1442,M510x530S10004490x471S22b04494x500
Abdias,,1540,M554x547S20300509x516S20300476x516S20500495x518S3780c446x523S37804522x522S26516470x533S26502514x533S28900526x487S28918457x487S10318471x454S10310508x454S20500494x470
Abril,,1786,M573x570S30005482x483S2e035545x540S22c31544x541S15a11525x523S20500514x514
Abril (April),,220,M552x549S15d12525x500S30005482x483S20500514x508S26502533x521S26502533x535
Abrir,,1323,M550x509S15a4a472x497S15a42503x497S26910450x491S26900534x491
Abrir ojos,,2391,M563x520S2ff00437x480S15a07431x490S15a01457x490S26900490x500S26910406x501S34400527x485S31a30533x495
Abrir-entendimiento,,1355,M545x520S31a00482x483S15a02518x487S15a06454x488S34010492x507S26910455x502S26900528x500
Abuelo,,375,M518x541S2ff00482x483S20600489x505S20302492x526S37c03505x531
Abuelo / Abuela,,1837,M539x559S30004482x483S20500495x519S37703504x537S22f00514x531S20300492x531
Aburrido2,,2559,M525x541S15548475x459S15540510x459S20700491x460S21300490x486S2fc04493x505S2f400496x519
"Acabar, terminar (cosas)",,408,M544x526S14c19476x475S14c1d489x499S20500492x495S2f710509x481S2c301518x497S2c314456x501
Acadar,,2290,M575x532S14c18433x482S14c10460x482S22a24451x468S22504478x470S22504426x469S15d39517x493S15d51552x490S20e00539x473S22b02536x516
Accidente,,4301,M528x521S15d48472x479S20b00494x488S1ff42509x488S26502513x507
Accidente (error),,411,M522x523S20348479x508S1a041494x484S20e00479x494S26501481x477
Aceptar (conformidad),,412,M521x535S36d00479x465S21100491x473S15d01488x491S23600481x518
Acercar (Persona con Parsona),,2352,M535x515S10010520x485S10018465x485S26506489x501
Acercar y caminar junto,,2388,M549x522S1f840510x479S1f848452x478S20500496x481S26826499x506
Acercarse,,1485,M521x523S15a18415x477S36d00479x481S3790a459x483S37904419x502S26816438x490
Acercarse (Persona),,2132,M553x531S26502499x505S37c02523x469S26503495x483S37c0a474x494S26504477x474S20300518x477S20300469x502S37703531x483S3770b448x509
Aproximándose,Acercándose,2453,M523x520S26500478x505S15a4a482x481S15a42496x505
Acompañar,,413,M524x517S1f518476x502S20500495x505S1f510509x502S26520493x484
Acompañar,,2023,M522x523S1f740502x508S1f748478x508S20500495x495S26520493x477
Acompañar / Juntos,,1342,M534x518S20310485x503S20318466x503S20500478x487S2d728495x483
Acompañar- Servir/siervo,,1350,M544x562S1f547502x528S1f549487x541S26627522x506S32a00482x483S31030488x488
Acordarse 2,,2430,M545x535S2ff00482x483S21600530x466S14c20522x480S26930525x515S26504526x520
"Acortar,Reducir (abreviar)",,416,M522x524S10040507x477S10048479x477S26502507x509S26516478x510
Acostar,,1396,M534x519S11512504x504S1151a483x481S20500510x492S22a14467x481
Acuerdo,,2092,M576x519S10011512x488S10019469x489S27104536x502S27110425x502S20e00495x482
Acuerdo,,2254,M559x577S10011511x525S10019474x525S2c507526x548S2c516452x549S20f00490x530S31500482x483S35010494x508
Acusar,,2281,M544x617S30c00481x495S34810488x518S36d03479x532S10c50504x551S10c58480x550S25504506x581S25514474x580S25504531x581S25900518x579S25910487x578S25910461x579S2fc04495x606S30152493x470S30152493x486S30156498x478
Acusar 3,,5252,M526x533S10b50506x468S10b58480x468S2ea00511x502S2ea18475x502S2fc04492x522
Adelantar (Autos),,422,M541x528S15a50479x472S15a58502x491S2b714460x483S2b800518x502
Adelantar (motos),,423,M543x532S10050501x488S10058479x469S2b800520x506S2b814457x483
Adelantar (personas),,425,M540x520S1f510500x493S1f514481x480S2b800517x494S2b814460x481
Adentro,,1675,M539x528S16d43462x495S18530514x498S18550485x498S20a00479x513S28902483x472
Adoptar (adopció),,426,M537x519S14711516x494S38601495x482S20600464x486
"Advertir, cuidado, advertecia",,433,M554x583S31a00482x483S20500502x502S10001509x504S14c27517x531S14c2f478x529S27100514x568S27118466x568S2fb04502x559
Afirma / Purete,,1766,M518x526S31000482x491S34d10497x514S30154485x479S30150496x475S30154508x478
afternoon,,49,M529x555S37806471x538S15a4a502x533S37a00510x507S15a50506x481S22b04504x444
Agarrar,,2094,M512x537S14c50488x475S26504493x513S21600496x463S2f900494x532
Agarrar,,2124,M533x533S21600517x468S14c50509x478S26504514x518S14c50468x480S22a04474x516
Agarrar / Tomar / adueñarse,,1361,M558x553S14c50508x522S2ba00527x479S21600516x504S21600516x490S21600516x475S21600476x476S21600476x462S21600476x447S14c58467x491S2ba11443x450
Agosto,,1790,M557x555S30005482x483S1531d510x511S22c35528x526S2e035527x523
Agosto (August),,224,M537x551S30005463x482S15310506x495S2e036507x528S36d00495x538S36d00495x545
Agradarse,,5306,M529x569S36f00475x517S31630484x493S33e10487x505S15d02496x531S21100481x535S22a00482x554S2ff00477x483S33110493x495S33802472x495S33806502x494
Agrandar,,1758,M549x526S1ed40504x486S1ed48471x485S26612452x509S26606519x510S22100505x474S22100485x474
agua,"water, SIL2009",112,M510x521S10020495x491S21900489x480
Agua (Aparte),,2257,M551x562S36d00479x523S17644468x546S10a20525x534S21900520x543S34400485x483
Agua (Aparte-Tirar),,2258,M546x559S36d00479x522S17644484x543S34400484x483S17611504x529S21c00498x540S37c0b516x541S2880b526x533
Agua (Aqui),,2259,M538x564S36d00479x523S17644468x546S34400485x483S10b50519x538S26500524x526
"Aguantar , soportar",,434,M528x558S30004482x483S16d10500x520S20310476x522S26602479x542S22104516x512
Ahi (Arena),,2260,M530x536S17644488x520S36d00479x464S15721500x473S22a00490x502S21100491x486
Ahora,,2024,M534x527S15e11506x473S15e19470x474S22b03510x502S22b15466x503S2f900509x501S2f900477x501
Alboroto / Revuelta,,2297,M531x583S31500482x483S34310492x505S2ea06506x554S2ea16461x562S2fc04490x572S14c51498x525S14c39471x532
Alistarse,,1632,M532x525S14c10504x494S14c18473x494S21100493x511S26c10468x477S26c00505x476
Allá,,1980,M518x548S30102482x477S10b19450x526S28b12404x511S1001f374x527
Allá 2,,5175,M530x528S10c10509x491S36d00479x472S26501500x515
Allá 3,,5181,M543x525S10c20509x494S36d00479x475S26507530x512
"Allá, Aquí",,2336,M533x579S2ff00482x483S36d00479x524S10b17512x545S10b13461x549S28802488x546
Allí,,1343,M530x530S10057471x500S26707499x470
Allí,,2005,M513x533S10050498x503S2b700487x468
Allí / Allá,,1426,M521x531S10012423x484S37902451x491S37909470x491S36d00479x488S26512433x469
Allí quedar,,1494,M560x517S10058441x484S26510458x498S20340530x500S20348498x500S22a04547x502S22a14483x500
Alrededor,,1432,M515x532S20336489x517S14c51488x469S2ea06486x498
Alto Paraguay,,1889,M541x527S15a56460x503S22a06464x473S20600459x491S15652500x502S37703519x505
Alto Paraná,,1890,M597x522S14c12510x456S30000482x483S20500495x471S22a04493x450S14c20551x478S28906568x507
Amambay,,1891,M538x535S3770b463x507S20357476x495S20500480x483S22a04478x466S19a51499x492S37703515x513S21410523x499
Amanecer,,2031,M527x562S10f40511x476S10f48474x501S2e80c510x517S10f10511x438S2e714475x536S2fb04495x556
Amarillo,"Sa´yju, Yellow",2443,M536x544S22a04523x503S10000504x514S21100523x484S30006482x483
Ambos (Adan y Eva),,2264,M540x540S27106525x500S10e30524x460S36d00479x463
Amor / Quiero mucho,,1330,M529x566S36d00479x525S33e00482x483S15d09493x543S15d01506x543S20500506x531S31430489x494
Amos,,1539,M514x523S1ea10486x478S37b06493x504S2ea06489x508
Amén,,2198,M529x566S31400482x483S11950477x533S1f740509x525S2a200504x538S2f900488x561
Analizar / Mmm...,,1645,M533x567S21100481x509S21100507x509S2ff00482x483S14c02487x523S22a04520x529S2f804484x556
Anda,,5398,M522x519S15d47484x481S26937479x498S26607500x497
Andrés,,1501,M528x520S20320472x495S22a06493x497S10000513x480S2f900495x515
Animal,,1282,M568x523S2ff00482x483S15310529x496S15318457x496S2f011433x498S2f003547x503
Animales,,2235,M539x545S36d00479x455S14e02508x476S14e0a463x476S20e00508x464S20e00481x464S2ea04509x506S2ea14484x507S2fc04495x534
another,,86,M562x526S10011505x496S10019470x496S26612437x509S26606532x507S20500492x474S21700486x487S21700503x487
Antes,Pasado,1198,M574x546S2ff00479x483S36d00480x522S15a06527x491S15a02547x507S2ea34552x521S2ea14531x510S26524535x472
Antes,,2322,M557x541S15d41534x459S15d59487x482S37a0b452x494S20500484x475S20500443x521S26603457x489S20500530x471
Antes / Anterior,,2105,M532x594S20500448x576S20500489x538S15d41499x529S15d59478x548S3780b453x564S28d02499x556S34400482x483
"Anular, abolir, clausurar",,436,M535x526S11521495x488S11529477x488S20e00496x474S22e05516x506S22e13465x507
Anunciar,Anuncio,1266,M587x524S19259462x497S19251518x497S26511452x489S26511431x483S26511414x478S26507536x488S26507557x482S26507574x477
Apagar,,1408,M536x520S17b10519x493S17b18464x492S22204515x481S22204475x480S20500509x500S20500481x500
Apagó,,1400,M546x530S17b10525x484S17b18455x484S22a14454x513S22a04533x515S22104519x471S22104461x473
Aparecer (ángeles),,5450,M530x545S1ff00511x500S1ff08477x501S2df08509x523S2df10471x524S21c00520x490S21c00478x492S10020515x455S10028475x456
Apartar,,1437,M532x529S26507495x472S15d41509x486S20500493x498S26503468x500S15d39492x506
Aparte,,2360,M532x554S16020520x520S16021456x513S30c00482x483S26511450x529S26511439x541
Aparte 1,,1438,M522x527S15d39478x504S15d41499x489S26507487x474S20500482x495
Aparte 2,,1439,M529x520S15d39486x497S15d41506x480S20500489x485S26503472x493
Apellido,"Terajoapy, Last name",2445,M543x541S37a0b458x494S11549500x472S11541519x473S20500509x459S20500471x501S26603477x468
Aplauso / Alabar,,1666,M546x523S14c00523x445S31430490x496S2e20c525x478S14c08453x443S30100482x477S2e214455x477
Apocalipsis,,1596,M581x524S30005482x483S1f710530x509S20e00515x509S26a00554x509
Apocolipsis,,279,M567x532S30005482x483S21100515x510S1f811529x494S23103546x512
Apostolas,,2239,M534x521S26626490x479S20340509x502S37c0d522x512S14c5a466x497
Apoyo apoyar,,2474,M530x541S14c41470x460S14c47470x495S20500518x488S26520478x526S20314515x501S20310515x472
"Apresar, preso",,444,M524x588S30c00483x483S1f839489x528S1f851486x550S3770b472x544S37703502x566S20800480x539S2fb04487x574S22a03472x567S36d00479x522
Aprovecha,,2285,M568x567S30126482x476S33e10492x512S30c30489x497S15d40502x539S15d48478x540S21100493x527S26c00526x544S26c18448x546S26504554x543S26514432x546
Aprovechar 2,,1761,M523x530S20342478x515S14c41497x470S26503493x499
Apóstol,,2211,M545x523S36d00479x477S20500511x485S1f80a507x497S26610529x485S26633493x506S2f900531x518
Aqui? / Este?,,2320,M529x563S30c00482x483S10b55499x542S22a14481x543
Aquí,,5346,M517x527S10c21483x473S22b04501x497
Aquí,,1990,M509x522S10b20492x478S22a04494x507
Aquí ver,,1473,M518x521S32600482x483S15d1f439x496S28810464x499
Aquí-Este,,2333,M514x527S10c51487x506S22a04487x473
Araña,,543,M524x525S15050477x494S26600508x494S22510480x476
Aregua,,1914,M559x528S33b00482x483S21100494x493S10e00526x498S22a04546x512
Armonía / concordar,,1729,M538x520S14c02507x497S14c0a463x497S26502518x481S26516468x482S20700492x481
Oler,"Aroma, Perfume, Aromático, Olor",2061,M526x564S15d39471x541S10e12487x515S30100482x477S31530489x499S33110498x499S22122480x511S22a06511x530
Arrepentimiento,,1242,M518x523S34810489x510S1f708459x492S20500495x491S30104482x477
Arriba 1,,1440,M509x533S10020491x467S22b00493x503
Arriba 2,,1441,M522x534S15d28494x466S15d00503x507S20500496x496S22a00478x477
Arrodillar,,1310,M519x542S1150c482x459S1180c500x490S22a14501x471S20500502x519S15a1e492x530
Arroz,,1886,M563x509S23110437x492S23100537x492S21100493x493S20340511x492S37c0b523x493S37c03466x493S20348473x491
Asado,,1874,M563x534S10e41503x481S10e49474x481S2a531525x509S2a539453x507S22b12437x491S22b06533x492S20500496x466
Asaltar (Todavia),,453,M543x565S30c00483x483S1dc40519x516S1dc48457x515S36d00479x522S26930518x551S26930465x549S26520490x550
Asaltar (Ya),,452,M570x525S30c00482x483S1dc1a452x482S1dc12518x481S3770b430x497S37703548x497S20500478x478S20500513x478S26502532x511S26516453x511
Ascender al cielo (Jesús),,2184,M527x578S15d39487x555S10e04493x526S20500495x560S22c00511x516S32304482x483
Asentir,,1636,M518x523S33e10493x512S30114482x477
Asentir,,1995,M518x524S35700482x489S33b10493x514S30154490x477S30154502x477
Asesinar,,1471,M509x521S1f840491x506S26500493x480
Asesinar,,2296,M522x578S36d00479x530S20318502x556S20c00488x542S37d03512x570S37a00520x530S34200480x490S31530487x502S30155490x479S30155498x475
Asignar,,2210,M528x530S36d00479x471S1ea10505x485S1ea18470x484S26910471x511S26900511x512S26521449x473
"Asisenar, Asesino, Homicida",,456,M532x572S36100484x483S30c30491x488S36d00479x526S20b00482x537S20310505x537S27100492x557
ask me,,139,M518x543S18042503x476S1804a482x476S26624493x513S20500495x457
ask you,,140,M547x547S30004482x483S15a41500x524S15a49475x523S20500515x513S26720531x487
Asombrarse-ellos,,1384,M534x567S31a00482x487S34410495x511S14c57505x529S14c59469x533S30820490x479S26513454x540S26503521x554
Asunción,,1913,M538x530S14c39463x503S20500468x514S17412499x489S21410523x492S22a04500x471
Asustar / Susto / Miedo,,2102,M549x549S31500482x483S36d01479x521S14c10526x518S20600504x533S20500492x533S34310493x505
"Asustar, Susto, Sobre",,459,M521x524S36d00479x477S14c11482x487S20500469x485S2f710490x517S26501469x504
Así,,1739,M558x559S35700482x483S31930489x493S33b10493x508S14c20514x521S14c28465x520S26500544x534S26510447x534S2f900520x554S2f900470x553
Así,,2192,M531x579S14c20508x524S14c28472x524S22a00513x564S22a10479x562S2f900514x557S2f900478x557S30104482x477
Así-con,,1345,M566x566S14c20509x525S14c28468x524S26510451x540S26500535x540S34800482x483S31930489x492S2f900473x558S2f900514x561S26510435x540S26500552x540
Atado (Jesús),,2263,M521x579S20331480x528S20349500x525S37703495x543S3770b485x540S31b10482x489S34310493x513S30154497x477S22f24487x565
Ataque,,2275,M534x526S15448468x501S15440519x500S26516467x483S2f900469x474
Atar,,2292,M542x559S22a24486x544S2ef11458x461S1ea19472x442S1ea11502x464S37803484x524S16757496x506S16731464x508S3780b470x524S20500488x512S2ef03524x483
Atender,Atención,1264,M556x518S15a10526x491S15a18463x491S31300482x483S26514444x500S26504542x501
Atención 2,,4646,M540x536S32103482x483S15d10520x490S15d18460x488S26a00513x522S26a10458x520
Atiendeme / Mírame / Préstame,,1994,M514x527S10e54493x497S26a04487x474
Atiendeme / Mírame / Préstame Atención,,1996,M556x550S31300482x483S14c54518x519S14c5c460x519S26503543x508S26515443x502
Atraerse / Interesarse,,2435,M518x518S31a00482x483S10e08461x488S26610440x487S21600464x476
Atrás,,2328,M576x554S2ff00483x483S36d00479x520S37803479x522S3780b507x524S10050528x495S26a10549x510
Autoridad,,1986,M518x518S2ff00482x483S1dc10459x466S20500494x486
Ave,,2424,M555x539S33b00482x483S20500496x503S1ee28496x517S22114529x526
Averiguar,,2078,M542x533S30c00482x483S33110499x497S10000520x503S20500495x499S21800524x488
Avisar,,2111,M539x520S23005514x494S15d51501x480S15d59475x490S20600462x486
Avisar,,2381,M513x520S17710489x481S23004488x502
Avisar a una persona,,2353,M529x515S10010514x485S15a1a471x486S22104497x485
Avisar a una persona,,2397,M514x522S17720486x479S26b00487x504
Avisar a varios,,2138,M537x532S15a57464x499S15d51494x488S20500464x495S23505503x499S2d628476x469
Avisarles,,5396,M535x537S18520470x483S18528508x482S26a00508x523S26a10465x523S2d510472x464S2d508508x463S37600490x496
Avisarte,,5270,M516x520S18520485x481S26b00489x502
Aviso,,1224,M541x528S15a57478x489S15a51497x472S37803511x486S3770b461x506S20600517x472S22a14474x476S22a14459x476
Aviso 2,,1429,M540x522S15d27494x483S3790c460x501S26d02521x479
Ayuda,,2000,M532x527S15d41494x494S15d39468x478S20e00473x484S21414496x519S26a01511x473
"Ayudar, Asistir",,464,M527x522S15d39474x482S15d41496x499S21100481x487S26a01506x479
Ayudarles,,5286,M533x530S15d39468x471S15d41496x480S20e00473x477S26501489x516S26500503x510S26507520x517
Ayunar,,1716,M537x587S32c00482x486S30920491x479S31630489x495S15340492x533S15348490x562S2ed01509x537S2ed19470x566S21600529x546S21600462x575
Ayuno,,1731,M554x654S36d00479x522S32b00481x483S30f30487x488S15340504x568S3770b469x631S26914450x617S26904538x618S21600501x546S21600489x578S21410521x577S21414466x549S20500493x563S20340508x619S20348483x618S21100498x600S37703517x632S15348482x538
Año avanza,,1713,M531x530S20300493x503S20300493x476S20500496x493S3770c470x509S37704507x483S2e700478x470S2e710478x500S2fc04493x519
Año retrocede,,1714,M531x532S20300493x502S20300493x475S20500496x492S2e71c477x496S37704507x483S3770c470x509S2e70c477x469S2fc04494x521
Años,,1862,M546x536S2e84c454x464S20300492x471S37704505x508S3770c469x479S20500495x488S20300493x501S2e808531x504
Años de Trayectoria,,1954,M556x518S2e237330x489S14c48343x462S1dc20366x463S20300431x463S20300421x492S20500427x480S20500439x480S37705444x470S37707398x499S26a04431x444S2ff20476x483S15a42522x474S20500520x486S37804524x499S37801547x484S2bb00512x432
B,,299,M507x511S14710493x489
Baby,bebe,8,M537x532S19200516x513S33b00482x482S20500500x502
bad,,94,M518x549S36200482x482S10610489x523
Bailar,,573,M544x554S20310529x447S36d00480x512S36d00478x460S37701520x461S37709527x462S37709472x461S14c0a496x480S20500498x499S37705474x484S26c02496x527
bajaba sobre él,,1333,M564x549S11504447x492S15a32436x537S20500444x524S11504549x515S10018499x452S22c15514x481
Bajaba-sobre-Él,,1334,M543x526S2ff00483x483S36d00479x522S11910526x451S11918459x450S2eb2e485x464S22610459x439S22610523x439
Bajar,,1672,M655x585S33b00482x483S22b24592x555S37704545x535S2ea34500x523S2ea4c491x553S37707631x541S20332519x530S37802457x533S3780a532x506S1153a568x541S11532602x541S20336472x555
Bajo menor,,1601,M514x523S14c57488x478S22f04487x509
Bajó,,1402,M542x537S15d30495x463S37a00500x489S15d5a459x471S22c14468x492S20500487x524S37907502x526
Barco,,2021,M528x533S2ba20475x467S15a41505x510S15a49472x510S20500495x501
Barrabas,,2306,M532x563S30c00483x483S21100505x498S10c48497x530S22a04519x501S36d00479x522S37900519x523S37b03507x551
Basta,,1976,M537x590S30122482x476S30f30488x495S2a400512x554S2a418461x554S14c20514x526S14c28461x525
Bautista,,1236,M530x529S1f848474x471S1f840511x472S2a408505x493S2a418471x492
Bautizados,,1243,M564x537S10000471x463S10008437x487S26503472x498S26515438x522S2a408539x501S2a418508x500S1f840543x483S1f848511x483
Bautizar / Bautismo,,2163,M540x598S1ea51489x549S1ea1f452x543S2a41f467x565S2a40f512x561S37122481x526S37156467x525S37152465x531S30103484x477
Beelzebú,,2252,M590x518S15a18410x491S16618427x500S16618447x500S1dc28468x488S19228500x499S24512501x482S16618535x500S15a18558x491S11528575x488
begot,,24,M560x526S20e00548x501S30004482x483S11e10523x496S26600525x460S11e40525x420
belong,"belong to, possess",117,M540x543S15a50515x458S15a58476x459S18040509x514S18048461x514S26504515x492S26514475x491S2fb04494x537
bernabé,,2218,M532x529S14710517x506S14718470x507S22b00516x471S22b10468x471
Besar / Beso,,5243,M559x548S30005482x483S18510532x508S26503537x528S20500514x509S26507546x535
Beth,SIL2009,111,M557x523S30007482x482S20e00504x467S18d01519x481S22104520x471S2880c545x501
BIBLIA,,2484,M524x520S15d09477x480S11551497x495S21900484x513S20e00484x484
Bien,,1376,M547x542S26500533x526S1f502515x518S33e00482x483
Bien,,1743,M518x512S1f540503x488S26500483x494
Bien,,1998,M538x555S2ff00482x483S33e10492x507S30d30487x491S20340516x540S20348468x540S37c03461x542S37c0b528x542S26a20486x541
Bienvenido / Adelante,,1979,M526x568S30124482x477S15d31457x528S15d39429x518S2d824480x553S2f804428x551
Bife,,1932,M579x552S30005448x484S20800478x514S11811484x523S2e234560x520S31410517x482S22a04536x502S21100563x484S1ea10554x501
bite,,69,M526x544S20357496x456S3780b473x470S11820501x489S20500480x469S22e04509x526
black,,142,M546x538S15a01521x489S33100482x482S23603517x508
Blanco,,2098,M543x563S36d00479x522S2ff00481x483S36730491x505S22114487x535S26a00516x536S15202479x543
Blasfemar,,1649,M543x547S2ff00482x483S1dc28462x499S26626390x515S1dc20419x477S1dc28379x477S1dc20514x499S26514459x531S26504529x532
"Bobado,Babea",,845,M558x584S35a05482x483S10001532x521S22b04542x554S21100515x511
"Bobo, Tonto",,842,M535x518S30000482x483S20500496x471S26a04489x457S20310520x469
Bolsa (agarrar),,2053,M554x536S14c0a507x509S36d00479x464S21600526x470S15410522x482S22a02539x472S2f900543x489S2f900508x531
Bolsa (agarrar),,2068,M553x538S15410525x477S15436505x516S36d00479x463S21600528x464S2f900528x504S22a02538x468S2f900511x533
Bolsa (Moneda 3),,5196,M549x539S16e4a505x480S22b04505x506S22610528x497S14c20526x508S36d03479x461S20700482x491
Bolsa (Moneda),,5195,M579x611S36d03479x553S2880a557x599S32105483x483S36d03480x521S16c49524x559S20700541x543S21700551x563S15550562x570
Bombero,,1289,M534x538S16d32489x495S16d36490x520S37706509x498S37706466x533S26c26494x463
Bombilla,,926,M582x607S32c00482x483S1f148514x555S10b00488x527S20500540x543S22b00566x498S22b14514x577S1f140549x534
Book,,103,M528x530S15d39472x491S20e00477x498S1dc20504x471S26603484x508
boot up,,46,M567x543S1eb10494x524S1eb18473x512S1dc20543x473S1dc28433x456S22b07522x506S22b11448x491
Boquerón,,1892,M620x518S30001482x483S30007482x483S28a06584x499S14c20571x465S20311518x477S20319461x479S37703532x490S3770b445x493S22e14463x458S22e04520x455
boy,,7,M537x617S2ff00482x482S20e00500x498S10000514x509S21700522x499S21700531x499S15a50520x567S22a04519x602
Brotaron,,2412,M522x531S21300478x470S16d40504x476S10018504x501S22b10481x488
brother,,36,M531x594S2ff00482x482S20e00500x497S10000515x505S21700525x494S10050508x564S10058485x564S20500495x548S20500505x548
brother-in-law,,43,M521x526S36d00479x480S37800478x481S20e00464x494S22a04451x511S22a04463x511S15a03452x474
brown,,75,M536x536S14c41510x481S14c49464x482S2fb04495x525S27103508x509S27115468x510S20700492x463
Bueno,,2293,M537x535S37806505x498S15a52479x492S15d59465x512S21100506x492S26712463x466S21410504x481
Burlarse,,2428,M544x553S31900482x483S34010492x507S1ed06491x525S26b14517x535
Burro Subir-Bajar Montaña,,5214,M545x546S14748491x488S10e04530x490S20700508x493S36d03479x455S2bb21490x514
Buscar,,1427,M535x568S30e00482x483S11800511x541S2eb06503x524
Buy,,99,M533x524S20b00468x511S15d49466x478S1f741484x495S22b01509x476
C,,288,M509x510S16d10492x490
C,,300,M509x510S16d10492x490
Caacupe,,1926,M551x543S1c540505x467S22a16449x523S20500490x476S20500501x524S1c548467x515S22a02536x474S14c40511x507S14c48468x458
Caaguazu,,1893,M570x532S16d10487x503S37706430x527S37a00454x481S20500459x513S26a04482x485S20300448x468S14c20520x482S28a06534x515
Caazapa,,1894,M609x531S2ff00482x483S22c04492x470S15d01523x493S14c20559x481S28a06573x514
Cabezo / Líder,,2274,M574x541S2ff20436x481S11557462x510S37909428x501S3790d428x530S20600488x492S30000529x484S15d5a520x466S20600552x469
Cabra,,401,M522x534S15d39479x490S20e00484x496S26a01500x467S1183f497x509
Cada,,1404,M524x524S1ec16486x477S23404476x510S26506509x488
Cada Uno,,2228,M522x524S10000478x494S2920a491x477
Cadena,,1397,M532x536S1ce10496x464S1ce48469x469S20800487x473S37803502x502S37803498x506S2fb05499x504S2fb05506x511S2fb05513x517S22a25488x518
Cafarnaum,,1502,M542x537S15a5a458x524S20500463x511S16d20458x489S22a04460x472S15a5a515x525S20500519x512S22a04517x495S18c0c516x463
Caldo,,1884,M544x554S34d00482x483S15a32499x530S15a36478x542S22f00519x514
Calor,,2936,M573x549S14c09454x498S14c01520x496S30711482x478S30c30489x492S23701538x513S23719427x511S34d10498x512
Calzado,,1309,M534x517S15a12493x484S15a16467x505S20600496x498S22a10521x495
Cama,,956,M536x539S1a040516x462S1a048468x462S2f900521x497S2f900469x497S22b04519x509S22b14465x509
Cama2,,2553,M535x527S1a014466x474S1a01c515x473S22b24492x497
Cambio (Personas),,5183,M533x533S10010518x467S10018469x467S22c02490x503S22c16468x517
Camello,,1284,M524x518S18228441x429S37900444x445S37804444x485S2ff20476x483S2b900451x470S20500462x502S20500449x494S20500437x488S15a22488x469S15a02469x456S15a02447x444S2df3e508x444S37b06501x458
Caminar,,389,M511x542S11504493x493S22514489x529S26600492x459
Caminar,,2372,M519x535S14c39486x504S10e04504x466S26700486x493S22220482x468S22220482x474
Caminar (CL: persona),,2086,M530x588S15d49478x565S11951488x541S22120485x534S26501517x531S30346482x476
Camino,,1228,M523x536S2dc26498x465S15a40511x508S15a48477x509
Campaña / Campo,,5278,M539x531S1e841490x477S1e84f461x469S2e801515x495S2e811473x502S2fb05507x519
campo,,1678,M542x537S1ea40519x478S1ea48492x499S2ea20522x512S37107479x464S37157470x463
can,,144,M555x525S20318502x488S20310479x487S20e00493x474S26606525x488S26612444x486S37600486x502
Canindeyu,,1895,M614x547S33100482x483S28a06578x530S22e04536x522S14c20566x498S1ed20526x498
Cansado,,1297,M552x580S30711481x478S36d00479x530S15430515x550S15438474x550S22a04539x554S22a14452x557S21700507x542S21700507x550S21700507x558S21700507x565S21700507x573S21700491x542S21700491x550S21700491x558S21700491x566S21700491x574
Cantares,,1530,M536x535S2a40c511x499S2a414465x499S10030516x466S10038470x466
Capiata,,1921,M574x544S30005482x483S20500514x512S1a001522x514S26a04547x517
Captar,,1652,M518x542S33e00482x483S26516442x528S21600430x491S20314463x524S14c18422x502
Captar,,2090,M519x526S14c48482x486S21600490x475S26516504x512
Capítulo,,2455,M529x514S16d10512x493S20500498x498S20500487x498S15a18472x487
Cara 2,,5163,M552x539S30002482x483S15d01525x495S20500470x495S26b04525x521
Cara a cara (encontrarse),,2269,M527x531S15d08485x469S15d20508x490S26501498x518S26515474x493
Cara cómo?,,2087,M608x539S2ff00436x482S16d10559x515S29102436x485S26a04581x520S30b00528x483S20500541x512S10c00459x517
Cargar liquido,,1768,M578x550S16d40480x463S37c06422x474S2a218429x485S20348432x467S2a248451x451S14c58536x503S16d40560x469S22620535x493S22b10561x503S2f804538x539
Carne,,1875,M545x543S30005482x483S20800512x512S11811520x518
Caro,,1773,M555x584S14c42508x526S34d00482x483S31a30489x492S2a300532x548
Casa (House),,244,M524x519S15a19476x496S15a11501x496S20600490x482
Casado,,1728,M544x520S10a59473x480S10a31516x494S20800509x484S26514456x482
Casi,,2033,M539x574S31500482x483S14c50515x510S2e200517x542
Castigar,,2095,M547x573S30c00482x483S34310492x505S10010522x517S10018457x507S27200507x554S2711c444x553S37806447x571
cat,,72,M605x526S2ff00482x482S20e00500x499S1d110522x492S1d410576x493S26a06555x499
cell phone,,42,M518x522S1f540503x485S1f548482x485S21700482x477S21700491x477S21700503x477S21700512x477S20500496x511
Central,,1896,M542x523S15a5a459x511S20500470x496S22f04460x478S37b00510x494S21410527x487S10e22488x487
Cerca,,1251,M526x525S15d42499x476S18048490x510S22a10474x508S20500509x498
Cero (Cero),,216,M508x508S17610492x492
Certificado,,946,M523x525S20350508x476S20350477x488S20500496x485S26514477x510S26500509x496
Chaco,,653,M533x522S16d10516x479S11502468x484S26502481x508
Champión,,1290,M538x523S1ea50514x478S1ea58462x479S26904522x503S26914462x505
Chicken,,71,M537x569S33d00484x432S1f420451x453S22204445x440S22204457x440S2ff00480x534S14410491x497S2b805518x520
Chico,,1717,M524x525S10040508x475S10048477x475S20500495x490S26502509x511S26516478x511
Chimoso,,578,M551x540S30004482x483S15d00527x494S20500495x510S26f04511x526
Chinchulin Trenzado,,1870,M542x538S10e32501x491S2df46471x512S26612464x462S26606506x463S10e5a465x488S20500493x478S22c36458x521S22c36508x521S2df32522x515
Chipa,,1871,M551x536S15d38467x485S21410536x499S21100493x496S37701522x512S37709473x512S26a00511x465S22114510x482S16758511x493S21414449x496
Chipa-So'o,,1872,M671x555S30005482x483S20800513x512S11811520x520S26a00626x484S15d38591x505S21100613x515S22114626x502S37701640x531S37709597x530S16750630x512S21410656x515S21414572x518
Chismoso,,2379,M535x537S30004482x483S34710493x504S15d01512x514S20600489x519
Chismoso,,2396,M522x533S34200482x483S15d01499x510S20600478x518
pick,choose,121,M513x544S1ce20491x456S14c50488x513S22a00493x491
Chorizo,,1200,M568x517S1eb10506x498S1eb18465x498S21600507x484S21600483x484S26512440x501S26506547x499S21600537x484S21600560x483S21600455x484S21600432x484
Chorizo,,1879,M561x533S1ee20503x482S22b06531x487S20500496x467S22114518x473S22114459x470S22104548x473S22104444x470S37802522x501S3780a465x499S22b12440x488S1ee28473x482
Ciego (Jesús Tocar),,2356,M532x573S26504491x537S36d00479x523S15a56475x561S15a51509x537S20500480x549S31500485x483
Ciego (Ojos cerrados),,2350,M518x547S2ff00482x483S21100493x487S22a04493x499S10e00500x517
Ciego Jesús,,5101,M544x541S31600482x483S2e501489x483S1e102518x477S1f540467x517
Ciego mirar al rededor,,2369,M529x557S31500482x483S10050469x527S26606499x536
Ciego ver,,1694,M557x531S30800482x478S15a02485x495S15a26530x495S2880a508x519S20e00494x495
Cielo,,2185,M552x555S32100482x483S15d39477x532S18010504x470S2e806520x488
Cielo 2,,1443,M520x518S2ff00482x483S15d12485x457S2e906480x441
Cielo-abrir,,1322,M579x518S2ff00482x483S15a1a474x464S15a12505x464S22620553x443S22620417x446S14c18421x457S14c10556x456S22e12452x461S22e06534x461
Cien,,1919,M541x528S10010460x473S1eb10481x483S21c00479x474S10027520x479S2df08515x507
five,cinco,16,M512x515S14c00489x484
Cinco,,2215,M530x519S14c02499x496S1001a471x487S20500510x482
Cinco (five),,212,M512x516S14c20489x485
Circuncisión,,1189,M529x530S10048491x500S10e42494x493S26a00502x471S2f710514x516S20700471x483
Circuncisión 2,,1192,M519x548S10048485x518S26a00491x452S20500481x501S1d441487x473S22e31507x493
Ciudad del este,,1930,M510x533S37700508x468S16d10492x481S2a534491x500
Ciudades,,1912,M583x542S1ce40459x501S1ce48430x512S21410484x518S26501417x488S21410568x479S26507454x487S15d5a521x509S10e22534x478S37b00555x488S20500526x496S22f04540x459
Ciudar,,1054,M538x540S10e50521x461S20349487x487S21100492x470S3780b463x501S27103511x500S2f805480x514
CL-Evangelio,,1354,M520x535S14c50490x504S2d710481x498S1000c495x466
Claro (Dios ver),,2191,M580x585S30107484x477S21b00524x513S37403479x527S17611522x522S17619554x522S28912551x560S2890a515x561S37600534x535S2fb04539x579S21b00558x513S31c30490x497
Cocido,,818,M514x518S19220487x499S21600506x483
Cocinar,,1405,M526x528S16c40506x507S1f80c480x490S2ea12474x473
Codear 2,,2558,M555x521S2ff21479x479S20500528x446S26a07534x432S20342489x442S37809518x453S37705503x447
Codearse,,1369,M521x575S32102483x483S36d00479x519S37904462x554S3780a463x524S26a12449x539S22a22489x466
Codicia,,2222,M549x523S18500506x500S26a02535x496S33200482x483
Colocar,,1750,M522x535S17750410x466S17758378x466S25525415x487S36d00480x467S14c04476x485S14c0c450x485S20500471x515S36d00479x531
Colosenses,,263,M527x518S30000482x483S21100494x468S26506512x447S16d10492x445
Colosenses,,1578,M518x518S30000482x483S16d10478x448S21100479x471S26606484x431
Coma,,2044,S38700463x496
come here,come,146,M508x537S15a50494x474S22204495x464S26604492x507
Comedor,,730,M552x556S15a50375x486S15a50409x486S20500393x487S23c04409x521S23c1c362x521S34400482x483S18500521x509S37b16530x528S15a40438x528S15a48343x529S26a04525x537
comer,,391,M518x557S34700482x483S17708491x520S26b04488x539
comer,,1848,M546x578S33b00482x483S36d00479x523S14c3a474x553S23600481x517S17711503x537S2e201519x548
Comer (comiendo),,2153,M533x597S32104482x489S34210489x513S30154490x477S30150501x476S17701514x522S17709471x539S2eb04515x547S2eb14478x565S2fc04498x579
Comfrontar,,1640,M532x523S10010517x493S10018469x493S26516478x477
"Comienzo, Nuevo",,822,M522x569S16d48495x477S14c00499x441S3780a478x488S22b00506x539S22100506x431S20700503x519S17630503x500
Como,,1387,M524x549S30004482x483S16d18476x529S20600472x517S26a14497x533
Como,,1415,M567x557S36d00479x522S30a00482x483S14c38429x503S14c30543x505S37703440x533S3770a461x531S3770b534x535S37702522x533S26512435x486S26506546x488
Como,,1621,M539x587S14c50515x523S14c58463x523S2a20a514x557S2a212467x558S30e00482x489S30356496x477
Como esta,,1953,M548x594S30302482x477S31930489x497S33e10492x512S36d00479x528S20340526x545S37b0b536x546S2a400521x558
Compación,,1481,M528x564S30f00483x483S36d00479x522S18042513x533S20500496x539S34210490x504
Comparar,,1993,M536x525S15d00516x476S15d08464x476S26c00509x510S26c18464x509
Comparten,,1723,M533x540S14c31467x501S14c39507x501S37804490x523S3780c478x523S2d810477x476S2d808478x460S26620493x484
Compañar,,1285,M529x521S1f840511x504S1f848471x506S20500496x506S2b751496x480
Compañero 4,,5285,M522x524S1f540507x477S1f548478x477S20800495x488S23024488x506
Compañero/a,,1910,M522x536S37709486x512S26b20487x464S37701510x511S1f740502x498S1f748479x498S20500495x485
"Competir, Competencia",,465,M550x541S36d00479x460S1f548473x475S1f540514x474S23600511x508S23614458x510S2fc04497x530
Complacencia,,1332,M521x577S33e00484x483S36d00479x521S14c0a462x554S28d10494x533S21100478x534
Completo / Listo,,2183,M526x587S1ce40504x531S1ce48471x531S22a04507x572S22a14477x570S32a00482x490S30154493x476
Comprender,,468,M525x601S20e00494x518S15d01501x534S15d51502x578S30004482x483S2c600496x549
Comprobar,,1667,M597x593S31a00421x489S30154434x477S36d00419x527S20500455x535S20500418x535S20500446x544S20500428x548S20500440x560S15d02468x522S15d0a388x537S37801494x534S37809380x548S32106542x481S36d00539x517S1500a554x552S37704573x537S37802580x517S3780a524x518S15002544x524S37804524x548S20800536x544S22a04470x544S22a14407x560S22a16560x580S22a02527x530
Comprobar / Demostrar,,2197,M541x573S31400482x483S20500502x497S10001520x496S15d01504x530S15d09476x527S35010494x508S26a00494x559S20b00486x523
computer,,47,M532x570S14c50508x446S14c58470x446S22610510x431S22610472x434S1dc20504x495S1dc28470x495S27106514x530S27112469x529
Concepción,,1897,M615x563S2ff00482x483S36d00479x522S21100474x530S23c09490x541S10c01526x533S14c20565x508S28a06579x541
Condena 2,,5119,M546x532S15d39476x492S15d11509x492S20b00480x499S22b03522x508S36d01479x468
Conducta,,281,M512x524S15d31489x477S22a04496x509
Conferencia / exposición,,1367,M550x539S11850508x462S11858471x462S2bc14450x492S2bc05517x492
Confianza / Confiar,,5283,M544x569S2ff00482x489S27114455x541S27100504x540S10001507x507S10009473x507S2fc04492x558S20600489x496S30150492x476S30154503x478
Confianza / Confiar (poco),,5281,M544x563S2ff00482x483S27114453x538S27100504x540S10001507x509S10009470x508S2fc04492x552S20600490x495S31530490x493
Confiar No,,5115,M544x571S2ff00482x491S27114455x543S27100504x542S10001507x509S10009473x509S2fc04492x560S20600489x498S30352492x480S30356499x475
"Confiar, Confianza",,470,M548x568S2ff00482x483S20500504x495S20500489x495S10001510x506S10009474x507S2fc04498x557S27100508x539S27114457x539
Conforme,,1436,M527x575S36d00479x529S30124481x477S33e10491x511S15d02500x537S21100485x541S23100489x558
conocer,,168,M524x548S31510482x482S20500495x498S20500503x498S1dc00500x518
"Conocer, Conozco",,471,M538x557S31410482x483S20500502x497S10001512x503S26a04511x543
"Construir, Construcción, Edificar",,473,M573x528S15d52499x483S15d5a471x495S21100497x507S22a10427x509S22a14448x494S22a10460x472S22a00548x490S22a04534x472S22a04560x513
Consuelo,,1086,M601x574S36d00479x525S37900478x526S3780a505x526S37703484x537S14c01471x523S21100457x523S22a04457x544S23616539x498S23602579x498S14c20578x543S14c28537x542S30900481x479S30a30488x496
Contacto,,742,M542x514S1c500512x486S1c528459x486S20600490x495
Contar,,1366,M539x540S30004482x483S1ce4a491x518S2ea48524x513
Contento,,1331,M641x568S36d00479x523S31400482x483S14c02503x545S14c0a466x545S20e00511x531S20e00476x530S21d00623x493S21d00578x493S17610625x506S17614580x507
"continuar, continuo",,477,M524x529S16d10494x509S20349503x472S3770b487x489S21100477x492S26507511x497
Contra él,,1705,M542x564S10008491x534S15410527x508S30c00482x483S25503500x519
Conversar,,2116,M544x528S15410503x473S15418477x474S2c516457x500S2c507511x497
Coordillera,,1900,M534x540S28809467x460S15d39475x476S20500478x486S1c55f490x498S2a20f511x519S20500487x477
Copiar (De Alla),,5176,M521x533S26506482x519S17b10479x492S36d00479x467S22104484x486
Copiarme (ustedes),,5261,M547x545S36d00479x455S14c02504x475S14c0a466x474S27110456x513S27100507x514S2fc04494x534S22214516x503S22214469x502
copy,I copy you,134,M510x539S15720490x474S22204498x461S26604494x509
copy,you copy me,135,M510x535S15700490x508S22204497x500S26600494x465
copy,you copy me,136,M510x535S15700490x508S22204497x500S26600494x465
Corazón,,1655,M532x528S36d00479x473S10003502x479S1000b440x479S28c0b488x503S28c13461x503S21200471x485
corn,,166,M540x555S36400482x482S15410522x504S15418464x505S26506525x538S26516464x541
Coronel Oviedo,,3018,M529x520S17648471x504S20500475x489S10e51489x495S22f03508x480
"Correcta, perfecto",,282,M518x522S1ce42482x478S22f04493x508
"Corrupción, Corrupto",,484,M538x539S15a57379x479S21100387x512S21414389x531S1ea11393x490S26502469x519S21100492x520S30c00482x483S10e12508x523S26501418x511
"Corrupción, Corrupto (2)",,486,M550x531S14c59462x474S14c51511x475S22504450x470S22504538x470S26a06525x504S26a12463x503
Cosa,,1724,M557x515S1001a468x500S10012500x500S20500494x487S26906539x498S26912443x498S21600473x486S21600519x486
Coser / Costura,,1751,M526x529S36d00478x471S36d00480x525S14c0c445x496S1ce0e476x484S20500474x510S2f003505x503
Costumbre,,1299,M536x518S1f11a464x462S30000482x483S20e00494x469S22a10509x465S22a10523x465
Costumbre,,2046,M555x518S30000482x483S20e00494x470S1f112519x464S23000530x484
"Costumbre, Acostumbrar",,1671,M547x546S1d412519x484S30300482x477S20f00521x515S23000522x528S33110500x491
cousin,,38,M518x514S20350482x499S20350503x499S20500490x485S20500501x485
crash,,35,M538x542S14c02507x491S14c0a463x491S22a00516x468S22a14465x519S2f900517x459S2f900466x537
Creación 1,,2266,M573x602S12810510x533S12818468x533S2fb03455x555S2fb03445x565S2fb03437x574S2fb05532x559S2fb05542x568S2fb05551x579S2f507539x555S2f503540x575S2f507557x577S2f515460x563S2f511440x562S2f515442x582S37903534x559S37903531x563S3790b426x552S3790b428x556S36d00479x523S33e00482x483
Crecer,,1168,M521x531S36d01479x483S22c00456x470S15d42455x512
Cristo (Christ),,199,M539x567S1c518461x434S1c510509x450S20500510x467S20500479x452S26502516x482S26516467x468S1c510509x507S1c518464x522S26516471x553S26502517x540S20500481x538S20500512x525
Cristo 2,,1247,M535x535S1c510505x466S1c518465x506S15d18467x465S15d10515x508S20500488x477S20500503x515
Cristo 2,,1599,M539x548S1c510508x460S1c510509x512S1c518461x453S1c518462x520S20500477x470S20500511x528S26502491x467S26516496x527
Crucificar,,2307,M523x579S30c00482x483S15d2f458x556S26603483x533S20330508x519S20b00467x542
Cualquiera,,2125,M530x525S14c03503x499S14c0b470x499S22e20490x476
Cuando,,1451,M521x524S15d0c502x497S26610480x492S26910500x476
Cuate / Socio,,1638,M537x526S1ce28463x474S1ce02475x504S26a20510x486S20700488x488
Cuatro,,1688,M530x521S14402499x479S20500503x501S1001a470x506
four,cuatro,14,M511x515S14400489x484
Cuatro (Four),,211,M511x516S14420489x485
Cuchara,,696,M532x558S34400482x483S22f00492x524S1ea31504x539
Cucharón,,944,M516x561S1ea33488x478S2e234489x439S2e802484x546S22b00492x511
Cuenta (Simeón),,1288,M518x603S30004482x483S32114490x492S1ce12478x520S2ea00498x548S1f748494x588
Cuero,,1269,M552x519S14c32521x481S14c3a448x481S22516482x482S22512504x483S26506525x505S26512452x504
Cuero,,1762,M583x527S37806448x520S15a12418x515S21100452x504S26702432x492S14c5a445x473S26d10508x484S26d00556x483S17740560x506S17748514x507
Cuerpo,,2324,M545x601S2ff00481x483S36d00480x525S21100495x541S22a24493x562S36d00479x597S16d40527x555S16d48458x553
Cuidar,,1349,M536x538S15a41473x504S20f03464x517S10e29486x489S27111508x463
Culpa / Culpable 2,,5251,M526x531S15d51503x489S15d59477x473S20500475x470S22a04506x516
Culpable,,490,M535x527S15a57466x473S15a51488x490S20600467x501S21400471x517S22f04510x513
Culpable,,2438,M525x532S15a57476x469S15a51499x489S20600475x497S21400485x513S22f04500x518
"Culpar, Culpa",,492,M544x542S15a57457x482S15a51481x498S20500468x507S21400468x521S22a04499x527S10050506x459S26500530x472
Cultura,,1559,M518x518S16d10492x454S20600490x438S30000482x483
Cumplir,,1352,M545x531S15a40533x475S20500521x487S1ce58496x469S1ce48456x501S28d12462x473
Cumplir encerio,,1608,M534x551S15a18467x455S1ce20486x450S14c02498x505S20e00471x465S2880b498x483S23704495x530
Cuñado / Cuñada,,1838,M524x535S36d00479x466S37900475x472S20e00461x473S37703477x513S22a04444x469S22a04430x469S15d01482x477S37704500x494
Cómo,,1465,M541x613S36d00479x530S14c30456x540S14c38517x543S23102521x585S23116460x587S30c00484x483
Cómo puede ser,,5301,M531x584S30c00478x483S34110489x506S37004474x523S15d31499x546S15d39472x546S26612460x568S26606501x567
D,,290,M508x515S10110492x485
D,,301,M508x515S10110492x485
dad,,22,M556x522S2ff00482x482S20500501x496S14210527x487S20e00525x510S22204521x492S22204529x492
Daniel,,395,M530x569S31600482x483S36110492x505S15308514x515S22e04513x551
Daniel,,1536,M541x544S36100482x483S26904525x526S15112524x493
Dar (Dios) 4,,5167,M543x569S36d00479x524S2b820520x499S32100482x483S17830510x542S17838467x542S22100521x562S22100471x562
Dar 5,,5165,M529x524S17830503x486S17838472x485S2b720492x501S22200511x478S22200478x477
Dar nos Dios,,1691,M543x541S36d00479x497S15a00514x459S15a00531x459S15a30491x514S15a30507x514S28a23497x488
Darles,,1406,M564x533S15d39475x510S15d31500x510S2d80f501x476S15d3f436x468S15d37541x468S2d817463x475
Darme,,1480,M533x526S15d39468x474S15d31510x475S26724494x484
David,,1963,M535x524S10100430x476S2ff00482x483S20500495x486S2e732426x508S10100519x470
day,,50,M552x525S19210495x506S19218448x505S28b0a508x486S28b1a448x480S2fb00495x475
Decir,,1546,M537x567S34200482x483S19a10509x517S19a18464x517S2ea00516x542S2ea40470x542
Decir,,1394,M550x542S30004482x483S19a10505x521S26600534x512
Decir,,1474,M523x550S30004482x483S10000486x520S26600507x520
Decir,,2345,M547x545S2ff00482x483S19a10501x521S19a18469x520S2e718451x519S2ea3c532x520
Decir 3,,1547,M518x565S34200482x483S19a10488x519S2b700490x542
Decir a Simeón,,1676,M529x535S10008471x505S1ce40507x465S2e501482x489
Decir otros me,,1592,M536x577S2eb48466x545S19a00508x522S19a08457x522S2eb0c511x545S33010479x483
Decir/Afirmar/Declarar,,2156,M556x565S11e40514x524S11e48464x525S33b00482x483S2b701537x532S2b710445x531S2fb04494x559
Decirles,,1414,M536x536S36d00479x464S11e10513x474S11e18463x474S26600513x506S26610470x506S26920492x486
Decirles,,2325,M538x548S1ce0a489x526S2ea10523x522S34d00482x483S30d30486x491
Decirme,,2131,M584x518S2ff20476x483S19a01523x473S19a09448x473S26503528x447S26503549x452S26503571x458S26515461x447S26515439x450S26515418x456
Decirme otro,,5238,M529x589S2eb0c504x557S19a44501x536S2ff00482x483S36d00479x523
"Defender, defensa",,495,M544x594S20359515x529S3770b500x544S30c00482x483S20e00498x543S10e21514x553S27107502x568
Dejar,,1697,M538x519S1f81c501x504S1f814463x504S2892a509x481
Dejar de lado,,1734,M552x538S36d00479x463S37801524x470S26706510x522S3780c502x501S15a48497x491
Demostrar,,1545,M542x564S2ff00482x483S10001521x508S20e00501x493S15d09478x540S15d01484x541S20500487x527S26603502x516
Dentista,,1293,M538x531S36500482x483S20500495x495S1ea10515x510S26507523x493
Departamentos,,1911,M535x531S20348477x493S3770a473x507S26501465x469S26507492x469S20500480x480S37702522x504S10140515x477
Depende,,1478,M528x536S10110473x465S10118512x465S26812475x503S26806478x520
Desatar,,1312,M575x521S1f851470x494S1f859443x500S2e710425x493S22a20539x504S14c21548x480S14c29513x486
Descansar,,5390,M535x538S21100514x472S21100477x470S37a16478x463S14c0a466x487S14c02504x486S22b24492x508
Desembarcar,,2347,M530x553S11850507x526S2b700505x465S2b700509x497S11858470x509S2b711479x479S2b711482x448
Desender,,1635,M532x543S11552502x473S1155a469x473S22d24492x493S2f800481x457
Desfallecer / Marchitarse,,2418,M570x554S15a12437x542S14c18447x457S37900456x488S37706431x526S37706464x547S15a12519x541S37900538x486S37706514x524S20500447x529S20500530x527S37706545x546S22e16466x478S2fb04464x499S17719538x475S22104451x446
Desierto,,1231,M539x565S2ff00482x483S36d00479x522S37900519x525S1bb4a490x529S21e00525x526
Desordenado,,1433,M530x536S15411506x464S1541f470x512S2ea01496x479S2ea1b481x496
Despreciar,,2311,M626x538S2ff00434x483S37d00451x501S21100446x487S15700476x489S26500495x497S32b00531x482S30c30538x488S17600567x522S21b00571x511S26500586x514S15838600x506
Después,,1754,M525x524S22b31504x503S26500479x476S15d12476x491S2df35503x500
Después,,2337,M542x609S2ff00482x483S16042515x528S15a57468x554S3790b435x570S20500517x541S20500465x550S20500423x594S26603437x567
Después / Luego (mucho tiempo),,5282,M526x512S15d42474x488S2f000505x492
Después 3,,5386,M518x523S10002483x508S2b701499x477S26930495x502
Destechar,,1669,M600x591S30c00427x489S15d30468x526S23612511x529S23608455x563S23714399x559S37906454x558S30354441x476S30c00537x482S15a10530x532S15a18567x533S37802572x559S3780a520x558S2310a583x536S15d38406x525
Destruirnos,,1378,M553x583S15d32504x547S15d5a471x553S21414511x575S21100506x537S2df14448x549S30c00482x483S36110493x504S21410474x574S2df0c532x550S22c16486x521
Destruirse,,1748,M546x530S36d00479x471S21b00513x486S21b00513x513S21b00479x485S21b00480x514S22a24495x497S1bb40525x470S1bb40525x502S1bb48452x470S1bb48453x502
Destrur,,1774,M532x583S34100482x483S30e30488x491S1bb20505x521S21e12526x555S22b04506x553
Desviare,,1491,M549x523S30106482x477S33110499x500S1dc48522x492S26916531x474
Deuteronomio,,1527,M527x529S15d18473x502S10310507x472S20602495x505S2880c510x507
Diablo,,1344,M551x560S30004482x483S1011f450x503S10117523x504S20500505x517S20500484x517S2e208462x526S2e218521x528
Diablo,,2121,M546x562S30004482x483S10117508x518S1011f462x517S31530488x493S36110492x502S20500494x521S2c503514x534S2c512448x534
Diablo (endemoniado no sujetarse),,2169,M551x586S20309473x537S20321504x536S2d403516x553S2d412447x552S26c07520x526S26c15460x525S2fb04492x531S30c00482x483S34a10495x505
Diablo / Demonio adentro,,2122,M541x581S16d3a485x541S17a10521x514S31500482x483S36110492x504S28903516x537S20a00487x566
Diccionario (Dictionary),,243,M523x524S15a37478x483S10110507x477S21100483x488S26a03492x503
Diccionario Fonetico Lspy,,1957,M582x533S10319418x485S21410457x524S21414421x525S20e00441x506S15a30458x493S26a14420x468S2eb08567x492S2eb44496x493S14c40540x491S14c48514x491
Dice 6,,1690,M538x546S36000482x483S10001517x512S2b700488x523
Diciembre,,1795,M539x523S10010522x492S21800461x477S21800521x478S10018464x493
Diciembre (December),,228,M541x532S2ff00482x483S10a10523x502S10a18463x506S21900527x488S21900461x490
Diente,,856,M548x558S36100482x483S10a00528x513S20500517x507S26a04521x544
ten,diez,25,M520x528S10000479x473S17610504x488S2df08491x507
Diez,,2224,M527x516S14c20504x485S14c28473x485
Diferente,,5174,M528x533S10001499x482S10009480x483S2df10472x511S2df08507x512S20e00494x468
Diferente,,1736,M544x532S10031503x481S2a219460x508S20500496x468S2a201518x509S10039476x481S26512456x489S26506529x489
Diferente 2,,1702,M546x522S10001496x478S10009484x478S10027525x478S1002f454x478S2c312468x503S2c307508x504
Diferentes,,1341,M565x522S26706523x489S10011500x492S10019474x492S26712435x490S21910510x482S20500493x478S21910463x481
different,,154,M586x521S10021493x500S10029474x500S20500492x478S26606529x502S26612438x505S10000571x487S10008414x489
difficult,,80,M534x553S2ff00482x482S20e00519x502S10601511x513S22f03502x532
"Dificil, Complicado, Dificultad, Dificultar",,838,M545x518S30c00482x483S10a10526x487S26502503x465S21910523x475
Difundir,,1466,M535x530S14c50511x498S14c58466x499S26620494x470
Difundir,,1388,M536x540S14c50508x509S14c58468x509S26720493x461S22620510x497S22620465x498
Digno (Dios),,1209,M554x570S2ff00482x483S36d00479x523S20500476x533S20500507x559S10101447x520S10120538x495S22a05476x555S22a00532x532
Digno (persona),,1315,M547x521S36d00479x480S10310510x491S10318474x491S26500533x504S26510457x505
Dinero,,2434,M523x529S1f130477x482S37808498x497S22114482x472S20e00511x482
Dios,,1204,M515x551S15a10485x524S15a18502x508S21100486x505S22a00501x487S10110499x450
Dios 2,,2188,M525x544S15d10506x509S15d18475x517S10110505x457S22a00505x491S20e00493x522
Dios ve,,2294,M546x555S15d10478x528S15d18455x522S21100474x505S22a15533x468S10018461x446S11219517x453S22b10459x484
Dirigir / Gobernar,,1353,M596x565S36d00479x524S2ff00483x483S10052510x538S1005a458x537S26714439x523S26710422x523S26714405x523S26700547x515S26704563x514S26700580x517
Discipulos,,1364,M528x529S14c59472x488S1f547494x471S26727497x498
Discipulos (Ellos),,2110,M533x522S14c51506x496S10c5a471x479S20500502x484S26517467x501
Discipulos 2,,2109,M524x525S14c51497x499S1f548477x475S26621500x475
Disconforme / molesto,,1374,M560x584S30c00482x483S34310493x506S36d00479x520S14c02497x529S21100482x570S2e600531x521S2e618451x544S21100516x549S14c0a482x550
Discurso/enseñar,,1300,M537x543S37900476x489S14c18466x458S15a12470x531S37906497x535S26a10490x462S20500463x520
Discutir,,2123,M582x564S10011513x534S10019465x534S20e00495x529S27110419x545S27104542x545S30c00482x483S36110492x505S2f900495x550
Discutir / Discusión,,2204,M541x591S30c00482x483S22130466x519S17e10507x530S17e18474x529S23602518x552S23612472x551S22130509x519S35914494x503
Discípulos Estos,,1981,M533x524S14c5a468x476S26500510x482S10b41504x503S20e00487x503
Diseminar,,2162,M535x585S31500482x476S33c10489x495S33530476x503S37600488x562S36d00479x524S17621476x548S17623505x550S22620506x538S22620469x536S2880a465x566S28812513x569S21c00528x552S21c00468x550
Disminuir,,1737,M529x545S14c10506x468S14c18474x468S22a24495x502S1f840511x530S1f848471x530S22604480x456S22604513x458S2f804483x512
divorced,,106,M552x531S10050514x471S10058476x471S20e00495x469S26500510x513S26504525x516S26500538x514S26514478x514S26510464x512S26514448x513
Divorciado/a,,1907,M537x515S10110502x485S10118483x485S26512463x500S26506522x500S2f900526x492S2f900465x492
Doble,,2277,M559x518S10e11516x452S22e31533x475S32107482x483S22f00534x443
Doce,,2227,M544x516S14c20487x485S14c28457x485S10e20529x486
twelve,doce,28,M510x522S10e00495x492S21c00491x487S21c00491x478
Doctor / Médico,,1712,M533x529S3780d468x482S14c5a502x471S1d020502x499S20800489x490
Documento,,531,M518x530S15d39483x495S15d33486x470S20e00486x502S26505505x517
perro,dog,152,M545x574S32a00482x482S15320518x529S26f00505x560S22230510x519S33500476x482
Dolencias/Enfermedades,,2179,M559x532S32d30492x491S32d30504x491S30006486x483S17842526x495S20500522x484S23402545x489S37106480x527S37156466x527
Dolor corazón,,1708,M543x576S30a00483x486S35640492x508S36d00479x523S30920492x479S10002513x535S1000a447x536S26602512x547S26616451x548S2f900491x550S2f804477x565S20500484x532
"Dolor, Sufrimiento",,503,M521x536S36d00479x464S1f801479x472S37703495x489S21100503x473S2e606479x507
Domingo,,1826,M544x518S2ff00482x483S21100494x481S17410523x476S22b06491x454S22b04493x449
Domingo (Sunday),,239,M537x518S17510516x466S30000482x483S23304488x435S21100495x465
Donar,,1772,M541x525S17800515x489S17808460x490S22100522x475S22100467x477S26920493x484S26510463x509S26500523x510
Donde,,1489,M516x525S14c0c489x476S2eb1e484x510
Donde,,1937,M513x527S2f004493x506S15750487x473
Door,,98,M516x524S14720499x502S14728484x502S22a00503x476S20e00493x489
Dormir,Monge,2439,M535x553S31600482x483S15a19501x519S15a17512x530S20500518x504S37b0a497x466S37b06493x472
"Dormir, Dormido",,504,M557x551S30005482x488S30928492x477S31630490x499S20500520x514S15a17534x528S15a19523x518
Dos,,1685,M537x514S1001a463x499S20500498x495S10e02507x486
two,dos,12,M507x515S10e10492x485
Dos (two),,209,M508x515S10e20493x485
Dos personas ir juntas,,2358,M531x522S15c16469x479S15c12511x479S20500499x483S26726489x506
Duda,,2340,M542x537S26500520x522S20e00515x478S16000521x492S22104530x489S30007482x483S30c30489x491
"Dudar, Duda",,508,M525x578S35610482x489S20500498x525S1e101486x533S37703503x556S30920491x477
"Dudar, Duda",,2209,M525x573S30900482x479S35640491x507S21600496x523S20500475x515S20500515x515S1e101486x529S37703503x551
Duerme,,494,M548x548S21100521x503S30908482x479S15a17512x519S22a07535x534
Dueño,,1229,M556x574S2ff00482x483S20500478x478S20500511x478S15a07453x487S15a01523x485S22a14444x548S22a04543x549S15a57461x551S15a51516x551S2f900544x542S2f900445x540
Dulce,,454,M580x537S26606550x521S1dc02502x512S20e00535x524S30004482x483S21700497x507
Duro,,2080,M531x577S14c40507x524S30c00482x483S34d10497x505S1f849470x535S37701518x553S3770a464x550S26a16452x527S20500502x542
Duro,,2158,M526x588S14d19472x540S30a00482x483S34d10497x507S1f540511x540S20c00475x522S26a13498x567
Duro,,2159,M526x588S14d19472x540S30a00482x483S34d10497x507S1f540511x540S20c00475x522S26a13498x567
Día,,1338,M537x524S19210501x504S19218463x505S28b2a493x477
Día,,2025,M547x524S19210505x476S19218472x477S28b0a503x502S28b1a454x504S2fb04491x495
Día,,2464,M524x519S1fa10477x481S1fa18505x481S28a2a481x502
Día de Reposo,,5388,M532x524S11a27506x481S11a29468x477S28922481x509
Día de Reposo,,1983,M546x528S13310500x498S13318455x498S28b2a502x473
Días varios,,1624,M548x523S19210493x503S19218453x504S28b2a504x478
E,,302,M508x509S14910492x491
early,,52,M529x569S10a50494x457S3790e470x449S20312514x533S20500494x432S11500493x505S3790e476x540S20312509x443S2eb06484x554
Echar fuera,,1507,M528x521S15d31505x480S15a49486x498S26b11473x483S20e00511x486
Eclesiastés,,365,M530x531S15a37507x508S21100500x469S14940475x469S21410470x498
Eclesiastés,,1549,M519x541S15d39482x502S14941482x459S22a04489x481S26501506x516S26505497x528S21100485x508
Efesios,,260,M518x542S2ff00482x483S21100494x486S18508489x527
Efesios,,1575,M555x518S30000482x483S21100493x467S17700509x466S2e500532x459
eight,ocho,21,M511x514S1bb10490x486
Ejemplo / Muestra / Modelo,,1726,M529x543S14c28472x480S21400496x493S10001508x513S20500498x501S26620495x457
Ejemplo / Por Ejemplo,,1707,M540x555S26a04513x541S30004482x483S20600489x521S1ce42479x532
El,,1218,M515x516S10049494x486S26517485x485
El,Tu,1257,M518x515S10058482x485S26500504x499
El (Simeón),,1283,M534x525S1f848466x510S10b12506x475S22a03492x491
El esta,,1276,M532x522S15a51504x482S1f543490x500S2b741469x504S20500522x479
El este,,1991,M509x521S10c20492x499S26500494x479
El Mal,,1371,M521x577S1eb28471x537S35300483x483S21b00498x538S36d00479x521S26910470x559S2f900472x531
El otro (Izquierda),,2355,M533x523S10010518x478S1005f474x481S26512467x509
El-antes-de-Mi,,1307,M524x518S2ff20476x483S1f514458x467S26614457x484
El-Dios,,1643,M517x515S10020502x485S26500484x487
El/ella misma/ser,,1281,M522x515S15d39479x489S22b14506x485
elefante,elephant 2,153,M536x564S33200482x482S16d10491x520S2c701513x535S22a04495x549
Elegir,,1227,M523x529S1d128479x477S22204512x471S20500513x479S26514493x510S3770a477x505
"Elegir, Seleccionar, Selección",,510,M527x514S1c320477x486S22104473x486S26504513x496
Elephant,,70,M556x518S33200482x483S10012526x501S2c601524x467
eleven,once,27,M519x535S10020481x505S21c00485x465S21c00504x465S26500480x480S26500499x480S26606489x495
Ella Venir,,1399,M536x528S15d50516x483S22104523x473S10050481x478S26500465x493S26504522x513
Ellos,,1639,M527x529S10051481x493S37703505x507S26501474x471
Ellos-atentos,,1368,M531x574S32401482x483S14c50507x525S14c58471x525S26500512x559S26510475x559
Ellá,,1395,M521x527S36d00479x473S10c10468x489S26702448x511
Emboscada,,1923,M576x527S16629461x480S3780b439x496S37803451x496S20500457x474S2d51f424x499S2d50b478x501S14409548x475S14421519x476S37803542x497S3780b524x497S1660f437x480
Empanada,,1868,M535x538S37900456x473S36d00479x498S1dc52474x514S26a04508x515S3770c456x500S20300450x462S20700433x502
Empleado / Funcionario / Servicio / Servir (Ese),,5169,M529x531S37601482x485S20e00477x519S10c12507x494S1f808472x470S22a03515x514
wrong,empty,89,M538x559S2ff00482x482S10601515x510S20e00503x502S26503500x532S26503512x546
En Contra,,5248,M534x556S26500520x541S15420501x531S30c00482x483
Encarnación,,1928,M525x513S16620476x494S11950503x487
Encontrarse-con,,1319,M547x516S10010532x486S10018454x484S26816476x496
Encuentra 2,,5245,M526x524S15a10513x476S15a18475x477S22a02511x510S22a16475x511
Encuentra 2,,5246,M526x524S15a10513x476S15a18475x477S22a02511x510S22a16475x511
Enero,,1783,M510x526S14910490x475S2e234491x494
Enero (January),,217,M508x509S14910492x491
Enferma,,1416,M544x535S30005482x483S15a44532x508S20500516x510S15a02507x471S20500495x486S22a11524x490
Enojo,,2088,M526x567S30c00482x483S34110492x505S14c31489x525S21600518x524S22a04494x552
Enseñar,,1301,M538x517S15a20465x490S15a12484x504S20600488x491S21404463x484S26a10511x488
Enseñar (por varios lugares),,2161,M536x597S36d00479x523S32411490x498S26f00484x583S15a5a486x536S18520493x563S37156467x529S20500498x548S37156524x518S3715a466x518S37152524x525S37152465x524S37156525x531S32417491x490S2ff00482x483
Enseñar me,,3360,M541x525S18500486x475S1851a483x500S20500487x487S26a04514x477S37706459x501
Enseño,,1302,M539x519S18528461x489S15a12484x507S20600488x494S26a10512x490S21404465x481
Entender no,,1595,M549x523S30304482x477S30c30490x495S17520528x490S20500518x491
Entiendo,,1411,M567x525S2ff00482x483S20600521x483S15a10532x496S26b02549x498
Entonces,,1745,M536x607S17630520x544S17634466x543S36d00479x527S35700482x489S33b10493x514S30150499x476S31430489x499S22a24493x562S14c30512x576S14c38462x576S30154488x478
Entrar,,1392,M520x538S26710480x463S15a48482x511S21100504x501S21414503x491S15a12493x477
Entregar / Repartir / Dar,,1970,M537x535S15a31492x495S15a37486x495S37703511x513S3770b470x513S26520493x476S2d608508x466S2d610463x467
Entrevistar / Conversar 2,,2117,M559x577S1ea10505x528S1ea18472x529S2c507526x549S2c516448x549S34400482x483
Enviar (mundo),,5109,M521x526S14d10451x486S14d18419x475S36d00479x509S22b25441x502
Envolver,,1625,M552x527S15a02495x493S3780c449x480S37804520x497S2ec10473x487S15a06481x474
Escalera / subir,,1634,M524x519S11850476x492S22610479x482S25600508x486
Esconder / Escondite,,5297,M525x528S15d18475x496S17f40508x499S21100496x505S2d501476x473S2d539495x473
Escrito,,1223,M527x531S1ea59496x470S21100514x497S15a3f499x508S26b12474x471
escuchar,,396,M546x524S33010479x489S16010525x493S30928487x477
Escuela,,2448,M521x535S37606479x467S36d00479x466S14702471x475S20600453x465
Esdras,,348,M526x528S15850475x481S21410497x494S22104490x474S22b00510x472S15a36476x516
Esdras,,1524,M521x535S15d3a494x515S21100497x521S15713496x466S22504480x479S22a00501x497
Ese (sorpresa),,5125,M559x535S10057538x505S31a00484x483S36d00479x522S34410497x505
Ese 1,,1447,M519x520S22a07506x481S10037482x499
Ese ahí,,1593,M514x529S10a20487x472S26900498x503S2f900500x524
Eso,,1844,M537x525S10919463x498S21b00480x488S10049516x476S26617489x498S2f900495x520
Eso (en la mano),,2060,M533x517S10c51499x483S15d39468x494S22a03520x500
Eso / Ese,,1769,M521x526S36d00479x474S36d00479x522S1004b447x487S26505440x505
Esos,,2128,M597x529S26500530x473S26504556x472S26500583x473S26514459x473S26510431x473S26514403x472S10050529x491S10058460x491S26712414x513S26706549x513
Esparcir,,2147,M553x536S14c50505x505S14c58470x505S22620506x493S22620468x493S26611448x464S26607531x465S2f800481x469
Esparcir2,,2578,M571x529S17621430x487S17621456x487S14c50547x471S14c58488x472S2fb04444x507S21b00434x476S21b00460x476S26611496x507S26607542x506S2f804510x501
Especial,,1966,M538x578S30152494x478S20800494x544S1db18462x532S22a26491x565S31000482x488S34d10498x512S1d110509x531
Especias aromáticas (preparar),,2059,M557x574S15d39483x551S20341501x526S2e702524x528S20500491x555S23404520x544S34200482x483
Espera,,1318,M541x512S1f540526x488S1f548460x488S36d00479x491S20500514x499S20500477x499
Espera,,1484,M512x525S14c20489x476S26500493x510
Espera,,2378,M532x519S15d27509x495S15d28468x492S26517486x482
Espigas,,1846,M532x544S14408501x513S1d152469x456S20f10489x500S2930a491x484
Espinas,,2417,M535x544S37900526x472S20300520x458S10058485x514S26510487x495S26510486x475S2f900466x534S26510486x457S21100504x502S21100504x485S21100504x468
Espiritu Santo venir,,5451,M578x564S33600476x483S17600455x466S17600530x465S21c00536x449S21c00461x450S14c02528x490S14c0a442x492S14c58445x529S14c50532x529S22b14426x470S22b04560x467S26610424x534S26600562x532
Espíritu Santo,,1250,M657x547S2ff00479x483S36d00479x521S1fb18537x527S2e318484x477S14218564x494S14210598x494S21700538x512S21700649x514S22a12547x509S22a06631x510S1fb10642x528S1de0a456x483
Espíritu Santo 3,,1569,M534x540S15a18466x466S14c01508x461S37a00470x492S20500471x522S22c03484x489
Espíritu Santo 4,,1570,M540x537S15a18461x470S18511513x463S37900465x497S20500468x519S22b03484x492
Espíritu Santo 5,,1571,M535x534S15a18466x467S17611519x466S37900470x494S20500472x518S21b00508x468S22b03486x491
Espíritu Santo 5,,1572,M535x534S15a18466x467S17611519x466S37900470x494S20500472x518S21b00508x468S22b03486x491
Esta persona,,2137,M520x572S10028459x526S10c51493x529S20600461x512S22f02491x547S30a00482x483S34810488x505
Esta primera persona,,2037,M528x535S11e20505x468S20500499x466S20500486x466S10009480x484S26a14473x521
Estar,,5345,M519x526S15d39481x503S20800490x507S1f543485x474S22a04506x490
Estar,Estar presente,1196,M514x532S22a04494x468S15a37487x509S20500495x513S18538489x488
Estar Presente,,2385,M524x523S15a37477x500S1f541502x477S20500484x504S22a04479x484
Este,,5099,M527x520S1f540474x480S10c10506x482S22a02512x507
Este,,1978,M527x522S22a04510x479S15d38473x486S10b51497x501
Este,,2331,M522x518S10b51479x497S22a04509x482
Este cuerpo,,2174,M537x579S36d00479x528S17832504x549S1783a482x549S20e00494x535S22b04521x549S22b14463x549S30e00482x489S30350494x477
Este Jesus,,5100,M534x565S30004482x483S21100495x519S17e00511x532S22104514x523S22a04513x550S1f540460x527
Este-y-ese,,1973,M590x564S2ff00482x483S32416490x492S15d48454x530S10b11480x542S10046560x546S26606523x548S26602517x528
Este?,,2357,M518x555S1005f467x525S30a00482x483
Ester,,352,M526x518S2ff00482x483S20500516x473S20500494x471S20500472x473S22b06486x486S14910452x486
Ester,,1525,M537x518S30000482x483S20610483x470S14910521x469S22b06488x453
Esto-Si,,2335,M551x571S30114482x477S14c30505x538S14c38471x540S22a06536x552S22a12451x553
Estos tres,,2035,M530x525S11e20507x476S10019473x478S2881a471x513
"Estos, Estos",,2229,M545x518S14c02514x490S10c48474x487S20500504x483S20500503x495S20500503x507S22a14455x494
Estrategia,,2093,M547x561S31000482x483S35730490x503S10a40526x535S10a48458x534S2ea0a522x515S2ea4a452x513
Estrella juntos,,1605,M517x556S1f543484x487S1ee12483x445S21600492x465S2c220484x516
Está aquí,,2238,M527x524S20340503x476S20500516x494S20500504x494S10059473x503S37c0c517x483
Evangelio,,1207,M521x576S2ff00482x483S36d00479x521S20340448x508S26535404x516S22a14410x542S20e00451x531S26510450x486S1f528410x522S14c58446x545
Evangélico/a,,1211,M549x518S2ff00482x483S26504493x464S20500494x486S16c0e522x488S26531541x503
Expandir,,1390,M573x533S14c57508x506S14c5f467x506S22627526x496S22621454x494S26711427x468S26707542x470
Exparsirse,,1389,M538x544S14c52487x464S14c58479x502S22620478x491S26810462x457S21414523x474S21410484x536
Explicarles,,2160,M556x576S30114482x477S34210490x511S1eb20510x526S1eb28467x526S21e00520x519S21e00465x521S2fc04493x549S31530489x499S27100516x561S27114449x561
Expresión interrogante,,2085,M557x554S3090a482x478S34210490x508S30f30489x493S15110502x533S15118467x534S2e308534x527S2e310441x526
Expresión pregunta (a la derecha),,2083,M558x570S30106483x477S30c30489x494S34610495x506S15110507x538S15118471x537S2f900513x557S2f900480x557S23602541x530S36d03479x524S2361a448x531
Expresión pregunta (a la izquierda),,2084,M553x570S30102483x477S30c30490x494S2361a448x531S36d01479x525S14f10504x543S14f18469x543S23602536x530S34210491x510S2f900512x562S2f900481x563
Expulsar / Echar fuera,,2126,M528x557S15d09470x521S1bb21489x533S21b00500x524S26501515x526S20e00475x526S30c00482x483
Ezequiel,,394,M550x538S30005482x483S14910534x505S21100516x508S22a03510x524
Ezequiel,,1535,M552x536S30006482x483S16610536x493S21100520x494S2880d527x516
F,,303,M515x514S1d210486x486
false,,169,M523x573S2ff00482x482S20e00494x510S10e12493x525S26a02509x546
Faltar,,2444,M541x545S2ff00482x483S20e00503x503S10601518x509S22f03501x524
Familia,,1314,M537x531S1d420508x471S1d428463x470S2df1e465x507S2df06515x507
family,,19,M535x535S1d210506x465S1d218465x465S2df06513x501S2df1e466x501S2fb04491x529
Faraón,,2450,M547x518S30000482x483S20500495x469S10a20521x475
Fariseos,,1689,M523x518S2ff00482x483S20500513x479S20500477x479S26606484x464S1d210446x462
Fast,,102,M523x542S10058477x462S10050499x512S20e00495x470S26800507x459
father,,33,M512x528S1f720488x483S37800499x496S21700490x472S21700498x472S21700506x472
Febrero,,1784,M593x548S2ff00482x483S14c00518x481S20500495x489S1d210564x483S2e234573x516
Febrero (February),,218,M549x558S2ff00482x483S20500495x494S15000505x489S1d210520x530S22a05520x520
Felipe,,2216,M515x544S14c30486x513S20600485x491S21410488x504S1d31a487x457
"Feo, Fealdad",,860,M567x529S23603538x499S33100482x483S15301519x478
fiambre,,487,M532x527S20350469x479S15d40511x474S21100487x479S22f04507x513
Fideo,,1873,M586x514S14c02519x488S14c0a451x490S20500495x495S22622507x486S22626484x488S22b12415x493S22b06556x491
Fiebre,,1403,M541x537S15d30494x463S37a00499x489S15d3a460x516S22c10465x472S20500487x523S37907501x526
Fiesta,,1732,M559x547S14c02503x522S14c0a466x522S14c02503x468S22a20494x453S22a20493x502S14c0a467x468S37704533x532S37704534x478S3770c443x532S3770c443x478S28811441x473S28809538x471S28811441x527S28809539x527
Fiesta,,2029,M553x588S15d01509x524S15d09472x524S29208509x557S29210482x557S32100482x483S2a531528x542S2a537453x541
Fila,,1696,M546x538S14410505x482S14418471x483S20500494x500S26500493x463S26514491x523S21400531x501S21404454x506
Filemón,,269,M521x526S36d00479x474S20500477x487S20500510x486S1d210450x498S26506486x509
Filemón,,1583,M526x527S36d00479x473S20500475x485S20500516x484S1d210461x499S26606490x511
Filipenses,,261,M518x530S2ff00482x483S20500486x502S20500504x502S1d210449x498S26506479x516
Filipenses,,1577,M518x546S2ff00482x483S20500485x502S20500505x502S1d210451x502S26506462x532
Firme / Firmeza,,5287,M533x524S2b721489x501S1d210504x478S1d218468x477S2f900517x510S2f900473x507
for,,107,M538x540S2ff00482x482S20500504x488S10001517x487S26500519x525
forget,,159,M565x517S2ff00482x482S15711517x475S26506550x478S20e00505x484
Forma,,1321,M536x563S1d208476x459S1d220499x509S2df04507x542S2d612464x497S2df10469x437S2d606514x479
four weeks,,58,M534x511S14402467x489S26606504x488
fourteen,,29,M511x542S10000494x512S26500495x496S14400489x459
Frasada,,960,M534x544S14d14504x514S14d1c466x515S21700520x505S21700475x505S26604516x470S26614471x470S36d00480x457S36d00478x540
frequently,,60,M528x534S15a37476x511S20500471x510S20500479x502S15a41492x466S23404491x493
Friday,,67,M544x519S15a18457x492S15a12471x501S21100469x481S2c500504x494
friend,,31,M523x525S16d50505x485S16d3a478x487S20800497x474S27120479x510
fruit,,84,M528x539S2ff00482x482S20500502x502S1d210499x511
Fuera,,537,M533x525S15d39467x492S1bb50494x497S22100498x476S21c00501x487S26500519x505
Fuerte,,1457,M509x534S26514494x510S21600492x467S10048494x479S2f900493x529
Fuerte / duro,,1759,M518x558S26510448x516S20305465x521S3770b449x536S30c00482x483S34d10498x506S2f900449x507
Fuertísimo / Durísimo,,1765,M529x582S2ff00482x483S34d10498x506S30c30489x492S15a10517x520S20313468x532S3770b450x549S20600491x536S26a06472x555
Fuerza,,2212,M527x518S2ff20476x483S37803445x466S3780b445x437S2b700435x476S20500474x479S20500459x460S10032472x445S10052497x464S26501510x445S20359468x423
Furia / Furioso 2,,5292,M541x535S15334524x479S1533c462x479S30c00482x489S24b00519x509S24b18459x509S30354495x477
Futuro,,2166,M562x554S1d210514x524S34200482x489S30a30489x495S2b701543x531S30150495x476
G,,304,M523x509S22a06508x495S1f802489x491S37c06477x494
G,,5277,M510x526S10000495x474S22e02491x509
G,,1798,M515x508S10002485x493
Galatas,,1566,M524x521S21b00478x483S1bb02496x479S26602476x505
Galilea,,2011,M576x555S15a56450x492S20340453x517S37706424x498S20e00449x492S28807476x511S37702459x531S15a56547x489S37706522x494S10040544x445S22a04563x460S20500546x477S21410482x491S21414433x523
Galilea,,2114,M585x533S15d5a455x514S37906415x518S20e00458x501S20340474x498S2e300471x468S15d5a556x514S37906517x519S10040554x469S20500556x501S22a04572x487
Galilea 2,,5399,M567x523S15d58449x481S22a04554x508S21100434x493S21c00480x478S15d58506x481S26500469x508S20500495x504S10002521x506S20302469x491
Gas,,619,M587x535S21700554x501S10012506x513S10a11559x509S26606519x496S36a00482x477
Gente,,1278,M597x565S2ff00482x483S36d00479x523S1251a500x543S20600513x529S17730551x548S17738577x548S20600564x531
Gente (Venir),,5334,M577x553S14c28525x521S14c20554x519S22610555x510S22610527x510S36d10479x521S31500482x483S26621530x491
Girar cabeza a la izquierda,,2069,M518x523S30102482x477
girl,,9,M527x554S36d00479x447S1f710507x455S20500506x474S20500517x474S15a50508x504S22a04507x539
Giro,,1836,M512x520S2a304489x480
give many,,133,M532x548S18202510x507S1820a472x506S15a30512x453S15a38476x453S2fc04491x537S26a00505x486S26a10468x486
give me,,126,M528x552S15a30515x449S15a38473x450S18202513x500S1820a472x499S20500511x528S20500479x528S26504513x480S26514473x480S2fb04493x546
go,,147,M508x531S15a1c494x504S26600492x469
goat,,85,M523x593S15a36487x391S11030490x406S20e00509x403S26a00485x438S30004482x483S15730490x521S20e00509x516S25504497x553S18538498x578
good,,93,M525x524S15a5a475x477S15a50477x497S26506510x503S20e00494x504
Gorila,,409,M564x565S36d00479x523S30c00483x483S1f801527x543S1f809454x542S20600507x535S20600470x535S27100524x519S27114434x519
thanks,gracias,110,M532x548S2ff00482x482S20500495x484S15a00520x491S25604505x518
Gracias,,1951,M567x518S2ff00482x483S33e10492x506S26600551x479S20500504x487S14701520x489
Gracias de Dios,,1212,M649x560S2ff00483x483S36d00479x521S17611622x489S17619603x488S10002553x492S28904536x491S21600536x500S2881d598x508S28805624x508S20500616x479S14c50625x529S14c58596x529
Grande (Gran),,2261,M529x583S15340507x538S15348474x538S22a12469x570S22a06514x570S36d00479x523S34400483x483
Grande 1,,2262,M525x525S10040508x477S10048478x476S20500497x491S26506510x511S26512476x511
Grande y redondo (algo),,2074,M532x586S2ff00482x483S14c50508x527S14c58468x526S2a212471x556S2a20a508x557S34210490x504
grandfather,,15,M538x598S2ff00484x450S20e00501x466S10000517x473S21700524x463S21700532x463S20302490x564S2ff00480x514S20500493x551S37806505x571S22a00490x583
grandmother,,17,M535x566S36d00479x424S1f710506x431S20500504x449S20500515x449S2ff00478x483S20500491x520S20300488x533S37806503x540S22a00487x551
Gritar,,1381,M561x533S36a00482x477S30c30489x483S36110493x498S10e53517x503S10e5b456x503S26611437x484S26607539x486S21600537x522S21600456x524
Gritar (fuerte),,2310,M547x547S36a00482x483S31530488x494S10e54523x504S10e5c463x505S21900525x539S21900464x541S26a00520x485S26a10452x485S30354495x472S36110491x506
Grupo,,1700,M540x519S15440525x481S15448461x481S26502507x504S26516478x505
Grupo / Reunir / Reunión,,2255,M542x522S1ed40513x479S1ed48462x478S26602512x505S26616459x506
Grupo reunir,,1598,M541x520S15440523x481S15448462x482S26602511x504S26616459x504S20700491x505
Grupo reunir 2,,5449,M541x520S15440523x481S15448462x482S26602511x504S26616459x504S20500494x500
Guaira,,1898,M546x526S20349472x490S3770b458x504S1283f505x475S20500486x477S22f04455x477S21410531x490S37703519x499
Guampa,,936,M553x595S10b00489x524S16d48534x539S20500539x525S22b00537x466S22b14534x565S32c00482x483S16d40534x501
Guardar,,511,M530x524S15a56485x476S15a50494x497S21414471x497S26500516x499
Guiar,,1060,M561x596S14c4f439x543S14c47534x543S26a00524x581S26a10445x582S2ff00481x483S37200479x509
Guiso,,1883,M610x521S14c02467x496S14c0a407x497S20500447x502S22a12390x502S22a06500x501S1000a524x492S10002553x483S2f000589x480S22b06579x504S22622458x494S22626437x495
Gálatas,,256,M510x526S2e230491x494S20340495x475
Génesis,,1508,M624x522S36d00479x517S10012571x499S1001a540x487S2eb04609x490S2eb14518x478
H,,296,M529x509S12e02471x491S22a06514x494
H,,306,M525x509S12e02476x491S22a06510x495
H,,2141,M518x523S30c00482x488S30350494x477
Habacuc,,1555,M532x529S15d5a485x472S20500497x491S11e02482x506S22612469x510S21414517x477
Hablan,,2329,M544x525S1ea10507x475S1ea18473x475S27210457x506S27104504x507S37806507x523
Hablar 6,,5256,M532x618S11e40509x541S11e48478x541S2fc04498x607S36d00479x522S2ea1c483x578S2ea0c508x577S2ff00485x483
"Hablar, (Oyente)",,516,M529x549S33b00482x483S26500515x515S1e101487x521
"Hablar, Charlar, Conversar, (Oyente)",,515,M547x534S1ea18471x466S1ea10510x466S27210454x494S27200507x495S2fc04463x522S2fc04517x523
"Hablar, Charlar, Conversar, (Sordo)",,513,M546x537S11e10512x464S11e18460x464S27210455x498S27200506x497S2fc04466x526S2fc04516x526
Hageo,,1460,M543x541S11512493x503S1151a477x526S20500491x513S20500491x483S20500492x459S29400527x478S29408458x477
Hageo,,1558,M542x538S11512497x492S1151a477x523S21100496x472S21100495x504S22a00529x494S22a10459x522S22a00529x462S22a10460x494
half,,40,M543x521S20e00514x478S1001a493x494S26612457x493S10020528x491
Hambre Apetito,,517,M522x529S20600490x506S15d32488x482S36d00479x471S36d00480x525
happy,,77,M526x527S1ce58474x497S1ce42485x473S20e00492x495S26a00499x507
Hasta,,1199,M540x533S36d21479x495S20500466x493S20500511x478S2d608475x468S15a41478x510S15a49517x476
Hasta,,1201,M540x533S36d21479x495S20500466x493S20500511x478S2d608475x468S15a41478x510S15a49517x476
Hasta,,2460,M525x539S15a49502x474S26637491x492S26633486x497S15a41493x516S26507484x475S20500476x500S20500506x462
have,,82,M525x525S11e52495x488S20500507x514S36d00479x476
Hay,,1272,M521x510S19a08480x490S22a14508x495
Hay / Tener,,1647,M554x513S36d00479x488S12702524x498S20600499x497
Hebreos,,270,M539x543S30004482x483S10e12497x525S26500481x528S22510517x508
Hebreos,,1584,M562x542S30004482x483S10e12499x523S22512481x520S26500532x521S26500548x521
Hechos,,252,M541x530S15a57484x492S15a51512x507S27103460x474S21100501x470S21410526x487
Hechos,,1567,M531x527S15d59482x504S15d51508x489S2ea02501x473S21100469x490S21411479x501
you,"him, her, it",118,M508x526S10040493x474S26500494x511
"Hermana, mujer",,564,M527x540S10050431x478S10058401x477S20600412x461S26c02432x513S26c1a398x513S36d00479x469S1f710507x481S20600476x480
Hermano,,1260,M525x539S26502510x525S20600490x462S10050510x476S10058475x474S26516475x509S26516475x524S26502510x509
"Hermano, hombre",,567,M567x586S10050448x523S10058419x523S20600431x503S33b00482x483S26c02449x559S26c1a416x559S20e00520x504S10000530x503S21900553x514S22a05548x532
Herodes (Rey Galilea),,5249,M527x552S11502443x520S22a06461x539S36200482x483S10a10495x522S26504513x515
Hey (Llamar atención),,2377,M534x525S15d27511x487S15d28471x475S23014466x507
Hijo,,1254,M518x576S30004482x483S26900498x558S11e18491x524S20500479x535
Hijo,,2045,M532x555S36a00482x477S20e00493x511S11e10491x525S2b701513x532
Hijo de Dios,,1205,M561x531S2ff00482x483S36d00479x523S11e10538x473S26532540x508S22a04538x516
"Hijo, Hombre",,562,M608x587S33b00512x482S20f00549x507S10000571x508S21900594x524S30004453x484S11e10463x534S20e00464x521S22e04461x569S22a05588x538
"Hijo, Mujer",,551,M567x585S30004444x483S11e10459x533S22e04458x567S20e00456x519S36d00515x510S20600516x520S1f710547x521
Historia 2,,1463,M518x585S30004482x483S20e00494x522S19a02489x540S22f04488x571
Holocausto / Ofrendar,,1974,M611x541S15415400x495S1541d441x496S23610390x522S23604433x521S15830517x499S15838489x499S22b20509x464S15830585x459S15838557x459S22b24576x491S2f804535x530
Hombre,,1220,M522x542S2ff00479x483S36d00480x524S10009461x512S21900463x507S20e00484x500
Hombre,,2143,M542x541S2ff00482x483S20e00499x498S10001519x511S21800524x502
Hombre-Chau,,1935,M670x544S31900519x482S33e10529x504S14711565x492S20500554x483S26500590x491S20340630x495S37b0b641x496S26500656x493S2ff00445x484S21900486x509S10001478x514S20e00463x501
Hombre-Hola,,1947,M599x543S31900517x482S33e10528x505S14711562x476S20500550x478S26500585x474S2ff00448x483S21900487x509S10001480x513S20e00466x500
horse,,163,M568x546S36d00479x507S20300489x453S1ea0c530x498S2720c528x527
house,,81,M527x517S18111503x495S18119474x495S20600490x482
how,,79,M529x541S30004482x483S16d10490x521S20500509x515S20500519x515
Hoy,,1776,M513x522S10c50490x478S22f04488x508
Hoy,,1845,M509x529S10c58492x472S22b04492x499
"Hueso, Esqueleto",,808,M541x536S11031462x465S11039513x467S3790b479x487S37903486x485S21414519x528S21410460x521S20600490x474
Humanidad,,1984,M543x596S30104482x477S36d00479x525S11902518x533S1190a454x533S22c24493x554S21100494x537
hungry,,87,M527x539S36d00479x461S36d00478x535S15d32500x510S20500494x501S20500506x501
hurt,,109,M521x528S36d00479x473S1f701488x506S21100493x487
me,I,120,M509x523S10044494x478S20500491x512
I,,309,M511x510S19220490x491
I (i),,2343,M511x511S20320489x496S37d1b502x489
Idea,,1238,M535x524S30120482x477S10011514x494S20500518x483
Idea,,1630,M518x526S30001482x489S10019460x496S20500476x484S30150489x477S30154500x479S34010492x513
Idioma,,1560,M531x529S19a10503x471S19a18470x471S21100494x477S28700511x495S28714473x497
Idolo,,1552,M525x527S1f720505x473S1f728475x473S29904510x495S2991c475x495
Idumea,,2019,M571x516S19220430x496S10110454x485S11520480x486S18d50502x491S16610530x498S1f840553x501
iglesia (church) (tupao),,192,M527x534S19211501x466S20601479x499S3780b474x504S20349499x489
Ignorar a dios,,2436,M543x551S15a10473x515S15a18458x524S21100458x505S22b00473x483S10010473x450S1f820524x484S26900527x463
Igual,,1360,M534x534S20700490x476S15d51511x466S15d29466x468S27126491x495
Igual,,1711,M528x525S10050512x476S10058473x476S20500495x493S26502513x511S26516472x511
Igual 3,,5113,M533x539S15d59456x500S15d51485x498S20700471x479S22a16458x526S22a02491x525S36d01479x462S2892a504x485
Igualmente,,1617,M521x530S15d21459x441S20700440x459S15d29437x429S23125458x473S32101481x483S36d00479x526
Imaginar,,1642,M595x518S30e00482x483S10a18454x488S20500471x485S22610559x453S22610536x453S22a11522x460S22a07582x458S21b00564x463S21b00541x463S17611561x473S17613537x472
"Imitar, Copiar",,519,M556x532S36d00479x469S15700495x483S18510531x499S26500503x517
"Imitar, Copiar (2)",,521,M550x532S36d00479x469S15720489x485S18520525x494S26504496x517
Impedir,,2419,M538x523S14c50514x492S10018481x492S20700510x478S21404498x513S22a10463x501
Imponer manos,,2181,M518x569S2f900464x564S34210490x510S30153496x476S18151480x529S18159466x541S20500472x531S22a24481x550S2f900496x555S31600482x489
Importante,,1308,M536x550S20500477x525S20300475x468S15a12469x538S37900481x483S37906496x543S2e812465x450
importante,,1793,M549x533S15d3a482x514S20300490x470S37800496x485S2eb06517x468S20500490x522S37806451x527
Imprimir,,655,M532x529S15d39496x472S15d57475x493S21100519x483S26607493x498S21410469x521
Impuesto,,1210,M594x543S2ff00482x483S20500495x503S11501505x516S22a04546x493S15a37542x510S20500551x513S11551567x511
Impuesto / Iva 2,,5152,M552x575S15d39481x552S33d00482x483S11501511x514S2c303530x536S20500486x559
Incienso,,1609,M520x522S27200480x503S1e850481x479
Incorrecto,,1650,M534x530S14402499x471S1440a466x471S2f900515x524S2f900473x525S2a216466x494S2a202513x493
Incorrento / Desacuerdo,,1735,M537x540S37158532x526S34210487x514S37158524x526S30c00480x492S3711c463x529S30410487x483S30412487x474
Iniciar,,1752,M524x525S16d48476x505S20a00497x509S17750504x475S28803479x480
inject,,125,M515x540S14041484x461S26500492x490S12741486x508
INJECTION,,2234,M515x531S12241486x478S25504499x509S21700498x469
Inmediatamente,,1662,M533x522S10042503x482S10048500x492S20500496x478S2f900475x479S23118468x489
"Insistir, Insistencia",,523,M526x530S2f900513x512S1ea40503x483S1ea48474x497S2f900475x525S22900488x470
Intercambiar,,1076,M519x604S18538494x581S18530462x551S2ff00482x483S26614472x574S26600501x540
"Interesar, Interes",,524,M549x563S36a00482x477S21100512x508S10001528x514S22a04536x548
Interner,,743,M545x515S1c518456x486S1c510515x487S20600490x495
interpret,,149,M518x544S2ff00482x482S19200496x525S20500490x506S20500498x506
Invitar,,1393,M521x520S36d00479x480S22a25475x506S15e10488x497S15e18444x492
Ir,,566,M535x525S15d30465x499S15d57512x475S22e07488x498
Ir,,1235,M521x513S15a49480x488S22e00504x495
Ir (Allá),,5397,M560x522S15d47521x485S36d00479x478S2b707535x504
Ir (Allá),,1677,M515x532S15d40496x505S2b800486x468
Ir (Persona) 7,,5240,M571x561S10020526x523S2dc05537x527S32407482x483
Ir Allá,,2384,M555x516S15a40543x487S14c28505x485S26812446x496
Ir allí,,1611,M542x558S15a46515x539S15a42455x538S2890e485x543S3270c482x489S30410491x476
Ir allí no,,1610,M545x576S15a31460x540S15a46518x551S28906484x561S30402482x489S30410490x479S30412491x469S31630489x508
Ir.,,2383,M512x523S15d4f488x500S26611490x477
Iremos,,1497,M551x544S14c57494x517S14c59450x507S26827514x457S22627469x494S22627511x504
Irónico,,2427,M518x528S30c00482x483S34210489x505S14c28453x497S2f900459x468S26510458x480S26930457x476
is,put,128,M515x532S15a37492x509S1853f487x480S20500484x507S22a04487x468
Isaías,,371,M538x518S31410482x483S1ce10516x454S22a00500x458
Isaías,,1222,M518x518S32401482x483S1ce19462x467S25511485x456S25511497x444
Isaías,,1531,M570x518S32407482x483S1ce10519x465S25607546x456S25607530x440
Israel,,2451,M528x541S1f148475x495S1f147503x511S20e00492x478S26a05473x459S21410513x491
Ita,,1917,M551x517S19220450x493S14c18484x483S1f811531x495S22a02513x500S20500502x500
Itagua,,1916,M535x528S14c39465x501S2e50c468x472S20e00469x512S21410520x511S1ce50501x492
Itapua,,1899,M540x524S19220461x487S28a06476x507S14c20517x477
J,,311,M523x520S19250477x480S28c0c502x492S37b06503x484
J,,1259,M525x539S26502510x525S20600490x462S10050510x476S10058475x474S26516475x509S26516475x524S26502510x509
J,,1799,M514x525S19250493x475S37800500x493S2890d487x494
Jacobo,,2214,M567x531S30005482x483S21100519x503S21100468x502S28814454x508S2880c535x509S15340552x504S15348434x504S30003482x483
Jamás / nunca,,1982,M563x538S31000482x483S34d10497x506S1ce10525x504S26500549x514S2f900550x533
Jarra,,929,M516x529S15d3a484x510S20302501x472
Jefe,,1237,M521x569S11501479x526S36d00479x526S20500477x513S32103485x483S3760a498x530S22f04450x525S37900477x527
Jefe,,2203,M521x565S36d00479x522S3760a499x526S11501480x522S26b04447x524S20500474x509S2ff00482x483
Jehová,,1234,M539x524S20324467x482S26531462x477S22e30467x499S28815471x504S22a12509x499S1150a509x482
Jeremias,,1532,M530x526S22a04512x479S19250474x475S15d39507x500S20500513x506S2a20c470x498
Jerusalén,,1277,M530x525S15a40518x476S19259487x485S37b0b477x507S2df47471x505
Jesucristo,,1217,M607x588S2ff00482x483S2f524494x519S20e00495x528S17d38492x545S22a14494x565S14c48537x507S1a740570x514S1a748536x560S14c40571x556S20500557x526S20500564x573S26510526x568S26504593x526
Jesus arrestado,,5230,M523x585S20339501x541S20351478x541S3780b478x554S37803493x555S36d00479x526S30106482x477S32236503x498S32236491x498
Jesís,,2462,M538x556S30004482x483S17d38489x541S22f04488x522S21100471x521S22214517x529
Jesús,,1206,M523x566S30004482x483S20e00494x519S22a14493x533S17d38495x551S22104511x522
Jesús,,2135,M539x559S30004482x483S20e00494x519S17a00489x534S26a00512x533S22114488x552
Jesús 2,,2321,M524x566S22a04494x524S21100511x515S22100478x559S30004482x483S22104477x541S17d30490x546
Job,,355,M534x529S15a57508x472S3780b483x491S1ce40512x499S2da01467x477S20500497x483S20500486x495S20500474x506
Job,,1526,M532x539S3780b484x509S15d59509x490S20611479x503S2da01468x495S1ce40490x461
Joel,,1538,M554x530S22a02537x472S22a16453x470S20500495x472S2df17473x490S2df0f507x491S19220527x511S19228454x511S20300509x471S20300477x471S37804522x478S3780c447x477
Jonas,,1550,M533x539S11e00481x461S22d04517x483S13f38477x524S16d48468x497S21300489x499
Jonás,,1616,M576x527S19250465x474S2a20a461x496S15118517x511S15020551x495S26900556x474S20500529x498S15118424x508
Jordán,,2463,M574x528S1f758426x487S37b06446x503S2880d439x508S17610467x487S11a10489x473S10310508x474S1fa40531x489S11950552x479
Josué,,316,M569x522S15711517x462S30900482x479S18511542x439S22a03510x443S22100532x439
Josué,,1513,M589x518S2ff00482x483S1922a570x420S2df06569x443S17710520x475S22b03544x439S21b00531x463
Joven,,2097,M555x564S30c00482x483S34910497x503S17717509x523S2c407520x536
Juan,,251,M525x517S36d00479x483S20500479x491S1f701504x495
Juan,,1565,M521x518S36d00479x483S20500477x492S1f801482x496S26504506x499
Judas,,280,M531x544S15d31469x457S22a04475x489S1ce42497x502S22f04506x530
Judas,,1588,M537x528S15d31464x473S22b04466x498S1ce42506x481S22f04512x508
Judas Iscariote,,278,M550x553S30006482x483S20500524x495S17710530x507S11512505x534S21100493x520S26502484x539
Judea,,2233,M535x557S15a52505x474S20e00523x474S20500494x475S20348472x473S21410517x462S2901a491x444S2a214469x529S19258466x510
Judío(s),,2270,M533x541S10c48469x497S10e41508x511S20e00488x486S11541468x460S26a01495x495
Jueces,,318,M521x524S1ea10480x477S22e04488x506S2f900510x501
Jueces,,1514,M512x527S1ea40488x473S2f900498x499S22e04495x509
Jueves,,1780,M535x568S30003482x483S21100512x513S30005482x483S21100475x513S1ee3e489x525S26a00490x554S22104473x531S22104513x530S37704511x544
Jueves (Thursday),,236,M518x555S2ff00482x483S1ed16490x510S22a04492x540S21100493x495
Jugo,,451,M550x543S34d00482x483S10000525x513S2ea0a525x493
Julio,,1789,M561x518S33100482x483S1dc10526x482S20500551x498
Julio (July),,223,M534x550S33100482x483S20600512x535S1dc10483x520
Junio,,1788,M561x521S33100482x483S20500525x494S1dc14537x491
Junio,,2247,M541x536S33100482x483S1dc04517x506S20600503x494
Junio (June),,222,M546x543S33100482x483S20600524x499S1dc13485x520
Junto / Unido (Dios y persona),,2189,M552x587S1f548472x546S1f520518x498S36d00479x527S1f540497x545S20500485x566S26502502x573S25504539x517S37609521x513S35000481x483S32310485x491
Juntos 5,,5102,M526x523S1f548474x478S1f540504x478S20500491x490S2d50d505x506
Justo tiempo,,1476,M540x518S15d50521x485S15d59460x495S2d600490x482S20500480x504
Jóven (Corregido),,2318,M531x531S2e24f496x495S37a03480x484S37a03484x481S17717469x470
Jóven (Corregido),,2319,M573x576S17717518x522S2ff00482x483S2e241541x545S37903534x532S37903530x537
K,,317,M508x515S10e28493x485
K,,1800,M515x515S14010486x485
Kilometro,,1401,M521x535S10e11496x480S10e19479x505S20500484x499S26600482x465
L,,323,M512x515S1dc20488x485
La,,575,M529x529S1f802511x490S1f80a474x489S36d00479x472S23100503x511S23118471x512S21100494x482
La levantó,,1498,M537x547S15d30518x488S1f858470x498S28b21471x453S2a210464x517S2a200511x519
La persona,,1232,M529x516S10010514x485S10059485x495S26517471x493
La Tomó de la Mano / Amigos,,1417,M527x540S1785f506x485S16e39474x504S20800492x494S22a04504x460S22a10480x525
Lago de Galilea,,1214,M530x535S10020495x466S37c06486x487S20500471x483S15a57507x507S21100492x521S26507500x501
Lambaré,,1925,M571x528S2ff00482x483S36d00479x524S14c20528x486S14c28450x486S26900555x500S26910431x499
Lamentaciones,,378,M553x558S31410482x483S21100492x498S29c04502x521S1dc10529x485
Lamentaciones,,1534,M561x544S31410482x483S1dc10524x475S21100501x499S22c04545x502S2e238522x507
Lamer las manos,,2361,M560x544S15a00444x516S15a08544x517S35b04456x488S35b04509x488S30352467x477S30356525x477S21100468x498S21100520x498S26514443x499S26504546x498
lamp,SIL2009,114,M513x531S10018498x501S15312486x468S20600488x487
Langostas,,1298,M544x520S1a31a457x481S15a42477x508S37906504x513S2930a494x494S20500530x480S20500509x480S20500489x480
laptop,,39,M540x515S15a16474x503S15a02474x487S20500460x494S2c300514x486
Last,,100,M525x523S15d39475x485S15d41498x500S22a04512x477S20500482x491
Last Name,,101,M541x541S37a0b459x494S11549502x472S11541517x473S20500518x458S20500462x527S26603495x511
late,,53,M534x524S15a18465x483S21100480x510S1dc20480x476S2c300508x485
Lavar,,572,M532x524S20331468x485S20351490x476S20e00488x498S27103505x498
Lavar,,576,M529x529S1f802511x490S1f80a474x489S36d00479x472S23100503x511S23118471x512S21100494x482
Lavar,,1756,M531x523S20331510x502S20357488x496S21100510x485S27111469x477
learn,,130,M544x534S15a10524x486S31200482x482S26a04517x520
Lee,,1961,M527x523S15a3a491x478S21410512x512S27e05473x499S10e50493x493
Leproso,,2015,M585x527S1dc28415x474S16618443x487S1424a468x489S11a28505x475S17610527x489S20320550x490S37709552x503S17610569x489
Leproso,,2017,M598x535S37903425x487S14c21404x466S1ce49402x498S20500433x478S20500450x492S20500466x507S2881b445x470S2881b464x487S3790b528x496S14c29563x474S28803530x480S28803510x499S20500533x504S20500551x487S20500519x519S1ce41575x504
less frequently,,59,M540x537S15a37463x469S20500461x463S15a41484x487S2a401507x509
Levantar / levantate,,1619,M515x529S15d31490x487S22f00490x515S22110486x472
Levantar / levantate,,1629,M510x530S15d30491x504S22a00491x471S22100491x492
Levantarse / ponerse en pie / pararse,,1379,M545x535S15a01473x492S11858456x508S20500479x497S15a01522x493S1150c526x465S20500528x499
Levitico,,308,M553x533S36d00479x488S1dc20529x469S1dc28447x468S21100480x502S21100510x503S23c04528x506S23c1c453x505
Levitico,,1510,M571x527S36d00479x479S23d04519x493S23d1c456x492S21100503x489S21100485x489S1dc20547x474S1dc28432x474
Leví,,2014,M547x516S1dc28454x485S16618482x497S10e28505x486S19228526x497
Ley,,1258,M529x520S15a20497x483S21400514x483S1e418471x480S26514515x491S20500517x509
Ley,,1486,M539x518S15a12512x499S22b04493x487S21410520x486S20500481x482S20500481x495S20500481x507S15a20461x488
Ley (esa),,5293,M532x518S15d28468x489S10c02495x482S26503498x505S2f900521x490
Ley 2,,1668,M530x529S15a20471x487S1dc20506x487S20700488x514S28902484x472
Ley 3,,2202,M523x526S15a20477x487S1dc20499x474S26503503x513S20b00489x503
Leña,,951,M533x528S1f808467x473S37900476x488S18c02497x493S20500483x497S26a04506x473
Liberar / Libertad / Libre,,2289,M523x533S1ce48477x467S1ce10501x467S20700491x500S21c00497x474S22a06505x520S22a12478x520
"Liberar, Libre, Libertad",,528,M531x527S1bb10507x491S1bb18472x491S21b00470x477S21b00523x477S20800496x517S22900498x473
Libros en Producción,,1956,M621x565S21410382x471S21414422x478S11859380x445S15a30423x448S20e00409x456S1dc29458x453S26a14458x435S20e00483x466S15a30497x452S2eb44532x452S14c48552x452S14c40580x452S2eb08606x451S14c58395x532S14c50437x534S2eb02391x516S2eb4e433x512S15a1c532x522S15a14498x522S22f24508x551
Libros Lanzados,,1955,M621x568S11859380x454S15a30425x447S20e00412x457S21800393x443S21410385x479S21414425x480S1dc29455x448S15a30498x450S20e00481x463S26a14459x433S21414495x482S21410464x479S14c40579x453S14c48552x452S2eb44532x453S2eb08606x453S17632439x552S17632439x530S21b00460x556S21b00426x534S37706415x559S37706455x537S2d617402x510S2d60f461x512
Limpia,,388,M531x527S1dc50507x474S1dc58469x474S26506516x512S26512469x513
"Limpia, Limpieza, Aseo, Asear",,529,M536x525S1dc50510x476S1dc58467x476S26506521x510S26512465x511
Limpiarme 1,,1271,M551x526S1e441510x477S1e449469x475S22a12449x488S22a06536x490S2a219451x502S2a201530x503
Limpio,,1924,M571x512S22c06529x492S1dc21496x489S22c12429x493S1dc29476x489
Lindo,,1372,M518x561S30003482x483S21100471x510S2df10443x540S34010494x507S1ea29453x520
Lindo 2,,2267,M569x536S30005482x483S1ea11531x504S21100515x508S2fb05553x520S37b03557x520S37b03554x524
"Lindo,Bonito, Hermoso, Bello, Belleza",,869,M592x526S30006482x483S1ea11540x482S21100522x492S2e235565x499
Lista,,1725,M549x549S14c02494x452S17603489x473S22b14489x492S14c0a473x523S22626507x523S37704525x463S3770c451x532S3770c466x479
Listo,,1391,M546x569S32a00482x483S26500517x554S26510469x553S1ce10516x523S1ce18462x522S2f900535x541S2f900454x541
LL,,325,M531x516S1dc20469x485S1dc20507x486
Ll,,1849,M528x523S1dc20472x478S1dc20504x478S2d504497x514
Llamar (atención) 1,,2070,M543x581S30102482x477S30c30489x496S14c51493x532S23505509x548
Llamar (atención) 2,,2071,M528x579S30106482x477S30c30489x496S14c59501x529S23503480x545
Llamar (atención) 3,,2145,M526x588S30301478x477S23004501x570S31530485x500S15d59467x551S15d51494x541S20500466x547S37401480x525
Llamar (atención) 4,,2154,M538x585S30c00482x483S15d59473x550S15d51502x541S20600459x545S23504501x567S2d728485x526
Llamar 4,,5156,M560x538S32404482x483S18050530x501S26b04532x520
Llamar 8,,5193,M542x590S14c50502x537S23504505x571S23514464x572S36d00479x522S14c58473x537S30a00482x483
Llamar 9,,5268,M533x592S14c50502x539S23504496x574S36d00479x524S30a00481x483
Llamar la atención,,2393,M533x525S15d27510x497S15d59484x476S23014467x507
Llamar la atención,,2394,M533x525S15d27510x497S15d59484x476S23014467x507
Llegar / venir,,1383,M521x573S2ff00483x483S36d00479x523S18048403x528S28b1a422x507S2a218404x545
Llegar / venir,,2009,M601x571S2ff00482x483S36d00479x521S28b02539x504S18040570x527S2a200577x543
Llegar 3,,4648,M525x530S1ce40503x470S1ce48475x486S28923496x503
Lleno 1,,2265,M552x604S15a1a525x531S20500532x547S22a00531x563S20310530x589S36d00479x523S32a00484x483
Llevar,,1602,M524x527S15d39477x504S1f541502x505S20500484x509S26621477x474
Llevar,,2246,M545x547S21600494x454S14c48485x466S14c40521x466S21600529x453S26722456x531S20340525x512S20348490x512
Llevar / Cargar,,1620,M565x534S23620518x512S26826515x494S22a20467x519S20318445x497S20310485x497S37802436x466S3780a490x466
Llevar bolsa,,2056,M527x543S1503a474x497S20340485x468S27102512x458S27112510x503
Llevar recipiente,,2064,M523x525S15d39477x485S16d40504x476S20500485x488S26621501x503
Llevar-cama,,1673,M557x603S2ff00483x483S36d00479x521S3780a464x522S15714510x577S37804520x523S3780a536x539S16d3e518x556S37a04464x554S22a20544x572
Llevó-a,,1335,M541x512S14c0a497x489S26612459x491S21600533x496
Llevó-a-Jesús,,1336,M618x551S20348544x527S20340563x527S20500557x514S2d828572x510S30004482x483S17d30492x536S20e00493x520S22204513x523
Llorar,,151,M549x526S31500482x482S34300482x482S10a10518x493S10a18465x492S26f02535x485S26f16449x486
Llorar,,2134,M573x549S30f00482x490S10a10523x499S10a18461x501S34110493x513S30154494x476S23603544x501S23611429x507S2fc04493x538
Llorar / Llanto 4,,5241,M544x535S30154502x478S30150490x477S30f30488x496S34300482x489S36f20479x523S36f50467x524S36f54456x525
Lo siento,,2295,M518x550S26510463x479S30003482x483S2e233440x523S1ce18455x498S30a30488x490
Loco,,2248,M545x514S1000a455x497S10002494x497S20500484x486S2f900497x488S22a04532x499
Loco (perder un tornillo),,2139,M548x558S30142482x476S35630488x511S2df00527x537S1de20524x498S2f900532x530
Los sábados,,1365,M526x540S15a40514x461S15a48474x461S22d24492x490
Lot,,1553,M535x576S2ff00482x483S20500500x508S1dc10492x519S26500521x543S1fb10493x557
lucas,,250,M548x518S31400482x483S20500502x497S1dc20524x477
Lucas,,1564,M551x539S30005482x483S20500515x510S1dc20527x493S26502536x525
Lucas 2,,1646,M554x518S32b10482x483S20500520x497S1dc20530x480
Lugar,,1245,M521x536S1dc28497x465S22a14480x480S20500503x501S15d31495x513
Lugar (amplio/ grande),,2302,M538x563S31500482x483S14c51507x517S2e90a498x548
Lugar Allá,,2346,M537x521S10059471x499S10051507x500S2b712463x479
Lugar/región,,1225,M522x524S14c51478x476S37703500x498S2e70a479x509
Lunes,,1777,M540x525S20600490x475S1a041512x495S1a049461x495
Luque,,1915,M568x518S33100482x483S1ce10523x485S26b02550x488
Luz,,1435,M525x525S1eb11498x476S21b00486x487S22b03476x501
Luz 2,,1464,M523x520S15311500x482S22b03478x496S21b00490x480
Lástima,,1482,M541x599S30a00483x483S34310493x504S36d00479x524S21100510x538S17832526x534S22c04508x557
M,,327,M510x513S18d50490x488
Madrugada,,1068,M539x532S2eb38523x468S2eb14462x494S1ce42486x470S1ce4a481x500S2fd04496x526
Maestro,,1370,M521x584S15a1f489x538S22d05479x547S36d00479x521S2ff00480x483S21100475x526
Maestro 2,,2201,M521x570S2ff00482x483S36d00479x522S20e00475x533S15a31489x533S22b05482x546
Mal,,1413,M517x525S1f52a502x480S26704483x483S2f900485x475
Mal,,1999,M538x569S20350523x529S20350462x529S21b00469x536S21b00523x536S34100482x483S30c30489x488S22b24493x539
Mal / malisimo,,1506,M541x596S35300482x483S36d00479x524S1eb20517x544S1eb28460x544S26900525x577S26910460x578S21b00528x532S21b00464x532S2f900527x568S2f900462x568
Mal / Malo,,2309,M527x546S30c00482x483S34110493x505S38404482x482S1f510492x527S2b701508x523
Mal / Morir / Acadar / No tengo,,2279,M526x557S26612476x521S10c18493x535S36a00482x477S21100513x511
Malaquias,,1561,M526x536S15a56474x474S21100481x489S21410480x465S18c50480x506S2b730506x471
Malaquías,,1462,M514x540S15a1a487x477S18c28492x491S21100492x460S26500493x525
Mami,,2446,M546x532S30005482x483S14700513x510S20600524x502
mamá,,379,M548x518S2ff00482x483S20600508x501S15a10536x490
Mamá 2,,5112,M560x538S30005482x483S20500514x510S15d10526x501S26a02546x502S36d01479x527
man,,2,M543x537S2ff00482x482S10000520x507S21800525x496S20e00499x497
Mandamiento (Ese),,5392,M528x521S10c40507x479S15d28473x487S20500488x490S26503505x508
Mandamiento 2,,5391,M527x520S18c01501x484S15d28474x480S20500489x483S26504489x505
Mandioca,,1885,M539x538S15859507x466S3790b472x480S20e00483x483S15d31500x498S37703517x516S26a03461x462
Mandioca-de-Empanada,,1869,M532x545S15829367x470S1dc52472x502S20500445x496S37900457x467S26a04505x504S15d31364x506S20300451x456S20e00345x486S26a03322x467S36d00479x493S3770c458x495S3790b333x485S37703382x523
Mandir,Ordenar,1265,M518x561S30004482x483S20500495x519S10019479x531S26910460x542
Mano,,2115,M513x521S14c00488x490S22620487x479
Mano seca,,2079,M547x536S15051508x465S37802530x490S3780a454x504S15059466x480
Manos paralizadas / Manos Extendidas,,2127,M548x535S15051517x474S21b00507x466S15059453x491S21b00483x481S2f900537x511S2f900453x530
people,many,11,M528x515S18538503x500S18530472x500S20500489x485S20500500x485
Maquinar,,1654,M582x518S2ff00482x483S31030488x489S34110493x506S10a18459x488S17611548x470S17619524x470S21b00553x459S21b00528x459S22610523x448S22610548x448S22a11509x458S22a07569x455S20500474x483
Mar,,1430,M543x517S14c38457x483S29a3a484x499S29a3e508x502S2f505533x507
Mar,,2007,M529x533S29906497x482S14c50471x467S2a530474x500
Mar (Agua) 1,,2256,M534x610S36d00479x522S14c50510x529S14c58464x529S29222482x559S2922a482x579S29222481x596S32a00483x483
Mar 2,,1444,M590x523S14c30410x478S14c38505x483S29a3a435x497S29a3a461x503S29a3a530x503S29a3a556x508S2f505580x513S2f515485x507
Maravillado,,1699,M561x596S17620476x552S17621503x553S14c21448x524S14c29528x523S31a00482x483S34010493x507S28b12477x518S28b0a479x532S37600486x565S22230535x514S22230442x515S2fb04491x590
Maravilloso 2,,5170,M540x576S34d00482x483S14c01509x523S22e35528x543S23603505x546
Marcos,,248,M546x539S2ff00482x483S37c00499x495S20600524x497S20300491x524
Marcos,,1563,M556x518S20500495x496S2ff00482x483S20300524x494S26504542x494
Mariano,,1922,M523x527S22e24493x509S20e00495x474S1f810505x492S1f818478x492
Mariposa,,554,M535x534S14c20509x503S14c28469x503S20800495x524S22620465x489S22620509x489S22a20494x467
Mariposa,,919,M539x554S15d01472x496S15d09507x495S37903490x515S3790b473x514S22120462x484S22120517x483S20800495x484S26620493x446
married,,108,M531x518S10639468x488S10651500x498S20800499x482
marry,,26,M525x531S10a37474x503S10a51492x468S22a04501x491S20800487x488
Martes,,1778,M531x525S21410471x492S11551504x489S20600482x476S11559470x500
Martes (Tuesday),,234,M523x523S11559478x498S11551496x497S20600491x478
Martillo2,,2405,M526x533S1d418475x468S1e810498x487S20500501x476S26b00499x515
Marzo,,1785,M539x560S10a10494x534S30004482x483S20600490x520S26a04512x546
Marzo (March),,219,M518x548S2ff00482x483S20600489x504S10a10493x522
María Magdalena (seña personal),,2042,M542x557S30005482x483S18d00518x511S2df08521x536S20500506x517
Matar,,2004,M541x567S30c00482x483S34110492x505S1ea1c516x546S26600525x514
Matar,,2308,M518x578S30c00482x483S34110493x507S1ea40487x548S2f900497x573S26600497x523
Matar (varias personas),,2300,M546x591S1ea40504x526S1ea48475x526S27100506x561S27110456x559S2f900513x551S2f900477x551S2fd04487x585S31500482x483S35010495x508
Mateo,,1562,M523x572S30004482x483S20500495x520S26504509x521S20300491x534S37702498x548
Mayo,,1787,M534x534S33b00482x483S10010519x504S20600506x503
Mayo (May),,221,M540x538S33b00482x483S10010496x508S20600518x509
Mayor/mejor,,1304,M524x539S1f502476x515S15a12497x481S22d10476x461
Mayor/mejor,,2020,M540x539S37c09487x510S3770c460x526S22c10483x461S20300483x519S15a12513x488
Mañana (morning 2),,2047,M538x590S2ff00482x483S15a30509x516S15d0a494x559S20500512x579S37806464x572S37602515x540S2b704524x522
Mañana (Morning),,230,M534x575S2ff00482x483S20500512x555S15a30505x523S15d0a488x554S37706463x567S37708510x550S3770b511x553S22a00521x527
Mbeju,,1882,M524x524S2f900513x514S2e80c509x476S2320c478x504S1ea40476x479
Me dijo,,2244,M583x614S19210427x595S19218562x591S26515461x547S26507536x547S2ff00482x483S36d00479x523S26503546x558S26507554x574S26511446x557S26515436x573S20500519x536S20500473x537
meat,,167,M554x536S20a00529x495S30005482x482S12810531x512
Mediodia (Noon),,232,M548x588S2ff00482x483S15a10518x522S15a56508x576S37700524x549S37706482x583S3770b526x552S20500515x567
Meditar,,1622,M518x518S30001482x483S20500475x480S10a18456x484
Mejorar,,532,M532x524S1f540509x477S1f548468x477S20500493x479S23806507x507
Mejorar 2,,5284,M520x541S1f53a481x463S1f532505x463S20800495x460S22a20493x491S22a20493x509S22a20493x526
Menor,,783,M548x588S36a20491x506S2ff00482x474S20500496x511S15d02511x506S15d51523x565S22b04513x531S26a04521x486
"Mentir, Mentira, Embuste, Engaño",,533,M535x573S30004482x483S20e00495x519S10a11507x530S22f04508x559
Mes,,1863,M537x530S10041500x486S10049464x492S20e00464x478S26503483x470S37703515x508S2df3b512x508
Mesa,,1681,M555x535S15d50478x465S15d58503x466S23c04527x476S23c1c451x475S15d40536x508S15d48446x505
Mesa,,2099,M559x538S15d50504x465S15d58478x463S15d40540x510S15d48442x511S23c04531x476S23c1c447x476
Mi,,1253,M521x565S36d00479x521S2ff00482x483S15d0a479x531S20500492x552S26514506x545S3770b459x543
Mi,,1985,M537x561S2ff00483x483S36d00479x520S20500496x549S15d02490x528S37703515x539S26504471x533
Mi 4,,5294,M525x523S15d01492x477S20500476x477S27004485x505
Mi ser,,1479,M538x586S2ff00482x483S36d00479x526S17834512x538S22b04513x556
Miedo / Temor / Fear,,5344,M566x543S18502531x507S30005482x483S2b701547x507S30c30489x492S22114519x536S20e00514x511
Miel,,1292,M563x554S1c518486x497S1dc0a417x514S21100450x518S26512417x540S2ff00527x484S20500517x505S30004438x482
Miercoles,,1779,M559x526S1ce41512x475S1ce49467x474S2a53b534x501S2a533442x500
Milagro,,1664,M580x555S31a00482x483S20323476x520S20325504x519S37904491x533S3790c470x534S28a09522x483S28a11449x483S21b00528x525S21b00465x526S14c20557x475S14c28421x480
Millones,,1860,M512x522S1ea08489x478S2f004488x501
mind,,157,M542x517S30007482x482S18611516x478S26503526x461S20500506x470
Miqueas,,1551,M532x533S36d00479x468S21100473x474S18c01486x487S36d00480x529S22c05499x478
Mirar,,1373,M518x569S26510493x554S10e50493x520S32400482x483
Mirar adentro de tumba,,2096,M555x571S30104482x477S32411491x498S11920506x545S37806469x532S34110492x511S1705a501x530S26601533x546S26615452x531
Mirar arriba (varias personas),,2196,M554x574S36e01474x526S32107480x488S30157492x478S14c57528x535S14c59488x548
Miren 2,,2316,M529x607S30140482x477S14c30505x536S14c38469x536S37900480x567S37900516x567S2a210468x572S2a208506x572
mirror,,90,M518x635S2ff00482x433S11500492x486S20500496x456S22510490x471S2ff00482x531S15a02485x573S22c04491x593
Miró arriba,,1633,M518x523S30107482x477S32117490x494
Misiones,,1901,M539x526S18d50475x475S1ea10511x480S2f004519x505S22a04461x485
Mismo,,1340,M547x528S10010521x473S10018467x472S23504510x510S23514454x510
Mismo 2,,2759,M541x527S10040515x473S10048470x474S23504504x509S23504459x509
Miércoles  (Wednesday),,235,M545x533S1ce11507x468S1ce19473x469S2e20f515x506S2e217456x505
Moisés,,2016,M518x518S14c28449x456S20500475x469S30000482x483S26a04486x466
Moisés 2,,2454,M549x518S14c20526x470S30000482x483S20500513x473S26a04486x464
Molestarse,,2431,M539x600S30c00482x483S34310493x505S14c32505x544S14c56468x526S21410471x511S21414516x574S22130507x535S22130465x520S2e802505x585S2e846465x556
mom,,6,M541x530S2ff00482x482S20600519x491S15a10519x503
Monday,,62,M533x521S1a011505x491S1a019467x491S20500490x479S20500502x479
Moneda (Ese),,5164,M536x529S17648481x513S10c12504x489S36d00479x472S22a03523x504
Mono,,1215,M549x519S30007482x483S15010524x488S21100516x474S21600496x503
montaña / Monte,,2170,M539x530S15a50462x500S29d0a487x471S2a208483x502S2a208516x502
Mordedura (serpiente),,2173,M551x593S11051507x531S30c00482x483S34210489x505S36d00479x522S3790a460x523S37907462x552S20500483x545S22b03495x560S22b07506x569S37803520x523S37705527x548
"Morir, Follecer, muerte",,526,M532x587S30908482x479S11530513x525S15a39470x535S20500492x547S2a200509x559
morning,,45,M532x531S22b00516x469S37806467x518S37800507x499S15a30502x472S15a4a498x512
Morsa,,419,M532x549S36500482x483S20500503x517S20500487x517S17610516x513S17618470x513S26504518x533S26514470x534
mother,,34,M512x527S1f704488x503S37800500x473S21700488x521S21700497x521S21700506x521
mouse,,88,M511x538S18150499x509S29900488x463
mouse,,92,M509x545S18150497x516S2dc06490x456
mouse,,162,M518x545S33d00482x482S22210459x510S12810485x521
Movimiento,,2373,M549x534S14c50506x466S14c58463x466S22a00506x504S22a04520x508S22a00536x503S22a14478x507S22a10465x506S22a14451x507S2fb04492x528
Movimiento,,2390,M547x529S14c50514x474S14c58460x472S27110454x513S27104507x514
thank you very much,muchas gracias,148,M542x517S30b00482x482S20500510x474S20500478x475S15a01519x487S15a07457x488S26600519x448S26610465x450
Muchisimos (clases diferentes),,2180,M552x572S10c02504x524S10c0a474x524S2e231525x531S2e237447x533S22b06507x556S22b12461x556S2fb04494x546S30c00482x483S35010494x507
Mucho Después,,1755,M527x532S2f000506x512S15d02474x511S26700479x468
Muchos(persona),,1419,M548x597S17730478x568S17738505x568S26826498x581S36d00479x519S32a00482x483S30e30488x489S20500495x553S20500495x541S20500495x529S26516477x551S26516477x538S26516477x525S26502509x552S26502509x538S26502509x525
Muchos-Gracias,,1952,M563x518S33e00482x483S20500487x485S20500505x485S26610440x468S26600547x470S14701519x485S14709459x484
Muchos-Persona,,1940,M563x567S32a00438x483S30f30444x486S37705533x544S17730433x539S17738459x539S20600444x525S36d00521x519S14212505x538S20600517x525
muda,,1512,M542x524S36d00479x476S27630519x479S2763a479x477S15310527x487S15318498x486S28922459x509
Mudar,,1446,M533x516S17611511x484S22e31521x495S21b00501x498S28903468x489
muerte,,1339,M549x517S15d38451x491S20500459x503S11530534x483S28802510x490S11552473x497
Muerte / Morir / Fallecer,,2177,M526x586S30900482x479S11530507x529S15d39472x533S20500480x537S2a200503x558
Muerto (acostado en la tumba),,2063,M531x588S36d00479x530S14c01466x542S14c09505x542S37600487x565S31600482x489S30150494x477
Mujer,,1262,M521x514S1fa18477x499S36d00479x486S20600499x500
Mujer,,2101,M546x521S1f740526x506S36d00479x480S20500510x493S20500497x493
Mujer-Chau,,1949,M587x555S33e00515x483S20600472x526S14c20564x471S36d00449x519S1f710477x540S2a504566x501
Mujer-Hola,,1946,M590x551S31900516x483S33e10526x506S14c20567x482S36d00449x515S1f710478x536S20600475x522S2a504569x512
Multitud,,1279,M543x532S14c08459x501S14c00516x500S26624492x468S22620517x491S22620457x489
Multitud,,2008,M546x543S31030488x488S32a00482x483S14c20522x512S14c28455x511S22620520x503S22620454x502S26700526x455S26710459x455
Multitud venir,,2022,M544x566S32a00482x483S26624492x521S14c00520x535S14c08457x534S22620518x524S22620455x523S31030488x489
Multitud-va / Grupo-va,,1701,M572x547S15440485x506S15448429x507S26516446x533S26502468x533S15448528x506S15440557x506S2dc26546x454
Mundo,,1452,M543x541S15556501x460S1555e472x460S28b14457x477S28b0c523x478S15536473x526S1553e501x526
Murmurar,,1641,M578x531S30306482x477S17d10555x515S17d18521x516S22124554x506S22124520x506
Más,,1715,M531x536S14c58469x477S2f900475x465S20350516x491S37700522x511S37700480x511
Mírame,,1661,M508x525S10e54493x476S26504494x510
n,,332,M513x526S11950487x475S28806491x510S37b00500x510
N,,328,M511x513S11950489x487
Nada,,1706,M528x526S14c57472x498S14c31493x475S21100504x486S2ea16503x511
Nada,,2175,M538x588S30146482x476S15d51502x534S15d39481x545S21100487x551S34310493x513S2ea0a513x560S2ea1a475x571S2fc04503x577
Nadie,,1424,M551x583S32b00482x483S15d50502x543S15d58481x543S15d18460x506S26916442x509S26712451x567S26706509x566
Nahum,,1554,M562x549S17620490x487S17620452x487S3780b466x498S37803462x497S26706459x467S26712455x452S21b00512x490S21b00438x490S11950539x502S22e04545x531
Navidad,,1425,M537x566S15a11501x451S15a19477x452S20500495x435S22a05522x469S22a13468x476S15a19474x497S15a11501x497S22a01523x518S22a17464x521S15a11506x528S15a19478x530S22a13468x552S22a05524x549
Nazaret,,1503,M514x551S15a52487x539S1150c495x494S22a10497x476S20500500x526S1fb28496x450
Nazaret,,2106,M537x603S22a04447x588S15d59399x579S11e51422x563S20500398x571S11e51488x563S15d59466x578S22b00521x559S22104498x555S11951495x532S21600504x521S33600476x483
Nazaret,,2461,M542x538S14c59465x485S10e51482x513S20500459x489S22204493x502S21410507x511S22a00501x484S1fb20527x463S37701533x481
Nazaret / Nazareno,,2323,M536x547S15a57468x524S11551509x496S20500464x520S20500507x515S22a00470x493S1fb20483x453
Negar,,1843,M561x566S35730491x511S33b10494x513S30146483x476S36d00479x528S37801521x534S37809471x534S37707529x559S3770f447x558S14c30537x530S14c38439x528
Negar con la cabeza,,2107,M521x532S30126481x476S36d00479x528
Nehemías,,350,M559x541S36d00479x459S22114452x475S22114523x474S10e02520x492S10e0a453x494S23604520x523S23610450x524
Nehemías,,1522,M556x533S36d00479x467S22114520x481S22114455x480S10e02515x494S10e0a456x495S23600517x513S2361c445x516
Nephew,,41,M523x540S20e00511x463S10e50497x490S26504490x525S26504504x525S21700497x480S21700506x480S10e5a477x460
Nervioso / Enojado,,2305,M548x573S36d00479x519S20301503x530S20307474x530S30c00481x483S34310492x505S2c503516x545S2c512449x544S2fb04492x557
Nieto / Nieta,,1842,M542x555S30004482x483S26a04515x538S11911484x535S20500495x520
night,,51,M571x529S18510508x514S18518464x513S17d10548x482S17d18428x484S28803520x488S2881b459x489S2f800478x470
nine,nueve,23,M511x515S1ce1c489x485
Nivel,,2236,M531x538S15d18470x462S37900481x489S14742487x514S20500470x509S2a700513x503
Niña-Mujer,,1942,M601x553S33b00408x483S20500429x503S19a00440x513S15d50481x507S22a04487x537S36d00550x520S1f710581x538S20600572x526
Niñas,,1943,M690x559S33b00482x483S19a00515x513S20500502x503S26606660x521S26612569x521S15d50635x515S15d58604x515S23414565x544S23404653x545
niño,,386,M557x596S33b00482x483S19200516x520S15d50538x548S22a04544x581S20500506x505
Niño-Hombre,,1941,M610x559S33b00409x486S20500429x506S19a00443x517S15d50485x511S22a04492x544S36d00549x518S2ff00552x480S20e00571x497S10001589x508S21900595x504
No,,1306,M519x515S10028481x485S26d1a500x487
No / Puede ser,,1730,M566x567S30122481x476S36d00479x527S37802523x535S3780a459x533S37702445x541S3770a542x543S30c30488x497S14c00543x511S14c08435x509S26506547x495S26512438x492
No 2,,2382,M519x520S10020504x484S27202482x480
No Armonía / Tergiversar,,5302,M527x590S14c02496x543S14c0a460x530S22a00511x566S22a14462x558S2f900512x585S2f900463x550S30c00477x483S34110488x506S37004474x522
No entiendo,,2420,M564x559S34110493x504S2ff00482x483S20500476x483S15d19454x476S10028549x484S23612547x520
No entiendo,,2422,M527x575S34100482x483S15d40508x534S20349470x538S20e00495x539S26a14481x561
No Importa 2,,4649,M536x551S34100482x483S26a00509x537S20e00494x519S18200509x519
No poder,,2077,M535x588S30142482x476S30a30489x497S20351476x530S20357506x529S37600489x544S28906506x573S2891e464x572
No poder / No,,1628,M544x562S30326482x476S20311477x526S20319503x526S37904493x541S3790c470x540S30f30488x495S22a12457x543S22a06529x544
No puede,,1311,M561x566S34200482x483S20319508x521S20311469x521S3780b484x536S37803484x535S22b06531x528S22b12437x527
No Puede,,1544,M552x571S35600482x483S20310514x534S20314470x533S28906523x555S2891e449x556S2e24c490x519
No saber (expresión),,5257,M562x559S34100482x483S30a30488x491S37004479x521S37054468x520S14c20539x503S14c28440x501S37603520x529S3760b450x527S37058530x521S37058460x520
Nothing,No Thank You,104,M517x523S15d39482x494S15d51494x500S21100483x476
no viene,,1687,M550x551S36d00479x503S37602458x489S3760a519x488S10010534x450S10018453x452S22e30533x483S22e30451x485S28903509x524S2891b466x524
Noche (Night),,233,M534x550S2ff00482x483S22104465x514S17b18466x523S20500503x531S20500483x531S22104520x512S17b10517x520
Nombre,,1356,M528x530S11549480x503S11541504x493S20600474x487S22f14472x471
Nombre (name),,2038,M528x533S11541504x491S11549476x506S20500472x491S20500485x491S22f04499x468
noon,,48,M536x535S15a1a497x523S37806465x528S37800509x492S15a10504x465S26502521x466
Normal,,1317,M536x522S1bb28464x493S1bb20515x494S21d00514x480S21d00468x479
Nos vamos,,1357,M549x554S30908482x479S15a17526x512S26902526x538
Nosotros,,1375,M533x526S36d00479x474S15a18475x499S15a10517x497S2d718482x482S20500523x485S20500471x486
Noticias (News),,245,M580x534S2ff00482x483S20500505x504S20500487x503S19a18458x514S19a10515x514S26507538x500S26507552x486S26507567x472S26511454x501S26511442x487S26511430x472
Noviembre,,1794,M512x531S11958490x469S2a534488x498
Noviembre (November),,227,M542x562S2ff00482x483S11551515x519S20b00517x549
"Novio, Novia",,1720,M532x535S10011510x505S10019485x498S21100487x487S26503475x476S26507469x465S21410517x499
Nuboso,,2370,M554x550S31500482x483S14c20531x519S14c28449x518S22d01485x499S22d17477x499
Nuera,,1909,M550x555S30005482x483S11511525x528S21100513x513
Nueve,,1007,M512x512S1da03489x489
Nueve,,2223,M527x516S14c28473x484S14420505x485
Numeros,,1511,M512x538S1f701490x516S14c00489x462S22600496x502
Números,,310,M523x532S14c00489x468S22607478x498S1f701486x510S22a07510x497
O,,333,M508x508S17610492x492
O (conjugación),,2176,M540x573S30908482x479S34410495x508S1ce10505x526S30a30488x493S22b06510x557
Obscuro,,1431,M551x528S34d00482x483S26500537x513S15310535x485S22104520x497
Observar,,1612,M534x518S17710514x490S34d00482x483S26f02519x447
Ocho,,1045,M511x514S1bb10490x486
Ocho,,2220,M527x517S14c28473x483S18620509x487
Ocho (eight),,215,M511x514S1bb00490x486
Octubre,,1792,M518x561S34400482x483S15d00494x534S20600489x520
Octubre (October),,226,M536x551S30004482x483S20600514x513S15d00492x524
Ocupado / Llenor,,1623,M545x551S36a00482x477S20500495x521S10e54530x504S26504493x536S36110492x499
Ofender,,2312,M584x547S2ff00482x483S30c30489x490S34310492x505S18210514x532S18218460x520S27100544x532S27114419x519
Ofrendar,,1488,M584x566S32107483x483S36d00479x522S15d30518x538S15d39467x543S22d27547x477S22d37532x496
Ojos tapados,,2363,M528x518S2ff00482x483S20500495x489S15a01505x492S15a07472x492
old,,32,M538x554S2ff00482x482S20300493x521S20500513x512S37806506x527S22a00495x539
Oler,,3732,M549x536S33300482x483S11512519x506S22620519x494S26506530x522
Olvidar,,2425,M518x518S2ff00482x483S14c0a447x480S21100492x482S26612470x466
Once,,3735,M517x515S10010483x485S10010502x485
Once,,2226,M546x516S14c28455x485S14c20486x485S10020531x486
Once (11),,2152,M514x529S10110486x472S2f900491x510S2d504493x520
one,uno,10,M507x515S10010492x485
Oración,,1428,M530x520S16f10506x480S1f818488x505S20800496x492S2eb20471x486
orange,,95,M518x549S2ff00482x482S20310492x534S21600495x522
Orar,,1771,M521x524S1f819479x502S22a04508x477S17910484x477S20800485x490
Ordenar ir,,2118,M546x561S32407482x489S30154489x477S30150500x476S10047516x525S2a20d499x538
Ordenarme / expulsarme,,1380,M521x576S2ff00482x483S36d00479x522S10059443x533S2d719462x553S2f900467x544
Ordenó,,1385,M518x574S30004482x483S10019471x519S26610449x515S2df18463x553
Orgullo / Orgulloso,,5180,M542x525S36d00479x475S1f702508x505S20e00510x489S28908527x493
Oseas,,1537,M519x520S17610503x480S28d0e482x496
Otra vez 2,,5314,M550x522S11559506x494S11531525x495S11559450x492S11551469x492S20500528x480S20e00470x478
Otra vez 2,,2374,M566x531S11557441x496S11551464x484S11557522x504S11531541x493S26503434x493S22a04538x469S20500525x494S21100448x479
Otro / Otra,,1962,M538x532S10050465x475S10030523x475S2a208462x504S28a0a482x469
Otro tema,,2030,M535x530S15d40507x471S15d48471x471S28d0a502x506S28d1a465x504
Otro/otra,,2039,M512x528S10050493x472S2a208489x500
Oyente,,2449,M586x529S33010479x483S10011522x499S20500520x485S26506541x498S14c20563x492
Oyó,,1496,M554x542S33010479x483S20500523x495S26902536x492S10010523x512
Oyó,,2010,M521x540S33020479x483S20500467x494S26916446x491S10018463x510
Oyó / se dio cuenta,,1495,M569x518S33010479x483S15220533x480S20500523x495S21404554x501
p,,360,M515x508S10e02485x493
P,,334,M515x508S10e2e485x493
P,,1801,M515x515S14050486x485
Paila,,940,M520x537S1ea40484x464S27100480x522S37800500x484
Pajagua-Mascada,,1887,M700x554S30005482x483S20800511x512S11811517x520S15d48558x501S20350586x513S37803592x524S17c10683x505S2eb3c607x505S22103688x490S17d18660x509
Palestina 1,,1472,M521x534S15a50449x486S36d00479x530S37706454x531S37700454x507S2031a462x466S37a00519x484S37a05472x472S21100449x498S22b00431x481S20500450x473
Paloma,,1326,M608x551S33b00425x483S1f128427x520S22230458x520S2ff00538x482S36d00534x522S15d27580x508S15d2f505x508S26b00581x533S26b10501x533
Paloma-que-Descendía,,1327,M559x561S10018441x440S22234470x526S15d09502x501S15d01475x500S20a00491x483S22234502x526S22a15458x474S22c25526x528
Palpar (Ciego),,2351,M564x547S31500482x483S23504527x506S26606531x530S14c50501x516
Pan,,1877,M544x534S33100482x483S11511519x507S20500500x497
Pan sin levadura,,2284,M535x580S33600476x483S18510501x523S18518473x523S31530489x493S2df02516x537S2df1a466x536S18500504x564S18508474x564S20500496x569
Panal miel,,1291,M525x532S14c08476x469S37800486x500S22a04497x487S22a04512x487S1530e496x503
Pantalla,,947,M551x606S33b00482x488S1ea00524x505S2e230532x530S27102535x566S30740493x477
Panza2,,2414,M543x516S36d10479x484S15a02516x496S2e500489x487S21100494x496
papá,,384,M556x518S2ff00482x483S1f720531x497S22114530x482
Papá 4,,5111,M550x531S33b00483x483S1f720527x502S22214529x493S36d01479x520
Para que,,1267,M518x573S2ff00482x483S20500472x485S10009448x490S26914449x523S1000c449x543
Parabola,,2718,M551x562S30004482x483S20500496x511S1ec20528x523S1ec00495x522S2df04501x541
Paraguarí,,1903,M531x529S20348473x487S10040498x472S20500476x473S26524485x514S3770a469x500S21410516x489S2f900487x506S37702504x500
Paraguay,,1,M525x522S15a56498x510S20600476x498S14052492x479
Paraguay,,1888,M535x532S22f04493x469S15a56465x502S20600468x487S21410520x504S10e50496x502
Parar / pare,,1377,M518x557S30c00482x483S15d28468x523S26510452x535S2f900469x552
pardon,,161,M543x522S2ff00482x483S20500503x504S1ce10521x492S2dc06528x440
Parece,,1325,M548x523S15d00517x477S15d08461x477S27100508x508S2711c453x507
Pariente,,1541,M558x542S14012505x488S1401a466x488S20500496x461S20500496x489S37a02533x492S37a0a442x494S2d707509x459S2d61f471x459
Parientes,,1861,M538x529S14050508x472S14058462x472S20500495x482S2df06518x505S2df1e463x504
Pasar adelante,,5395,M533x594S17f30514x541S17f38475x542S2892e488x579S37000480x522S37050468x523S30104484x477
Pascua judía (pintar dinteles),,2288,M549x531S15d09451x473S15d20464x482S22e04468x513S15d09502x469S15d02517x475S23202529x497
past,yesterday,91,M538x537S15a00525x475S36d00479x488S26604522x507S22204526x464
País,,1453,M520x526S15520505x500S2b700481x500S26900504x475
País,,1455,M531x522S15520516x496S27000472x478S29402469x501
pear,,97,M522x550S1eb58478x450S17736503x467S20500503x452S22b04503x490S14c32491x526
Pecado / Pecadores,,1241,M524x521S36d00479x480S20600502x487S1774a507x501
Pecado 2,,1682,M521x522S18502482x498S36d00479x479S20600478x485
Pecados,,1246,M523x528S36d00479x473S1774a507x490S20600501x478S14c58447x480S2e712445x513
Pedir (a Dios),,5288,M546x543S30004482x489S32117489x497S15d37511x520S30157496x477S20e00493x526S22a07533x506
Pedro (discípulo),,2112,M519x527S1f510504x488S1f518481x488S20600489x474S22a02503x514S22a16482x514
Pelea,,2299,M542x559S30005482x488S1f510510x535S20e00511x516S26600526x523S2f900511x554S31530489x499S30920490x477
Pelear (con varias personas),,2301,M533x588S31500482x483S35010494x508S20351506x526S20357477x527S2f900522x542S2f900470x544S2fd04491x582S2ea00511x551S2ea10482x550
Peleo,,2276,M537x574S2e23d465x545S36110492x505S30c00482x483S2e23b510x547S10011496x523S10019484x522
Peleo,,2278,M552x525S10009466x477S10001512x476S20700490x478S2a531527x500S2a537448x500
Pensar,,1421,M518x526S30001482x483S20600461x482S34710493x505S10019457x496
Perder,,2027,M546x609S30c00482x483S34310493x503S17740505x534S17748473x534S2f900531x538S2f900456x540S2a204508x556S2a21c466x555S15750528x579S15758451x582
Perdón,,1244,M591x552S21100469x484S21100519x483S2ff00482x483S22204546x487S22204444x488S14c18449x489S14c10529x489S27504565x494S2751c407x495S17610558x475S17614426x476S21c00563x467S21c00430x468S14c08405x520S14c00568x521
Perdón,,2440,M556x535S1ce10534x505S20500514x513S30005482x483S2dd0e523x471
Perenzo,,1988,M548x559S22516445x536S2ff00479x483S1520a464x538S34310491x504S22512535x537S36d01479x520S15202497x538S20500514x531S20500468x530
Permiso,,827,M519x515S11500482x485S26500505x500
Permiso (Dios),,5273,M550x527S11937529x468S36d00478x523S2ff00481x484S30357497x473S30357523x519S30357469x519
Permitir,,5321,M533x523S17f30517x443S17f38470x443S2ff20476x488S37800520x471S37800479x470S26522491x447S30154491x478S30150502x477
person,,131,M521x522S36d00479x478S14011467x485S20600480x511
Persona,,1268,M539x525S36d00479x476S1421a509x496S20600504x483S3780c477x503
Persona,,2003,M521x524S36d00479x476S14212460x495S20600473x482S37804489x500
Persona,,2199,M521x529S36d00479x471S14042465x500S20600475x484
Persona acercar,,2348,M524x510S15c16477x490S15c1e515x490S26516490x492
Persona acercar,,2386,M537x508S1f840519x493S1f848463x493S22a16487x495
Persona-Hombre,,1933,M568x561S36d00452x511S14212437x532S3780f465x536S20600448x517S2ff00513x483S20e00531x500S10001547x513S21900551x507
Persona-Mujer,,1934,M566x568S36d00440x520S14212425x539S20600436x526S3780f453x544S2ff00520x483S36d00519x520S1f710546x543S20600542x528
personas,,1305,M533x528S14c50509x473S14c58468x473S26511478x515S26507512x514
Personas (venir uno por uno),,5298,M525x541S10000510x466S10008480x467S2e740476x503S2e730507x502S2fc04494x530S2d628487x460
Personas-Como esta,,1948,M600x587S32a00434x487S20300462x542S36d00432x524S3780a454x555S26612430x541S2a401567x556S30300530x477S31930537x497S33e10540x511S20340560x542S20348520x542S36d00526x525S37c0b572x543S2a419496x556S37c03513x543S21b00465x532S22120439x532
Pesado,,2076,M536x580S30c00482x483S31530490x500S34210490x506S14f10506x533S14f18468x534S2f900513x555S2f900478x554S22f04509x565S22f14470x566
Pescado,,1359,M548x552S15a40517x491S15a48473x522S27216474x478S27202510x449S26610453x522S26600532x486
pescar,,1358,M533x535S1ea0e491x507S1ea48469x488S22e10468x466S2ea00518x510
Pesebre,,1470,M554x540S14720508x461S14728479x461S28a0b524x475S28a13447x476S14740538x518S14748450x517
phone,,44,M538x518S2ff00482x483S19a02518x489S20500513x477
Piedra,,2426,M542x526S37806458x512S15d5a490x507S20500494x495S14051511x475S20500483x495
Piedra (mover),,5330,M527x524S16e21491x476S16e2f474x494S2892a498x503S2f900512x492S2f900487x519
Piedra / Roca,,2072,M547x530S15d5a493x511S37906453x517S20500500x498S14040514x471S23004522x508
Piel,,1492,M538x525S15a52463x513S37a06490x519S20800505x508S1d058496x475
Pilato,,5253,M533x553S17f3a474x458S17c31499x457S20800492x448S2f000507x482S2f010479x480S14c02502x508S14c0a468x508S22e04514x535S22e14475x534
Pilato,,5452,M533x553S17c01494x457S17f0a471x460S20800492x448S2f000507x482S2f010479x480S14c02502x508S14c0a468x508S22e04514x535S22e14475x534
Pilato,,2268,M523x540S17941502x481S17a48478x478S21300489x460S2ea00508x500S2ea10481x501S2fc04494x529
Pilato (silla),,5318,M525x523S17950505x459S17958476x458S2ff20476x488S37800521x471S37800479x473S30150492x477S30154503x478
Pink,,105,M537x527S30006482x482S11a10522x497S21100520x479
Piña,,481,M525x532S14c08476x468S37800486x499S15330510x478S20600492x521S26503494x500
Poco,,2040,M546x533S1f110517x518S31500482x483
Poderoso,,2273,M541x570S30c00482x483S3770a458x546S2f900494x554S20340521x531S20348464x531S37702528x544S34d10498x505S28d2a484x525
Pollo,,1876,M518x518S33b00482x483S1ee28450x492S22114453x478S20500495x503
Poner manos,,2362,M567x556S15d27543x533S15d29523x513S2ff00482x483S26527554x511
Ponerse en pie,,1418,M530x533S15a32503x500S20500510x500S2b711480x474S10e0c502x467S10e59470x508
Por,,2168,M555x535S30007482x483S10011520x492S2d207532x516
Por eso,,1014,M564x525S17630464x494S1763c436x493S21c00439x481S21c00470x480S14c30540x475S14c38504x475S2f804515x514
Por eso,,2457,M537x572S31a00481x483S36d00479x525S17630461x537S17630521x538S21c00526x531S21c00467x530S22a04522x557S22a14462x555
Por eso 1,,1263,M541x539S14c30517x508S14c38460x507S17630521x471S17630465x472S22a04523x490S22a14466x490S21c00526x461S21c00470x462
Por eso 1,,1964,M536x587S36d00479x526S30104482x477S14c30512x541S14c38470x540S22a24497x572S30d30487x495
Por horas,,2241,M551x547S37906511x507S2035e496x499S2ea16494x454S3780b450x517S10039472x495S21100499x483S21410498x473
Por horas,,2242,M551x548S37906511x514S2035e497x506S2ea16508x453S3780b449x518S10039471x496S21100514x488S21410514x473
Por lo tanto,,1363,M540x545S17730513x455S17738468x455S21b00524x473S21b00470x473S22b04520x483S22b14466x483S14c30516x514S14c38461x514
Por que,,1597,M518x531S30001482x483S20e00475x478S15d19451x492S21600457x477S22a12454x518
Por-favor,,1936,M572x528S30f30488x490S30006482x483S21100521x494S15d10537x495S22b04556x498
Por-favor,,1950,M524x583S30f00482x483S26a20488x569S15d10505x539S15d18479x539S20500496x529
Poseído,,2232,M548x559S36100482x483S30c30488x491S2e231521x532S20321509x519S2e237451x532S20301471x519
Postrado adorar,,1607,M527x600S20a00491x551S15d51504x525S15d59474x525S30104482x477S26620492x570
Postrado adorar 1,,1740,M525x518S2ff20476x483S37607476x453S3760f505x455S15d59483x445S15d51494x444S22f24488x426S22a24495x469
Predicando,,1239,M526x560S37700490x535S28812480x456S15a52475x490S37706501x495S20500496x473S20500475x473S2881a480x440S14058483x506
Pregunta (abrir),,2049,S38906493x464
Pregunta (cerrar),,2050,S38902493x464
Pregunta (cerrar),,2075,S38900464x493
Pregunta (expresión facial),,2051,M518x518S30c00482x483
Preguntarles,,1653,M525x565S30004482x483S15a41502x519S15a49476x519S26620492x535
Preocupación,,2433,M563x566S30a00484x483S36110494x504S36d00479x524S1f809496x534S3780c470x549S20500515x533S26f14523x542
Prepara,,1226,M555x532S14c59463x489S14c51512x488S37703533x510S3770b446x509S2e732512x468S2e71e468x472
Preparar el suelo,,2402,M541x562S26523519x534S26523482x549S2b751476x527S2b751511x512S1f813460x503S1f81d497x489S37801466x476S3780b465x448S3780b511x468S37802523x438
Preparar/Planear,,2459,M541x529S14c51500x471S14c59469x482S2eb06509x503S2eb46459x513
Presidente-Hayes,,1904,M592x575S2ff00482x483S36d00479x520S20500481x530S1540e481x546S37804502x558S14c20543x519S28a06556x552
Primera vez,,1663,M511x548S10020494x485S22b00495x452S2df06490x524
Primero,,1202,M531x524S20349482x501S20500485x485S20500469x485S26533480x516S10041508x477S26531523x501
Primero,,1203,M531x524S20349482x501S20500485x485S20500469x485S26533480x516S10041508x477S26531523x501
Primero,,1295,M531x521S10009469x480S22a14492x488S20302486x506S20600509x490
Primo / prima,,1823,M536x537S20350506x502S20350478x501S20600489x488S26a02510x464S26a16476x465S37703514x515S3770b465x514
Prisioneros,,2619,M521x566S20339453x518S20351431x519S3770b438x535S37703446x534S20800463x539S30a00482x488S36d00479x528S22a24446x551S30920492x477
Privado,,1256,M567x544S2ff00434x483S14712534x454S1471a540x530S14710484x490S14718406x489S20500423x497S20500472x497S2ff00531x482S20500543x469S20500544x518
Privado 2,,2359,M554x535S2ff00446x483S2ff00518x482S15a10486x486S15a18430x486S15a12522x466S15a1a525x523
Probar / Demostrar 2,,5155,M541x587S15d31487x556S23504504x533S15d39464x564S20500472x568S31410482x483S10001511x498S20500500x498
Problema,,2432,M551x534S11501526x507S34110493x504S2ff00482x483S31440503x493S20600521x494
Problema (muy grabnde),,2298,M550x541S31500482x483S34310493x507S11501516x511S2f900539x536S20600496x497
Profeta,,1033,M521x533S20340480x470S37a00487x485S2ea00506x467
Profundo,,1434,M514x550S16e19487x451S10034499x481S21100497x464S22b04496x520
Profundo,,2406,M521x540S16d48482x484S10004506x461S21300480x462S25104480x507
Prohibido,,1958,M517x526S11540488x474S2f900506x495S23004483x508
propio (El / Ella),,1603,M530x525S10050470x493S26500472x475S15d50507x498S22e04513x477
Propio / Propia,,1600,M549x573S2ff00482x483S20500507x474S20500483x474S15d02522x466S15d0a451x467S15d52521x533S15d5a451x532S22e14453x555S22e04529x555
Propio / Propia 2,,2187,M558x548S30001482x483S30007482x483S15d01517x479S15d09461x477S20500504x473S20500485x474S15d51524x510S15d59453x511S22e05539x527S22e13440x529
protest,,160,M566x523S36d00479x477S20e00495x487S15d02486x504S2ad01522x484S2ad01537x485S2ad01553x486
Proverbios,,361,M554x518S30000482x483S10012524x473S21700511x470S21700497x470S21700482x470S26602466x473
Proverbios,,1529,M548x518S30000482x483S21810486x474S10012518x478S26602484x455
Proyecto (Project),,246,M527x521S15a20473x480S12c18497x482S22a04496x506S20500484x479S20500484x489S20500485x500
Prueba,,1971,M622x542S31410482x483S21700522x502S10001520x512S20e00500x498S26500502x525S15d09570x518S15d01599x511S21410599x496S20600573x504
Publicanos,,1213,M605x520S2ff20476x483S14210506x444S14218468x444S26500524x434S26500464x434S11558555x471S11550590x471S21700563x461S21700590x461S26514556x505S26504589x505
Pueblo,,1695,M510x526S15450494x474S2b700491x503
Pueblo,,1420,M541x546S17737481x505S17751500x478S2d91c471x524S2d90d476x455S21410526x481S21414460x514
Pueblo,,2380,M540x545S17751494x455S2e84a502x529S3780b460x497S37803510x468S2e80e501x514S17735483x485
Pueblos,,1693,M520x526S15450490x474S2c400480x503
Puede,,2165,M538x596S37600487x545S30104482x477S20311473x529S20319506x529S28a06502x575S28a2e459x573S2fb04490x590
Pulso,,828,M532x531S15d39493x470S11551495x497S3780b468x488S20500480x484S21411519x517
Punto,,2148,S38802496x464
Pure de Papa,,1866,M531x529S15d40512x473S11948475x485S20e00497x482S22114473x471S26a14469x515
Pájaros,,2410,M581x536S2ff00482x483S20500494x498S1f128494x521S22100534x519S22104552x520S22100569x519
Pájaros,,2411,M566x536S2ff00482x483S20500494x498S1f128494x521S21b00534x519S21600546x519S21b00558x519
Q,,339,M508x515S1ef12493x486
Q,,1796,M515x508S1f050486x493
Que ocurrió,,1738,M558x573S2ff00482x494S30152493x483S30156496x472S30a30488x501S36d00479x533S34310492x515S37801524x538S37809468x541S3770a534x546S37702454x549S14c30534x517S14c38442x520S26a12447x490S26a06538x489
Que significa,,2399,M518x518S30f00482x483S17519456x471S20500473x483S35640491x505
Que significa,,2401,M518x518S30f00482x483S17519456x471S20500473x483S35640491x505
Que?,,5262,M535x585S14c38468x544S37050466x524S14c30508x545S36e00478x527S30c00483x483S34110494x506S37050525x525S22214511x580S22214470x579
Quedar,,1614,M533x531S14c20510x470S14c28467x469S25624492x501
Quemarse,,2413,M560x563S34300482x483S1543e508x540S15436472x528S2e700545x538S2e744447x521S30a30489x491
Querer,,1475,M527x566S33100482x483S10e00492x536S22b00511x532S21100495x520
Querer,,2304,M518x569S33100482x489S10e00492x539S20e00503x500S22a00493x525S30350495x477
Quién,,1197,M541x536S2ff00482x483S26530499x496S22a04528x519S20e00493x521S10000511x506S22204529x508
Quién,,1965,M538x593S30e00482x483S2910a472x525S10028484x563S20500493x549S10b21508x551
Qué,,2458,M535x564S31a00482x483S14c3f464x521S14c37508x522S22a06519x551S22a12463x548S26520493x465
Qué significar,,1523,M537x518S30f00482x483S1fa10518x462S2e732488x462S20500512x481
Qué?,,1195,M509x531S10050493x470S22a04493x516S22e30492x511
Qué?,,2367,M547x559S14c37520x533S14c3f456x533S30c00482x489S30150495x476S22a20494x531
Qué? Qué pasó?,,2365,M521x579S30c00482x483S10050506x527S10058478x526S22e24491x561
R,,341,M508x515S11a10493x485
R,,5276,M508x515S11a20493x485
Razón,,872,M509x527S11520493x474S22e04492x509
Raíces,,2416,M536x526S14c51497x500S14c59473x488S26501523x499S26517464x475S21410515x488
Rechaza él,,1704,M540x563S30c00482x483S10008488x533S16610524x507S25503498x517
Rechazar,,1733,M554x535S15a11506x488S15a19471x485S37803524x505S3780b446x503S26520494x466S20500495x498S21400528x490S21404457x491
Rechazar / apartar de mi,,2167,M538x570S30102482x477S32411490x498S14722502x529S15d39484x547S20e00490x552S26607516x543S2f900526x533
Rechazo,,2421,M542x615S30400480x478S15d0a508x531S15d20506x556S36d01479x524S37800518x583S21100514x537S21400522x610S26600526x576
Recoger,,1674,M551x599S30104482x477S16d50512x529S22e14474x577S22e14469x553S22e04515x552S22e04510x576S16d58469x529S26500537x535S26500534x581S26510451x535S26510457x584
Recordar 3,,5237,M548x534S31400482x483S14c20525x483S21700533x472S26504529x518S14c28455x485S26514460x519S21700464x473
Recto/plano,,1273,M538x523S15a30508x477S15a56478x485S3780a463x491S21100508x505S26610522x478
Recto/plano,,1274,M538x523S15a30508x477S15a56478x485S3780a463x491S21100508x505S26610522x478
Registrar / Anotar,,1698,M528x522S15d32501x495S21100512x501S1eb58472x503S2dd10483x478
Región,,1050,M519x524S14c51481x476S2eb02487x509
Reinar,,1351,M561x518S2ff00482x483S1ee40521x463S1ee48455x461S22a14439x467S22a04548x472S20500519x486S20500471x485
Relación,,2287,M536x537S1ce18465x500S1ce40489x507S22b25512x464S22b21498x472S20700482x489
Relación Dios 3,,5127,M518x586S1ce48478x521S20a00496x552S23124491x569S1ce11495x521S32300482x483
Respeto / Honrar,,5393,M546x532S30007481x479S20500511x477S11511521x484S36d00478x522S30154494x468S30154523x520S30154468x522
Responder,,1722,M529x552S33b00482x483S11a10492x522S20500495x503S26600513x522
Responsable,,1454,M525x534S11a58481x503S20600479x467S15a52476x489S21410506x490S22a14498x519S22a14512x519
Respuesta-Cual?,,1972,M531x588S30004482x483S11a10516x524S26604515x558S30f30488x489
restaurant,,145,M573x556S36a00482x477S20500496x521S1eb08482x537S22b06513x540S1ed08547x537
Resucitar,,2108,M568x540S36d00479x480S37604479x484S11a40536x461S15d0a511x506S37a00520x482S20500508x529S3790a522x489S22c00552x468
Resucitar,,2334,M582x518S2ff00482x483S36d00518x500S36d00440x500S37900439x463S37900558x464S37a06440x464S37a06494x464S37801552x433S15a06541x459S37b06483x464S11a30544x406S20700538x473S22a00569x434
Resucitó,,2338,M573x518S2ff00482x483S37716517x500S37716458x499S37900540x464S37900459x464S37a06460x463S15a06527x457S37706503x463S37900540x420S11a30534x396S22b00557x419S20700547x475
Retroceder,,2082,M540x565S35700482x483S31a30489x492S14c50516x514S14c58458x514S26524493x532S22104524x501S22104464x503S2f800482x554
Reunión,,2091,M558x519S1ed40532x482S1ed48443x481S20500495x505S26602511x503S26616457x503
Rey,,2271,M547x518S2ff00482x483S20500509x480S20500478x480S11a41521x482S11a49451x484
Reyes,,2280,M557x518S2ff00482x483S20500517x482S20500474x480S11a51530x482S11a59442x479S37c03452x497S37c0b537x500
Reírse de alguien,,2429,M562x515S10a20513x485S10a28458x485S2e700547x489S2e71c438x490
Rico 3,,5194,M556x533S36d00479x467S11e52525x478S20e00511x488S22b00540x503
Robar / Ladrones,,5299,M532x629S14c58468x555S22504514x535S26500513x594S26500513x614S26510477x594S26510476x614S22504474x535S14c50508x553S2fd04489x609S36e00477x517S31500481x483
Robar / Saquear,,2286,M557x542S14c50509x511S14c58469x511S22504534x493S22504545x463S22504456x495S22504444x462S26500515x493S26500526x462S26510472x492S26510461x459
Romanos,,253,M568x518S30000482x483S21100496x461S2b804523x462S14c10545x484
Romanos,,1568,M554x518S30000482x483S14c10510x450S21100493x467S2b734537x459
Romperse,,1767,M603x529S36d00479x472S36d00480x525S1003b443x494S26512476x507S20341582x497S20349558x497S26512561x479S26506586x479
Ropa hecho de pelos,,1320,M586x548S36d00430x453S20e00523x486S20e00569x486S22f04561x534S22f14518x534S14c04563x501S14c0c518x500S20900469x459S20900416x459S36d00529x456S1ce02457x472S1ce0a420x472
Rut,,320,M521x530S36d00479x470S20500480x482S20500503x482S11a10478x500S22a06500x514
Rut,,1515,M527x528S36d00479x472S11a10471x497S20500517x481S20500472x481S22b06489x512
Rápido,,1398,M529x527S10050514x483S10058485x497S2f900472x518S26710471x473S20e00501x500
Rápido,,1665,M521x525S1ee18480x503S26510481x485S2f900483x475S22104509x509
Río,,2006,M563x520S10020440x490S21800438x480S2dc00514x505S1ed50485x499
Río Jordán,,1216,M526x530S1f050491x475S20500474x471S15a57503x507S21100484x513S26507501x497
S,,343,M508x508S20300493x493
S,,357,M508x508S20322493x493
S,,1827,M510x517S20326491x483S37702497x493
saber,,150,M541x517S10a10526x489S2ff00482x482S20600503x486
Sacar manos,,2364,M559x550S15d27536x527S15d29515x506S2ff00482x483S26523514x533
Sacar/ Desvestir,,1753,M543x546S16704511x518S1670c469x517S36d00480x542S36d00479x474S21600458x516S21600535x515S22d20494x454
Sacerdote,,1651,M540x518S2ff00482x483S15a17513x470S15a1f462x470S28a19459x436S28a01511x437S20500494x438
Sacerdote,,2200,M530x528S36d00479x473S10c42504x480S10c4a475x481S20e00496x502S23b04511x506S23b1c473x507
Salir / Fue 2,,5239,M526x528S22104496x472S16d18476x505S15700494x485S20700474x489S28806504x516
Salir-de-el,,1386,M526x534S16d40508x514S1775a491x496S20700508x496S28911475x467
Salió del agua,,1324,M525x539S10028475x509S14c12494x482S22b10478x476S20700502x462
Salmos,,1528,M526x541S14c48474x470S14c40502x490S26524483x526S26524501x526S21900508x479S21900479x460
Salmos,,358,M527x544S14c40499x492S14c48473x477S26524496x529S26524482x518S22510473x457S22510505x473
Salud,,1710,M540x531S36d00479x469S1f542525x469S1f54a461x469S21100479x479S21100509x479S22b24494x501
Saludar,,1944,M545x526S22100533x496S22100455x496S20800496x513S26611458x474S26607519x475S16e10498x506S16e48478x500
Saludar,,1945,M544x533S30004482x483S20500495x520S17630509x516S17630475x517S21c00474x510S21c00522x508S26511459x496S26507531x494
Saludo,,1499,M554x588S34000482x483S36d00479x526S14c20531x517S14c28447x517S2a500531x554S2a518450x555
Salvar / Salvación,,2164,M523x576S36d00479x528S20e00482x538S17752481x556S2c301497x548S30105482x477S33e10492x512
san juan bautista,,3020,M639x523S36d00436x479S36d00523x478S1f801443x487S15a11534x487S20500433x486S20500520x487S2eb02607x479S26604477x482S26604563x482S1ea10609x497S22e34616x521
san jus,,3019,M639x523S36d00436x479S36d00523x478S1f801443x487S15a11534x487S20500433x486S20500520x487S2eb02607x479S26604477x482S26604563x482S1ea10609x497S22e34616x521
San-lorenzo,,1918,M531x522S14c48469x490S22f02503x479S20500489x507S10e02501x507
San-Pedro,,1905,M567x530S20320434x485S37700441x499S2a530479x497S14020467x471S14c20523x472S28906538x503
Sanar (sí),,2182,M537x585S37600487x541S17e31464x527S17e39507x527S26606507x569S26612460x569S22104525x529S22104464x526S33f00482x489S30154495x476S2fb04491x567
Sanar / desaparecer / solucion,,1382,M573x567S2ff00482x483S1f538426x539S18530506x540S18538470x540S22a12452x540S22a06532x542S1f530549x540S21100505x552S21100484x553S22104506x531S22104482x531
Sanedrín,,2206,M536x541S16610519x459S22b04519x486S15a11513x518S22b01489x492S15a17464x461S20500479x475
"Sangre, Sangrar",,835,M553x533S14c30529x498S3770b457x490S14c39475x467S17631475x517S21100448x492S2d808481x492S21e01464x508
Santiago,,271,M533x552S30004482x483S21100520x507S22204507x521S2c602476x520S16d10509x532
Santiago,,1594,M519x575S20312457x560S30004482x483S21600511x539S20500495x520S2c630477x558S16d02488x535
Satanás,,1347,M540x554S30004482x483S20500507x543S14c51483x520S22624514x520S36110492x502S30c30489x489
Saturday,,68,M537x543S30005482x483S18011512x501S20e00520x491S22f03500x522
scared,,78,M521x525S36d00479x476S20500482x514S14c11472x484S20500494x514
Se fue (Viuda),,2146,M521x536S10018467x476S36d00479x465S37700476x511S37700471x511S2fb04467x519S22a12444x482
search,,116,M542x545S31410482x483S11000521x499S2ea0a517x530
Secarse,,1746,M536x549S14c20509x462S14c28464x461S22a24492x498S15020511x518S15028464x517S21700517x451S21700472x452
Secarse / Destrurir,,1775,M557x547S2d812458x488S2d806506x482S14c20513x516S14c00466x454S2df05536x522S2df11443x457S21600503x522S21600488x461
Seguir,,1692,M573x527S1f547540x484S26527560x474S1f549437x497S26517428x514S20500533x499S1f547460x474S20500454x491S1f549515x505
Segundo,,1296,M530x521S10e09470x479S20300488x506S22a14494x490S20600508x492
six,seis,18,M508x507S1fa30493x492
Seis,,2217,M522x516S14c28478x485S20310507x501S37c01514x492
Seis (Six),,213,M511x509S17510490x492
Semana,,1959,M533x508S22b06503x492S10002467x492
Semana (week),,229,M524x542S2ff00482x483S1df02474x524S22a06509x525
Sembrado de trigo,,1847,M590x553S14c10549x462S14c18514x482S22610546x448S22610516x471S26507577x454S26513497x511S14c18425x482S14c02426x530S37806435x550S37900435x511S2a540426x516S22a10410x489
Sembrar,,2408,M532x531S16d48469x488S21300492x493S17736474x511S22b00516x481S21b00520x470
Semilla cayendo,,2409,M572x551S1ce40550x521S1ce48496x490S21b00431x500S26510428x513S20336450x515S22a14485x479S22a10475x464S22a14464x449S22a00544x510S22a04535x491S22a00523x469
Semillas,,2403,M536x520S15d30517x490S1ce48464x486S20612502x483S26610487x485S21410516x480
Sentado Este,,2317,M543x584S2ff00481x483S36d00479x529S10b1a458x541S11851512x564S22a15489x555
Sentar en círculo (CL),,2149,M539x526S11052506x475S1105a464x474S2d606517x503S2d61e462x504S2fb04490x500
Sentar en trono (cielo),,2186,M573x548S1155a527x517S11850549x486S22b04557x518S32407480x483S20800543x514S36d00479x524
Sentar sobre algo (CL),,2100,M574x535S37604479x487S37603519x486S36d00479x484S1155a512x516S11050537x466S22c04558x493S20500529x513
Sentarse,,2326,M596x515S11850512x488S11858463x487S28812436x485S28812404x486S2880a538x487S2880a574x486
Sentir,,1742,M521x559S2ff00483x488S34110494x509S30a30490x493S30154496x477S36d00479x527S1804a455x528S20500494x543S26514506x540
Separar,,921,M539x527S20500494x485S15d5a461x486S15d52512x485S22104477x474S22104513x474S22a04521x512S22a14463x512
Separar,,1670,M581x584S30b00436x483S33b10447x510S15a10424x523S15a18469x525S22a12405x532S22a06490x532S37802474x551S3780a415x549S30b00529x482S15a22531x538S15a06534x554S26500540x520S26514539x569S37704557x543S3770c511x560
Separar 3,,1445,M519x533S15d28492x467S15d30500x505S20500492x497S22a04482x518
Septiembre,,1791,M530x568S30004482x483S17630492x531S20500495x519S21d00512x535S37703499x546
Sepulcro (Cerrar),,5331,M522x521S16d18478x480S15d27499x484S21100480x505S28802498x509
Sepulcro (Enterrar),,5324,M547x546S18150509x455S18158480x455S20500496x457S2890b522x478S28923453x479S18130510x498S26500508x531
Sepulcro (Enterrar) 2,,5341,M549x546S18150511x455S18158482x455S20500498x457S2890b524x478S26500510x531S18130512x498S28913451x479
Ser (Yo),,5260,M544x552S17904524x502S36d00479x523S2ff00483x483S22b04524x522
Sermón / Conferencia,,2194,M560x551S36d00479x527S37706491x541S15d10519x483S15a5a508x539S37b03479x530S37800524x509S37b02519x527S26a00533x514S30c00479x483S35010492x508
Serpiente,,2172,M552x560S10040519x522S2dc06539x511S32405482x483
Serrucho,,883,M532x532S15a57469x468S15a41499x493S27101471x506S21411519x512S21100482x486
Servir/Siervo,,1252,M539x537S20302524x463S37900531x478S22204505x515S1004a494x522S22204516x515S20500527x520S37805462x519
Sesenta Dos,,5228,M521x515S17430479x499S10e20506x485
Sesenta Uno,,5227,M522x516S17430478x500S10020507x485
Sesenta y Cinco,,5316,M526x517S14c20503x484S17530474x500
Setiembre (September),,225,M536x554S2ff00482x483S20500495x503S21d00490x525S17600491x538S26a00509x536
seven,siete,20,M507x513S10610492x487
Seña personal,Seña Identificación,2041,M518x572S32a10482x483S14c00489x521S20e00504x508S2df08491x551S33b10492x509
Seña Identificacíon,,1275,M545x575S32a00509x483S2ff00455x483S14c08460x519S2df14461x554S14c28514x521S26510519x554
Señor,,1233,M525x540S36d00479x486S20500515x494S20500474x493S26512491x526S11a28444x460S1250a495x506
Señor,,2456,M552x574S2ff00482x483S36d00479x526S20500474x531S20500515x533S11a01474x547S11a20537x502S22b06504x557
sheep,SIL2009,113,M544x575S2ff00482x482S15318462x514S15310525x513S21910522x499S21910454x500S26604523x545S26614461x544
Si,,2437,M514x522S19248492x478S26b10487x504
Si / Afirmar,,5275,M514x522S23204488x502S19240486x479
Si o No,,1989,M551x521S22e04454x503S19210449x480S22e06533x488S11e02500x481S22106488x489
Si poder,,1644,M546x559S30320482x477S20311476x524S20319503x524S37904491x538S3790c469x538S22a12452x541S22a06531x540
Sidón,,2130,M532x554S37900481x486S37806500x547S15a52469x542S20500476x529S20320474x473S2d518471x460S2d510471x447
Siete,,5343,M508x513S10a10493x487
Siete,,2219,M525x516S14c28476x485S10e20510x486
Siete (Seven),,214,M508x513S10610493x487
sign,,3,M531x541S14c41505x480S14c19481x459S2eb09497x513S2eb43468x503S2fb04475x535
significant other,,155,M539x535S10051482x489S10059461x489S21100480x464S27103512x509
Silencio,,1409,M518x546S33b00482x483S10010459x516S20500468x502
Silencio / Secreto / Callarse,,2423,M539x539S30b00482x483S33b10492x506S21100505x500S1f800521x502S22b02486x523
Silla,,1680,M537x517S11552507x490S11858478x490S20500506x484S22a14463x501
Simón,,1500,M534x526S20313469x483S2031b510x482S20e00494x475S23004509x508S23014467x508
Simón,,2213,M557x526S20320443x486S1922a468x480S18d50490x476S17610519x485S11950535x475S37700450x501S37700475x501S37700501x500S37700526x501S37700548x500
Sinagoga,,1505,M526x535S15a18475x465S15a18475x508S21100489x474S17420504x474S20500492x517S2890c511x492
Single,,66,M539x528S1ce02508x472S1ce0a461x472S23004514x502S23014461x502S2fb04492x522
sister,,37,M525x546S36d00479x455S1f710505x463S20500504x481S20500515x481S10050502x516S10058479x516S20500488x502S20500499x502
Sobrino / Sobrina,,1824,M534x525S20350506x491S37703512x503S1155a468x486S21410466x475S21900488x478S20e00507x475
Sofonías,,1459,M535x514S15d18465x486S20320520x494S21100487x495S2ea08502x489
Sofonías,,1556,M539x526S15d18461x475S21100483x484S2ea08499x479S20320517x484S37802522x494
Sol,,2032,M540x518S37700532x485S21b00519x456S31500482x483S1eb10516x467
Sol,,2404,M518x518S2ff00482x483S1eb19462x438S37809458x451S37801459x482S21b00492x450
Solamente / Unicamente 2,,5296,M517x519S26500503x492S10000484x481S2f900485x514
Soldado,,1969,M557x583S30c00483x483S36d00479x520S20300526x544S20300531x526S37707504x551S37702544x531S22a24530x568
Soldado (Vigilar),,5332,M552x574S1ff02530x530S1ff0a534x559S36d00479x531S2f910536x552S2f900535x521S30142484x476
Soldado / Guardia,,2313,M564x537S31500482x474S36a20491x507S21100504x510S1ea41520x506S2c307539x519
Soldados (A cada lado),,5333,M528x521S1f510513x479S1f518472x479S2b720490x498
Solo,,1219,M519x513S1ed4e481x487S22a14506x493
Solo / Sola,,1423,M516x522S10000492x492S2eb06484x479
Solo Hombre,,1221,M521x566S2ff00481x483S36d00479x520S10009461x511S21900463x508S20e00485x499S1ed4e494x538S22a14480x551
Soltar,,1757,M535x527S1bb40507x490S2f900512x522S20500496x503S26511465x473S26507522x475S21b00511x476S21b00480x476S2f900476x521S1bb48473x489
Soltero/a,,1931,M542x535S2a304518x495S2a31c461x495S1ce40520x466S1ce48459x465
Sombrilla,,514,M518x518S20300483x503S20300483x484S22a00504x482S22a14505x503
Sopa Paraguaya,,1878,M547x529S15d38461x483S3770b453x507S37703525x507S15d30521x484S26620493x471
Sordo,,1313,M554x530S2ff00482x483S20500520x495S20500506x517S10011533x500
Sordo (Deaf),,242,M551x523S30a00482x483S20500517x488S20500512x512S10011530x492S33e10492x505
Sorprendente,,2245,M557x583S2ff00482x483S30f30488x489S34410495x505S14c0a456x529S14c02514x528S2a500536x550S2a518442x549
Soyo,,1865,M619x562S30005395x500S20800425x529S11811432x537S20350494x524S37701501x537S15a48471x513S22f00594x500S2ff00569x465S15a36559x526S15a32585x517S34d10585x489S2eb3c512x516
spider,,164,M556x530S20312521x515S36d00479x520S15312491x488S22520488x470S20500498x507S26602526x488
spouse,,156,M529x521S10637470x496S10651498x479S22a04513x506S20800498x508
Story,,96,M518x575S30004482x483S19a40485x518S2eb00492x543
Su,,1261,M534x523S10058497x493S10038466x493S28812477x478S26510520x491
Subir al barco,,2407,M557x539S15a41473x516S15a49443x515S20500465x503S2ba20444x465S11248513x462S2881a535x472S2a218510x494
Suegro,,793,M567x542S21100521x495S18510539x498S2ea00552x517S30006482x483
Sueño,,1010,M569x518S31600482x483S21100519x485S37b06492x479S37d03496x473S1f510535x485S2ea00554x481
"Sumar, Agregar",,2230,M518x525S17710482x510S26902483x476S28800506x489
Sumo sacerdote,,1637,M569x521S36d00479x479S10c02546x481S10c0a433x481S21100500x484S21100485x484S23d04514x486S23d1c457x487
Sunday,,61,M554x531S20e00495x485S22b06524x503S22b04526x501S1f510526x484S2ff00482x482
Suplicar,,1477,M531x572S30100482x477S32110490x495S14c10508x526S14c18467x525S20800495x533S26520482x557S26520499x557
"Suspensión, Suspender",,866,M550x537S20350481x476S20358506x476S20340535x521S20348450x522S20500495x464S2890b525x489S28913451x490
Suyo,,1590,M548x575S30a00482x483S15a11525x491S15a19452x493S15a57461x552S15a51515x552S20500516x485S20500474x486S26624492x522
Sábado,,5387,M539x560S30005482x483S17842521x498S21100509x521S22a03517x536S22a03526x546
Sábado,,1782,M572x528S30005482x483S21100513x511S15d44522x501S22a00543x506S22a00559x506
Sábado (Saturday),,238,M546x559S18001521x493S30005482x483S23607515x516S21100519x545
Sábana,,962,M531x540S17e50508x516S17e58469x516S21700519x504S21700478x504S36d00481x460S36d00478x536S26604515x470S26614474x471
T,,347,M508x510S1fb00493x491
T,,356,M508x510S1fb20493x491
Tadeo,,2225,M559x528S1fb10441x484S1f810464x488S10110491x473S16610516x486S17610543x488S37700448x502S37700471x502S37700498x502S37700523x503S37700550x502
Talentos 2,,2002,M533x576S27633517x525S27637467x531S36d01477x525S36d01481x565S20332506x546S20336481x550S20500522x555S20500472x563S30122478x476S31530486x500S35640488x509
Tambien 2,,2758,M530x527S10040511x474S10048476x475S23004505x508S23014471x509
También,,1270,M543x527S10048474x475S10040512x474S22e14473x509S22e04511x509S2f900532x495S2f910458x496
Tarde (Afternoon),,231,M557x567S15a50530x505S15a56500x543S37700530x533S37706473x547S3770b532x536S20500526x556S22a04544x508S2ff00482x483
Te Quedas,,2327,M529x516S20340514x484S20348471x485S22a24494x501
teach,,122,M527x526S18520474x491S18518479x511S20600505x500S26a00474x473
teach them,"teach him, teach her",124,M531x521S18528469x505S18510481x487S20600493x510S26a02517x480
teach me,,123,M527x528S18508484x492S18518474x513S20600505x503S26a04484x471
Techo,,1631,M565x526S15a11460x502S15a19436x502S15a11542x500S1001b516x474S28a18500x490
Tela / Material,,1749,M537x531S17720517x473S17728463x474S23228487x470S22b20485x501S22b24501x501
Telas,,1467,M535x534S18520508x466S18528469x466S37c06466x487S37c06523x488S29d20492x483
tell,,143,M545x540S19210487x521S30004482x482S20500510x516S2b801522x495
Tema,,1240,M536x519S1ed20510x500S1ed28465x500S22a12467x482S22a06517x481
Temblar,,2120,M548x590S14c02493x530S14c0a467x548S2a501523x540S2a519444x562S37504482x474S31630489x498
Templo,,1721,M530x544S1fb48475x501S20341493x489S37703508x504S3770a471x520S20f00491x475S26a14491x457S21410472x477
Templo (Ahí),,5295,M526x519S20348475x504S10c12504x481S22a03512x502
Templo-de-Jerusalén-cúspide,,1975,M596x540S21410412x480S20341434x497S1fb48410x498S37703448x511S3770a405x516S20f00431x480S26a14429x464S15a50537x460S15a50522x460S23d04553x479S23d1c491x479S15a40584x460S15a48479x462
Tener,,2341,M530x557S2ff00481x483S36d00479x520S11e10489x527S20500508x530S20500520x529
Tentado,,1346,M555x559S1f83b495x538S1f831513x521S26f27525x501S30c00482x483
Tercero,,2253,M532x521S11e09469x480S20500522x487S20500511x487S22a14496x485S20300488x506
terminar,,406,M535x550S14c29508x452S14c21466x451S3790b473x475S37903489x475S25701475x517S25717498x515
Terminar,,2018,M533x547S14c51468x486S26706477x453S37903490x508S3790b472x508S26712477x467S14c59506x487
Terreno,,1230,M559x536S14c59461x510S14c51510x510S22a00546x520S22a10441x519S17750510x464S17758464x466S22220515x497S22220464x499S21100517x481S21100464x482
Testigo,,1487,M550x518S20800501x497S31410482x483S1d002520x497
thanks,thank you,137,M539x519S30b10482x482S15a00524x492S26600523x453S20500515x477
they,them,127,M525x519S10040510x489S2d700476x481
three,tres,13,M511x515S11e10488x485
three weeks,,57,M533x512S11e02467x488S26606503x496
Thursday,,65,M524x596S1f40f482x566S20e00512x512S1dc01486x514S22f04485x546S30004482x482
Tiene,,2250,M521x515S1270a445x500S36d00479x485S20500479x499S20500490x499S26504427x500
Tiene,,2251,M521x515S1270a445x500S36d00479x485S20500479x499S20500490x499S26504427x500
Tierra,,1448,M516x543S15d39488x520S20500492x511S15751485x458S22a00492x492S21100492x473
Tinaja de Cuero,,2012,M559x564S1543e443x549S15452442x512S28a27475x517S15440544x504S1511c513x480S2a314516x437
Tio / Tia,,1822,M536x519S20e00489x481S26a06465x481S10042506x495S10048484x489S21410519x483
Tirar,,1493,M601x526S2ff00482x483S36d00479x522S15a50537x498S15a30589x498S28a0a550x485
Tirar,,2081,M526x526S20348474x486S37708481x501S26616496x476S22106499x488S2f900477x475
Tirar algo al suelo con enojo,,2315,M542x580S30c00482x483S34210490x505S20302503x532S20302482x532S36d00479x518S37703520x519S37706516x540S3770b459x518S3770e459x538S23f05511x557S23f15487x557S2f900506x549S2f900484x548S21c00506x525S21c00486x525
Tiro,,2129,M534x559S15a52467x547S37906494x553S37900481x490S20500476x534S1fb28474x472S2d510470x442S2d518469x458
Tito,,268,M532x522S1fb40485x503S1005a468x483S20e00487x479S26a04505x499
Tito,,1582,M517x528S1005a483x474S20e00500x473S1fb40497x493S22f04492x514
Tocar la mano,,2387,M532x571S30a00482x483S15a56472x559S15a51498x535S20500479x546S22a04478x528S2fb04517x536
Tocar vientre,,1542,M536x536S15a18464x470S15a01513x464S37908469x496S26703487x479S20500474x516
Todavía,,2452,M511x540S1ce10489x460S26502489x512S26506492x497S26506492x526
Todo el día,,2240,M566x518S22a10402x400S37900435x459S37901426x420S37900482x459S37806452x459S15a52426x452S15a30421x395S2ff20435x482S2ff20518x483S37900564x457S37900519x460S37806534x456S37901510x423S15a50504x396S21414522x439S15a52508x450S21410440x440S22a14521x400
Todos (Personas),,1604,M520x529S2e91e480x471S22620489x490S14c59488x503
Todos (Personas),,2178,M576x526S36d00479x475S20500478x481S20500491x481S14212466x497S37705496x502S2e736551x478S10c50556x499
Todos (Personas),,2243,M513x522S10c58491x500S2e746488x479
Todos / Aquí,,1659,M520x590S14c31457x522S2e902480x548S30d00482x483S26601487x568
Todos / Ellos,,1249,M516x522S10c58492x500S2eb46484x479
Todos/allí,,1407,M541x537S2ec02459x464S10051478x483S37903502x498
Tomar / alzar / agarrar,,1615,M540x523S15d3a460x504S15d32513x504S2033a470x478S20332520x478S22b20494x484
Tomar / Beber 2,,5312,M518x561S1f510491x523S34400482x483S22e00489x543
tomato,,165,M518x567S2ff00482x482S20e00494x510S1fb00490x524S23004486x549
Tomás,,2221,M518x553S30126482x476S31030488x497S35640490x511S20800495x526S1e102492x529
Tortilla,,1881,M585x528S33010479x483S26a00558x510S20500522x495S15d21530x505
Total,,2207,M573x533S17720471x481S17728447x481S2df1c446x511S2df04474x512S17700526x483S17708553x484S20500545x469S20500464x469S22204479x469S22204447x468S22a16428x482S22a02493x482
Trabajo,,1255,M543x531S20300496x516S20300489x487S20600491x504S37805511x522S3780d457x494S22a14485x470S22a14499x470
Traer,,5184,M526x528S14d10477x490S14d18439x490S36d00479x473S28926497x513
Traer,,1977,M595x557S2ff00482x483S14d10565x523S14d18527x523S20500556x531S26622507x541
Traer,,2013,M529x554S14c40505x459S14c48472x474S22104512x446S22104476x459S26624494x524S2f804483x509
Traer (Servir),,5185,M579x528S14d10502x494S14d18476x510S36d00479x473S20500488x496S2b701528x476S2b701544x477S2b701560x478
Traer Persona cerca,,2349,M528x510S15c1a473x490S15c1e519x490S22a16486x494
Traicionar,,2231,M521x525S1ea09424x503S36d00479x521S36d00479x476S26506454x509S20500470x510
Traición (Jesús) 2,,5244,M555x568S36d10479x521S30c00482x483S20500517x537S1f504531x537S22a02538x555
Tranquilo,,1727,M521x546S36d00479x454S14c02484x466S21100491x499S22b04490x516S2f804480x485
Tratar,,1763,M562x587S30322481x476S36d00479x527S14c40511x551S14c48461x551S2e11d434x550S2e109537x552S32410490x499
tree,,115,M537x537S15a1a501x525S37906462x528S37900511x488S15710499x463S2df04516x494
Tres,,1686,M535x519S1001a465x504S20500499x498S18602505x482
Tres,,1719,M512x515S11e00489x485
Tres (tres),,210,M512x515S11e20489x485
Tres 2,,1880,M512x515S11e00489x485
Tres personas caminando,,2036,M514x534S11e20486x467S27e04491x509
Trigo (zarandear 2),,5280,M526x533S14c28475x482S22a24495x518S14c20503x482S22220506x473S22220506x467S22220477x473S22220477x467
Trigo (zarandear),,5279,M527x535S1e841498x469S1e84f474x466S2e925473x505S25503495x499S2f900506x494
Triste,,2089,M555x544S30104482x477S30a30489x493S34110493x507S10000520x514S10008464x513S21700532x499S21700462x501S22a04542x526S22a14448x528
Tu,,1960,M509x531S10040494x501S26600491x470
tu (you),,170,M522x516S10050478x484S26600506x486
Tu donde,,1938,M534x539S26500468x462S2f004514x518S10050466x481S15750509x486
Tu y yo,,1362,M546x564S10020450x518S26500431x528S2ff00482x483S10044514x534S26504532x536S36d00479x520S20500496x533
Tuesday,,63,M527x521S11551499x479S11559472x492S20500476x479S20500486x479S22f04502x507
twenty,,30,M519x527S10e00480x473S17610503x487S2df08491x506
two of them,two of you,132,M512x539S14047488x462S27106491x499
two weeks,,56,M533x508S10e02467x493S26606503x492
Tú,,2395,M520x512S10047481x488S26507507x499
U,,349,M508x515S11520493x485
Ubicación (personajes),,2303,M518x577S10c51480x531S32401482x483S22a04491x560S26500477x559S22a04464x562
Ultimo,,5308,M548x537S15d39475x514S15d10529x463S25603512x495S36d00479x475S20b00481x517
Un cinto de cuero,,1287,M616x558S16d04414x511S16d0c478x510S36d00437x532S36d00437x476S36d00522x532S1000a535x505S10002561x514S2ef21561x538S20336554x463S2033e583x487S22a11558x442S22a05603x485S22a16437x514S22a02459x514
Un personal,,1939,M572x574S36d00428x522S34d00429x483S10000482x488S36d00530x523S14212516x545S20600527x531S37705546x551
Un rato,,1656,M522x516S14c20499x485S26500479x494
Una-voz-que-venía,,1328,M542x539S11510492x476S11518468x476S22620494x462S22620458x461S22c25509x506
Ungir,,2611,M541x536S34000481x483S32110489x489S14c04511x456S14c0c464x457S22234515x488S22234457x489S36d00479x522S22b04523x505S22b14461x506
Ungir (a una persona),,2066,M525x574S15d39475x551S1fa51475x524S2ea0e500x528S34200482x483
Ungir (un cuerpo),,2067,M528x583S28f0a474x531S15d3a486x564S1fa52492x542S2ff00481x483S36d00479x521
Unión / Comunión / Relación (Dios y persona),,2190,M553x583S1d020523x484S1d04a490x535S36d00479x524S37609520x511S25604537x520S20700492x568S2f900539x553S2f900493x561S31600482x483S35010495x508
Uno,,1627,M508x515S10008493x485
Uno,,1684,M540x510S20500497x490S1001a460x492S10002510x495
Uno (one),,208,M508x515S10020493x485
us,we,119,M525x554S20500476x543S26604486x483S26600498x481S26604509x484S10041493x446S10043484x518
Ustedes,,5114,M515x532S10e30493x468S2d600486x506S2d608486x520
Ustedes,,5171,M521x582S10b50490x556S2ed01490x537S2ff00482x483S36d00479x523
Ustedes,,5250,M521x587S10b51476x561S2ea07462x541S22e31497x575S36d00479x527S32400482x483
Ustedes,,1280,M536x525S10c59509x504S2d810465x476S22a14499x493S22a14484x493S22a14468x493
Ustedes,,1718,M516x520S10c50492x498S2eb36484x480
Ustedes,,1997,M552x562S10041458x531S2d708482x532S10047522x541S32400482x483
Ustedes,,2157,M514x524S10c51486x477S2ed01495x505
Ustedes 5,,5469,M522x559S10b51469x535S2ed00501x536S32401486x483S36d03478x519
Uva,,1194,M563x536S2ff00482x483S21700497x504S1d41a524x478S1d420534x500S20500495x521S27100506x521
Uyyy!,,1760,M555x518S31030488x491S34410495x506S14c01529x469S26504514x477S20500495x468S30000482x483
V,,351,M508x515S10e00493x485
V,,354,M508x515S10e20493x485
Vaca,,1744,M568x518S30000482x483S1a050518x457S23000543x469
Vacaciones,,5389,M536x531S36d00479x469S20800514x479S20800477x480S14c52503x496S14c5a466x495S22230510x526S22230468x526
Van,,1606,M536x574S14c28465x541S14c20511x542S22620462x530S22620510x530S26520493x559S32a00482x483S31030488x487
Van,,1618,M537x525S14c28465x494S14c20513x494S26620493x476S22620511x482S22620464x482
Van,,1741,M548x574S15a04475x454S15a04516x485S15a04474x518S26500532x464S15a04515x547S26510452x496S26500534x529S26510453x427S26900514x464S26910473x433S26900513x526S26910472x497
Varios dias,,4647,M531x520S19210505x480S19218475x480S26526470x506S26526493x505S26526516x506
Vaso,,682,M512x510S1ec10489x491
Vaso (Dar),,5310,M527x521S16e38473x479S16c40507x479S20800491x487S26524495x506
Veinte,,1048,M520x516S10e20481x485S17610504x500
Veinticinco 2,,5154,M523x516S10e20477x486S21c00492x485S14c20500x485
Ven,,1483,M512x519S15d58493x492S22120488x482
vender,,398,M531x546S1ea18478x454S1ea10508x467S2e70c515x495S2e718470x486S23200488x526
Venir,,571,M545x519S28a02480x481S15d13456x496S15d16518x497
Venir (persona por otro),,1303,M534x564S10000494x436S10008494x534S26603512x443S26615469x477S26603511x509S10008494x469S26615467x539S10000493x502
Venir (Persona),,1458,M518x534S10000503x467S2dc01482x500
Venir (Personas) 3,,5242,M516x525S2dc0a503x476S10000485x480
Venir 2,,1468,M566x541S10000447x485S10008538x474S23600527x515S23614435x524S32400481x483S36d00479x528
Venir aqui,,2332,M541x525S10b10525x482S28902481x476S10b13459x495
ver,,393,M536x559S31410482x483S10e20520x506S20500502x498S26500522x544
Ver,,1449,M577x537S2d508555x513S20500522x497S10e20533x507S30124482x477S33e10492x511
Ver / Mirar,,1422,M542x591S30122482x476S36d00479x527S10e50525x531S26c0a527x564
Ver / Mirar 26,,5290,M554x582S36d00479x530S10e50533x521S30502482x483S2d608525x557S30510490x475S2d600525x570
Ver / Mirar 6,,5191,M542x558S20500501x497S10e20520x498S31410482x483S2d608513x533S2d600511x546
Ver / Mirar 7,,5247,M557x554S23704518x533S10e20530x496S32304482x483
Ver asombro,,2375,M545x551S31a00482x483S10e50530x521S26602492x529S34410496x505
Ver claridad asombro,,2376,M595x570S2ff00434x483S2ff00530x483S31a30537x492S34410544x504S22c11432x496S22c07439x498S37600441x547S17620460x535S17620429x537S21b00475x529S21b00423x531S14c20572x507S14c28503x506S37800582x538S37800514x537
Ver con dificultad,,2368,M555x536S30a00482x483S31530489x500S10e20524x506S26506540x508
Ver con dificultad,,2389,M558x546S30a00482x483S31530489x501S10e20520x516S26507545x510
Ver Simeón,,1679,M572x565S36d00478x521S37902478x521S37906498x559S15d0a527x546S10e11547x492S32404486x483S20e00504x502S26503536x512
Ver/Mirar (Pedro),,5233,M521x587S36d00479x529S30152493x477S2d501502x572S2ff00482x489S32232488x499S32232502x499S10e50505x539
Ver/Mirar (Pedro) 2,,5234,M529x558S36d00472x529S10e56415x543S36f56519x526S2ff00475x489S10e52447x542S31a30482x500S30152489x476
Ver/Mirar (Pedro) 3,,5236,M522x583S36d00479x523S10e52486x547S2d50f502x566S2ff00482x483S32410491x491
Ver?,,2366,M555x533S30c00482x483S10e20525x503S26507542x501
Verdad,,2330,M518x518S30001482x483S1ce0a458x490S23c1c436x481S30d30487x493
Verdaderamente,,5122,M579x533S30000482x483S1ce02528x511S30c30489x491S14c02512x466S23b04534x486S20e00495x470S22f04554x493
Verle,,5394,M524x519S10028476x485S11252501x481S22a02506x506
Vestir,,1286,M536x541S17748387x524S17750424x506S2a12c397x459S36d00479x500S17734466x518S1773c516x518S22b24493x511
Vete,,1660,M508x526S10004493x496S26900492x474
Vete,,2398,M545x532S15a40533x505S14c48491x493S26711456x468
Vida,,2001,M521x527S36d00479x473S20600475x484S10e11480x497
Vida,,2339,M521x527S36d00479x474S10e11478x497S20500480x485S20500494x486
Viejo/a,,1543,M518x546S30004482x483S20300492x531S20500490x519S20500501x519
Viejo/a,,1747,M528x563S30004482x483S20300493x534S37703506x541S20600489x521
Viernes,,1781,M549x515S15d10530x485S20500517x497S15d5a488x496S2e232451x494
Viernes (Friday),,237,M528x523S15a12498x488S15a18473x477S20500486x487S2e236496x504
villainous,,158,M536x529S31500482x482S20500497x498S20500506x498S10e00521x499S22604524x484
Villarica,,1927,M523x531S10e20478x470S26600507x479S2a530477x498
Villrrica,,3017,M509x533S10e20493x468S26930492x503S23102492x507
Vino,,1764,M555x526S10e20540x496S30006482x483S21100521x494
Virgenes 2,,4645,M529x528S10f10505x473S10f18479x473S20500495x490S26d00502x509S26d10471x509
Visitar,,1456,M538x532S15a51515x469S10e28462x502S26717480x493S20500511x483
Viudo/a,,1906,M527x524S10e00474x476S10000506x476S2ea06502x509
Voluntad Dios,,1548,M541x522S2ff00482x483S16c26520x449S22c04521x480
Voluntariado,,1770,M577x515S36d00479x489S26500563x493S20900507x505S1ce42526x485
Vorí-Vorí,,1864,M535x524S21100495x476S15d09465x490S15d21493x501S21410520x509
Voz,,1329,M530x563S30004482x483S20e00493x519S11508495x533S22210509x525
Víbora,,414,M512x542S10040489x512S2dc06499x458
W,,362,M509x515S18620491x485
walk,,138,M509x540S10e04492x496S22610491x531S26600491x460
want,,83,M546x557S33100482x482S21000526x488S22a00527x542S10e00526x505
Wednesday,,64,M534x534S1ce40512x468S1ce48466x467S2a530470x501S2a530511x501
week,,55,M534x508S10002465x493S26606504x492
where,,129,M512x527S15750487x473S2f005492x506
white,,76,M515x544S15702484x513S26500496x489S18502500x456S20e00496x532
who,,141,M545x546S33100482x482S20e00518x480S10000525x495S22a04526x531S22204535x486
woman,,4,M527x519S36d00479x481S1f710507x490S20600503x508
Wow,,2283,M526x587S31a00481x481S33530476x497S14c00503x524S14c08475x522S2a538506x554S2a538477x554
Wow,,2392,M564x545S31a00482x483S34410496x506S23004539x526S23014439x527S14c02503x522S14c0a467x522
WOW,,1316,M576x563S31a00482x483S14c0a465x540S14c02502x540S23710421x539S23700537x540
x,,366,M514x539S10a10487x473S21700505x462S21700508x502S37b00494x498S26504488x524
X,,363,M513x522S10a10488x490S21700505x478S21700507x516
X,,1830,M519x523S10050504x493S21600503x477S22e00482x502
Y,,364,M514x510S19a20486x490
Ya,,2026,M550x527S19a50511x475S19a58461x474S2a20a513x498S2a212467x498S2f900539x486S2f900450x487
Ya,,2028,M538x523S19a20510x479S19a28463x478S2df06512x499S2df1e469x497
Ya,,2136,M536x521S19a20508x480S19a28464x480S2df18467x500S2df00511x500
year,,54,M546x538S20302493x462S20302493x484S37906454x491S37906506x469S2e800498x506S20500481x473
yell,,73,M566x523S36a00482x477S20500511x510S20500480x510S10e53529x484S10e5b448x487S21700525x506S21700471x509S26507553x474S26511434x476
yellow,,74,M518x580S2ff00482x482S21100501x495S10000503x550S22b04501x519
Yerba,,849,M524x516S19a20487x496S21900510x485S21900477x494
Yerno,,1908,M556x533S30005482x483S21100512x512S19a20528x513
Yo,,1248,M525x578S2ff00482x483S36d00479x521S1004c494x548S20500497x532S26514511x554
Yo,,1683,M549x557S10c02509x539S36d00479x523S20500497x537S26504535x542S2ff00483x483
Yo,,2119,M521x525S10c42494x504S36d00479x475S20600489x485
Yo entiendo,,1410,M561x573S36d00479x525S2ff00481x483S15a10528x496S20600518x481S26504492x556S10044511x543S20500494x540S26b02543x498
Yo Solo,,1987,M521x577S1ed0e492x532S36d00479x522S22a04497x562S2ff00482x483
Young,,5,M515x525S18538490x475S2e230484x493
Z,,368,M529x519S21700489x482S19220472x496S2450a498x501
Z,,1828,M529x514S19220472x487S2450a498x496
Zacarías,,1557,M560x566S30004482x483S20500495x520S10000492x533S19220532x526S2450a529x548
Zacarías 2,,1461,M541x597S2ff00482x483S19210509x549S20500501x498S10000496x508S27d06501x575
Zapato,,2237,M563x530S15d5a437x471S15d32462x476S20600449x499S1ea50538x477S1ea58508x477S2c604539x504S2c615514x504S22e30546x499S22e30507x500
Zapato 2,,1294,M611x525S1ea50451x480S1ea58412x481S2e708481x481S2e710389x483S2fc04436x514S1ea50587x475S1ea58543x475S26904595x501S26914542x502
¿Cuál?,,1657,M537x520S1f541511x480S1f549465x480S23110464x503S23104511x502
¿Por qué?,,2104,M551x535S30007482x483S20e00517x482S30c30487x491S26500533x520S22104535x488S17800525x499
¿Qué pasa con eso?,,2057,M524x591S20340509x533S30c00480x483S34210487x505S22e13460x572S10059470x557S36d00479x523
¿Qué pasa con eso? 2,,2058,M528x578S30c00482x483S34210490x503S20340513x530S10c5a481x546S26516481x564
¿Qué responder a mi?,,2282,M521x592S30c00482x483S36d03479x522S11a10492x535S34210490x505S25900493x569
¿Qué sobre eso? (Tópico),,2052,M543x567S30c00482x483S34210490x504S14c21500x527S2c307518x549
¿Seguro?,,2272,M532x599S1ce42483x540S2f900516x551S22b04497x569S30104482x477S35010494x511S37000479x522S37058468x522
¿Sermón de qué?,,2195,M540x563S30146481x482S30c30488x504S30350492x471S34210488x518S36d00479x535S15d10521x491S15a56510x551S37800526x519S37b02520x537S37706486x557S37701479x535
Ángel,,1348,M585x529S36d00479x485S37902452x489S3790a528x488S15d19543x473S15d11435x471S26b00558x499S26b00418x497
Árbol,,1533,M532x534S14c5a501x510S15317482x466S37806469x522S20500487x511S2df00481x489
Árbol,,2371,M549x539S37706462x537S37a00485x491S37a00480x491S2e244474x500S14c18473x461S15340502x482S37806517x494S21300497x513S22b10452x499
Árboles,,1450,M545x540S15417497x460S2e238499x483S14c5a514x516S37a0e466x527S20500503x516S2da00455x475
Árboles 1,,1967,M542x540S15417494x460S2e238496x483S14c5a511x516S37a0e463x527S20500500x516S22b02458x470
Él,,1703,M530x533S10008470x503S10011509x468S21700507x473S22a03483x483S2f900482x501
Él (Lado derecho),,2354,M530x515S10010515x485S1001a470x490
Éxodo,,1509,M520x523S15d39481x477S21100485x484S16641496x491S26507487x510
Ñ,,1831,M514x529S11950487x472S2a204491x501
Ñeembucu,,1902,M552x529S1150a472x487S11502499x472S3770c449x493S37704528x479S2ea08514x492S2ea4c473x504
Ñemby,,1920,M536x527S11940466x474S2a204465x499S19a20508x478S2f900493x490
Ñoquis,,1867,M527x518S14c38473x484S17450502x502S20e00479x500S26a00500x483
Ó,,1658,M568x538S2ff00482x483S34410496x506S30d30487x491S17610517x522S26606538x522
Único,,1648,M554x531S10000531x501S2f900534x467S26a00527x479S34d00482x483
él/ella/ese/esa,,2043,M519x511S10c20482x489S26500505x496
