canonical_gloss,synonyms,sid,FSW
"""22 dicembre"" di L. Lamano",,998,M520x527S10e20480x478S23602503x474S2f710506x520
"""22 dicembre"" di L. Lamano",,999,M539x621S2ff00482x483S36d00479x527S19a30511x546S19a38458x542S23402516x571S23416464x569S2fb04489x615S34000481x483
"""22 dicembre"" di L. Lamano",,1000,M543x574S34000482x483S30a00482x483S15d5a482x555S15d52497x527S20500493x542S23100517x541
"""22 dicembre"" di L. Lamano",,1001,M539x538S34000482x483S30005482x483S14720525x516S20601512x505
"""22 dicembre"" di L. Lamano",,1002,M560x561S30d00481x483S36d00479x529S20500525x523S20500536x519S18507541x534
"""22 dicembre"" di L. Lamano",,1003,M533x556S34400483x483S36d00479x522S10b03503x535S20500494x535
"""22 dicembre"" di L. Lamano",,1004,M558x559S36100482x483S31500482x483S1e717523x508S1e71f458x510S1de10536x472S1de18442x473S2f804480x548
"""22 dicembre"" di L. Lamano",,1005,M571x555S34400481x483S32107481x483S36d00479x524S15d5a468x536S18537536x525S27107544x510
"""22 dicembre"" di L. Lamano",,1006,M529x592S32103480x483S36d01479x525S1de41476x545S23701494x556
"""22 dicembre"" di L. Lamano",,1007,M521x592S18041486x541S36d01479x524S32103480x483S2a20e490x563
"""22 dicembre"" di L. Lamano",,1008,M536x571S34000482x483S36d00479x525S1ed40510x538S1ed48467x547S20500495x560S20500496x540
"""22 dicembre"" di L. Lamano",,1009,M521x570S34400483x483S36d00479x523S10011500x531S20600486x559
"""22 dicembre"" di L. Lamano",,1010,M563x575S33b00482x483S36d00479x522S15d59467x539S2f700471x568S11851496x547S11857543x521S2a208516x526
"""22 dicembre"" di L. Lamano",,1011,M542x589S35800482x483S36d00479x525S14c41516x549S14c49455x546S20f00487x541S2fc04492x578
"""22 dicembre"" di L. Lamano",,1013,M540x592S20301519x527S20301462x528S23603508x544S23615463x544S2fc04492x581S34000482x483
"""22 dicembre"" di L. Lamano",,1014,M540x539S11830520x461S11838465x463S2a200517x494S2a218461x497S2fb04492x533
"""22 dicembre"" di L. Lamano",,1065,M537x603S1f701516x551S1f709466x551S36d00479x533S35800482x483S27120480x571S2fb04493x597
"""22 dicembre"" di L. Lamano",,1066,M542x585S34d00482x483S10b51512x538S22a04520x570
"""22 dicembre"" di L. Lamano",,1067,M554x555S34400482x483S11211505x518S22b06509x539S2f710542x543
"""22 dicembre"" di L. Lamano",,1068,M579x565S1f520424x451S14920452x446S1dc20473x436S10e20506x436S1f720530x451S10110471x488S10b20506x485S2a20a528x484S1f720421x549S1dc20444x535S1f240471x547S19220508x546S11950533x538S17610563x548
"""22 dicembre"" di L. Lamano",,1069,M549x594S35800482x483S10b59471x561S10b51519x553S2f900478x589S20500505x558S2c100523x513
"""22 dicembre"" di L. Lamano",,1070,M590x572S1f520414x442S26502411x459S16d10446x438S11540468x428S19220489x439S1f720515x443S10e20544x428S19220569x440S10110454x480S10b20484x475S2a20a502x484S1f720414x533S10b20504x523S10b20530x523S14710439x525S11a10460x518S11520481x518S2df04459x550S2450a499x554S2450a534x553S17610560x532
"""22 dicembre"" di L. Lamano",,1074,M531x536S11e40508x465S11e48469x482S2f400499x501S2fc05509x521
"""22 dicembre"" di L. Lamano",,1075,M526x563S2ff00482x483S1ed17496x501S2e50d503x536
"""22 dicembre"" di L. Lamano",,1076,M530x583S33500476x483S10b41501x537S22e04510x565
"""22 dicembre"" di L. Lamano",,1077,M543x539S15751512x498S15759458x500S18557519x463S1855f459x462S22a20491x480S2fb04491x533
"""22 dicembre"" di L. Lamano",,1078,M545x613S33b00482x483S14750502x555S36d00479x527S2c100505x583S2f806534x551
"""22 dicembre"" di L. Lamano",,1079,M541x619S14750504x559S36d00479x531S36100482x483S29900505x587S2f806530x570
"""22 dicembre"" di L. Lamano",,1080,M544x597S18017524x536S1801f451x530S34900482x483S2ea07506x558S2ea1f465x558S2fc04489x586
"""22 dicembre"" di L. Lamano",,1081,M542x617S36500482x483S36d00479x529S20340522x547S20348469x544S23402528x571S23416469x569S2fb04497x611
"""22 dicembre"" di L. Lamano",,1082,M545x548S1ce10522x454S1ce18455x452S29a04530x495S29a1c462x493S2fb04495x542
"""22 dicembre"" di L. Lamano",,1083,M555x591S36100481x483S36d00479x521S14c57529x530S14c5f446x531S26620496x539S2fb04496x585
"""22 dicembre"" di L. Lamano",,1084,M555x584S14c2f468x545S14c20501x534S36d00479x523S36100480x483S2f900480x579S2d608526x550
"""22 dicembre"" di L. Lamano",,1085,M550x588S34f00481x483S36d00479x525S1de27519x526S2a538531x555
"""22 dicembre"" di L. Lamano",,1086,M545x622S11e47515x559S11e49476x552S36d00480x527S35a04479x483S2ea27490x580S2fc04502x611
"""22 dicembre"" di L. Lamano",,1087,M535x539S15d50516x461S15d58466x461S22b24493x481S2f900496x534S2fb04494x518
"""22 dicembre"" di L. Lamano",,1088,M550x576S34400482x483S1ed10524x528S1ed18470x531S22f03515x550S2f710511x569S21800524x515
"""22 dicembre"" di L. Lamano",,1089,M542x589S34000482x483S36d00479x522S14c00519x534S14c08465x534S2c425486x548S2fb04496x583
"""22 dicembre"" di L. Lamano",,1090,M556x594S36500482x483S1d410511x522S2e00d503x556S2f806545x541
"""22 dicembre"" di L. Lamano",,1091,M518x524S18040487x477S2a20e482x495
"""22 dicembre"" di L. Lamano",,1092,M529x602S14750503x547S36d00479x525S35800482x483S2c100506x572
"""22 dicembre"" di L. Lamano",,1093,M524x528S14c20477x475S23602507x472S2f710510x521
"""22 dicembre"" di L. Lamano",,1094,M556x592S34400481x483S36d00479x528S37901480x530S3770a489x544S20500507x540S20500491x569S10021526x545S2c300524x569
"""22 dicembre"" di L. Lamano",,1095,M551x566S34000482x483S1d420522x523S1d428465x528S2c320498x543
(albero) indicare,,583,M521x575S34300482x488S30100482x477S10b20498x530S26a00494x561
(dentro bene) non,,710,M534x568S34700482x489S10020519x532S31930489x498S2e230497x536S30326482x476
(dentro non) bene,,709,M521x564S34700482x483S1ce31485x541S31930489x492S26506506x535
(deve) incontrare,,673,M527x585S30a00482x489S34000482x489S30153497x476S10e18474x533S10e10512x535S2880e504x568S28816476x568S20500496x551S2fb04492x579
(incontrare) fatto,,675,M545x588S2fb04493x559S20500494x544S33b00482x483S14c09466x529S14c01507x530S2d307511x558S2d312457x558
(incontrare) lo,,683,M530x567S30104482x477S32d00482x488S15d30511x541S26507489x549S34710493x511
(incontrare) non,,680,M527x573S10020512x531S30322482x476S34100482x489S2e230491x541
(lavatrice) indicare,,584,M534x595S30104482x477S10010511x548S26a00507x581
(non ancora) incontrare,,678,M529x573S28816479x561S30304482x477S20500497x544S2fb00494x534S10e10514x528S10e18476x527S2880e505x561
(passato) incontrare,,677,M528x573S2ff00482x488S30b00482x488S20500496x544S30103482x477S10e10513x528S10e18475x527S2880e504x561S28816478x561S2fb00493x534
(proprio) otto,,779,M530x565S30c00482x483S31a30489x497S34410496x506S14c28472x526S11e20507x527S26520494x550
(tocca) a te,,713,M522x564S10040488x534S26500508x536S2ff00482x483
(volere) incontrare,,630,M530x573S10e18473x528S10e10513x526S2fb00493x538S2880e508x560S28816472x561S20500496x545S36500482x483
0 (number),,969,M511x515S1ce10489x485
02_pelle d oca,,792,M526x586S17550505x549S14451445x529S37604477x530S36d00477x527S33500476x483S28a0f473x536S21100481x572
03_demoralizzarsi,,793,M538x590S36d00479x529S35d07481x488S30105481x477S15001510x538S15009466x540S22b24494x553S21100495x537S2fb04494x584
04_dolore,,794,M525x574S10051464x553S34400482x483S31930489x492S25107499x544S36d00479x527
05_strafelice,,795,M548x541S10e52518x515S10e5a454x513S33200482x483S34010492x509S22512502x519S22516487x519S22a06513x498S22a12472x498
06_riso,,796,M527x560S36804479x481S34010493x505S15401503x523S23603487x530
07_shock,,797,M540x550S30007482x483S10021510x496S30c30489x490S34410496x506S14c20509x514S14c28471x513S21600532x534S21600463x532S26524494x527S2fb04493x544
08_arrivare al limite,,798,M534x599S11552495x568S1155a474x571S28a10481x529S28a08502x528S20500494x588S2f700522x529S2f710466x530S36100496x483S35300468x483
09_rincrescere,,799,M527x594S21100480x552S33300476x483S14752481x580S22c00492x535S36f00473x518
1,,173,M546x549S10000459x453S10010491x451S10020527x452S10030455x519S10040492x512S10050531x511
1,,960,M508x512S1f540493x488
10_rimorso,,800,M521x589S15002485x530S33300481x483S36d00479x525S36110492x505S2e600486x556S21100475x551
11_collasso emotivo,,801,M531x589S36d00480x524S35a04482x486S18552510x537S1855a477x536S21100494x536S22b24493x553S2fb04493x583S30502482x479S31f40520x496S31f40470x497
12_arrossire,,802,M524x561S14c00489x530S31f00482x483S33500476x483S22b00492x501
13_calmarsi,,803,M538x599S34300482x488S30304482x477S15d51506x554S15d59473x554S24912466x580S2490a502x580S2fb00493x543
14_tremore mani,,804,M538x601S31a00482x483S14c51503x545S14c59470x544S34310493x506S2e231500x570S2e237471x570S2fb04491x595S2f900527x569S2f900462x570
15_stupore rimanere a bocca aperta,,805,M521x561S36804479x487S34310493x508S30154495x476S17520487x520S20800509x531S16c20488x540S22104475x534
16_stupore occhi splancati,,806,M541x545S1e710515x501S1e718459x501S32b00482x489S20500513x521S20500476x519S26511462x531S26507523x532S2fb04490x537S21b00524x490S21b00467x490S34310492x510S30350495x476
17_ansia,,807,M544x590S14c31518x552S14c39455x550S2eb4c483x544S2eb00502x544S36d00479x529S2fc04490x579S34300481x489S30326481x476
17_caritro_picchio_LIS_MM,,1015,M524x603S32a00482x483S15310509x538S15318480x541S2fc04497x592S23628485x572S33b00482x483
17_caritro_picchio_LIS_MM,,1016,M553x575S32a10482x483S33b00482x483S25100520x503S22b04537x525S15321511x538S15348480x541S2f900481x570
17_caritro_picchio_LIS_MM,,1017,M568x590S14432504x556S1443a467x557S20e00495x573S2fb04493x584S34300482x488S31500482x488S28a07538x540S28a1f432x542S30300482x477
17_caritro_picchio_LIS_MM,,1018,M528x585S1440a473x556S15352503x538S21910504x555S2f900472x580S26502479x538S30100482x477S34500482x488
17_caritro_picchio_LIS_MM,,1019,M562x570S14432506x548S1443a468x548S28806540x550S2881e441x550S34000482x483S20e00497x535
17_caritro_picchio_LIS_MM,,1020,M577x604S17e30507x537S1440a494x582S22b04531x539S22b20545x571S22b24561x574S34400482x488S30124482x477
17_caritro_picchio_LIS_MM,,1021,M573x589S35d04482x483S33500476x483S17e30535x518S1443a508x546S20e00541x552S22b04557x535S22a14527x574
17_caritro_picchio_LIS_MM,,1022,M551x555S20351509x532S20359476x534S2a208528x520S2a210453x523S20800496x528S34400482x483
17_caritro_picchio_LIS_MM,,1023,M559x595S34700482x483S33500476x483S16d48504x551S22a10487x553S18530516x522S22c04542x525S21000539x571S2f700544x588
17_caritro_picchio_LIS_MM,,1024,M518x540S33200482x483S1cd01474x515
17_caritro_picchio_LIS_MM,,1027,M551x576S16d34479x554S18551501x536S20700504x561S2a530532x528S34100482x483
17_caritro_picchio_LIS_MM,,1028,M565x578S32a00482x486S30502482x479S10041536x548S1004b505x539S2eb57531x516S2fc07550x507
17_caritro_picchio_LIS_MM,,1029,M551x573S15a20511x543S15a20535x546S33e00488x488S37008474x522S20600529x534S30357506x478S31530496x499
17_caritro_picchio_LIS_MM,,1030,M534x578S30105479x477S31500479x488S33d00479x488S19200499x533S36d03480x524S37701478x524S37904483x547S15a20522x543S2f900522x573
17_caritro_picchio_LIS_MM,,1031,M585x583S35a04486x489S32405486x489S30155501x477S36d03479x524S10b51527x544S10b59489x543S20500519x553S28913462x556S2890b560x554S2fb04516x570
17_caritro_picchio_LIS_MM,,1032,M558x585S35d04481x489S31a00481x489S36d03479x524S15a57496x555S15a41515x541S20e00522x567S2f900498x580S2df08537x531S30153489x476
17_caritro_picchio_LIS_MM,,1033,M566x580S35d04482x489S30126482x476S15a41528x522S17649507x564S22b17492x544S20b00518x535S2df08545x508
17_caritro_picchio_LIS_MM,,1034,M571x600S33b00489x487S30157517x478S37008474x521S17f5a513x551S10057509x570S2c607548x562S21100532x573S2f900498x558
17_caritro_picchio_LIS_MM,,1035,M559x584S30122482x476S36d03479x527S33b00482x489S17647506x561S26607524x542S2a53f534x559
17_caritro_picchio_LIS_MM,,1036,M559x581S30106482x477S34400482x488S18139505x545S18151520x559S2ea37537x538S20e00520x569S2f900503x569
17_caritro_picchio_LIS_MM,,1037,M545x528S31600482x489S32b10482x489S15d10526x501S20500518x489S30156495x476S34400482x489
17_caritro_picchio_LIS_MM,,1038,M526x572S30c00488x489S30322488x476S34110499x511S15308458x537S37009474x524S26505477x544S20b00491x559
17_caritro_picchio_LIS_MM,,1039,M566x582S15310523x542S15318496x542S2fb04509x576S20500512x533S33500476x483S36d03480x521S2a209546x543S2a211468x546
17_caritro_picchio_LIS_MM,,1040,M550x570S33d00482x483S1f427510x519S27102535x519S2f700536x563
17_caritro_picchio_LIS_MM,,1041,M558x585S32107488x483S34d00488x483S36f0d474x523S18551531x554S1855b518x538S2f700513x570S2fb04513x579S2882a494x540
17_caritro_picchio_LIS_MM,,1042,M536x590S20800521x580S30105483x477S36d00479x525S37702518x527S37709475x528S37702475x550S37709524x549S20303473x557S20307515x558S20800475x579S30c00483x488
17_caritro_picchio_LIS_MM,,1043,M557x600S30500480x482S30512491x476S30c00480x489S36d00479x528S37709474x528S37701474x550S20301469x563S20800477x584S10020541x534S2a530538x567
17_caritro_picchio_LIS_MM,,1044,M551x580S32405481x483S36d03479x519S16e47534x543S16e49500x542S2c323497x558S35300481x483
17_caritro_picchio_LIS_MM,,1045,M546x589S30b00482x483S35300482x483S16e01520x524S16e09497x543S2fb04523x583S27122525x542
17_caritro_picchio_LIS_MM,,1046,M569x571S30300482x477S34400482x488S16e09489x536S2f900491x556S17800517x556S2c307526x532S15d37546x510S2f700556x500
17_caritro_picchio_LIS_MM,,1047,M544x594S35300482x483S32100482x483S16e09494x555S16e00521x531S2fb04524x588S26c22523x559
17_caritro_picchio_LIS_MM,,1048,M559x567S32708482x487S30402482x479S16e0a490x543S10e21521x517S28b09523x482S2f900489x562
17_caritro_picchio_LIS_MM,,1049,M541x523S32401482x488S30105482x477S34700482x488S10020526x491S25601514x464
17_caritro_picchio_LIS_MM,,1050,M521x587S34000482x483S36d00479x522S20500493x559S14c32490x532S16e3a467x563S2f900466x582
17_caritro_picchio_LIS_MM,,1051,M543x567S17036492x550S10011522x506S34700482x483S25601514x478
17_caritro_picchio_LIS_MM,,1052,M528x577S34700482x483S10b31507x547S36d00479x523S20500496x534
17_caritro_picchio_LIS_MM,,1053,M531x580S33b00482x483S18101507x550S18109485x558S2b827495x530
17_caritro_picchio_LIS_MM,,1054,M556x588S33b00482x483S1810a475x544S2f900472x562S11820519x541S2e70a531x573S22c00539x510
17_caritro_picchio_LIS_MM,,1055,M551x576S30d00482x483S34000482x483S1de50517x546S1de58467x545S2a21f528x531S2a207456x533S2fb00500x533
17_caritro_picchio_LIS_MM,,1056,M578x569S33f00482x483S1de48462x524S22b04483x539S11851536x515S2a600561x489
17_caritro_picchio_LIS_MM,,1057,M560x541S34700482x486S30500482x479S10031458x503S28813433x509S2f700431x534S11821529x504S2f900543x527
17_caritro_picchio_LIS_MM,,1058,M521x562S33f00482x483S11851490x542S10031449x519S37b03464x543S2f900453x552S22611480x534S26501470x523
17_caritro_picchio_LIS_MM,,1059,M527x587S18131503x550S18138489x554S20800493x542S2b722468x527S30103482x477S32403482x488S2fb05510x575
17_caritro_picchio_LIS_MM,,1060,M572x571S32403482x488S30103482x477S33f00482x488S1d457547x542S1d459521x514S2c323514x541S2fb03505x559
17_caritro_picchio_LIS_MM,,1061,M542x558S30104482x477S34f00482x488S32110490x495S18520517x528S18528459x529S2fb04493x552S2f900493x538
17_caritro_picchio_LIS_MM,,1062,M519x577S32103482x488S30103482x477S2a531494x552S15d10481x525
17_caritro_picchio_LIS_MM,,1063,M523x576S1e301492x546S36d00478x534S20500474x546S34100487x488S30300487x477
17_caritro_picchio_LIS_MM,,1064,M574x565S34000482x483S1ee20498x543S22b06525x534S22104498x531S2f700562x537
18_colpito,,808,M521x572S15d11476x549S36d00479x524S34400482x483S20b00482x535S26504495x534
19_stato confusionale confuso,,809,M536x562S30007482x483S34410496x506S30c30489x490S15410518x522S15418469x521S10a10521x492S20500515x479S2ea08500x522S2ea44485x523S2fc04495x551
2,,961,M512x515S1dc01489x485
21_orgoglio,,810,M536x546S30006482x488S34500482x488S15410521x492S30354495x477S2ea08512x521
22_caritro_picchio_LIS_SR,,1204,M530x561S31400482x483S1ed48469x542S20500498x541S15440515x536S34900482x483
22_caritro_picchio_LIS_SR,,1205,M527x606S31500482x483S34400482x483S36d00479x525S37809472x527S37801518x526S37b04511x549S37b07472x555S20311495x535S20319480x545S2ea20499x565S2fc04497x595
22_caritro_picchio_LIS_SR,,1206,M547x572S31400482x483S34000482x483S15458485x530S1ed40521x539S2f900527x567S20500507x540S2a603459x540
22_caritro_picchio_LIS_SR,,1207,M558x583S31500482x488S34400482x488S1ed40510x547S1ed48472x548S20500497x551S2fb04496x577S28807538x536S2881f446x539S30300482x477
22_caritro_picchio_LIS_SR,,1208,M530x572S33b00482x488S32400482x488S30300482x477S1ed40504x543S2f900515x567S18559473x532S2a201448x531
22_caritro_picchio_LIS_SR,,1209,M527x579S34700482x483S31400482x483S1ed40501x532S2f900512x557S10b59461x538S22f14470x565
22_caritro_picchio_LIS_SR,,1210,M527x565S31600482x489S34300482x489S30122482x476S1ed40501x532S2f900510x560S18518468x539S2a211440x538
22_odiare,,811,M524x566S20320509x541S34400482x483S33300482x483S2770f491x548S2f700490x532
23_aver il cuore in gola,,812,M521x586S15002487x561S33300482x479S36110493x501S36a20491x512S30150495x468S22b00493x529S21100508x543
24_nostalgia va va,,813,M573x529S10001539x499S30007495x483S20603524x475S2d307539x465S35400470x483S34700495x483S30007470x483
25_in bianco,,814,M518x563S34800482x483S22b00492x494S10a01480x527S1f701487x531S2fa00493x556
26_geloso,,815,M538x583S34700481x483S36d00479x524S15310493x542S2c300512x543S2f900495x572S21100512x569
27_infuriarsi,,816,M536x594S10001499x501S33200482x483S15310467x530S15318521x528S25f13483x536S25f05483x535S15358466x569S15350520x568S2fb04491x573
28_fastidio,,817,M536x580S14c48471x539S2f900476x575S14c02505x552S20602494x553S36d00479x521S33300482x483S36100482x483
29_emozione,,818,M527x603S36d00479x528S34800482x489S14e01499x541S14e09467x544S2ea08496x570S2ea44481x571S2fb04490x597S30126482x476
3,,962,M513x515S11e01488x485
30_disperarsi,,819,M540x567S10001513x491S2fb04496x561S20311466x521S20319519x521S36100482x483S30007482x483S31930489x495S26607499x537S26611484x537
31_desiderare,,820,M537x560S14c01503x521S36500482x483S30004482x483S22404490x525S2f900526x550
32_crollarsi per terra,,821,M538x567S10001515x490S2fb04495x561S31f00482x483S30007482x483S20500513x478S34300482x483S32a00482x483S14c31512x538S14c39467x537S22b24494x531
33_appassionarsi/addorare,,822,M560x536S36500482x488S12800523x498S12808455x497S30300482x477S26600544x494S26610441x491S2fb04492x530
34_cosi così,,823,M548x576S14c41499x543S36d00479x523S2f900502x571S2e231521x533S35100482x483S33300482x483
35_delusione,,824,M518x574S33100482x483S20e00494x497S1d102480x510S1d402482x551S22a04494x534S30c00482x483
36_depressione,,825,M535x583S22b24491x547S2fb04492x577S34300481x483S14c39464x553S14c31509x554S36d00479x522S31b00481x483S21100505x534S21100479x534
38_mortificazione,,826,M522x589S35300482x483S10010486x504S14722487x575S20500505x519S22b04493x541S21100509x546
39_motivazione,,827,M531x582S17531492x565S36d00480x526S33b00470x483S34000495x483S14d10487x536S22a00510x552S21100476x554
4,,172,M572x555S14400429x446S14410493x446S14430432x524S14440492x522S14450550x512
4,,963,M514x515S14401486x486
4,,997,M540x542S30a00482x483S34300482x483S14400518x511
40_pietà,,828,M523x589S20311488x544S36d00479x522S2f900472x553S31900482x483S34300482x483S2d204490x555S21100505x535S2fa00503x582
41_rabbia,,829,M538x586S36d00479x522S21100495x539S33310496x496S15001510x529S15009464x535S23620483x558S30c00482x483S34710494x506S2fc04495x575
42_bagnarsi gli occhi,,830,M548x545S14c01516x496S14c09459x495S30006482x483S30002482x483S2f900537x523S2f900451x524S2e231509x518S2e237462x518S33b10493x507
43_che paura,,831,M535x588S20340520x539S20348467x538S31a00482x483S34310493x506S23602501x540S23616484x540S2fb04493x582
44_piagnucolare,,832,M549x549S31b00482x483S34300482x483S30002482x483S30006482x483S14651519x503S14659451x506S23524482x522S2fb04492x543
45_sollievo,,833,M545x580S14c02514x534S36d00479x528S34000481x488S30305481x477S22b07496x556S21100493x544
46_eccitazione,,834,M543x599S15110514x572S15118460x556S36d00478x524S2ea20494x562S36f50524x520S36f50466x519S36100481x483S2fc04493x588
47_innamorarsi,,835,M521x558S36d00479x521S34000482x483S1d411496x530S20500485x539S2b800462x532
48_innervosirsi,,836,M535x595S15451511x541S15459481x570S2f900467x590S27103497x554S21100474x559S33300482x483S36d00479x524
49_invidia,,837,M540x571S10052510x532S36d00479x524S25103482x546S34800480x483S33310494x491S21100507x557
5,,175,M553x553S15d00456x451S15d10499x447S15d20534x452S15d30447x527S15d40490x523S15d50532x523
5,,964,M513x514S14c01487x487
5-2,,176,M573x529S15d51462x472S15d52428x510S15d57529x477S15d56546x510
50_sperare,,838,M544x585S14d12526x544S14d1a461x544S36d00479x524S2df0d505x560S2df15477x560S21100480x542S21100511x541S35700481x483S2fb04494x579
52_vergogna,,839,M557x548S30005482x488S30351495x478S17852518x508S21100504x526S2c300531x525S35830489x509
53_spavento,,840,M534x601S34300482x483S31f30488x495S36d00479x521S14c02503x540S14c0a469x544S20500495x535S26620484x571S26524497x573S26520509x572S26524520x574S2fb00493x528
55_pazienza,,841,M521x617S20348490x572S20340502x550S20800507x567S23424484x594S36d00479x523S34700481x483S2fb04494x611
56_preoccuparsi,,842,M545x574S30a00482x483S10011523x498S10019450x505S2e601504x521S2e61a468x531S21803530x491S21801452x496S2fc04494x563
57_emozionarsi,,843,M547x598S36d00481x524S31b00482x483S32a00482x483S33500476x483S17450513x536S17458469x536S22c24492x548S21100494x532S14440518x561S14448463x560S2fb04492x592S21b00539x538S21b00456x539
58_ridere a crepapelle,,844,M539x595S36804479x481S34010493x505S15403516x566S1540b467x568S26f24481x550S36d00480x525S20500497x578S2fb04495x589
59_sentirsi in colpa,,845,M545x567S30006480x483S10011516x499S20500519x488S14c01488x540S36d00479x526S20b00517x548S26504531x548
6,,965,M524x516S14c28476x485S1f520500x500
60_soddisfazione,,846,M521x584S2ff00482x483S36d00479x523S14c02481x531S34410495x504S2e600489x551S21100474x553
61_compassione,,847,M542x615S36d00479x522S34700481x483S15448457x565S15410527x561S20356482x568S20332503x565S2841a467x589S2843e503x589S2fb04493x609
62_sollievo,,848,M526x583S14752488x535S36d00480x523S34d00482x483S33500476x483S22b04494x553S2fa00511x555S21100513x567
63_rassegnazione,,849,M545x595S36d00480x525S33500476x483S33c10489x502S20301476x537S20301508x537S37703523x552S3770b459x552S2a603503x560S2a612487x560S2fb04496x589
64_raddrizzare gli occhi,,850,M540x584S1ce10518x494S1ce18461x493S22b22491x531S23626470x533S31a00482x483S30002482x483S30006482x483S2fb05498x556S2f700472x577
65_prendersi un colpo,,852,M539x565S15002482x540S34310508x508S36d00476x526S33500491x486S35300462x486S31a00462x486S31a00497x486S30150493x480S26504516x543S20b00467x546
65_tremore gamba,,851,M554x591S31a00482x483S2f900453x544S10003512x547S34310493x506S2e233527x564S1000b463x546S2f900541x545
67_in lacrime,,853,M546x542S10001510x512S30a00482x490S30155496x476S34110492x514S30006482x490S21100523x489S2e231519x503
68_disgusto,,854,M532x599S36d00479x523S14c03487x541S14c33486x573S21100469x548S2f700467x584S2b800509x551S33300481x483S35d04481x483
7,,966,M524x516S14c28476x485S1dc20500x486
70_entusiasmo,,855,M541x602S14c32510x546S14c3a443x550S36f26470x523S30126474x476S34010484x513S2ea00494x546S2ea44476x546S20f00479x575S2fc04485x591
71_fissazione a raffica,,856,M555x521S10b01520x491S30007482x483S31b30489x496S36110492x505S26f03525x471S20500512x477
72_impaurirsi cuore,,857,M521x583S1c501496x537S36d00479x523S20500484x561S36100481x483S31a30488x493S26f04454x543S2f700484x576
73_impulsivo,,858,M553x618S17530514x586S17538464x586S26500539x586S26510446x585S20500523x607S20500466x607S14c30514x551S14c38460x548S36d00479x529S31f00482x489S30513494x477
74_piangere,,859,M536x563S10000520x505S30a00482x483S30006482x483S30002482x483S10008466x516S34310493x505S22504524x484S22504463x498S2ea0c500x523S2ea40484x522S2fc04492x552
75_infuocarsi,,861,M544x584S36d00479x522S21100494x540S2fb04493x578S15002513x543S1500a458x544S31a00482x483S33c00482x483S22a20494x559
75_raddrizzare i capelli,,860,M550x593S36d00481x524S21b00527x561S2fb04494x585S33500476x483S17450518x577S17458467x576S26000494x531S21b00471x561S14440528x495S14448450x493S30a30488x488
76_tremore occhi,,862,M543x553S1ce10521x486S1ce18457x485S30512491x479S30006482x487S31a00482x487S30002482x487S2f900464x521S2e200519x521S33b10494x512
77_addolorarsi,,863,M533x595S20301512x538S20301462x548S31b00482x483S34310493x507S2fc04493x584S36d00479x525S2ea00501x555S2ea44484x555
78_sensazione,,864,M549x583S14c5a487x559S37706462x570S36d00479x523S34700480x483S14c51522x553S22510521x537S2f900471x576S26602472x532S20f00486x544
79_tranquillità,,865,M549x579S11e10526x525S11e18451x526S36d00479x523S21100480x540S21100507x540S22b24492x541S2fb04492x573S34700482x483
8,,967,M524x516S14c28477x484S11e20501x486
80_stupore a bocca aperta,,866,M537x600S15058475x534S15030504x541S36804479x487S34310492x507S31a30489x496S30154496x475S2f900480x569S22b04494x570S2f700479x592S22f04512x585
9,,968,M522x516S14c28478x485S14420500x485
A,,926,M508x508S20320493x493
a,"A, lettera",1250,M510x508S1f720490x493
a,,992,M531x523S20341497x478S20349484x502S20600469x484S26504517x487
A casa,,983,M522x520S18510497x499S15a18479x486S2f900479x515S20600493x480
A casa,,984,M519x521S10051489x479S20500484x510S26504482x489
A casa,,985,M528x544S1ce10506x457S1ce18473x457S25124491x492S2f804481x533S2fc04493x526
A casa,,986,M532x570S36500482x483S16d10515x542S16d18469x542S2fb04492x564S26620492x531
A casa,,987,M521x522S10b43500x479S20500495x511S26504480x501
A casa,,988,M538x528S19a10510x502S19a18463x503S2a228502x472S2fb04495x522
A casa,,989,M527x591S11902502x551S23004498x573S33600476x483
A casa,,990,M522x560S36a00482x477S20500494x520S10e00490x530S35a04482x477S25900508x537
A casa,,991,M527x531S20300474x469S20302512x469S2fb04492x513S22b24492x482S2f700493x524
A casa,,993,M535x533S11e40512x468S11e48466x491S2eb00496x490S2fc04493x522
A casa,,994,M530x521S15d09472x488S1eb21503x501S20e00493x501S2f900470x513S26607506x479
A casa,,995,M517x523S1d420488x495S26500483x488S2f700483x477
a naso,,297,M531x534S33400482x483S20500521x506S20500521x492S10001499x504S31930489x490
a vimini,,439,M549x531S14451520x503S14459452x502S22b17488x470S22b01487x471S21100495x503S2fb04492x521S22511508x489S22517474x489
accarezza,,122,M529x573S32405482x483S33c10489x503S16e51503x529S2c407485x545
ADR-1.1.1,,171,M657x666S2ff00482x483S31900482x483S26606498x483S30000482x483S34a00482x483S1f500633x651S1f511525x474
adriano,,212,M545x518S30007482x482S14420523x468S34000482x483S2880a499x468S2880a499x455
adulti,,54,M550x530S30306482x477S15d52523x511S23000525x487S30a00482x488S34000482x488
adulti,,135,M556x537S34700482x483S30a30488x489S23000531x493S15d52529x518
albero,,548,M536x592S1dc51506x569S1dc59464x569S34300482x483S2a601504x546S2a610480x545S2fb04492x583
albero chioma,,592,M539x534S15420510x460S15428477x460S32a00482x483S2a702521x493S2a713461x492S2fb04492x528
albero crescere,,587,M561x578S33500476x483S10027540x527S1002f438x527S28707519x556S28707531x513S28711460x556S28711454x518
albero in mezzo a un paesaggio,,597,M518x587S14c58451x546S10010497x536S2f900459x582S22a04497x571S35700482x483
albero indicare,,582,M521x575S34300482x488S1dc48454x526S10b20498x530S26a00494x561S30100482x477
b,"B, dattilologia b, lettera b, alfabeto b",1251,M507x511S14710493x489
c,"C, lettera c, dattilologia c, alfabeto manuale LIS c",1252,M509x510S16d10492x490
d,"D, lettera d, dattilologia d, alfabeto manuale LIS d",1253,M508x515S10110492x485
altissimo,,545,M554x536S18010524x479S30c00482x483S25f00528x496S34310493x505
amore,,579,M521x595S14c01495x532S14c09478x532S34000482x483S20500494x557S2b720490x572
amore che cresce,,600,M564x597S17510501x559S17518478x559S20500495x551S15410549x551S15418438x553S22a06503x583S22a06523x584S22a06543x584S22a12481x583S22a12462x584S22a12444x584S15310528x552S15318458x553S34700482x483S33500476x483
amore involucro,,595,M530x580S15530495x541S34700482x483S2f900497x575S26c02515x544
andare via,,715,M573x569S1dc20507x533S1f420544x548S26506536x555S2ff00482x483
andare via 2,,716,M528x564S2ff00482x483S18050498x546S2a601476x541S2a601463x541
anni,,227,M518x577S34300482x483S2e409485x548
anni,,229,M518x573S34300482x483S29008487x546
anni,,233,M518x603S34300482x483S10e08494x537S2e507491x580
anni,,234,M518x569S34300482x483S29008488x542
anni,,235,M532x613S34300482x483S20311508x537S20319471x537S2a602515x568S2a603472x570S2fb04495x607
anni,,247,M514x518S2041c493x483S26a04487x504
anni,,248,M512x514S2e500489x487
anni,,249,M514x507S26a04487x493
anni,,256,M508x512S1f540493x488
anni,,257,M515x517S2e600486x484
anni,,258,M518x517S28d08483x484S28837501x504S2883b501x496
anni,,264,M541x575S34300482x483S20350512x539S26f04501x561
anni,,265,M542x577S34300482x483S11250510x535S26f04502x563
anni,,266,M531x589S34300482x483S11250510x535S2e500508x562
anni,,267,M539x585S28d08504x552S28837522x572S2883b522x564S34300482x483
anni,,268,M537x575S34300482x483S20321465x526S2fb04493x569S2a602508x544S2a613477x544S20329516x526
applaudire,,152,M558x551S34000483x483S36d00479x519S37b02519x522S37b0a472x522S37800527x504S37800470x504S14c10517x473S14c18460x474S2fb04492x545S2e230539x498S2e230442x501
applauso lis,,98,M562x571S34000483x483S36d00479x526S37609519x514S37601467x514S14c10521x483S14c18457x485S2e230543x507S2e230438x505S2fb04492x565
appuntamento,,196,M518x578S34300482x483S1d411470x527S1d41f442x553S20601473x556S2fb05483x566
aprire-cancello,,1,M540x524S15a02494x512S15a0a460x512S15a40528x476S2d608492x487
aprire-cancello,,2,M540x524S15a42494x512S15a4a460x512S15a40528x476S2d608492x487
arco porta (picchio 14/17),,752,M539x562S34700482x488S10b20502x528S10b28482x528S30300482x477S2a602522x539S2a613462x538S2fb04494x556
attaccare due anelli 2,,648,M536x571S10a10521x527S10a4a474x540S34700482x483S22e03502x520S2f900475x561S20a00494x556
attaccare due anelli 2,,649,M536x571S10a10521x527S10a4a474x540S34700482x483S22e03502x520S2f900475x561S20a00494x556
attaccare due anelli TP,,647,M536x582S1ea42515x540S1ea4a465x540S26502505x563S26516480x563S20800496x557S2fb04492x576S34700482x483
Austria LIS,,668,M533x580S37600487x557S11819505x538S11811467x537S34300482x483S21800464x527S21800515x527
Austria LIS OGS,,667,M533x580S37600487x557S10a11465x537S10a19505x538S34300482x483S21800464x527S21800515x527
B,,927,M507x511S14720493x489
bacio,,94,M561x530S30a00482x483S34e00482x483S18520522x515S26600545x497
bambin 2,,478,M549x585S34300482x483S18020519x528S27102524x545
bambina,,74,M551x574S34000485x483S15d57512x535S2710f524x548S36d03479x514
bambina,,112,M546x567S30a00482x483S34010492x505S15d57507x528S27101519x541
bambini,,55,M541x573S30a00482x482S34000482x483S15d51479x542S23004511x555S2d608512x537
bambini,,57,M526x566S30a00482x488S34000482x488S30302482x477S15d51472x532S23004498x548S26606496x530
bambini,,79,M569x573S34000483x483S36d23479x522S15d57526x538S27101542x547
bambini,,95,M537x579S34000482x488S30302482x477S15d51470x546S23504496x561S26706495x540
bambini,,134,M545x566S30a00482x483S26522489x465S15d51484x534S26606515x528S26b04516x548S34010493x508
bambini,,178,M530x568S30a00482x483S34010492x508S15d51475x532S26606500x531S23004504x550
BAMBINI,,44,M523x561S34000482x483S15d51473x533S2d608494x531S22f04498x547
bambini 2,,50,M522x569S15d51469x544S30a00482x488S30302482x477S2d608493x537S22f04496x555S34000482x488
bambino,,65,M545x566S34000482x483S15d50505x529S2710e530x526
bambino,,84,M559x569S30a00482x483S34400482x483S15d57514x535S27101532x543
bambino,,138,M544x569S34000482x483S15d57504x532S2710f517x543
bambino,,612,M554x579S34000482x483S15d50514x542S2710e539x539
bambino indicare,,613,M538x596S34400479x483S15d50519x545S36d03479x522S10059480x564S26517500x583S2f900526x578
banbino,,155,M547x565S30a00482x483S34010493x507S15d57509x529S2710f520x539
barattolo (nido),,616,M535x578S34700476x483S37100475x520S32104476x483S17836498x552S1783e480x552S2a600518x550S2a611457x551S20500491x549
bellissimo,,543,M540x621S1d420511x558S1d102484x535S30004482x483S21100483x519S21100510x518S22a05468x523S22a03522x528S2a530520x588S34010493x504
bere,,772,M541x544S34700482x483S1f510493x525S2b705512x520S2b705527x520
bi,,408,M534x575S10001513x527S32a00482x483S33500476x483S2d207495x556
bianco,,908,M521x531S22122471x492S36d00479x470S20e00492x476S26a00486x517S14c02482x490
bicchiere,,374,M544x563S16d50494x526S30004482x483S2e231517x536
blu,,159,M546x541S30005482x483S1f010517x510S26506529x527S20e00505x518S22104520x500S30a30489x489S34e10490x502
boato,,404,M554x552S20321516x526S20325465x525S32a00482x483S33500476x483S26611446x526S26607532x530
bocca,,345,M534x552S34700482x483S10001508x507S21100521x503S2e300490x525
bocca chi parlare,,476,M527x553S20600505x520S30004482x483S10000486x523
bocca parlare,,448,M533x550S20600511x515S30004482x483S10011500x520
borsa,,355,M538x581S36d00479x525S34400480x483S1f510511x566S22b04510x533S21100525x536
bravo,,126,M553x537S32403480x483S36d01479x513S34410494x505S30006480x483S11e10530x492S20e00517x496S25503509x518
bravo,,150,M554x541S32403481x483S34410495x506S30005481x483S36d21479x517S11e10531x489S20e00517x504S25503514x522
bruttissimo,,544,M538x557S1dc01488x527S30004482x477S36a10490x511S21100494x518S2c300512x515S30c00482x477
buon divertimento,,199,M538x653S2ff00482x483S20500478x517S17500488x530S11e20510x554S11e28464x553S26500516x524S22100501x521S2a404513x591S2a41c458x590S2a20c513x617S2a214460x620S2fb04488x647S34d00483x483S30004483x483
buon viaggio,,198,M537x642S30004482x483S34d00482x483S20500479x518S17500494x528S26500523x533S22100505x518S26500523x533S1ed48460x584S1ed40504x583S2c720486x605S2fb04492x636
burro,,556,M536x601S15d39479x556S34d00482x483S11541512x550S2a405496x573S2f900472x579S20e00484x562
buttare,,379,M535x593S17520514x553S33500476x483S22101508x549S25e03491x566
C,,928,M509x510S16d20492x490
C,,929,M509x510S16d20492x490
c'è,,551,M521x582S35100481x483S36d00479x525S14c32484x544S20600489x571
c'è (picchio 3/17),,741,M540x567S1ed48466x539S34800481x483S15232509x530S2f900468x562S36d00479x523S20600514x551
cade un pezzo a terra,,431,M542x577S34300482x483S14701521x470S14702510x539S25104522x497S15d5a489x558S20b00494x540S2f900475x562
cade un pezzo dall'alto al basso,,430,M542x553S34300482x483S14701521x470S14702510x539S25104522x497
calabria,,664,M540x592S23004513x574S11e40517x539S34300482x483
calligrafia lingue alfabetiche,,386,M535x588S13f20499x552S15d09473x551S2f900466x574S34700482x483S25106502x570
calligrafia lingue orientali,,387,M544x580S13f50500x565S15d39473x551S2f900466x574S34700482x483S29806500x545
calligrafia lingue orientali,,388,M521x592S13f20489x540S15d09473x551S2f900466x574S34700482x483S25104503x559
calze,,381,M531x603S34a00482x483S1d450502x557S1d458470x556S2c744477x583S2c735501x583S2fb00494x554
cammina,,123,M525x567S33c00482x483S11243505x539S26502479x536S22510475x554
camminare portando uno zaino,,424,M536x577S3704a471x522S34000489x489S1f510521x548S1f518483x548S20800486x566S20800524x567S30342489x476
camminare tavolo,,586,M549x590S33500476x483S1a014529x547S1a01c451x546S2b900501x560S2b911474x560S2fc04493x579
cane,,578,M518x543S36a00482x477S20600491x532S14752494x516S34000482x477
cane cade dalla finestra,,599,M531x604S1475a479x561S2f900461x567S2c305504x551S20500484x547S11831506x579S35d03482x488S30105482x477
cane indicare,,585,M521x603S18558469x554S30104482x477S10b40497x574S26501508x566S2f900469x573
cane indicare,,614,M521x575S32400482x483S26501474x561S10051488x554S36d01479x520
cane orecchie,,594,M549x518S34d00482x483S1ee11506x470S1ee19464x469S30001482x483S30007482x483S20500524x495S20500468x497S26507536x482S26511453x484S2fb00493x468S22204535x468S22204456x468
cane scondizolo,,589,M555x581S10020538x506S36d00479x525S36804480x481S35d14496x503S2e230536x539S2f900539x575S18558476x557S2f900475x576
capelli a caschetto,,440,M537x520S34d00482x483S17816522x494S1781e462x493S32b00482x483S2a211462x465S2a209516x465S2fb00493x469
cappello,,416,M549x531S32b00482x483S1dc51519x480S1dc59449x480S22a04528x506S22a14458x506S2fb04493x525
casa,,546,M533x578S18017513x553S17f18473x535S20600488x547S34700482x483
cavallo,,785,M533x607S15a48490x580S10e04490x547S2f900474x594S20700509x575S22f04508x553S34000482x483
cerca_azione,,146,M555x582S34000482x483S10e3f462x535S10e30516x517S2fc04494x554S2d728488x568S2eb3d530x545S2eb11454x552
cerca_azione,,169,M564x582S34000482x483S10e0f459x532S10e00503x521S2e501522x532S2e51d450x555S2fc04491x561S2d728525x517
cercare,,463,M540x584S34000482x483S10e39466x533S10e31511x524S2fc04494x554S2eb12469x569S2eb3e508x565
cercare a lungo,,468,M531x611S33b00472x483S10e39458x546S10e31497x541S2fc04483x566S2eb12458x581S2eb3e497x577S2f804472x600S36f22469x517S32800472x483
cercare con espressione dubbiosa,,480,M533x611S2eb3e501x580S10e49468x551S10e41508x545S2fc04495x567S2eb12477x596S30c00482x489S30154495x476
cercare-azione,,115,M539x589S34000482x483S10e0f459x525S10e00502x516S2e501516x545S2e51d458x554S2fc04489x555S2d728478x575
chiama,,76,M568x532S34700482x483S15d57528x509S22104546x496S26503555x518
chiama-venire,,71,M555x552S34700482x483S15d57517x519S22124533x508S26503533x539
chicchi d'uva,,435,M544x574S1ce41492x535S31900482x483S35a04482x483S2f700507x567S2ea0a519x548
ci penso io,,410,M539x562S30007481x483S15d01514x476S20500502x471S34e00481x483S36d00479x528S18041514x530S20500501x551S22a04524x509
"Ciglia, occhi aperti",,312,M518x518S31e00482x483
cinque,,241,M512x516S14c00489x485
City: Modena (Italy),,165,M533x536S30005482x483S21100520x489S10010497x506S22a04516x516
City: Paris (France),,166,M545x540S10e11520x498S23918481x473S10e19456x495S23900503x472S20500498x460S2fb04494x534
City: Perugia (Italy),,167,M573x534S14722505x483S30007478x483S2c405534x478S20f00495x468S36d00480x530S37807504x525S37901526x487
City: Poitiers (France),,168,M536x559S30005482x483S10e10517x503S2df04515x538
City: Rome (Italy),,164,M519x578S11541495x551S11549482x551S20600488x536S2ff00482x483
cognome,,365,M556x536S30004482x483S34400482x483S11552496x518S2c300530x513
colarosi,,213,M540x578S34400482x483S10a41502x549S10a4f466x541S2f900529x573S2f900487x568S21800462x531S21800498x538
colore,,359,M531x603S30004482x483S10001505x518S20500495x520S18040500x551S18048469x588S2ea20494x559S2fb05505x575
colore 2,,701,M519x565S30004482x483S22520487x520S14c00492x534
colore 3,,702,M536x556S2ff00482x483S11510521x526S22504514x524S2f900507x546
Come,,141,M548x598S30c00479x483S34e10487x502S36d21479x518S18540501x549S18548461x553S20800488x542S2a531523x569S2a537437x573S2fc04487x579
come,,82,M565x588S30c00481x483S34e00481x483S36d21479x521S18510512x542S18518475x543S20800500x534S2a531540x554S2a537464x563
come 1,,758,M536x578S18538465x542S34400482x483S18530511x541S22b24486x548S22b24501x548
come 2,,759,M536x586S18518470x542S34400482x483S20800494x549S18510502x542S2e231509x559S2e237463x558
come 2,,760,M538x582S34400482x483S14c30514x526S2e60a493x553
competenza,,731,M529x582S20e00474x547S34400482x483S15d59476x554S2f900468x577S15d51506x540S26a07481x527
computer,,573,M546x613S11820505x538S11828475x538S29a04531x550S29a1c458x550S14c50510x578S14c58471x579S22130487x568S2fb04497x607S34400482x483
configurazione,,1229,M515x514S1d428486x486
configurazione,,1232,M515x514S1d410486x486
configurazione 1,,216,M508x515S10000493x485
configurazione 1 gg,,225,M515x511S10003485x490
configurazione 1 pollice,,217,M508x512S1f540493x488
configurazione 10 gg,,228,M532x514S14c0b468x488S14c03505x487
configurazione 5,,218,M512x516S14c00489x485
configurazione 5,,305,M512x516S14c20489x485
configurazione 5 gg,,226,M514x513S14c03487x487
configurazione 6 (giorno),,224,M533x515S14c09467x485S1f503511x493
configurazione c,,736,M509x510S16d10492x490
configurazione glifo 0,,918,M511x515S1ce00489x485
configurazione glifo 2,,912,M508x515S10e00493x485
configurazione glifo 3,,915,M512x515S11e00489x485
configurazione glifo 4,,919,M511x516S14400489x485
configurazione glifo c bianco,,922,M509x510S16d00492x490
configurazione glifo corna,,913,M510x515S1a000490x486
configurazione glifo ILY,,916,M514x515S19c00486x486
configurazione glifo L irlandese,,921,M510x514S15d00491x487
configurazione glifo mignolo,,911,M511x510S19200490x491
configurazione glifo O,,923,M508x508S17600492x492
configurazione glifo pollice in alto,,910,M508x512S1f502493x488
configurazione glifo pugno bianco,,924,M508x508S20350493x493
configurazione glifo Tocco,,920,M515x514S1c500485x486
configurazione glifo W,,917,M509x515S18600491x485
configurazione glifo y,,914,M514x510S19a00486x490
configurazione indice,,1223,M508x515S10000493x485
configurazione indice (pavimento),,1224,M508x515S10030493x485
configurazione indice bn,,1227,M508x515S10010493x485
configurazione indice bn pavimento,,1228,M508x515S10040493x485
configurazione indice nero,,1225,M508x515S10020493x485
configurazione indice nero pavimento,,1226,M508x515S10050493x485
configurazione L,,280,M512x515S1dc00488x485
configurazione o,,1231,M511x515S1ce48489x485
configurazione palmo,,1230,M512x516S14c10489x485
configurazione pugno,,259,M508x508S20350493x493
configurazione pugno bianco,,925,M508x508S20300493x493
configurazione r,,703,M508x515S11a10493x485
configurazione t,,735,M515x509S1f240485x491
configurazione V in basso,,260,M510x512S11250491x489
CONI,,618,M519x571S1ea10496x522S34400482x483S30004482x483S2ea0c493x546
CONI,,659,M519x571S1ea10496x522S2ea0c493x546S30004482x483S34400482x483
contare,,61,M535x589S30c00482x483S1f731513x567S26500505x547S14c31509x519S34410497x503
contatto,,307,M505x506S20500495x495
contatto 1,,511,M505x506S20500495x495
contatto 2,,512,M505x505S20800495x495
contatto 3,,513,M507x507S20b00494x494
contatto 4,,514,M506x506S20e00494x494
contatto 5,,515,M507x507S21100494x493
contenti,,97,M537x594S34400481x483S36d00479x522S20e00494x530S2eb20495x547S15d01514x541S15d09461x540S2fb04493x588
contrazioni muscolari,,688,M557x562S32a00482x483S33b00482x483S15710539x527S15718442x526S15310504x528S15318482x528S26502522x534S26516462x534S2fb04492x556
coprire,,870,M544x587S30105482x477S31900482x489S20314476x555S20b00477x574S2f900459x562S2df0c497x558S14c00521x544S34400482x489
corpo,,728,M534x576S36d00479x525S14c02503x534S14c0a465x535S21100493x554S26504520x555S26514467x556S2fb04493x570S34400482x483
correre con euforia,,422,M536x598S34400482x489S30a00482x489S30326482x476S12a50511x559S12a58469x542S21d01468x530S21d01504x546S23024482x571S2fb04487x592
costole,,5,M543x536S14502512x465S2fb00490x512S27106521x496S27112462x495S1450a458x464
costole,,10,M542x536S14542511x465S2fb00489x512S27106520x496S27112461x495S1454a457x464
crisi,,537,M519x594S33400482x483S15310504x526S15318481x536S2ea20496x561S2fb04495x588
crisi là e laggiù,,538,M533x612S33400471x483S15310516x548S15318496x554S2ea20511x579S2fb04510x606S15310466x542S15318445x550S2ea20461x574S2fb04459x602S37022468x522
cuore,,348,M521x566S2ff00481x483S36d00479x522S1c501490x530S20600479x555S34400481x483
D,,930,M508x515S10120492x485
d-e-a-f-h-o-o-d,,183,
da dieci anni,,207,M533x583S2ff00482x483S14c00510x523S14c08467x522S2fb04494x577S2d728482x556
da dieci anni 2,,271,M562x568S2ff00480x483S36d00479x529S14c31504x541S14c39470x541S20500534x526S2c322537x545
dare un bacio alla francese,,421,M532x573S30400477x478S32701477x487S18041507x548S1804f450x541S2a221480x550S36f03474x528
deafhood,,182,
denti,,346,M542x543S36100482x483S30005482x483S10a00509x517S20600520x506
denti,,347,M542x543S36100482x483S30005482x483S10a00509x517S20600520x506
dentro,,466,M546x590S16d48473x559S18550510x548S2c300520x567S20700495x561S2f900475x585S34700482x483
dentro se stesso,,708,M528x579S34700482x483S18552496x546S31930489x492S21100515x546S22f04502x565
deve (incontrare),,568,M536x578S30a00482x489S34000482x489S10040519x525S22e04519x560S30153497x476
dialogo feriale di solito,,717,M582x582S34d00430x483S34700535x483S14c28412x533S22429404x526S26512441x553S15d51559x540S15d59529x554S2f900521x577S2c630534x531S20e00527x547
dieci,,236,M598x562S2ff00480x483S36d00479x537S2b725564x538S14c00575x498S14c08544x500S20500536x547
dieci,,246,M529x517S14c20506x486S14c28471x484
dieci,,255,M530x516S14c28471x485S14c20507x484
dieci anni fa,,220,M581x565S2ff00478x483S14c08525x502S14c10558x503S20500527x549S36d00480x539S2b725549x541
dieci anni fa,,269,M570x542S2ff00482x483S14c00547x496S2b725541x515S20500523x531S36d00479x526S14c08521x496
dimostra,,104,M518x563S32407482x483S34000482x483S15d18464x536S2a24f492x530
direzioni dello sguardo - parete,,303,M593x588S32107525x444S32106557x486S32105526x521S32104482x553S32103441x522S32102408x483S32101441x444S32100481x412
direzioni dello sguardo - pavimento,,302,M593x588S32400480x412S32404481x553S32406557x486S32402407x482S32401440x444S32405525x521S32403439x521S32407523x444
disegna,,102,M530x596S34000482x483S15d09473x536S13f07500x535S2f900472x562S2e607496x567
disegna,,162,M528x589S34000482x483S15d09473x533S2f900473x558S13f37502x531S2e500505x562
disegna_azione,,161,M531x601S33c00482x483S15d09473x534S2f900474x559S21100492x546S13f37508x543S2e500506x574
disegnare,,83,M565x561S35a00482x483S15d09478x529S13f07515x531S21100500x538S2e500542x533S2f900480x554
disgusto schifo,,477,M524x587S35d04482x483S30c00482x483S20e00481x560S14c01498x560S2c300488x536
dodici mesi dodici mesi,,694,M579x607S2ff00482x483S1e720451x535S2df07436x543S1dc10429x512S15d18423x570S10011460x577S20e00445x586S22102451x572S22102445x572S10011558x570S20e00544x582S15d18522x566S22102543x567S22102548x567S1dc10524x509S2df07545x516S1e720542x539
domenica 1,,620,M540x585S11d20516x525S2e501517x558S34400482x483
domenica 2,,619,M540x585S10110516x526S2e501517x558S34400482x483
donna,,66,M549x527S30005482x483S11e20524x497S20800515x513S22124527x486
donna,,139,M538x529S30005482x483S20800507x519S11e20515x498S22504524x483
dopo / prossimo,,287,M530x512S10b41470x490S2c300504x489
dubbio,,397,M531x598S31900482x483S34d00482x483S14c50507x521S14c58471x533S23620483x568S2fc04494x587
due,,238,M508x515S10e00493x485
due,,549,M546x564S10e00513x534S26500532x548S2ff00482x483
due,,982,M508x515S10e00493x485
due anni,,221,M518x592S34300482x483S10e20493x535S26a04487x578
due anni,,222,M521x603S34300482x483S10e20496x533S2e607487x574
due anni,,230,M518x590S34300482x483S10e00491x531S22f14487x576
due anni,,231,M518x582S34300482x483S20414493x541S22f04489x568
due anni,,232,M518x595S34300482x483S10e08495x532S22f04491x581
due anni,,253,M542x575S34300482x483S11220509x535S26f04502x561
due facce,,641,M532x576S10e00505x546S30003482x483S30005482x483S20500522x501S20500468x502S15d10513x510S2df00489x521
due ore tutti i giorni,,763,M532x577S10e30517x547S34400482x483S2ce00494x542
due semestri,,693,M567x590S14c28441x543S14c28515x544S1f520471x559S1f520543x561S2c654450x572S2c655539x574S36f2a469x526S30126490x476S34710501x510
duro,,456,M523x591S20c02497x563S20310508x544S34d00482x483S14c18483x527
E,,931,M508x508S14a20493x493
EAP_targa_01,,32,
EAP_targa_02,,33,
EAP_targa_03,,34,
EAP_targa_05,,35,M524x604S33e00482x483S33500476x483S10050501x541S10058480x541S20b00492x525S28910483x575S28908498x575
elementare,,43,M530x573S34000482x483S36d00479x521S37800478x521S37703478x551S20f00451x532S14c02480x532S26a06516x538
elementare,,129,M531x571S34000483x483S36d00479x521S37700479x524S37703479x549S20e00463x535S14c02483x530S26a06517x529
elementare,,130,M530x568S34000483x483S36d00479x521S37700479x525S37703479x546S20e00463x530S14c02483x527S26a06516x526
empatia,,358,M545x585S34700482x483S10e08458x530S10e20530x555S2c300502x559S2c315476x540S2fb03486x571
essendo un cane ho il collo intrappolato in un barattolo,,444,M554x539S36a00482x484S32602482x484S34300482x484S30326482x471S14c34513x508S14c3c462x507S20a00536x508S20a00445x506
essendo una mucca con una zampa faccio una fasciatura,,443,M548x591S14703509x533S37707524x531S37805516x522S20304471x566S37703458x545S3770b458x525S2f900471x586S2ea01492x550S36d00479x522S33e00481x483S32407481x483
essendo una mucca dico di sì,,423,M544x529S30001482x494S30007482x494S30502482x487S19a10456x493S19a20516x493S20800477x487S20800513x488S30154490x472S30154501x472S32417491x508
essendo una mucca faccio una fasciatura,,445,M548x595S14703509x533S37707524x531S37805516x522S32407481x483S37703458x545S3770b458x525S14707476x553S2ea01510x558S36d00479x522S33e00481x483S2ea4b496x570S2fb05520x583
età,,725,M525x565S14c02481x541S2ff00482x483S20602515x541
età (avanzata),,782,M518x564S14c02481x533S2ff00482x483S20500499x553
Euro poesia,,1099,M567x570S34000482x483S32105482x483S17f12461x458S17f10535x503S15d11514x465S15d10533x543S2a208490x440S2a203538x482S22b04551x516
Euro poesia,,1100,M548x562S32104482x489S22002520x527S36d00479x526S15300533x532S28a0e478x545S30155498x477
Euro poesia,,1101,M521x596S30105482x477S32103482x488S36520495x511S36d00479x527S10002471x539S1000a435x530S2ec54453x539S2fc04456x578S2f804444x585
Euro poesia,,1102,M532x612S30502482x479S32400482x486S36520495x509S10002502x540S1000a466x553S2ec54494x555S2fc04497x594S2f804485x601
Euro poesia,,1103,M571x609S32405481x487S30512492x478S34710491x511S10002541x528S1000a500x550S2ec54533x549S2fc04535x592S2f804525x598S36d00479x527
Euro poesia,,1104,M550x559S31500482x492S30510491x482S30512492x473S2e238531x527S10010509x526S34710492x515
Euro poesia,,1105,M551x549S31500482x483S34e00482x483S10010513x514S25100533x516
Euro poesia,,1106,M560x570S31500479x489S30354493x477S36d01480x524S10010524x528S26600544x527S2f804521x559
Euro poesia,,1107,M557x592S31600482x483S34d10496x507S14c01508x525S14c09470x529S2a303525x542S2a31b450x552S2fb04498x578S2f804486x581
Euro poesia,,1108,M550x594S32400482x483S34000482x483S11521479x522S11542520x567S2a009485x561S2f804476x583
Euro poesia,,1109,M524x570S30500482x479S32413490x496S14c38493x531S2d810444x531S2f804486x559
Euro poesia,,1110,M588x581S30c00482x488S15721540x521S15729502x547S22627523x536S22621531x507S2eb5f555x548S2fc05573x566S30105482x477
Euro poesia,,1111,M518x550S30500482x479S32403482x486S14c3f443x516S2f900457x545S26512473x535
Euro poesia,,1112,M576x562S32103482x483S33500476x483S14c3f453x528S2f900467x555S15700527x505S28805534x538S1f710556x547S2f700525x555
Euro poesia,,1113,M541x593S10b41512x554S10b49457x554S22a02510x574S22a16473x576S2fb04494x587S33500476x487S30512490x478S32114490x494
Euro poesia,,1114,M533x626S1f502497x545S1f502518x540S33400486x483S22a20513x580S22a10512x597S2fc04513x615S36d00482x521S37057476x513S36330496x507
Euro poesia,,1115,M558x582S33500476x489S33b00482x489S32410491x498S30354495x477S36d00479x527S20f00504x541S22a20508x558S22a20523x559S10b41529x538S10b49481x556S2fc05531x567
Euro_poesia,,1096,M545x582S34000482x483S32114490x492S11520472x516S11502515x551S2a009488x557
Euro_poesia,,1097,M548x594S34d00482x483S31500482x483S21100519x536S2f900466x542S22620486x555S2f806537x551S22c00517x552S14c00490x563S15d0a484x532
Euro_poesia,,1098,M575x521S30321478x480S32b10486x485S20800528x501S2f700467x473S22604537x492S1c520545x493
Euro_poesia,,1130,M579x630S33400486x489S36300486x489S30353495x477S37009474x522S1f50a517x541S1f50a543x517S22a20541x583S22a20540x565S22a20542x600S22b20563x531S2fc04542x619
Euro_poesia,,1134,M589x572S30500481x479S32113490x495S33500475x486S33b10492x511S36f00479x526S36f50468x525S14c31445x539S15700535x499S28805544x534S1f710569x546S2f700495x539S2f700555x531S2f900457x567
Euro_poesia,,1140,M546x556S33b00482x488S31500482x488S14c3f460x521S15a00534x529S30512492x478S2df0c504x532S2f900473x548
Euro_poesia,,1141,M539x609S30502482x479S33400482x486S33500476x486S34710493x511S24f30519x531S24f48481x526S2f700506x525S2fc03498x594S15a00489x564S15a00516x575
Euro_poesia,,1142,M555x590S32105483x483S35d14496x503S36d03479x522S2fc03506x568S2eb5f517x552S18551516x527S18536540x565
Euro_poesia,,1143,M548x584S32105484x483S35d14498x504S36d03479x520S2f700501x543S2eb2a494x555S18552525x526S1853e478x551S21100535x540S21100483x542S2fc04509x573
Euro_poesia,,1144,M551x555S31500482x483S35d14495x503S1ea20524x488S1ea29494x534S2f700533x516S2df04530x528
Euro_poesia,,1145,M567x574S31500482x483S35d14495x504S18538496x539S18530540x510S21100540x519S21100515x550S22a17499x560S22a04554x533S2fc05539x553
Euro_poesia,,1146,M563x587S31500482x483S35d14495x503S2d510509x551S2e832504x532S1c239478x551S1c239537x548S20e00547x574S20e00486x575S2fc04513x564
Euro_poesia,,1147,M565x582S33400482x487S33c00482x487S30510488x478S2eb2a497x527S14c51531x516S14c39519x555S22627536x545S22621521x503S2fc04550x568
Euro_poesia,,1148,M582x555S32103482x483S33500476x483S14c3f444x523S15700531x503S2f700553x527S2f900457x550S33b10493x507S28805541x535S1fa18563x540
Euro_poesia,,1149,M554x552S14c3f453x518S2f900466x544S32103482x483S22b02489x527S10b11524x531
Euro_poesia,,1150,M544x596S31600482x488S30512492x478S14c3f448x541S14c02501x538S2a303512x559S2f804504x585S34d10497x509S2f900462x568
Euro_poesia,,1151,M552x595S11520481x523S11901524x545S2a109495x556S2f804486x584S34700482x483
Euro_poesia,,1152,M518x586S30500482x479S32104482x486S14c39488x544S2f804460x575S2d710445x540
Euro_poesia,,1153,M531x582S33400482x489S34300482x489S30153496x477S14c18454x524S14c01505x531S20c00473x541S22a02495x558S22b16460x557S2f700486x575
Euro_poesia,,1154,M518x577S30f00482x483S2f900470x547S15d0a468x522S2eb0a458x562S1f540492x541
Euro_poesia,,1155,M550x608S30f00482x483S15d0a472x520S2f900473x543S10000501x577S2db00481x553S2db03466x580S2db05526x571S34400482x483
Euro_poesia,,1156,M528x583S31500482x482S34500482x483S36d00479x522S20f00502x530S20341498x546S2c603496x566S15d09461x536S2f900460x563
Euro_poesia,,1157,M558x590S30d00482x483S15d09456x529S10000504x560S2f900459x555S2d800496x551S26501497x536S26500512x531S26507532x536S26507545x544S34010493x506
Euro_poesia,,1158,M577x570S34300482x483S19a10549x502S19a18439x498S19a09469x521S19a00514x532S22a07537x518S22b11448x526S2f804483x559
Euro_poesia,,1159,M581x581S19222460x551S1922a522x546S2fc04498x570S26600533x509S26607550x523S26606551x543S26610449x513S26612416x546S26611429x525S30e00482x490S30510491x483S30512491x476S36110493x512
Euro_poesia,,1160,M579x553S11512518x477S1151a447x478S30a00482x483S34500482x483S2fb04491x537S2f804478x542S11519416x523S11511547x523S22c01546x503S22c17410x502
Euro_poesia,,1161,M533x579S33500476x483S34710493x507S1ce09474x537S1ce20507x532S20700492x563S22a17459x561S22a01520x565
Euro_poesia,,1162,M560x591S34500482x483S11920539x546S11908436x539S1ce10504x522S1ce48478x525S2fb04490x585S20700490x566S2b702533x520S2b716451x515
Euro_poesia,,1163,M537x613S33500476x483S34710493x506S1ce09479x531S1ce20515x524S20700495x556S2ec2a479x573S22a24489x591S2fb04488x607
Euro_poesia,,1164,M544x561S32103482x486S30510490x480S14c3f454x526S10b11514x531S2f900468x556S22b02487x533
Euro_poesia,,1165,M557x569S31600482x489S30153494x477S14c3f455x524S2f900468x551S17f31500x534S2f804493x558S2a303525x531S34d10498x513
Euro_poesia,,1166,M537x586S30e00482x483S14c3f456x516S2f900469x543S14c50497x555S2d706510x524
Euro_poesia,,1167,M552x577S35c00482x483S30d00482x483S1dc01512x518S1dc09464x515S1dc50528x547S1dc58443x546S2f700492x546S2fb04491x557S2d212437x519S2d207524x505
Euro_poesia,,1168,M549x597S30e00482x489S36520495x512S30353491x477S15310478x550S15318458x559S36d00479x527S2d90f504x557S2a50e504x576S2f900461x587
Euro_poesia,,1169,M543x602S30a00482x489S34e00482x489S30354494x477S1dc48455x529S1dc20514x510S26600527x550S26510480x560S1e710505x569S1e718476x573S2f700498x588S2fb04496x596
Euro_poesia,,1170,M544x601S31500473x483S34700473x483S36f21470x510S14c39458x558S14c31505x538S2e90a504x568S2e942453x584S2fc04498x589
Euro_poesia,,1171,M535x573S32103482x483S14c3f452x538S10b11505x552S20500477x541S2f900464x568S22b02494x534
Euro_poesia,,1172,M549x574S30000482x483S34000482x483S1ea10521x482S14c39479x541S2f900477x569S2c300523x510
Euro_poesia,,1173,M547x610S31500482x489S34700482x489S30350495x477S2d708508x536S2d710457x538S14c31464x549S14c39512x548S37703485x571S3770b492x570S2fb04492x598S2f804481x599
Euro_poesia,,1174,M539x561S1de51509x526S32103482x483S22a03493x526S34d10496x507S14c3f451x527S2f900464x556S20500478x533
Euro_poesia,,1175,M568x594S31600482x490S34d10497x513S30500482x483S30512494x476S14c3f459x536S2f900474x564S17f01515x544S2a303536x556S2f804509x583
Euro_poesia,,1176,M521x562S30d00482x483S14c3f451x527S28911478x529S2f804483x551
Euro_poesia,,1177,M571x579S32407482x488S34410496x510S30353494x478S1d420529x488S26507558x504S2f700559x493S11900531x530S28d04508x546
Euro_poesia,,1178,M550x567S33500476x483S14c39474x533S20b00506x548S11e21520x538S2b702505x525S2f900473x562S32115490x492S34710493x508
Euro_poesia,,1179,M536x595S30502482x479S32114489x494S17f01510x554S17f09460x537S2e920490x543S2fc04489x584
Euro_poesia,,1180,M550x549S34300482x483S1ea20526x492S24e00529x519
Euro_poesia,,1181,M619x561S34000482x487S30512491x479S1ea20516x526S24e00545x531S2df00564x507S2df00581x491S2df00598x508
Euro_poesia,,1182,M555x585S33500476x483S31500482x483S34710493x506S22b00519x522S22b00539x510S22b10451x511S22a14467x565S1ea30508x556S1ea38467x535S2fc04490x574S22500506x542S22500479x521
Euro_poesia,,1183,M561x591S33500476x483S31530489x494S34710493x506S26507535x536S26507539x519S26507548x500S26507533x551S26511467x551S26511462x534S26511457x519S26511451x504S17f01514x568S17f09467x569S22500512x551S22500486x551S2fb04498x585
Euro_poesia,,1184,M571x590S33500476x489S34710493x514S31530490x500S30354495x476S1dc50505x549S1dc58468x550S28811445x567S28811440x547S28809533x569S28809539x549S28912424x534S2890a542x537S2f700493x554S2fb04491x584
Euro_poesia,,1185,M575x591S33500476x488S31530489x499S34710493x511S30354495x477S2f900494x471S1dc50499x541S1dc58471x541S28911440x540S28909527x541S28a12420x524S28a0a539x527S2fb04491x577S2f804479x580
Euro_poesia,,1186,M551x567S30500482x479S32113489x495S14c3f457x533S2f900469x562S22b03493x530S10051521x530
Euro_poesia,,1187,M532x580S34800482x483S36d00479x520S2c324485x537S1dc40508x540S1dc48463x540S30a30488x489S2fb04489x574
Euro_poesia,,1188,M577x600S31500482x483S34d10498x506S36f00479x517S36f50468x516S21100490x538S21100508x538S22b00532x560S22b10452x559S14c0b471x558S14c03502x560S2fb04492x594S2c301540x539S2c310435x538S14c30553x505S14c38424x504
Euro_poesia,,1189,M538x565S34000482x488S14c20515x515S30300482x477S2e600483x532
Euro_poesia,,1190,M528x583S30500482x483S30512492x476S34010492x514S32916487x498S1bc20468x525S22600476x517S2e40f493x545S2f804490x572
Euro_poesia,,1191,M567x597S31500479x488S30153493x477S36d01479x523S11901508x534S34a10492x511S26827530x525S14c39534x554S2fb04533x584S2f804523x586
Euro_poesia,,1192,M568x586S30303478x477S32407478x488S34910493x507S36d01480x526S11901517x535S14c39535x559S26507547x539S2f700556x530S2fb03519x564
Euro_poesia,,1193,M570x579S30500480x482S30512490x476S32417489x499S34d10494x512S36d01479x526S10010528x501S14c39522x547S2f900521x574S2f700558x489S25100551x504
Euro_poesia,,1194,M527x619S31600484x489S30155497x477S34010494x513S36d03479x524S14c01471x533S14c09501x533S37b03493x555S37b0b493x557S2b724489x570S20800490x596S2fb04486x607S2f804476x608
Euro_poesia,,1195,M530x572S32407481x488S30353493x478S36d03479x522S34010492x513S2f802467x481S14c01474x537S14c09504x537S20800498x534S37b03495x559S37b0b497x560
evaso,,757,M541x615S15d4c522x565S15d18465x548S28a0f490x544S2881b487x567S15d11475x524S15d44490x588S34300482x483
F,,932,M508x515S1d920492x486
fa  (passato),,276,M556x541S2ff00484x483S36d00479x525S20500524x522S18010526x499S2b715538x517
facile,,723,M540x565S19200515x527S2ff00482x483S2ea32515x550
far cadere la testa,,461,M544x553S20320529x513S34300482x489S26904528x535S30354494x477
farfalla,,372,M543x568S34000482x483S15d2f472x541S15d27505x541S20800495x534S2f900493x563S22503531x528S22505458x527
farfalla,,972,M541x521S15d27504x492S15d2f474x492S20800495x511S22505459x479S22503529x479
fatica,,296,M546x518S2ff00482x483S31900482x483S26606498x483S30000482x483S34a00482x483S1f511525x474
fatto,,569,M539x580S14c41504x535S14c49470x534S34000482x483S2d207516x561S2d212462x560S2fb00494x564
feedback ASL,,371,M545x597S2f900462x579S34700482x483S22506505x565S22502482x554S2f900526x592S1cf08459x546S1cf20518x559
feedback LIS,,370,M543x597S1bc20517x558S1bc08458x543S22506505x565S22502482x554S2f900526x592S2f900462x578S34700482x483
fegato,,351,M556x577S36d00479x525S34700482x483S17f4d528x543S20602515x553
felice,,127,M543x559S33e00482x483S10e01515x514S10e09459x513S2fb04493x545S28806521x546S2881e458x547
femmina,,113,M542x530S30005482x483S20800509x520S11e20519x500S22504529x485
fila,,58,M546x586S14410505x531S14418471x547S2f900478x581S20e00492x538S26600530x533S2ff00482x483
finalmente,,200,M542x600S30a00482x483S34000481x483S2f700497x556S2fb04495x594S36d00479x526S15d09462x544S15d01519x546S2c751488x567
finito,,52,M554x550S34000482x483S14c01502x523S14c09467x522S2d212442x516S2d207531x518
finito,,103,M559x553S30a00482x483S33b00482x483S14c01510x522S14c09467x521S2d212444x509S2d207536x510S2fb04494x547
fiore,,118,M518x545S33200482x483S2e700470x517S1d402487x522
fiore (picchio 7/17),,745,M532x571S15548470x536S34400481x483S36d00479x523S2f900472x566S18530507x499S33110498x489S22104517x486
fisso,,413,M536x566S14710522x518S35700482x483S2ef00517x546
foglia (picchio 10/17),,748,M553x584S29f0b497x546S2ff00482x483S36d00479x524S1ee48467x541S1ee40528x562
fontana,,293,M562x578S34000482x483S14c20506x547S14c28473x547S2c412439x537S2c407527x536S2fb00494x538
formaggio,,383,M533x590S20351490x544S20357475x558S37b0b468x573S2f900462x573S21100490x575S27103506x564S2ff00482x483
fra dieci anni,,206,M533x583S2ff00482x483S14c00510x523S14c08467x522S2b820490x542S2fb04494x577
fra dieci anni,,609,M536x579S2ff00482x483S14c00513x530S14c08467x530S2b820490x542S2fb04494x573
fra dieci anni ancora,,208,M533x583S2ff00482x483S14c00510x523S14c08467x522S2fb04494x577S2b827482x554
fra due settimane,,607,M529x585S2ff00482x483S2b920487x531S14c58474x545S1dc50505x545S2fb04495x579
fra tre anni,,687,M562x530S2ff00482x483S11e00539x499S2b700519x503S36d00479x526
fragola,,457,M520x605S10010486x521S30004482x483S20e00507x521S22104480x522S22a04507x538S1ce02483x564S2ea06489x590S34000482x483
frase 06-01,,21,M518x537S30a00482x483S30004482x483S14b18488x522S20600460x515
frase 06-02,,22,M518x551S30a00482x483S1f548449x526S32411490x499S33f10489x506S2b810469x525
frase 06-03,,23,M539x558S30a00482x483S1f548449x526S34010492x508S30005482x483S1d410510x493S20e00507x524S26506522x523S2f900451x553
frase 06-04,,24,M531x558S30a00482x483S32411491x499S34010492x508S2f900451x553S1f548449x526S1f540516x510S2b800492x527
frase 06-05,,25,M522x557S1f540468x531S1f548450x525S30c00482x483S36110493x505S26f21487x527S2f700510x548S31530489x498
frase_1_8,,27,M525x560S34400482x483S11901493x524S22a06510x547S30a00482x483
frase_2_8,,28,M521x564S33b00480x483S20500502x542S36d00479x524S10011479x534S20500493x533S30a00480x483
frase_3_8,,31,M596x539S1f820578x524S34000482x483S1dc20510x509S11520537x509S16d10556x519S30a00482x483
frase_4_8,,30,M536x580S30a00482x483S34000482x483S11e40513x539S11e48465x523S2ea20494x540S2fc04493x569
frase_5_8,,29,M521x564S30a00480x483S20500497x540S36d00479x524S34000480x483S20500485x540S1dc10465x534
frase_6_8,,38,M525x560S34400482x483S11901493x524S22a06510x547S30c00482x483
frase_7_8,,39,M529x572S34400482x483S30c00482x483S10b11499x527S2e008496x543
frase_8_8,,40,M532x582S30100482x477S34000482x488S10040511x530S23004507x564S30c00482x488
frecce verso il basso,,262,M520x507S26f04480x493
fregarsi,,871,M536x570S34300482x488S14c00513x522S20314474x555S20b00476x539S2f900457x562S31a00482x488S26503499x546S30300482x477
frog story,,655,M574x586S17f4b526x558S36d00479x529S37802479x532S37806495x564S17811520x485S37802536x500S37806521x530S30005481x483S35d10493x503S2f900523x577S2a601544x496S2a601557x496
fuori,,117,M564x542S30a00482x483S34d10497x505S15d00519x515S2c300538x515
fuori,,147,M559x545S30a00482x483S34e10491x503S15d00515x518S2c300533x517
furto della collana,,656,M583x577S14c31547x508S14c39517x530S36d00479x523S34300483x483S31600483x483S2e621546x537S2fc05568x562
G,,933,M515x508S1f000486x493
gatto,,121,M549x548S30a00482x483S20e00482x517S20e00505x517S30003482x483S30005482x483S1d410515x501S1d418455x501S2ea32524x531S2ea46450x532S2fb04492x542
gelato,,558,M519x571S1ea10496x522S34000482x483S30004482x483S2ea0c493x546
genitore,,449,M553x559S30005482x483S20310520x499S14720539x492S22a02517x546S2df0f519x520S20600519x481
ghigliottina,,3,M519x532S15a42481x468S15a4a484x520S20500509x503S22b04487x485
ghigliottina,,4,M519x532S15a02481x468S15a0a484x520S20500509x503S22b04487x485
giornata,,223,M554x555S34400482x483S10001533x502S22b04517x525
giorno,,219,M528x570S34d00482x483S10003498x549S2a20f505x523
giorno,,263,M549x549S34400482x483S1ed10523x510S2e500491x522
girarsi TP,,645,M523x541S34700479x483S37413477x519
girarsi TP UL,,646,M536x578S34700479x483S37413477x519S10e1c497x548S2df0a517x550
glifi braccio e contatto,,308,M516x521S37900484x480S37807484x512S20500491x487
glifi busto,,344,M587x521S36d00413x483S36e00470x483S36f00533x479S37000534x507S37100470x510
glifi config 5 rotazione parete,,324,M589x586S14c17529x446S14c16558x490S14c15529x527S14c14489x555S14c13441x527S14c12411x488S14c11442x445S14c10486x414
glifi denti,,342,M518x518S36500482x483
glifi denti,,343,M518x518S36510482x483
glifi diversi,,91,M527x522S2fc04474x511S22600478x478S2e720512x487
glifi diversi2,,99,M519x540S2f804481x529S22500489x461
glifi labbra,,340,M518x518S34000482x483
glifi lingua,,341,M518x518S35a04482x483
glifi occhi parete,,530,M581x579S32105520x515S32103446x517S32106545x482S32101446x447S32107519x446S32100483x421S32104484x544S32102419x483
glifi occhi pavimento,,531,M581x579S32406545x482S32407519x446S32405520x515S32404484x544S32403446x517S32402419x483S32401446x447S32400483x421
glifo ampiezza 1,,522,M507x508S22a00494x493
glifo ampiezza 2,,523,M508x515S22b00492x485
glifo ampiezza 3,,524,M508x521S22c00492x479
glifo ampiezza 4,,525,M508x525S22d00492x475
glifo braccio,,309,M516x521S37900484x480S37807484x512
"glifo Ciglia, occhi chiusi",,311,M518x518S31f00482x483
glifo config 5 a,,325,M512x516S14c00489x485
glifo config 5 b,,492,M512x516S14c10489x485
glifo config 5 c,,493,M512x516S14c20489x485
glifo config 5 d,,494,M512x516S14c30488x485
glifo config 5 e,,495,M512x516S14c40488x485
glifo config 5 f,,496,M512x516S14c50488x485
glifo direz 1,,503,M504x511S22b30496x489
glifo direz 2,,504,M501x511S26630499x489
glifo direz 3,,505,M514x509S26b00487x491
glifo direz 4,,506,M508x516S2e800493x484
glifo direz 5,,507,M515x517S2e400486x484
glifo direz 7,,508,M509x512S2ed00492x489
glifo direz 8,,509,M509x510S2ef00491x490
glifo direz 9,,510,M508x509S26900492x491
glifo Espulsione dell’aria dalla bocca,,329,M524x518S33500476x483
glifo Guance piene d’aria,,326,M518x518S32a00482x483
glifo Guance risucchiate all’interno,,327,M518x518S32c00482x483
glifo Guance tese,,328,M518x518S32d00482x483
glifo Immissione dell’aria nella bocca,,330,M524x518S33600476x483
glifo interazione 1,,516,M508x503S2fb04493x497
glifo interazione 2,,517,M508x506S2fc04493x495
glifo interazione 3,,518,M512x503S2fd04489x497
glifo Mezzi aperti,,315,M518x518S31900482x483
glifo Mezzi chiusi,,313,M518x518S31b00482x483
glifo mov dritto,,393,M508x515S22b00492x485
glifo movim 1,,497,M508x515S22b00492x485
glifo movim 1,,526,M504x504S21600496x496
glifo movim 10,,529,M506x504S22104494x497
glifo movim 2,,498,M508x515S26600492x485
glifo movim 3,,499,M508x515S28900493x486
glifo movim 4,,500,M510x518S24900491x482
glifo movim 5,,501,M509x517S25100491x484
glifo movim 6,,502,M513x517S24000487x483
glifo movim 7,,528,M506x504S22100494x497
glifo movim 8,,527,M504x504S21b00496x496
glifo Movimento / arricciamento del naso,,320,M518x518S33400482x483
glifo movimento del busto,,488,M525x506S37100475x495
glifo movimento del busto 1,,489,M521x502S36d00479x498
glifo movimento del busto 2,,490,M527x505S36f00473x495
glifo movimento del busto 3,,491,M527x505S37000474x495
glifo movimento della testa 1,,483,M518x523S30100482x477
glifo movimento della testa 2,,484,M518x523S30300482x477
glifo movimento della testa 3,,485,M518x522S30400482x478
glifo movimento della testa 4,,486,M518x521S30500482x479
glifo movimento della testa 5,,487,M518x519S30600482x481
glifo Naso corrugato,,319,M518x518S33300482x483
glifo Occhi aperti,,318,M518x518S31400482x483
glifo Occhi chiusi,,316,M518x518S31600482x483
glifo Occhi serrati,,317,M518x518S31500482x483
glifo sbattere le ciglia,,310,M518x518S32000482x483
glifo Sopracciglia dritte,,322,M518x518S30b00482x483
glifo Sopracciglia verso il basso,,323,M518x518S30c00482x483
glifo Sopracciglia verso l’alto,,321,M518x518S30a00482x483
glifo Spalancati,,314,M518x518S31a00482x483
glifo testa 14,,532,M518x518S32c00482x483
glifo testa 19,,533,M518x518S35a00482x483
glifo testa 20,,534,M518x518S34300482x483
glifo testa 22,,535,M518x518S34d00482x483
glifo testa 22,,536,M518x518S34400482x483
glifo vel dinam 1,,519,M506x503S2f900495x498
glifo vel dinam 2,,520,M506x504S2fa00495x497
glifo vel dinam 3,,521,M519x506S2f804481x495
glifo vel dinam 4,,778,M506x504S2f700494x497
grande,,133,M540x564S30a00482x483S36520494x506S15d10513x525S15d18466x526S2d504519x554S2d51c458x555S2fb04491x557
grande,,400,M540x575S34000482x483S30a00482x483S14c40516x526S14c48464x524S26506518x561S26512468x559S2fb04492x557
grasso,,299,M555x583S32a00480x483S20300517x548S20300469x547S36d00479x523S26a00512x569S26a10463x568S2fb04493x559S37706530x554S37706445x555
grattacieli molto alti,,434,M568x566S14710470x544S14718518x535S31900482x483S34300482x483S22d00537x500S22d14435x508S22d10451x504S22d04552x503S2fc04494x550
grazie,,125,M530x568S30004481x483S20500496x529S15d00495x541S25504517x545S34010491x507S36d01479x515S32413488x492
grazie,,149,M529x566S32403481x483S30004481x483S34010491x506S36d21479x516S20500495x526S15d00493x539S25504516x544
grazie,,187,M532x539S26500518x514S2ff00482x483S34010493x504S15d00495x512
grazie,,974,M566x548S30a00481x483S34010491x506S1c511541x495S1c519438x494S36d00479x531S20600515x517S20600465x516S2fb04492x542
Grazie,Thank you,53,
gross,,726,M518x577S32a00482x483S10002488x545S22f04491x563
Gruppo sposta,,45,M566x584S34e00482x483S16d40512x532S16d48470x531S20500495x530S26502512x559S26516471x559S2fb04492x578S2892a537x527
guarda,,108,M552x564S32403482x483S30006482x483S33b10494x508S10e00519x498S20500520x490S25503533x523S15d0f483x534S2f900491x559
guardami,,412,M555x576S30006483x483S10e01530x505S20500521x503S22b04521x521S26504524x484S20500516x553S36d00479x524S11201531x550
guardare,,1236,M617x624S2ff00482x537S10e09400x438S2ff00426x432S2ff00539x429S20500431x440S20500560x438S10e01575x441S10e01517x548S10e09457x549S20500489x545S20500502x545S26600527x583S26610457x584S26610382x439S26600601x438S2fb04493x618
guardare giù,,479,M544x578S30c00482x489S30006482x489S30154495x477S20500518x488S11201523x501S11250506x555S2a603509x526
guardare in alto,,300,M553x575S32100482x488S10e50518x545S25700536x512S30100482x477S22e30536x557
guardare_azione,,136,M536x588S33c00482x483S10e50521x526S10e58462x526S25620492x535S2fb04492x571S2f804480x577
guardia,,72,M532x560S30a00483x483S34d10498x506S36d00479x517S14710502x531S20500519x549S26504518x532
guardia,,105,M534x560S30a00482x483S34d00482x482S36d00479x517S15a10505x528S20500521x549S26504520x531
guardia,,107,M532x562S30a00482x483S34d10497x505S36d00479x518S14710500x531S26504518x533S20500520x551
guardia,,143,M537x564S30a00482x483S34d10497x507S36d00479x521S14710506x533S20500524x553S26504523x535
guardiano,,77,M548x566S30a00481x483S34d00481x483S36d00479x521S14710518x532S26504534x537S20500535x555
H,,934,M515x508S11502485x493
I,,935,M511x510S19220490x491
ieri,,6,M539x528S10030505x471S36d00479x524S2b705525x478S20500509x505
il gatto insegue il cane_01,,885,M518x537S30004482x483S30a00482x483S14b18489x522S20600463x515
il gatto insegue il cane_02,,886,M518x564S32401482x483S22a14458x520S1f548457x540S34000482x483
il gatto insegue il cane_03,,887,M540x573S1f548457x540S34000482x483S30a00482x483S30005482x483S1d410511x493S20e00509x519S26a06524x524S2f900459x568
il gatto insegue il cane_04,,888,M531x598S1f548457x540S36100482x483S1f540479x546S30c00482x483S32421472x492S32421522x493S26f21490x561S2f700512x583S2fb05519x586
Immacolata,,639,M535x588S1a011466x519S1a019507x519S37600488x543S34700482x483S20602495x564
impossibile,,559,M543x599S34d00482x489S11510522x533S2e608514x566S33500476x489S30326482x476
impossibile 1,,560,M544x569S34d00482x483S11510525x507S2e508521x542S32a00482x483
impossibile 2,,561,M541x574S32a00482x483S11510522x512S2e508518x547S33b00482x483
impossibile 3,,705,M542x581S34300482x489S11940525x543S28b04503x537S28b04487x537S30326482x476S37906480x556
impossibile 5,,780,M531x598S34d00482x483S11540511x531S2e608502x565
impossibile pa pa,,635,M531x562S34300482x483S11940514x531S2a603496x539S2a603482x539
in questo,,109,M549x570S30a00482x483S34010492x507S15d0f474x540S2f900481x565S10b51519x513S25503502x526
incerto,,301,M534x600S14c31508x553S14c39454x554S37046471x521S35d04475x489S30346475x476S2ea07497x578S2ea45471x578S2fc00487x564
incontrare,,563,M528x577S10e18470x527S10e10513x526S34400482x483S2880e505x559S28816469x559S20500492x544S2fb04490x571
incontrare (fatto),,674,M528x577S10e18470x527S10e10513x526S33b00482x483S2880e505x559S28816469x559S20500493x544S2fb04490x571
incontrare (improvvisamente),,670,M528x583S10e18470x533S10e10513x532S34400482x489S2880e505x565S28816469x565S20500492x550S2fb04490x577S30354495x477S30a30488x495
incontrare (lo),,682,M529x589S2f700495x582S32d00482x488S20500497x551S30103482x477S10e10514x535S10e18476x534S2880e505x568S28816479x568S2fb00494x541
incontrare (non),,628,M527x577S10e18470x532S10e10512x531S2fb00491x542S2880e505x564S28816469x565S20500494x549S34100482x489S30322482x476
incontrare (regolarmente),,671,M528x603S10e18471x570S10e10513x570S2fb04490x597S2880e504x560S28816475x560S20500495x575S28816476x546S28816475x532S2880e504x546S2880e504x532S32a00482x483S31930489x495S26720493x521
incontrare (sta stava),,672,M528x570S10e18470x520S10e10513x519S34300482x476S2880e503x551S28816474x552S30a30488x482S2fb04490x564S30354495x514
incontrare due,,562,M529x585S10e18472x540S10e10514x539S30304482x477S2880e507x572S28816471x573S20500496x557S2fb00493x550S33b00482x488
incontrare imprevisto,,684,M528x577S10e18470x533S10e10513x532S35000482x490S2880e503x564S28816474x565S20500493x548S2fb00490x540S30350495x476S30c00482x490
incontrare in tanti,,601,M557x557S14c11531x517S14c19445x521S33500476x483S2a200504x528S2a218477x528S2fb04494x551
incontrare me,,603,M538x573S10e28490x543S10e00523x521S30a00482x488S2c634513x554S30303482x477S20500509x541
incontrare noi due,,602,M533x590S10e08479x529S10e20518x542S30a00482x483S2c645486x561S2c630503x565S20500500x551S2fb04495x584
incontrare te,,685,M525x572S10e08472x526S20500494x538S30a00482x488S10e20510x542S30303482x477S2c630488x551
incontrare tutti,,632,M543x593S10e18508x563S10e10528x563S33c00482x483S20500476x539S20500496x532S20500522x540S2d800477x550S32810489x493
indica,,120,M545x572S10b20528x523S30a00482x483S34010493x507S25505524x553
indica con viso,,163,M558x542S30000482x483S30002482x483S30006482x483S30004482x483S36d00479x521S37b02519x522S10b01525x487S37709525x512S2e306531x519
indica_destra,,160,M549x556S30a00482x483S10b27517x518S26507536x543
indicare 1 2 3,,554,M540x578S32400482x483S32411460x491S32417521x493S10051467x557S26501472x539S26500497x534S26507523x538
indicare barattolo (nido),,615,M547x571S34700480x483S10b50513x544S32104480x483S22a04534x556S36d00479x525
indicare l amore,,658,M532x571S34000482x483S14c09467x533S2f900466x563S10b20499x545S26500518x556
indicare la lavatrice,,657,M528x571S34300482x483S14718464x531S10b20493x543S26500514x556S2f900465x558
indicare loc,,464,M560x571S34700482x483S26a00533x555S10040514x541S32410491x490
indicare spazio (tavolo),,576,M547x571S34700482x483S26500533x555S32410491x490S10050514x541
interprete,,382,M536x611S15d39469x560S10e51482x577S34700482x483S2f900462x582S10e31500x560S2a20f513x590S20602478x549
io,,192,M524x583S30a00482x483S34400482x483S20500497x541S10c42502x562
io,,331,M519x583S10c42497x546S20500493x572S34400482x483
io,,414,M531x582S36d00479x523S34400482x483S19210477x548S20500486x571S1ce10509x537S20500509x571S2d508489x535
io io,,406,M519x582S10c42497x546S34300482x483S20600493x571
Italian Sign Language Alphabet,,291,
Italian Sign Language Numbers,,292,
Italy,,9,M518x534S1e120481x466S29a04503x499
J,,936,M519x518S19220498x499S2a20c482x483
K,,937,M515x515S14020486x485
L,,938,M512x515S1dc20488x485
l-u-c-a-,,89,M581x558S34d00482x483S1de20490x528S11520518x528S16d10539x537S1f720561x542
la,,170,M555x539S34000482x483S30a30488x489S10b20522x511S26600539x509
la palla su,,429,M529x561S34300482x483S15410499x527S22a04516x530S20500518x550
la palla sul tavolo,,428,M529x580S34300482x483S15410499x527S15d5a490x561S2f900475x565S22a04516x530S20500518x550
ladro,,357,M546x586S34300482x483S14c20514x545S22321502x535S2f900519x581
lanciare in alto,,453,M537x518S2c300487x453S14c20514x452S33500476x483S14c48460x449S2f900466x484
lavatrice,,577,M527x596S34300482x483S14740512x551S2ee0d505x577
lavatrice in movimento,,588,M544x569S14710456x519S14718530x521S32a00481x489S2f900456x545S2f900532x548S36d00479x530S37052495x539S37056498x549S37052494x559S30346481x476
lavatrice sportello,,593,M533x568S1ed10507x535S1ed18468x535S26520493x553S2ff00482x483S34700482x483
lavatrice sportello spacca,,598,M523x592S1ed18476x549S14702501x552S2f900461x560S2a603502x569S30105482x477S35d13494x507
lavoro,,721,M528x583S20340513x541S20348488x568S2f900473x576S2880e486x550S2ff00482x483S2880e487x537S20500507x559
legge,,362,M526x579S34a00482x483S1e410503x527S15d28468x543S20c02489x536S2f900469x574
legge vecchio,,621,M525x579S34a00482x483S15d00506x552S15d28468x543S20c02490x543S2f900469x574
lingua,,730,M538x585S1dc11504x534S1dc19476x534S20500496x560S2df0f518x560S2df17466x561S2fb04493x577S2ff00482x483
linguistica,,732,M549x585S1dc11504x534S1dc19476x534S20500496x560S2df0f518x560S2df17466x561S2fb04493x577S2ff00482x483S20320534x542S20320454x541
lis,,363,M557x572S34700482x483S1dc20524x522S1f520504x556S2890d530x547S22104528x511
LIS_picchio_02_AB,,1116,M556x589S30a00482x483S34400482x483S15440509x552S15448481x552S2fb04494x583S28907531x540S2891f449x541
LIS_picchio_02_AB,,1117,M528x586S34400482x483S18510503x554S18518472x554S20602495x562
LIS_picchio_02_AB,,1118,M530x606S33b00482x483S31500482x483S15750512x569S15758472x569S17e50507x540S17e58473x540S2fb04493x600S22b20493x552
LIS_picchio_02_AB,,1119,M564x603S32a00482x483S33500476x483S16d48490x573S15550549x542S2ec06496x556S22a00532x537S22a00513x534S22a00480x550S22a00492x535S2f900493x598S2f805521x572
LIS_picchio_02_AB,,1120,M573x596S34700482x483S16d48487x564S2f900491x591S15410549x499S15450506x535S28809520x509S2e231546x526
LIS_picchio_02_AB,,1121,M564x605S30104482x477S36f00480x525S36f50466x525S2d520487x467S16d48483x564S15510548x491S22a14485x590S22d04548x530
LIS_picchio_02_AB,,1122,M554x568S32104482x483S14431504x539S14439472x539S2a600537x533S2a601448x533S20e00496x526S33e00482x483
LIS_picchio_02_AB,,1123,M569x579S32a00480x483S34700480x483S36d00479x526S14419462x544S15550529x495S22d04525x525S22f00544x558S2f900474x574
LIS_picchio_02_AB,,1126,M553x587S32a00480x483S2f900474x574S36d00479x526S14419462x544S15550521x544S22a04540x557S33b00480x483S32114488x493S2f804514x576
LIS_picchio_02_AB,,1127,M536x601S14402505x548S34700482x483S33500476x483S1440a466x548S22e24492x570S20e00495x534S2f700496x594S32114490x492
LIS_picchio_02_AB,,1128,M527x574S34400482x483S20350484x559S20350502x559S2a601510x531S2a610476x531S20500496x539S2fb00493x527
LIS_picchio_02_AB,,1129,M533x611S16d48473x564S37000480x519S37050468x520S30104482x477S32114490x503S15550512x539S22a14475x596S22c04511x569
LIS_picchio_02_AB,,1131,M525x601S15550510x566S10009468x539S2c311465x578S2f900513x596S34300482x483
LIS_picchio_02_AB,,1132,M536x555S33200482x483S1d402488x532S2b701517x506
LIS_picchio_02_AB,,1133,M549x606S16d48473x570S2f900473x598S22c04511x564S32a00482x483S15550512x534S32114490x493S34510489x504S2e231522x515
LIS_picchio_02_AB,,1135,M549x598S16d48467x566S2f900472x593S34700454x483S32114462x492S15550491x525S22a00493x555S2f806506x553S2a602521x543S28805529x570S32a00504x483S33500498x483S32114512x492
LIS_picchio_02_AB,,1136,M528x586S34400482x483S18510503x554S18518472x554S20602495x562
LIS_picchio_02_AB,,1137,M554x609S37006479x528S37056467x529S33c00482x488S30352471x477S30334482x477S1000a488x555S10002524x567S2eb53497x575S2fc03488x594S33540514x500S33550470x501S32114490x497
LIS_picchio_02_AB,,1138,M547x566S34400482x483S14720533x544S14728514x544S20602525x519
LIS_picchio_02_AB,,1139,M549x584S34400482x489S18550524x569S30354494x477S15d38499x547S20e00506x557S2ea30523x541
LIS_picchio_02_AB,,1196,M556x565S2ea50523x540S10002526x531S1000a507x524S33b00482x481S33630476x497S32115490x492
LIS_picchio_02_AB,,1197,M535x581S33c00482x482S33540514x496S33550469x496S15440500x537S26602505x565S2e730516x556
LIS_picchio_02_AB,,1198,M536x598S35d04482x496S30152495x483S30154497x470S16d48475x567S15450515x541S2f900478x593S2e832504x571
LIS_picchio_02_AB,,1199,M525x616S32104482x489S34510489x510S30154495x477S16d48476x556S18550498x539S20700504x560S15a51490x593S2c630505x580
LIS_picchio_02_AB,,1200,M549x578S34400482x483S18550524x563S2ea30523x535S15d38499x541S20e00506x551
LIS_picchio_02_AB,,1201,M543x544S32b10482x489S34410495x511S30356496x477S30354509x481S15d19507x512S15d17520x521S20800520x499S20800533x507
LIS_picchio_02_AB,,1202,M560x606S34200481x490S30352490x475S30356499x480S37020480x525S3702c456x529S15d38481x561S11550514x546S2a408535x551S2a208537x578
LIS_picchio_02_AB,,1203,M565x592S34200482x483S11550515x539S2f900490x587S15d38482x554S22a00536x552S22a04552x554
lista,,366,M524x581S22a04492x566S11502494x539S20e00494x550S34700482x483S15d08468x551
loro,,336,M563x583S27201506x550S34400482x483S10047533x532
luca,,88,M560x526S30007482x483S34d00482x483S14420520x477S2c305533x502
luca,,92,M572x529S30007482x488S34d00482x488S14420523x493S2c305545x505S30302482x477
lui,,90,M543x552S30a00482x483S10b50509x526S26500529x530
lui/lei,,333,M541x572S34700482x483S26507528x531S10047505x551
lumaca,,373,M550x522S37800464x479S37906464x510S1a052484x485S2f900450x506S28702518x490S21100513x508
lunedì,,361,M548x570S1dc20524x522S2e500501x543S34d00482x483
lunedì prossimo,,606,M546x570S36d00479x523S34d00482x483S1dc20509x540S2b800523x527
lunedì scorso,,604,M560x542S36d00479x523S34d00482x483S2b705526x496S20500520x531S1dc20536x505
lunedì tutti i,,605,M550x586S36d00479x523S34d00482x483S1dc20515x556S2bb00517x533
luogo sulla testa,,306,M518x518S30005482x483
lupo,wolf,19,
là,,195,M545x548S30a00482x483S34000482x483S10c10524x526S28b02475x515
M,,939,M510x513S18d20490x488
macchina,,375,M560x592S34000482x483S20301468x544S20305512x543S23603531x559S23611441x562S2fc04492x559
macchina accendere,,611,M544x593S33500476x483S20301468x544S1ea11514x545S32114490x492S2f900462x562S2c300518x570
maestra,,59,M552x535S30a00482x483S34000482x483S36d00479x517S17520527x494S3770a526x511S37b01521x518S22120530x482
maestra,,60,M547x533S30a00481x483S34000481x483S36d00479x516S37709527x509S37b02520x519S17520521x495S22120525x483
maestra,,70,M545x537S30a00483x483S34000483x483S36d00479x518S37b01518x520S37709522x513S17520519x498S22120523x488
maestra,,75,M553x549S30a00482x483S34000482x483S36d00479x523S37702519x525S37709530x524S17520524x507S22510531x489
maestra,,96,M545x554S34700482x488S30306482x477S36d00479x529S37701519x530S3770a524x530S17520524x513S22500532x494
maestra,,137,M541x536S30a00482x483S34010492x508S36d00479x520S37b02518x522S37709524x511S17520520x494S22500528x479
maglione,,158,M533x591S34700483x483S36d00479x521S14c02502x532S14c0a462x531S20500520x551S20500467x552S20500518x580S20500468x579S30a30490x488
magro,,298,M528x560S32c00482x483S19217492x530S22b04512x530S34d00482x483
mamma,,47,M552x542S30005482x483S20310537x498S22f02521x517S20500522x500
mamma,,700,M539x547S30005482x483S20310524x503S22f02523x522S20601503x516
manca,,63,M520x562S34700482x483S15d02493x527S30004482x483S20e00493x519S26506504x548S22124467x537S31a00482x482
manca,,154,M522x560S31a00482x483S34710492x505S30004482x483S20e00494x520S15d02495x526S26506506x546S22104481x534
mangiare un frutto,,419,M518x573S36400482x483S15400494x523S22e04492x555
mano pugno chiuso,,872,M508x508S20314493x493
marito,,555,M544x581S34000482x483S14c5a488x554S2f900473x564S1d151510x532S21300523x565
marmellata,,557,M536x601S15d39479x556S34000482x483S11541512x550S2a405496x573S2f900472x579S20e00484x562
maschio,,729,M549x544S30005482x483S18000519x513S20602509x520
mente,,455,M542x520S30007482x483S20600512x475S10011521x490
mentre cammino portanzo uno zaino appare un estraneo,,446,M540x575S36d00479x531S34200480x489S1f810470x542S20800473x561S10010525x533S2df01500x551S30c00480x489S30354494x476
mesi,,692,M528x567S2ff00482x483S15d18466x534S10011507x537S20e00489x548S22102490x532S22102497x532
meta (linguistica),,733,M543x569S34700482x483S18018470x546S18010505x546S28a00526x507S2f900478x564S20500498x533
meta (linguistica) 2,,734,M549x565S2f900456x560S1dc59464x541S30006482x483S10e51519x510S2b800502x525
mettere il cappello,,418,M561x566S2fb04522x560S1ea40538x540S32407482x483S1ea48501x540S22a24524x524S36100482x483
mio,,337,M521x579S10011482x549S36d00479x524S20600482x536S2ff00481x483
mo mo,,640,M535x579S15d31512x546S15d39470x546S23424484x565S2fb00495x536S33b00471x483S34400494x483
molto ricco,,295,M547x592S11e11498x547S20600509x535S36d00479x522S34000484x483S26a04503x578S2f806536x543
morire morto,,634,M529x593S34400482x483S11540510x531S2e508506x566
motivo,,718,M534x573S1ec40511x541S2a603491x550S34400482x483
mov,,1237,M599x546S22b00402x461S24900434x458S23900462x460S24500494x457S24300528x459S24000573x455S26600402x508S27e00429x509S27300466x508S27d08493x506S27900529x508S27700573x506
movimento,,261,M520x507S26f04480x493
mucca 1,,791,M545x533S30001482x483S30007482x483S19a28456x482S19a20517x482S20500478x476S20500511x476S2df17460x508S2df0f522x509S2fb04493x526
mucca 2,,790,M545x537S1a01f515x479S34d00482x483S30007482x483S2df0f525x513S20500508x474
Museo,,46,M535x576S34d00482x483S18550510x533S18558469x533S20500497x531S26506515x552S26512474x551S2fb04494x570
museo,,73,M529x585S30a00482x482S34d00482x483S18550504x550S18558467x550S20500493x540S26506514x569S26512466x570S2fb04491x579
museo,,78,M537x580S30a00482x483S34d00482x483S20500495x532S18550512x535S18558466x535S26512467x556S26506520x556S2fb04493x574
museo,,177,M536x569S34d00482x483S20500496x533S18550511x537S18558465x537S26506515x554S26512473x554S2fb04494x563
musica giuranna 1,,652,M549x598S20330499x556S15230529x542S2f900483x575S22b06510x575S20330481x556S20500492x541S2fa00518x591S33500472x483S33b00478x483S36f06474x525S2f900537x592
musica Giuranna 1/3,,650,M556x623S20330499x556S15230529x542S2f900483x575S22b06510x575S20330481x556S20500492x541S2fa00545x581S22b06510x591S22b06510x607S2fa00545x610S2fa00545x595S37036475x517S33500472x483S33b00478x483
musica giuranna 2,,651,M561x609S34300474x489S36f06473x531S20314467x572S2f900469x592S14c20538x530S2c102509x552S2c705525x571S2f804513x598S2f700494x555S30511486x477
musica giuranna 3,,653,M535x577S31f00474x483S36f04473x523S19a42515x543S19a4a455x543S22a24489x554S22104504x554S22104473x554S2fb04488x571
musica giuranna 4,,654,M543x577S31f00474x483S36f04473x523S14c58447x535S14c50519x535S22a24489x554S2fb04488x571
N,,940,M511x513S11920490x487
nano,,727,M556x579S1dc04507x549S2e234537x544S35904482x483
naso all'insù,,433,M556x518S33100482x483S21000458x492S1f010507x497S26100542x491S22104542x481
nessuno,,627,M543x573S10020508x534S10028476x534S26506528x551S26512454x550S34700482x483S2fb04492x567
noi,,334,M538x590S34700482x483S10b50509x543S2e932498x573
noi due mani,,415,M560x566S36d00479x523S34400482x483S10c01522x539S10c09458x539S20500510x537S20500483x536S2d505539x530S2d51d441x527S2fb04493x560
nome,,67,M521x557S30004482x483S34400482x483S11502489x523S26606491x541
nome,,86,M541x545S34400482x483S30004482x483S11901494x525S26506526x524
nome,,101,M549x527S30007482x482S14420525x464S2c305522x503S34d00482x483
nome,,106,M546x529S30007482x483S14420524x467S2c304518x505S34d10498x506
Nome,,100,M546x526S30007482x484S34d00482x482S14420522x467S2c305519x502
nome segno chiara,,210,M538x545S34000482x483S14c01512x518S14c09465x518S28908523x492S28910461x490S2fb04493x537
nome segno Debora,,973,M537x543S10110517x497S30005482x483S20600515x532
nome segno immacolata,,270,M548x542S30004482x483S1ce3e478x520S20710514x516
nome segno Serena,,1222,M563x528S34000482x483S30006482x483S10000519x492S2530c538x486
nome segno tanco,,215,M553x529S34a00482x483S30006482x483S10c52521x491S2e20e519x509
non,,574,M549x562S34200482x483S2e230530x530S10020509x527
non ancora (incontrare),,679,M535x582S34810488x509S30304482x477S2e237472x555S2fb00494x534S1ce18469x527S1ce10513x527S2e231501x554
non c'è,,467,M551x571S30300482x477S1dc40505x537S2e230532x539S34200482x488
non lo farebbe nessuno,,624,M588x578S10001523x514S34700482x489S30006482x489S20500520x499S36d00479x529S20500517x564S22a04521x546S2ef05536x560S10020551x525S2e230569x529S30326482x476
notare qualcuno che sta passando,,420,M532x571S32803482x483S1ce00473x522S1ce20510x522S2df20491x550
nove,,244,M528x526S14c28473x475S14450506x495
nove,,245,M531x524S14420509x493S14c28469x476
nove,,254,M530x516S14c28470x485S14420508x485
O,,941,M508x508S17620492x492
occhi,,349,M539x536S2ff00482x483S20500506x497S20500484x497S34400482x483S10001518x506S2d500489x522
occhi sporgenti,,353,M546x549S31a00482x483S36100482x483S12820523x484S12828454x483S27124481x524S2fb04492x543
ora,,285,M529x516S15d31506x484S15d39471x484S26504493x501
ora,,286,M528x518S15d31505x483S15d39472x483S26524493x503
ore,,764,M537x592S2ea02484x553S14c5a479x568S34700482x483S10003507x531
orecchio sentire,,447,M547x530S30006482x483S20600519x488S10011526x500
orologio da polso,,378,M557x575S34400482x483S1ec40506x533S37707471x562S1575a495x557S2f900456x569S22f04532x539S20500488x540
osservano,,56,M542x590S33c00482x483S10e50527x513S10e58462x513S26620496x535S2fb04496x571S2fa00498x583
ottavo piano,,768,M564x545S2ff00482x483S14c2f510x518S11e21529x497S22f20539x528
otto,,62,M525x552S30c00482x483S34410495x505S14c28470x521S11e20502x522
otto,,153,M523x557S30c00482x483S31a30489x497S34410496x506S14c28465x526S11e20500x527
otto,,243,M525x525S14c28475x476S11e20502x495
otto,,252,M530x516S14c28470x485S11e20507x486
otto mesi,,690,M531x584S11e20508x534S14c28470x533S2d214473x560S2d205494x560S34400482x483
otto ore,,766,M535x589S11e31510x536S14c39465x538S34400482x483S2e50d499x561S2e515474x562S2fb00492x533
P,,942,M513x511S10551488x489
pallacanestro,,451,M535x582S14c51499x531S14c20507x456S2c300481x456S34000482x483S23004505x564S22d00519x490
palleggiare,,452,M526x590S14c51498x541S23004501x572S34000482x483S33500476x483
papà,,450,M539x544S30005482x483S14710523x502S26a04512x530S20601501x516
papà 2,,696,M546x524S30005482x483S1ee10520x501S20800509x514S22504525x488
papà 3,,697,M544x540S2ff00482x483S10b11504x506S20600522x493S26a04510x526
passato,,571,M538x561S17f00523x532S36d00479x521S34000484x483S2b704507x530S20500523x519
passato (incontrare),,676,M556x546S2ff00484x488S36d00479x530S20500524x527S18010526x504S2b715538x522S30b00484x488S30103484x477
patate,,638,M539x580S14c59474x552S1d401502x529S2d300500x557S20e00479x561S34800482x483
pausa,,144,S38700463x496
pelle ruvida,,441,M538x585S14c2a475x562S15022507x536S22122496x538S22a02516x564S2f900459x573S32a00482x483S20612478x526
per anni,,610,M533x585S31900482x483S34310493x506S11250514x546S11258475x535S2ec20497x535S2fb04494x579
per dieci anni,,209,M544x593S2ff00482x483S14c01518x519S14c09459x522S2fb00494x535S28d03504x546S28d1b471x548S22f04504x578S22f14476x579
perdere la testa per qualcuno,,460,M556x538S30007482x483S20500512x475S10021520x490S34300482x483S2df07536x514S20301514x516
persona innamorata,,590,M564x547S14451532x497S1445f446x496S30a00482x483S32040519x491S32040470x491S26b04537x529S26b14453x528S2fb04499x540
pezzo grande,,403,M534x578S1ed26515x552S36d00479x527S30304482x477S36500482x488
pezzo piccolo,,402,M534x578S1ed26515x552S36d00479x527S35a04482x488S30300482x477S31900482x488
piacere,,124,M522x573S32403479x483S36d01480x514S37709514x515S37b07499x537S1f703481x534S23604470x556
piacere,,148,M521x579S32403480x483S36d21479x516S37709514x516S37707492x538S1f703477x539S2360c468x562
piano,,769,M556x533S18020521x502S2ff00482x483S26606526x517
piccolo,,399,M521x546S19200500x525S30a00482x483S30004482x483S34400482x483S20602487x522
piccolo tondo,,459,M518x588S1ce02479x546S2ea06489x573S35a04482x483
pieno,,432,M537x582S14c40478x538S14c48496x538S36500482x483S32410491x491S2a602520x558S2a613462x557S2fb04491x576
polmoni,,350,M521x583S36d00479x523S2ff00482x483S18502483x559S20500485x537S20500506x537S2d508488x548S34400482x483
porta (picchio 12/17),,750,M525x565S34400481x483S36d00479x523S14702503x551S1470a481x545S20600502x537S2f900466x552
porta che si apre (picchio 15/17),,753,M541x565S32400481x483S36d00479x523S14702503x551S1470a481x545S2f900466x552S2df0f521x532S20e00501x536
porta piccola (picchio 13/17),,751,M524x566S34400482x483S20500497x519S1470a472x545S19200503x513S22a00497x531S2f900474x561
posizionamento alberi,,550,M542x594S10010527x544S10018458x542S22a04528x579S22a14459x579S36d00479x524S33c00482x483S2fb04492x585
posizionamento delle automobili’,,539,M539x611S11e50516x581S11e58464x534S36d00479x521S34200482x483S22a14487x553S22a04501x553S2f900487x571S22a04487x586S22a04503x585
prendere,,643,M553x600S14c50516x546S22104522x534S20350521x585S26504539x570S36d00479x522S34700482x483
prendere C,,644,M538x587S36d00479x522S16c40518x545S34700482x483S26504524x572
prima,,407,M553x559S1f527531x511S22b07512x535S36d00479x525S34300482x483
primo piano,,767,M554x532S2ff00480x483S36d00479x526S10022522x498S22f00529x518
primo piano terzo piano,,770,M556x545S2ff00480x483S36d00479x526S10022440x507S22f00449x526S11e22523x505S22f00531x531
problema,,737,M529x591S34400482x483S11240511x563S15d48471x539S20602496x554S2ef11473x571S2ef00507x539
progetto,,180,
progettone,,181,
provare,,622,M530x580S14c39473x539S10e31505x536S2f900465x566S26507499x567S34400482x483S20e00486x562
provare 2,,623,M533x582S10e39472x536S10e31508x539S2f900465x566S26507502x569S34400482x483S20e00490x562
provare 3,,695,M530x581S14c39473x539S14c31504x542S2f900465x566S26507501x568S20e00486x564S34400482x483
puglia,,665,M570x588S2880b537x552S34d00482x483S20321549x567S15420517x543
pugno,,174,M550x537S1f700451x464S1f710490x466S1f720529x465S1f730450x522S1f740490x521S1f750530x518
puttana,,719,M548x532S36a00482x477S10053527x489S20603512x513
puttana,,720,M548x532S36a00482x477S10053527x489S20603512x513
Q,,943,M515x512S1f051485x489
quadro,,48,M549x564S30a00482x483S34400482x483S15d10524x514S15d18459x515S22124527x502S22124453x503S22a03506x529S22b15480x540
quadro,,132,M541x578S30a00482x483S34e10491x503S15d10522x529S15d18459x529S22104466x518S22104522x518S22b15478x554S22a03502x537
quadro grande,,49,M552x574S30d00482x483S36500482x483S15d10521x517S15d18464x518S2d604523x545S2d61c449x546S2fb04496x568
quattro,,240,M511x516S14400489x485
quattro facce,,642,M532x576S14400500x545S30003482x483S30005482x483S20500522x501S20500468x502S15d10513x510S2df00489x521
questa/ qui,,284,M525x513S10b50475x487S26a04498x498
R,,944,M508x515S11a20493x485
ragn uovo scende (picchio 6/17),,744,M536x605S1443a456x542S32104481x489S36d00479x529S2f900458x565S15310501x580S30150494x476S33b00481x489S26804520x544
ragnatela (picchio 4/17),,742,M543x592S1443a460x553S34800481x483S14432512x553S36d00479x523S28906514x576S2891e461x577S2fb04494x572
ragnatela uovo cade (picchio 5/17),,743,M535x579S1443a454x552S32104481x489S36d00479x529S2f900455x574S15310517x471S30154493x476S33b00481x489S26804519x507S27e03494x546
Ragusa,,704,M543x580S36d00479x522S2ff00480x483S19a52523x545S20602513x556
rana,,462,M538x592S11e50515x534S11e58467x533S34300482x483S2ea10487x556S2ea08502x556S2fb04494x586
Re,,971,M519x518S30000482x483S11e21447x485S28a0a483x462
relazione amorosa,,977,M518x523S1e450501x478S1e458483x478S20610484x512
relazione amorosa,,978,M519x571S1e450502x526S1e458484x526S20610485x560S32407482x483S33f10489x504
reni,,352,M555x576S36d00479x522S34700480x483S17f1d528x551S17f15445x553S20602476x551S20602515x552
ricco,,475,M533x594S11e11498x547S20600509x535S36d00479x522S34000484x483S26a04506x580
rimuovere ancora,,472,M565x553S32107484x488S20300531x492S20320550x485S34300484x488S36d00479x528S37a09527x505S37a09544x499S30107484x477S22b24531x453S22b24547x453
rimuovere dall'alto,,469,M565x553S32107484x488S20300531x492S20320550x485S2f900539x474S36d00479x528S37a09527x505S37a09545x500S34100484x488S30107484x477
rimuovere mant + io,,470,M561x572S30134484x477S20300531x492S10b02510x554S2f900536x477S36d00479x528S37a09527x505S33e00484x488S20500497x551S37706536x563
rimuovere mant + lì,,473,M573x567S10010541x505S20300531x487S32117490x492S2f900536x472S36d00479x523S37a09527x500S33e00483x483S3780a532x535S22a00560x514
rimuovere mant + no,,474,M565x554S30342484x476S20300531x493S20320550x486S2f900539x475S36d00479x529S37a09527x506S37a09545x501S33b00484x489
rimuovere mant + sicuro,,471,M561x580S30134484x477S20300531x492S1ce42507x551S2f900536x477S36d00479x528S37a09527x505S33e00484x488S37706536x563S22b04489x550
rompere l uovo,,637,M529x582S35d04482x483S32a00482x483S18540503x546S18548476x546S20500496x533S2a603501x559S2f900477x565
rosicchiare,,8,M522x566S12820499x542S36700482x482S22120496x529S26600477x535
rosso,,458,M533x554S10010486x524S30004482x483S20f00507x522S22104480x522S22a04507x538S22104480x528S34400482x483
rosso,,907,M518x550S34400482x483S10000487x520S30004482x483S20e00484x521S22504505x521
S,,945,M512x516S1f520488x501S26502488x484
scendere da,,427,M539x582S2ed0a516x565S11850489x555S2ff00482x483
scendere dall'autobus,,426,M539x582S16c18473x548S11850489x555S20500495x538S2f900458x561S2ed0a516x565S2ff00482x483
schifo disgusto,,405,M518x585S1c502470x532S2e600487x552S21100504x536S30c00482x483S35d04482x483
scomparsa,,69,M540x581S33500476x483S33b00483x483S20e00497x540S22124518x537S22124465x539S15732510x550S1573a468x550S26512465x567S26506523x567S2fb04495x575
scomparso,,140,M533x571S33500476x483S33b10493x509S15732505x539S1573a464x539S20e00491x528S26506518x557S26512462x557S2fb04491x564S22104477x529S22104506x529
scomparso,,157,M534x580S33500476x483S33b10493x509S36d23479x517S15732507x545S1573a463x546S20e00493x535S22104511x535S22104475x536S26506518x565S26512465x566S2fb04491x573
scudo liscio,,442,M548x583S20302503x554S37706479x560S15d02491x529S2f900463x559S2c300522x526S34d00482x483S22b04527x553
Scuola,,41,M551x565S30d00482x483S34d00482x483S15d39480x542S1d451509x521S20e00485x547S26a07530x520
scuola,,128,M548x565S30a00482x483S34d10497x507S15d39472x542S1d451503x525S26a07527x524S20e00478x547
se incontrare,,681,M528x583S10e18470x533S10e10513x532S34300482x489S2880e503x564S28816474x565S30a30488x495S2fb04490x577S30350495x476
secondo,,42,M555x565S34300482x483S10e5e493x537S2c300529x531S2f700510x558
sedersi,,781,M581x548S32105482x483S33c10489x503S10e40566x502S10e48532x502S2d220544x525
segnare,,304,M541x584S2ff00482x483S11e40518x524S11e48465x549S2eb20496x538S2fc05503x569
segni,,142,M542x581S30a00482x483S11e40519x521S11e48461x547S2eb20497x535S2fc05504x566
segno,,87,M540x595S30a00482x483S11e40517x519S11e48462x541S2e700496x550S2fc04496x584
segno nome achille,,201,M565x554S34300482x483S14a11507x533S22b04532x522S22a00552x537
segno nome alessandra,,289,M565x523S1ef10522x492S34000482x483S20500495x492S22504521x510S26a00538x509
segno nome alessio,,288,M549x530S34000482x483S30007482x483S1c510519x471S2eb08517x498
segno nome chiara,,197,M555x518S31a00482x483S20602521x487S18017535x485
segno nome chiara,,290,M531x592S11e11498x547S20600509x535S36d00479x522S34000484x483S26a04503x578
segno nome claudio,,867,M553x552S19a10525x485S30007482x483S34010492x506S2e230528x520S2f900533x510
segno nome Luca,,202,M537x518S30a00482x483S1dc20513x453S2b735491x460S20e00475x470
segno nome Maria,,203,M553x564S34400483x483S36d00479x525S20300530x525S26a04526x506S37700536x539
segno nome romeo,,869,M569x518S34400482x483S30007482x483S10e11523x482S2d307535x467
segno nome stefania,,868,M561x522S20320526x484S30007482x483S37701534x498S26a02547x479S34010492x506S20500513x476
sei,,242,M525x527S14c28476x474S1f727504x505
sei,,251,M526x516S14c28475x485S1f720506x501
sette,,250,M530x516S14c28471x485S1de20508x486
settimana,,273,M532x516S14c48469x484S1dc40508x486S20500492x505
settimana,,377,M529x587S14c28472x537S1dc20505x537S2a228490x560S2ff00482x483S2fb00494x531
settimana con specchìo + tocco,,274,M539x524S1de48461x478S1de40517x477S20500495x479S2b720491x501
settimana fa,,275,M568x542S2ff00482x483S36d00479x523S14c18521x481S1de10546x483S2b715545x518S20500528x520
settimana prossima,,279,M529x531S1dc20505x472S14c28471x469S2b820485x505
settimana prossima,,281,M539x524S14c48461x490S1dc40515x489S20500495x477S2b820485x498
settimana questa,,272,M530x536S27122493x497S14c58471x464S1dc50506x467
settimana settimana  fa,,277,M568x551S2ff00482x483S36d00479x523S14c18521x481S1de10546x483S20500528x520S2b925544x520
settimana si settimana no,,608,M530x591S30326471x476S2fb04494x585S14c58473x555S1dc50504x555S2b750492x546S2b750491x527S30314494x478S34000494x489S34400471x489
settimane settimane prossima,,282,M539x534S14c48461x481S1dc40515x480S20500495x466S2ba20486x501S20500495x487
si deve,,394,M527x585S30c00482x488S34000482x488S10040511x530S22e04510x567S30300482x477
sicilia,,663,M530x590S34700482x483S11e41505x540S2e231494x563
sicuro,,398,M540x588S1ce02510x562S34710493x510S22b04510x532S30a00482x489S22b14474x531S1ce0a464x562S2fb04494x582S30354495x476
simbiolo contatto per due volte,,892,M511x506S20600489x495
simbolo 4 piegato,,891,M512x508S14b18489x493
simbolo bocca A,,884,M518x518S34300482x483
simbolo bocca O,,883,M518x518S34400482x483
simbolo bocca sorriso,,894,M518x518S34000482x483
simbolo colpo,,879,M507x507S20b00494x494
simbolo contatto sfioramento,,899,M506x506S20e00494x494
simbolo denti,,904,M518x518S36100482x483
simbolo dinamica simmetria,,906,M506x506S2fb05494x494
simbolo dinamica veloce,,905,M506x504S2f700494x497
simbolo frecce 3 volte,,903,M515x515S26f21485x485
simbolo frecce due volte,,900,M507x514S26a06493x487
simbolo luogo sul mento,,890,M518x518S30004482x483
simbolo luogo vicino mento dx,,897,M518x518S30005482x483
simbolo mano F,,898,M515x514S1d410486x486
simbolo mano ferma,,873,M506x503S2f900495x498
simbolo mano piatto,,876,M512x516S14c00489x485
simbolo movim curvo,,878,M511x511S2df0c490x490
simbolo movim dritto sx,,896,M507x508S22a14494x493
simbolo movimento dritto verso se stesso,,877,M507x507S26503494x494
simbolo occhi aperti,,881,M518x518S31a00482x483
simbolo occhi semi aperti,,882,M518x518S31900482x483
simbolo S,,895,M508x512S1f548493x488
simbolo S dx,,902,M508x512S1f540493x488
simbolo sguardo a sx,,893,M518x518S32401482x483
simbolo sopracciglia aggrottate,,901,M531x518S30c00482x483S32421469x492S32421524x490
simbolo sopracciglie rialzate,,889,M518x518S30a00482x483
simbolo testa in alto,,874,M518x523S30100482x477
simbolo testa in avanti,,875,M518x523S30300482x477
simbolo testa sinistra,,880,M518x523S30105482x477
sole,,380,M554x518S1dc21524x451S1dc29443x459S2e501504x457S2e51b474x461S34400482x483S2fc00492x446
sono io (due segni),,411,M577x584S10001535x526S32a00483x483S33500476x483S2d207554x555S18041509x551S20800501x574
sono io 2/2,,409,M553x568S17f42524x538S36d00479x523S20800516x558S34000482x483
sopracciglie molto grosse,,437,M550x518S2ff00482x483S36500482x483S1f110521x493S29c0a485x474S21100525x474
sordo,,85,M547x552S30006482x483S30004482x483S10011526x500S20500520x489S20500508x517S2df00518x531
sottotitoli,,367,M539x568S34400482x483S11502509x553S26a06524x522
sparito,,80,M536x591S33b00482x483S33600476x483S30c00482x483S36d23479x522S15731507x550S15739467x545S26506512x570S26512471x567S2fb04491x585
spazio,,119,M546x567S14c57520x540S2d700475x540S34000482x483
spazio vicino,,547,M521x588S14c51488x544S36d00479x522S2ff00480x483S2e906480x573
spostare il cappello,,417,M568x563S2fb04521x554S1dc51538x540S1dc59490x540S32407482x483S2b721523x522
sta male,,711,M558x586S14c5a484x562S2f900469x574S1d120529x518S25603508x540S20800488x554S30355497x478S34300482x488
stalking,,756,M529x564S14710501x533S30a00493x489S2ff00471x488S14718472x504S30156495x477S2f900473x530S2f900503x559
Stati Uniti d'America vecchio,,617,M546x563S17820520x524S34300482x483S2c300513x540
stazione,,193,M547x555S2ff00483x483S34700482x483S30a00483x483S17500526x517S22200533x506S22200533x498S37602514x516
stivali,,465,M531x603S1ed40505x573S1ed48471x574S34700482x483S22b20486x538S22b20503x538S2fb04495x597
stivali 2,,482,M535x574S30a00482x483S2f900493x474S28800523x534S28818469x532S1ed40507x555S1ed48467x555S2fb00494x528
strada,,722,M530x576S14740516x547S14748470x546S26620492x538S2fb04493x570S2ff00482x483
suo,,339,M580x577S10011535x539S36d00479x524S2ff00481x483S2e00f560x543
T,,946,M515x509S1f220485x491
t in asl,,660,M508x510S1fb20493x491
t in lis,,661,M515x509S1f240485x491
tagliare la lingua,,636,M542x553S10e01517x505S32d00482x483S35d04482x483S22f03503x525S22113494x534
tant,,552,M533x587S34300482x483S30a00482x483S15730477x539S15738509x539S22124476x530S22124507x529S22b12471x565S22b06503x565S2fb04493x581
tant 2,,553,M553x598S14720502x543S14728480x543S33500476x483S2f900480x572S23504503x580S22d06503x565
tavolo,,566,M537x585S30a00482x483S15d50498x538S15d58485x538S22b06507x563S22b12464x563S20500496x565S2fb04493x579
tavolo attaccato al muro,,596,M524x580S1470a477x545S14752485x561S20d00503x544S2f900461x549S26500510x565S35700482x483
tavolo gambe,,591,M545x588S16d40527x562S16d48452x562S32a00482x483S26514475x565S26504509x566S26504509x532S26514476x532S2fb04492x582
tavolo punta,,580,M570x614S1dc58461x547S1dc50519x548S1f447536x584S2840c548x570S2f900465x584S30105482x477S34d00482x488
tavolo punta indicare,,581,M550x603S1dc58461x547S30105482x477S34d00482x488S10b20527x559S2f900465x584S26a00523x589
tavolo TS,,575,M546x598S30a00481x483S15d58456x564S15450531x557S20500463x549S26504471x554S26504494x539S26504515x555S2f900456x593S32411460x501S32410490x500S32417521x502
tecnico,,738,M529x591S34700482x483S11240511x563S15d48471x539S20602496x554S2ef11473x571S2ef00507x539
tennis,,356,M553x573S36d00479x522S34700481x483S20321532x539S3770b520x551S2e100502x533
terremoto,,385,M537x594S14c58464x547S14c50513x547S34700482x483S27120482x579S2fb04492x565
test-1,,979,M624x607S10000400x394S10000469x395S10000585x394S10000376x577S10000609x577S10000486x577
test-2,,980,
testa,,211,M543x518S34000482x483S15d11520x482S30007482x483S20600499x468
testardo,,454,M542x591S30007482x483S20500512x475S10011521x490S14c18483x527S20310508x544S20c02497x563S34300482x483
Titolo,,996,M542x566S30f00482x483S11820519x519S11828455x521S21800492x523S2fb04492x560S34400482x483
tocca (a te),,712,M540x580S14c5a488x556S1c551515x518S22a03516x542S20500493x548S2f900474x567S2ff00482x483
tocca a te,,714,M543x603S30307482x477S10012484x570S20500498x592S10031495x534S2c300517x555
tondo molto sottile,,438,M552x578S1d810512x542S1d818471x542S35400482x483S2fb04494x572S2df06532x537S2df1e450x536S32d00482x483S21100483x533S21100503x533
Toponimi in LIS,,1073,M550x585S34400482x483S10c11520x545S10c19451x545S22f03518x564S22f15463x563S2fb04493x578
tre,,239,M512x515S11e00489x485
tre,,567,M549x564S11e00513x534S26500535x548S2ff00482x483
tre anni fa,,686,M562x542S2ff00482x483S11e00539x499S2b725522x503S20500523x531S36d00479x526
triangolo,,354,M550x602S1ee10500x551S1ee18472x551S20500494x538S20500494x579S1f410521x576S1f418446x577S22a05528x546S22a13459x546S36d00479x522S34300482x483S2fb04490x596
Trieste,,666,M533x580S37600487x557S10a11465x537S10a19505x538S34700482x483S21800464x527S21800515x527
Trieste segno triestino,,669,M530x584S10a51497x542S10a59471x542S34700482x483S20a00492x528S2ea54491x559
triste,,396,M528x551S34100482x483S30a00482x483S15000490x520S22a04515x521S21600518x540
tu,,332,M520x582S34d00482x483S26500505x536S10040505x552
tu (volere),,707,M520x588S34d00482x489S26500505x542S10040505x558S30350495x477S30a30488x496
Tu!!,You!,11,AS30c00S10b20S26500S2f710M522x565S30c00482x482S2f710488x558S26500486x538S10b20505x538
tuo,,338,M541x574S10012487x547S36d00479x524S2ff00481x483S2e00d520x536
U,,947,M508x515S11520493x485
uccello,,786,M519x527S2ff00482x483S1f020475x509S22504460x511S20800509x517
uccello 2,,788,M519x527S2ff00482x483S1f020475x509S22504460x511S20800509x517
uccello 2,,789,M555x554S2ff00482x483S1f020475x509S20800509x517S22104465x500S15d57531x531S15d5f449x531S22504543x514S22504448x515
uguale,,395,M524x604S33e00482x483S33500476x483S10050501x541S10058480x541S20b00492x525S28910483x575S28908498x575
un mese,,689,M554x571S2ff00482x483S15d18465x523S10011503x526S21100487x524S2ef03523x551S10001533x526
un ora,,765,M537x592S10003507x531S14c5a479x568S34400482x483S2ef04498x554S10001480x530
una forma del tetto,,436,M532x586S14719476x532S14711502x533S34d00482x483S22c13467x548S22c05499x548S2fa00493x568S2fb04491x580
undici,,691,M534x590S34d00482x483S1f540517x530S2e230515x558
undici piano quindici piano,,771,M562x566S2ff00482x483S1f540448x509S2e230466x509S17520539x523S14c00515x507S18020440x547S26506472x551S26506547x552S18020517x548S2df07532x499
università,,360,M545x518S30000482x483S15210509x471S34d00482x483S20310514x452S20500495x472S26500531x465
uno,,64,M534x532S34d00482x483S10000519x502
uno,,981,M508x515S10000493x485
UNO,,237,M511x515S10001490x485
uomo,,204,M553x545S30005482x483S14711532x505S20500518x505S22f02516x520
uomo 2,,205,M555x545S30005482x483S15d11532x505S20500518x505S22f02516x520
uomo 3,,698,M543x546S30005482x483S15d00524x499S26a04512x532S20601502x516
uomo 4,,699,M565x518S30007482x483S20500511x477S1ea20519x489S1ea10522x470S2df07545x486
uovo attraversa la porta (picchio 16/17),,754,M536x596S32400481x489S36d00479x529S14741514x571S14749472x575S32a00481x489S2d515474x553S2f900507x588S15348498x539S2d51f516x540S30326481x476
uovo cade fuori dal fiore (picchio 9/17),,747,M553x605S15248468x531S32104482x483S36d00479x524S18550489x545S2a612484x559S29f0b506x563S10b50536x576S22a04522x590
uovo cade sul fiore (picchio 8/17),,746,M548x571S15538470x536S34400481x483S36d00479x523S2f900472x566S15540533x489S22c03499x510S20a00490x546S32113489x494
uovo ruota sulla foglia (picchio 11/17),,749,M549x585S15232518x565S32104481x489S36d00479x529S33b00481x489S15318448x512S30154493x476S29f1b466x526S2990a491x547
uovo salto (picchio 1/17),,739,M538x569S1ed48467x541S32400482x483S15340521x529S2f900469x564S22d00522x474
uovo scende (picchio 2/17),,740,M538x602S1ed48487x536S10b50518x576S15340523x487S2f900489x561S22d04519x525S32104482x488S30120482x477
uovo si ferma dopo la porta (picchio 17/17),,755,M539x583S32401481x483S36d00479x523S14741512x561S15348475x538S28f11492x511S2f900505x578
USA,,368,M522x605S14c02491x551S14c0a479x551S20a00491x532S34000482x483S2e607486x576
usa asl,,369,M522x594S14c02491x551S14c0a479x551S20a00491x532S34000482x483S2ec26482x579
uscire,,773,M530x584S34d00482x483S19a10502x555S19a18470x555S2c300503x533S2c311473x532S2fb04493x578
V,,948,M508x515S10e20493x485
vado,,194,M543x573S2890e504x550S37700519x548S33f00482x483S18057522x519
valentina,,68,M539x563S34000482x483S30006482x483S11810523x500S25104521x530
valentina,,93,M544x560S30a00482x488S34000482x488S30306482x477S25104526x527S11810527x492
valentina,,151,M540x560S30a00482x483S34010493x508S30006482x483S11810524x498S25104522x527S26526496x468
valentina,,114,M543x562S11810528x500S30006482x483S34010492x507S25104525x529
Valeria,,1243,M565x520S30007482x483S20500546x509S1ce10543x476S2b705526x478
valeria,,214,M562x537S34000482x483S30005482x483S10e21532x512S2d503522x497S2d503523x483S21100515x509
VALERIA,,1244,M545x518S30007482x483S1ce10523x463S20500527x495S2c301499x453
vecchio,,724,M525x536S30004482x483S18050484x521S20800515x513S22504469x518
vedere,,625,M544x538S10001523x508S34700482x483S30006482x483S20600520x492
venti,,761,M546x556S1dc20522x526S22504514x529S34700482x483
venti mesi venti mesi,,783,M589x582S2ff00482x483S1eb20449x523S22102558x545S1eb20546x522S15d18435x545S10011472x552S20e00457x561S22102463x547S22102457x547S10011568x550S20e00554x558S15d18531x543S22102553x545S22104532x521S22104532x515S22104433x526S22104433x521
venti ore venti ore,,762,M575x613S1dc20530x521S22504523x526S34700482x483S10003545x551S14c5a517x588S2ea02522x573S14c5a450x589S2ea02457x572S10003470x548S1dc20456x523S22504450x530
verde,,7,M536x538S30006482x482S11810521x498S22a04508x523S21100518x476
verissimo,,542,M544x572S10e01519x530S34700482x488S22f03510x551S30114482x477
verità,,541,M544x554S10e01519x515S34700482x483S22a03514x540
vero,,540,M544x557S10e01519x515S34700482x483S22f03510x536
vietare,,633,M559x566S11501513x535S2df08538x545S2ff00482x489S30326482x476
vigile,,384,M556x588S36310482x483S11800495x520S30004482x483S20500485x518S14727535x528S1472f449x528S2fc04495x577S2a602511x552S2a600524x548S2a611463x549S2a613477x553
visitare,,51,M529x599S10e51491x531S10e5f465x539S33c00482x483S2d728490x565S23024496x581
visitare,,131,M523x597S33c00482x483S10e51490x529S10e5f468x535S26626493x559S23024492x579
visitare,,179,M524x594S34000482x483S10e51488x528S10e5f471x532S26626494x557S23024492x576
viso,,81,M549x555S30000482x483S30002482x483S30004482x483S30006482x483S36d21479x517S10b00507x528S2e300526x528
viso,,110,M558x540S30002482x483S30004482x483S30006483x483S30000482x483S36d00479x517S37b01519x519S37709523x510S10b01523x486S2e306531x517
viso,,111,M561x537S30000482x483S30002482x483S30004482x483S30006482x483S36d00479x517S37b02519x520S37709526x510S10b01523x484S2e306534x514
viso,,145,M559x542S32b00483x483S30000483x483S30004483x483S36d00479x520S37b01519x523S37709522x515S10b01521x490S2e306532x519
visto!,,116,M535x557S30a00482x483S34710493x506S30006482x483S10e00519x501S20500519x493S26500521x535S2f700523x550
voi,,335,M529x575S34400482x483S2d608500x530S10041499x545
volare,,787,M553x555S15d57528x532S15d5f450x532S34d00481x483S36d00479x523S22504541x511S22504451x513S2fb04492x548
volere,,706,M534x572S14c00498x531S36500482x488S30004482x488S22329490x524S2f900504x567S30a30488x494S30350495x477
volere (incontrare),,401,M534x567S14c00498x526S36500482x483S30004482x483S22329490x519S2f900504x562
vuoto,,481,M518x588S30a00482x483S2f900493x474S34d10497x507S10b00501x525S2e234499x556
W,,949,M509x515S18720491x486
whisky,,662,M526x534S10e51496x496S10e59474x496S20800495x514S2d200495x467S2d211478x467S2fb04492x528
wifi,,364,M562x573S14620521x537S34d00482x483S22504528x519S2f900535x568S19220541x545
X,,950,M511x513S10620490x487
Y,,951,M514x510S19a20486x490
y-o-u-t-u-b-e,,184,
youtube,,185,
youtube,,186,
Z,,952,M518x517S10020482x487S2450a487x483
zoo,,376,M569x583S10b20515x536S17610517x566S22b06539x567S23f03540x547S34400482x483
À,,953,M508x508S20320493x493
Ç,,955,M509x510S16d20492x490
È,,954,M508x508S14a20493x493
É,,956,M508x508S14a20493x493
Ì,,957,M511x510S19220490x491
Ò,,959,M508x508S17620492x492
Ù,,958,M508x515S11520493x485
è pesante,,425,M543x586S34300482x483S32604482x483S14c32512x539S14c3a466x538S22f24490x563S2fb04495x580S37003479x523S37057468x520
