canonical_gloss,synonyms,sid,FSW
dollar,$,782,M511x532S11020490x468S29904497x500
0 (number),,3588,M515x513S1eb20491x494S22214486x488
un,"1, liste: chiffres",136,M508x515S10000493x485
dix,"10, liste: chiffres",3184,M514x519S1ee20488x497S22104486x482
cent,"100, liste: chiffres",2015,M526x515S16d20474x485S26606496x488S2f700503x508
11,"onze, liste: chiffres",400,M518x589S30004482x483S20e00494x521S22e00492x536S10054492x559
11,onze,402,M509x528S10054493x498S22e00492x473
cent dix,"110, liste: chiffres",3185,M541x511S1ee20459x489S26506491x496S1f420512x496
douze,"12, liste: chiffres",741,M518x587S30004482x483S20e00494x521S22e00492x536S10e54492x557
douze,12,742,M509x527S10e54493x497S22e00492x473
cent vingt,"120, liste: chiffres",1045,M554x509S12b20447x493S26606484x493S13f20525x492
13,"treize, liste: chiffres",990,M518x572S30004482x483S11e54493x542S20e00494x523S22e00471x537
13,treize,991,M513x527S11e54490x497S22e00488x474
treize,"13, liste: chiffres",2457,M518x589S30004482x483S20e00494x521S22e00492x537S18654492x559
treize,"13, liste: chiffres",2458,M509x526S18654491x496S22e00491x474
cent trente,"130, liste: chiffres",2016,M538x510S16d20463x490S26606485x493S17620522x494
quatorze,"14, liste: chiffres",1156,M518x591S30004482x483S20e00493x521S22e00490x537S14454484x560
quatorze,14,1157,M512x527S14454489x496S22e00495x473
cent quarante,"140, liste: chiffres",2619,M537x516S1c020463x485S26606486x499S22104525x498
quart,"quinze, 15, liste: chiffres",2661,M515x527S1c520485x474S25504497x505
cent cinquante,"150, liste: chiffres",2747,M549x515S1d120452x487S1d420520x485S26606485x497
seize,"16, liste: chiffres",3227,M573x515S1f502524x488S14c09461x485S2d200547x491S2d210428x492
seize,"16, liste: chiffres",3341,M541x550S30004482x483S1f512492x531S21404493x520S14c19440x521S2c300515x527S2c311403x527S20e00513x514
seize,"16, liste: chiffres",3342,M569x513S2c311431x488S1f512520x492S2c300543x488S14c1a464x490
cent soixante,"160, liste: chiffres",2038,M545x517S16d40456x492S26606478x493S1f901511x496S22503533x484
dix-sept,"17, liste: chiffres",2929,M575x513S1dc12510x487S14c1a460x490S2c300549x489S2c311425x488
dix-sept,"17, liste: chiffres",2930,M563x552S1dc12498x526S14c1a448x529S2c300537x528S2c311413x527S30004482x483S20e00493x521
cent septante,170,3196,M550x514S1ef40451x499S1f430521x499S26606486x497S22114513x486
dix-huit,"18, liste: chiffres",946,M567x517S11e01511x484S14c09466x487S2d211434x494S2d200541x492
18,dix-huit,988,M548x562S30004482x483S11e12483x539S20e00494x523S14c1a437x538S2c300522x538S2c311403x536
18,dix-huit,989,M573x513S2c311428x487S11e12508x490S2c300547x489S14c1a462x489
cent quatre-vingts,180,1018,M540x521S12840460x496S26506494x507S12930516x498S22504516x479
dix-neuf,19,1129,M573x515S14c09462x488S14401509x486S2d200547x492S2d211428x492
dix-neuf,19,1154,M558x565S30004482x483S20e00494x520S14412493x534S14c19445x536S2c300532x532S2c311412x542
dix-neuf,"19, liste: chiffres",2461,M578x514S19001518x486S14c09458x486S2d200552x490S2d210423x491
dix-neuf,"19, liste: chiffres",2463,M564x562S30004482x483S19052499x534S20e00495x520S14c19447x532S2c300538x530S2c310413x539
dix-neuf,"19, liste: chiffres",2464,M572x514S14c5a462x490S19052507x491S2c300546x487S2c310429x490
cent nonante,190,2037,M542x515S16d40459x495S26606481x496S14b30519x496S22114507x485
deux,2,544,M508x515S10e00493x485
à dix heures,"à vingt-deux heures, quoi, vingt, à 10h, à 22h, 20",556,M515x522S1ee20489x500S22504486x479
vingt,20,1093,M516x514S13d20487x499S22104485x487
deux cents,200,754,M510x529S11000491x472S2df0e490x505
deux mille,2000,563,M542x515S15d18458x488S20500480x500S26902497x498S10e00527x485
trois,3,943,M512x515S11e00489x485
trois,3,944,M509x515S18600491x485
3,,3583,M509x515S18700491x486
trente,30,1034,M512x520S12820489x496S22104488x480
trente,30,1120,M514x519S13c20490x489S22504487x481
trente,30,2013,M523x510S16d20506x490S22114477x495
trois cents,300,992,M512x529S12100488x471S2df0e488x505
trois cents,300,993,M511x530S18b00489x471S2df0e491x506
trois mille,3000,564,M546x515S15d18454x487S20500476x499S26902493x497S11e00523x485
trois mille,3000,565,M544x515S15d18457x487S20500479x499S26902496x497S18600526x485
quatre,4,1121,M511x516S14400489x485
quarante,"40, liste: chiffres",2617,M516x516S1be20493x486S22504484x485
quatre cents,400,1158,M513x531S14500487x469S2df0e493x507
quatre mille,4000,566,M546x516S15d18455x489S20500477x501S26902494x499S14400524x484
cinq,5,1278,M512x516S14c00489x485
cinquante,"50, liste: chiffres",2806,M515x515S1d420486x487S22504485x485
cinq cents,500,1491,M513x530S14e00488x471S2df0e492x506
cinq mille,5000,567,M546x516S15d18454x489S20500476x501S26902493x499S14c00523x484
six,"6, liste: chiffres",3236,M554x519S1f501532x485S22a03522x504S22a15471x505S14c0f447x481
6,,3584,M519x519S1f501481x497S22f03498x481
Bic,"briquet, Corse (France), soixante, stylo, 60",3358,M508x521S1f902493x498S22504493x480
six cents,"600, liste: chiffres",3237,M539x532S1f501517x478S14e08462x469S26516469x511S2df0e519x508
six cents,"600, liste: chiffres",3238,M539x532S1f501517x478S14e08462x469S2df0e519x508S2df16463x507
7,,3585,M520x519S1dc01481x489S22f03499x481
sept cents,"700, liste: chiffres",2936,M538x531S14e08463x470S1e100514x475S26516469x509S2df0e513x507
sept cents,"700, liste: chiffres",2937,M538x531S14e08463x470S1e100514x475S2df0e513x507S2df16463x506
huit,8,945,M535x521S11e01510x479S14c09465x479S22a03503x507S22a15484x506
huit,8,1008,M512x522S12420489x492S22504500x479
8,,3586,M522x520S11e01479x490S22f03501x481
quatre-vingts,80,1039,M512x522S12830489x498S22504488x479
huit cents,800,994,M537x533S12100513x473S14e08465x468S2df0e512x509S2df16464x508
huit cents,800,995,M536x532S12100512x472S14e08464x468S26516472x510S2df0e510x508
neuf,9,1127,M540x521S14c09460x482S14401512x480S22a05484x507S22a13501x506
neuf,9,1128,M538x521S14c09463x482S14401510x480S22a03498x507S22a15481x507
neuf,"9, liste: chiffres",2460,M543x521S19001518x480S14c09458x480S22a03509x507S22a15482x506
9,,3587,M522x519S18e01479x493S22f03501x481
nonante,90,1267,M512x517S14b30489x502S22504490x483
neuf cents,"900, liste: chiffres",1159,M534x531S14500508x469S2df0e514x507S14e08466x469S26516474x509
neuf cents,900,1160,M534x531S14500508x469S2df0e514x507S14e08466x469S2df16467x507
neuf cents,900,1161,M535x531S2df16467x507S2df0e514x507S14e08466x469S19000512x470
neuf cents,900,1162,M534x531S26516474x509S2df0e514x507S14e08466x469S19000511x470
A,liste: dactylologie,3269,M512x508S1f520488x493
A,liste: dactylologie,3296,M508x512S1f540493x488
A,,3563,M510x508S1f720490x493
Aarschot (ville),,320,M509x535S10040491x480S26504491x520S21600501x465
abaisse-langue,,3076,M545x518S34400482x483S35a04482x483S1ea4c522x494
abandonner,,2124,M551x522S17620476x479S17620535x479S25503515x493S25513457x493S21b00450x514S21b00509x514
abandonner,démissionner,2157,M539x523S17650523x477S17658461x477S22a04524x496S22a14462x496S21b00526x515S21b00464x515
abattoir,"boucher, chandeleur",3407,M523x518S30000482x483S20310492x444S26504492x465S20b00510x471
abattoir,boucher,3408,M533x518S30000482x483S20310493x450S20e00494x468S2df04512x458
abcès (corps),,1641,M540x594S37a06461x577S14c5a509x566S15351491x547S21600488x565S20500486x583S30c00482x483S34200482x483
abcès (dent),,1633,M537x531S30005482x483S15310522x506S21600509x518S30c00482x483S34200482x483
abeille,miel,2690,M529x531S1c512477x470S15d1a472x512S20e00487x504S2e508506x484
abonnement,,1951,M529x524S36d00479x477S16d02477x491S20500483x513S26b00502x492
abonnement,licence (informatique),2043,M530x522S16d40509x481S15d48470x478S20e00492x486S22f04505x508
aboyer,,1504,M531x532S14e04470x469S14e08470x501S26b00504x475S26b10503x514
abricot,Roi Albert II,996,M600x518S12102573x486S11002520x494S30006482x483S26502552x495
abricot,,1011,M555x554S30006482x483S12720539x479S21100522x494S26504539x516S13f20526x539
abréger,"bref, court, résume, synthèse",864,M541x516S11540526x486S11548459x485S26502506x501S26516479x501
abréger,contraction,1582,M555x513S15410540x487S15448446x488S28432504x491S28416467x489
absent,manquer,1285,M523x542S15d0a478x499S14c00487x458S20e00492x492S18530483x527S22a04510x499
absorber,,1389,M551x576S32c00482x483S36d00479x522S14c20528x504S14c28450x502S26503520x544S26515467x544S20320502x561S20328483x561S20500505x547S20500486x547
abîmer,,3528,M520x524S20338486x502S20350493x495S20e00505x512S26f00480x476
abîmer,,3544,M526x548S20350502x488S20358484x488S20500496x475S2e856486x453S2a308503x512S2a310475x511
académie,,1994,M539x518S30000482x483S16d10505x468S16d18475x466S26500525x468S26514457x471S21600529x453S21600460x488
accent,voix,134,M527x551S36a00482x477S10000486x521S20600505x525
accent,"voie, voix",743,M537x539S36a00482x477S20e00494x523S10e54520x509S22e00520x488
accepter,,1307,M521x543S14c02480x467S26504496x492S20500497x512S20300495x528S36d00479x457
accepter,,1441,M537x551S36d00479x450S14c50508x460S14c58468x459S26504513x496S26514472x496S18551510x517S18559462x517S20500480x540S20500508x540
accessibilité,,2949,M531x567S36a00482x477S1e102501x515S1e10a473x515S2df08510x546S2df10468x546
accident,,1360,M552x517S14c10529x486S14c18448x486S23800508x483S20e00494x490S23818475x483
accident (véhicule terrestre),,3512,M539x537S20341518x516S15d49461x463S20b00480x479S26601496x495
accident (véhicule terrestre),,3551,M537x536S15d49464x464S20351516x515S20b00482x479S2840f497x496
accompagner,"conduire quelqu’un, guider",2868,M515x553S1d451490x486S26620490x448S20800487x517S14c59486x527
accompagner,suivre,3309,M516x531S1f548484x493S1f540501x501S20500489x520S26520494x470
accordéon,,1500,M581x518S14e02520x485S14e0a447x486S22522502x483S22526485x483S28806559x487S28806559x504S2881e419x487S2881e420x506
accrocher,portemanteau,452,M508x523S10610493x477S22a04494x508
accrocher,,457,M516x522S10618501x496S20700491x478S10630484x496
accueil,réception,1601,M527x555S36d00479x446S15432502x481S1543a468x455S21600510x526S21600477x501S26504507x504S26514473x475S20500502x544
accès,"passage, passer, traverser",1851,M522x526S15d40492x499S15d3a478x482S20e00508x493S26500508x475
accélérer,,1673,M527x582S35710482x483S15a58476x555S15a20512x555S26900511x533
accélérer,dépêcher (se),3041,M513x531S1ea30488x510S23000488x485S2f700494x470
accélérer,dépêcher (se),3042,M514x532S1ea30486x468S2e508491x493S2f700496x525
accélérer,"dépêcher, turbo",3558,M523x517S20312483x502S37706498x508S26a00477x483
acheter,,3002,M542x537S1ea0a472x488S1ea02508x488S27200502x464S27214459x518
acide,,1987,M529x566S16d10512x546S22504506x534S26602476x550S36100482x483
acier,"fer, métal",448,M518x568S30004482x483S10610488x536S20e00494x520S2eb0c467x536
acier,"dur, fer, métal, pierre, roc",475,M537x529S10631488x472S10659463x509S20e00484x496S2eb33512x487
acompte,,3018,M512x524S1ea10489x503S26900496x477
acquérir,,1651,M557x538S36d00479x476S20500503x527S20500488x527S22a03522x477S22a15466x478S18512503x498S1851a482x498S15710539x462S15718445x463
acteur,théâtre,1832,M563x528S36d00479x473S20e00478x479S20e00508x479S15d32516x484S15d3a456x484S2ea00548x485S2ea18437x485S2fd04486x522
acteur,"handicapé, théâtre",2347,M564x533S18002527x469S1800a459x468S36d00479x485S20e00511x492S20e00477x492S2eb04549x470S2eb48439x472S2fd04487x527
acteur,"jeu, jouer",2489,M545x526S19a08456x475S19a00517x475S2e508519x499S2e510459x499
acteur,théâtre,2643,M573x528S1c502524x475S36d00479x485S1c50a446x474S20e00476x494S2ea00558x475S2ea18426x473S2fd04487x522S20e00510x494
actionnaire,coupon,588,M526x534S10e02496x488S20308505x519S20e00506x505S22f02475x482S22504496x467
activité,"animateur, publicité",3045,M547x530S1ea30519x470S1ea38459x470S2e608518x497S2e610453x497
actuel,"aujourd’hui, maintenant, présent",1408,M546x525S14c31515x476S14c39460x476S22f04521x511S22f14455x510
actuellement,"quotidien, tous les jours",2088,M558x528S30005482x483S17610511x512S26a00531x511S21d00535x497
acupuncture,,2876,M537x538S37906466x526S20500464x512S20500481x512S20500498x512S2920a471x492S1d451468x463S14c1a506x515
adapter,,3066,M512x547S1ea40489x526S26500488x502S20500491x486S1ea4b490x453
addiction,dépendance,378,M518x535S20338493x466S37700499x481S10050503x486S21100483x486S26504503x520
addition,"et, plus (ajouter)",262,M521x521S10018493x491S10012491x493S20500480x480
adjoint,,2289,M536x517S18018465x484S18010495x484S2880c524x495
adjoint,assistant,3312,M516x525S1f548484x475S1f540501x475S20500487x503S2880d494x505
administration,"attention, éducateur",3378,M560x537S20300502x482S20308483x482S37700489x496S37700508x496S21100494x464S23600521x481S23614440x480S2fd04488x531
ADN,,683,M570x511S10e22498x491S10e0a472x492S28412431x491S28436537x489
adolescence,,1484,M543x558S30006482x483S14e00517x527S22520511x511
adolescence,,1485,M542x563S30006482x483S14e00516x532S22520510x515S33200482x483S30002482x483S26502496x545
adoption,adopter,1442,M532x550S36d00479x451S14c50508x461S14c58468x460S26504513x497S26514472x497S20500515x539S20500473x538S20350513x518S20358471x517
aimer,adorer,1292,M521x528S36d00479x472S14c01489x501S20500491x483
adorer,,3455,M533x535S33d00467x483S20320478x520S34e00497x483S26500459x520
adresse,"route, rue",921,M533x526S11a04517x496S11a0c467x496S26900517x474S26910467x474
adresse,,938,M540x527S11a50518x497S11a58467x497S26a00513x473S26a10461x473
adresse,,1096,M546x528S14004517x498S1400c454x498S26900517x473S26910468x473
adroit,"avoir du temps, fin, fin (malin), traîner",2821,M536x545S1d430510x517S1d438467x516S1d230511x456S1d238467x456S26500522x495S26510464x495
adultère,métro,389,M527x526S15d59474x486S10051497x501S21404489x521S2c602504x474
adversaire,"contre, ennemi",142,M539x515S10000524x485S10008461x485S26902502x492S26916481x492
adversaire,"contre, ennemi, opposer",180,M556x508S10002526x492S1000a445x492S26502506x494S26516482x494
affaire,,3299,M521x526S1f540479x480S1d820503x475S26506506x512
affichage,"affiche, poster",3307,M545x538S1f548457x462S1f540530x463S22c04529x496S22c14456x494S26500512x485S26500512x510S26510478x485S26510478x509
affichage,"affiche, poster",3326,M545x532S1f550520x469S1f558456x469S22c14455x490S22c04529x490S26500512x489S26500512x513S26510474x488S26510474x512
affilier,"connecter, fédération",520,M513x547S17618488x454S20700488x476S26500490x498S10a20487x521
affreux,"laid, moche, vilain",447,M525x548S30004482x483S10610510x521S20e00494x520S26602473x532
Afghanistan,,973,M523x537S1005a477x470S11e40500x483S20700501x463S22e04500x519
afin de,"but, objectif",146,M583x574S31a10482x483S20500571x533S10009549x544S10020506x502S26500525x516S10020568x544S10009475x544
Afrique,,464,M539x541S30006482x483S10620518x479S20e00525x509S22a04524x526
Afrique,,1348,M548x532S2ff00482x483S14c10525x475S24b03514x510
Afrique du Sud,,465,M577x588S30006482x483S10620518x479S20e00525x509S22a04524x526S20320562x538S22b04561x558
Afrique du Sud,,1349,M587x566S2ff00482x483S14c10525x475S24b03514x510S20320572x531S22a04572x551
agacer,,1218,M521x594S36100482x483S36d00479x520S22b00491x527S21100492x562S14712486x580
agacer,,1537,M529x532S15002481x476S36d00479x468S21100516x483S2e500494x505
agence,sauna,3013,M531x522S1ea10508x501S36d00479x478S20600501x486
agenouiller (se),,769,M512x537S15d39489x514S11004494x464S20500496x497
agglomération,,1785,M524x531S15d11501x508S15d19476x508S20600489x493S2e756488x470
agneau,,1047,M562x519S38600456x482S20e00438x489S12b40472x491S13f40533x492S26a06508x486
agrafeuse,,2068,M529x525S16f50503x475S15d20491x498S20700472x483S22104497x488
agrafeuse,,2955,M548x529S15d39453x506S15d39524x506S1ea03527x472S20500526x497S20500456x495S1e104459x476
agressif,"sauvage, violence",2012,M555x518S30007482x483S16d20518x474S2ea3c540x470
agréable,,1333,M565x527S36d00479x495S14c03512x501S14c0b464x501S21100537x488S21100451x489S22a07552x475S22a11438x474
ah,"étonner, surprise",1305,M521x568S20b00490x528S14c02482x545S36d00479x522S34400482x483S31a00482x483
aider,"au secours, secours",1836,M532x531S15d32469x505S37604484x470S20500480x520S2035a517x501S37806496x518S22a20468x494
aider,,2644,M533x537S1c502470x507S2035a518x493S37806498x517S37604485x463S20500471x498S22a20468x477
aigle,,3134,M546x518S33200482x483S30c00482x483S1ec20523x495S2b700526x469
ail,haleine,1589,M536x542S34700482x483S15420491x517S26a00509x522
ail,,3297,M533x515S1f540467x491S19220487x496S1dc20509x485
aile,"envoler (se), mouche, voler (oiseau)",2302,M562x528S36d00479x489S37602519x489S3760a459x489S18010441x490S18018530x490S22504550x473S22504439x475
aimer (ne pas),détester,133,M527x550S20600505x527S10000486x520S30004482x489S30c00482x489S30122482x476
aimer (ne pas),détester,1309,M549x519S36d00479x482S14c02485x496S20e00468x500S2d200523x493
ainsi,comme ça,1818,M540x534S15d30521x467S15d38461x467S25504520x496S25514467x496S2f700494x527
aérer,"air, frais, menthe, rafraîchir",1300,M574x545S2ff00482x483S14c01525x495S14c09449x495S23505540x511S23513426x511
aire,"base, endroit, lieu, place, région, zone",1438,M513x526S14c50489x474S2ea02488x511
ajouter,supplément,2426,M539x527S18540513x496S18548462x512S20500477x496S2ed01505x474
AKA,,355,M550x518S2ff00482x483S10050529x484S23000525x461
alarme,"alerte, réveil, seconde",506,M519x514S10a10504x488S26a02482x486
Alaska (USA),,3352,M563x532S30007482x483S30005482x483S1f720515x478S14c20519x501S21100540x481S2880c551x496
Albanie,papillon,1715,M528x520S15d01477x497S15d09499x497S20700491x480S22504516x481S22504472x481
Albert Ier,coeur,2635,M521x520S1c502475x488S36d00479x481S20600496x509
alcool,"goût, Hasselt (ville), Limbourg (province)",135,M518x561S36a00482x477S10000486x531S20500495x516S22504505x530
alcool,"goût, Hasselt (ville), Limbourg, liste: villes",2878,M518x565S22504505x532S1dc00485x535S36a00482x477S20500494x521
Aldi,Renault,1081,M536x514S20600489x498S13411511x486S13419464x486
Aldi,,1082,M585x514S13411499x486S13419474x486S26506531x496S26512453x496S13f10556x497S13f18415x497
Alfa Romeo,serpent,1033,M518x518S33d00482x483S12920453x494S26a00455x470S12720460x429
algue,,1140,M543x539S14417515x462S14419462x461S27202510x499S27212457x498
Algérie,"truc, Turquie",501,M549x537S30005482x483S10a10508x511S20600527x506
Algérie,,2514,M546x575S19a10518x480S2ff00482x483S19a18460x519S2e00c522x508S2e014465x547
aliment,"manger, nourriture, repas",2983,M527x561S33d00482x483S1ea00498x520S26a04500x547
Allemagne,allemand,206,M521x518S10010492x430S30000482x483S26504494x465S20500511x473
Allemagne,"bière, Manage (ville), liste: pays, liste: villes",3194,M547x518S30007482x483S1ef20518x479S22504519x463
Allemagne,bière,3195,M551x518S30007482x483S1ef20518x479S22504519x463S26a04524x501
Allemagne,,3241,M552x540S1f510537x494S33200482x483S20e00522x495S26a02525x513
aller,,393,M581x512S10052518x495S1005a451x495S2c311419x488S2c300555x489
aller,,797,M510x533S11050491x506S26600493x467
aller,,2662,M515x531S1c520485x503S26600493x470
aller (s’en),partir,3178,M515x538S26600496x486S1f410486x463S1ee10489x516
alligator,"caïman, crocodile",1523,M518x610S14e50488x530S14e38488x579S20600492x565S36100482x483
allumer la lampe,lampe,2160,M554x518S2ff00482x483S17651538x471S21b00541x492
allumette,,2834,M538x531S1d440492x469S1d448463x469S2a204501x503S2f700526x505
allée,chemin,712,M526x537S10e40510x507S10e48477x507S2dd06510x464S2dd16475x463
alors,,3300,M520x512S1f540480x488S26906502x496
à son tour,"alors, après, ensuite, puis, suivant",3311,M547x513S1f548453x488S1f540510x488S26906529x496S26916472x497
Alost (ville),,841,M540x518S30007482x483S11511515x487S20600512x470
alphabet,"dactylologie, épeler",1436,M528x525S14c50482x494S22530473x476S26506513x509
Alzheimer,,2176,M547x518S22504486x438S22504505x438S2ff00482x483S22b05523x481S22b13453x482S17b00509x456S17b08476x456
ambassade,"empereur, home, maison de repos",3506,M514x532S20500503x488S20348486x479S20340495x469S2ea20499x507
ambassade,,3533,M520x524S20348484x490S20350492x480S20500480x476S2ea20505x499
ambassade,,3554,M517x538S20359483x476S20351496x477S20500495x463S2eb20495x506
ambiance,,1406,M545x608S14c30518x537S14c38457x536S2e608516x575S2e610454x575S33e00482x483
amende,"contribution, impôt, Pologne, punir",3391,M522x519S20302477x488S36d00479x481S37706492x495S20500480x507S20500512x507S22a06494x506
ami,"collègue, copain",1463,M544x531S14c51456x470S14c39458x504S20500460x496S14c59515x469S14c31518x503S20500532x493
ami,"collègue, copain, parier",1916,M550x521S15d39450x498S15d31527x496S15d51466x495S15d59509x495S20500455x483S20500528x480
ami,"camarade, copain",2069,M516x531S16f51495x489S16f39487x510S20800505x511S26a20485x470
ami,copain,3043,M513x525S1ea30488x476S2ee0c492x502
amortisseur (véhicule),,3377,M541x529S20300521x490S20308464x490S37700470x504S37700527x504S22f04516x472S22f14460x472
amour,"bon coeur, généreux",193,M522x527S36d00479x481S10003490x475S1000b454x474S28c0c501x498S28c14460x497S21100483x500S20500484x516
amour,,2642,M521x543S1c502470x459S36d00479x497S1c50a446x486S20e00476x506S2ea00506x457S2ea18426x485S2fd04466x537
Amsterdam (Pays-Bas),,248,M526x577S10019483x436S10019483x490S10019483x547S10011496x437S20500494x424S20500496x534S20500495x477S10011496x490S10011496x547S22a04512x476S22a04513x531S22a14475x476S22a14475x531
amuser,,1334,M566x527S36d00479x495S14c03512x501S14c0b464x501S22f07545x473S20e00453x489S20e00537x489S22f11435x473
amuser (se),,2571,M543x522S19a50515x480S19a58458x479S22f04517x508S22f14459x508
amuser (se),,2573,M548x531S19a50520x470S19a58453x469S26c02504x491S26c1a480x491S2a308522x495S2a310454x493
amygdale (enlever),,805,M542x539S36a00482x477S20e00494x525S11054523x512S22e00522x486
améliorer,"mieux en mieux, progresser",1705,M548x567S33d00482x483S15d01497x516S2a305519x535
Amérique,"États-Unis d’Amérique, filet américain, USA",1294,M518x538S2ff00482x483S14c01492x491S22f03481x517
Amérique du Nord,,1295,M582x559S2ff00482x483S14c01492x491S22f03481x517S11520566x529S22b00566x489
Amérique du Sud,,1296,M572x574S2ff00482x483S14c01492x491S22f03481x517S20320557x520S22b04556x544
an (âge),,2941,M535x552S30004482x483S1e102491x528S20500495x520S26504521x532
analyser,"chercher, enquêter, rechercher",786,M545x531S11021516x478S11029456x477S22511503x469S22517481x469S25504530x509S25514460x509
analyser,,3277,M543x537S1f520515x479S1f528462x464S2e500520x498S2e518457x487S2fd04484x531
ananas,pneu,2980,M559x548S1e151501x461S1e159468x461S1e130502x509S1e138474x509S20500495x537S20500495x452S28e0c530x484S28e14442x484
anatomie,corps,1316,M558x528S36d00479x472S14c02527x475S14c0a442x473S20500511x480S20500478x480S20500511x497S20500511x514S20500478x496S20500478x514S22b04542x498S22b14441x495
ancien,,3417,M537x536S30004482x483S20310493x521S30006482x483S20320522x493S28807516x513S20500480x517S20500516x479
ancien,,3436,M544x527S20310529x481S20318521x473S36d00479x506S20500517x491S2ea50526x502
Andalouse,,2991,M590x526S36d00479x474S1ea01482x486S20500474x482S1ea51562x483S22a04575x507S2a201510x503
Andenne (ville),ours,1962,M538x528S33200482x483S16d10521x491S20600516x517
Anderlecht (ville),besoin,1002,M552x546S30005482x483S20e00501x520S22505516x512S12401530x515
Anderlecht (ville),employer,1044,M547x547S30005482x483S12b10518x512S22504520x495S22f04519x533
ange,,1479,M568x522S36d00479x518S20500518x507S20500472x507S14c52506x480S14c5a465x480S2d201542x479S2d210433x479
ange,"mouche, voler (oiseau)",1806,M581x529S36d00479x504S37602459x490S3760a519x489S15d27536x471S15d2f442x472S22114555x491S22114421x494
anglais,"Angleterre, Royaume-Uni",2943,M518x581S30004482x483S1e102492x520S2e230496x549
Angola,,1632,M538x518S30006482x483S15310523x488S20600511x472
animal,"bête (animal), cheval, cheval fiscal (CV)",680,M546x518S30007482x483S10e21514x478S20e00500x468S26a00519x458
Anne,,1572,M561x518S30006482x483S15410546x488S26502524x493
anneau,bague,2752,M537x528S14c29474x502S1d141485x472S20700463x482S2a531512x498
anniversaire,,2380,M540x551S18500516x511S30005482x483S30003482x483S2df00510x530S20500477x515
âge,anniversaire,2942,M548x552S30004482x483S1e102491x528S20500495x520S26a04521x536
âge,"âgé, anniversaire, cave, vieux",2944,M539x552S30004482x483S1e102492x528S20e00494x521S2ea00524x524
annoncer,déclarer,697,M554x535S33d00482x483S10e32502x520S10e3a468x520S26900538x515S26910447x515
année,difficile,3515,M524x531S20341476x469S20349476x509S20500481x493S2e900509x491
anormal,,900,M562x523S30007482x483S11910518x487S23f03539x502
antenne,"antenne-relais, réseau (téléphonique)",148,M522x543S15d5a495x524S37601504x487S10000498x457S27102479x458
Antoing (ville),"clinique, hôpital, liste: villes",3023,M550x518S2ff00482x483S1ea10524x489S1ea18451x490S26b00523x464S26b10450x464
Anvers (ville),liste: villes,3035,M523x514S1ea20500x488S26a02477x487
Anvers (ville),,3353,M520x514S1f720500x493S26a02480x487
août,,1084,M518x518S30000482x483S1e102484x453S20600462x477
août,,1085,M518x518S30000482x483S13d02495x448S20600465x473
apercevoir,remarquer,118,M546x574S31a10482x483S10000494x500S15420531x549S20320531x507S26500531x529
apercevoir,remarquer,1591,M529x525S31a10482x483S15420512x500S26500515x477S20320514x455
apparaître,surgir,488,M555x545S10930455x525S15d5a446x486S22a00455x506S10000528x456S37700535x485S15d5a525x487S20500545x473
appareil auditif,prothèse auditive,514,M567x518S33010479x483S10a20541x482S26502527x492
appareil auditif,prothèse auditive,515,M574x518S33010479x483S10a20515x486S20e00514x468S2c304547x494
appareil photo,"photo, photographe",3099,M535x518S31a00482x483S1ed10509x486S1ed18466x486S22504510x468
apparence,avoir l’air,1276,M530x544S2ff00482x483S26504516x527S14c00487x513
appartement,,2246,M526x533S18008477x467S18000496x491S2df08505x512S2df10475x488
appartenir,"c’est, il s’agit de",1304,M521x523S36d00479x477S20600487x486S14c02485x500
appeler,"avertir, prévenir",1929,M515x541S15d51492x459S15d59487x518S22f04486x487S20500491x504
appeler,,2239,M550x518S18000520x503S20600509x488S36d00479x482
appeler,,2310,M516x517S18020486x502S26a00485x483
appeler (se),"diabète, nom, Rome (Italie), sucre, trèfle (carte)",868,M520x522S11549480x495S11541496x495S20600489x478
appendice,foie,2351,M555x527S36d00479x473S36d00479x523S20600503x504S1c541530x484
applaudir,"bravo, félicitations",1364,M543x535S14c10520x467S14c18458x466S2e230522x503S2e230459x502
applaudir,"bravo, félicitations",1917,M525x529S15d39475x491S22f04493x515S15d51491x488S20c00497x471
apporter,"arriver, transporter",687,M544x516S10e30529x485S10e38479x485S26502508x502S26512457x502
apprendre,,2385,M547x518S30000482x483S18501500x461S2f001526x451
apprendre,étudier,2395,M565x518S30a00482x483S18510515x478S18518459x478S2f001544x473S2f002434x480
apprendre (entendre dire),,278,M536x556S31a10482x483S10020520x500S2df00515x535
apprendre (entendre dire),,280,M544x558S33010479x483S10020528x502S2df00523x537
apprendre (quelqu’un),"dresser, enseigner, instituteur, professeur",2126,M544x525S17620463x509S17620522x509S26a00517x491S21d00461x476S21d00521x476S26a10457x492
approcher,dernière minute,2340,M525x530S18040494x515S18048476x471S20500498x480S26500496x495
après,,1885,M531x535S36e10480x466S15d50510x487S22e04514x517
après,,2273,M524x533S18010485x518S2c300498x488S18040477x467
après,,2275,M530x536S18010491x515S2c300504x485S18040483x464S15d0a471x517
après-demain,,2890,M539x532S30005482x483S1dc10515x498S20e00500x520S26900520x472
après-midi,,1181,M529x590S33d00482x483S14710493x513S36d00479x540S14704515x568S20500501x567S22a05502x549
après-midi,,2378,M549x539S18500525x504S20500496x519S30004482x483S33d10491x499S22a04533x524
apéritif,,2825,M567x524S1d440510x496S33d00482x483S23000542x505
apéritif,,3205,M556x539S33d00482x483S1f040498x524S23000531x521
arabe,,442,M543x526S33200482x483S10610522x500S20600521x484
arabe,,771,M543x528S33200482x483S20600521x484S11010524x501
Arabie Saoudite,,1058,M542x518S30007482x483S12d11517x486S20600508x471
Arabie Saoudite,,1959,M527x518S30000482x483S16d10471x462S28706495x464
araignée,gauche,1588,M518x518S30000482x483S15420488x457S22506465x463
araignée,,1617,M549x531S37600488x484S15451466x469S15459510x469S22f24486x517S22533452x475S22535519x476
araignée,,1623,M524x594S15452487x560S22534482x581S26502466x559S36100482x483
arbitre,"siffler, sifflet",812,M518x543S33d00482x483S32a00482x483S11500488x513
arbitre,siffler,3207,M538x518S32a00482x483S33d00482x483S1f002523x485
arbre,,1366,M522x539S15d3a489x520S37601508x491S14c10497x461S2e230479x488
arc,,793,M563x560S31410482x483S11040548x512S11048523x459S26504549x545
arc,,2613,M553x540S1bb40532x479S1bb48527x423S26504539x512S21b00542x532S31410482x483
arc-en-ciel,,1133,M518x540S32100482x483S14408445x509S14403451x476S28a0a482x458
arc-en-ciel,,2028,M518x518S16d22458x481S16d2e458x498S28a0a474x460S32100482x483
architecte,,2811,M532x542S1d420468x459S26606502x510S22a04481x497S20e00480x517S15d1a500x523S37706476x535
Ardenne (ville),liste: villes,3219,M545x536S15d3a456x517S37601474x488S1f500469x473S14c20522x465S2df08497x468
argent,"Argentine, bourse, coûter, monnaie, payer, prix",2984,M517x517S1ea00494x496S21100483x483
argent (matière),,876,M555x522S11551468x497S11559446x497S11531530x495S20500530x479S11557517x495
Argentine,raisin,1656,M514x550S15d5a486x451S15716488x479S20500500x467S18530486x535S22b04490x501
argumentation,,888,M521x544S1155a491x457S11554488x514S20500492x476S23500479x490
Arlequin,,3180,M594x645S31a00482x483S1ee10512x483S1ee18462x484S23805543x494S2381d433x495S1f417573x508S1f41f406x510S36d00479x531S1ee1e507x551S1ee16474x550S21100475x581S21100516x582S22a04516x601S22a14474x601S1f416473x616S1f41e515x616S21100537x508S21100448x507
Arlon (ville),Islande,434,M563x520S33b00482x483S10602501x505S20e00530x507S26506548x506
armoire,,766,M561x515S11002501x486S1100a472x486S2d604532x502S2d61c439x501
armoire,,3401,M542x517S37706459x491S2030a483x484S37706517x491S20302502x484S2d604509x504S2d61c460x504
armée,"militaire, soldat",3230,M554x533S36d00479x468S1f502507x479S1f50a507x509S20c00526x489S20c00526x519
Arménie,,2430,M515x525S18550489x476S21100485x484S2ea02490x510
arobase,,3272,M514x523S1f520487x477S2e308491x496
arranger,,1469,M557x538S14c51504x463S14c59472x496S2eb06525x494S2eb46443x522S2fd04495x532
arriver,comme ça,2244,M552x537S18008450x464S18000521x464S25504532x484S25514455x485S15d30533x511S15d38448x511
arrière,derrière,755,M544x548S36d00479x521S2ff00483x483S11000528x498S11008457x498S26904528x530S26914456x530
arrière,derrière,756,M550x550S36d00479x521S2ff00483x483S11000528x498S11008457x498S26b04523x531S26b14451x532
arrière,"derrière, reculer (véhicule)",3255,M539x517S36d00479x494S1f510524x483S1f518461x483S26504525x502S26514461x502
arroser,sauce,2541,M513x525S19a22490x476S2ea02488x510
arrêt (transport commun),,2333,M517x522S18040486x507S2b900483x478
arrêter,"freiner, pause",784,M545x527S11020526x499S11028456x500S26900526x474S26910460x475
arrêter,"finir, terminer",1760,M511x525S15d10492x498S26900490x475
arrêter,,1902,M530x524S15d58473x477S15d50510x477S26504516x508S26514471x509
arrêter,,2339,M553x518S18040522x483S18048447x483S22a04527x503S22a14460x502
art,"artiste, dessin, dessiner",1068,M513x542S13210489x480S22504488x458S22b04490x512
artichaut,,3010,M518x560S36100482x483S1ea10495x513S25504504x538
arête,os,2093,M508x528S17610492x472S22a04493x493S20310492x513
arête,os,2094,M528x508S17610472x492S20310513x493S26506493x493
as (carte),,3267,M555x519S30005482x483S1f520511x504S26900539x501
ascenseur,,775,M556x542S11010528x481S11018458x481S23600517x459S23610444x458S2fb04492x536
ascension,,593,M515x544S15d39486x520S10e04495x492S20500505x533S22b00496x456
asperge,,867,M526x533S10049499x468S3780b474x493S11541502x501S20500486x484S20500474x495S26503491x520
aspirateur,aspirer,2216,M527x636S17d20491x558S1ea49495x577S22504492x541S20500487x575S26f24487x603S26626493x620S33500476x483
aspirateur,nettoyer,3064,M539x534S1ea48461x511S1ea40476x474S26606509x480S26616489x518S26a00506x467S26a10487x506
assassiner,"crime, pire, poignarder, tuer",3373,M519x520S20300504x481S37700510x495S25503482x493
assemblée,,1282,M545x557S2ff00482x483S14c08455x473S14c00522x473S22a03517x515S22a15471x515S14c51502x531S14c59472x531
asseoir (se),chaise,2555,M546x520S19a40518x481S19a48455x481S22a04525x505S22a14462x505
asseoir (se),"capable, chaise, possible, risquer",3500,M536x518S20340521x482S20348464x482S22a04522x503S22a14464x503
assez,"plat, saint, suffire",1892,M526x521S15a0a477x509S15d50474x479S20e00496x493S26506511x492
assez,suffire,1894,M533x583S15a0a482x571S15d50479x541S20e00501x555S26a06519x548S34d00482x483
assez,"pardon, souvent, suffire",1913,M530x520S15d51491x497S15a49470x490S20e00494x480S26a07509x483
assiette,,525,M532x523S10a51479x478S15d39468x500S2ea02507x498
assister,"observer, regarder (assister)",678,M520x543S10e20494x481S2035a505x528S37706480x535S20500495x520S26900493x458
association,"local (foyer de sourds), Madou (métro), société",1004,M570x512S36d00479x488S20e00509x499S20e00478x498S22506528x499S22502457x498S12402540x489S1240a428x488
assurance,,1551,M514x537S15d39487x514S20600488x496S15051486x464
assurance,,3509,M518x531S15d39495x508S20341495x470S20500505x495S20500483x512S26503482x491
astronomie,télescope,1996,M529x518S31a10482x483S16d10512x486S16d18488x498S25500515x460
Ath (ville),liste: villes,3034,M512x524S1ea20489x503S26900496x477
Athènes (Grèce),,3275,M524x529S1f520498x471S2880c512x494S20500498x511S15d48476x502
Atomium,Heysel,1577,M556x573S15410461x428S15410541x469S15410494x533S15418445x428S15418525x469S15418478x533S20500455x457S20500536x498S20500488x562
attacher,"lacer la chaussure, nouer",3003,M549x524S1ea0a471x476S1ea02507x476S26506534x477S26512451x476S2ee0c512x499S2ee14468x501
attaquant (foot),,576,M551x529S2ff00482x483S10e01525x471S10e09449x472S2df08530x508S2df10447x508
attarder,"lent, traîner",1881,M529x529S15d59478x471S15d41478x490S20e00503x486S26507516x473S2f804471x518
attendre,,916,M550x525S11950523x477S11958458x476S22f04525x511S22f14451x510
attendre,,2233,M546x537S18000497x522S30004482x483S26500532x522
attendre,,2326,M553x516S18030523x501S18038448x501S22504522x485S22504468x484
attention,danger,1273,M540x518S30007482x483S14c00517x480S26500522x460S20300522x437
attention,danger,1426,M527x532S14c48475x469S14c40501x469S20e00494x489S2e508504x505S2e510473x504
attention,"danger, dangereux, grave",2424,M566x521S30007482x483S18540516x486S2ed06543x504
attention,prudent,2793,M559x518S31a00482x483S1d410512x483S1d418459x483S26500545x495S26510442x495S2f700547x482S2f700443x484
attention,"dangereux, grave",2823,M544x525S1d440514x472S30007482x483S2ef03526x505
atterrir,,2565,M518x611S19a50486x566S35800482x483S25504494x589
attirer,,1012,M545x520S31a00482x483S11e01513x490S11e09462x490S26500525x469S26510459x468S12101515x437S12109454x437
attitude,,1679,M542x535S33200482x483S15d00495x508S28108522x506
attraper,"conquérir, envahir",1614,M570x524S15450523x499S15458462x499S2b701542x497S2b710437x496S20350555x476S20358430x476
au revoir,,1386,M512x541S14c20489x460S27102492x501
au revoir,,2307,M515x516S18020485x501S22504486x485
au secours,"sauver, secourir",1445,M543x538S14c58458x507S14c50519x507S22a00525x483S22a10465x483S20320524x463S20328464x464
au-dessous,sous,1676,M517x539S15d5a483x462S15a50489x503S20e00488x487S21404487x534S26500503x497
Aubel (ville),Macintosh (MAC),1941,M534x542S30004482x483S16d02490x524S22e00517x524
aubergine,,1635,M541x513S15318460x488S22104529x498S26506507x497S18510478x497
aucun,,1809,M524x539S33600476x483S15d30495x513
aucun,"il n’y a pas, sans",2252,M539x525S30004482x483S18002486x495S26506508x498S1f502524x490
aucun,,2331,M518x534S34d00482x483S32a00482x483S18032481x504S26506497x519
aucun,,2701,M524x551S34400482x483S33600476x483S1ce10498x516S26a02479x524
aucun,"il n’y a pas, personne",2710,M533x531S1ce18467x470S1ce10511x470S2e500508x504S2e518470x503
aucun,il n’y a pas,2921,M542x534S1dc40518x467S1dc48459x467S2a530516x501S2a530465x500
Auderghem (ville),,1074,M523x584S30004482x483S20e00495x520S13202498x527S22502478x538S26c02494x557
Audi,"Jeux Olympiques, chaîne",2711,M565x527S1ce18479x474S1ce48436x474S1ce10543x474S20700445x512S1ce40496x474S1ce48525x474S1ce10453x474S20700490x512S20700535x511
audisme,,235,M560x598S33010479x483S10011516x500S14c21533x544S20319521x562S20500542x573S25523504x579
augmenter,élever,2292,M558x518S18018459x503S18010511x503S2ad00545x483S2ad11442x482
à côté de,"auprès de, voisin",322,M554x602S10050535x538S1004a506x538S2a208531x574S32105482x483
à côté de,"auprès de, voisin",1840,M565x553S36d10479x520S15d40527x526S2880a543x521S32105483x483
ausculter,"consulter, contrôler, examiner, vérifier",677,M523x539S10e20483x466S20348478x498S22a24488x524S27206504x461
aussi,"même, pareil",363,M517x523S10050502x493S10058484x493S20600490x477
Australie,,1168,M575x535S30007447x483S30007518x483S2ef03494x515S14701482x479S14721554x479
Australie,,2305,M522x540S18020482x524S30004482x483S20e00510x515S26a00454x526
Australie,liste: pays,2615,M542x538S1bb50514x510S1bb58458x510S2b701521x478S2b711467x478S21b00534x464S21b00476x463
auteur,"devoir (scolaire), écrire, école",2432,M532x517S20e00482x505S15d3a469x484S18550487x495S26a06518x490
autisme,,2299,M538x545S30001482x483S30007482x483S18017518x489S1801f462x489S2df00514x523S2df18466x524
auto,"automobile, voiture",2300,M542x513S18017522x488S1801f459x488S22f02503x487S22f16485x487
autobus,"autocar, bus, car (véhicule)",2004,M529x531S16d10499x499S16d18485x482S26505516x518S26511471x469S20500504x485
autobus,,2974,M547x516S1e140501x490S1e148476x490S20500495x485S26906529x500S26912454x499
automatique,"égoïste, moi-même",3223,M541x525S36d00479x476S1f502506x501S20e00508x484S2ea00526x500
automatique,égoïste,3335,M566x519S1f512525x491S36d00479x481S20e00508x491S2a20f543x498
automne,,901,M537x554S11910517x447S11918468x463S2500c515x480S25014463x496S2fd04488x548
automobile,"conduire, véhicule, voiture",3387,M561x528S20309456x489S20301520x489S37703535x504S3770b439x504S23607532x472S23615467x498
autonome,,3304,M521x539S1f540483x476S15d39480x516S21100480x503S2dd06505x462
autoriser,"permettre, pouvoir",578,M554x515S10e01501x485S10e09474x485S26906536x496S26912447x496
autoroute,,1025,M573x536S20e00498x495S12910493x513S12918482x471S26602455x520S26616513x478S11e10427x505S11e18550x465
autoroute,,1026,M565x537S20e00498x493S12910493x511S12918482x469S11e10436x504S11e18542x463S26a02468x510S26a16518x467
autre,différent,184,M552x510S10002500x491S1000a470x491S2ef03534x490S2ef13448x490
autre,,1700,M541x533S30007482x483S15d01516x484S2df0c520x512
à part ça,autre thème,1846,M529x514S15a58497x487S15d40510x487S26522472x495
autrefois,,1350,M559x529S35700479x488S30106479x477S36d00479x525S20e00520x511S14c10515x477S2eb04544x479
autrefois,il était une fois,1358,M568x555S35700479x488S30106479x477S36d00480x528S2eb14528x456S14c10545x507S2eb04551x470S14c18522x492S2fd04529x549
autrefois,avant,2294,M569x530S36e01474x513S20e00519x497S18011524x472S2ea04554x471
Autriche,,893,M522x561S33200482x483S11810507x501S11818476x500S26a02505x534S26a16477x534
Autriche,,896,M545x530S37600489x507S11811471x486S11819507x486S22505455x471S22503533x470
autruche,,2413,M529x534S18520472x467S37601492x482S15d1a478x515S26a04502x468
avaler,,272,M521x536S36d00479x474S10014497x464S21100506x488S22b04502x506
avancer,"continuer, plus tard (durée)",1740,M543x523S15d02495x491S15d0a479x477S2ea00528x492S2ea18458x477S2fd04486x517
avancer,"fonctionner, marcher, plus tard (durée), PowerPoint",2345,M548x524S18040496x495S18048475x484S2ea00533x489S2ea18453x477S2fd04488x518
avant,précédent,1686,M568x514S36d00479x507S15d00530x486S26504554x499
avant,"passé, précédent",1687,M549x524S36d00479x497S15d00530x476S26904528x506
avant,précédent,1774,M517x529S15d18484x477S15d10498x488S20500504x471S2d50c484x520
avant,précédent,1845,M530x533S37604470x468S15d1a503x492S15d40507x506S20500502x486S20500480x486S28802486x470
avant de,,1250,M522x524S36d00479x476S20e00482x485S14712479x503S2ea04507x499
avant de,il vient de,1699,M539x518S30007482x483S30a00482x483S15d01516x484S20600503x471
avant-hier,,2892,M536x534S1dc10501x467S36d00479x527S26904510x504S20500526x523
avantage,"intérêt (avantage), profiter",607,M530x558S30005482x483S10e10509x508S26a04503x544
avare,radin,1531,M518x618S15d39476x549S14e50489x553S20e00497x589S26a04489x604S36100482x483
avatar,,296,M518x525S15d0a486x475S10020503x488S2c600482x499
avec,ensemble,2048,M549x520S16d48451x500S16d40531x481S20340492x486S20348492x502S26502511x485S26516474x504
avec,,3306,M544x513S1f548456x488S1f540529x489S20500494x501S26502508x499S26516476x499
avenir,"futur, plus tard, prochain",1756,M543x527S36d00479x520S15d10524x500S2b700516x474
avenir,futur,1757,M562x528S36d00479x522S15d10543x501S2ea00542x472
avenue,"couloir, rayon (magasin)",616,M532x532S10e10516x502S10e18468x502S26600516x468S26610468x468
avenue,,639,M534x527S10e14466x497S10e1c519x497S26900518x473S26910466x473
avertir,"conseiller, prévenir",2368,M520x530S18051495x471S15d59491x507S20600481x497
aveugle,,747,M540x559S33200482x483S11000523x496S2e230521x527
avion,"Evere (ville), Zaventem (ville)",2303,M578x509S18010440x491S18018529x491S26506563x495S26512422x495
avion,,2566,M514x527S19a50486x507S26600490x474
avion,,2587,M514x533S19c50486x504S26600495x467
AViQ (AWIPH),,3228,M521x538S1f502479x472S15d59480x515S20e00481x502S28409499x463
avocat (fruit),,2071,M522x533S17150501x495S17138483x495S21400504x486S21100496x519S26902479x468S26916504x468
avocat (fruit),,2373,M529x531S18238471x469S20e00481x477S18240483x492S2a20b506x510
avocat (métier),,1356,M550x541S36d00479x464S20e00479x472S20e00509x472S14c10527x460S14c18449x460S2eb0c530x498S2eb14454x497S2fd04489x535
avoir,"disponible, exister, il y a, là, posséder",1473,M521x527S14c52483x488S36d00479x474S20600486x516
avoir (posséder),"disponible, exister, il y a, là",2580,M521x523S19a52498x488S36d00479x478S20600480x512
avoir du mal,douleur,1337,M512x535S14c04489x504S2a530490x465
avoir du temps,"climat, météo",2754,M550x518S1d102520x492S26500533x469S1d402522x439S30004482x483
avoir du temps,"climat, météo",3314,M539x532S1f548465x468S1f540522x468S2a530520x499S2a530462x498
avoir envie,"dictée, sel, vouloir",2629,M533x536S30004482x483S1c500503x507S20600487x525
avoir les paupières lourdes,,1080,M546x518S13411521x482S13419455x482S31a00482x483S22504519x462S22504470x462
avorter,,1661,M521x553S14c5a488x470S15732484x501S22a04495x517S20332495x538S36d00479x448S20500494x458
avouer,,1298,M550x558S30004482x483S21404493x521S14c01502x531S14c09473x531S26900534x535S26910451x534
avril,"chef, commander",213,M531x541S30005482x483S10010496x510S20e00519x505S26900515x523
avril,,223,M537x541S30005482x483S10010501x511S20e00521x501S26900521x523S30003482x483S10018483x511S26910463x523S20e00467x501
avril,,840,M540x539S30003482x483S30005482x483S11510502x509S11518482x509S26900524x520S26910459x520
avril,Jésus,2651,M564x514S1c510456x486S15d18436x487S15d10545x487S1c518512x486S20500533x503S20500457x503
avril,site,2676,M522x534S15d38478x493S1c550492x488S20e00489x522S26a00495x466
avril,blague,2744,M570x518S33200482x483S1d102517x485S1d420541x432S2d200540x462
Aywaille (ville),"bavoir, bijou, collier",158,M545x530S36d00479x470S20500479x478S10c12523x471S21100505x494S28806500x518S20500511x478S10011482x491
aérographe,,2916,M543x582S1dc40491x545S34600482x483S27206524x542
B,,1192,M507x511S14710493x489
B,,1225,M507x511S14720493x489
B,,3564,M511x516S14420489x485
baby-sitter,"éducateur, garder, serveur (informatique)",3376,M517x527S20300502x488S20308483x488S37700489x502S37700508x502S20600489x473
badminton,,3015,M554x518S1ea10527x482S2ff00482x483S26b00527x459
baffe,musique résonnante,1597,M559x518S35700482x483S15420538x478S15428450x478S26a00532x457S26a10443x457
bagage,"cartable, mallette, sac, seau, valise",3403,M513x531S20304493x495S37700500x470S22f04488x517
bagarrer,battre (se),380,M520x549S10051481x483S10049499x519S20e00498x514S2a208492x451
bague,"femme (épouse), mari, marié, marier (se)",2840,M535x540S14c59465x514S1d441510x461S20e00481x499S26503495x487
baguette (magique),,2715,M542x516S1ce20502x485S1ce28479x485S26506527x500S26512459x502
bain,salle de bain,3231,M527x538S36d00479x463S1f502507x474S1f50a477x473S21100477x503S21100508x504S22f04502x524S22f14470x523
baiser (bouche),"bise (bouche), bisou (bouche)",2379,M560x527S18500517x512S33d00482x483S26504546x512
baiser (bouche),"bisou (bouche), embrasser (bouche)",2400,M553x559S18518447x543S18510528x544S26502508x539S26516476x539S20500495x539S34d00482x483
baiser (joue),"bisou (joue), embrasser (joue)",2390,M563x518S18510538x500S30006482x483S34d00482x483S26502519x495
bal,"boîte de nuit, discothèque",1327,M549x527S14c02511x504S14c0a456x474S23600510x480S23614451x505
balader,"errer, promener (se)",1175,M542x518S30000482x483S14710493x444S20e00494x469S2c300516x446
balader,promener (se),1379,M548x541S2ff00482x483S22532501x499S22536485x499S14c12517x509S14c1a452x508S26500528x490S26510458x489
balai,balayer,2498,M533x533S19a02470x468S19a0a467x505S28506500x472S28516500x508
balancer,"équilibre, kilogramme (KG), peser",1817,M548x536S15d30523x488S15d38458x488S23600509x465S23614452x519
balançoire,,2560,M554x525S19a40513x475S19a48450x475S2d400511x501S2d410447x502
balançoire,,3505,M557x531S20340523x470S20348455x470S2d400514x494S2d410444x496S2fb04493x525
balayette,,3084,M540x527S1ea51512x473S1ea49460x508S26a03496x491
baleine,,2113,M518x518S30000482x483S17620492x465S22a00493x444S14c20488x408
classe,"Bali (Indonésie), classique, école, papa, père, scolaire",1340,M518x518S30000482x483S14c10477x469S22530469x451
balle,ballon de foot,1528,M532x535S14c50508x466S14c58468x466S2a20a507x506S2a212470x506
balle,,1578,M549x580S20500495x569S15418485x540S15410501x540S34700482x483S33b00451x483S35d00513x483
balle,"ballon, tomate",1605,M537x516S15440502x491S15448483x485S2ea00522x491S2ea18464x486
balle,"O, zéro",2089,M508x508S17610492x492
balle (arme),cartouche (arme),3111,M520x530S15d0a493x470S1ed26498x484S20e00481x490S22f04493x516
banane,"Congo, Maroc",2011,M540x518S30007482x483S16d20518x474S26b00513x452
banane,,2183,M547x529S17b10501x502S17b18483x502S20500495x511S28807523x501S2881f458x503S18512532x471S1851a454x473
banane,,3026,M526x531S1ea11488x469S10018486x489S20500475x475S24f0c506x495
banc,,1904,M578x532S15d58482x469S15d50500x469S26606522x478S26612449x477S22b04555x500S22b14427x502S19a40550x473S19a48423x471
bande dessinée,BD,1193,M529x515S14710472x493S10110513x485S26506493x499
bandeau,,3124,M560x518S30000482x483S1ec00500x476S1ec08476x476S21100527x481S21100460x481S26506545x480S26512439x481
banderole,,3105,M554x518S2ff00482x483S1ed20500x460S1ed28473x460S23809531x459S23811445x459
Bangladesh,,1516,M547x539S14e30453x461S14e50521x461S27102460x499S22a04527x500S2f700529x519
banque,compte bancaire,2010,M542x518S30007482x483S16d20518x474S20600520x498
banquet,,1014,M579x520S30000482x483S12810504x474S12910555x483S2d105534x481
banquet,,2973,M559x513S1e140501x487S1e148476x487S26606529x497S26612441x497
baptême,,1942,M530x518S2ff00482x483S16d00513x460S21800491x467
baptême,,2029,M518x518S30000482x483S16d40489x436S26904492x460
baptême,filleul,2578,M518x518S30000482x483S19a52485x430S26904491x460
bar,café (lieu),3429,M529x534S20310482x467S15d1a472x515S37601488x482S26a04502x467
barbe,,2035,M518x555S30005482x483S16d40470x515S30003482x483S21100495x522S28906487x540
barbe,,2044,M530x562S30005482x483S16d40512x512S30003482x483S16d48468x511S28815474x535S2880d502x535S20500493x551
barbecue,,863,M532x534S11540493x467S11548469x467S26506517x484S2a530491x501
barbecue,,3062,M549x530S1ea48451x471S1ea40505x471S26506534x479S2a530512x497
barbecue,,3063,M550x530S1ea48452x471S1ea40506x471S26506535x479S2a530513x497S2a530450x497S26516477x479
Barcelone (Espagne),catalan,1142,M525x538S14c0a475x515S20e00486x501S14420485x463S22e04508x496
barque,"pagayer, ramer",3546,M557x517S20350521x494S20358464x494S2eb00542x483S2eb10443x485
barre oblique,"diagonale, fraction",1841,M517x522S15d40498x478S22a03484x508
barrière,"douane, frontière",345,M536x546S10002465x515S1000a499x531S37806495x522S37806467x538S10000521x454S23607490x482
barrière,clôture,1131,M553x511S14402501x489S1440a468x489S26506538x491S26512447x491
bas,"chaussette, laine",875,M528x524S11549472x497S11551488x499S21100483x477S26a07507x484
bas,"chaussette, méthode",1246,M538x532S21100494x496S14750511x489S14758475x489S27100498x469S27114462x517
bas (collant),,2818,M538x529S1d420509x501S1d428463x501S25910470x472S25900518x471
bas (localisation),,531,M509x530S10c04491x470S22b04493x500
bas (localisation),,532,M513x524S10c04492x477S22f04488x510
base,,1891,M513x525S15d50487x476S2ea02488x510
base-ball,,3485,M522x520S20330507x505S20358489x505S26921479x481
basilique,Cologne (Allemagne),1664,M538x542S15740518x516S15748463x516S20340523x459S20348465x459S22b00521x480S22b10464x480
basket-ball,,1284,M549x542S32100482x483S14c00525x476S14c08452x476S2e008528x512S2e010451x513
basket-ball,,1434,M538x593S32100482x483S14c50418x540S23004418x575S26900518x464S14c20515x485
basket-ball,,1435,M519x526S14c50489x474S23504482x508
Bastogne (ville),liste: villes,3190,M573x545S1ee41501x500S1ee49469x500S20500496x518S26a07526x485S26a11452x484S1f441543x459S1f449427x456S2fd04489x539
bateau,naviguer,1879,M524x522S15d41501x499S15d49477x499S26520493x478
batterie,"macaroni, mini, pile",814,M532x551S30004482x483S11500490x521S20600510x519
battre (en jeu),,3462,M508x532S20320492x492S37700498x507S26900492x469
battre (en jeu),,3479,M524x535S2035a509x511S20320485x488S20500479x522S37800491x503S37806477x518S26900485x466
battre (se),"combattre, lutter",3496,M529x529S20340493x509S10018471x471S20e00482x497S2ea00514x504
battre (se),"combattre, lutter",3497,M531x527S20340495x507S2ea00516x502S15d08470x474S20e00481x493
boudin,"Baudouin Ier, salami, saucisse, saucisson",1914,M531x519S15d51506x481S15d0a504x500S20710470x492
bavarder,,1416,M567x526S14c40499x495S14c48476x475S23710433x486S23700528x505
bavarder,,2206,M559x562S17d18479x541S17d10516x515S33b00482x483S22504492x525S22504514x500S2ea0c544x510S2ea1c458x537
baver,,215,M534x557S33d00467x483S10010478x509S21100496x520S22a04480x542S35a05498x483
baver,,1291,M542x548S33d00482x483S14c01505x509S21100488x524S22a05529x534
baver,,2735,M534x553S33d00467x483S1ce02471x513S35a04498x483S22a04488x538S20e00499x527
bavoir,"bijou, collier",179,M542x526S36d00479x475S10002500x511S1000a469x511S28800530x487S28818458x487S21100476x484S21100510x485
bazar,"désordre, Chisinau (Moldavie)",1341,M518x518S33200482x483S14c10455x484S22530447x467
bazar,désordre,2125,M550x621S17620463x545S17620522x545S25514450x564S21b00511x590S25504523x565S25504537x565S25504509x565S21b00525x590S21b00539x590S25514465x564S25514480x564S21b00452x590S21b00467x590S21b00483x590S35700482x483S30f00482x483S2fd04488x615
beau,"joli, magnifique",2129,M530x537S26500516x522S17630492x521S33d00482x483S21b00519x510
beau,"joli, magnifique",2219,M518x594S17d1e491x521S30004482x483S22a04492x549S1851e491x569
beaucoup,,2021,M534x518S16d28467x498S16d20517x498S22504514x482S22504477x482
beaucoup,trop,2738,M511x534S1ce50489x504S2a20e489x466
Beaumont (ville),,2130,M539x594S26500516x522S17630492x521S33d00482x483S21b00519x510S18020491x579S2b700520x569
bec,,3175,M532x521S33200482x483S1f410503x463S1ee10505x499S30004482x483S26500518x485
bec,oiseau,3203,M518x535S33d00482x483S1f020473x520S22504468x505
beige,,2070,M546x535S16f51493x466S16f39485x499S2ea02521x475S2ea4a455x503S2fd04493x529
Belge,Belgique,1186,M544x533S30005482x483S14710509x511S20600522x503
Belge,Belgique,1187,M547x532S30005482x483S14710510x510S26600531x501
Berchem-Sainte-Agathe (ville),,846,M563x531S30005482x483S11512511x512S20e00499x519S2ea00548x506
Berchem-Sainte-Agathe (ville),,883,M547x541S30004482x483S11512497x521S20e00477x519S2ea00532x516
Berlin (Allemagne),,3384,M554x518S30007482x483S20301512x475S37703527x491S2df0c533x469S20500506x469
Berne (Suisse),,1544,M528x557S15020503x443S15028472x471S2ea00511x484S2ea18474x510S2fd04492x551
besoin,"nécessaire, utile, utiliser",573,M554x556S30005482x483S10e01512x513S20e00494x523S2ea07533x534
besoin,"nécessaire, utile, utiliser",822,M513x525S11500493x495S2ea06488x475
besoin,"nécessaire, utile, utiliser",829,M541x564S30005482x483S11501513x516S20e00501x520S2ea06516x549
betterave sucrière,"problème, sucre",872,M584x523S20500432x477S20500554x478S20500496x477S11551434x493S11559476x497S11531495x496S11551557x495S11539417x495S11539540x496
beurre,,866,M530x533S11541477x477S20e00497x476S15d39471x467S2a405497x505
beurre,,2553,M533x526S2a40b505x493S15d39467x488S20e00486x500S19a40475x474
Bhoutan,,201,M512x546S2f001491x454S10004491x480S15448489x521
biberon,,1975,M556x523S33b00482x483S16d10509x499S25904528x500S25904542x500
Bible,,3254,M536x525S1f510510x480S20e00493x481S15a00465x476S21416479x481S23304506x499
bibliothèque,,1203,M537x523S14710480x487S14718463x487S20500473x477S2460a498x499
bibliothèque,,1769,M538x523S15d10483x488S15d18463x488S20500477x477S2450a507x505
Bic,stylo,1985,M518x578S16d10494x558S22504488x546S34800482x483
biche,,3101,M551x518S2ff00482x483S21407511x481S21401478x481S1ed11520x460S1ed19453x459S20600529x491S20600449x490
bicyclette,"cycliste, vélo",1150,M524x543S14410502x458S14418476x458S2ea00505x495S2ea44478x495S2fd04488x537
bicyclette,"cycliste, talon, vélo",2561,M532x533S19a40504x467S19a48468x467S2ea00512x493S2ea44472x493S2fd04489x527
bicyclette,vélo,2670,M528x546S1c540498x455S1c548472x471S2ea00511x489S2ea18473x505S2fd04489x540
bicyclette,"pédaler, vélo",3547,M545x523S20350509x489S20358477x489S2eb00530x478S2eb44455x480S2fd04489x517
bien,"bon, ça-va, super",3298,M508x529S1f540493x505S26500494x484S2f900496x471
bien sûr,"évidement, logique",3080,M530x526S1ea50471x474S1ea40507x497S23304474x500
Bierset (ville),,1251,M594x524S14712429x489S1471a549x489S37603451x494S3760b519x494S36d00479x496S27102579x477S27116408x477
bikini,,3092,M562x535S1ed04501x477S1ed0c474x477S21100529x478S21100459x479S26506546x478S26512440x478S36d00479x465S1ed0c475x516S36d00480x522S1ed04502x516S21100530x518S21100460x518S26506547x519S26512441x517
bilan,comptable,2724,M538x534S1ce40516x466S22b04517x504S22b14469x503S1ce48463x466
bilan,comptable,2815,M537x527S1d420504x473S1d428465x473S23004512x509S23014463x509
bilingue,,569,M522x555S16d48488x474S22b04506x488S10e00507x446S11500504x525S21000478x500
bilingue,,570,M525x553S16d48485x479S22b04503x493S21000475x505S1dc01500x448S1f431495x532
billet,ticket,3107,M561x510S1ed28476x491S1ed20503x491S26506533x496S26512456x496S21600553x499S21600440x499
bière,Binche (ville),2114,M534x518S14c20511x405S17620514x474S30007482x483S26600514x440
biplan,,1677,M556x533S36f40480x468S36f4c444x472S15a12457x494S15a1a506x514S37906484x499S37906466x519S20500447x488S20500532x522
Birmanie,"Myanmar, liste: pays",3128,M538x526S30000482x483S1ec10466x461S26506495x465S22b04520x496S1ec02519x467
biscuit,,1215,M552x536S30004482x483S14712493x519S2a532519x517
bisexuel,,1195,M529x511S14710472x489S19710511x493S26506493x496
bizarre,"drôle, étrange",2693,M557x533S33200482x483S1ce02525x492S26a04530x519
Biélorussie,,2169,M618x548S18502493x463S17b02487x515S26500494x492S36d00479x455S20500496x537S11a50597x472S11a58550x472S26a00591x452S26a10544x452
blague,comédie,705,M528x535S10e40506x489S10e48479x489S23000503x465S23010473x465S2fd04488x529
blanc,fils,2168,M521x547S18502493x462S17b02487x514S26500494x491S36d00479x454S20500496x536
blanc,,2170,M521x547S18502493x462S17b02487x514S20500496x536S36d00479x454S26a00488x493
blesser,,1711,M568x522S15d0a433x479S15d01529x480S20500446x498S15d0a514x479S15d01449x480S20500529x500S22a04458x507S22a00555x490
blesser,venger (se),3333,M526x530S1f551494x482S26507513x471S20e00476x494S15d59474x507
blesser,venger (se),3334,M525x528S1f551493x484S26507512x473S20e00475x496S1f559479x506
bleu,,1226,M507x521S14720493x499S22504494x479
bleu,bus,1230,M512x528S14720493x473S2e508489x501
blond,,1672,M521x600S34400482x483S35700482x483S15a20507x527S22a04506x556S1dc20497x570
blond,,2603,M541x531S30007482x483S1bb10517x468S34400482x483S35700482x483S28104521x502
blond,,2698,M545x550S30007482x483S1ce10523x470S21b00528x542S28104523x505
bloquer,coincer,2945,M534x559S36a00482x477S20b00493x523S1e102493x535S26504520x523
bloquer,coincer,2971,M542x530S1e140518x471S1e148459x470S22a03503x503S22a15485x503S2f700491x523
BMW,,1196,M537x515S14710464x493S14b50486x499S18620519x485
boire,,2031,M562x518S22e00545x494S16d40523x494S33d00482x483
boire beaucoup,boisson,2032,M573x518S33d00482x483S16d40523x494S23000548x493
boire beaucoup d’alcool,,2033,M546x531S33d00482x483S16d40523x494S26a04519x517
bois,,1725,M529x525S38602489x475S15d02502x477S21100472x482S26a02515x498
bois,,1882,M526x528S15d59503x476S3770b485x494S15d41496x496S21100490x514S27101474x472
bois,,2951,M576x516S1e10a475x490S1e102502x490S20500495x485S26506533x500S26512455x499S1e150552x490S1e158425x488
boiter,,274,M542x543S10014467x513S1001c504x513S2da06526x512S36f10468x457
bol,crèche,2329,M537x532S18030505x482S18038465x482S20500495x468S2a204514x504S2a21c463x503
Bolivie,,1205,M514x549S15d5a487x530S37601497x492S14710491x472S2ea06488x452
Bolivie,,2599,M510x515S1a920490x485
bombarder,,2151,M513x525S17640492x475S22f04488x496S21d00491x517
bombarder,,2155,M540x533S17640519x468S17648466x468S22f04515x487S22f14461x487S21d00517x505S21d00463x506S2fd04487x527
bombarder,,2156,M514x533S17640493x488S21d00491x525S22f04489x507S19a58486x467
bon,"ouf, rassurer, soulager",1721,M521x530S36d00479x471S15d02494x477S21100497x499S22a04496x515
bon,délicieux,2649,M547x531S1c510517x500S30005482x483S20e00504x519S26600528x465S2f700530x451
bon coeur,généreux,1719,M523x523S36d00479x478S15d02496x489S20600483x512
bonbon,"diabète, sucre",282,M542x540S30005482x483S10020510x510S20600520x507
bonbon,,499,M543x525S30006482x483S10a10518x499S20600521x483
bonbon,embêtant,1682,M518x564S30004482x483S15d00494x537S22504494x521
bonheur,heureux,2325,M524x617S18030494x570S18008474x544S20e00494x553S22a04498x588S2f804482x606S34d00482x483
bonjour,merci,1685,M556x518S2ff00482x483S15d00536x485S26a00529x464
bonjour,,1707,M520x570S30004482x483S15d01497x520S19a02463x542S2880d486x546
bonnet,,3433,M538x527S30001482x483S30007482x483S20310516x474S20318469x474S22a04525x511S22a14462x512S21100525x493S21100462x493
bonsoir,,1703,M541x597S33d00482x483S15d01497x516S2035a492x582S18020498x576S21100480x567S2b700522x565
bordeaux,Bordeaux (France),1200,M531x545S36d00479x455S20500514x465S20500476x465S14710512x481S14718474x481S26c04504x511S26c18465x511S2fd04486x539
Bosnie-Herzégovine,,1346,M518x528S30004482x483S14c10474x497S22530465x479
bossu,,1558,M551x554S2ff02478x483S36d00480x526S15400536x504S26904535x536
bossu,,2352,M584x535S36d00480x520S2ff02478x483S1804c520x517S2c300558x512
Boston (USA),,1227,M513x522S14720494x479S22f04488x508
botte,,2075,M527x531S17350504x477S15a1a474x484S20e00487x469S2a208504x503
bouchon,embouteillage,1447,M527x627S14c58471x566S14c50503x596S26500508x575S26500508x555S26510476x546S26510476x525S32a00482x483
boucle d’oreille,gitan,266,M574x523S33000476x483S10012523x500S1001a446x501S2e800559x491S2e818426x491
boucle d’oreille,,2699,M547x518S33010479x483S1ce10525x478S20800517x508
boucle d’oreille,,3152,M545x521S33010479x483S1eb10521x499S20800517x511
Bouddha,zen,2719,M543x570S1ce30521x540S1ce38459x540S33b00482x483S31500482x483
Bouddha,zen,2720,M537x585S37600489x562S1ce31465x541S1ce39510x541S31600482x483
bouder,râler,707,M562x550S30c00482x483S35700482x483S34d00482x483S10e40503x517S10e48482x517S23700523x525S23714438x529
bouder,râler,2009,M518x557S30004482x483S16d1e489x521S22a04493x542S34100482x483
Bouge (ville),,828,M536x570S33d00482x483S11501501x516S21100485x522S2e500513x543
bougie,"changer, chien, modifier",295,M520x534S15d5a493x515S10020504x487S27202480x467
bougie,,2445,M514x545S20500495x510S18610491x478S20349487x524S26b00487x456
bouillir,"pop-corn, De Brouckère (ville)",2142,M540x535S17630519x500S22f00515x479S21d00518x465S22f10461x479S21d00465x465S17638462x500S2fd04487x529
boulanger,,3477,M543x534S20328478x474S20320508x494S2ea04528x491S2ea40457x466S2fd04485x528
bouleau,,2966,M529x547S1e140505x489S37609472x484S14c18474x453S20e00489x501S22504510x471S2e004503x519
boulevard,,1361,M538x546S37601524x505S37609462x506S14c10513x474S14c18464x475S2e230479x509S2e230502x509S26500518x455S26510468x456
bouleversement,"chaos, crise, révolution",1625,M518x625S15452486x572S1543e486x590S2ea02487x553S2ea46486x610S32a00482x483S2fd02463x577
boulot,"emploi, métier, profession, travailler",1451,M545x516S14c58456x485S14c50521x485S26a02502x488S26a16484x488
boulot,"métier, profession, travailler",1468,M525x534S14c51498x469S14c59486x508S20e00492x492S26a02475x467
boulot,"emploi, fabriquer, métier, profession, travailler",3399,M534x533S20302494x467S2030a491x518S37706509x474S37706467x525S22f04486x487S20500493x504
bouquin,"cahier, livre",1864,M524x539S15d40502x473S15d48481x473S20500496x462S2a310477x503S2a308501x503
bourgmestre,commune,2440,M542x540S36d00479x461S20500478x511S2880a491x498S36d00480x525S18552472x494S20500514x511S1853e527x515
bourse,,169,M542x532S10028473x469S10020514x469S2fd04490x526S23604503x501S23610459x502
bouteille,,2683,M558x525S1c550463x493S20348455x510S20700443x491S20348529x510S14c50525x475S20500548x501
bouteille,,3313,M528x529S1f548485x472S1f540502x472S2990b506x500S29913472x501
boutique,magasin,2361,M558x525S18050528x487S18058445x487S2ff00482x483S22f04530x511S22f14447x511
boutique,magasin,2406,M529x518S30007482x483S18520503x461S20e00516x479S26a00502x443
boutique,magasin,2844,M551x525S36d00479x506S20e00479x513S20e00509x513S1d402517x496S1d40a454x496S26b00524x476S26b10450x476
boutique,magasin,2860,M545x527S1d450515x499S1d458456x499S23000520x474S23010455x474
bouton,,500,M552x539S30006482x483S30004482x483S30005482x483S10a10537x498S20500522x495S20500513x514S20500495x522S22a03522x525
bouton (vêtement),,2703,M535x533S1ce10513x467S36d00479x473S20500496x482S20500496x499S20500496x515S22b04513x503
bowling,,1631,M508x525S15304492x500S26900492x475
boxe,,3447,M543x531S20319471x469S20311508x486S2e500520x504S2e518457x486
boxe,,3448,M539x532S20319471x469S20311508x486S2ea00524x507S2ea10462x487
boîte,"caisse, caisse (finance), colis, paquet",1857,M544x554S15d40525x490S15d48456x490S26501512x468S26515476x525S18040481x447S15d0a492x535
boîte,"caisse, caisse (finance), colis, paquet",2338,M541x544S18040485x457S15d40522x489S15d48459x489S15d0a490x525S26505517x469S26511472x523
boîte (petite),,1611,M513x542S15450494x486S15438494x517S23000488x459
Braille,,1896,M535x581S15d3a485x539S15d50480x552S21100504x561S26a06521x554S31600482x483
Braille,,2677,M525x595S31600482x483S15d3a478x550S21100486x573S26506507x581S1c550495x549
Braine-le-Comte (ville),,1971,M521x523S36d00479x478S16d10474x503S20500480x488S20500510x488S26506494x506
branche,,1401,M534x536S37609467x496S14c18469x465S14c27483x488S25107508x468
branche (scolaire),cours,2177,M541x540S17b10518x513S2ff00482x483S17b18463x513S26500527x500S26510458x500S18510511x478S18518463x478
bras,,1974,M545x519S38603481x482S16d10495x491S21300455x486S27306518x491
bras d’honneur,va te faire foutre,3499,M526x536S20340511x499S37602497x497S15d5a475x511S20500484x498S25a00510x465
Bratislava (Slovaquie),,1668,M539x538S2ff00482x483S15a00501x506S15a08489x506S2d509520x523S2d511462x523
brave,courage,1407,M529x528S36d00479x473S14c31453x501S28909481x483S20318514x484S20e00497x506
brebis,mouton,1570,M553x534S36d00479x467S21100479x478S21100508x478S15402526x478S1540a448x477S2e600524x501S2e618445x500
bricoler,,1583,M554x513S15410500x488S15418485x488S28706522x493S28712446x494
brique,,2024,M536x514S16d28484x490S16d20501x490S26a06522x487S26a12465x486
briser,"casser, détruire",330,M523x536S10049498x506S10041478x475S20e00495x503S28407499x464
briser,"casser, détruire",484,M518x573S10900495x553S21b00504x539S35700482x483
briser,"casser, détruire",3542,M524x532S20350502x481S20358484x481S20500496x468S2a208501x504S2a210477x503
brochette,,2101,M545x508S17618456x492S17610472x492S26506490x493S22000511x496
brochette,,2102,M574x508S17618485x492S17610501x492S26506519x493S22000540x496S26512467x494S22000426x496
brocoli,,1546,M548x532S30000482x483S15030522x501S22e00523x477S20500494x468
bronzage,,2060,M522x533S16f10498x499S15d1a478x512S20500506x522S26b02498x467
bronzer,,1188,M539x534S2ff00482x483S14710525x484S24b03511x512
bronzer,,2296,M534x544S2ff00482x483S18016519x492S24b03501x522
brosse à dents,,533,M531x576S36100482x483S10c10510x507S27102516x536
brosse à dents,,3029,M529x553S36100482x483S1ea12508x491S27102514x513
brosse à dents électrique,,3030,M538x543S1ea12514x491S34500482x483S2e500515x516
brouette,,3491,M537x526S20332521x511S2033a464x511S26610464x476S26600521x475
brouillard,,1399,M550x601S31500482x483S14c21518x515S14c29473x532S2e604521x551S2e618463x568
brouillon,"occasion, piment, Riga (Lettonie)",396,M526x541S36a00482x477S20600489x530S10053505x492
Bruce Lee,,2546,M533x557S33200482x483S20e00521x496S19a40502x519S22f04504x543
Bruges (ville),,1228,M520x520S14720506x490S27202481x480
Bruges (ville),,1674,M524x528S15d5a478x509S15a20488x479S20500476x497S27206505x472
bruit,"Londres (Angleterre), Malines (ville), Romaine, son (bruitage)",256,M581x518S2ff00482x483S10012526x494S2f001560x488
bruit,,1573,M564x524S30005482x483S15410520x499S20e00530x484S28807540x489S20301543x462
bruit,son (bruitage),1648,M599x522S33010479x483S15711522x486S2a20f556x501S18540573x488
brun,,777,M545x573S30006482x483S11011517x499S15d48467x546S20500490x555S22b03506x531
brun,,1229,M510x527S14720495x473S2df06490x503
chocolat,"brun, châtain",1490,M518x569S30004482x483S14e00491x520S20e00476x517S22f04490x555
brushing,,3449,M566x566S36b00482x488S20312521x522S30352494x476S22f05532x533S20310551x551
Bruxelles (ville),,435,M545x509S20600489x491S10602519x494S1060a455x494
Brésil,,1197,M509x530S14710492x471S29904495x498
Brésil,"buanderie, laver",3357,M520x539S1f739482x517S1f751481x475S21100486x501S26c03500x462
Brésil,café,3532,M518x530S20348491x515S20350497x492S21100482x499S2ea02493x471
brûler,"incendie, flamme",1362,M543x545S37600486x522S14c10473x492S14c18500x492S22530501x474S22530457x474S26520492x455
brûler,"feu, flamme",1371,M552x532S37600488x509S14c11467x486S14c19507x486S22531449x468S22537522x469
buffle,,1598,M583x518S30001482x483S30007482x483S15420511x466S15428474x466S29905533x477S2991d438x477S20320568x485S20328415x486
Bulgarie,,1965,M567x518S2c301541x488S33200482x483S16d10520x491
bulldozer,,1515,M547x593S36d00479x522S36d00479x562S14e24522x562S14e2c453x562S26500527x541S26510459x542S32a00482x483
bulletin,,2731,M550x523S1ce40500x480S1ce48478x480S2890a521x477S28912450x478S20500495x512
bulletin,,2858,M556x545S36d00479x456S36d00479x493S1d450525x482S1d458446x482S20500477x479S20500513x479S2a208533x517S2a210442x514
bulletin,"point, score",3188,M581x514S1ee40501x486S1ee48475x486S1f440552x493S1f448420x493S26a06533x487S26a12455x487
bureau,"lime, réparer, secrétaire",874,M529x521S11549472x494S11551490x495S20e00484x479S26a07508x481
bureau,,880,M531x523S15d39474x480S11551484x498S20e00469x504S26607509x477
bureau,,1060,M543x530S15d39457x504S12d40469x470S20e00474x518S26506497x487S13240519x476
Burkina Faso,,1241,M530x523S14740471x501S22e00470x478S1d210501x495
but (football),"dans, intérieur, marquer (football), parmi",2315,M531x525S18020486x508S18018469x475S21404486x483S26500517x510S20e00488x492
bâiller,facile,1680,M545x551S30a00482x483S34400482x483S15d00494x511S26a04518x522S20500525x540
ressembler,"sembler, tête, visage, Bâle (Suisse)",1213,M534x531S30000482x483S30004482x483S14712497x469S20500496x520S22a04521x493
bâtiment,"domicile, foyer, maison, serre",1784,M536x531S15d11501x484S15d19476x484S20500495x470S23804519x506S2381c464x506
bâtiment,immeuble,2972,M542x531S1e140518x505S1e148459x504S22b00519x469S22b10467x469
bâtir,construire,2570,M526x529S19a50498x492S19a58474x492S20600487x518S22a20494x471
bâtir,construire,3325,M524x529S1f550500x494S1f558477x499S20600493x518S22a20493x471
bâtonnet ouaté,coton-tige,3028,M584x518S33010479x483S1ea12524x483S2a532551x480
bébé,,1590,M513x524S15420493x477S22f04488x510
bébé,,1835,M534x549S37604474x452S3760c492x464S15d32466x489S15d3a507x477S23622492x510
bébé,,2014,M513x519S16d20493x481S22f04488x505
bélier,,265,M585x518S2ff00482x483S1001a442x496S10012529x496S2f003564x494S2f013415x496
Bénin,,1198,M520x517S14710481x487S29f0c501x484
bénéfice,,2874,M545x533S1d412517x487S36d00479x467S36d00479x501S20e00509x508S22a04532x518
béquille,,3453,M568x520S20310524x505S37700530x480S20318461x505S37700467x480S2b901542x496S2b910432x496
béton,ciment,3271,M530x529S1f520470x471S2450a499x475S2a408474x493
béton,ciment,3460,M526x530S20320474x470S37700480x485S2450a495x475S2a408493x494
bêche,,1237,M546x539S14724505x461S1472c474x482S24e04503x489S24e04525x490S24e14476x509S24e14454x508
bête,stupide,699,M529x553S30000482x483S10e40491x523S22e00512x533S20500495x468
bœuf,"gaz, taureau",2963,M543x550S33200482x483S1e140519x494S2df04517x529
C,,1977,M509x510S16d10492x490
C,,3565,M509x510S16d20492x490
c'est tout,"finir, terminer",1767,M541x526S15d10522x475S15d18459x475S22e14463x508S22e04519x508
conseil d’administration (CA),CA,1983,M532x510S16d10468x490S26506489x493S1f520508x495
caca,"crotte, merde, zut",1172,M518x514S14700504x489S26a02483x487
cacao,"chocolat, mauvais, vilain",1224,M543x529S30006482x483S14720522x490S20e00513x517S26a00516x468
cacao,"couscous, motiver",1861,M567x521S15d40503x494S15d48479x494S21100494x480S27100527x502S27114434x501
cacao,,1984,M557x518S1f520464x488S1f520513x488S17610541x487S16d10444x483S16d10493x483S2f700496x511
cacao,,2433,M546x512S18550521x489S18558454x489S21100469x498S21100517x498
cacao,,3561,M558x598S20312511x553S2031a464x553S37806526x560S37806432x560S26a06513x570S26a12464x571S34400467x483S34d00498x483
cacher,,536,M526x531S3770b475x484S20319491x469S10c11496x488S21100484x499S22f03499x510
cacher,,1202,M519x560S33100482x483S14710489x515S14718503x515S37704495x536S3770c483x537S20600490x549
cactus,,3386,M534x563S37600488x453S20301475x437S20309506x437S22b24492x477S37600487x540S14401466x515S14409506x516
cadavre,"décéder, mort",2236,M531x554S18000501x518S36a00482x477S20e00493x526S22e04511x536
caddie,"chariot, poussette",3540,M537x526S20350521x511S20358464x511S26600521x474S26610464x475
cadeau,,833,M580x517S11502498x486S1150a475x499S26506565x487S26512421x500S2ee0a534x483S2ee12445x496
cadeau,,2807,M515x526S1d420485x475S23004490x508
cadenas,,455,M534x520S10610519x489S1060a467x505S20700472x480S26902497x483
café (lieu),,3483,M558x538S36d00479x505S20321519x481S20329460x482S37703534x496S3770b444x497S23603529x463S23611441x464S2fd04488x532
caféterie,,3159,M528x585S35810482x483S1eb12509x549S21d00505x577
caféterie,,3160,M528x590S35810482x483S1eb12509x549S21d00505x577S16d48484x570
cage,,1138,M565x526S2ff00482x483S14412502x456S1441a470x456S23c04537x465S23c1c442x464S14410543x495S14418436x495
cage,,1139,M565x535S14418436x504S14412502x465S1441a470x465S23c04537x474S23c1c442x473S14410543x504
cagoule,,3434,M538x541S30001482x483S30007482x483S20310516x474S20318469x474S21100462x493S21100525x493S22b04521x511S22b14464x511
cahier,,1863,M526x609S15d40503x550S15d48482x550S2a208503x581S2a210478x581S20500497x539S30f00482x483
caissière,,1512,M521x544S14e20488x477S22530479x457S2e508491x517
calcul,"calculer, mathématique",141,M530x515S10000515x485S10008471x485S20600489x502
calculatrice,,1514,M527x542S15d0a473x468S14e20481x481S2e508485x515S22530485x459
calculer,"mathématique, numéro",1301,M526x537S14c09474x510S14c01482x463S21100485x490S2e500503x483
calculer,compter,1363,M543x536S14c10509x505S14c18467x504S20500495x507S22530501x485S22530457x485S26a20487x464
calculer,mathématique,3552,M511x532S20351489x469S20339490x511S20600489x495
calendrier,,2189,M551x529S15d18449x500S17b10488x502S20500474x512S28807512x501S28807531x502S18512530x472
Californie (USA),,2659,M582x547S30007482x483S1c517517x490S22a05538x514S1c417552x520
Cambodge,,1961,M524x518S30007482x483S16d10462x456S30001482x483S26506491x458S20500478x476S20500514x476
camion,,1939,M534x527S37604466x474S2035a498x505S15d52482x488S20600472x516S37706509x494
camion,,3560,M528x519S20312480x481S2031a506x504S37806496x488S37806474x511S20600472x498
campagne,village,731,M549x547S10e50522x484S10e58465x485S23700510x453S23714452x526
camper,"campeur, tente",2594,M550x528S1a011501x478S1a019471x478S20500495x472S22b05526x504S22b13451x504
camper,tente,2813,M548x526S1d420501x474S1d428471x474S22b05524x501S22b13453x502
caméra,,1062,M516x540S12d42484x486S20500503x512S20348501x525S26900499x460
Canada,pomme de terre,472,M526x528S10631503x483S10659474x505S22505513x472S22503503x516S20500495x494
Canada,,1958,M524x518S30000482x483S16d10471x462S26506509x466S21100492x466
Canada,Citadelle,3222,M526x534S36d00479x466S1f502506x491S21100508x473S22f04501x520
canapé,"coussin, fauteuil",1464,M516x544S14c51484x456S14c39490x517S22f04488x488S20500494x504
canapé,fauteuil,1615,M541x529S15450526x471S15458460x471S2b704525x505S2b714459x505
canard,oie,2210,M518x524S33d00482x483S22504468x492S17d20467x509
canard,Ganshoren (ville),2353,M517x531S1804e502x486S18046484x486S22506503x469S22502485x470S20500495x520
canard,,2360,M557x526S18050527x511S36d00479x474S36d00479x519S20500512x507S20500479x507S18058444x511S22504528x495S22504463x495
canari,,2488,M541x519S19a08459x499S19a00481x499S20e00478x482S26a00514x504
Cancer (maladie),,3102,M561x525S1ed16523x499S1ed1e458x499S22a00527x475S22a10460x475S22502548x501S22506439x499
cancer (maladie),,2039,M526x523S16d40475x477S2a305497x491
candidature,"engager, participer",1854,M572x517S36d00479x484S20500515x491S20500474x491S15d40530x489S15d48450x489S2b701553x494S2b710428x493
canif,,3031,M522x525S1ea12478x477S1ea18481x504S20500484x498S26906504x475
cannabis,"gazon, herbe, pelouse",1135,M539x546S14410517x477S14418461x477S26500519x454S26510468x455S2e230516x514S2e230464x514
cannabis,joint (cannabis),3153,M541x525S33d00482x483S1eb10517x506S26500526x489S1ee10515x460
canon,Canon (marque),317,M539x533S10031486x484S37600501x510S20357518x495S26a01461x468
canon,,3487,M535x528S26a01466x472S37600497x505S20357514x490S20331483x488
caoutchouc,élastique,437,M548x514S10602501x492S1060a473x492S26a06534x487S26a12452x486
caoutchouc,élastique,764,M560x514S11002510x493S20500495x495S1100a464x492S26a06546x487S26a12440x486
capacité,,1911,M521x524S15d50493x497S16d48479x490S23108495x476
capitaine (foot),,2964,M533x522S1e140509x488S36d00479x479S37604479x483S22e02486x493
capitale,"centre, milieu",2685,M518x540S15d39488x517S1c551482x460S20500493x506S2880c506x488
capitale,,3229,M514x540S1f502491x516S15d1a487x460S20500494x482S22a00492x495
capitale,Iran,3279,M512x545S1f522491x455S15d39489x522S20500495x507S22a04493x485
capitulation,,1897,M555x533S2ff00482x483S15d50536x506S15d58447x506S15d20535x452S15d28446x452S22a00542x486S22a10446x487
capote,préservatif,627,M525x533S10019477x488S10e11500x482S20700475x467S22e04506x515
capote,préservatif,2814,M534x526S1d420505x475S1d428466x475S22e04515x507S22e14467x508
Caracas (Venezuela),,2026,M511x528S16d20492x472S16d48492x508S20600489x495
caractère,,1745,M521x525S36d00479x488S15d03497x476S22a03483x499S20500470x514
caravane,remorque,459,M536x519S10612485x501S1060a464x504S20700467x482S22a26521x492
caresser,,1888,M528x520S15d50473x481S28806506x494S28806506x508
caresser,gâter,1936,M538x519S38600462x482S15d52491x491S20e00475x491S2eb0c523x482
carnaval,masque,1277,M518x554S2ff00482x483S14c00488x486S2e230490x522
carotte,,384,M535x524S10051487x503S10059465x500S20e00478x476S26a07514x490
carreau,"fenêtre, miroir, serre, verre, vitrine",1182,M518x567S33200482x483S14710493x509S2e230490x535
carreau,"miroir, verre, vitrine",1755,M580x547S2ff00482x483S15d10561x484S2e230557x515
carrefour,Carrefour (magasin),1875,M530x529S37600487x491S15d41470x472S15d49507x472S20600488x518
Carrefour (magasin),,2203,M532x520S16d18469x489S17d10490x493S20500482x509S26506517x493S22104489x481
carte (envoi postal),,2055,M532x519S15d3a469x483S20e00478x507S16d50495x485S26a06518x482
carte d’identité,portefeuille,2967,M532x524S1e140508x476S15d48468x478S20e00491x490S22e04508x506
carton,,3036,M536x533S1ea20485x477S37800499x498S37906470x517S15a1a509x512S20500486x522S27106465x468
carton,plastique,3072,M550x535S1ea02517x490S1ea0a463x482S23700511x465S23714450x514
carton,,3428,M526x533S20310485x473S15d3a474x514S37601491x488S2e230507x467
cartouche (encre),encre,2494,M535x523S15d38466x494S19a02479x478S20e00487x505S2a30b503x494
casque,,1413,M543x528S2ff00482x483S14c40519x476S14c48458x476S22a04524x513S22a14463x513
casquette,facteur,1212,M523x518S30000482x483S14712488x449S22a04494x466S26500509x465
casquette,chapeau,3007,M573x518S30000482x483S1ea10517x485S26b00546x487
casserole,,3490,M532x518S20332512x483S2033a475x483S22f04507x504S22f14469x504
cassette vidéo,"vidéo, vidéocassette",982,M539x528S11e50510x472S11e58468x472S2ea02514x513S2ea12462x513
cassette vidéo,"vidéo, vidéocassette",2681,M554x537S1c550524x464S1c558447x464S2ea02449x499S2ea12528x499S2fb04493x531
cassette vidéo,"vidéo, vidéocassette, VHS",2952,M571x513S1e10a463x487S1e102513x487S2d200545x490S2d210430x489
catastrophe,,1343,M543x620S30006482x483S14c10520x483S14c51498x537S14c39492x593S20500496x582S22a04494x564
catch,,796,M548x518S33200482x483S1104c530x483S2a200525x451
Catherine,,1067,M518x534S30004482x483S13210473x509S22504467x493
catholique,chrétien,1969,M550x530S36a00482x477S16d10514x510S26600534x500
cauchemar,,1561,M562x518S2ff00482x483S15401512x474S15409463x474S2e500539x481S2e518436x481S2fd00488x454
cave,,1824,M521x546S37604488x454S21404490x497S15d31492x508S26a04480x532
CD,disque compact,429,M511x517S10210495x487S22504490x484
CEB,,1979,M527x511S14910494x493S14710513x489S16d10474x491
ceinture,,3115,M569x522S1ed1c543x500S1ed14431x500S36d00479x518S20500488x503S20500503x503S26902518x501S26916464x501S36d00479x478
ceinture,,3123,M570x524S1ed04544x505S1ed0c429x505S36d00479x520S20500479x507S20500511x507S26502525x506S26516459x506S36d00479x477
ceinture (sécurité),,3089,M531x534S36d00479x467S1ed07472x473S21100494x498S22b05507x510
ça veut dire,"cela signifie que, c’est à dire que",132,M529x544S20600507x519S10000486x514S30004482x483
centime,"oeuf, orthographe",491,M518x548S30004482x483S10a00497x522S20500485x518
centime,"Courtrai (ville), Finlande, oeuf, plastique",492,M518x548S30004482x483S10a00497x522S20600471x520
centime,,2630,M557x532S30004482x483S28108537x495S20500494x521S1c500510x504
centime,,3354,M539x519S1f727488x497S1f72f461x496S20e00479x482S26a00512x499
centimètre (CM),CM,1982,M527x510S16d10474x490S18050497x495
centimètre (CM),CM,1989,M512x526S16d10493x475S2e500489x499
centre,,3281,M516x537S1f522487x463S15d39485x514S20500491x500S2880c504x483
centre commercial,shopping,3177,M592x549S1ee10519x504S1f410563x534S30005482x483S22a05545x524
cerf,,959,M581x518S30001482x483S30007482x483S11e10520x468S11e18457x467S20500509x472S20500482x472S22a07543x465S22a11447x465S11e20558x446S11e28421x445
cerise,,637,M552x518S33010479x483S10e14513x455S20700529x497S22f04527x479
cerise,sein,2989,M522x564S30004482x483S1ea01494x543S20500494x520S22500493x533
cerner,,305,M564x534S31500482x483S10011502x499S10019477x499S21100522x501S21100466x499S28806525x522S2881e453x522S10c10543x495S10c18433x497
cerner (police),,2978,M551x530S1e126525x506S1e12e450x505S26902506x470S26916482x470S26500531x489S26510457x488
certain,pointage,361,M520x527S10050481x496S26506504x513S26f00480x474
certificat,,3510,M525x524S15d39502x501S20341475x487S20500512x488S20500490x505S26507493x476
certificat,,3550,M526x534S15d39503x511S20500494x506S20500509x498S20351475x490S20341501x472S28809477x466
cerveau,mémoire,2262,M549x518S30007482x483S18010519x485S20600508x469
cerveau,,2645,M550x518S2ff00482x483S21407507x479S1c510520x467S20600495x463
chacun,chaque,3316,M546x516S1f547525x490S2d700483x485S1f541454x495
chagrin,,1315,M545x537S3704e471x464S14c02501x488S14c06483x514S20500535x493S20500470x521
chagrin,déranger,3392,M532x537S20302492x472S36d00479x463S37706507x479S21100494x492S2e500489x510
chaleur,chaud,1952,M530x538S32a00482x483S34400482x483S16d02489x521S26900514x519
chambre,,613,M524x576S30003482x483S30005482x483S10e10508x506S10e18477x507S2df00503x543S2df18474x543S20500494x565
chambre,"classe, pièce (maison)",2061,M532x561S16f10508x510S30003482x483S30005482x483S16f18467x510S2df06507x536S2df1e472x537
chameau,dune,1675,M526x515S15a50475x488S2920a495x486
chamois,,745,M535x518S30000482x483S11000494x453S20600513x474
champagne,,3004,M520x526S37706480x518S2030a505x511S1ea02498x475S20500509x498S22102487x485
champignon,,1639,M539x524S10019473x494S15311487x477S2e231512x495S21300462x476
célibataire,"champion, miss, Yougoslavie",1789,M535x532S36d00479x469S15d1f479x476S21100499x495S22b05511x508
champion,"Champion (ville), liste: villes",2525,M556x542S19a02491x514S19a20528x497S30004482x483S2df00519x521
chance,,1692,M517x532S15d0a483x483S15d00498x468S20e00498x503S22a04498x517
chance,,2324,M525x534S18030495x492S18008475x466S20e00495x475S22a04499x510S2f700500x527
changer,,300,M580x525S37600444x502S37600532x501S10021421x486S10009462x477S10001518x475S10029550x485
changer,transformer,1397,M578x524S37600444x501S37600532x500S14c21423x478S14c09463x478S14c01510x477S14c29551x477
changer,transformer,2957,M577x526S37600439x503S37600527x502S1e109455x480S1e127424x475S1e101511x478S1e129545x487
changer d’avis,"désister (se), retourner sa veste",1177,M538x518S30007482x483S14710521x479S28100518x442
changer d’avis,"désister (se), retourner sa veste",1190,M547x518S2ff00482x483S14710531x491S28100527x456S2f700532x442
changer d’avis,"désister (se), retourner sa veste",1191,M552x518S2ff00482x483S14710534x491S28330530x453S2f700534x439
changer l’école,déménager,304,M550x515S10021497x493S1002f450x485S26906475x496S26916532x495
chanter,musique,369,M544x537S10050524x463S10058462x463S2a404519x501S2a41c457x501
chanter,,3493,M530x549S33b00482x483S20340494x522S27106515x509
chape,,2436,M547x536S18550521x464S18558454x464S2de02526x486S2de12454x486
chapeau,"crâne, tête, visage",1777,M537x518S30007482x483S15d11514x478S20600491x466
chaperon,,3078,M547x519S2ff00482x483S1ea4c523x497S1ea44454x498S22e00530x474S22e10453x475
charbon,,3442,M524x530S20e00492x486S20310509x494S20319476x471S23003489x505
charger (se),,3050,M522x535S36d00479x465S20500509x479S1ea40498x514S22e00505x493
charger (se),,3058,M522x551S36d00479x449S20500509x463S1ea40498x498S22e00505x477S1ea48464x530S22e10475x505S20500479x490
Charleroi (ville),liste: villes,3413,M521x560S33b00482x483S20310499x512S2e500498x533
Charleroi (ville),liste: villes,3435,M524x575S2e500501x548S20318494x519S33d00482x483S20310502x527
Charles Chaplin,,2579,M578x518S33200482x483S19a52517x479S21404493x509S2a532545x484
Charles Chaplin,,3125,M543x526S33200482x483S21404493x508S1ec02521x486S22f04518x512
charrette,,3024,M550x524S26b10450x477S1ea10524x502S1ea18451x503S26b00523x477
chasse d’eau,,3318,M512x518S1f550488x483S22a04498x503
chasse d’eau,,3494,M542x518S2ff00482x483S20340527x466S22a04529x489
chasseur,,1061,M544x534S12d41519x507S12d4f457x509S22e00525x478S22e10457x478S2f700529x467S2f700460x466
chasseur,,3239,M553x518S26504539x490S30007482x483S20e00521x473S21407508x479S1f510538x471
chat,,2745,M550x518S30002482x483S30006482x483S1d110521x483S1d118449x483S22504519x479S22504469x479
chat,,2794,M545x544S30003482x483S1d418459x496S30005482x483S1d410512x496S2ea06520x529S2ea12456x529S20e00510x516S20e00479x517
chatouiller,"démanger, vinaigre, jouir (sexe)",260,M543x554S30004482x483S10012513x536S22504511x521S21100495x521S26502497x540
chauffage,radiateur,3121,M545x525S1ed46518x476S1ed4e464x476S23600506x508S23614455x508
chaussette,,2864,M575x527S1d450464x474S1d458425x474S1d450546x474S1d458506x474S26904474x508S26904556x509S26914426x509S26914508x509
chaussure,soulier,2195,M518x523S17b40501x495S17b48483x495S20600489x478
chaussée,papier,617,M532x528S10e10510x498S10e18473x497S26b00505x473S26b10469x473
chauve,,2348,M523x534S20319480x498S18046499x503S21100477x478S2a200500x466
chauve,,2656,M518x518S2d504496x470S1c512479x435S2ff00482x483
chef,patron,221,M524x554S30004482x483S21404504x521S10010486x524S26900508x534
chef,"devoir, falloir, forcément, obliger",222,M518x515S10010483x485S26900502x496
chef,,1206,M537x518S30007482x483S14711513x478S26500523x460
chef,patron,2266,M540x518S30007482x483S18010510x486S25500518x460
chemise,,2789,M547x578S2e230528x546S1d410518x513S36a00482x477S20500503x524
chemise,,3133,M545x536S36a00482x477S20e00480x520S20e00507x521S1ec10522x517S1ec18454x517S26500531x499S26510454x499
chemise,,3191,M542x545S36a00482x477S1ee02513x520S1ee0a465x520S20e00484x519S20e00505x519S26500527x497S26510459x497S1f402527x462S1f40a461x463
chenille,,395,M530x530S15d5a501x507S37806470x512S10052500x487S22506483x494S21100479x516S26502494x471
cher,chouette,458,M562x533S30006482x483S10612536x496S20e00521x494S26904546x515
cher,,778,M551x533S30006482x483S11012523x495S20e00515x515S26904535x515
cher,,2998,M543x550S15d39458x527S14c01517x451S1ea02475x507S22b07500x480S20500477x533
chercher,,789,M538x534S11030518x466S11038467x467S2e608509x500S2e610462x501
chercher,prendre,1592,M508x533S15420493x467S26504493x503S21600495x525
cheval,,461,M524x529S10612498x511S1060a477x514S20700480x492S26a20487x471
cheval,équitation,592,M521x543S14748502x490S10e04502x458S20700480x484S25524495x521S25524508x521
cheval,,2518,M529x524S19a10501x477S19a18472x477S25504516x502S25514471x502S25504503x502S25514484x502
cheval,,3539,M547x590S20350521x547S20358464x547S25504522x568S25504534x568S25504510x568S25514464x567S25514476x567S25514452x567S34400482x483S30a00482x483
cheveux,,2777,M575x518S36b00482x482S1d410518x480S20800517x477S26a00548x492
chewing-gum,,2842,M548x518S36100482x483S1d402515x485S26a00521x466
chic,,600,M527x553S31a10482x483S10e10509x497S2df00506x532
chic,luxe,2817,M545x576S1d420516x548S1d428452x548S31e00482x483S25900525x517S25910459x519
chicon,endive,2181,M568x514S17b10501x487S17b18483x487S26506524x495S26512462x496S20500495x496S18510543x494S18518432x495
chien,,259,M542x538S33d00482x483S10012494x522S26504528x523
chien,,1336,M533x532S36d00479x468S36d00479x512S14c04510x501S20600510x487
chien,grossier,1472,M534x593S30004482x483S21414492x521S20e00494x533S14c52503x560S22532486x551S26502462x566
chien,,1654,M518x550S30004482x483S15712482x519S22522465x518
chiffre,numéro,1492,M526x539S14e01489x484S14e09476x462S21100474x492S2e500503x512
Chili,liste: pays,2873,M521x518S1d412447x483S36d00479x493S20600469x507
chimie,"s’il vous plaît, SVP",2536,M576x524S19a20513x481S2e500553x478S19a28460x481S2e518425x477S2fd04488x518
Chine,chinois,175,M535x522S36d00479x478S10002480x489S21100504x508S23b04516x494
Chine,"chinois, riz",178,M562x518S31500482x483S10002511x495S1000a458x495S26506547x495S26512436x495
Chiny (ville),,1827,M543x552S30004482x483S20600490x520S15d32496x529S2ea00528x527
chips,frite,168,M521x532S22f03489x511S10001500x488S20700497x469S14c19480x487
chips,,700,M518x575S33d00482x483S10e40489x545S22e00492x522
chique,jaloux,502,M526x574S30005482x483S10a10509x511S2e230507x542
chirurgien,"couteau, Gembloux (ville), opérer",329,M527x532S10049474x485S10041489x485S21100486x468S26a05506x511
chèvre,Chièvres (ville),2149,M539x540S17640492x522S30004482x483S2d200513x517
choc,choquer,1319,M584x529S36d00479x472S20300499x485S20308491x508S20500517x486S20500477x511S26502533x485S26516457x510S14c02553x481S14c0a422x506
chocolat,vin,603,M577x523S30006482x483S10e10540x493S21100523x495S2ea00562x497
chocolat,,605,M567x523S30006482x483S10e10546x493S26a00540x472S20e00523x494
chocolat,,837,M533x627S30005482x483S11510502x509S25504503x543S11539491x600S11551506x601S21100505x583
chocolat,,873,M522x525S11539478x498S11551495x495S21100490x475
chocolat,Portugal,952,M563x539S30006482x483S11e10540x479S21100522x492S2ea00542x514
chocolat,,1489,M533x634S30004482x483S14e00491x520S22a04496x554S20e00476x517S15d39463x595S14e51488x588S20e00478x610S26a05512x613
choisir,choix,2819,M548x526S1d420509x475S1d428463x475S27100508x508S2711c452x511
chose,"objet, quelque chose",2535,M541x527S19a20513x474S20500496x478S19a28460x474S2e500518x500S2e518461x500
chou de Bruxelles,,1517,M589x537S14e30452x506S14e38425x506S14e50453x463S14e58425x463S28800480x495S28818412x496S11002562x493S1100a532x493S20600549x477
chou de fleur,,1518,M535x595S14e30388x564S14e38361x564S14e50389x521S14e58361x521S28800416x553S28818348x554S33100482x483S17600492x510S21d00491x528S2ea00520x503
chouette (faune),hibou,3100,M537x543S31a00482x483S1ed10509x486S1ed18466x486S2e230518x511S2e230463x511
Christophe,,1505,M547x557S30006482x483S14e10522x488S21100527x524S22a04526x542
chuchoter,,1184,M530x535S34400482x488S30103482x477S14710504x513S20500520x509
chuchoter,,1431,M521x602S36d00479x522S35610481x483S14c41466x539S14c4f433x540S23503465x568
chut,silence,214,M518x545S33d00482x483S10010486x515
Chypre,liste: pays,3181,M552x531S1ee10476x496S1ee18449x496S23809506x498S1f411522x469S20500470x520
châtaigne,"noisette, pistolet (pain)",2501,M522x542S19a10484x522S33b00482x483S20600500x511
château,,2105,M527x542S17618483x526S17610499x526S28800512x504S28818473x504S10e11502x472S10e19473x472S20500495x459
château,palais,2920,M526x536S1dc40502x506S1dc48475x506S28800505x479S28818485x479S20500495x464
château,,2977,M533x532S1e140509x506S1e148468x505S20500495x518S28800509x478S28818478x478S20500494x469
chèque,plaque immatriculation,3106,M546x510S1ed28474x491S1ed20501x491S26506531x496S26512454x496
chèvre,,748,M518x548S30000482x483S30004482x483S11000493x521S22a00494x492
chèvre,,2476,M518x572S30004482x483S19240487x517S2e230490x540
chômage,,438,M520x525S15d39497x502S10604504x475S20600480x496
chômage,,770,M512x537S15d39489x514S11004494x464S20600490x498
chômage,,3507,M513x533S15d39488x510S20341489x467S20600491x495
cible,,264,AS31510S10018S10012S2e520M532x591S31510482x483S10018492x540S10012489x543S2e520509x564
cigarette,fumer,542,M536x550S33d00482x483S10e00491x520S26a00509x535
cigogne,,3168,M551x518S33200482x483S1ee00526x489S26600535x459S1f400522x436
cimetière,"enterrement, tombe",1790,M548x530S22b03501x493S22b15475x493S20500495x519S15d1d525x470S15d15453x471
cimetière,"enterrement, tombe",2680,M521x530S17648481x478S1c550491x471S20700480x496S2ea20504x505
Ciney (ville),gris,2209,M551x518S30007482x483S17d20508x467S22104507x456S26504537x469
cinq sens,,1290,M545x545S33010479x483S31a10479x483S33200479x483S33d00479x483S14c01519x518S22141506x506
cinquième,,656,M512x533S14c20489x468S2a200488x505
cinéma,,1396,M530x529S15d5a478x510S14c20479x477S20500471x499S27206511x472
cinéma,,1543,M551x516S15020526x485S15028449x484S26a02503x488S26a16483x487
cinéma,,1690,M543x528S2ff00482x483S26a02500x501S26a16484x501S15d00524x500S15d08456x500
circulation sanguine,,350,M584x541S36d00479x459S10044524x463S1004c466x479S23604545x462S23610420x477S2fd04492x535
cirque,clown,1626,M544x547S33200482x483S15300529x488S26b02525x520
cirque,,2831,M589x532S1d440499x504S1d448470x504S22a07528x495S22a11457x495S1d420540x469S1d428432x470S22b05565x500S22b13412x503
ciseaux,Twix,574,M519x521S10e01494x491S22503503x479S22507481x506
Citadelle,,3221,M598x536S36d00479x487S20500508x497S1f502506x512S15d59563x512S15d51575x465S20500570x494S22a04584x492
Citroën,citron,2079,M543x540S21d00525x510S33b00482x483S37700514x515S17600507x500
citron,Sprite,3266,M542x543S30006482x483S1f520517x492S2e230523x511
citron,,3368,M534x546S33b00482x483S20300507x506S37700513x521S22504522x493
Citroën,,577,M533x521S10e01497x479S10e09480x479S22a05520x506S22a13468x507
Citroën,propre,682,M541x519S10e21500x482S10e29471x482S22a05528x505S22a13459x504
civil,,1972,M544x525S36d00479x476S16d10504x503S20e00508x486S2ea04529x500
clair,,1737,M527x573S15d02500x554S15d0a472x554S22e00510x530S22e10473x530S31a00482x483
clair,,2714,M549x538S1ce20500x508S1ce28477x508S22a07521x501S22a11465x501S14c20526x462S14c28452x463
clair (langue des signes),,2123,M547x532S17620484x516S17620501x516S22a07516x503S22a11472x503S14c20524x468S14c28453x469
claquer,,1811,M525x525S15d30506x476S22b03476x501
claquer (musculaire),cramper (musculaire),768,M541x536S22a13460x522S20500496x494S11003503x474S22a07528x465S11029470x500
clarinette,,1575,M543x577S33b00482x483S22532508x514S22536488x535S15410528x519S15418468x544
classificateur,,2007,M539x516S16d10483x496S1dc28462x485S2a532506x496
clavier,Minitel,1526,M556x525S14e50523x494S14e58451x494S22530514x475S22530444x476
clenche,"poignée, sévère",3520,M512x524S20350494x476S2a20c489x496
client,"contribution, impôt, patient",1986,M517x518S16d10500x482S22f03484x497
client,"gens, patient",2256,M531x539S18002512x470S1800a473x470S36d00479x461S20e00476x506S20e00512x506S22f04506x525S22f14470x525
cligner l’oeil,clin l’oeil,3173,M543x518S31a10482x483S1ee10517x489S22104515x479S22100528x480
clinique,hôpital,3169,M518x518S30000482x483S1ee02490x456S26500497x438S1f402496x409
cliquer,,284,M510x522S10020495x492S22104490x479
cloche,pâques,1616,M514x552S15a0a487x483S15450488x448S37900498x472S2a408487x516
clou,guêpe,510,M523x603S30005482x483S10a10508x509S10a12483x566S20359474x582S20500469x571S22a03504x545
club,"membre, syndicat",1001,M583x541S36d00479x459S12401519x471S12409459x471S20500507x471S20500484x471S1dc01560x511S1dc09417x506S22a05538x497S22a13448x497
club,,1009,M538x548S12420511x466S12428466x466S28404516x502S2841c461x502S20500467x537S20500521x536S36d00479x452
clé,Pierre (prénom),791,M510x533S11040494x467S2a530491x500
clé,,3055,M513x530S1ea40488x470S2a530494x497
cobra,,1231,M536x527S30b00482x489S30322482x476S14720522x505S14728461x505S28813462x483S2880b515x481
cobra,,2411,M544x609S18520510x542S37601530x557S15a1a517x597S2ea06510x525S30602482x481
Coca-Cola,,2965,M515x524S1e140491x476S23004486x506
cocaïne,,3317,M544x518S33200482x483S1f550497x502S26906526x501
coccinelle,,529,M532x532S3770b469x510S20357485x494S10a51499x468S20500490x481S20500508x498S20500471x494S20500495x517
cochon,"cochon (sale), cochonnerie, porc",885,M528x536S36a00482x477S11553503x493S20600495x525
cochon,,1554,M546x619S33200482x483S15400523x488S15450501x558S15d39487x596S20e00489x582S23000521x562
cocktail,,2052,M532x529S16d48468x495S16d40469x471S2a421499x501
CODA,,1970,M521x536S36d00479x464S22a00494x477S21100494x496S16d10492x516
CODA,,1992,M526x517S15a1a499x505S16d10503x484S20600475x496
CODA,,2397,M514x532S18518487x517S18510489x480S20500494x496S22100489x469S22100500x506
code,secret,3220,M533x545S33d00482x483S1f502492x521S20600511x520
coffre,,3545,M540x523S20350518x508S20358461x508S2b701521x478S2b711463x479
coffre-fort,,1017,M558x542S12820510x458S12828468x512S26b06540x460S26b12443x515
cognac,,2462,M513x526S19030489x475S2ea06488x511
cognitif,logique,3095,M574x518S2c300548x473S1ed10517x475S30007482x483
coiffeur,,618,M550x549S2ff00482x483S10e10529x490S10e18455x490S26b04523x466S26b14451x466S1154c528x432S11544457x432S2fd04491x543
coin,,1878,M548x527S15d41525x504S15d49452x504S20500496x473S26501509x487S26517478x488
coin,,1883,M524x516S15d47501x485S15d4f476x485S20500496x505
collection,timbre,827,M524x601S33d00482x483S11501498x518S15d39473x573S11551497x576S20600501x567
coller,,858,M523x525S11509477x498S11521496x493S20600486x476
coller,,2623,M548x515S1c131523x486S1c139453x486S22505508x497S22503481x498
coller,,3511,M520x536S15d39497x513S20341480x481S21100497x500S27107493x464
colloque,,2961,M537x529S1e13a474x505S1e132502x505S20500496x502S20500495x472S2d607515x471S2d61f463x472
Cologne (Allemagne),,1666,M536x534S15750518x507S15758464x507S17758465x466S17750516x466S22a00522x488S22a10466x488
Cologne (Allemagne),parfum,2241,M563x518S22a04550x459S18000520x499S22a00525x478S15d00527x448S33100482x483
Colombie,,1850,M523x541S15d3a477x513S37601496x486S15d40491x460S20600501x530
Colombie,,1990,M513x520S16d10491x480S2ea06488x505
Colombie,,1993,M528x533S15d3a472x514S16d10482x467S37601491x486S2e230509x486
Colruyt (magasin),,3094,M558x526S36a00482x477S1ed10528x507S20e00512x513S26a00531x487
Colruyt (magasin),,3450,M560x531S37609440x485S37601546x487S37706505x523S37706470x523S20318446x470S20312455x516S2031a530x516S20310540x472
colère,gronder,1368,M563x519S30001482x483S30007482x483S14c11512x467S14c19462x467S26600515x432S26610469x432S2e231536x492S2e237435x492
colère,,1369,M546x530S30001482x483S30007482x483S14c11512x467S14c19462x467S26a00504x450S26a10469x450S2e008525x501S2e010455x501
colère,"fâche, furieux",1496,M544x575S36d00479x521S14e02501x550S14e0a469x550S22a11476x535S22a07512x535S2f700532x526S2f710458x527S30c00481x483
coma,,1980,M546x511S14b50494x495S1f520522x496S16d10455x490S17610475x494
coma,,2174,M544x523S31500482x488S30105482x477S17b10527x495S22104523x481
combien,,2132,M508x524S21b00496x477S17630492x508S22a00493x489
comité,"réunion, étang, lac",194,M532x524S10003502x503S1000b471x503S2d51f469x478S2d507511x477S20500497x477
commander,,219,M521x543S33d00482x483S10010486x513S26900505x524
comme,"même, pareil",366,M545x516S10050530x485S10058455x485S20500495x503S26516474x501S26502510x502
commencer,"début, famille",365,M518x538S10050502x508S10058483x484S20e00502x491S26500504x463
commencer,début,374,M520x538S10050504x508S15d48480x484S20e00504x491S26500506x463
commencer,début,3074,M548x517S1ea02500x494S1ea0a478x494S2880a526x485S28812452x484
comment,,1420,M530x533S14c40506x468S14c48472x468S2a208507x505S2a210471x504
comment,comment faire,1421,M530x537S14c40506x463S14c48472x463S2a308507x501S2a310470x501
commerce,,3067,M550x533S1ea41502x494S1ea49467x471S2ea3c535x492S2ea48451x467S2fd04481x527
commode,,3484,M555x602S20330520x546S20338463x546S32a00482x483S22b04520x567S22b14462x567S26504541x567S26514442x569S26514442x587S26504541x587
commun,,370,M516x532S10050501x488S10058484x488S20500495x521S2e826484x469
commune,,1950,M529x534S36d00479x466S16d04466x512S2880a487x506S36d00480x530S21100516x512
communiquer,,1999,M566x551S16d18479x517S16d10505x517S33b00482x483S27100526x518S27114435x520S2fd04488x545
communiquer (dur),,2003,M525x582S36100482x483S37600487x543S16d10473x525S16d18508x525S20600487x571
comparer,,2328,M556x530S18030522x495S18038447x495S27100516x470S27114444x515
compas,géomètre,685,M538x516S2a20f515x495S15d18462x485S10e22483x489
complet,"plein, remplir",1933,M522x529S20e00480x471S15d51499x472S16d48478x493S26603490x507
complet,"plein, remplir",1934,M532x523S20e00501x500S15d51477x494S16d48490x477S26607510x501S21400468x487
complet,entier,2809,M535x548S1d420466x453S1d450506x506S2890b504x469S2f700518x541
compliqué,,2718,M543x548S1ce27516x479S1ce2f457x452S2e500515x508S2e518462x480S2fd04488x542
complémentaire,,2005,M526x525S16d10509x482S16d18475x505S20500479x491S28802486x475
comportement,,1746,M521x525S36d00479x488S15d03497x476S20500470x514S22f03480x495
compote,,3025,M569x532S30005482x483S1ea11513x502S23f03546x511
comprendre,,1957,M537x531S30000482x483S30004482x483S16d10520x479S22a04522x504S21600524x523
compétence,,160,M556x543S30001482x483S30007482x483S10001517x489S10009461x490S20e00513x476S20e00474x475S2ea00541x496S2ea44443x498S2fd04487x537
compétition,"eBay, lait",3234,M542x531S23600503x496S1f502515x469S1f50a471x469S23614459x496S2fd04488x525
comète,,2082,M550x585S15418473x560S17600502x550S22000516x563S26500525x542S35700467x483S35700498x483
comédie,drôle,2381,M527x545S18500503x516S36a00482x477S20600500x534
con,,3367,M537x523S20300522x490S33200482x483S26504522x508
concept,,1960,M545x518S30007482x483S16d10520x475S20600523x499
concierge,sorteur,751,M554x529S2ff00482x483S11000534x482S22f04529x515
concierge,raciste,787,M574x523S30006482x483S11022520x489S2a20f551x502
conclure,"tomber (objet), total",2833,M548x536S1d440501x508S1d448472x508S1d420502x465S1d428474x465S28800536x493S28818453x490
concombre,,663,M540x510S16d20501x490S16d28482x490S26506525x494S26512461x494
concours,"course, examen",3258,M571x516S1f518476x484S1f510510x484S21100494x484S27100531x484S27114430x485S2fd04490x510
concret,,2221,M542x518S17d30519x483S17d38459x483S22500519x504S22500469x505
condition,,191,M548x516S10002518x501S15d48452x484S20b00477x494S26a02495x487
condition,statut,228,M523x524S10010490x494S15d18478x476S20600501x476
confiance,"fier (se), franc",1997,M543x521S16d18477x501S16d10506x501S20500479x485S20500510x486S36d00479x479S26600527x490S26610455x491
configuration,,1586,M521x518S20319487x497S15411497x484S21100479x483
confirmer,"décider, fixer",3521,M512x539S20350492x462S22a04493x480S15d39489x516S20b00494x501
confiture,,216,M518x574S33d00482x483S10010486x514S23304483x548S10012449x551
confondre,"confus, confusion, troubler",1283,M524x563S26a16480x536S14c08476x498S2ff00482x483S26a02505x536S14c00501x498
confondre,,1359,M544x541S31a00482x483S14c10521x486S14c18456x486S2df00521x520S2df18457x520
confortable,délicieux,1481,M553x572S36510482x483S14c53527x517S22533506x532S25503495x553
confortable,mou,2179,M536x524S17b10519x497S17b18464x497S22504515x477S22504473x478
conférence,,1365,M534x550S37906467x543S15a1a507x538S37601498x502S14c10487x471S26a00485x450
conférence,discours,2826,M549x533S33b00482x483S2ea08534x508S1d440504x498
Congo,,2213,M538x514S17d20462x494S26a06491x487S18520513x494
congé,"pause, repos, salon",688,M525x531S10e31476x470S10e39500x470S20500495x497S22a24493x516
congé,,960,M554x533S36d00479x479S20500513x485S20500476x485S20500476x521S20500513x522S11e10531x468S11e18447x468S22e04530x504S22e14454x504
congé,,1825,M530x539S37600488x481S15d31471x462S15d39507x462S22b24493x509
conjugaison,,2575,M573x554S19a51527x490S19a59439x463S36d00479x496S20500510x508S20500480x508S27107546x474S27115418x447S2fd04487x548
connaître,,2297,M554x518S30007482x483S18017534x473S20500510x469S2df00522x497
conserve,ouvre-boîte,2968,M522x540S1e140498x460S17648479x476S20500484x464S2a530499x507S2e706496x489
conserver,garder longtemps,2336,M530x519S15d39471x493S18040473x482S21100490x505S2ea06505x492
conserver,garder longtemps,2554,M534x520S2ea06509x488S15d39467x494S21100487x506S19a40475x480
consommer (énergie),,3247,M541x537S1f510492x522S26a00514x521S33b00482x483
consonne,,1991,M528x528S16d10485x508S14c18472x474S2b701496x481S2c601509x473
contacter,,302,M524x524S20600485x477S10021494x494S10009477x494
conte,,1718,M538x550S30004482x483S15d02493x527S20e00494x519S2ea00523x525
conte,,1730,M552x576S30004482x483S15d02506x524S2ea00537x525S15d0a461x532S2ea08442x533S2fd04487x570S20e00495x521
content,joyeux,1409,M534x529S14c3a466x505S14c32503x478S2880e475x488S2880e475x472S20e00478x506
content,satisfaire,2330,M520x535S18030490x490S18038480x465S20e00499x473S2e508491x508
contenu,intérieur,2358,M526x532S17d48474x490S18050496x497S20700484x469S22f04497x518
contexte,"environnement, société",1476,M541x527S14c52510x482S10018473x497S22532493x473S2eb06460x477
continent,région,1279,M527x529S15420473x504S2890a490x494S26500496x472S26500513x479S26500479x480
continuer,,1742,M527x525S15d38473x499S15d02477x477S20e00495x503S2ea04512x475
continuer,,1865,M538x534S15d40516x466S15d48463x466S2e600509x501S2e610463x501
contourner,détour,2349,M529x521S18047508x489S18048472x506S26902485x479
contourner les règles,"déroger, désobéir",3372,M553x569S35710475x483S36d00472x519S37601512x523S20300519x522S37056519x556S2df0e533x545
contraction,,1335,M565x541S15003500x503S1500b473x503S22f03523x486S22f15456x486S14c03538x465S14c0b436x466S36d00479x537S36d00479x459
contraire,inverse,144,M528x541S10000510x475S10008476x475S2a200505x513S2a218473x513S26502492x460S26516494x474
contribution,impôt,3262,M524x527S1f510478x474S23000499x474S20500479x496S20348477x512
contrôle,interrogation,2633,M540x569S30004482x483S1c500510x504S2e230519x537
contrôleur (train),facteur,806,M536x534S30000482x483S30004482x483S11301498x503S22a00523x496S20500494x469
convaincre,,250,M516x527S10019484x497S10011495x497S26920492x473
convenir,,2487,M558x511S20500493x496S26502509x495S19a08442x491S19a00530x490S26516473x496
cookie,hamburger,1618,M521x527S15d39480x502S15451479x473S20600499x516
cool,,1981,M542x515S26506500x500S1dc20518x485S16d10459x495S17610479x499
Copenhague (Danemark),Helsinki (Finlande),1560,M540x518S30007482x483S15401509x470S25500527x450
copier,imiter,2191,M520x547S17b20500x454S18520495x532S26504506x509S21100507x490S15d38481x493
copier (objet),,2194,M530x521S15d48471x491S17b40492x493S26506515x500S22104487x479
coq,,972,M518x518S30000482x483S11e40475x469S22e00474x447
coq,,1147,M535x518S30000482x483S14440492x450S22e00518x463
corbeau,,2985,M514x541S1ea00486x480S37601500x501S2ea06489x459
corbeille,poubelle,2046,M540x520S16d48464x480S16d40517x480S22f04515x506S22f14460x506
corde à sauter,,3049,M568x529S1ea37525x487S1ea3f456x487S36d00479x525S36d00479x472S2eb00553x489S2eb18432x490
cordonnier,,3343,M527x526S1f702501x485S1f70a484x485S20500495x474S23004502x508S23014474x508
corpus,,1619,M516x533S15d39485x507S15451485x481S20500505x522S22a00503x468
correct,"exact, juste",367,M516x540S10050501x497S10058484x497S20500495x529S26620492x461
correct,"exact, juste, net, précis",2709,M533x530S1ce18467x471S1ce10511x471S25504513x507S25514474x508
corriger,modifier,347,M535x522S10002502x507S15d48466x493S20e00487x502S27200495x479
Corée du Nord,,2264,M608x550S30007482x483S18010514x484S30006482x483S23f02536x493S11520593x520S22a00594x500
Corée du Sud,,2265,M605x546S30007482x483S18010514x484S30006482x483S23f02536x493S20320590x511S22a04591x531
Costa Rica,,2017,M538x527S16d20462x484S26606484x487S11a20522x473S22e04521x509
cotisation,payer par mois,3056,M524x513S1ea40477x487S2ea00509x488
cotiser (se),,3073,M551x512S1ea02530x489S1ea0a449x488S20500495x499S26502511x498S26516474x498
cou,,1945,M518x581S36a00482x477S21100493x524S16d02489x543S23600479x564
coude,,1723,M527x521S38612495x479S20600474x506S15d02500x502
coudre,,2836,M531x532S1d440500x471S1d448469x471S20e00494x469S2e508508x505
couler (bateau),Titanic,1877,M524x529S15d41501x494S15d49477x494S22e20492x471S22a24493x514
couleur,,608,M563x540S30004482x483S20e00494x523S10e10528x510S22510525x495S26500549x524
couleur,,1274,M553x567S30004482x483S14c00521x531S26a02500x540S20e00494x521S22530511x514
couleur,,1377,M538x564S30004482x483S20e00495x519S14c12498x532S22532480x522S26500524x514
couloir,rayon (magasin),1771,M544x532S15d10525x505S15d18457x505S26600523x469S26610462x470
coupe,,3327,M544x534S1f550520x467S1f558456x467S2880c527x492S28814463x490S1f540503x510S1f548484x510
couper (cheveux),,704,M542x543S2ff00482x483S10e40527x513S10e48456x513S22e00525x486S22e10455x486S11510527x448S11518457x447
couper (onglets),,718,M530x528S14c59470x486S10e41503x498S2d500486x473S22503518x486
couper la conversation,"interrompre, occuper",715,M534x537S10e41509x507S10059466x504S25901490x489S11541466x463
couple,septante,3217,M517x515S1f430488x500S22114484x486
couple,petit-ami,3286,M552x509S1f530528x492S1f538448x494S26902507x492S26916475x493S20500495x495
cour,"jeu, jouer, récréation",2520,M545x529S19a10517x471S19a18456x471S2e230520x497S2e230461x496
courage,,3233,M559x526S36d00479x474S1f502511x485S1f50a474x484S20e00512x514S20e00475x514S2c300533x488S2c310442x486
courgette,,1638,M527x515S15310488x486S15318473x485S2880b507x495
courir,,321,M530x542S10040509x512S10048475x487S23000505x484S23010471x458
courir,jogging,3389,M559x531S20309458x469S20301522x469S37703537x484S3770b441x484S2ea00525x494S2ea18460x494S2fd04488x525
couronne,,2970,M542x518S1e140518x453S1e148459x452S2ff00482x483S22a04519x483S22a14468x482
courriel,"e-mail, mail",486,M554x520S10920539x499S10928446x500S10002468x480S1000a505x480S26502512x504S26516478x504
courrier,"enveloppe, lettre",1460,M523x535S14c50489x482S15d5a489x516S20500478x505S22530481x465
couscous,sable,2134,M526x514S21b00475x497S17630510x493S26a02490x487
cousin,,2006,M538x526S16d10518x475S16d18468x475S2e508515x498S2e510463x499
cousin,,2030,M532x518S30007482x483S16d40512x471S22e00515x449
cousine,,2034,M537x518S30005482x483S16d40519x495S22e00520x472
couverture,drap,2205,M542x532S17d18457x468S17d10519x468S36d00479x528S20500477x514S20500512x514S2b705511x487S2b715474x487
couverture (livre),,1803,M524x531S15d28493x469S15d20476x479S21100511x491S2df06495x507
cow-boy,western,2500,M548x518S19a10520x485S30007482x483S26500527x469S21b00531x454
cow-boy,"Texas (USA), western",2918,M595x540S1dc40524x478S36d00479x500S36d00479x460S1dc48452x478S23700556x489S23710404x488S2fd04487x534
coûter,payer,3332,M528x530S1f551494x481S15d39473x507S20e00478x494S26507515x471
crabe,,3120,M563x514S1ed46524x488S1ed4e458x487S22502550x488S22506438x488
cracher,,1030,M518x562S33d00482x483S12920478x518S27702475x542S10e12438x547
cracher,lama,1031,M534x518S33d00467x483S12920433x496S35a00498x482S26500443x480S10e50443x441
craindre,"peur, salle, salon",3390,M521x519S20302480x489S36d00479x481S37706496x495S20600475x508
crampon,,895,M529x525S15d18472x478S11810514x479S20500496x475S20500496x488S20500496x501S22a04514x510
crapaud,grenouille,980,M557x533S11e50518x503S11e58458x503S2b901531x469S2b910444x467
crapaud,grenouille,1563,M542x538S36a00482x477S20600487x526S15402516x523S26a00515x505
cravate,,2948,M536x598S36a00482x477S1e102493x535S21100494x523S22a00523x543S1e10a479x567S20500498x587
crayon,"lampe, lumière",217,M523x544S33d00482x483S10010486x512S2ea00508x519
crayon,,2736,M560x560S33d00482x483S1ce02486x513S25505515x527S1ce20538x530
crayon,,2788,M534x558S33b00482x483S1d410505x495S2e230515x526
CREE asbl,,2604,M578x518S33010479x483S1bb10523x476S26506549x490S21b00570x492
CREE asbl,,2700,M578x518S33010479x483S1ce10525x478S26506549x492S21b00570x495
crever (pneu),"panne, La Panne",2186,M532x519S17b14469x492S17b1c515x492S22104512x481S22104478x481
crevette,,3206,M551x532S1f040499x469S1f048470x469S22f05526x480S22f13451x482S1f446536x499S1f44e449x503
cri,"crier, hurler",1149,M543x518S33d00482x483S14440520x486S14448457x486S25500523x461S25510464x462S14410521x425S14418458x425
crier,hurler,606,M538x518S33d00482x483S10e10523x422S25500525x457S10e40523x487
crier,hurler,612,M538x518S33d00482x483S10e10523x422S25500525x457S10e40523x487S10e48462x487S25500463x458S10e18463x422
crier,hurler,1535,M536x538S33b00482x483S15001496x511S25500523x494
crier,hurler,1536,M551x552S30004482x483S34800482x483S15001503x521S20e00486x525S2ea00536x527
crise (argent),"ramadan, régime, serrer la ceinture (argent)",3488,M521x530S36d00479x470S36d00479x526S20332468x508S26606489x507S21100482x493
crise (dispute),,2933,M540x570S34400482x483S1e002510x547S1e00a457x547S22a00524x524S22a10460x525
crise (disputer),,199,M545x609S10004520x579S1000c465x579S28808503x557S28810484x557S10001524x534S10009454x534S32a00482x483
crise cardiaque,,767,M538x537S36d00479x467S20500493x493S11003500x473S11009470x501S22a07525x464S22a13460x523
critiquer,,325,M514x543S20348493x528S10040493x481S20e00494x513S26a00487x458
Croatie,,1130,M521x545S36d00479x455S21100480x496S21100461x517S14402426x514S14420478x462S2330a477x515
crocheter,,479,M550x538S10641498x477S10649481x476S20e00495x462S2a40f522x505S2a419450x502
croire,,211,M521x567S33200482x483S36d00479x522S20500489x556S10010486x507S22a04488x540
croire,,3172,M545x536S1f410496x521S1ee10519x487S22a04528x512S33200482x483S30004482x483
croiser les doigts,espérer,931,M548x521S11a20533x480S11a28453x480S2f900454x516S2f900535x516
croix,trèfle (carte),780,M515x529S11020485x472S23304485x503
croquette,,2359,M525x535S18050495x484S18038475x520S20e00496x500S26a00493x465
Cross Fitness,,3537,M565x529S20350522x514S20358465x514S23600526x489S23610439x489S2ff00482x483S20320523x463S20328466x463
crème,miel,218,M548x536S33d00482x483S10010461x499S10012518x515S20e00483x520S26506503x522
crème,glace,1681,M533x541S33d00482x483S15d00494x513S2ea0c518x516
crème Chantilly,,195,M564x605S15d39474x582S10003491x567S22a07519x557S10603536x528S34500482x483
crème Chantilly,,439,M518x618S15d39488x595S10604495x568S2eb02485x548S34500482x483
créer,"évènement, hasard",2614,M562x521S1bb40541x492S1bb48439x492S21b00526x482S20500495x508S26602510x505S26616460x505S22a07508x490S22a11481x490S21b00469x480
créer,fonder,3514,M528x531S20341507x510S20349473x509S20500478x493S28c02486x470
crêpe,,1822,M517x543S15d30497x480S37800502x505S15d1a484x515S20500507x532S22e00495x458
Cuba,,1751,M571x528S30007448x483S15d10486x482S20e00476x472S22a04485x513S30007517x483S20310556x481S20500543x470
Cuba,liste: pays,3130,M559x518S33b00482x483S1ec10505x498S26a00532x502
cube,,2207,M523x522S17d10499x478S17d48478x484S20700489x507S20700505x507
cuillère,,695,M550x546S33d00482x483S10e32499x525S2ea00535x521
cuir,,1539,M583x526S36d00479x519S20e00516x504S20e00475x504S15012512x475S1501a461x475S26a06542x499S26a12449x499S15312558x481S1531a423x481
cuir,,3232,M540x547S36d00479x454S1f502511x465S1f50a474x464S21100474x494S21100512x494S23600501x513S23614459x513S2fd04489x541
cuire,cuisinière,560,M536x534S10e00516x488S10e08469x488S22f00511x467S22f10465x467S2fd04488x528
cuire,cuisinière,1600,M537x535S15430517x485S15438466x485S22f00512x466S22f10463x467S2fd04486x529
cuisine,,1313,M526x538S37601502x463S14c02486x491S21100475x475S2e500503x511
cuisine,ménage,1724,M525x522S38612493x479S15d02498x502S21100476x508
cuisine,ménage,1813,M513x523S15d30494x477S2ea06488x508
cuisiner,,2848,M515x525S1d450486x475S2ea02490x510
cuisse,"jambe, Jambes (ville)",1749,M524x528S3860c477x497S15d04483x473S20600502x497
culotte,,2857,M554x527S36d00479x473S36d00479x510S20600514x498S20600464x497S1d450525x499S1d458446x499
culotte,maillot (masculin),3093,M562x535S26506547x519S26512441x517S21100530x518S1ed04502x516S21100460x518S36d00480x522S36d00479x465S1ed0c475x516
culture,,2602,M538x518S30007482x483S1bb10517x468S21d00498x469
cunnilingus,,918,M525x524S11950503x498S22500502x477S1dc28476x487
cunnilingus,,2932,M530x543S35a04482x483S1dc21500x499S1dc29469x499S22f04505x529S22f14467x528
curieux,juif,443,M562x519S33200482x483S10610521x493S2a602545x494
curieux,curiosité,1976,M528x556S33100482x483S16d10504x503S2e500505x529
curriculum vitæ (CV),CV,1978,M517x515S16d10483x495S10e20502x485
curé,prêtre,2653,M552x518S1c511501x448S2ff02478x483S2ea02527x471
cygne,,2410,M527x538S18520493x471S37601513x486S15a1a500x526S2c600473x463
céder (code de la route),,1819,M551x513S15d30532x487S15d38472x487S26902510x496S26912450x496
célibataire,"directeur, individuel, personnel, privé",3264,M525x525S1f512480x483S21100498x499S22a05512x511S36d00479x475
célèbre,célébrité,2229,M565x523S30007482x483S18000518x488S23b09541x505
césarienne,,3338,M546x529S1f512480x506S36d00479x472S36d00480x525S21100499x507S26606516x506
Côte d’Ivoire,trompe,2512,M553x529S19a10525x508S30003482x483S30005482x483S20500514x514S20500476x514S19a18445x509S2c600528x477S2c610448x477
D,,413,M508x515S10110492x485
D,,422,M508x515S10120492x485
D,,1119,M512x515S13810488x485
d'abord,premier,286,M511x535S10020494x505S24e00490x466
d'abord,premier,290,M511x528S10020495x472S2df00490x507
dame,madame,1208,M521x523S36d00479x478S20500477x488S20500511x488S26506499x499S14711478x503
dame,madame,1216,M522x524S36d00479x477S20500477x487S20500511x487S26506490x489S14712468x501S14714508x502
dame,madame,1367,M523x523S36d00479x477S20500478x486S20500513x486S14c11460x496S26506496x508
dame,madame,2267,M544x564S30004479x483S18010496x520S36d00479x541S20500497x553S2a201524x538
Danemark,,948,M534x526S36d00479x475S11e02463x492S21100503x512S29a06499x491
Daniel,,1235,M536x518S30007482x483S14721515x474S20600486x464
dans cinq ans,,337,M517x539S20348498x524S2b700498x461S20500483x518S14c41487x495
dans deux ans,,333,M517x539S20348498x524S2b700498x461S20500484x514S10e41491x493
dans quatre ans,,336,M517x539S20348498x524S2b700498x461S20500484x514S14441486x495
dans trois ans,,334,M516x539S20348498x524S2b700497x462S20500484x514S18641490x496
dans trois ans,,335,M517x539S20348498x524S2b700498x461S20500484x514S11e41491x493
dans un an,,332,M517x539S20348498x524S10041495x494S20500484x514S2b700498x461
danser,,638,M520x545S15d39480x521S10e14488x488S20600498x534S2e00c484x455
date,"dès (que), lorsque, quand",2851,M523x543S1d450477x458S15d3a494x524S20500509x514S29f0c504x476
dauphin,,1727,M530x512S15d02503x493S29202470x489
David,,1233,M526x526S15d5a475x507S14720480x482S27206507x474
David,,1804,M526x530S15d20481x476S15d1a475x511S20500488x505S27206507x470
debout,lever (se),587,M537x534S10e02507x473S15d39463x511S20500474x492S2a200482x467
debout,,1816,M542x548S15d30523x522S15d38458x522S22b00521x483S22b10462x484S2f700494x452
degré,température,2486,M533x522S19a00505x500S15d18468x495S21100492x505S22f00504x479
dehors,extérieur,353,M585x519S2ff00482x483S10047538x498S26a07564x474
dehors,extérieur,2171,M519x538S18502498x462S15d0a482x519S26500499x491S17b02492x514
Delhaize,,1541,M550x542S30003482x483S30005482x483S15020508x510S15028468x511S26900534x524S26910451x524
Delhi (Inde),,3097,M527x520S10018496x490S1ed10501x485S20600473x480
demain,lendemain,3242,M554x532S1f510516x517S30005482x483S20e00501x520S22e00537x513
demain,lendemain,3248,M555x524S1f510534x509S2ff00482x483S23000530x488
demi,moitie,326,M525x530S10041491x487S10049476x487S20e00487x470S26505512x517
décrire,"demi-heure, description, détail",328,M526x532S10041489x485S10049474x485S20e00485x468S26a05505x511
dent,,489,M545x537S33d00482x483S10a00517x511S20600523x495
dentifrice,,2954,M550x519S1e103470x482S1ea0a451x496S26506501x487S1ea01522x481
dentiste,,773,M526x572S30005482x483S11010511x514S22a04511x546S2f700513x565
dentiste,,3012,M533x566S30005482x483S1ea10508x510S2e230514x534
depuis,historique,1322,M596x526S36d00479x521S35710484x483S14c02565x467S14c0a526x503S22532549x458S26500578x505
depuis,,1323,M574x526S36d00479x521S35710484x483S14c02543x442S14c0a526x503S22532527x432S26504548x473S20500550x493
dernier,,163,M568x515S10001517x485S10009463x485S2d201542x492S2d210432x492
dernier,,356,M583x544S36d00479x456S36d00479x539S20500525x527S20500524x496S10050539x477S10030539x514S28c0c562x502
dernier,,2042,M529x522S16d40511x481S15d48472x478S20e00494x486S22a04513x507
descendre,,801,M515x534S11051485x467S25104497x501
descendre,sortir,1038,M532x546S37a06469x502S20356517x496S20500504x488S26500501x507S12920491x524S10e50503x454
descendre,,2672,M515x535S1c550485x466S25104495x502
dessert,,408,M532x531S30004482x483S10100516x496S20600490x520
dessert,,417,M538x534S10110504x466S20500491x483S10118473x466S2e608509x501S2e610462x501
dessin,dessiner,562,M521x534S15d0a479x494S10e00502x467S29904507x502
dessin,dessiner,861,M523x537S11559477x481S11531498x480S20e00496x463S26a02501x510
dessin,dessiner,1069,M514x536S13210489x483S22504487x464S28805494x516
dessous,,2293,M532x520S18018469x493S18010492x480S2ad02519x497
dessus,,2291,M535x518S18018466x490S18010488x503S2ad00522x483
dette,"devoir, devoir (scolaire), obliger, prêt (emprunt), prêter",188,M527x518S10002497x503S15d48473x491S20600499x483
deux-points,,702,M508x527S10e40493x497S26500494x473
deuxième,,652,M512x532S10e20494x468S2a200489x504
devant,,2342,M576x512S18040523x496S18048448x496S2b701557x489S2b710425x489
deviner,"inventer, trouver l’idée",2749,M539x518S30007482x483S1d102501x462S22a00515x440S1d420510x405
devoir,"falloir, obliger",287,M508x535S10020492x505S26900492x479S2f700493x465
devoir (scolaire),écrire,2850,M538x522S1d450489x479S15d3a462x503S20e00474x492S26a06524x485
diable,"démon, enfer",998,M537x518S30001482x483S30007482x483S12110513x461S12118462x461S22504517x438S22504470x439
diapositive,,1744,M541x520S15d02485x480S17d38460x484S21000476x505S2e508518x480
dictature,pouvoir,3535,M536x524S20350521x477S20358464x477S22a04522x497S22a14464x497S2f900523x519S2f900465x519
dictionnaire,,427,M522x535S15d39499x512S10130499x466S20e00502x498S26a02478x473
dictionnaire,,2019,M526x529S20500486x493S16d20482x471S15d39475x506S22f04501x475
dictée,,2632,M540x567S30004482x483S1c500510x504S2e00c517x539
Diest (ville),,3370,M532x573S30004482x483S20302492x558S37706507x565S22a00493x540S20500495x524
dieu,,407,M529x518S30007482x483S10100512x459S24e08508x426
difficile,,482,M518x518S30000482x483S1064c489x455S22e00488x433
difficile,,1357,M548x518S2ff00482x483S14c10522x480S14c18456x479S26a00521x460S26a10454x460
diffuser,,2159,M541x521S17650499x505S17658483x505S21b00460x480S21b00533x480S26507516x489S26511470x490
dimanche,,426,M515x535S10120492x465S2e608486x502
Dinant (ville),,172,M555x520S33200482x483S10002507x501S10022507x483S2e70c540x495
dinde,dindon,537,M518x552S2ff00482x483S21404494x521S10c12488x531S22506470x540
dinde,,2389,M535x560S18510507x500S33200482x483S22a04519x520S18516520x535
dinosaure,,1545,M551x634S15020526x543S15028453x561S2fd04490x615S36100482x483S2eb00534x583S2eb18456x602
dinosaure,,2431,M531x622S18550494x555S37601514x570S15a1a504x610S22e00497x532S36100482x483
diplôme,,2439,M534x518S15d39466x494S20e00485x506S18551483x483S27703514x495
diplôme,,3467,M520x518S20308481x497S20e00498x483S20320488x503S22a07507x495
diplôme,,3478,M524x521S20358477x506S20320488x498S20500476x493S25507505x479
dire,,129,M520x548S33d00482x483S10000486x518S26500506x532
dire,,1089,M552x519S33d00482x483S13d10522x504S26600531x467S13f10523x443
directeur,,410,M521x532S36d00479x480S10101459x468S21100478x494S22b05492x508
diriger,gérer,3048,M552x536S2fd04487x530S27114449x466S27100512x464S1ea37525x487S1ea3f456x487
discrimination,,1388,M516x539S10018486x488S14c20493x508S20500484x526S26920492x461
discrimination,,1400,M529x532S20319488x500S14c21502x500S20500497x521S25a21472x468
discuter,,311,M577x531S10022506x471S1002a462x470S27102511x491S27112463x490S2a401544x481S2a413423x478
Disney,"Disneyland, Walt Disney, Mickey Mouse",511,M563x518S30001482x483S30007482x483S10a11516x461S10a19454x462S20500507x472S20500519x484S20500471x483S20500485x472S28c0b539x446S28c13439x445
Dison (ville),,428,M513x528S10150493x472S23004488x510
disparaître,fondre,1660,M581x516S15731500x497S15739470x497S20500495x485S26506534x502S26512450x502S18531554x491S18539419x491
disputer,,164,M567x520S10001508x486S10009469x486S20e00493x480S2e60e534x491S2e616433x491
disque dur,,202,M550x541S10004458x481S15d37450x517S2e702455x460S20500519x503S10631527x487S10659506x521
disque dur,,470,M529x545S10620496x455S10659472x525S20500493x512S22a04491x493S2ef03511x486
diviser,,509,M535x516S15d18465x484S20500487x485S20500487x502S10a10502x490S2880c523x488
diviser,,519,M514x527S10a20486x473S2ad02501x504
diviser,,3274,M538x516S1f520498x485S20500484x488S20500484x505S15d18462x489S2880c526x492
divorcer,rompre,3310,M539x519S1f548485x481S1f540502x481S20500495x508S26906521x489S26912462x489
dix,,476,M542x522S33200482x483S10640526x496S22e00525x475
dix-sept,,2882,M571x517S1dc01518x484S14c09460x487S2d200545x491S2d210429x494
Djibouti,,2523,M521x531S36d00479x469S20e00492x495S22f00485x477S19a18471x511
docile,obéir,1717,M519x604S30004482x483S15d01496x520S20348483x589S15d12486x566S20500501x588S22a04497x541
docteur,"Hannut (ville), médecin",2386,M522x523S36d00479x477S20500479x484S20500512x484S18502480x499S26506501x502
docteur,médecin,2620,M532x592S30000482x483S1c102483x458S15d5a487x573S1c150503x545S20500491x558S22b04496x510
docteur,médecin,2624,M523x532S15d5a477x513S20e00481x498S1c140500x485S26a02486x468
docteur,médecin,2772,M530x593S30000482x483S1d402485x460S22b04491x510S1d450501x551S15d1a478x574S20500492x568
document,"documentaire, dossier",1696,M528x518S15d00509x487S17d48481x482S20710472x503
doigt d’honneur,,2691,M508x525S1c600493x495S22a00495x475
dollar,,2224,M551x521S15d0a449x479S17d40478x484S21000465x506S26a06506x479S18540525x485
domicile,maison,1211,M522x518S14711501x498S14719479x498S20600491x482
domicile,maison,1780,M524x519S15d11501x496S15d19477x496S20600489x482
domicile,maison,2301,M540x529S18017501x485S1801f479x485S20500495x471S25505521x509S25513460x510
domino,,905,M521x532S26516479x518S26506506x517S11910503x485S11918480x485S20600491x468
dommage,zut,3559,M542x524S20302502x477S2030a483x509S37706458x515S37706517x483S20e00485x494S2880e479x480
donner,,2383,M558x516S18500510x501S36d00479x485S20500494x497S2b701539x493
Doodle,,415,M531x515S10110515x485S10118470x485S20600489x501
Doodle,,416,M529x533S10110500x490S10118484x490S2fd04488x527S26b00502x467S26b10472x467
dormir,lit,2184,M541x531S30105482x477S17b17515x503S20500520x507
dos,,1808,M547x542S2ff02478x483S36d00479x522S15d23524x511S20600498x531
double,"nouveau, recommencer",1932,M536x532S15d59465x482S15d51485x478S21400480x469S20e00466x470S2a30b504x503
double (tennis),visiter,628,M526x523S10e11501x493S10e19474x493S20600490x477
douche,,2110,M560x518S2ff00482x483S22a03531x450S14c11503x460S17611544x435
douleur,"douloureux, mal (avoir)",3253,M544x523S1f510508x502S36d00479x477S20e00510x486S2ea04529x498
douleur,"douloureux, souffrir",3256,M541x531S36d00479x470S1f510505x494S1f518476x494S20e00507x478S20e00478x478S2ea04526x489S2ea14455x488S2fd04486x525
doux,"Isabelle, nounours",2232,M551x518S33200482x483S18000521x500S34d10497x509S22504521x481
Dracula,,3193,M518x605S36100482x483S20500489x512S20500501x512S1ef06483x526S1ef0e500x526S22a04501x560S22a14483x560S1f406482x576S1f40e499x576
dragon,,1433,M566x518S33d00482x483S14c50521x484S22530512x466S26600550x487
Dragon Ball,,1524,M528x573S14e20490x428S14e2c490x461S14e38473x535S14e50502x535S20500495x562S26520496x509
draguer,,1487,M518x551S30004482x483S14e00489x520S20600464x515
drame,triste,1488,M518x571S30004482x483S14e00489x520S22a04493x556
drapeau,,1669,M534x536S37903495x497S15a02471x487S27200466x464
drapeau,,1743,M526x547S15d5a493x528S15d02479x477S37602504x494S27200474x454
Dreamland,,2443,M518x518S2ff00482x483S18602441x454S28a0a480x443
dressing,penderie,450,M518x579S36a00482x477S10610489x516S21100489x546S22a04490x564
Drogenbos (ville),drogue,3360,M536x523S37604488x478S1f901491x491S20600465x511S2033a521x508
drogue,,999,M527x521S37602500x482S12103501x479S20600474x506
droit,,419,M518x528S15d18482x501S10110502x496S26520496x472
droit,,1178,M540x531S33200482x483S14710492x509S26600524x499
droit,"fidèle, hétéro",1179,M534x530S33200482x483S14710493x508S26900518x512
droite,,421,M551x552S36d00479x449S10120528x481S2e608522x519
droite,,423,M528x515S10120473x485S26606498x498
droite,est,1762,M520x514S15d18480x487S26506505x496
droite (code de la route),droitier,1940,M523x527S37609487x473S15d5a478x501S20600501x516
dur,,473,M528x525S10631501x476S10659472x498S20500493x487S22f04503x511
dur,sévère,474,M541x534S10631518x466S10659459x514S20e00477x500S26603493x482
Durbuy (ville),liste: villes,2598,M527x530S18518473x515S1a111478x471S2e708512x480S20500490x500
Durbuy (ville),liste: villes,2741,M514x550S1d040490x450S1cf40487x521S22b04489x487
durer,"long, longtemps",865,M543x533S11540501x467S11548483x467S2880a521x482S28812457x483S2f804480x522
durer,pendant,1862,M534x519S15d40500x492S15d48480x492S2880a512x482S28812466x482
long,"longtemps, durée",176,M528x534S36d00479x467S10002480x478S21100515x478S2880a488x499S2f804483x523
DVD,,420,M527x532S10111473x468S10119509x469S37600488x494S20600489x521
maladroit,dyspraxie,790,M522x534S11031494x467S11059488x509S20e00478x506S26a03485x484
dé,,2133,M526x508S21b00475x496S17630510x492S26502489x493
débrouiller,,1852,M520x532S15d39481x499S15d40501x505S20e00500x486S26a00493x468
décapiter,,2238,M557x560S18000527x517S36a00482x477S20e00511x513S2df0c535x539
décapsuleur,,2981,M521x527S17649483x474S1e157499x495S26901479x506S20e00494x488
décembre,,409,M518x560S30004482x483S10100497x504S2e600472x527
décembre,,414,M510x534S10110492x466S2e230491x502
décembre,,2969,M540x526S30003482x483S30005482x483S1e140516x500S1e148459x500S20500495x466S2d607510x466S2d61f469x467
déchirer,"dépuceler (se faire), perdre sa virginité",2862,M531x534S1d450502x486S1d458470x486S26510477x467S26504513x519
déchirer,,3086,M533x536S1ea51500x493S1ea59472x493S20500495x485S2b704519x512S2b710467x464
décoller,,2564,M518x586S19a50486x566S25500494x544S35800482x483
décorer,orner,1542,M579x530S2ff00482x483S15020533x482S15028444x483S29206548x516S2921e423x516
découper,,621,M544x526S15d08482x499S10e10511x496S22502531x496S28802490x475S10e13457x487
décéder,mourir,1821,M535x525S15d30516x481S15d58465x498S20500475x485S2a200489x475
décéder,mort,2237,M531x559S18000501x518S36a00482x477S20e00493x526S2df04510x538
défaut,"essai, essayer, parce que, tenter",1007,M531x537S15d18469x469S12410504x474S20e00489x477S22504503x463S2e500503x510
défendre,protéger,3482,M540x542S20321503x489S20309477x490S37703518x503S3770b461x504S26500506x471S26514480x515S2f700509x459S2f700481x535
défenseur (foot),,3112,M544x524S1ed26522x498S1ed2e461x498S26a00517x477S26a10456x478
définition,,1070,M528x547S37600487x498S13210475x473S13218501x474S22504516x453S22504472x454S22a24492x532
dégonfler,,2178,M536x520S17b10519x493S17b18464x493S22104513x481S22104474x481
ça me rend malade,dégouter,1312,M531x583S36d00479x521S21100474x539S14c02493x533S2e500508x556S35a04483x483S30d00483x483
déjà,,1761,M514x525S15d10495x498S26b00487x475
déjà,,1871,M518x522S15d39482x491S15d41493x479S20600496x511
délicieux,,2646,M550x518S2ff00482x483S21407507x479S1c510520x467S20e00503x462S26600527x434S2f700529x423
démarreur (véhicule),,3040,M575x578S1ea21526x537S20309455x540S3770b439x555S2a20f552x557S35710482x483
démissionner,,2153,M549x548S17602501x467S1760a485x467S36d00479x452S37706516x474S37706461x474S20500504x487S20500486x487S21b00463x540S21b00530x540S2a201529x486S2a219453x486S22a04528x517S22a14461x518
démocratie,ouvrier,1630,M531x536S36d00479x464S21100479x472S21100508x473S15302503x489S1530a472x489S2e500508x509S2e518470x509
déontologie,,418,M526x531S15d18475x499S20500497x494S20500497x507S20500497x520S10110510x470S22a04512x507
dépanneuse,,460,M533x523S10612489x505S1060a468x508S20700471x486S22a27519x478
à la porte,"à partir de, départ, renvoyer",1750,M520x525S15d0a481x476S15d04501x498S20500488x487S26900486x501
dépasser (plus),,2314,M524x532S37700511x504S18018477x515S18020494x489S26500492x469S20500499x521
dépendre,parfois,364,M548x547S10050522x482S10058458x482S23700509x453S23714452x453S2fd04486x541
dépenser,frais (finance),3047,M538x552S36d00479x449S1ea31510x518S1ea39456x518S20500473x541S20500510x540S2ea04513x493S2ea14469x493S14c31510x463S14c37461x460
déplacer,"trajet, transport",803,M525x537S11052492x486S1105a475x518S20500492x509S26a00498x464
dépoussiérer,,2308,M534x528S18020504x475S26602467x473S2e230513x496
dépression,déprimer,232,M578x549S30007482x483S10011511x491S22b03540x525S18011553x501
dépression,déprimer,2263,M549x547S30007482x483S18010510x487S23f03526x506S18011500x527
désert,,2135,M523x583S21b00392x555S17630427x551S26a02407x545S14c50472x532S26606493x547S2f804480x572S36100482x483
déshabiller (se),striptease,3090,M573x540S36d00479x480S20500513x486S20500477x486S1ed07521x494S1ed0f454x495S22f07541x487S22f11442x483S1ea00550x461S1ea08429x460S2fd04490x534
désolé,"excuser, pardon",1924,M527x525S15d39474x476S15d51480x491S21100498x485S2ea02502x510
détester,horreur,1383,M529x545S30005482x483S34400482x483S30e00482x483S14c20506x510S2380d478x529
détester,impossible,1754,M518x528S30004482x483S15d10467x501S22104468x490
développer,,581,M561x518S10e01502x488S10e09473x488S29207535x484S2921f439x483
développer (photo),manipuler,2861,M554x538S1d450515x488S1d458456x488S23604515x521S23610447x463
dévisager,,648,M519x603S10e20492x546S23704480x582S32104482x483
d’accord,OK,3440,M540x579S20310525x545S20318460x544S22e03510x560S22e15472x560S30104482x477
d’accord (acquiescer),OK,2090,M524x521S17610477x494S12410497x480S2f700503x514
d’accord (acquiescer),OK,2091,M526x534S17610475x480S2f700509x527S14010493x466S2df04505x500
d’accord (acquiescer),OK,2092,M524x522S17610477x493S2f700510x515S14020495x479
E,,1252,M508x509S14910492x491
E,,1256,M508x509S14920492x491
E,,2076,M511x508S17410490x492
E,,3566,M508x508S14a20493x493
eau,,490,M551x537S33d00482x483S10a00517x510S26500537x522
eau,,504,M508x524S10a10493x498S22504494x477
Ebola,,3336,M521x544S1f512492x515S36d00479x508S20500494x533S26500493x491S11e50485x456
effacer,supprimer,3466,M523x524S15d0a478x477S20320508x493S20e00489x498S26602478x508
effacer,supprimer,3468,M523x519S26602483x503S20320508x489S20e00492x493S20308477x481
efficace,meilleur,1003,M536x547S30004482x483S12402469x524S20e00497x520S26606506x531
efficace,meilleur,2634,M541x537S30004482x483S26606511x521S20e00493x523S1c502463x494
efforcer (s’),"essayer, tenter",1530,M547x619S14e50519x543S14e58457x543S2e608518x586S2e610455x586S36100482x483
elfe,,3199,M588x518S33000476x483S1ef50525x492S1ef58445x492S22a07555x477S22a11432x477S1f440559x459S1f448413x462
elle,"il, lui",351,M522x522S10047478x501S26507509x478
elle,"il, lui",404,M525x520S10057476x490S26507512x480
elles,"eux, ils",352,M516x522S10047485x479S26904500x504
Elvis Presley,macho,1647,M518x518S30000482x483S15706491x462S28400489x433S18500491x413
Elvis Presley,,3146,M565x532S30006482x483S1ec40538x491S20e00521x495S22f04540x518
embaucher,"engager, recruter",1602,M525x529S15440510x472S26503490x504S21600475x521
embouteillage,,1449,M518x600S14c58470x524S14c50483x551S26504487x585S34700482x483
embrasser,,1557,M524x541S33d00482x483S15400509x516S26902482x524
embrasser,,1580,M516x537S15410500x487S15418484x487S26900500x464S26914484x519
emplacement,localisation,2215,M549x517S17d20505x502S17d28451x502S22504506x485S22504463x484S26506534x502S26516478x503
employer,,1083,M543x526S15d48458x497S13441497x496S20500482x507S22504495x474S26a06529x499
employé,secrétaire,881,M528x522S15d39477x479S11551487x497S20e00472x503S26a07507x483
empocher de l’argent,"gagner de l’argent, salarie",1521,M533x540S15d39467x517S20e00497x513S14e41504x461S20341474x499S26503493x487
gagner de l’argent,emporter de l’argent,1722,M535x520S36d00479x481S15d01512x494S26902492x504S20500475x506
en cinq heures,,669,M513x527S14c20487x473S2ed0a490x510
en deux heures,,665,M512x529S10e20492x472S2ed0a489x512
en face (l’un de l’autre),face à face,1797,M534x539S15d08466x462S15d20515x483S22a14472x492S22a04521x514S2f900473x511S2f900522x534
en forme,forme,3285,M533x526S1f527502x474S1f52f476x474S29904519x494S2991c467x493
en huit heures,,672,M539x528S2ed0a516x511S2ed12462x511S14c28466x472S11e20509x473
en neuf heures,,673,M539x529S2ed0a516x512S2ed12462x512S14c28466x473S14420516x472
en neuf heures,,674,M539x528S2ed0a516x511S2ed12462x511S14c28466x472S19020512x472
en quatre heures,,668,M512x527S14420488x473S2ed0a489x510
en sept heures,,671,M539x528S2ed0a516x511S2ed12462x511S14c28466x472S1dc20508x473
en six heures,,670,M539x528S2ed0a516x511S2ed12462x511S14c28466x472S1f520512x488
en trois heures,,666,M516x529S11e20485x472S2ed0a493x512
en trois heures,,667,M512x528S18620488x473S2ed0a489x511
en une heure,,291,M512x527S10020489x474S2ed0a489x510
en voie de,,2663,M549x589S1c520484x561S26600492x528S36510482x483S36500513x483S36510451x482
enceinte,,1308,M537x537S36d00479x464S36d00479x533S14c02487x506S26600521x493
enceinte,grossesse,1324,M555x525S36d00479x475S36d00479x521S14c02502x497S14c0a467x497S26500541x499S26510447x498
enceinte,grossesse,2371,M552x527S36d00479x473S36d00479x523S18210501x486S20500490x488S20500490x508S2a20f529x498
encore,,2276,M527x517S18010497x502S15d18473x490S20600495x483
encore,,2393,M523x517S18510498x502S15d18478x489S20600501x484
enfant,gosse,2418,M514x519S18530487x482S22f04489x505
enfant,gosse,2419,M516x521S18530484x480S28805496x501
enfin,,2188,M526x554S17b20496x447S15a1a499x542S37706474x547S20500490x531S18550480x509S25504491x479
enfin,,2309,M515x526S18020485x511S26900490x488S2f700492x474
engager,participer,1354,M570x516S36d00479x488S20500513x495S20500476x495S14c10527x484S14c18449x484S26900554x498S26910429x497
engager,participer,1814,M572x515S36d00479x491S15d30530x486S15d38454x487S20500479x501S20500512x502S2b701553x489S2b710431x492
ennuyer (se),"Japon, Toyota",2482,M534x561S30004482x483S19a00485x535S20e00493x523S2ea04519x536
enregistrer,,1046,M544x531S12b30514x469S12b38459x469S22f04519x494S22f14456x494S13f30514x516S13f38459x516
enregistrer,,2193,M546x533S17b30525x481S17b38460x481S22104520x468S22104471x470S22f04521x519S22f14455x518
enseignement,,2796,M545x524S1d410513x496S1d418458x496S26a00518x476S26a10456x476
ensemble,"équipe, groupe",2049,M552x510S16d48448x490S16d40534x490S26602502x493S26616468x493
ensemble,"équipe, groupe",2200,M543x535S17b58484x465S17b50502x465S18558476x517S18550503x517S20500496x473S2d602458x493S2d61a520x492S20500497x524
entendant,otite,209,M546x533S33010479x483S10010504x503S20600524x501
entendre,,237,M559x530S33010479x483S10011518x500S26506544x512
entendre,,1432,M579x521S33010479x483S26502524x494S14c50545x490S22530537x473
entourer,,3216,M516x523S1f420485x478S2e300493x496
entraîner,exercice,3438,M548x523S20310511x503S20318473x503S36d00479x478S20e00475x487S20e00514x487S2ea04533x498S2ea14451x498
entre,intervenir,1695,M536x520S20700483x505S15d00517x480S17d38464x486S26902493x487
entreprise,"fabrication, industrie, société, usine",2986,M515x547S1ea00487x474S37601501x495S2ea06490x453S15d1a485x528
entrée,"entrer, pénétrer",1848,M520x524S15a1a481x489S15d40490x497S20e00489x476S2b700501x476
soigner,"entretenir, Soignies (ville), soin",713,M523x542S10e40503x459S10e48484x459S2ea00508x497S2ea44478x497S2fd04490x536
enveloppe,,2313,M518x529S37700505x504S15d1a482x497S18020488x489S22504486x471
environ,moyen,1410,M512x536S14c40488x465S2a530490x503
environ,moyen,1423,M529x536S14c40505x465S14c48471x465S2a530508x503S2a530472x503
environ,moyen,1437,M513x537S14c50489x464S2a408488x501
envoyer,,2118,M512x545S17620492x529S26600492x493S14c20489x455
envoyer le message,,3424,M509x544S20310493x529S26600492x493S10040494x457
faute,"erreur, tort, tromper (se)",2480,M518x555S30004482x483S19a00485x535S20b00493x522
escabeau,"escalier, monter",781,M523x523S11020483x496S25500510x500S22510477x478
escargot,,640,M518x518S30000482x483S10e20494x450S21800490x437
escargot,,785,M525x529S11020479x471S37800489x497S16f59476x499S2ee08504x477
épée,escrime,3039,M514x540S1ea21486x495S26600495x460S2ef02492x521
Espagne,liste: pays,2992,M521x528S36d00479x472S1ea01482x484S20500474x480S2ef00489x508
espion,métro,388,M534x529S15d59467x488S10051504x507S21404494x524S2840f494x472
espion,,2880,M521x520S36d00479x480S1dc01479x490S20600454x496
esprit,pentecôte,2801,M534x518S30000482x483S1d412486x447S22f04509x466
espérer,,293,M542x580S2ff00482x483S10020504x508S10028481x524S2ea04527x519S2ea14460x534S2fd04491x574
essence,"mazout, pétrole",2540,M525x522S19a21503x478S20348497x507S20600476x494
essence,,2888,M527x521S1dc03497x480S20600473x494S20348489x506
essence,"mazout, pétrole",3278,M524x519S20348496x504S1f521502x482S20600477x492
est,,1258,M519x509S14920482x491S26506504x493
Estonie,,3290,M533x560S30005482x483S1f540510x515S20e00521x505S22a04511x544S30003482x483S1f540477x516S20e00466x506S22a04478x545S26502493x519
Islande,"Estonie, liste: pays",3293,M518x564S30004482x483S1f540492x522S20e00480x517S22f04487x550
Etterbeek (ville),,1223,M546x523S33010479x483S14720526x487S20e00514x511S26a00519x466
Eupen (ville),,1257,M512x535S14920495x466S11950489x509S22a04499x490
euro,€,908,M520x513S11940481x487S26506505x499
Europe,,307,M549x521S10021501x480S10029471x480S2480b528x497S24813452x496
Europe,européen,1259,M512x527S14920492x474S2e500489x500
Europe,,2059,M521x532S30004482x483S16f10474x512S20600499x521
Evere (ville),,1253,M511x528S14910490x472S2e230492x496
exagérer,,344,M532x531S38630482x469S20500468x474S20500479x501S20500471x490S26504517x516S10002502x498
exagérer,,3529,M523x528S20338477x513S20350477x480S20e00479x498S2e500500x473
Excel,"horaire, quadrillé, tableau",1141,M534x532S14420506x468S14402466x508S23304504x506
excellent,"magnifique, parfait",2784,M537x524S1d110508x438S33d00482x483S26500519x473S1d410508x496
exclamer,exprimer,2152,M541x532S17602501x501S1760a485x501S36d00479x486S37706516x508S37706461x508S20500504x521S20500486x521S2ad00527x478S2ad11461x478S21b00519x469S21b00476x470
excursion,,477,M590x525S32106482x483S10640569x499S10648534x498S2b701571x468S2b711533x468
exemple,"inventer, invention, n’importe",1176,M530x518S30000482x483S14710493x444S20e00494x469S2ea00515x446
exemple,exposition,1798,M528x519S15d0a472x497S15d20483x481S20e00503x507S26a07507x482
exhibition,Facebook,3396,M553x524S20302504x495S36d00479x486S37706519x501S37706457x502S2030a481x495S20500483x513S20500507x513S26907534x477S26911451x478
expliquer,raconter,1092,M551x519S13d10501x504S13d18469x504S22504504x487S22504485x486S26a07530x482S26a11450x482
expliquer,raconter,2695,M531x546S2ea00516x519S1ce02478x524S33d00482x483
expliquer,,2706,M561x529S1ce18460x499S2ff00482x483S1ce10519x499S26f00521x475S26f10440x476
expliquer,,2733,M532x529S1ce48477x471S1ce40500x471S20500494x501S2e508509x502S2e510468x502
expliquer,raconter,2746,M564x540S26a07522x488S1d118469x512S1d110500x512S26a11453x489S1d410535x463S1d418436x461
exploser,terroriste,3446,M527x530S37600488x507S20311474x491S20319506x491S22b07491x471S22b11487x472
exposition,,1497,M529x537S14e02498x478S14e0a472x484S20700492x463S22e04509x519S22e14474x519
exposition,,2537,M525x529S19a20476x472S19a58476x509S20e00485x499S2ea30510x472
expression français,"guillemet, sujet, thème, titre",675,M555x518S2ff00482x483S10e20538x460S10e28451x459S21800537x447S21800451x447
expérience,,971,M546x591S30001482x483S30007482x483S11e21516x482S11e29452x483S1210a469x552S12102498x552S20500492x580S22a03521x527S22a15462x527
exterminer,,1925,M531x605S15d39478x552S15d51484x567S21100502x561S2ea02506x586S2f700490x598S33500476x483
F,liste: dactylologie,2758,M515x514S1d210486x486
F,liste: dactylologie,2760,M515x514S1d220486x486
fabriquer,"médicament, pharmacie",3402,M532x540S20302493x491S2030a493x525S37706507x498S37706469x532S20e00495x509S2e508489x460
Facebook,,1199,M560x548S30002482x483S30006482x483S14710520x492S14718464x492S27107533x474S27111440x474S2fd04489x542
Facebook,,1201,M558x537S36d00479x463S20500477x471S20500511x471S14710510x485S14718475x485S27107531x474S27111441x473S2fd04486x531
facile,,1702,M550x539S30006482x483S15d01521x496S20e00517x481S26a04523x525
facile,,1706,M519x543S34400482x483S30004482x483S15d01496x520S20600470x519
facile,,2648,M568x533S1c510536x487S30006482x483S20e00521x494S26a04541x519S35710482x483
facile,,3171,M547x518S30004482x483S1ee02525x492S1f402531x442S26500532x474
facteur,"Guillemins (gare), Herstal (ville), Molenbeek (ville), Waremme (ville)",1564,M521x521S36d00479x479S15402479x489S20600478x510
facture,"feuille, papier",306,M562x531S10021501x469S10029470x469S23b04535x477S23b1c447x476S10050547x501S10058439x500
faible,,2187,M529x542S36d00479x458S17b16470x478S17b1e502x478S20500478x467S20500513x467S22a04510x501S22a14476x500S18516476x517S1851e507x517
faible,,2495,M523x526S19a02501x476S19a0a480x475S22e04506x508S22e14477x508
faible,fragile,2871,M529x522S1d451498x478S1d439472x479S20500492x505S22f04504x508
échec,"faillite, perdre, tuer",397,M553x530S36a00482x477S10053532x473S20500496x519S26503513x506
échec,faillite,398,M561x526S36a00482x477S10053540x469S20500504x515S26503521x502S20500486x515S26515466x502S1005b442x470
échec,faillite,3165,M533x620S36a00482x477S20500484x525S20500506x525S10001509x539S10009470x539S25900512x572S25910474x572S1eb30509x601S1eb38465x601
faim,,2072,M521x534S36d00479x467S17302488x477S21100493x500S22a04492x519
fainéant,paresseux,1831,M534x531S36d00479x469S15d32506x496S15d3a468x496S20600512x520S20600468x520
fainéant,"paresseux, Uccle (ville)",2370,M529x531S38511472x470S18012505x478S26b04502x513
faire,,1455,M543x532S14c58459x468S14c50519x468S2a208520x504S2a210458x504
faire,,1596,M567x513S20500496x498S15420510x488S15428477x488S26506530x494S26512455x495S20350552x493S20358434x495
faire,,1931,M531x527S15d59469x486S15d51489x482S21400484x473S20e00470x474S2a20b508x506
faire,formation,2332,M531x534S15d38472x508S15d38512x508S18034470x489S15d50511x478S20500480x520S20500520x521S26900481x466
faire des courses,,3355,M561x512S1f740509x494S1f748472x493S20e00494x495S2e502534x488S2e51a440x489
faire exprès,,277,M530x541S30007482x483S10020510x491S20e00513x476S2ea02505x526
faire les courses,,3001,M545x535S1ea0a468x489S1ea02504x489S26516487x489S26506530x490S27210455x466S2720c496x516
faire l’amour,,1384,M537x531S36d00479x470S14c20514x500S2df00498x485S20500483x500
faire l’amour,pique (carte),3364,M508x510S1fb00493x491
faire l’amour,,3411,M541x524S20310523x493S33200482x483S20600519x513
famille,,376,M525x527S15d5a476x474S10050493x497S21404491x490S26500511x491
famille,rappeler,851,M573x518S30007482x483S11520558x479S2df06529x480S20500516x480
famille,,2838,M530x535S1d440501x467S1d448470x467S2e800515x503S20500495x465
fantastique,imaginer,1533,M565x526S30007482x483S15000522x478S29206534x512
fantôme,,1510,M556x518S2ff00482x483S14e12525x486S14e1a444x486S26600540x451S26610444x451
farde,,3145,M543x516S1ec30520x497S1ec38457x497S22104469x485S22104519x484
farine,"poudre, poussière",2434,M550x537S18550521x522S18558454x522S21100468x505S21100518x505S22a07526x491S22a11460x491S1f540535x464S1f548451x464
fatigué,,2285,M585x524S36d00479x476S20500477x483S20500512x483S20500477x513S20500512x513S18010525x485S18018444x485S2c300559x494S2c311414x498
à cause de,"faute, responsable",698,M568x530S36d00479x476S36d00479x526S20500509x507S10e33538x470S26503523x497
fauteuil roulant,,3082,M555x532S36d10479x494S1ea50526x511S1ea58452x511S26a00528x490S26a10445x490S21b00537x469S21b00455x470
fauteuil à bascule,,2558,M540x541S19a40512x497S19a48449x497S23004513x522S23014450x523S37014468x460
faux,"fond, hypocrite",535,M526x530S3770b475x486S20319491x471S10c11496x490S21100484x501S22a03494x516
fax,,1895,M521x527S15d38480x474S15d50480x494S20e00504x515S2c601502x484
fellation,,1650,M549x516S1001a452x495S15710481x484S18510524x493S26a06504x489
fellation,,2087,M518x587S17610489x571S34400482x483S25a00483x532S25a00499x532
femme,,3289,M533x559S30005482x483S1f540510x515S20e00521x505S22a04511x544
femme,"fille, maman, mère",3291,M533x558S30005482x483S1f540510x515S20e00521x505S22f04505x544
fenêtre,,1697,M530x601S30000482x483S15d01500x485S15d59492x578S15d51507x544S20500498x561S22a04509x519
fenêtre,Windows,2590,M542x513S1a002490x493S1a00a459x493S23006524x488
ferme,,2576,M574x554S19a51528x490S19a59440x463S36d00479x471S20500511x508S20500481x508S27107547x474S27115419x447S2fd04488x548S36d00479x522
ferme,paysan,2577,M574x528S19a51528x492S19a59449x491S36d00479x473S20500511x510S20500481x510S27107547x476S36d00479x524S27111425x473
fermer,,1245,M545x511S14750531x489S14758456x489S20500496x497S26502511x497S26516476x496
Ferrari,,446,M518x565S30004482x483S10610489x519S22a04490x550
Ferrari,Fiat,2492,M537x556S30004482x483S19a02491x514S2a205516x533
fesse,,1242,M520x528S15a1a493x516S21100500x499S14740501x473S2b704481x486
fesse,,2074,M548x537S17340516x463S17348466x463S2a613452x488S17326515x519S1732e462x519S2a602531x488
feu rouge,,2080,M518x518S2ff00482x483S17600450x467S21d00448x457S22b04449x488
feuille,,2835,M553x533S1d440524x468S1d448448x468S2e230533x501S2e238447x501
feuille (flore),,3211,M568x517S10018433x487S1f410436x489S1f410539x490S1ee10487x483S26506469x489S26506518x490
épisode,"feuilleton, série",709,M549x526S10e40514x475S10e48472x474S26506517x512S26516473x512S22502536x477S22506452x477
feutre,"marqueur, puer",1209,M520x549S33100482x483S14711497x507S23004495x531
FFSB-Jeunes,,2511,M529x523S19a10501x502S14c48472x492S20500493x510S26b00502x478
fiancé,,2543,M525x531S19a30497x490S19a38475x490S20e00494x470S22a04505x516
fiancé,,2583,M522x531S19a52502x485S19a38478x486S20e00499x469S22a04507x516
fiançailles,,2438,M536x539S18551509x461S26a03489x483S20e00479x497S14c59465x513
Fiat,,1145,M520x520S14427492x481S22a03481x506
Fiat,,2547,M548x540S30005482x483S20e00514x512S19a40491x520S2c600529x512
fier,salon,1353,M560x525S36d00479x498S20500513x505S20500476x505S14c10527x494S14c18449x494S22530518x476S22530439x476
fier,,1474,M521x530S14c52467x506S36d00479x471S21100481x491S22b07496x484
fil,ligne,2467,M547x510S19201501x491S19209474x491S26506532x493S26512454x493
fil,ligne,2497,M540x515S19a02501x487S19a0a480x486S26506525x494S26512461x493
filet,filtre,1124,M532x536S14409469x482S14401491x494S20e00489x465S22f05511x515
film,,3147,M532x527S15d48469x487S1ec40509x474S20e00492x497S22b04516x497
film,,3149,M539x524S15d18462x483S20500485x483S20500485x503S1ec50499x476S1ec30499x505S22a04526x495
fils,,2621,M521x548S1c102487x509S26500500x487S1c302486x463S36d00479x453S20500499x537
final,,2323,M538x520S18030508x501S15d0a472x501S26502487x495S20700463x480
fitness,,3382,M547x540S20300519x461S20338468x500S25504505x479S25504534x480S25514468x518S25900519x479S25900453x516S25900483x516
fixer,,3439,M541x537S20310526x464S20318461x463S36d00480x491S37609520x478S37601467x478S20500479x526S20500510x526S37052519x513S37056471x514
fièvre,thermomètre,348,M523x527S38603477x490S10044508x474S20700501x506
flamand,"Flandre (région), néerlandais",726,M520x529S10e50494x472S23704481x508
flamant rose,,197,M554x598S10004437x568S1000c416x568S10604438x513S22a00438x545S30006482x483S11a20533x496S20e00521x494S2b701535x468
flash (photo),radar,2121,M514x522S17620491x492S15a1a487x510S21b00489x479S21600503x479
fleur,"Fleurus (ville), flore, Floreffe (ville)",2078,M528x548S33100482x483S17600492x508S37700499x523S21d00510x518
fleur,"Fleurus (ville), jardin, parc",2946,M566x518S1e102521x487S33100482x483S2ea00551x492
Floride (USA),,1953,M532x545S16d02490x524S33b00482x483S2ea00517x520
à dix heures,"à vingt-deux heures, à 10h, à 22h, flou",557,M552x517S14c20529x484S14c28449x484S26a02505x490S26a16483x490
flou,,1393,M530x535S14c20507x465S14c28471x465S26602492x504S26616481x519
fluo,,1493,M521x542S14e01492x481S14e09479x459S26504507x514S2f700508x535
foie,,2350,M561x527S36d00479x473S36d00479x523S20600503x504S1804c530x496
foin,paille,2109,M532x531S36d00479x469S37602479x472S20e00492x500S17611516x492S22a03503x509S21b00492x523
foire,"kermesse, manège",1870,M537x529S38600479x472S20e00464x475S15d41494x484S2ea0b515x508
foire,"kermesse, manège",2399,M550x537S18518457x485S18510520x485S26500526x464S26510462x465S2e230531x505S2e230450x505
foire,"kermesse, manège",2688,M516x565S1c551491x456S1c539487x504S2ea02485x435S2ea4a488x533S2fd04490x559
fois,"multiplier, X",246,M517x523S20500496x478S10019484x493S10011496x493
folie,fou,2499,M518x518S30000482x483S19a10470x476S2e500450x490
foncé,"nuit, ombre, sombre",1689,M567x518S30e00482x483S15d00548x486S15d08426x486S26902528x496S26916447x496
fondue,,636,M553x524S10e13523x476S10e1b447x477S22b03502x499S22b15474x500
fontaine,,487,M557x532S10920501x512S10928485x512S22f07515x500S22f11465x500S10027536x469S1002f443x470
fonte de caractères,police,156,M577x535S30007447x483S30007518x483S10001475x490S10021547x491S2ef03494x515
football,,765,M555x528S11002497x478S1100a446x513S20e00481x514S2d200529x472
football,,3523,M521x525S37700498x491S20350491x476S15d1a480x491S20500508x489S22e00504x507
Ford,,2761,M536x515S1d220465x487S10100520x485S26506498x498
Forem,,1094,M527x528S15d0a474x486S13d50492x472S20700506x493S22f04502x514
forêt,"Forest (ville), Luxembourg",1286,M537x551S15d3a464x532S37601483x481S20e00477x524S14c00472x450S28436504x485
foreuse,perceuse,2923,M558x597S1dc41535x567S1dc4f475x572S26501519x551S26511460x556S35700482x483
Formule 1,,2763,M535x515S1d220466x487S10000520x485S26506499x496
fort,"incroyable, terrible",444,M533x547S30004482x483S10610490x521S20600511x519
épinard,fort,3374,M523x520S20300478x481S37700484x495S26a04496x482
fort,vitamine,3380,M567x520S20300521x481S20308464x481S37700470x495S37700527x495S26a04540x482S26a14433x483
forum,,1136,M545x516S14410523x485S14418456x485S26916480x499S26902503x499
fou,"malin, MediaMarkt",255,M577x518S30007482x483S10012509x488S2a532544x487
fou,"intelligent, malin",495,M535x518S30007482x483S10a10520x489S20600511x473
fou,malin,497,M538x549S30007482x483S10a10521x488S2e230519x517
fou,imbécile,2507,M518x555S19a10464x499S2ff00482x483S2e500465x528
fouet,,3021,M560x549S1ea10531x528S26b00533x504S36100482x483
four,,1823,M525x530S15d30488x504S15d1a476x470S21404486x493S26600509x500
fourche,,1146,M543x535S14431515x506S1443f457x506S2c600516x465S2c610467x465
fourchette,,738,M535x581S30005482x483S10e52505x508S15d48450x554S22b03505x532S20600474x565
fourmi,,1640,M528x529S15d38473x503S20e00479x490S15350508x495S26a00501x471S22522493x491
fraise,,2404,M535x587S30005482x483S18510510x512S22b03500x531S20358476x572S20600481x557
fraise,mignon,2779,M570x526S30005482x483S1d410510x497S26b00543x508
fraise,,2781,M535x533S33b00482x483S1d410506x495S20600497x522
framboise,,130,M603x577S33d00482x483S10000486x518S21600508x519S15d5a556x558S15052553x513S21100560x541S26506588x518
franc,,2257,M534x521S18002500x487S1800a483x487S36d00479x480S26900518x503S26910465x503
franc belge,,2765,M519x522S1d240481x479S22a05506x508
France,,1475,M531x527S14c52468x490S36d00479x473S20500478x516S2d201505x487
français (national),France,2762,M531x514S1d220470x486S26606501x498
Francfort (Allemagne),,689,M547x534S10e31505x484S10e39473x484S27107520x468S27111454x466S2fd04490x528
français,,2757,M544x529S1d200456x472S1d220499x472S2df04465x508S26506529x484
français (branche),,2787,M535x554S20500488x503S1d410506x509S20500501x503S33b00482x483S1d400468x510S2df00493x533
français signé,,1151,M539x543S14c39462x458S14441489x489S20e00475x483S26607517x466S2f804470x532
français signé,,1429,M531x533S14c39469x467S14c41490x490S20e00475x483S26607509x467S2f804470x522
freiner à la main,,3451,M566x522S20310529x506S37700536x481S22b00550x492S36d10479x479
frigo,réfrigérateur,761,M527x512S11002474x489S2d504506x503
frimer,vanter,1355,M550x535S36d00479x470S20e00479x478S20e00509x478S14c10527x466S14c18449x466S2eb00535x503S2eb18450x503
frite,,1137,M527x526S14411498x498S14419473x498S20710483x474
frite,,1370,M522x525S14c11496x498S14c19479x498S20700481x475S20700497x475
friterie,Gueuze,1048,M546x539S20348455x524S11e02516x461S20500460x509S25907502x486S13f40475x513
friteuse,,3053,M518x590S1ea40485x550S22f04489x576S35800482x483
froid,refroidir,2382,M527x586S18500503x527S33b00482x483S27102509x546S32a00482x483
fromage,,508,M526x566S33200482x483S10a10506x502S10a18480x502S2df00505x535S2df18475x535S20500495x555
fromage,"Hollande, Pays-Bas, poule, poulet",602,M518x545S33200482x483S10e10487x509S26a02467x518
front,,155,M559x525S31200482x483S10001504x495S26506544x507S21100527x508
front,,1698,M561x524S31200482x483S15d01516x487S21100506x469S27106546x484
fruit,,2786,M549x541S26506534x527S1d410488x512S33d00482x483S21100516x527
frustré,,1569,M580x610S36d00479x522S20500496x530S20500496x560S20302512x529S2030a476x559S26502535x530S26516452x560S15402555x531S1540a421x559S34100481x483S2f804479x599
frère,,2764,M550x517S1d220521x483S1d228450x483S26a02503x490S26a16483x490
frère (religieux),,406,M562x532S36d00479x480S36d00479x528S20500475x514S20500516x514S26503527x499S26515461x499S10057541x470S1005f440x468
fumée,vapeur,1405,M539x540S29810468x460S29808520x460S14c30515x509S14c38461x508
funambule,,3379,M563x527S20300523x493S20308428x493S36f40462x475S37602502x484S3760a442x484S23604524x510S23610402x473
fusil,,2915,M527x571S22505490x528S2ff00482x483S1dc01504x541S14c00443x507
fusée,,151,M525x617S16d48492x577S10000505x544S22a00506x524S21300487x601S37601511x574S34500482x483
fédération,,860,M528x531S11521501x470S11529473x470S29904512x499S2991c474x499
fée,,2846,M523x526S1d450477x498S22e00486x474S26500509x510S2f700510x497
férié,fête,1709,M533x518S2ff00482x483S15d01510x492S28802487x490
février,,2759,M515x533S1d210486x467S2e230495x501
fête,,224,M547x539S10010520x462S10018465x462S23600508x504S23614453x504S2fd04489x533
fête,,1314,M571x518S30002482x483S30006482x483S14c02520x490S14c0a449x490S26506556x494S26512428x494
fête,"juge, justice, tribunal",2727,M544x539S1ce40517x485S1ce48466x485S23604505x522S23610457x461
G,liste: dactylologie,2934,M512x515S1e010489x485
G,liste: dactylologie,3131,M512x510S1ec10489x491
G,liste: dactylologie,3135,M512x510S1ec20489x491
G,liste: dactylologie,3138,M512x522S1ec20489x478S2ef02491x503
G,liste: dactylologie,3148,M512x527S1ec50489x508S22e00494x486S2f700497x474
gagner,"réussir, vaincre, victoire, mouche",1606,M532x535S15d3a475x516S20e00493x510S2890e481x491S15440517x466S21600469x479
Gallaudet,"Hambourg (Allemagne), Pologne",3182,M547x518S30007482x483S1ee20521x473S26504533x502S22104518x460S20e00507x470
gamin,,2771,M529x539S1d401504x485S3760a472x477S20318486x462S20e00488x511S2df0c505x518
Gand (ville),,1452,M522x539S14c58483x461S14c50496x488S20e00478x495S26a04495x525
Gand (ville),,2674,M534x528S1c550488x472S14c58476x496S20e00466x516S26a04507x507
gant,,1289,M525x545S37601489x505S16d48475x509S14c00478x474S22a00483x455S20700507x498
gant,,1448,M521x538S14c58484x462S14c50497x489S21100479x495S26504501x523
garage,garantie,2959,M513x530S1e131488x470S2e500489x503
garder,,630,M530x548S37600487x487S10e11469x463S10e19505x463S26524491x518S20500493x537S36d00479x452
garder en tête,retenir,1642,M526x518S30000482x483S18500502x483S20500495x470S26504493x448S15700487x413
garder en tête,retenir,2374,M521x518S18500497x436S30000482x483S20500495x468S26504493x450
gardien (football),,2372,M538x534S36d00479x467S36d00479x517S18210512x482S20b00493x496S20b00493x477S18218463x500S26504524x501S26514459x519
gare,,997,M530x530S12102503x483S1000a471x497S20700493x470S26502509x516
gare,,1915,M524x522S15d51499x484S15d0a497x503S20700477x493S26502480x478
garer,"parking, stationner",719,M513x546S15d39490x523S10e41487x455S20500494x509S22a04494x490
garçon,,2692,M519x522S1ce01492x479S22f03482x501
garçon,,2716,M545x518S1ce20523x483S1ce28455x482S26a02505x491S26a16482x490
garçon,,3200,M523x518S30000482x483S1f010494x471S22504495x455
gauche,ouest,1759,M520x514S15d10501x487S26502480x495
gauche,,3137,M530x510S1ec20507x491S26602471x493
gauche (code de la route),gaucher,1935,M527x524S37601502x477S15d52500x505S20600473x502
gaufre,,1773,M519x536S15d10500x464S15d18481x464S27222489x497
gay,homosexuel,3303,M523x532S1f540480x469S15d39477x509S20500482x498S2a531498x491
gazon,"herbe, pelouse",1665,M519x551S14c39490x524S15750489x486S20500492x518S23400482x468S22104495x450
geler,"glace, sec, séchoir",795,M533x537S11049495x463S3780b470x484S11041468x511S20e00495x508S26607511x489
geler,glace,1603,M545x513S26502509x492S26516479x492S15440530x488S15448456x488
Gembloux (ville),liste: villes,2802,M521x526S22f04496x500S1d412473x481S36d00479x474S20e00482x514
gendarme,,1013,M563x527S12802508x485S1280a466x485S21100469x513S21100516x513S36d00479x474S2e500540x482S2e518436x481
gendarme,,1015,M539x518S30007482x483S12810514x466S25500526x440
genou,,3445,M538x524S20311499x488S2031a483x483S26b05510x496S26b12462x477
gentil,,1752,M544x536S30006482x483S15d10525x489S20e00516x478S22f04518x522
gentil,s’il vous plaît (svp),3192,M540x564S30004482x483S1ef02493x535S20e00494x520S26a00513x539S22506476x552
Ghlin (ville),,2607,M518x518S30000482x483S1bb12479x429S22a04494x456S21b00496x473
Ghlin (ville),liste: villes,2872,M525x518S30000482x483S1d412484x434S20e00493x468S22a04512x460S22102483x453
géant,Giant (Quick),3549,M527x563S37906472x546S37900492x523S20350485x508S2035a512x540S30350481x550S22e00484x487S32a00484x441
Gille de Binche,,3430,M523x534S20310503x467S15d1a493x515S37601509x482S2e230477x471
girafe,,2054,M536x533S36a00482x477S16d4c512x508S20500500x522S22b00520x472
gitan,,2778,M551x550S33010479x483S1d410522x485S20800518x507S2e230532x518
glace (alimentation),,3414,M535x542S33b00482x483S20310499x512S2ea04520x517
glisser,"mat, plat, sans",1919,M529x524S15d39472x486S15d51475x501S20e00494x499S26607507x477
globe,"monde, sphère",1394,M524x536S14c20501x505S14c28477x505S2df06502x477S2df1e480x477S20500496x465
glose,SignWriting,1414,M542x544S14c40500x457S14c48458x457S14c30518x513S14c58475x513S22a05512x495S22a15473x495
goinfre,,2242,M551x542S33b00482x483S18000521x507S26a04520x528
goinfre,,2243,M551x566S33b00482x483S18000521x507S18008450x509S2ea0c527x529S2ea14460x529S2fd04489x560
golf,,3032,M528x528S37800519x475S1ea1c505x507S1ea14484x472S20500508x483S26602472x506
gomme,,3083,M533x535S1ea51484x483S15d39467x512S21100470x496S27107506x465
gonflable,gonfler,2099,M554x541S33d00482x483S17610500x519S17618484x519S26506518x521S26512467x520S15410539x516S15418447x516
Google,jumelles,1995,M533x537S31a00482x483S16d10514x486S16d18469x485S23002515x511S23016468x512
gorge,,3087,M538x551S36a00482x477S21100492x523S1ed02515x505S26a04511x537
gorille,,3395,M544x528S20302504x481S36d00479x472S37706519x487S20600505x500S2030a481x481S20600473x500S37706457x488S2fd04489x522
Gosselies (ville),,1077,M550x525S36d00479x476S36d00480x521S20500512x505S13250526x493S22504528x476
gourmand,,1264,M532x564S30004482x483S14b10509x539S20e00493x534S21404492x524S26a02472x537
gourmand,,2504,M518x550S19a10472x513S30004482x483S20e00501x519S2ea0c457x525
gourmand,,2513,M553x569S19a10505x532S20e00494x520S19a18468x533S30004482x483S2fd04488x563S2ea0c538x529S2ea1c446x529
goutte,,3167,M515x536S22f04490x492S1eb50486x464S10c50493x514
gouvernement,,3381,M538x537S20300502x482S20308483x482S37700489x496S37700508x496S21100494x464S2fd04488x531S2ea00523x477S2ea44463x476
goût (aliment),goûter,131,M532x543S34d00482x483S10000486x513S20600510x513
graine,pois,3046,M517x516S1f531484x495S22507505x484
graine,pois,3052,M508x521S1f540493x497S22500494x479
graisse,"Grèce, liste: pays",2919,M544x526S1dc40518x496S1dc48459x496S26a00517x474S26a10457x475
grammaire,,3142,M521x525S1ec27480x475S2e508498x498
grammaire,,3143,M550x539S1ec27500x476S23607521x462S1ec2f450x493S23615463x509
grammaire,,3144,M521x534S1ec27480x466S2e508498x489S20e00482x497S20359482x513
grand,,1417,M547x516S14c40502x485S14c48475x485S26506532x495S26512454x494
grand (en hauteur),,2364,M513x522S18051488x502S22a00495x479
grand (en largeur),,1859,M554x514S15d40517x487S15d48464x487S26506539x492S26512446x492
grand (format),,3119,M518x580S1ed46492x554S34900482x483
grand-mère,,1886,M513x534S15d50492x507S14b50488x466S22a00500x486
grand-père,,977,M515x548S11e50492x518S22a00501x492S14220485x453
gratuit,,2610,M531x548S15d39490x525S20e00492x512S1bb31469x486S26507497x483S14c51504x453
gratuit,,2987,M549x537S1ea00519x516S1ea08459x516S26500527x499S26510459x499S1ce10527x464S1ce18452x464
graver (disque),,2568,M530x526S19a50502x474S15d1a470x485S20e00485x479S26a02507x499
grec,Grèce,381,M528x529S10051495x489S10059473x489S20500493x472S22f04503x515
grenadine,,128,M595x564S33d00482x483S10000486x518S19a40567x512S2a200567x536S21800505x519S16d48545x541
grenier,,1372,M549x531S14c11523x504S14c19452x504S20700492x470S22a01511x492S22a17477x493
grille-pain,"pain grillé, toast",2327,M535x528S18030505x513S18038465x513S22b00504x473S22b10465x473S22a04520x488S22a14480x488
grincer les dents,,1525,M529x618S14e38477x550S14e50503x541S27102507x578S36100482x483S20e00494x537
grippe,,1948,M521x530S36d00479x470S16d02492x479S22f04491x516S21100496x499
gris,liste: couleurs,2935,M518x523S1e031497x493S22505483x478
gris,liste: couleurs,3140,M521x523S1ec27497x478S23603480x493
gros,,1430,M549x529S36d00479x472S14c41514x492S14c49460x491S20500519x518S20500473x518S26507536x480S26511451x479
gros cou,,1352,M528x572S36a00482x477S20600506x526S20600472x526S14c10501x541S14c18471x541
groseille,,2785,M551x522S36100482x483S1d410506x494S26506536x507
grotte,,1658,M550x526S2ff00482x483S15730526x471S15738456x471S22f04525x512S22f14448x512S2fd00488x455
grue,,483,M538x529S15a5a511x517S3760a500x482S10650487x472S27106462x471
Grâce-Hollogne (ville),liste: villes,2947,M531x516S1e102470x492S14020502x485
grêle,,279,M564x534S33010479x483S10020519x504S26a00537x519
GSM,,3103,M541x510S18050511x495S20320491x495S1ed20459x491
GSM,SMS,3363,M521x523S1f940482x477S22502508x478S2e508479x496
guerre,,229,M524x543S37601485x487S10010478x457S15d5a476x524S26a00497x471
guerre,,2885,M547x518S1dc01524x482S1dc2f474x483S26b02504x490S26b12454x491
guerre (déclarer),,2884,M546x516S1dc01523x485S1dc2f473x486S26912454x498S26902504x496
guide,pilote (informatique),2853,M519x541S1d450490x503S15d58482x514S2dd26488x460
guitare,,1503,M541x557S14e02510x505S14e09460x444S23004514x539
Guyane Française,,1791,M557x535S15d0c487x508S15d1c514x508S36d00479x498S36d00479x466S26b06539x508S26b10451x507
guérir,santé,1930,M556x527S15d59445x491S15d51465x487S21400460x478S20e00446x479S26503463x514S15d59514x490S15d31533x492S20500516x474S21400532x479
gymnastique,,2295,M569x530S36d00479x526S20600520x511S20600458x511S18011526x485S18019450x485S22f07548x470S22f11433x470
gymnastique,,3437,M531x543S20310511x482S20318473x482S36d00479x457S20500476x465S20500514x465S26c00465x503S26c10504x504S23108465x525S23118505x526
gâteau,"pâtisserie, tarte",1329,M524x533S14c02493x489S14c0a476x489S20700491x518S26a20487x468
gâteau,,2665,M551x528S1c520520x472S1c528455x472S25504538x506S25504524x506S25514464x505S25514450x505
général,,1398,M532x543S14c21502x458S14c29473x457S20318486x520S20310495x528S20500503x516S2880c520x493S28814469x494
général,,1571,M518x518S30000482x483S15410494x455S26500494x435S20310494x413
génération,tradition,182,M576x528S2ff00482x483S10002546x497S1000a515x513S2bf00548x454S2bf11523x470
géographie,plan,324,M517x536S15d39484x507S10040502x506S20e00488x493S28700501x465
géographie,,375,M535x525S10050506x495S15d48466x482S26500521x483S21100490x492S22504502x475
géographie,,2551,M531x526S19a40483x503S15d39469x475S21100487x487S28700515x494
géomètre,,2925,M540x525S15d48461x481S1dc50486x476S21100481x510S2a20f517x504
Géorgie,,1310,M588x517S36d00479x484S14c02513x494S20e00496x498S2d300549x492
gêne,honte,2247,M572x518S30006482x483S18001522x490S20e00518x486S2b701553x487
gêné,,3400,M535x526S37706465x487S2030a489x480S37706510x494S20302495x487S20500504x474S2d200508x503
H,,1099,M515x515S14010486x485
H,,1101,M527x515S14010498x485S26502474x494
H,,1102,M526x522S14010497x479S10018475x492S20500483x489
H,,1104,M515x515S14020486x485
H,,3567,M512x516S14027488x485
habiller,"linge, vêtement",1321,M584x530S36d00479x471S14c02509x490S14c0a459x490S20e00515x518S20e00474x518S2d311415x488S2d300545x488
habiter,,1765,M538x570S30002482x483S30006482x483S15d10519x491S15d18462x489S19a48459x549S19a40510x550S22b04516x522S22b14466x520
habiter,,2192,M544x533S17b20525x480S17b28458x480S22a04531x518S22a14456x518S22104519x467S22104470x469
habiter,,2556,M546x528S19a40518x472S19a48455x472S22b04524x498S22b14461x497
habiter,rester,3235,M542x513S1f50a458x488S1f502527x489S26902506x497S26916476x496
normal,habitude,622,M518x518S30000482x483S10e11485x434S20500495x469S26900490x412
habitude,normal,623,M554x518S31500482x483S30000482x483S10e11509x460S20e00495x469S2ea00539x467
hache,,1222,M545x519S14717525x482S14719472x483S26b03509x491S26b13455x491
haché,,1873,M528x525S15d39491x491S15d41502x479S20600473x476S26603506x503
haché,,1874,M534x530S15d39484x486S15d41491x503S20600466x471S26607512x508
hacker,pirate,825,M546x518S31a10482x483S11501499x462S21100520x484S22a05533x497
Haguette,,1391,M552x552S2ff00482x483S14c20512x448S14c28464x448S22530501x431S22530456x431S2b701533x478S2b710447x477S14c04526x521S14c0c448x520
Hainaut,Mons (ville),3383,M529x602S30000482x483S20300502x472S20500491x466S20339491x581S20351494x545S20500491x569S22b04513x514
Hainaut,"Mons (ville), liste: villes",3486,M536x537S20339464x516S20351470x476S20b00465x499S28802492x470S20331515x464
halloween,,1166,M547x553S33b00482x483S14530501x522S14538477x522S21404493x522S26906529x536S26912451x535
hamburger,,1559,M542x553S34500482x483S15400506x523S15408478x523S2eb00527x520S2eb18456x521
hamster,,1637,M565x532S30003482x483S30005482x483S15310518x507S15318467x506S26b00538x508S26b10436x508
handicape,,1328,M544x541S14c02507x489S14c0a462x488S23704505x520S23710456x460
haricot,prince,830,M526x531S36d00479x527S36d00479x470S11501480x476S21100501x498S22a05513x511
haricot,,3071,M528x524S1ea02502x476S1ea0a480x476S23004503x506S23014473x506
Irlande,harpe,1428,M528x544S16748473x472S14c40494x476S22530486x457S26604488x514S26604506x514
haschich,,734,M524x530S10e51494x471S10e59476x505S20600485x490
haut,,137,M508x533S22b00492x468S10010492x503
haut,là-haut,139,M552x518S10000531x485S22f00527x462S2ff00482x483
heure,montre,528,M531x520S3770b476x496S20357492x480S10a51498x500S20600469x489
hibou,,463,M543x518S31a00482x483S1ce10521x474S1ce18457x473S20600520x505S20600459x504
hibou,,2732,M549x538S31a00482x483S1ce40510x485S1ce48467x485S2a201529x515S2a219450x514
hier,,3249,M538x528S1f510517x473S36d00479x524S20600513x510S26a04511x492
hier,,3250,M553x517S1f510532x484S36d00479x507S26a04526x503
hippocampe,,505,M524x513S10a10509x487S24802477x494
hippopotame,,2592,M518x568S2ff00482x483S20600489x496S1a004490x451S1a008491x521S22f00485x434S22f14486x554
hirondelle,,950,M545x540S36d00479x461S20e00478x471S20e00509x472S11e02501x488S11e0a467x488S2d205512x516S2d214453x516
histoire,,1010,M601x522S12711504x478S12719470x478S20500495x494S29905535x497S2991d436x495S13f10572x507S13f18399x505
histoire,,1684,M546x561S30004454x483S30004510x483S15d00466x515S15d20515x515S2ed02471x544
histoire,,1753,M540x543S30006482x483S15d10521x489S30004482x483S15d00494x516S22a03517x523
Hitler,,810,M557x536S33100480x483S36d00479x521S20500471x507S11500486x506S3780b520x494S15a50545x469
Hitler,,3265,M552x519S33200482x483S21414518x511S1f520528x499S22100539x483
hiver,,3393,M522x531S37601487x470S37706497x509S20302482x502S20600479x520
hockey,,3065,M518x549S1ea48483x528S1ea40488x493S37800503x514S20500508x532S27f21492x452
Hollande,Pays-Bas,2204,M586x534S30002482x483S30006482x483S17d10519x492S17d18457x492S28805535x513S2881d444x514S18510561x517S18518413x519
Hollywood,,2586,M581x546S36d00479x454S20500479x459S20500511x459S19c10509x481S19c18461x481S27114427x508S27100541x481S2fd04485x540
homard,,2196,M564x511S17b46517x494S17b4e453x493S22506436x489S22502551x489
homme,"mâle, masculin",2201,M520x518S30000482x483S17d10497x467S26500498x445S22104499x433
être (se présenter),"homme, humain, personne",2255,M528x539S18002512x470S1800a473x470S36d00479x461S21100515x506S21100472x505S22a04513x524S22a14472x524
Hong Kong (région de Chine),,1020,M545x520S33100482x483S12900521x498S21d00520x484
Hongrie,,1005,M524x533S30004482x483S12410472x503S20600502x520
Hongrie,,1947,M521x530S36d00479x470S16d02492x479S20e00497x500S22f04491x516
Hongrie,,3176,M572x541S1ee10506x493S1f410543x519S33b00482x483S2df04518x520
honnête,"poli, propre, respecter",601,M518x567S33200482x483S10e10493x510S25504494x545
horaire,"quadrillé, tableau",1144,M534x554S14420506x447S14402466x487S23304504x485S14c0a498x531S20e00508x515
horoscope,,2956,M522x525S15d18478x498S1e120498x495S26900504x475
horreur,,1281,M550x529S36d00479x472S20e00479x480S20e00509x480S14c00504x498S14c08474x498S2ea00535x502S2ea18451x504
horreur,,1550,M557x518S30e00482x483S36100482x483S15051529x486S15059441x485S26600533x452S26610449x452
hot‐dog,pain saucisse,153,M533x519S10000518x482S17d38468x484S20700485x504S26902498x484
Houffalize (ville),,1100,M517x527S14010484x474S22f04492x513
HTVA,,1920,M572x524S15d39428x486S15d51431x501S20e00450x499S26607463x477S1ea10503x497S10e20530x488S1f520548x502
huile,"mazout, pétrole",2805,M552x540S33200482x483S1d420523x488S2ef02524x521
huitième,,659,M537x534S14c28463x466S11e20510x466S2a200514x506S2a218464x506
humide,mouiller,2220,M543x566S17d30520x551S17d38460x551S22504519x534S22504473x535S31500482x483
Huy (ville),,1105,M544x526S14020457x474S11520494x474S19a20516x484S22a04524x511
hypocrite,,2675,M522x540S15d38478x499S1c550492x494S20e00489x528S26600497x460
hâter,"presser, quand",956,M528x517S36d00479x484S11e10479x487S20600506x498
hélicoptère,,963,M556x598S35810482x483S11e12488x545S10018509x568S2a532523x551
hélicoptère,,2650,M559x544S1c510529x478S35810482x483S2e230538x512
hérisson,,2112,M541x585S2031a492x570S17612471x556S20500496x556S14417513x543S2880a491x540S36100482x483
hésiter,,1404,M550x539S14c30519x484S14c38459x484S23604511x522S23610451x461
hésiter,,1788,M528x527S15d18485x486S36d00479x474S20500493x516S26d0a509x486
hôtel,,1027,M540x528S30005482x483S10e10525x440S25500526x478S12910515x506
hôtel,,1028,M553x518S2ff00482x483S12910529x492S12918442x493S22500531x471S22500453x471
hôtesse,,2172,M545x543S18502525x415S17b02518x461S26500525x443S30000482x483S17b2e518x480S26514526x501S1852e525x518
I,liste: dactylologie,2468,M511x510S19210490x491
I,liste: dactylologie,2475,M511x510S19220490x491
ici,,2557,M546x519S19a40518x482S19a48455x482S22f04520x505S22f14455x505
iconicité,,2190,M517x551S15d28483x524S17b20492x469S20500498x525S21416509x526S26a04487x503S22504488x449
identité,,3273,M519x527S1f520494x494S15a18481x484S21100491x513S22e00502x473
idée,,2465,M543x518S30007482x483S19200517x488S20500510x474S25500530x463
ignorer,ne pas savoir,2249,M522x518S31200482x483S18002482x449S22106471x470S20e00494x468S26506507x454
il reste,,877,M525x538S11551498x478S11559476x478S22b24492x508S20500495x462
il y a cinq ans,,343,M529x561S20348500x546S25900509x488S20500486x540S36d00479x474S14c41491x517S14c10506x440
il y a deux ans,,339,M524x561S20348500x546S25900509x488S20500486x536S36d00479x474S10e41494x516S10e10509x439
il y a quatre ans,,342,M530x560S20348500x545S25900509x487S20500486x535S36d00479x473S14441491x516S14410508x440
il y a trois ans,,340,M524x560S20348500x545S25900509x487S20500486x535S36d00479x473S18610506x440S18641493x518
il y a trois ans,,341,M534x560S20348500x545S25900509x487S20500486x535S36d00479x473S11e10511x440S11e41494x514
il y a trois jours,,955,M527x527S36d00479x523S20500514x510S26904511x489S11e10483x473
il y a un an,,338,M526x560S20348500x545S10041497x515S20500486x535S36d00479x473S25900509x487S10010511x440
image,,831,M524x539S11501494x480S11509476x480S21100491x461S2e500501x512
immersion,,1378,M574x531S2ff00482x483S22532525x480S22536461x480S14c12543x490S14c1a425x490S26504560x516S26514426x514
à bientôt,"immédiat, presser (se), urgent, vite",1263,M533x550S30004482x483S14b10510x525S20e00494x520S2f700450x534S26a02473x523
implant cochléaire,,889,M565x525S2ff02478x483S30006482x483S11810550x498S26502527x495
implant cochléaire,,890,M572x518S2ff02478x483S30006482x483S26502527x495S12810549x487
implant cochléaire,,891,M577x518S2ff02478x483S30006482x483S26502527x495S14402546x493
important,,315,M526x537S10031505x507S10059474x482S20e00494x463S22b00510x471
impossible,,3538,M541x524S20350522x509S20358465x509S24b08519x477S24b10460x478
impossible,,3543,M540x526S20350522x475S20358465x475S2a20c517x498S2a214461x498
imprimer,,1439,M536x525S14c38476x475S14c50484x494S20e00464x504S26a00509x511
improviser,,2725,M538x538S1ce40516x462S1ce48463x462S22f03504x489S22f15475x489S21d00491x512S2fd04489x532
Inde,,399,M518x518S30000482x483S10054485x457S2a200480x425
Inde,,2625,M545x518S30000482x483S1c500515x472S21100495x467
indien,Pérou,597,M543x518S30007482x483S10e10516x457S20600521x492
indien,,599,M553x518S30007482x483S10e10515x459S26b04526x496
indifférence,tant pis,2641,M588x518S1c502526x488S36d00479x496S1c50a446x485S20e00476x505S20e00508x506S2d201562x487S2d210413x483
Indonésie,,832,M533x511S11502468x490S2990a501x497
infirmerie,,3339,M534x525S38600507x475S1f512470x479S23304466x499S20e00489x481
infirmière,,808,M550x548S11500525x488S30000482x483S20e00495x468S23304520x522
infirmèrie,,177,M533x532S38602484x469S10002496x482S20e00467x475S2330a507x502
influencer,,1456,M522x542S14c58478x507S14c50488x490S20e00501x530S22530478x474S2d508500x459
information,informer,2136,M520x537S20e00508x508S17630491x496S26a00486x478S21d00490x463S15d39481x514
informatique,ordinateur,970,M546x516S11e20523x486S11e28454x485S26a02503x486S26a16484x486
infrarouge,,538,M538x518S31a10482x483S10c20521x491S22504518x474
ingénieur,,2478,M545x526S30007482x483S19a00517x487S20e00511x471S2ea06518x511
inscrire,,2773,M540x584S20500505x573S1d402506x501S33d00482x483S15d3a492x551S1d450511x550S22a04512x528
inscrire,,2982,M524x589S33d00482x483S1ea00498x520S1ea50501x561S15d3a474x570S20500491x564S22a04510x546
installer,,2516,M545x522S19a10517x478S19a18455x479S22e04522x503S22e14460x504
institut (école de Berchem),,1548,M547x538S15059488x510S20500495x493S15031486x462S22124454x465S22124525x513
instituteur,professeur,2647,M550x549S1c510520x483S30006482x483S21100531x515S22a04531x534
intelligent,,2108,M554x518S30007482x483S17611511x472S25507526x455S21b00546x447
interdire,,299,M527x511S10021473x490S26906509x493
internat,,1764,M540x577S30002482x483S30006482x483S15d10519x491S15d18462x489S22a04518x521S22a14468x520S19a48458x539S19a40512x539S22f04514x563S22f14460x563
international,,2474,M522x529S19210478x471S19218481x510S20500485x497S2e700507x476
international,,2521,M530x526S19a10480x474S19a18471x506S20500483x497S2e700515x475
international (sport),,2531,M526x516S19a20474x484S2d504492x507S2f700514x492
Internet,,879,M547x551S11551502x450S11559475x449S2880c519x477S28814472x476S20500496x494S14c51520x524S14c59454x525S22a05508x510S22a13481x510
interprète,,2797,M531x525S1d410499x497S1d418470x497S26b00504x475
interrogation,question,289,M521x541S10020479x460S29f0c501x478S10620500x515
intégration,,1480,M558x548S14c52527x524S14c58483x475S14c50494x452S14c5a443x524S27500501x503S27518477x513S20500512x487
intégration (1 personne),,147,M529x521S10000514x490S14c56471x479S26502503x489S20700491x506
intéressant,,957,M550x530S36d00479x471S20e00508x485S11e10527x470S2ea0c524x505
intéressant,,1347,M549x531S36d00479x478S20e00508x486S14c10526x470S2ea0c527x506
intérêt (financier),"pension, retraite",633,M530x518S36d00479x482S10e12479x497S20e00461x499S2ea04515x493
investir,,3051,M607x538S36d10479x484S1ea40524x503S20500515x518S1ea40579x517S15d3a571x470S2b700588x492S20500587x463
inviter,,313,M508x545S10030493x455S10630493x519S26504493x493
Iraq,,471,M520x527S16d18480x495S10620499x501S20700495x473
Iraq,,1173,M518x518S30000482x483S14710495x445S20500496x471
IRHOV,,584,M521x512S10e02480x497S36d00479x488S20600453x501
islam,musulman,1802,M551x592S30114482x477S15d20522x495S15d28458x495S15d50522x565S15d58458x565S25604519x527S25604535x527S25614464x527S25614448x527
isolation,,2225,M546x517S17d40522x502S17d48454x502S22504523x484S22504467x484
isolé,,152,M528x528S16d48472x502S10000490x473S2ea06503x507S37700496x503
Israël,juif,624,M541x551S30003482x483S30005482x483S10e11459x514S20500477x514S20500512x515S28806489x538S11011513x525
Israël,,1376,M528x547S30004482x483S20e00494x520S14c12455x515S22532439x505S26506513x519
Italie,,2503,M526x533S19a10472x513S30004482x483S20600504x520
Italie,,2524,M548x532S30006482x483S19a20520x474S21100528x499S22a04527x517
Italie,italien,3141,M516x528S1ec27484x472S29904502x496
Ixelles (ville),liste: villes,2469,M542x523S19210458x504S10011521x493S10019506x493S20500519x478
Ixelles (ville),liste: villes,2470,M563x523S19210438x504S10011501x493S10019486x493S20500499x478S1dc20539x493
Ixelles (ville),liste: villes,2471,M544x547S19210456x499S11e04503x492S3770b507x519S20359523x503S2a534508x454S20700521x532
J,liste: dactylologie,2533,M514x523S19a20486x478S2ef02491x504
J,,3568,M519x518S19220498x499S2a20c482x483
Jacques,,1567,M524x524S36d00479x477S15402463x509S20500478x493S26506493x492S20500514x494
jamais,,2563,M524x523S19a50477x478S22b05500x499
jambon,,3404,M563x523S20304527x502S37700534x477S36d10479x479S2ea00548x498
jambon,,3517,M529x537S3860c471x506S20350507x464S20340496x503S2880c517x486
janvier,,839,M518x568S30005482x483S30003482x483S11510503x510S20500479x513S2df07485x544
janvier,,3394,M529x540S37601494x461S37706504x500S20302489x493S21100471x482S2e500485x513
Japon,,1023,M534x577S30005482x483S12910510x511S13250481x551S22a03505x540
Japon,liste: pays,3187,M581x512S1ee40501x489S1ee48475x489S26506531x498S26512455x497S1f440552x496S1f448420x496
jardin,parc,3321,M521x528S1f550491x493S20e00479x490S1f50a484x504S26a00494x472
jaune,jeudi,2510,M514x529S19a10486x471S2e230489x497
jaune,liste: couleurs,2530,M514x525S19a20486x475S2df06489x501
je,moi,349,M521x524S36d00479x480S10044497x477S20500493x513
jeans,,1021,M554x525S30004482x483S12902532x452S26504533x482S11e02520x502
Jeep,,1122,M555x516S10019484x486S10011497x486S14400445x484S14400533x484
Jeep,,2669,M553x539S1c540523x461S1c548447x461S2ea00537x494S2ea18448x495S2fb04494x533
jeter,,2119,M508x537S17620492x498S26900492x475S21b00496x463S37700499x512
jeter,"Jette (ville), lancer, liste: villes",3155,M512x538S1eb10488x519S26500498x500S10040497x462
jeu de carte,,2045,M513x540S16d48490x520S16d40490x460S20500494x504S22f04488x486
jeu de carte,,2066,M513x541S16d48490x521S22f04488x487S20500494x505S16f40487x460
jeudi,,2550,M516x531S19a40488x469S15d39485x508S20600491x494
jeune,,2515,M550x526S19a10499x502S36d00479x475S19a18468x503S20e00473x486S20e00513x486S2ea00535x500S2ea10447x501
jeux vidéo,,3359,M536x520S1f902521x497S1f90a465x497S22504522x480S22504468x480
journée mondiale des sourds,JMS,2588,M556x545S19c51497x517S19c5f458x468S26501492x504S26511445x460S23011492x455S23001531x502
jongleur,,2145,M540x539S17630520x505S17638463x505S21d00464x463S21d00520x462S2e508517x474S2e510461x475S2fd04485x533
Jordanie,liste: pays,2889,M518x518S30000482x483S1dc10467x460S20600495x470
Joseph,mars,245,M532x536S36d00479x464S10011466x473S10019511x474S21100485x499S21100501x499S22a03482x521S22a15506x522
joueur (football),,2519,M545x545S19a10517x487S19a18456x487S26600523x456S26610464x456S2e230520x513S2e230461x512
jour,,2485,M530x528S19a00502x472S15d18470x486S20e00492x495S22b04507x498
jour,journée,2509,M514x529S19a10486x472S22a04492x496S19a30486x509
journal,,1440,M524x526S14c3a485x495S14c50500x475S20e00486x514S26a02477x474
journal,presse,2581,M521x530S19a52471x502S36d00479x471S20500477x483S20500511x482S26506492x481
journal,,2591,M550x515S1a002500x485S1a00a469x485S2d504529x506S2d51c451x506
journée,,1385,M553x553S2ff00482x483S14c20528x466S22b04531x501S19a30525x533
judo,,1998,M555x535S16d18474x515S16d10506x488S36d00479x466S20500510x473S2c300529x484S2c310442x512
juif,,772,M562x518S33200482x483S2a602545x494S11010523x490
été,juillet,2654,M546x524S1c511521x476S36d00479x505S20600512x513S20600465x513S1c519457x476
juin,,1086,M518x518S30000482x483S17b02485x463S26500492x440S18502491x411
juin,,1087,M518x518S30000482x483S13d02493x451S13f02494x397S26500494x429
jumeau,,848,M533x540S30001482x483S30007482x483S30005482x483S30003482x483S11512481x459S1151a449x524S20500479x476S20500477x514S20500512x476S20500515x514S26506518x460S26516488x526
jumeau,,2532,M514x527S19a20486x474S2e508490x500
jupe,,1153,M545x539S36d00479x461S36d00479x502S14450523x472S14458456x473S22e04525x508S22e14460x508S20500528x528S20500463x528
jupe,,2198,M546x528S36d10479x473S17b50515x491S17b58469x491S20500504x508S20500487x508S22a05533x513S22a13455x514
Jupiter (planète),,2454,M543x513S18622475x491S15418457x488S2990a511x496
jurer,promettre,813,M553x554S33d00482x483S11500492x524S11520538x505S26507518x536
jusque,,2508,M514x526S19a10486x506S26600493x475
à,jusque,2527,M531x511S19a20470x489S26606501x495
raison,"justification, motif, normal",641,M538x518S30007482x483S10e20523x482S20600504x468
justification,"motif, raison",850,M534x518S30007482x483S11520519x484S20600509x471
Jéhovah Témoin,,758,M521x532S15d28480x469S11000504x493S20600499x474S21414504x524
Jéhovah Témoin,,2484,M554x538S19a00446x483S2e508448x511S15a1a523x495S20600528x482S18020524x463
K,,1006,M514x521S12410487x479S2f700493x514
K,,1109,M517x531S14020484x470S2df04496x510
K,,3569,M522x520S14020493x490S2df00478x480
kangourou,,1064,M572x515S12d50517x485S12d58459x485S2b901546x491S2b910428x491
karaté,,1238,M518x601S36100482x483S14719473x555S14730501x579S26500500x557S26510475x538S2f700501x545S2f700475x528
karting,,3480,M530x530S2035a515x506S20320491x483S20500485x517S37800497x498S37806483x513S27102471x471
kayak,,3548,M557x525S20350521x487S20358464x487S2eb00542x476S2eb10443x478S2fd04487x519
Kazakhstan,,2596,M546x532S30000482x483S30004482x483S1a012517x483S20500494x469S20500494x521S22a04531x502
Kenya,sauna,3014,M522x524S1ea10479x503S36d00479x476S20500480x483S20500511x483S26506507x509
ketchup,,1461,M513x542S20348493x527S14c50488x458S20500495x512S22f04488x495
kilogramme,KG,1110,M516x539S14050485x487S22a04499x524S22e00499x462
kilomètre,"KM, Paris (France)",1107,M518x527S14020483x497S26a00491x474
kinésithérapeute,massage,1905,M536x536S15d58472x509S15d50509x509S26a00508x488S26a10464x488S17850510x464S17858464x465
klaxon,,2062,M518x599S16f20493x551S25504490x577S25504504x577S34500482x483
Kosovo,,3410,M549x518S30007482x483S20310514x472S2ea01528x492
Koweït,,2137,M517x528S21d00491x473S17630493x487S15d39483x505S20500507x511
L,liste: dactylologie,2895,M512x515S1dc20488x485
l'un des deux,"l’un ou l’autre, les deux",545,M511x525S10e00494x495S22510489x476
laboratoire,,2910,M548x538S1dc20518x463S1dc28456x463S2e500525x501S2e51c452x501S2fd04488x532
lacet,,2839,M561x528S1d440510x472S1d448462x472S2ee0c518x505S2ee14461x505S26506546x485S26512440x486
Laeken (ville),liste: villes,2926,M543x549S1dc50518x452S1dc58459x452S22b04527x487S22b14457x487S15d50522x521S15d58459x522
lait,,1498,M547x529S14e02511x473S14e0a458x472S23604508x512S23610453x512
lait,,2496,M547x536S19a02512x485S19a0a462x485S23604508x519S23610453x464
lampe de chevet,,2162,M523x524S15d3a496x505S37609499x476S17652485x482S21b00478x496
lange,Pampers,2976,M542x523S1e140509x497S1e148468x496S20500495x509S28800530x477S28818459x477
langue,,2883,M523x572S33d00482x483S1dc01500x517S1dc09476x518S2df08500x551S2df10477x551
langue,,3016,M523x565S1ea10495x523S33b00482x483S23004498x547
langue (anatomie),,126,M528x544S35a04482x483S10000486x514S20600506x520
langue des signes,"noétomalalier, signer",1427,M538x544S14c48462x457S14c40514x457S2ea00522x498S2ea44463x498S2fd04488x538
Laos,,2896,M563x523S1dc20413x493S31a10482x483S10002513x495S26506548x496
lapin,lièvre,516,M518x518S33200482x483S10a20451x486S22504452x469
lapin,,898,M528x518S30001482x483S30007482x483S11900511x465S11908473x465S22504509x443S22504479x444
lapin,,903,M545x566S37600489x543S30004482x483S21404493x521S11911467x527S11919508x527S22503533x512S22505458x510
lapin,,1072,M537x518S30001482x483S30007482x483S13220514x470S13228464x470S22504517x450S22504473x450
large,,1419,M549x517S14c40505x483S14c48471x483S26a06535x490S26a12451x490
large (esprit),,2939,M563x518S1e101510x477S30007482x483S30001482x483S1e109465x478S28408541x476S28410437x479
larme,,432,M534x563S31a00482x483S10600519x493S10608466x494S27102517x523S27116466x523
latin,Lidl,2891,M522x534S30004482x483S1dc10461x504S20600500x522
latte,souligner,2875,M533x529S37604473x471S1d412468x483S21100471x515S26606503x485
latte,,3116,M562x510S1ed40501x490S1ed48474x490S26606532x494S26612439x494
Laurent Clerc,,1066,M563x521S30006482x483S13210539x496S20e00521x495S22504541x478
Lausanne (Suisse),,2902,M522x525S1dc20498x495S2e500478x476
évier,lavabo,2063,M560x528S16f30502x501S16f38474x501S20500496x517S28807534x497S2881f447x497S16f40534x472S16f48441x473
lave-linge,toujours,314,M512x531S10030494x469S2e500489x504
laver,,1297,M543x548S2ff00482x483S14c01492x491S2e601514x514
laver (se),,1710,M522x552S2ff00482x483S15d01499x502S2e500490x525
Lego,,2403,M532x526S18518476x474S18510502x474S2e230513x493S2e230469x494
lent,,1458,M538x546S14c58464x455S14c50512x455S2e618462x493S2e600509x493S2f804479x535
lent,,1849,M525x535S15a1a481x484S15d40491x491S2b700506x467S21100489x465S2f804475x524
lentille de contact,,2626,M552x528S31a00482x483S1c500522x483S26502522x514
lesbienne,,2657,M545x528S1c512461x477S1c516512x494S37906489x487S37906472x512S20e00520x473S20e00469x516S22502532x489S22506455x499
lesbienne,,2922,M526x534S1dc41478x466S15d39475x511S20500482x498S2a531501x498
Lettonie,liste: pays,2928,M521x525S36d00479x476S1dc52458x485S20500475x514S22e02435x490
lettre (alphabet),,3202,M534x519S1f016467x482S26f00488x491S26606504x503
lever (se),,1037,M544x541S12920520x460S12928457x460S22a04530x488S22a14458x488S10e04529x511S10e0c456x511
levier de vitesse,,3495,M511x523S27b0c495x497S20340489x478
levure,,2103,M546x508S17618485x492S17610501x492S26506519x493S26512467x494S21b00538x496S21b00455x497
lexique,liste,165,M518x533S22b24493x503S10019483x468S10011497x468
lexique,liste,327,M518x527S10041497x474S10049482x474S26524493x512
leçon,,2197,M527x588S15d3a485x569S17b50505x552S22b00511x522S30000482x483S18500501x485
Liban,,2180,M543x538S17b10499x463S17b18481x463S22c24490x494S22a05513x489S22a05513x505S22a05513x521S22a13473x518S22a13473x488S22a13473x503S22104531x499S22104531x515S22104531x531S22104457x497S22104457x513S22104457x528
libellule,,1071,M526x546S37600488x500S13210475x475S13218501x475S22504514x456S22504474x455S22f24486x532
Libramont (ville),"Luxembourg, liste: villes, liste: pays",2879,M546x539S15d3a454x520S37601474x494S1dc00469x465S14c20523x466S2df08498x462
Libramont (ville),liste: villes,2900,M524x520S1dc20500x485S27102477x480
libre,pouvoir,579,M559x515S1dc01507x485S1dc09472x485S26906541x497S26912442x497
libre,pouvoir,580,M552x515S11e01501x485S11e09474x485S26906534x497S26912448x497
Libye,,1509,M556x518S2ff00482x483S14e12525x486S26a00528x467
Lidl,,2913,M542x515S1dc28458x485S1dc21485x490S26906524x492
lien,unir,2742,M572x515S1d010549x485S1d048428x485S1ce10500x485S1ce48481x485S26502528x498S26516458x498
Lille (France),,2660,M519x517S1c520489x489S22504482x484
limace,,631,M539x529S10e11497x471S15d5a512x503S37706487x508S21100495x515S25102462x484
à la fin,limite,1732,M527x535S15d0a473x516S15d02491x466S20e00496x495S21410491x511S22a04514x493
limite,,1733,M532x535S15d0a469x516S15d02487x466S20e00492x495S21410487x511S22f04507x493
limite,,1748,M545x512S15d03501x488S15d0b477x488S26906527x496S26912455x496
limonade,,143,M542x532S10000515x469S10008472x469S2fd04490x526S23604503x501S23610459x502
linge,,2756,M539x526S1d150502x479S1d158462x478S22504479x474S22504502x474S26606509x510S26616469x509
lion,Peugeot,1495,M548x527S36d00479x473S14e02501x502S14e0a469x502S21100535x510S21100452x510S22a07512x487S22a11476x487
lion,,1501,M569x537S30002482x483S30006482x483S14e02517x486S14e0a451x485S2d205536x513S2d214430x513
lire,,561,M515x529S15d0a486x471S10e00500x479S20e00485x495S22a04500x514
rose,liste: couleurs,2628,M545x529S1c500515x501S33d00482x483S26500527x481
Y,liste: dactylologie,2526,M514x520S19a20486x480S22a04494x505
Y,liste: dactylologie,2567,M514x524S19a50486x504S2c600487x477
T,liste: dactylologie,2767,M515x514S1d310486x486
T,liste: dactylologie,2768,M515x514S1d320486x486
T,liste: dactylologie,2790,M515x514S1d410486x486
T,liste: dactylologie,3017,M512x511S1ea10489x490
S,liste: dactylologie,3421,M508x508S20310493x493
S,liste: dactylologie,3456,M508x508S20320493x493
S,liste: dactylologie,3464,M509x526S20320494x474S2990c492x494
Somalie,liste: pays,2894,M572x518S30006482x483S1dc20548x488S26a02523x487S20500539x494
Ukraine,liste: pays,3009,M562x523S30005482x483S1ea11513x502S23f04541x491
Nicaragua,liste: pays,3214,M565x517S1f410500x502S1f418472x502S26606535x501S26612436x501S22000523x484S22000446x485
Syrie,liste: pays,3292,M518x566S22a04493x551S1f540492x522S20e00480x517S30004482x483
Suisse,liste: pays,3371,M553x559S30004482x483S20300493x519S37700499x534S2df0e514x531S20320538x530
Tilleur (ville),liste: villes,2776,M547x531S30007482x483S1d410517x474S2df0f527x507
Turnhout (ville),liste: villes,2950,M527x529S1e10a473x476S1e102501x476S20e00495x471S23024489x511
Tongres (ville),liste: villes,3161,M539x518S30007482x483S1eb20514x477S26500522x456S1ee20513x425
Sabena,"Zaventem (ville), liste: villes",3444,M528x513S20311473x488S2450a497x495
lit,,723,M542x524S10e47496x498S10e49459x494S22e07523x479S22e17485x476
litre,,2897,M519x526S1dc20495x474S22f03481x505
Lituanie,,1057,M535x518S2ff00482x483S12d02456x457S1f502520x457S26506495x465
Liège (ville),,462,M537x518S30007482x483S10620516x481S20600500x465
logiciel,"menu, programme",2274,M521x531S15d08479x470S18010491x477S21100504x497S22a04503x516
logiciel,,2886,M532x530S15d1a468x470S1dc02485x492S21404478x491S2c601513x504
logo,marque,1065,M538x514S15d18463x487S15410523x488S26502501x495S20500487x496
parler,"logopédie, orthophoniste, parole, réclamer",174,M558x529S2ea00543x504S10002508x509S33d00482x483
logopédie,orthophoniste,1574,M545x518S33000476x483S15410530x489S15418454x489S20600513x474S20600464x474
loi,,297,M529x533S10020511x503S15d18471x467S20500494x478S2df06509x477
loi,,2893,M524x524S14c18476x476S1dc10500x477S20600486x513
loin,,318,M545x518S10040530x486S2b700526x455S2ff00482x483
long,longtemps,181,M572x540S10012501x461S1001a471x461S10010557x468S10018429x469S26506539x463S26512446x461S2f804482x529
long,longtemps,268,M575x519S10012498x482S1001a467x482S26506533x482S26512448x482S10010560x488S10018425x489
louer,prêter,2903,M539x518S15d18461x488S1dc20515x482S26a02497x491S20500483x499
louer,prêter,2911,M521x525S1dc20479x476S2035a480x510S20600499x511
louer,,2912,M525x525S1dc20476x476S2035a477x510S27202506x477
loup,,1643,M537x518S33100482x483S15700519x482S26500521x462S22104522x445
loupe,,3008,M560x522S1ea10506x501S31a10482x483S26a00533x507
lourd,masse,1519,M546x586S14e31517x542S14e39452x542S22a04532x571S22a14453x570S34400482x483
Louvain-la-Neuve (ville),,815,M519x568S30004482x483S11500489x538S22504507x538S20e00493x520
Louvain-la-Neuve (ville),,816,M518x565S30004482x483S20e00493x520S22504476x525S12d00486x535
LPC,,1303,M590x537S30006482x483S20e00520x495S22532535x480S14c02554x491S23604551x520
lumière,,2444,M533x556S33d00482x483S18610491x520S2eb00518x524
lundi,,2898,M531x519S1dc20469x481S26606501x495S2f700507x512
lundi,,2901,M513x531S1dc20487x469S2e508490x504
lune,,1221,M518x534S30001482x483S30004482x483S14717469x472S21100463x490S28805466x508S14712490x520
lune,,2185,M524x543S30001482x483S30004482x483S21100458x529S17b16455x491S18510499x520S28805472x516
lunettes,,3098,M539x523S31a00482x483S1ed10509x486S1ed18466x486S20600517x511S20600461x512
luxe,paix,987,M556x536S11e12526x464S11e1a444x464S12102499x512S1210a471x512S22a03529x502S22a15455x502
Luxembourg,,1288,M558x551S15d3a443x532S37601462x481S20e00456x524S14c00451x450S28436483x485S37601544x481S20320538x466
lécher (animal),,914,M518x588S11950484x562S35a04482x483S22500483x541
lécher (être humain),,2355,M522x523S22500498x477S20e00485x511S15d08478x482S18050492x497
léger,,2544,M525x537S19a30497x484S19a38475x484S20e00494x464S2e508500x510
léger,,2545,M544x527S19a30516x474S19a38457x475S2e508519x499S2e510460x500
salade,légume,692,M560x529S10e31511x471S10e39464x471S2e608531x496S2e610441x496
léopard,,2707,M546x548S1ce18449x466S1ce10524x452S36d00479x454S20500508x470S20500508x501S20500477x483S20500477x512S22b04525x487S22b14454x504S2fd04489x542
lézard,,981,M557x547S11e50518x490S11e58458x490S2b901531x456S2b910444x454S2fd04488x541
M,,1268,M512x508S14b50489x493
M,,3570,M510x513S18d50490x488
millimètre,M&M’s,1271,M535x517S14b50465x502S14b50512x502S2880a489x484
ma,"mon, mes, mien",431,M526x561S10600511x535S35700483x483S20500495x538S36d00479x523
ma,"mon, mes, mien",733,M539x563S35700482x483S36d00479x520S22e04489x529S20500492x552S10e51509x526
machine,moteur,1132,M529x538S14402498x482S1440a471x486S20700490x462S27224479x519
machine,moteur,1499,M529x538S14e02498x478S14e0a472x484S20700492x463S23524482x520
machine à coudre,tram,799,M522x527S15d38479x474S11050503x500S21100485x507S26500506x477
Macintosh (MAC),pomme,3344,M560x527S30006482x483S1f710521x494S21100516x513S2ea00545x490
Macintosh (MAC),pomme,3412,M554x534S20310522x492S30006482x483S20e00517x509S2df04533x513
Macédoine,,2354,M518x522S18050483x479S2f001497x502
Madrid (Espagne),,412,M518x536S30001482x483S30007482x483S10110475x489S26506490x522
magasin,"pain, souvent, tartine",2278,M535x516S18010505x501S15d18466x487S20e00488x497S22504506x485
magicien,"magie, magique",2100,M551x592S2ff00482x483S17610532x493S17618454x493S25504534x519S25514454x519S14c20528x547S14c28448x548S2f700532x585S2f700453x585
magicien,"magie, magique",2589,M549x515S19f20520x492S19f28451x492S22504515x485S22504474x485
magicien,"magie, magique",2622,M545x516S1c120516x487S1c128456x487S22504514x484S22504476x485
magique,,3204,M550x517S1f020521x502S1f028451x502S22504470x485S22504520x484
mai,,2800,M519x518S30000482x483S1d412484x448S22a04506x467
maigre,mince,2466,M518x604S19200488x550S22b04493x574S32c00482x483
maigre,mince,2618,M539x518S32b00482x483S1c002480x463S22b04523x487
maillot (féminin),,2258,M554x529S36d00479x471S36d00479x516S18003509x490S1800b472x490S20500523x518S20500466x518S20500523x473S20500467x475S2a600537x489S2a611445x491
main,main d’œuvre,1330,M544x537S14c02506x488S20e00491x493S14c0a458x488S27200504x463S27214456x518
mais,sauf,283,M559x541S30d00482x483S10020544x500S2f900546x536
mais,,1793,M510x519S15d20491x482S2f900498x514
mais,,1800,M549x537S2ff00482x483S15d20530x500S15d28452x500S2f900537x532S2f900452x532
majorité,,2050,M549x523S16d48452x477S16d40531x478S16d48484x503S16d40496x503S2880a504x486S28812474x485
mal,mauvais,582,M562x526S10e01515x475S10e09461x474S2a205541x503S2a21d439x503
mal,mauvais,703,M540x531S10e38461x500S10e40525x470S26616484x515S24b0e492x479S20e00482x499
mal (avoir),,3251,M523x540S1f510508x486S36d00479x461S21100509x469S22a04509x504S2f804478x529
mal au ventre,,1306,M547x589S34100483x483S30c00483x483S36d00480x522S36d00479x585S14c02486x558S21100470x562S2e500524x556
malade,maladie,2854,M525x519S1d450496x489S15d1a476x500S20600481x482
Malaisie,,1787,M556x518S2ff00482x483S15d17510x466S15d1f466x466S23607527x444S23615446x443S2fd00489x430
malentendant,,208,M581x582S33010479x483S10010504x503S10041549x541S10049533x541S20e00545x526S26505568x569
malentendu,,2000,M522x564S16d18479x517S16d10505x517S33b00482x483S22a04507x541S2f700509x557
malheureux,,1772,M519x524S15d10500x497S15d18481x497S26b20487x476
malin,,2627,M556x540S33200482x483S1c500526x485S22104520x485S25504534x518
Malmedy (ville),,1269,M515x530S14b50485x470S19a20487x510S22a04496x491
Malno (Indonésie),,200,M514x558S14c39486x531S10004494x463S20500492x519S22a04490x500S2e702489x443
Malte,,817,M521x545S36d00479x455S20e00481x466S11500475x484S23304471x519
maman,"maternel, mère",1265,M512x517S14b20489x502S22504491x483
maman,"maternel, maternelle, mère",1828,M529x535S36d00479x465S20600505x524S15d32502x502
maman,mère,3345,M538x532S30005482x483S1f710518x509S20600494x521
mammifère,,1645,M596x528S36d00479x477S20500478x483S20500511x483S15702527x480S1570a447x480S26500560x473S26510426x474S18502581x473S1850a405x473S20500511x505S20500478x505S15702528x503S1570a446x504S18502581x503S1850a405x504S26500560x499S26510426x501
mandarine,orange,1261,M545x518S30006482x483S14b00522x496S22504523x480
mandat,,2018,M530x520S15d0a470x480S16d20492x500S20e00475x503S26506515x505
Manhattan (USA),,2542,M527x533S19a30475x503S15d1a474x467S21100480x489S27106512x493
maniaque,précis,2770,M553x518S30007482x483S1d401513x464S26500539x462
manifestation,,1459,M526x553S14c58474x447S14c50502x484S2eb0c506x521S2eb1c476x487
manivelle,,3492,M513x538S20332492x489S2033a487x463S2e508490x511
Manneke Pis,,820,M528x526S36d00479x475S36d00479x522S1f01c499x505
mannequin,,2775,M538x527S37040462x474S20500460x486S20500495x487S1d402485x504S1d40a451x504
manteau,,3397,M577x519S20302538x493S36d00479x481S37706552x500S37706423x499S2030a448x492S20500489x508S20500501x508S2d600506x492S2d618466x491
maquiller,,1712,M550x550S30002482x483S30006482x483S15d01520x496S15d09456x495S2ea06525x523S2ea12451x522S2fd04487x544S20e00518x482S20e00469x481
Marche-en-Famenne,marcher,1900,M539x541S15d58476x486S15d50506x486S23710462x460S23704500x520
à pied,marcher,589,M522x525S10e04483x477S22514478x512S26600506x476
marcher en arrière,reculer,524,M533x536S10a50507x464S10a58467x464S2ea0c515x496S2ea14470x496S2fd04487x530
marché,,1502,M556x561S33b00482x483S14e02505x515S14e0a467x515S2ea00541x517S2ea18445x516S2fd04490x555
marché,,1781,M524x522S15d11501x495S15d19477x495S20e00494x510S22504501x479S22504488x479
marché,,2384,M565x590S30005482x483S30003482x483S18500509x511S18508466x511S22a05531x529S22a13454x529S18520537x550S18528438x550S23004540x572S23014434x572
mardi,mille,2277,M543x514S18010513x499S15d18458x486S26502492x494S20500479x495
mariage,noce,2849,M531x531S1d450500x470S2a208508x503S14c59470x496S20e00485x483
Marie,,1713,M530x524S36d00473x476S15d01468x481S15d09507x482S37600487x501S36d00485x476
Maroc,,1968,M518x572S30004482x483S20e00494x520S16d10491x536S22f03473x551
marraine,,1243,M521x533S14751486x475S22e04484x500S20500488x522S36d00479x468
marraine,,3243,M536x543S1f510521x508S30005482x483S26902517x527
mars,,242,M528x559S33d00482x483S10019484x519S10011497x520S22a05515x545S22a13474x545
mars,,243,M518x561S30004482x483S20500494x519S10019482x531S10011494x531
mars,,247,M527x529S10011497x488S10019485x488S20e00496x471S22a05514x515S22a13474x515
mars,,3294,M518x573S30004482x483S1f540492x522S20e00480x517S2330b488x551
Mars (planète),,251,M520x523S15418480x477S10011485x483S20e00508x479S22a05502x509
Marseille (France),,2357,M521x522S15d38479x479S20e00487x510S18050491x496S22504499x479
marteau,,3019,M515x523S1ea10486x502S26b00488x478
marteau,,3020,M514x520S26b00487x480S20310492x505
master (universitaire),,2020,M564x524S30001482x483S30007482x483S16d20516x474S16d28466x474S22a05534x493S22a13451x494S20320549x509S20328433x509
master (universitaire),,2022,M547x526S16d28483x475S16d20500x475S22a05515x493S22a13473x494S20320532x509S20328453x511
masturber (femme),,2682,M532x531S1c550499x481S1dc0b468x494S21300481x470S23004507x513
masturber (homme),,2077,M528x519S17600493x481S37703506x495S23403472x489
match,"Match (magasin), plan",1374,M544x549S14c39456x522S14c11518x451S26517482x506S26503511x478S20b00496x492
match (individuel),rencontrer,292,M508x558S10020492x528S10008492x443S26500494x509S26514493x479S20500496x495
matin,,1691,M518x526S15d0a490x487S15d00499x499S21100482x509S22a00499x474
matin,,1694,M519x527S15d1a486x486S15d00500x500S21100482x508S22a00499x473
matin,,1738,M558x525S15d0a443x492S15d00539x487S15d02455x498S15d0a523x492S20500446x514S2b700466x475
matière,tissu,2420,M541x511S18530516x489S18538459x489S21100475x497S21100512x497
maturité,,2202,M532x518S30007482x483S34d00482x483S22504508x461S17d10509x477
matériel,objet,690,M537x523S10e31490x477S10e39464x477S20e00483x500S2e500514x496
matériel,objet,691,M547x524S10e31500x477S10e39474x477S20e00493x500S2e500524x496S2e518453x497
mauve,violet,609,M531x550S30004482x483S10e10488x520S2b801508x522
mauve,violet,625,M545x550S30004482x483S10e11469x504S21100498x522S28806495x538S10e13515x503
mauve,"violence, violet",650,M521x520S10e20506x484S27202480x480
mauve,violet,681,M566x537S30005482x483S10e21514x511S2a206545x508
mauve,violet,954,M551x531S30005482x483S11e10527x501S20e00509x515S2b701532x468
mauve,violet,3470,M547x544S20320528x492S20328458x492S2ff00482x483S2e508524x517S2e510454x516
mayonnaise,,212,M525x553S33200482x483S10010492x505S21100512x516S22f04487x539
maçon,mur,2335,M516x535S18040485x466S1470a484x521S20600485x506S22f04484x489
maïs,,2001,M580x555S36100482x483S16d10516x514S16d18467x514S2d400537x512S2d410419x513S2fb04492x549
McDonald’s,,368,M537x520S10018464x490S10051466x491S2940a493x480
McDonald’s,,385,M548x521S10051500x500S10059471x500S28c12453x480S28c0a520x479
melon,,3118,M557x526S1ed40501x507S1ed48474x507S28907532x496S2891f444x497S1f450527x474S1f458446x475
mendiant,,2321,M526x519S18030474x481S23404476x505S26506511x481
mentir,sang,498,M518x556S33200482x483S10a10494x524S26a02473x529S20e00468x511
menuisier,,3513,M546x523S20341525x502S2034f470x492S26a01510x489S26a11454x477
mer,plage,1477,M550x561S33d00482x483S14c52519x529S14c5a450x529S22532502x519S22536485x519S26500536x511S26510453x513
mer,plage,1478,M570x561S33d00482x483S14c52519x529S14c5a450x529S22532502x519S22536485x519S26506555x534S26512430x534
Mercedes-Benz,,2927,M537x538S1dc51505x489S1dc59470x489S20e00497x498S26c08510x463S26c10464x523
Mercedes-Benz,,3186,M573x525S1ee20500x475S1f420544x510S28805515x501S2881d465x501S1ee28474x475S1f428427x509
Mercedes‐Benz,,166,M560x530S10029441x499S10029516x498S10001470x500S10020545x470
merci,remercier,1683,M533x541S30004482x483S15d00494x514S26500519x525
mercredi,,1735,M535x512S15d0a465x489S15d02474x492S20e00504x499S26506520x498
mercredi,,2270,M515x529S18010485x471S24f04495x493
mercredi,,2279,M542x514S18010495x491S15d18459x487S20500479x487S20500479x503S2880c530x491
mercredi,,2392,M516x526S18510485x474S2e230497x494
Mercure,,1584,M517x532S15410498x468S15418483x468S2e230498x500
merde,zut,716,M519x549S10e41481x451S10e49494x519S20b00490x511S22a04490x489
église,"messe, semaine",1766,M520x521S15d10501x494S15d18481x494S20600489x479
mesurer,,2816,M551x515S1d420500x486S1d428470x486S2310a534x489S23112450x488
meuble,,2334,M516x524S18040485x476S2e508486x497
Mexique,université,241,M537x518S30001482x483S30007482x483S20500496x460S10028463x487S2df06517x460S10020522x487S2df1e465x460
Mexique,,635,M527x518S30000482x483S26506512x468S20e00494x469S10e12460x466S22512441x462
Mexique,,1943,M542x583S2ff00482x483S16d00507x464S16d08477x464S2d50a523x484S2d512457x484S1f739487x550S1f951485x562S21100511x567
Mexique,,3469,M531x518S30001482x483S30007482x483S20320516x476S20328469x476S20500494x449S2df06511x449S2df1e469x450
Michael Jackson,,275,M519x552S30000482x483S10020499x486S24e04498x522
micro-ondes,,3398,M582x523S20302543x477S2030a443x477S37706557x484S37706419x484S22a03531x491S22a15460x490S10003505x502S1000b470x502
microbe,,2127,M550x534S17620485x518S17620501x518S26a07513x502S26a11467x503S14c50526x467S14c58451x467
midi,,1185,M535x534S33d00482x483S14710493x512S20600513x515
mieux,,1704,M539x559S33d00482x483S15d01497x516S2a205518x536
Milan (Italie),,312,M572x538S10027515x487S1002f462x486S23607543x467S23615429x463S2fd04488x532
milieu,,2673,M521x524S1c550491x486S14c38479x477S20600480x513
milieu,"moyen, vide",2686,M535x526S15d39466x495S1c551483x475S20500466x482S2a531510x501
milliard,million,1837,M533x604S36d00479x533S37606477x533S15d33481x525S15d39501x581S21100483x558S25504498x548S34700467x483S35d00497x483
mime,pantomime,1801,M565x564S2ff00482x483S15d20530x500S15d28454x524S22f07544x484S22f11438x510S2fd04491x558
état (finance),ministre,273,M543x542S36d00478x459S36d00480x528S10014514x487S1001c474x488S21100530x506S21100460x506S22a04527x525S22a14462x527
état (finance),ministre,2783,M544x611S33d00482x483S1d402516x495S36d00479x535S36d00479x587S1d412510x551S1d41a464x551S21100526x577S21100462x578S22a04524x596S22a14462x596
ministre,,2804,M539x538S22a14462x523S22a04524x523S36d00479x462S36d00479x514S1d412510x478S1d41a464x478S21100526x504S21100462x505
minorité,,2053,M515x523S16d48485x478S16d40497x478S2ea26488x508
minorité,,2737,M517x521S1ce02483x479S2ea06492x506
minuit,,1180,M537x518S33200482x483S14710523x474S2b700516x443S20e00523x498
minuit,,1183,M581x536S33d00482x483S14710493x514S14718548x484S14710553x500S20e00539x510S22a00568x486
minute,,2829,M530x527S1d440501x474S1d448470x499S20600491x496
minute,travaux,2837,M530x532S1d440501x471S1d448470x471S20e00495x469S2e500506x505
miss,roi,1956,M530x530S36d00479x470S16d03473x478S21100491x493S22b05506x506
mitrailleuse,,2924,M566x597S1dc41535x567S1dc4f475x572S35700482x483S26f01512x543S26f11452x548S26916487x545S26906548x540
mobylette,,2522,M528x531S19a10500x489S19a48472x469S23004501x513
mode,moderne,1171,M562x519S2ff00482x483S14700531x473S2eb06524x504S22a07549x465
mode,moderne,1260,M548x523S30007482x483S14b00522x488S20e00511x475S2ea06523x508
mode,,2231,M549x524S30007482x483S18000518x488S20e00510x471S2ea06524x509
moine,,3079,M552x519S2ff00482x483S1ea4c523x497S1ea44454x498S23000527x475S23010449x476
moins,soustraire,360,M519x516S10050481x485S26506504x502
moins,que,1247,M525x528S15d48476x495S14750510x472S20e00497x504S22b04509x498
moins,soustraction,3157,M541x510S1eb10517x491S26502497x494S10012459x495
mois,,3284,M522x522S15d18478x478S1f527500x479S21100492x508S22a04507x506
Moldavie,,1795,M513x530S15d20488x470S2e508490x503
Moldavie,,2173,M539x518S30006482x483S16d20522x490S22504519x475
Molenbeek (ville),,391,M536x533S3770b464x482S20357480x468S10051483x488S20500468x473S2a531511x508
Monaco,,430,M518x581S10600489x537S30004482x483S20e00494x521S22f04484x567
Monaco,,1272,M516x522S14b50485x478S2f005496x501
monde,,2427,M526x536S18540497x489S18548474x481S20500489x465S2e700511x511
monsieur,,1207,M521x522S14711482x502S36d00479x479S20600476x487
monsieur,,3416,M521x604S30004483x483S20310494x521S36d00479x539S14c11478x577S20500496x567S22a04496x548
montage,,884,M553x523S11512496x477S1151a472x508S23704514x498S23718447x480S20e00495x492S26506536x477S26516450x509
montagne,,1373,M559x533S14c11533x506S14c19441x504S20500494x468S25101505x482S25117468x482
Montegnée (ville),,171,M537x562S33200482x483S10002507x501S14702515x548S25504522x522
monter,,792,M511x530S11040491x503S24b08489x470
monter,,2667,M526x517S1c540496x484S2c700474x488
montgolfière,,1612,M518x539S15450482x461S15438482x514S26500504x466S26510504x520
montre,,1063,M532x539S37a0b469x492S12d4f490x462S20500496x489S20359511x476S22507471x470
Montréal (Canada),,2367,M515x554S18051490x447S22a04489x499S15d39486x531S20500491x519S2ef01490x475
Monténégro,,892,M550x518S2ff00482x483S11810529x491S26b00523x467
Monténégro,,1621,M538x518S2ff00482x483S15452486x463S20600516x477
moquer,,710,M533x544S10e40512x514S10e48473x486S26a00506x490S26a10468x457
mordre,,1540,M533x611S34400467x483S36100497x483S15020484x580S17620489x535S26500490x558
morse,,1954,M524x569S33d00482x483S16d02504x518S16d0a476x518S22a04510x541S22a14479x541S21600513x561S21600481x561
mot,,3110,M510x522S1ed26491x496S26500493x479
mot,,3113,M542x515S15d18458x486S1ed40516x496S20500480x499S26502494x498
moteur,,757,M524x554S11000507x468S11008479x446S2ea00509x504S2ea18477x481S2fd04484x548
moto,,2363,M520x536S18050481x487S18058490x521S20500495x506S26a20488x465
moto,,3536,M539x518S20350519x503S20358462x503S23000514x482
mouche,,1607,M532x539S21600469x474S20e00493x505S2890e481x486S15440517x461S15d5a484x520
mouchoir,,3170,M550x518S26a00523x463S1ee02523x480S1f402529x430S33200482x483
moule,,845,M550x526S11511501x475S11519476x474S2e231523x499S2e239451x497
moustache,,267,M556x559S2ff00482x483S10012502x504S1001a469x504S2880b536x507S28813445x507S10010541x529S10018446x529S21100480x525S21100504x525
moustique,,2810,M536x545S1d420481x456S1d450483x515S22a04493x494S2e508513x461S15d1a465x526S20500476x511
moutarde,,1628,M543x546S33100482x483S15300525x487S2e500520x519
muet,,811,M518x551S33d00482x483S11500489x521
musée,,3476,M525x517S20328480x502S20320490x492S20e00476x488S2ea30510x484
mâche,salade de blé,693,M557x553S1f441465x501S1f44f443x523S1f441527x447S1ee41497x475S26607514x508
mâcher,,3530,M513x534S20338491x519S20350491x486S21100492x503S2ea02488x467
mécanicien,"mécanique, plombier",974,M523x537S1005a477x471S11e40500x484S20700501x464S23004495x519
méchant,,167,M525x532S10e19476x482S10001504x488S20700501x469S22f03493x511
méchant,,1332,M548x537S14c02495x465S14c0a473x491S2ea00533x464S2ea18453x491S2fd04497x531
méchant,,1593,M514x524S15420493x499S26b00487x476
méchant,,2608,M514x531S1bb20492x503S26a00487x484S21d00491x470
méchant,voyou,2684,M530x533S15d39471x506S1c551487x487S20e00494x521S26607505x467S2f700518x487
méchant,,3162,M521x536S1ee20480x465S1eb20481x517S26500489x496S2f700509x499
médaille,,2740,M521x528S36d00479x472S1d010494x483S20500496x517
média,,2402,M551x533S18520498x518S18528474x518S14c50527x467S14c58449x468S26a07519x500S26a11458x502
médiateur,,1671,M543x545S36d00479x456S15a17503x481S15a1f476x481S20600511x465S20600467x464S27204503x510S27214461x509S2fd04491x539
médicament,pilule,3151,M537x530S33b00482x483S1eb02518x496S21d00514x522
méduse,,1610,M541x521S15450478x487S22532459x479S29306500x494
mélanger,,1380,M533x549S14c13485x473S14c19490x504S2eb01509x451S2eb45468x525
métier,professionnel,586,M565x545S36d00479x475S20e00513x499S20e00473x499S11302508x530S1130a454x530S28908530x492S28910449x491S11300550x457S11308432x456
égal,même,2287,M562x511S18018439x495S18010532x496S20500496x490S22a02510x490S22a16476x490
mûre,,254,M605x572S26506590x513S30000482x483S21100562x536S15d5a558x553S15052555x508S10012491x452S20e00495x469S26506525x453
N,,913,M511x513S11950489x487
nager,"natation, piscine",1910,M540x529S15d58471x502S15d50508x502S20600488x503S2eb36508x472S2eb42460x472
nain,veau,2234,M527x574S18000497x522S30004482x483S2e200506x542S20500484x518
Namur (ville),,583,M536x533S10e01510x468S10e09465x468S20e00493x472S2e008515x504
Namur (ville),,591,M524x539S10e04506x462S20700506x497S14748508x517S22f04477x484
Napoléon,,1747,M521x531S36d00479x469S15d03498x479S22f03467x510S21100483x500
nappe,tapis,2866,M547x547S1d450516x453S1d458457x453S2b714458x490S2b705531x489S1d420518x519S1d428454x519
narcose,,1555,M534x551S33200467x483S31600498x482S15400487x526S26504468x531
nature,noël,676,M546x533S24e00525x470S24e18454x468S10e20525x502S10e28459x503
nature,,856,M539x536S11520521x506S11528463x506S24e00518x464S24e18461x464
nature,,906,M536x532S11920514x506S11928465x506S24e00515x469S24e18467x469
naître,,711,M562x530S36d00480x526S36d00479x470S10e40516x494S10e48474x494S2d200536x504S2d211442x504
naître,,1855,M560x532S36d00479x469S36d00479x528S15d48471x499S15d40510x499S2d200534x502S2d210440x502
naître,,3526,M536x535S20350491x505S16f5a494x475S21100480x491S2d200510x501S36d00479x466S36d00479x531
pas encore,ne pas finir,1872,M522x594S15d39486x563S15d41497x551S20600500x583S30342482x476
neige,,1443,M561x539S2ff00482x483S14c50528x472S14c58447x471S22b04532x509S22b14450x507S22530519x455S22530438x455
neige,,1467,M527x552S14c51474x470S14c39479x505S2ea02476x449S2ea46475x537S2fd06521x490
Nemo (Disney),,1073,M530x523S13240506x497S22504504x478S26602471x506
Neptune,,1636,M520x614S15418472x547S15330504x589S22e00503x567S34d00482x483
nerveux,,911,M544x515S11940527x485S11948457x486S26a02508x488S26a16480x488
nerveux,,3388,M575x520S20309457x483S20301521x483S37703536x498S3770b440x498S2d200549x480S2d211426x480
nettoyer,,3474,M545x525S20320528x475S20328458x475S29904531x493S2991c456x493
neuf,,1123,M530x530S14400470x470S1d220501x473S2df0e492x506
neuf,,1125,M540x521S14c09460x482S14401512x480S22a05484x507S22a13501x506
neuf,,1126,M540x521S14c09460x482S14401512x480S22a05484x507S22a13501x506
neutre,,2696,M548x529S1ce02508x507S36d00479x477S20500478x485S20500513x486S1ce0a468x507S2b701529x472S2b710452x472
neutre,,2697,M552x556S1ce02508x534S36d00479x504S20500478x512S20500513x513S1ce0a468x534S2b701529x499S2b710452x499S1ce50530x462S1ce58449x463S21b00538x445S21b00455x446
neuvième,,660,M538x534S14c28463x466S2a218464x506S2a200514x506S19020515x466
neuvième,,661,M539x535S14c28461x467S2a218462x507S2a200512x507S14420517x466
neveu,,912,M541x525S11940520x476S11948465x476S23004516x506S23014460x507
neveu,,1075,M563x518S30007482x483S13250512x470S2b700544x472
New-York (USA),,2574,M522x534S19a51478x467S15d39479x511S21100481x497S26c03502x486
nez,,123,M555x530S33200482x483S10000512x500S20600533x499
niveau,,902,M551x514S11910534x489S11918450x489S26a02509x487S26a16476x487S20500494x494
niveau (outil),,2425,M542x525S18540516x484S18548460x500S23100515x508S23118459x476
niveau (outil),,2832,M549x536S1d440519x485S1d448451x485S23100523x519S23118452x464
nièce,,1076,M564x520S30005482x483S13250516x494S2b700545x497
noir,,253,M537x518S30000482x483S10012488x451S20e00495x469S26506522x451
Noir (Africain),,1345,M518x532S30005482x483S14c10486x494S1f501456x510S22a03478x518
Noir (Africain),,2506,M518x557S19a10464x499S2ff00482x483S2e500435x498S2e230467x525
noix de coco,têtu,3443,M536x518S30007482x483S20311515x476S20600498x469
nom de signe,,294,M541x536S2fd04490x530S10020503x464S10028480x480S2ea04526x475S2ea14459x490
nombre,"pluriel, plusieurs",3287,M558x527S1f532442x488S1dc30468x474S11e30505x474S14c30534x483S2d808474x512
non,qui,288,M510x538S10020492x462S27206491x498
non,refuser,821,M510x529S11500491x471S2df0e490x505
non,refuser,910,M512x531S11940490x470S2a204489x503
nord,,853,M508x527S11520493x497S22a00494x474
nord,,907,M509x524S11940492x498S22a00494x476
nord,,1810,M510x524S15d30491x498S22a00490x477
normal,,857,M527x513S11521474x488S26906509x495
normal,,909,M521x516S11940504x485S26a02480x489
Norvège,,870,M525x515S11550475x485S2480a497x491
Norvège,,1052,M615x559S12d01508x512S30005482x483S12d20548x508S28806574x544S22104555x495S22104603x495S2df0e530x535
nous,"notre, nos",392,M534x515S36d00479x485S10052478x499S20500474x494S2ef01516x495
noter,,2412,M524x536S18520499x465S15d3a476x517S20500490x510S26904488x487
nourrir,recharger,2414,M535x533S18520473x485S18518510x509S37800493x500S37806478x515S26a00471x468S20600466x522
nouveau,,2138,M520x533S17630504x516S16d48487x495S22b00504x482S21000480x518S21b00508x467
nouveau,"recommencer, refaire",2147,M528x526S17630512x475S23802485x486S2035a503x502S37706479x509S20e00488x514S21b00473x493
Nouvelle-Zélande,,2139,M570x533S17630455x516S16d48438x495S22b00455x482S21000431x518S21b00459x467S10620513x494S2450a539x506
Nouvelle-Zélande,,2322,M561x525S18030447x510S15d0a439x476S20e00448x489S22a00467x490S15d18508x476S18010531x488S20500531x498
novembre,,847,M549x534S30004482x483S11512480x519S26506534x519S20e00515x520
novembre,,886,M523x606S30004482x483S11554491x487S15d5a477x552S11550494x576S21404491x567S20e00506x573S26500509x551
novembre,,915,M512x533S11950488x468S2a530493x500
noyer,,230,M522x544S24e04497x514S10010484x457S16d48478x500S21300501x490S37700491x487
noyer,,3431,M524x544S20310504x456S37601510x471S16d48489x481S24e04503x514S21300476x459
noël,,1815,M568x532S36d00479x469S15d30530x499S15d38454x500S20500479x514S20500512x515S36d00479x528S2c600549x498S2c611434x500
noël,sapin,1901,M530x534S15d58476x466S15d50506x466S24c04508x499S24c1c470x499
noël,,2668,M544x520S1c540474x490S14c48456x481S28436511x501
nu,,2637,M526x538S1c502477x463S20e00489x507S15d0a475x519S21410488x497S22b04510x496
nu,,2687,M536x526S2a531511x501S15d59465x497S20500467x482S1c551484x475
nuage,,1547,M573x528S2ff00482x483S15030529x481S15038444x481S29206542x513S2921e427x514
nucléaire,,2107,M534x540S17610501x460S17648485x460S37600488x517S14c01467x494S14c29507x494
nuit,,823,M543x516S11500528x485S11508457x485S26902504x499S26916477x500
nuit blanche,,2356,M565x535S15d0a436x480S18050445x466S21100444x506S22a04464x487S15d0a518x480S15d00527x492S22a00552x502S21100552x521
numéro,numérique,301,M578x523S10021434x493S10009422x493S10001500x493S10029479x493S10021548x493S10009537x493S20500432x479S20500500x478S20500548x479
numéro,,1549,M515x538S15059487x510S15031485x462S21100495x492
nuque,,310,M549x537S38456451x464S10022477x500S21100468x523S23600510x500
nuque,,1807,M537x570S36a30491x507S2ff00482x473S2ff02478x474S15d22510x511S21100511x533S27102493x530
Népal,,3136,M529x510S1ec20472x491S2480a501x492
nœud de cravate,,684,M568x538S36a00482x477S10e22499x521S10e2a469x521S28436535x518S2844e429x519
O,,3571,M508x508S17620492x492
objectif (photo),,2008,M529x523S16d10491x498S1ed18472x478S26b06511x496
obliger,,189,M525x529S10002495x486S15d48476x472S25524494x507
obliger,"point, score",394,M537x519S15d48464x482S10052483x485S2a201517x496
obtenir,recevoir,1829,M521x531S36d00479x470S26504494x502S20500496x520S15d32488x479
occuper,réserver,1595,M539x538S15420523x462S15428461x463S25504523x495S25514463x495S20350524x523S20358461x523
occuper,,2104,M530x518S17618477x502S17610508x502S26a00503x483S26a10470x483
octobre,,2096,M510x526S17610492x475S2e230491x494
sentir,"odeur, odorat",173,M557x521S33200482x483S10002507x501S2ea00542x496
odeur,sentir (odorat),737,M555x558S33200482x483S10e52495x524S2a20f532x537
oeil,"regarder attentivement, voir",119,M542x530S31a10482x483S10000494x500S20600520x507
oeil au beurre noir,,1552,M540x518S31a10482x483S15400525x484
oeuf,,2398,M526x515S18518475x500S18510501x500S20600491x485
oie,,1078,M550x525S36d00479x476S36d00480x521S20500512x505S13250526x493S22504528x476S20500482x506S13258452x494S22504463x476
oignon,,120,M531x530S31a10482x483S10000493x500S22504519x497
oignon,Ostende (ville),2086,M518x542S33200482x483S17610496x511S22f03482x521
oignon,,2388,M561x518S30007482x483S18510517x489S21100509x470S2ea3c546x484
oiseau,petit,2490,M545x535S33b00482x483S19a01509x496S20e00501x514S2ea06520x520
ombre,,1387,M512x535S14c20489x465S29904495x503
oncle,,2106,M527x525S17618477x476S17610508x476S2e508504x498S2e510474x498
Opel,,377,M541x527S10050489x489S1ed18459x488S20e00485x474S2450a510x509
Opel,,2117,M532x524S17620516x476S22a03502x490S1dc02469x500
à mon avis,opinion,117,M521x571S30000482x483S10000486x485S36d00479x520S14c01480x544S20500505x541S22a04488x526
option,,2750,M558x528S14c0a443x505S1d140481x473S20e00459x490S20e00474x499S26506509x485S1d440529x475
or,,2081,M518x525S17600482x490S11a20503x476S26506494x511
or,,3154,M534x537S30004482x483S1eb10510x518S20e00493x520S26502475x519S10012440x520
orage,,285,M554x574S10020536x497S2480c538x533S2ff00482x483S2f700535x567
oral (articulation),oraliste,753,M521x576S33b00482x483S11000502x520S2e500498x549
orange,,1967,M518x537S21800473x525S16d10498x517S33d00482x483
orange,,2493,M543x524S19a02502x496S33100482x483S2ea00528x498
orbite,,2097,M528x533S17610512x490S15418480x487S2d800473x468S2d804475x518
ordinateur portable,,1938,M536x527S15d52471x494S15d3a465x508S15d02471x473S2a50e503x482
ordre alphabétique,,3270,M533x511S1f520467x496S16d10516x491S14710495x489
organigramme,,2085,M541x536S17602500x464S1760a484x464S37706516x471S37706459x471S22a05512x485S22a13473x485S14404515x505S1440c462x505
organiser,ranger,1770,M545x526S15d10507x499S15d18456x498S26506530x509S26516479x508S26b00501x476S26b10456x475
orientation,,1763,M525x535S15d10506x466S1001a475x480S20500495x465S2e120486x506
étymologie,"original, origine",149,M520x527S20e00508x513S15d0a481x497S22a00490x473S10000488x497
origine (nation),"sang originel, veine",526,M535x530S3770b472x484S10a51477x498S21100466x516S20339487x470S27107508x483
oser,pouvoir (oser),1040,M541x512S12940517x488S26502497x498S10e02460x496
otite,,236,M541x548S33010479x483S10011518x500S20e00504x519S22f04516x534
ou,,2405,M539x594S18516520x539S1851e465x539S2df04518x573S2df1c460x573S34d00482x488S30105482x477
oublier,,2167,M545x518S30000482x483S17b02462x458S18502530x459S26606492x456S20e00495x469
ouest,,2095,M518x508S17610502x492S26502482x493
ouf,"rassurer, soulager",962,M521x538S36d00479x463S11e12483x474S21100497x504S22a04497x523
ouf,"rassurer, soulager",1090,M521x545S36d00479x456S13d10491x467S21100504x489S22a04504x508S13f10491x530
Ouganda,,3197,M521x520S15d38480x481S1ef40492x487S20600494x509
oui,,2721,M512x526S1ce40490x474S22e04489x508
oui,,2722,M520x529S1ce40492x472S23704481x508
ouragan,voyage,270,M546x552S10013494x463S10019477x508S2f001525x449S2f013454x532
outil,,694,M528x522S10e31489x489S20349472x501S20500478x488S26b07500x478
ouvrier,,433,M543x529S30007482x483S10601516x482S26a04516x515
ouvrir,,1036,M566x533S12920500x511S12928476x511S22a07528x503S22a11460x503S11e20543x468S11e28434x469
ouvrir,,2346,M549x511S18041501x490S18049475x490S22e06531x493S22e12452x494
Ouzbékistan,,2115,M549x518S30007482x483S17620514x474S2ea00534x468
ovaire,,2712,M537x533S36d00479x468S36d00480x521S1ce14464x503S1ce1c515x503S20500472x489S20500519x490
où,,1403,M549x516S26a02503x487S26a16483x486S14c30525x485S14c38451x485
où,,2422,M546x514S18530521x499S18538454x499S22f02503x487S22f16484x487
P,,1106,M515x527S14020486x497S26900499x473
P,,3572,M516x512S14051485x488
page,,2827,M530x535S1d440501x466S15d39470x475S2a300507x499
page,,3057,M528x533S1ea40502x470S15d39472x467S2a300505x497
paille,,2780,M529x537S33d00482x483S32c00482x483S1d410500x509
pain,tartine,1716,M519x523S15d09481x480S15d01496x478S20e00495x500S22a03483x509
pain français,,2023,M551x510S16d28483x490S16d20500x490S26606521x492S26612449x492
Pakistan,,1103,M570x518S30000482x483S14020541x463S20500495x469S2df06515x470
Pakistan,,2704,M523x529S1ce10501x472S10018499x499S20600477x486
Palaos,,1234,M521x519S2031a506x504S14720507x481S26d02480x481
Palestine,,1169,M527x537S30003482x483S30005482x483S14700513x510S14710474x510S26502493x523
palme,,1244,M542x541S14750517x491S14758470x490S23704503x520S23710458x460
pamplemousse,,1511,M542x518S30006482x483S14e20517x479S22504523x452
Panama,,2182,M539x521S17b10501x494S17b18483x494S26506524x502S26512462x503S20500495x503S22504504x479S22504486x479
panda,,1553,M541x518S31a10482x483S15400526x454S26504525x488
panier,,512,M519x539S37602497x462S10a12492x504S20e00482x489S22f04493x525
panneau signalisation,,1693,M529x539S37602507x489S15d2a487x508S15d00502x462S20600499x528S26a04472x474
pantalon,,3006,M549x530S36d00479x470S36d00479x505S20e00512x518S20e00477x517S1ea03524x495S1ea0b455x495S22f00524x477S22f10452x478
pantoufle,,1847,M528x529S15a58496x502S15d40509x502S21100498x472S2d500493x489S15d44472x496
pantoufle,"social, société",3475,M522x536S20320500x508S20328482x508S20500493x525S2df06502x478S2df1e479x478S20500496x465
paon,,1143,M588x552S2ff02478x483S14420529x485S14428449x485S2880b551x507S28813429x507S14426557x530S1442e412x530
papa,"paternel, père",984,M524x539S36d00479x461S20e00504x476S22f04499x525S11e12491x494
papa,"paternel, père",1117,M518x517S14220489x487S22504482x484
papa,"paternel, père",1174,M533x532S30000482x483S30004482x483S14710519x467S20500495x469S20500495x521S22a04519x500
pape,,604,M561x523S30006482x483S10e10546x493S26502526x496
papier,,1714,M518x522S15d09482x494S15d01495x499S20600488x478
papoter,prendre des nouvelles,2146,M529x527S17630513x479S21d00472x483S2035a513x503S37706489x510S20e00498x515S26a02496x473
papoter,prendre la nouvelle,2148,M532x529S26a02492x475S21d00468x485S2035a509x505S37706485x512S20e00494x517S1bb30511x471
par cœur,,2254,M518x535S2ff00482x483S18002494x487S26a04487x521
Paraguay,,1108,M515x533S14020486x467S2990c497x501
paramètre,,2751,M558x536S14c0a443x497S1d140481x465S20e00459x482S20e00473x488S26506509x477S1d440529x467S20e00477x502S20e00471x515S20e00459x524
parapluie,,3027,M524x541S1ea11496x493S1ea19476x520S20500493x515S22b00498x459
parapluie,,3501,M515x533S20340499x501S20348494x518S20500486x506S22b00499x468
parasol,,1624,M513x539S10008498x509S15452487x492S22a00493x473S21b00496x462
pardon,,1921,M526x521S15d39474x483S15d51477x498S20e00496x496S26a07505x479
pardon,tromper (se),2479,M518x552S30004482x483S19a00485x532S20600488x520
pare-chocs,,2953,M559x518S1e103501x482S1e10b473x482S27504535x494S2751c442x494
parent,,986,M540x541S36d00479x460S22a04511x497S20500513x479S20500498x530S11e32510x517S11e10485x467
parent,,1118,M543x515S14220457x485S14b20520x500S26506494x500
parfois,,382,M575x532S10051496x484S10059473x484S20e00493x468S23704536x488S23714425x485S2fd04487x526
parfois,,1422,M530x537S14c40506x463S14c48472x463S2a408505x501S2a410471x501
parfum,,493,M537x543S36a00482x477S10a00522x515S22504523x494S26602483x527
parfum,,1988,M534x557S26602485x541S16d10517x511S26f04477x524S36a00482x477
Paris (France),Tour Eiffel,629,M542x537S20500496x464S23800501x481S23818483x481S10e11517x507S10e19458x507
Paris (France),,1115,M528x523S15d39475x500S14050499x478S20600472x480
parlement,,226,M527x575S33d00482x483S10010500x515S10018484x515S20500493x551S2df06507x551S2df1e470x551
parler,parole,1088,M550x519S33b00482x483S13d10521x504S22504521x484
parler,,1091,M545x562S33b00482x483S13d10516x532S13d18465x547S22504515x515S22504480x530
parler dans dos,,1884,M533x539S36a00482x477S2ff02478x477S20600489x525S15d4c514x512
parrain,,725,M521x527S36d00479x476S10e50458x474S20500482x495S22e04457x509
parrain,,3240,M546x518S1f510530x477S30007482x483S20e00515x478S26900530x455
partager,,1853,M526x536S15d39475x471S15d40507x465S20e00493x464S2a304502x496
participer,rejoindre,1657,M543x527S16d48458x474S18550472x484S20700465x498S15720525x500S2b700502x480
partir,,1775,M525x535S15d49475x512S15d10506x466S37601511x493S26902485x479S20500500x516
pas,,1805,M524x525S15d21477x475S15d29501x475S26906479x508S26912503x509
pas,rien,3295,M528x553S30004482x483S1f540492x529S20e00478x524S21404492x520S26900512x534
passer,traverser,2337,M526x519S18040495x491S15d3a476x481S20e00495x507S26502474x505
pastèque,,2051,M549x528S16d48482x508S16d40502x508S28907524x494S2891f453x494S17750529x473S17758452x474
patin à glace,patin à roulette,2559,M565x535S19a40515x482S19a48461x515S27103538x465S27111435x499
Paul,,835,M570x523S30006482x483S11510555x493S20500522x494S26502536x493
paume,,1922,M522x528S15d39479x472S15d51482x487S21100502x483S26c09504x508
paupière,,1152,M562x523S31a00482x483S14450520x465S14458459x466S23704523x502S23714440x502
pauvre,,2636,M530x522S1c502475x486S36d00479x479S20e00494x510S2ea00515x488
pauvre (argent),,1608,M536x527S37a06473x505S20356521x499S15402465x481S21100470x513S26606496x474
pauvre (pitié),,696,M533x526S36d00479x475S20e00482x490S10e32483x508S2ea00518x501
payer par mois,,3075,M532x526S1ea47505x474S3780b480x496S37806473x517S15a1a505x512S20600468x501
état,"pays, province",521,M540x526S10a21501x474S10a29467x474S2480c524x497S24814461x498
Pays de Galles,,2449,M510x542S18620491x459S22a04493x493S18b20490x512
peau,,3011,M531x531S30005482x483S1ea10508x510S20800501x521
peau,,3330,M532x518S1f550480x483S20359468x497S21100495x504S2a20f509x494
peignoir,,3000,M538x531S1ea0a479x493S1ea02499x483S2ef03516x503S2ef13463x511S22a07525x469S22a11462x476
peindre,"peinture, pinceau",869,M520x531S11550494x470S23704481x510
peindre,,871,M547x544S11550520x485S11558463x485S23704508x523S23710454x457
pelleteuse,,1522,M533x526S14e50468x474S23004469x508S26604498x486S26604517x486
pellicule,,185,M539x513S10002482x491S1000a462x498S2f001518x487
penser,songer,231,M522x518S30000482x483S10011501x485S21100495x465
Pepinster (ville),,3348,M532x556S30004482x483S1f710492x537S20e00493x521S2ea04517x531
perdre,,1204,M514x537S15a1a487x477S14710495x515S20500496x464S26900494x493
perdre,,1741,M563x522S15d02502x478S15d0a475x478S15d50544x488S15d58438x485S2ef03525x502S2ef13459x500
perdre,,1838,M543x515S15d37520x490S15d31458x492S26602488x485
perdre,,2084,M541x523S17602500x477S1760a484x477S37706516x484S37706459x484S22a05512x498S22a13473x498S21b00528x514S21b00462x515
permis de conduire,,1170,M532x519S36d00479x482S14700518x497S26902494x503S20500479x505
perroquet,,517,M518x518S33200482x483S10a20451x486S26b00449x463
personne,,3108,M510x523S1ed26491x477S22a04492x508
petit,,2582,M570x522S19a52521x478S36d00479x490S20e00509x498S2a20f547x501
petit (en hauteur),,2365,M513x522S18051488x478S22a04494x507
petit (en largeur),,1858,M544x514S15d40525x487S15d48456x487S26502506x494S26516479x494
petit (en largeur),rétrécir,1860,M544x515S15d40525x486S15d48456x486S26a16481x488S26a02506x488
petit (format),,3208,M518x577S31500482x483S1f046495x548
petit (hauteur),,2366,M513x524S18051487x477S22f04488x510
peu,,2417,M526x591S18530501x536S22b04510x561S35700482x483S34d00482x483
peu,,2993,M521x573S1ea01493x552S32b10482x483S35710482x483S22101487x553
peu,,2994,M521x588S1ea01493x567S34d00482x483S22501483x565
peu,,3201,M515x508S1f010486x493
peut-être,,706,M561x543S10e40534x488S10e48451x488S2fd04489x537S23700522x459S23714439x458
peut-être,,1446,M550x538S14c58458x485S14c50519x485S23604511x521S23610450x462
Père Noël,"pharaon, sciences",2036,M518x596S30004482x483S16d40487x525S2d200483x551S20312490x581
phare,,2098,M526x539S17610482x472S15d1a474x520S37601489x487S21d00481x461S2f003505x477
phare (véhicule),,2122,M534x515S17620467x499S21b00471x486S17620518x499S21b00522x486
Philippe,Philips,220,M528x544S30004482x483S10010486x514S20600506x520
Philippe,Philips,1214,M547x534S30004482x483S14712493x520S26a04520x520
Philippines,,1116,M527x543S15d5a473x524S14051485x458S2ef01509x482S22a04481x492S20500482x510
Philippines,,1249,M596x534S30004447x483S14712458x520S26a04485x520S31a10517x482S26506581x495S10002546x495
philosophie,,1097,M550x521S30007482x483S14010515x467S26b04523x503
philosophie,,1375,M567x518S30007482x483S14c12536x473S22532520x462S26a00538x453
philosophie,,2128,M534x518S30007482x483S17630517x476S21d00516x464
phoque,,1678,M555x531S3704e471x470S36d00488x526S15a57532x508S15a5f463x508
TGV,photo,2164,M542x522S33200482x483S30004482x483S17b00524x495S26500528x474S18500516x453
photo,photographe,2175,M545x523S17b10481x479S15d18455x478S18510520x486S26a06502x480S20600462x512
photocopier,,2161,M514x537S17651494x464S21d00493x501S22f04489x483S15d39486x514
phrase,,1418,M535x535S14c40490x466S14c48465x466S20500484x496S26506520x476S2a530492x502
physique,,1114,M551x549S14050514x453S14058456x452S2e600522x492S2e61c449x495S2fd04488x543
piano,,1529,M545x553S14e50512x465S14e58463x465S26c1a471x502S26c0a520x503S22530456x448S22530503x449S2f804482x542
pic-vert,,3212,M530x543S1f410501x499S37609486x488S14c18489x457S20600471x489S26a02508x516
pied,,1444,M544x524S22530457x476S14c50511x493S14c58466x492S22530502x477
pierre,rocher,3323,M524x518S1f550500x483S1f558477x488S20600493x507
Pierrot,,121,M521x606S31a10482x483S36d00479x518S22a04494x534S10000493x502S16d02490x554S21100495x574S22a04494x591
pieuvre,,1609,M519x542S15450501x485S22f00494x459S22532482x477S2f804481x531
pigeon,,951,M560x529S36d00479x471S36d00479x518S20600508x505S20600471x505S11e03530x504S11e0b441x504
pigeon,,2073,M521x523S36d00479x477S17332489x487S20600489x512
pigeon,,3553,M526x526S37600488x491S20351475x475S20359505x476S20600489x515
pilote (avion),,3504,M562x513S20340503x493S20348483x493S27200522x488S27214438x494
piment,,2843,M551x524S33d00482x483S1d402518x481S26a04524x510
ping pong,tennis de table,1844,M521x520S15d40502x486S27202479x480
ping-pong,,1728,M537x512S15d02464x489S2d300498x489
pingouin,,1792,M535x538S36d00471x518S37042471x463S15d14449x511S15d1c516x511
Pinocchio (Disney),,1556,M539x518S33200482x483S15700521x485S26600523x451
Pinocchio (Disney),Stavelot (ville),3174,M545x518S33200482x483S1f410516x439S1ee10519x492S26600526x462
pipe,,2958,M546x525S33d00482x483S35810482x483S1e131521x497
pipi,"toilette, WC",819,M519x521S11500504x479S26f02482x481
pique (carte),,2808,M521x594S1d420492x566S26500501x546S34700482x483
Pisang,"portugais, Portugal, profil",440,M540x546S30000482x483S30004482x483S10610525x484S21100526x513S22a04525x531
pizza,,2975,M542x524S1e140518x498S1e148459x497S26a00512x477S26a10462x476
pizza,,3117,M554x520S1ed40525x500S1ed48446x501S26a00527x480S26a10446x480
plaindre,porter une plainte,2753,M554x520S33d00482x483S26500537x474S1d402526x444S1d102524x497
plaisir,,1311,M531x582S36d00479x520S21100474x538S14c02493x532S33e00483x483S2e500508x555
plante,,3189,M584x526S1ee40501x474S1ee48475x474S1f440555x506S1f448416x508S2880a532x477S2880a531x491S28812448x478S28812448x493S2fd04489x520
planter,,1112,M530x526S14050471x475S23404474x512S26600514x496
planter,,2847,M528x523S1d450473x477S23404472x509S26600512x493
Playmobil,,2226,M553x536S17d46527x489S17d4e460x489S23600514x464S23614448x519
Playmobil,,3096,M539x516S1ed10461x485S26f00492x488S26706497x500
pleurer,,162,M529x533S31a00482x483S10001508x503S10009471x503S22505515x495S22503473x495
pleuvoir,pluie,2655,M552x519S1c511523x467S1c519451x468S2ff00482x483S26a03531x497S26a15450x498
plongeur,,568,M522x554S15d0a479x497S10e00492x463S22510492x446S22b04492x524S20e00510x495
pluie,,1390,M554x518S2ff00482x483S14c20529x481S14c28448x481S26b00527x457S26b10447x457
plumier,,3085,M538x523S1ea51490x494S1ea49462x499S20500491x512S27107511x477
plus (quantité),,701,M509x526S10e40493x496S22e00492x475
plus en plus,,686,M529x517S10e30471x487S29307495x484
pneu,roue,183,M566x517S10002512x492S1000a460x492S2eb00551x485S2eb18434x484
pneu toute saison,,1155,M529x539S20319479x494S14412471x462S21100499x485S2880c515x483S14410507x508
poil,,1646,M579x521S36d00479x480S20500478x486S20500511x486S15702510x503S1570a465x503S1850a424x496S18502564x495S2ea04543x494S2ea1c445x494
poil,,1655,M517x547S15d5a485x528S15712483x495S20500490x516S22f00487x477S18511490x453
point-virgule,,359,M512x566S10050492x454S10050492x504S26500493x434S2a208489x538
pointu,,1649,M568x575S1001a471x560S15710500x549S26506524x559S18510543x558S32c00482x483S34d00482x483
pointu,,3179,M587x569S1ee10506x543S1f410558x550S26506537x550S1001a475x554S32c00482x483S34d00482x483
poire,,1667,M516x539S15d3a485x520S20500497x514S15712489x496S22a00497x478S18550491x461
poire,,2218,M518x578S30004482x483S17d30492x523S22f04490x544S18530491x563
poireau,,1113,M527x533S14050491x488S10048486x503S20e00473x493S26a00500x468
poireau,,2726,M520x544S1ce40492x479S1ce48487x514S23600481x457S20500506x511
poison,,2158,M533x519S17650502x481S17658486x481S21b00468x511S21b00525x511S22a05514x496S22a13476x496
poison,,2584,M527x562S19a52472x523S36a00482x477S37600487x539S19a5a507x522S20500507x515S20500486x515
poisson,,1239,M523x527S14749480x506S14731485x474S20e00477x494S2ea07502x486
poisson,,1843,M512x542S15d40493x477S26500492x459S2a530489x509
poivre,,2047,M521x523S16d48479x503S16d40480x479S23006503x478
poivron,,1581,M552x513S15410463x488S15418448x488S28436484x490S18540526x489
Polaroïd,,2318,M530x522S18020500x507S1ed18471x498S2b701504x478
politique,,1111,M518x526S14050489x475S22f03482x505
pollution,,2734,M639x531S33200482x483S1ce02481x509S14c57599x484S14c5f568x484S26507626x471S26511555x471
Pologne,,1098,M567x518S33200482x483S14010538x485S26a02520x486
pommade,,1927,M521x523S15d51498x480S15d59479x487S21410480x477S21100507x509
pompe,,3525,M522x530S20350503x470S16d48478x493S2a308499x494
pompier,,2960,M532x539S37601518x482S1e132492x465S1e13a500x515S27102469x461
pondre,,2163,M514x534S17652495x487S21b00499x526S22a04496x506S15d5a487x467
pont,,2311,M516x522S18020486x507S2b700485x479
érotique,"pornographie, pourrir, rouiller",354,M543x530S36a00482x477S20500501x519S1004c524x494S2a200520x460
Porsche,,949,M543x516S11e02458x484S26506500x493S12802519x493
porte,,1734,M536x513S15d02486x488S15d0a465x488S23006518x488
porte,,2223,M527x528S15d0a474x485S17d40503x490S20710482x513S22504502x472
portemanteau,,453,M527x513S10610473x487S2920a496x497
Portugal,,3337,M552x528S1f512492x479S36d00479x472S20500494x497S11e50529x498S2b701515x483
positif (morale),,263,M526x524S10018498x494S10012496x496S20600474x482S22a00511x476S22a10481x507
poste,,3508,M512x540S15d39489x517S20341490x461S20500494x505S22a04493x487
poule,"poulet, volaille",590,M555x534S36d00479x514S36d00479x466S10e04514x504S10e0c469x504S20600533x515S20600441x514
poule,,3215,M531x599S33d00482x483S1f420471x514S15d39484x576S1f450502x579S20600491x562
poumon,,2058,M524x534S36d00479x466S21100478x503S21100506x503S16f02501x475S16f0a478x475S22f04499x520S22f14470x520
poupée,,2394,M528x530S18510473x470S15d3a476x511S37601493x485S2e230509x481
pour,,234,M540x521S30007482x483S10011511x491S28108520x465
pour ça,,539,M514x530S10c20491x508S26a00487x487S2f900494x471
pourcent,,2407,M528x521S18520473x479S23f03505x489S2f700493x514
pourcent,pourcentage,2408,M525x527S2f700490x520S23f03502x495S1ce10476x473
pourquoi,,1280,M521x525S14c00487x494S22530479x476
pourquoi,,2320,M516x517S18030486x502S22504485x483
pousser,,1392,M540x527S14c20517x496S14c28461x495S26500521x473S26510466x473
pousser (dent),,3432,M519x550S20310499x485S37601505x500S16d48484x510S24e00493x451S21300482x534
pousser (flore),,150,M518x541S16d48483x500S10000503x480S22a00504x460S37700510x510S21300485x525
poussin,,2369,M523x526S18051477x474S18039477x505S2ea04508x475
poux,puce,3276,M556x512S1f520501x497S1f528475x497S20e00495x489S26b00529x493S26b10445x493
poésie,,1411,M535x535S14c0a466x466S14c40481x498S23706514x496
poêle,,3054,M515x523S1ea40486x502S26a00488x478
Prague (République tchèque),,1326,M545x542S14c02514x460S14c0a455x459S22b04526x492S22b14458x491S20300527x527S20308459x526
premier,principal,3226,M510x531S1f502493x469S2a530491x498
premier,principal,3331,M522x522S1f551479x479S2a20f499x501
primaire,,1248,M529x526S15d48472x474S14750510x475S20e00493x483S2e502502x503
primaire,,1890,M512x532S15d50488x469S2e500489x505
printemps,,2766,M544x516S1d240515x485S1d248456x485S21100476x502S21100511x502
prise de courant,,730,M527x540S10e50511x510S10018481x481S20700474x461S26500513x492
privé,,2585,M528x546S19a52474x465S20500478x497S36d00479x455S19a5a508x502S20500515x533S22b05500x480S22b13484x522
prix,"trésorerie, valeur",2428,M515x541S15d39485x518S1854c489x460S20600487x501S22f04486x482
prix Nobel,,919,M520x534S11950498x508S1ed18480x467S20500504x470S26500502x488
production,produire,2144,M542x528S17630520x512S17638463x512S26a00515x488S26a10458x489S21d00520x473S21d00463x473
profil,,154,M522x549S30000482x483S30004482x483S10001501x485S21100508x517S22a04507x534
profiter,,838,M524x558S30005482x483S11510503x509S26a04497x544
profond,,203,M537x533S10003507x481S25103492x508S20e00487x492S14c59464x468
pronom personnel,,1739,M582x525S15d0a418x492S15d02438x493S2c601463x498S11541558x476S11549540x498S20500549x482
proposer,,1820,M524x533S15d30495x507S15d3a476x467S20500486x488S2b700505x479
prostituer,prostitution,124,M532x530S33200482x483S10000512x500S22504520x482
protestante,,1565,M521x532S36d00479x469S15402487x503S20600489x521
protéger,,2317,M542x539S18020512x498S18028459x524S26500513x477S26510474x504S2f700514x462S2f700476x489
réserver,"provision, réservation",975,M522x535S15d39499x512S20500502x502S11e41495x468S22505479x465
provisoire,,559,M550x548S31a00482x483S10e00505x496S10e08479x496S26a00523x511S26a10450x511S2fd04489x542
provoquer,,2143,M537x535S17630521x519S17638464x519S26600521x482S26610464x482S21b00526x466S21b00468x467
prudent,,610,M525x558S2ff00482x483S10e10510x461S22b03483x500S2f804484x547
prune,,3282,M534x522S1f522491x479S1760a491x506S37706466x513S21100475x492S2a20f511x488
près de,,1731,M524x516S15d02497x497S15d0a477x497S20600489x485
préparer,,1457,M532x539S14c58475x461S14c50501x461S20e00494x490S2e600503x506S2e618468x505
président,,3068,M513x524S1ea02487x477S23004488x506
prêt,,1293,M522x532S37602490x468S20e00478x505S14c01496x488S22a04502x517
psychologie,,1776,M521x530S17b1e479x493S15d10493x503S20710487x471
publicité,,3503,M542x531S20340527x470S20348459x470S27102527x490S27116459x491
puer,,2841,M546x518S33200482x483S1d402518x466S20a00524x494
pull à col roulé,,1318,M521x541S36a00482x477S1ec10478x522S26506506x527
pull-over,,1317,M558x542S36d00479x458S14c02527x461S14c0a442x459S20500511x466S20500478x466S22b04542x484S20500511x500S22b14441x481S20500478x500S14c32527x518S14c3a442x515
punir,,3329,M543x523S1f550498x485S1f558478x491S2ea08528x477S2ea4c457x487S2fd04491x517
punir,,3351,M511x535S20348490x520S1f710491x465S20500493x505S26904490x484
punk,romain,1148,M518x518S30000482x483S14440491x448S2b704470x457
putain,,125,M532x555S33200482x483S10000512x500S25504512x533S22104520x487
puzzle,,3328,M553x536S1f550521x496S1f558457x496S2b901527x464S2b910448x465S2fd04490x530
pyjama,,2999,M554x525S36d00479x477S1ea02528x477S20e00479x486S20e00507x487S1ea0a449x475S23004529x507S23014446x507
pâques,,1024,M540x532S30003482x483S30005482x483S12910512x509S12918465x510S25500527x484S25510463x485S10e10520x447S10e18463x446
pâques,,1032,M518x518S33d00482x483S12920453x494S26500464x475S21b00467x456
pâques,,3385,M548x531S20301512x492S2030b473x486S37703526x508S37703457x469S22b03492x507S22b13453x501
pâte,spaghetti,530,M541x585S10c00501x521S10c08482x521S33d00482x483S27100501x551S27114459x548S2fd04491x579
pâte,spaghetti,3183,M563x550S20e00515x512S1ee20533x507S30005482x483S26a04536x536S22504530x488
père Noël,,1622,M548x518S2ff00482x483S20500494x470S15452488x453S18516533x462S28c0a516x435
péché (religion),,722,M536x533S3770b482x484S20359499x468S10e41511x486S20500486x470S20500475x478S20500465x488S26603492x511
péché (religion),,2387,M541x524S36d00479x476S36d00479x520S20600519x507S18504491x500
pédaler,,1909,M533x543S15d58473x457S15d50510x457S2eb00518x490S2eb18468x490S2fd04488x537
Pékin (Chine),,1095,M527x526S36d00479x474S14000476x496S20500477x484S20500511x484S26506512x512
pénis,,371,M519x539S37700505x514S15a56482x514S23000494x462S10050498x485
pénis,,2064,M531x536S36d10479x464S20500494x496S16f32491x510S25900517x510
pénétrer (sexe),,192,M536x526S10002506x511S21300482x475S26a02487x498S17620464x503
péter,,3441,M534x598S35710482x483S20310519x568S20319486x545S20e00502x560S22e03503x579
péter,,3531,M536x584S20350521x545S20339466x563S20e00468x547S26602485x544S35710482x483
pétition,,917,M533x520S15d39467x491S11950496x494S20e00484x506S2f001512x480
pêcher,,3060,M521x544S37602499x499S22e00490x456S1ea40484x478S1ea48480x523
pêcher (personne),,3059,M523x528S1ea48487x507S20500488x498S1ea40478x473S22e00506x477
Q,,411,M508x525S10104492x475S22a04494x510
Q,,3198,M515x519S1ef50486x482S22a04498x504
Q,,3573,M515x512S1f051485x489
Qatar,,1627,M535x547S30004482x483S15300494x522S20600513x516
quand,,190,M545x516S10002515x501S15d48455x485S20500478x496S26502494x495
quand,,1415,M561x574S14c40511x543S14c48467x543S22b07537x518S22b11445x518S30100482x477
quand-même,,2362,M546x541S18050516x461S18058455x460S22a04529x482S22a14459x481S15d50522x503S15d58459x503S2fa00529x534S2fa00459x534
quand-même,,2517,M545x524S19a10517x477S19a18455x478S25504523x501S25514463x502
quart,,1758,M529x525S15d10472x475S18010499x507S23b0a474x506
quart,,3104,M523x516S2f700509x509S26506508x490S1ed20477x485
quatrième,,655,M513x534S14420491x467S2a200487x506
queue,,298,M524x546S15d5a497x527S37601508x491S10020502x461S27202476x455
qui,,2529,M524x606S19a20496x537S27102501x566S36100482x483
quinze,"sale, salope",1482,M518x588S30004482x483S14c54487x557S22e00491x536S20e00494x521
quinze,,1483,M512x526S22e00492x474S14c54488x495
quitter (école),,1729,M525x571S30000482x483S15d02498x471S15d0a481x552S20e00508x537S21410494x549S22b04497x505
quoi,,2528,M514x535S19a20486x466S27102491x495
quotidien,tous les jours,2502,M546x533S19a10518x513S30005482x483S26a00519x496S21d00523x482
Québec (Canada),,2931,M514x557S1de04487x467S15d39486x534S20500491x522S22a04489x504S2f001493x443
Québec (Canada),,3209,M518x523S1f050483x478S2f005498x502
R,,927,M508x515S11a20493x485
R,record,929,M508x539S11a20493x461S27106492x499
rabbin,,159,M542x548S30001482x483S30007482x483S10001517x489S10009461x490S2950c529x517S29514456x517
race,raciste,760,M563x518S30006482x483S11002536x494S20800521x495
racine,,1338,M524x551S37609476x480S14c08478x450S14c04478x518S25104506x518
racine,,1339,M542x529S14c04500x472S14c0c476x472S25105517x503S25113458x503
raclette,,2259,M569x551S18004503x449S1800c471x449S1801c539x490S18014431x492S18024470x536S1802c502x536S26504515x469S26514474x468S26502518x497S26516467x497S26500517x518S26510473x518
raclette Savoyarde,,1867,M519x533S16d48483x513S15d40482x467S20e00484x497S22a05506x486
radio,télévision,1016,M550x516S12820502x486S12828451x485S26b06532x489
radiographie,,2111,M529x529S17611513x471S22f03498x482S21d03488x496S15d1f471x506
radiotélescope,"satellite, tournesol",1587,M515x548S37601501x471S15417485x453S16d48488x483S2e230492x516
radis,,1634,M542x520S1001a458x505S15310490x495S21300465x480S2a532509x497
raie,,1889,M514x529S15d50495x502S2b900487x471
rallye,,1079,M536x530S13320464x477S2880a495x471S19a20508x487S22a04516x515
randonnée,,3350,M536x525S3704e471x476S1f710516x510S1f718481x509S20500489x496S20500519x496
ranger,,596,M514x544S18258492x529S20e00492x512S10e04493x456S26a04486x493
rapide,vitesse,239,M549x533S33200482x483S10011506x503S2770e524x497
rapide,vite,1262,M533x551S30004482x483S14b10510x525S20e00494x520S26502493x537S2f700476x541
rappeler,"souvenir, technique",572,M540x518S30007482x483S12401518x474S22505502x468
rappeler,,3259,M534x580S30007482x483S1f510519x480S1f548477x556S20500489x548S22b03503x525
rare,,936,M509x528S11a50492x498S22e00492x472
rasage électrique,,1966,M531x556S32a10482x483S16d10506x507S21100492x523S2e500508x529
raser,,752,M547x551S30006482x483S11000521x503S23404510x537S26502498x520S30005482x483S30004482x483
rat,,941,M525x529S15d38475x481S11a50491x487S2dd06509x472S21100510x515
rat,souris,2616,M525x532S1bb50504x481S21d00503x469S15d38476x506S20e00485x492
échec,"échouer, rater",1342,M518x541S33200482x483S14c10442x482S20e00468x494S2df08444x520
échec,"échouer, rater",1963,M538x518S33200482x483S16d10521x491S26500523x470S21600526x455
recommencer,"refaire, répéter",720,M532x531S15d48468x469S10e41506x471S20e00491x478S2a208509x503
regarder,voir,540,M548x528S31a10482x483S10e00506x498S20600526x488
regarder,"voir, vue",541,M542x528S31a10482x483S10e00506x498S26500528x511
registre,,1220,M538x534S15d18462x467S37609462x494S14712474x495S21100480x514S23604499x495
regretter,,3366,M532x518S30000482x483S20300493x465S20600510x475
reine,roi,922,M529x532S36d00479x468S11a11478x474S21100502x497S22a05516x510S36d00480x528
relation,,2717,M523x533S1ce20501x476S1ce4a477x468S20700478x494S27124477x518
religion,,924,M550x515S36d00479x486S20500483x502S11a12496x498S26500536x500
religion,,1768,M520x528S15d10501x483S15d18481x483S20500495x472S22f24487x514
rembourser,,3069,M530x547S1ea02483x524S37806471x469S15a1a503x464S1ea40476x471S20500476x454S26900489x501
remplacer,,2343,M538x520S18040486x489S18048463x481S2c701515x491
remplacer,,2423,M533x514S18530487x497S18548467x486S2c601514x488
renard,Renault,513,M540x518S30007482x483S10a20514x477S22504513x459
rendez-vous,,615,M529x534S10e10514x504S10e18472x504S23817476x476S20500494x466S2380f506x476
rendez-vous,,859,M526x553S11509475x447S11521499x528S26500495x505S26514495x465S20500497x488
rendre visiter à quelqu’un,,2828,M553x534S1d440463x469S15d1a447x493S20500458x487S2a204475x506S15d1a526x493S1d448518x467S20500541x487
repasser,,3519,M520x520S20350505x491S27102481x480
reporter,,2415,M547x518S18520522x483S18528454x483S26506530x504S26516456x504
requin,,1189,M548x552S36100482x483S14710532x494S26500532x475S2e230529x520
respirer,,1325,M566x516S36d00479x485S14c0a467x493S14c02502x493S26a00539x496S26a10433x496
responsable,,1240,M531x521S36d00479x480S14732490x507S14712490x491S20500477x508S20500477x492S22a00518x501
responsable,"titulaire, tutorat",1613,M523x543S15450507x472S15458477x472S22e04506x503S22e14477x503S20500510x525S20500481x525S36d00479x539S36d00479x457
restaurant,,634,M542x581S33b00482x483S10e12506x521S10e1a463x521S27204502x542S27214458x541S2fd04489x575
rester,,3324,M544x518S1f550520x482S1f558456x482S22a04530x503S22a14456x502
retard,,1898,M569x522S15d58463x489S15d50520x489S36d00479x518S36d00480x478S23004544x497S23014432x498
retour,retourner,935,M528x517S11a40513x484S28402472x497
rhinocéros,,2472,M537x537S30004482x483S33200482x483S19210516x489S19218503x518
rhume,,809,M538x530S33200482x483S11500520x500S22504526x481
rhume,,1050,M545x526S33200482x483S12d00522x496S22504527x473
riche,,632,M521x520S36d00479x481S20600463x508S10e11484x490
riche,,1566,M524x524S36d00479x476S15402479x491S20500478x513S26500510x489
rideau,,3037,M544x514S1ea20521x488S1ea28457x488S26a02503x487S26a16484x487
rien,,2606,M539x520S1bb10518x492S1bb18462x492S21b00466x480S21b00527x480
rigoler,rire,1946,M543x520S36d00479x480S16d02492x489S20500498x509S22f00518x490
rigoler,rire,1955,M551x539S36d00479x461S16d02500x469S20500506x489S22f00526x470S16d0a479x509S20500483x528S22f10451x508
rigoler,rire,2938,M522x543S2ff00482x483S1e101497x501S22f03483x522
rigoler,rire,2940,M522x589S2ff00482x483S1e101497x501S22f03483x522S1e10a467x546S22f14466x575
rincer,teinture,2859,M547x525S1d450516x475S1d458457x475S22f04522x510S22f14453x511
risquer,,2694,M578x518S33200482x483S1ce02525x492S20e00520x480S2ea00563x487
rivière,,939,M535x541S11a50519x511S11a58465x510S2dd06519x461S2dd16465x460
riz,,454,M531x547S31a00482x483S10610513x492S10618472x492S2df04510x525S2df1c467x526
riz,,642,M569x534S30006482x483S10e20536x487S20e00520x495S2ea03547x513
riz,,932,M551x527S11a21450x479S19220501x474S10620530x486S26506478x480S23f0a508x505S2f700538x520
robe,,1320,M573x530S36d00479x471S14c02509x490S14c0a459x490S20e00515x518S20e00474x518S2d201547x488S2d210425x489
robot,,1856,M551x536S15d40525x486S15d48456x486S23600512x464S23614449x519
robot ménager,,2666,M518x608S1c540488x544S35800482x483S2a20c495x580
Rochefort (ville),,928,M521x546S11a20486x455S20300486x491S37609480x506S26504507x489
Rolls-Royce,,930,M515x523S11a20486x478S2d504494x514
Rolls-Royce,,2248,M525x530S18001475x492S18009500x492S20700492x515S26520492x471
rompre,,2611,M516x516S1bb37485x492S21b00508x484
rond-point,,196,M511x529S10004489x499S2f001490x471
rond-point,,204,M531x538S10004509x491S2f001510x463S1ed48470x519
ronger les ongles,,1486,M533x589S33d00467x483S36100497x483S14e00474x521S2e230476x557
rose,rose (fleur),925,M573x524S30006482x483S20e00521x496S11a20536x493S2b701554x501
rose,,926,M573x524S30006482x483S21100521x494S11a20536x493S2ea00558x499
rouge,rougir,127,M518x548S33d00482x483S10000486x518S22504505x520
rouge,rougir,2877,M519x545S33d00482x483S1dc00486x515S22504507x518
rouge à lèvres,,3210,M534x567S33b00482x483S1f400502x522S2e500511x540
rouleau de bandage,,1670,M530x517S15a02497x483S15a0a503x500S37806471x505S2ea08480x492
rouleau à pâtisserie,tondeuse,3541,M543x519S20350521x504S20358464x504S26a00516x482S26a10458x482
rouler,,2652,M548x526S1c510518x498S1c518452x498S26900529x475S26910458x474
Roumanie,,186,M553x513S10002496x491S1000a476x498S2f001532x487S2f011448x492
Roumanie,sandwich,1652,M578x516S15710509x484S15718474x484S20500496x489S26a06533x489S26a12454x488S18510553x493S18518423x492
route,rue,937,M533x528S11a50518x498S11a58467x498S26500518x472S26510468x472
roux,,776,M550x544S30004482x483S11011490x518S2c300524x521
roux,,802,M556x524S11052498x477S1103a468x483S2a20f533x495S2a219444x501
roux,,804,M548x521S15d48453x479S11052492x485S21100477x488S2a20f525x500
rubgy,,2067,M540x534S37600497x511S3704e471x467S16f01479x495S16f09519x494S20500526x513S20500483x513
rugby,,1653,M559x550S20500495x490S15711498x474S15715471x498S22a07522x464S22a13463x513S18550534x451S18538441x535
Russie,russe,261,M584x561S30004482x483S10012498x524S20e00484x519S26506533x524S10012553x524S22e04567x543
russe,Russie,923,M522x554S30004482x483S11a12492x533S20e00493x520S26a02472x527
russe,Russie,934,M563x519S11a27530x491S11a2f440x492S2ff00482x483S26a00536x471S26a10434x472
russe,Russie,942,M559x518S2ff00482x483S11a57529x486S11a5f444x485S26a00532x460S26a10438x459
Rwanda,,1538,M532x553S30004482x483S21414492x521S15037505x523S21100474x519S26902478x537
rythme,,882,M527x523S20339501x478S3770b485x493S11551500x498S20600473x488
râler,,1576,M556x563S30c00482x483S36100482x483S15410529x487S15448459x509S23704517x523S23710446x542
râteau,,1167,M535x542S14550509x487S14558467x458S26a04508x528S26a14466x500
règle,règlement,372,M527x524S15d18473x483S10050512x476S20500495x503S20500495x491S20500495x479S22a04513x509
règle,règlement,373,M528x525S15d18473x484S22a04513x510S20500495x504S20500495x492S20500495x480S11a50513x475
règle (instrument de mesure),,2401,M548x508S18518476x493S18510502x493S26506533x494S26512453x494
règle (menstruation),,3320,M533x526S1f550491x483S15d48468x474S20e00488x501S2e500510x499
récemment,,2240,M548x544S18000518x520S20600509x533S36d00479x527S35610483x488S30105483x477
réel,"sincère, vérité, vrai",735,M520x539S10e51490x462S15d39481x516S20500488x504S22a04487x485
réfléchir,réflexion,759,M545x518S30001482x483S30007482x483S11001517x477S11009456x477S22511507x465S22517474x467
réfléchir,,494,M548x543S30007482x483S10a01516x481S2e600519x510
régie,,2865,M554x538S1d450516x488S1d458457x488S27100514x463S27114446x523
régulier,,2730,M548x598S1ce40513x548S1ce48463x547S26606518x582S26616481x582S35810482x483
répondre,réponse,887,M517x544S1155a487x457S11554484x514S20500488x476S22e00483x492
République tchèque,Tchéquie,1708,M540x554S30004482x483S15d01497x527S21404493x519S2ea08525x529
répéter,,721,M533x538S15d48467x462S10e41505x464S20e00490x471S2a308510x502
réseau,,2658,M534x534S1c512486x469S1c516486x500S21100506x491S26900518x466S26914467x516
résultat,,933,M554x534S11a21501x467S11a29474x467S23b04534x479S23b1c448x479S11a50539x504S11a58446x504
rétroviseur,,2341,M553x550S18040522x535S18048447x535S2ff00482x483S26d08521x512S26d18453x512
réunion,,920,M531x523S20500497x477S11a03503x497S2d51f469x478S2d507511x477S11a0b474x497
réveiller (se),,1019,M545x518S31500482x483S12840521x482S12848456x481S22e00528x456S22e10458x455
révision,,611,M540x580S10e10432x522S2df00428x559S31a10482x483S10e00506x498S26500526x513
révolte,,899,M525x518S30001482x483S30007482x483S11900508x464S11908474x463S26900508x440S26910476x439
rêver,,1470,M591x518S14c52538x478S30007482x483S22532521x469S26506576x483
rôle,,940,M538x522S15d18463x493S20500486x494S20500486x511S11a50506x479S2880c526x499
rôle,,3302,M519x521S1f540504x481S15d18482x479S20600493x510
sa,"son (possessif), ses, sien",714,M555x573S35700482x483S10e41519x543S26907536x531
sabot,,2040,M533x520S16d40494x481S15d19468x490S22a03489x506S26906515x483
sabot,,3427,M521x521S20310506x489S15d18479x479S20600492x510
sabot (animal),,3405,M517x556S20304493x469S37700500x444S22f04488x491S15438488x531S20700483x510S20700499x510
sac,,3419,M539x521S20310506x502S36d00479x480S20e00508x487S2ea0c524x496
sac à main,,3252,M528x534S1f510508x491S36d00479x466S21100509x474S2380b512x511
sadomaso,SM,3423,M524x508S20310477x493S14b50501x493
sage,,2316,M531x521S18020501x499S18028470x499S20500495x510S22504487x480S22504501x480
saint,,1053,M548x518S30000482x483S12d02458x457S20e00493x467S26506512x466S1f502533x455
Saint-Gilles (ville),,1054,M577x540S30000441x483S12d02419x457S20e00455x468S26506474x467S1f502495x459S30005524x483S10010539x510S20e00562x527S26900561x505
Saint-Gilles (ville),,1893,M532x572S15a0a396x560S15d50393x530S20e00415x544S26506430x543S30005482x483S10010497x510S26900516x508S20e00517x530
Saint-Josse-Ten-Noode (ville),,1056,M561x518S30000440x483S12d02418x457S20e00454x468S26506473x467S1f502494x459S2ff00525x483S1c512518x448S2d504540x469
Saint-Marin,,2306,M559x518S18020529x479S26a00528x460S2ff00482x483
Saint-Nicolas,,281,M573x550S30006445x483S10020485x483S21100486x517S22a04486x535S30007519x483S14c20550x470
évêque,Saint-Nicolas,842,M543x518S30001482x483S30007482x483S11511518x489S11519456x489S2380f509x459S23817476x459S20500496x449
Saint-Nicolas,,1779,M537x518S30001482x483S30007482x483S15d11514x479S15d19463x479S2380f507x451S23817479x451S20500496x437
Saint-Nicolas (ville),,1055,M583x518S30000440x483S12d02418x457S20e00454x468S26506473x467S1f502494x459S30001525x483S30007525x483S11511558x484S11519503x484S2380f547x455S23817525x455S20500539x438
saison,,1562,M541x521S36d00479x495S15401517x497S15409460x498S20600515x480S20600464x480
saison,,3426,M512x524S20310493x476S2e508489x497
salami,,2534,M539x517S19a20499x483S15d18462x487S20500483x487S20500483x506S2880c527x494
sale,,1275,M522x573S33100482x483S14c00489x542S22530480x525
sale,,1344,M518x533S30002482x483S14c10457x485S20600467x522S36100482x483S30f00482x483
sale,salope,1471,M518x559S30002482x483S30f00482x483S36100482x483S14c10441x487S20b00466x494S28808429x516S14c52443x535
salière,sel,2027,M518x518S16d21498x482S22f03482x497
salle,,2548,M534x542S19a40506x484S20500498x492S38536466x459S2a530510x509
salon,,466,M542x569S30004482x483S10620521x514S20500495x522S2df06522x545
salon,,3463,M544x520S20320457x504S17610490x480S11950522x494S2880a487x503
Salon (Heysel),,1059,M540x530S12d11501x490S12d19474x490S22503511x472S22505477x471S22a05527x516S22a13460x516
salopette,,1049,M557x529S36d00479x472S36d00479x525S20500480x481S20500511x481S20500480x508S20500511x509S12b50528x508S12b58444x508S13f50527x482S13f58444x483
samedi,,3465,M512x526S20320492x475S2e508489x499
sandwich,,2002,M534x583S33b00482x483S16d10497x515S16d18483x544S2ea00519x513S2ea18464x542S2fb04491x577
sang,,2638,M528x538S1c502475x463S20e00488x508S15d0a473x519S21410486x497S22f04503x484
sanglier,,2473,M537x529S19210516x510S19218461x510S30003482x483S30005482x483S20500478x518S20500510x518
sangloter,,1165,M546x518S31a00482x483S14520518x468S14528456x469S26a00519x447S26a10458x449
sans,,1926,M525x522S15d49476x492S15d51492x499S20e00483x478S26507512x489
Sarajevo (Bosnie),,1382,M550x529S30005482x483S14c20518x498S22530508x482S20500507x516
Sardaigne (Italie),sardine,3022,M526x543S1ea10501x486S15a59475x478S21100509x469S26501494x457S2e230507x511
Sardaigne (Italie),,3406,M547x518S30000482x483S20310500x471S21100486x455S26502479x471S2e231520x481
Sardaigne (Italie),,3454,M535x518S30007482x483S20320514x474S26b00508x453
Saturne,,2409,M520x528S15418481x473S18520488x486S2df04499x507
sauter,,594,M525x537S15d39475x514S10e04482x482S20600503x505S22f00477x463
sauter,,800,M527x529S15d38473x491S11050508x502S2b700504x471S20500495x501
sauterelle,,1043,M541x538S21b00474x462S12951513x493S20500500x494S20500482x494S29302465x476S20500462x494S21b00493x462S15d5a507x519S37a06459x523
sauvage,,3418,M521x521S20310477x502S36d00479x480S20e00479x487S2ea0c495x496
savoir,,2228,M548x518S30007482x483S18000518x488S20600509x472
savoir,,2230,M548x529S30007482x483S18000518x488S2df0c526x508
savon,,2481,M518x559S30004482x483S19a00485x535S21100491x522S26a02464x532
scanner,,2056,M526x523S15d3a474x497S16d50493x478S26c02511x496
Schaerbeek (ville),,2208,M531x518S30007482x483S17d20508x467S22504505x451
Schaerbeek (ville),,2304,M526x518S30007482x483S18020496x469S22504494x453
scier,scie,1868,M565x574S17358483x552S15d40503x547S27100525x551S36100482x483
sciences,,469,M537x518S30001482x483S30007482x483S10620516x484S10628463x484S20500495x456S2df06513x457S2df1e467x457
sciences,,2631,M576x568S30004482x483S1c500510x504S26606546x513S2e230519x536
sciences,,2743,M544x547S30007482x483S1d101512x459S25504526x492S1d401519x523
Sclessin (ville),,1051,M518x542S30003482x483S12d01470x515S20600458x500
école,scolaire,1022,M530x518S30000482x483S12910506x462S26a02483x456S21d00458x467
école,scolaire,2375,M528x518S18500504x476S30000482x483S20600477x468
scorpion,,518,M522x518S2ff02478x483S10a20483x449S26900491x423
à l'occasion,sec,2150,M508x525S17640492x475S22a04493x497S21b00495x517
secondaire,,445,M540x519S30000482x483S30004482x483S1064c525x493S22a00526x472
secteur,section,1620,M524x526S15d39477x501S15451477x475S20600498x515S26906506x479
sein,,1568,M553x520S36d00479x480S20500479x489S20500511x489S15402506x505S1540a470x505S26500539x503S26510447x504
sein,,1604,M536x546S15440521x471S15448465x471S26904517x508S26914466x507S36d00479x455S20500520x535S20500467x534
sein,,1644,M579x521S36d00479x480S20500478x486S20500511x486S15702510x503S1570a465x503S26500543x496S26510446x497S18502564x495S1850a424x496
sein,,3534,M529x532S36d00479x469S20500478x477S20500511x477S20350509x494S20358475x493S23004504x514S23014469x514
sel,,2845,M519x517S1d450490x483S21100482x503
selfie,,3361,M580x518S1f910538x461S32107482x483S22502567x462
semaine,,3375,M521x520S20300479x481S37700485x495S2e508498x490
Senseo,,779,M562x537S33200482x483S11020523x493S20e00528x525S26900546x502
sentir,,2421,M541x533S18530516x518S18538459x518S21100475x499S21100513x498S1f532514x467S1f53a475x468
ça ne va pas,sentir (ne pas bien),1302,M568x542S14c01519x480S14c09456x458S2eb00553x483S2eb18432x462S2fd04483x536
sentir (percevoir),,2639,M549x530S1c502507x481S36d00479x471S1c50a467x481S21100476x516S21100515x515S22a00536x500S22a10455x501
sentir (percevoir),,2640,M534x541S1c502506x511S36d00479x460S1c50a465x510S20500513x472S20500476x471S25900511x486S25910474x485
sept,,2881,M541x522S1dc01518x478S14c09460x481S22a03505x508S22a15482x507
sept,,2979,M513x529S1e150488x494S2f900499x524S22e00496x472
septembre,,2962,M562x538S33200482x483S1e140519x494S23f03539x517
septembre,,3425,M510x525S20310494x475S2e230491x493
septembre,,3457,M516x534S20320501x466S22a04501x485S14050485x504
septième,,658,M537x534S14c28463x466S1dc20509x467S2a200514x506S2a218464x506
Serbie,,807,M525x572S30000483x483S36d00479x524S11500491x493S20500495x468S2330c480x531S20500492x561S20500515x536S20500466x535
serrer la main,,1842,M513x524S15d40494x476S22f04488x510
serrer la main,,3452,M513x529S20310493x496S37700500x471S22f04488x515
serveur (métier),,1812,M554x545S36d00479x506S37602520x506S15d30535x496S27102526x455
serviette,,1726,M526x547S2ff00482x483S15d02499x496S26a02509x520
serviette,,2235,M531x540S20600489x529S36a00482x477S18000501x518
serviette de bain,,3481,M543x578S36d00478x519S3770b458x520S37703458x542S37703519x479S3770b519x499S2ff02478x483S20321504x463S20309474x557S23607514x446S23617482x540
seul,"singulier, solitaire, unique",138,M529x515S10000472x485S26606499x496
seul,"singulier, solitaire, unique",3224,M525x513S1f502475x487S26606495x497
sexe,"taxe, X",456,M553x513S20500496x492S26902511x490S26916472x490S10610538x487S10618447x487
shampooing,,1506,M552x518S2ff00482x483S14e10523x485S14e18452x485S27000512x460S27010448x459
shooter,tirer,316,M532x597S10031478x533S37600493x559S20357510x544S26505519x584S35700482x483S34400482x483
short,,2260,M551x531S3860c501x487S38608478x487S18006528x472S1800e459x474S20e00516x469S20e00474x469S2df00530x509S2df18450x510
si,,2491,M518x590S19a01485x542S36100482x483S2df0c493x569
Sicile (région d’Italie),,976,M527x516S11e50473x485S26b06509x489
SIDA,,386,M536x541S10e59465x516S10051483x460S20500483x502S21400521x468S22f04476x486
signer mal,,1424,M536x606S14c40475x536S14c48503x536S2a530517x573S2a530466x573S37600489x567S35a04482x483
silence,,3288,M549x527S33d00482x483S1f540534x502S26902513x511
simple,,1217,M521x537S36d00479x464S14712487x471S21100493x490S22b04491x507
Singapour,singe,2065,M549x522S36d00479x500S20e00475x505S20e00511x505S16f32528x494S16f3a450x496S22f00524x478S22f10448x480
Singapour,,3524,M525x532S20350487x469S22a04488x489S2ef04505x473S15d1a476x513S20500490x506
situation,,1826,M542x525S15d31500x502S15d39476x502S2d606520x476S2d61e458x476
situation,,2416,M533x526S18526500x501S1852e484x501S2d606511x474S2d61e468x474
sixième,,657,M537x534S14c28463x466S1f520509x482S2a200514x506S2a218464x506
skateboard,,1907,M527x563S15d58480x493S15d50501x437S2a408502x470S2a418473x527
ski,,3502,M543x526S20340527x476S20348459x476S36d10479x475S25a04527x496S25a14458x495
Skype,,1579,M597x514S15410503x487S15418487x487S15410582x488S15418404x489S15310543x487S15318446x489S26506522x494S26506561x494S26512467x495S26512425x496
Slovaquie,,225,M538x523S2ff00482x483S10010523x493S10018463x493S27504509x466S2751c466x466S20500495x462
Slovénie,,818,M557x524S2ff00482x483S11500532x494S2eb06525x475
soeur,,3472,M537x513S20320522x492S20328464x493S22f02503x488S22f16484x488
soeur (religieuse),,2282,M538x526S30001481x483S30007481x483S36d00479x522S20500524x512S20500466x513S18010508x480S18018460x480S22a05522x496S22a13463x497
soif,,449,M530x546S36a00482x477S10610489x520S20600508x527
soif,,2774,M549x531S1d402521x491S36a00482x477S20500496x519S26504513x516
Soignies (ville),,3038,M534x530S1ea20488x473S37800502x494S37906473x513S20e00487x518S1ea1a513x507S26a02466x471
soir,,205,M541x550S30000482x483S30004482x483S10010526x482S22a04527x535S21100526x516
soir,,2319,M526x527S18020496x502S2031a491x512S2b700498x473S21100474x497
soleil,"tête, visage",401,M541x518S2ff00482x483S10054492x460S2e600512x451
soleil,,1585,M560x518S2ff00482x483S15411536x449S22f03526x462
solution,,2728,M535x533S1ce40483x468S1ce48466x481S20500490x503S23f04509x469S14c50511x502
sonde spatiale,,2597,M532x530S15418468x505S1a111478x471S2e231505x496S2e708487x505
sonner,,3268,M562x518S1f520532x490S26a00535x471S2ff00482x483
sonnerie (scolaire),,3305,M547x545S2ff00482x483S1f540530x484S1f548456x484S2a530528x512S2a530453x512
sorcière,,3129,M548x518S33200482x483S30c00482x483S1ec10525x493S2b700528x468
souffler,,2116,M529x538S33d00482x483S17620493x522S26500515x520S21b00518x508
soupe,,836,M561x541S33d00482x483S11510546x511S2d204503x514
source (eau),,485,M536x523S10900487x503S16d0a485x477S22f00511x500S21d00514x488S20700464x493
source (eau),,2140,M527x525S17630498x508S16d48481x487S21000474x510S22f00502x490S21d00505x476
sourcil,,161,M546x528S2ff00482x483S2880a501x487S28812478x486S21100527x482S21100463x481S10011525x498S10019455x498
sourd,élève,210,M521x533S33010479x483S10010504x503S30004479x483S20500492x520
sourd,,834,M536x529S33010479x483S11510521x499S20500522x483
sourire,,271,M565x518S33e00482x483S10013508x484S1001b461x485S21100536x474S21100452x474S22a07552x464S22a11439x462
souris,,904,M518x526S33200482x483S11912483x509S22506463x514
sous-marin,,2917,M523x536S1dc40477x498S15d1a478x465S2c701500x507S21414484x488
sous-titre,,1041,M587x514S12940563x488S12948413x489S10e02503x493S10e0a466x493S26a02540x487S26a16446x486
sous-titre,,1042,M582x515S12940500x486S12948476x486S26a06530x488S26a12456x487S10e02552x495S10e0a418x494
soutenir,,3516,M529x528S20302489x513S37706504x519S37601495x473S22a00472x513S20500480x499
soutien-gorge,,3091,M561x516S1ed04501x497S1ed0c474x497S21100529x498S21100459x499S26506546x498S26512440x498S36d00479x485
souvent,,2997,M536x513S1ea01485x491S21d00465x494S2ea00521x488
speedster,,1918,M533x594S15d39478x556S15d51507x554S20600462x545S29202484x580S26601481x527S35700467x483S35700497x483
éjaculer,sperme,2083,M520x540S37700497x488S37706480x499S20312505x492S17600490x472S21b00495x461S20500484x504S2df0c487x519
éjaculation,sperme,3156,M537x609S1eb10496x590S26500506x572S10040506x537S2f700525x577S35700482x483
éjaculer,sperme,3158,M515x538S1eb10486x519S10040495x462S26a00488x499
sport,,2437,M546x536S36d00479x464S37606479x468S20500509x523S20500484x475S18551519x503
sport,,3260,M516x532S1f510500x517S1f548484x468S20e00503x478S22e00499x495
sport,,3261,M518x532S1f510498x517S1f548482x468S20e00501x478S23000493x496
spécial,,2723,M513x532S1ce40491x469S2e508488x505
spécial,,3301,M521x521S1f540480x497S2890a492x479
squash,,3518,M513x538S20350492x462S2a404488x488S2f700496x531
Sri Lanka,,187,M535x517S10002485x494S15a18466x484S2eb00520x485
stade,,2025,M522x531S16d28483x511S16d20500x511S2df06502x482S2df1e479x483S20500495x470
stage,,3409,M541x524S30007482x483S20310514x472S2e208521x492
stage,,3459,M519x520S20320482x480S37700488x495S22e04502x481S2f900505x503
Standard (club de foot),,496,M535x518S30007482x483S10a10520x487S22504519x471
Standard (club de foot),,2605,M541x527S30005482x483S1bb10520x484S21d00521x519
station lavage,,145,M563x534S10000539x481S10008445x481S34500482x483S2eb06531x518S2eb12435x519S26500538x462S26510448x462
statue,,441,M541x563S30000482x483S30004482x483S10610525x484S21100526x513S25104523x530
statue,,2664,M526x534S1c520477x466S15d5a475x500S37601495x494S20600504x492
string,,2477,M519x531S19240481x469S2ad02506x489S19210483x512
stéthoscope,,507,M539x580S33000477x483S10a10524x499S10a18462x499S36d00476x561S20500477x568S20500508x569S18502482x535S26506497x542
sucette,,3077,M547x532S1ea4c521x494S33d00482x483S32c00482x483S22f04522x518
sucre,,788,M541x523S15d18460x477S11022482x481S20600481x505S2a40f513x490
sucre,,3132,M542x521S1ec10481x486S15d18458x479S20600469x510S2a532509x489
sud,,1937,M514x521S15d52487x479S22a04496x506
sud,,3458,M514x520S20320487x480S37700493x495S22a04501x500
suer,transpirer,207,M518x576S30007482x483S10010497x491S21100498x525S25104495x543
suer,transpirer,1163,M564x518S30001482x483S30007482x483S14520511x458S14528465x458S26b00537x473S26b10436x472
suer,transpirer,1164,M554x518S30001482x483S30007482x483S14520511x458S14528465x458S26900538x471S26910446x469
Suisse,,1949,M521x536S36d00479x465S16d02492x474S20e00497x494S23304491x510S16d04466x511
Suisse,,2376,M548x546S18500521x497S33200482x483S2e500525x519
Suisse,,3088,M521x539S1ed02489x468S20e00493x497S23304488x513S36d00479x461
Suisse,,3471,M564x518S20320528x492S20328458x492S2ff00482x483S2ea08549x487S2ea10436x488
support (didactique),,3556,M525x528S20312497x513S37602503x473S20600476x501
sur,,1928,M512x537S15d51489x464S15d59488x514S22a04492x490S20500489x506
surveiller,,732,M528x539S10e50484x467S20348475x502S20500473x489S27206509x462S26626497x523
surveiller,,3122,M558x524S1ed46506x495S1ed4e448x496S26606528x508S26616471x508S26a00502x476S26a10443x478
suspendre,,2199,M533x536S17b58468x508S17b50514x508S22a00517x485S22a10469x485S18550508x465S18558467x465
Suède,,2222,M550x520S17d40471x490S37604466x481S20e00450x491S26a06504x484S18540524x491
Suède,,2227,M522x546S15d1a478x527S17d51493x498S20800491x521S22f00497x479S18551494x454
Suède,,2822,M525x518S30001482x483S30007482x483S1d440477x449S20500477x478S20500515x477S26506509x461
sympathique,,1299,M556x551S36d00479x450S20e00508x458S20e00479x458S14c01507x476S14c09463x492S2ea00541x485S2ea18442x501S2fd04490x545
système,,3473,M540x520S20320502x495S20328484x495S20500496x481S23b04521x498S23b1c460x499
sécurité,,3557,M514x537S20312486x522S37602492x463S20b00487x505
séisme,tremblement de terre,1454,M542x538S14c58458x462S14c50518x462S27106523x497S27116464x498
Sénégal,,3498,M528x525S20340488x475S15d39473x502S21100489x494S2f005508x477
séropositive,,3422,M548x522S20310453x495S10012518x494S10018520x492S20500514x479
sévère,,3522,M520x535S15d0a480x465S20350487x479S21100507x482S2a208484x498S2f900489x530
t-shirt,,1830,M563x519S38600437x482S38604536x482S26506480x490S26512504x490S15d32448x484S15d3a524x484
t-shirt,,1833,M531x528S38600474x473S38604501x473S26506484x514S26512500x514S15d32469x488S15d3a504x489
ta,"tes, ton, tien",468,M518x599S10620482x573S26500490x552S35700482x483
ta,"ton, tes, tien",585,M518x582S10e02488x567S26900502x540S35700482x483
ta gueule,taire,2212,M512x516S17d20489x501S22504489x484
table,,1903,M577x532S15d58483x469S15d50501x469S26606523x478S26612450x477S15d40558x469S15d48424x470S22b04556x500S22b14428x502
tableau,,308,M544x528S10021500x473S10029470x473S20500493x514S24302517x499S2431a456x499
tableau,,2908,M534x524S1dc20509x494S1dc28468x494S26500520x476S26510467x476
tablette,,2678,M524x530S1c550494x470S15d3a477x471S20e00484x496S26a02503x503
taille,,1783,M555x524S15d19468x501S15d11509x500S23607526x477S23611445x479
tailleur,,2739,M541x536S37602460x497S1ce38480x488S1ce51509x464S27103514x501
taire,,2165,M543x523S17b00526x496S33b00482x483S22104522x483
taire,,2166,M543x523S17b00526x496S33b00482x483S22504522x476
taire,,2211,M512x514S17d20489x499S22104490x486
talon,,1659,M518x551S19a48482x450S15730493x486S20500492x473S22a04499x518S18530493x536
tambour,,2988,M550x611S1ea02517x562S1ea0a452x562S23704511x590S23710440x538S34700467x483S34700498x483
tank,,323,M524x534S15a5a497x522S37700506x504S10040500x474S27202476x467
tante,,2798,M550x531S1d410517x469S1d418455x469S2e508527x504S2e510450x504
tantôt,,503,M560x518S2ff00482x483S10a10541x467S26b00533x445
tantôt,,3244,M533x535S1f510492x520S30004482x483S20600511x518
tantôt,,3415,M535x536S30004482x483S20310493x521S20600513x515
tard,,1880,M525x526S15d59486x503S15d41475x495S20e00497x486S26507512x474
tasse,,2824,M557x524S1d440510x496S33d00482x483S22e00540x506
taxe,,1599,M520x545S15d0a480x473S15420504x456S20e00506x487S22b04504x503S21600507x537
taxe,,2812,M552x537S1d420523x463S1d428448x463S10602500x514S1060a474x514S20500495x526S22a03519x491S22a15472x492
taxi,,249,M519x526S10019482x496S10011498x490S20600488x475
taxi,,2748,M544x535S1d120509x465S1d420515x506S1d428457x507S1d128457x465S28804501x493S2881c484x493S20500494x483
taxi,,2769,M572x537S1d320541x463S1d328432x463S19220551x517S19228429x518S1e102501x504S1e10a474x504S20500496x499S22a03530x490S22a15460x490S26506532x522S26512455x523
taxi,,3139,M543x518S2ff00482x483S1ec20501x462S1ec28477x462S26506528x467S26512457x467
Taïwan (Chine),,3555,M521x538S30004482x483S20312506x522S28702469x522
Tchétchénie (région de Russie),,762,M560x522S36d00479x479S11002501x495S1100a471x495S20500494x511S26506532x495S26512452x495S20500550x497S20500439x497
technique,,571,M556x522S30007482x483S10e01518x478S20e00507x468S2ea07535x500
tempe,,233,M532x521S30007482x483S10011511x491S21100518x478
tempe,,1778,M538x518S30007482x483S15d11515x479S21100501x467
tennis,,2995,M537x512S1ea01464x491S2d401498x489
tennis,,2996,M534x512S2d401495x489S20301466x491
terrain,terre,1507,M534x530S14c1f467x491S14e11499x471S20e00490x493S2e500511x503
terrasse,,1219,M542x523S36d00479x478S20600520x488S20600456x510S14712494x487S1471a481x509
Terre,,1508,M533x530S2e500510x503S14e11498x471S20e00489x493S15418468x486
texte,,1513,M524x531S15d0a476x497S14e20486x469S20e00495x519S22b04508x495
Thaïlande,,258,M569x518S33200482x483S10012506x497S2d200543x490
thé,"tisane, vert",739,M526x535S30004482x483S10e52496x520S20600472x520
thé,tisane,2856,M522x540S1d450493x461S16d48478x520S22f04487x497
Tibet (région de Chine),,170,M624x552S31510482x483S10002512x495S26506547x495S1ea00595x487S37700609x508S2ea06599x537
tigre,,1494,M568x551S36d00479x520S14e02500x526S14e0a468x526S21100534x534S21100451x534S26506553x535S26512431x535S36100482x483
timbre,,826,M523x606S33d00482x483S11501498x518S11539475x579S11551495x576S20500485x564
timide,,2250,M552x518S30006482x483S18002536x480S20e00521x494S22f00527x459
timide,,2251,M570x518S30006482x483S18002536x480S21100521x493S2ea00555x485
tiramisu,,1866,M515x538S15d40494x483S15d5a486x514S21414500x530S22e00492x462
tissu,,2344,M575x513S18040523x495S18048448x495S2ea00560x488S2ea18426x488
toboggan,,1887,M520x545S15d50487x491S26600493x455S23704481x524
toi,tu,319,M508x526S10040493x496S26500493x475
toi,tu,358,M508x527S10050493x497S26500494x474
toilette,WC,985,M540x529S36d00479x472S20500492x488S26a04513x515S11e12478x505
toilette,WC,2447,M522x521S18620478x480S16d10505x490S2f700486x514
toit,,1782,M552x532S20500495x469S22b01504x483S22b17473x482S15d11529x509S15d19448x506
toit ouvrant (véhicule),,2269,M546x518S2ff00482x483S18010511x457S27100506x435
Tokyo (Japon),,2905,M531x525S1dc20502x475S1dc28475x475S22f04506x511S22f14469x511
tomate,,1534,M519x570S33100482x483S15000494x505S2e500493x543
tomate,,2792,M515x524S1d410485x496S26a00488x476
tomber,,1395,M570x532S2ff00482x483S14c20526x500S14c28450x500S2b701551x509S2b710429x508
tomber (objet),,727,M511x532S10e50494x469S24b0c489x506
tomber (personne),,595,M564x534S15d39437x511S15d39517x511S10e04452x488S10e33534x498S2a20f467x467
Toronto (Canada),,2253,M521x526S36d00479x474S18002479x496S20500479x483S20500510x483S26506493x512
tortue,,3527,M520x527S20350481x473S37900488x487S16f5a483x495S2f005500x474
tortue de mer,,1908,M530x538S15d58496x511S15d50484x506S21400490x498S2f400520x516S2f402470x511S26620492x463
torturer,,3315,M550x522S1f548472x479S1f540510x479S2ea00535x483S2ea18450x482S2fd04486x516
toucher,,303,M525x537S10009475x481S10021495x516S20500489x464S26500493x490
toucher,,2689,M519x531S1c512486x470S15d1a481x512S20500494x504S22a04506x490
toupie,,2867,M531x520S1d451470x480S1d251505x480S21100472x506
Tournai (ville),,824,M549x518S30007482x483S11501514x486S28108529x464
tournevis,vis,849,M545x515S15d18455x485S11512476x497S2a532512x496
tournoi,,3283,M542x536S1f522496x467S1f50a491x494S2ea12459x506S2ea36517x465S2fd04491x530
tous les dimanches,,425,M526x578S10120471x548S26606496x561S31500482x483
tous les jeudis,,2552,M559x580S20500505x567S15d39484x557S19a40492x543S26626529x559S31500482x483
tous les lundis,,2899,M535x570S1dc20473x540S26606505x554S31500482x483
tous les mardis,,2281,M526x596S18010496x555S15d18477x543S26626490x580S31500482x483
tous les mercredis,,1736,M548x579S15d0a476x540S15d02485x543S21100484x565S26626518x546S31500482x483
tous les mercredis,,2271,M533x527S18010467x473S2e230476x495S26606503x474
tous les mercredis,,2280,M537x614S18010502x555S15d18466x551S20500486x551S20500486x567S23404500x574S26626491x598S31500482x483
tous les mercredis,,2391,M518x585S18510453x533S31500482x483S2e230465x553S26606481x534
tous les samedis,,3461,M522x589S20320472x549S37700478x564S26606492x550S31500482x483
tous les vendredis,,649,M527x572S31500482x483S26606497x556S10e20474x542
toussaint,,1973,M540x519S38600483x482S16d10499x489S20700461x487S26b06522x486
tousser,toux,3246,M542x556S1f510493x541S30004482x483S20e00494x527S21404493x520S26a00515x540S34d00482x483
tout,,1450,M543x516S14c58476x485S14c50502x485S26506528x502S26512457x502
tout,,1453,M547x572S14c58477x539S14c50503x539S26a06533x545S26a12457x545S34d00482x483
tout de suite,,2830,M534x534S1d440505x467S1d448467x506S20b00489x504S22a03496x486
tracteur,,1000,M537x537S12140513x464S12148463x464S2eb00513x505S2eb18468x505
traduire,,736,M522x549S15d39485x464S20500500x451S20500478x483S10e51488x489S2a208499x521
traduire,,1923,M529x531S15d39481x474S15d51484x489S20500472x494S20500497x469S2a20f506x510
train,,478,M534x525S10640518x499S10648466x499S26500520x476S26510466x476
train,,794,M536x534S11040521x506S11048466x507S26600520x467S26610464x468
tram,,451,M568x518S2ff00482x483S10610530x487S26600552x484
tram,,643,M558x518S2ff00482x483S10e20542x470S26600542x435
tram,,774,M548x522S2ff00482x483S11010532x495S26600532x457
trancheuse,,2057,M566x567S16d50504x545S15d48479x540S26f00526x548S35710482x483
transfert de taille et de forme (TTF),,2906,M543x531S1dc20498x472S1dc28457x472S23109523x470S2ee0c508x508
transfert personnel (TP),,2904,M524x538S36d00479x463S20500476x469S20500513x469S25911479x485S25907500x485S1dc20500x508S1dc28473x508
transfert situation (TS),,2907,M533x528S1dc20509x472S1dc28468x472S25515478x509S25503499x509
transgenre,,626,M521x541S36d00479x460S20500494x469S10e11493x482S2df06496x517
transparent,,157,M592x549S31a10482x483S10000494x500S14c0a543x512S26500578x510S20700558x489S10040556x519
transparent,,1412,M526x526S14c0a479x476S14c40497x495S20700474x503S26500512x474
transport,,1906,M517x530S15d58483x503S15d50496x503S21400502x494S26a20484x471
travaux,,798,M527x545S11050507x455S11058474x479S2eb00512x490S2eb10475x513
travaux,,2799,M531x526S1d410499x475S1d418470x475S2ea06506x511
triathlon,,3319,M525x545S1f550477x530S1dc50476x492S11e50476x456S26700509x485
tricher,,717,M519x543S20500492x513S10e41481x458S10e49494x513S22f04485x491
tricher,,2572,M515x537S19a50487x484S19a58486x517S20e00494x507S26a00488x463
tricoter,,331,M550x538S10049479x477S10041501x477S20500495x462S2a40f522x505S2a413450x502
trisomique,,534,M555x518S31a00482x483S10c10512x496S10c18467x496S26506540x503S26512443x501
triste,,1532,M547x546S30000482x483S30004482x483S15000522x477S22a04527x513S20300526x531
trois jours après,,953,M550x531S30005482x483S11e10527x501S20e00509x515S26900529x477
troisième,,653,M513x533S11e20488x467S2a200490x505
troisième,,654,M512x534S18620492x467S2a200489x506
tromper (se),,543,M518x558S2ff00482x483S10e00496x499S27102478x518
trottinette,,1899,M528x524S15d58472x476S15d50502x476S23004503x506
trottinette,,1912,M534x547S15d50509x498S23004509x529S20358467x453
trou,,387,M530x528S14c49481x501S10051500x504S20700501x478S2840f470x472
trou,,390,M531x523S2840f507x479S10051490x501S20700471x508S1ce59470x478
trouver,,2755,M515x541S1d150486x513S1d420485x460S22a00498x493
trèfle (carte),,746,M550x535S30000482x483S20e00495x469S11000524x477S23304520x509
trépied,,2154,M529x515S17640502x485S17648485x485S22a05516x501S22a13472x501
tuba,,2705,M547x539S1ce18480x508S33d00482x483S1ce10498x509S24b00525x506
tuer,,2505,M518x576S19a10478x556S36a00482x477S20500500x521S25900498x534
Tunisie,,1194,M533x518S30000482x483S14720493x458S20600511x475
turc,Turquie,3127,M522x518S30000482x483S1ec10499x462S20600472x470
Turkménistan,,3033,M559x518S30007482x483S1ea20518x481S2ea00544x481
turquoise,,2120,M517x523S17620483x478S2df02483x499S21b00509x511
turquoise,,2713,M526x530S1ce20474x470S2df02474x506S14c00503x479
tuyau d’arrosage,,3044,M547x592S1ea30497x550S1ea38490x571S35710482x483S27126532x551
Téhéran (Iran),,3280,M522x526S1f522483x475S15d39479x503S20600500x489
télécommande,zapper,3362,M520x508S1f940481x493S22502507x494
téléphone,,2562,M532x529S33010479x483S33b00479x483S19a41505x506
téléphone,,2990,M576x518S33010479x483S1ea01525x488S2f001555x486
télévision,,2791,M528x515S1d410472x487S10e20513x485
télévision,,2909,M543x515S1dc20519x485S1dc28457x485S26a02501x487S26a16485x487
témoignage,témoin,2312,M526x520S20600504x489S15a06474x493S18020476x480S37700493x495
témoin,,1796,M526x520S15d20481x481S15a1a475x508S20600504x506
tétine,,2377,M548x536S18500469x521S33d00452x483S34e00482x483S34e00512x483
têtu,,480,M549x601S10631526x533S10659467x581S20e00485x567S26603501x549S30000482x483S1064c489x461
têtu,,481,M534x518S30000482x483S1064c488x454S20600512x470
U,,852,M508x515S11520493x485
U,,855,M511x530S11520492x471S2df04490x509
Ukraine,,2268,M522x532S2ff00482x483S18010458x505S22504456x488S26606492x516
université,,843,M544x518S30001482x483S30007482x483S20500496x460S2df1e465x460S2df06517x460S11511519x489S11519456x489
Uranus,,2803,M529x529S1d412471x473S15418476x504S2c301503x471
Uruguay,,854,M509x535S11520494x466S2990c492x503
V,,644,M508x515S10e20493x485
vacances,,575,M550x520S36d00479x480S10e01474x489S10e09502x490S20600528x485S20600451x485
vaccin,,3340,M532x526S38600505x475S1f512468x479S20e00487x481S2a30f478x497
vache,,2569,M543x521S19a50515x480S30001482x483S30007482x483S19a58458x479S22e04521x503S22e14463x502
vagin,vulve,862,M508x550S11540493x450S11510493x520S22a04493x492
vagin,vulve,2679,M518x534S1c550488x467S21100503x498S15d58482x488S26504501x519
vagin,vulve,2887,M531x525S1dc03501x489S1dc0b469x489S20600489x475S20600490x514
écraser,vaincre,1465,M526x541S14c51475x460S14c39481x514S21100483x495S26906508x472
vaisselle,,1869,M523x527S17b1f477x477S15d40504x474S20e00487x482S2ee08500x504
vaisselle,,3356,M526x534S15d39475x511S21100480x496S1f751477x472S2ea02501x467
Valais (région de Suisse),,1794,M525x530S15d20475x471S2c605486x504S1f750505x507
Valencia (Venezuela),,3346,M518x556S30004482x483S1f710493x522S20500479x516S22a04494x541
vanille,,2782,M535x532S33b00482x483S1d410506x495S21100505x518
vanille,,2795,M555x568S1d410504x492S33100482x483S1d418468x492S28102513x529S28112462x529S28106523x552S28116474x551
vapeur (locomotive),,2131,M571x518S21b00554x468S17630550x499S22f00546x482S35700498x483S35700467x483
vase,,1520,M532x549S14e40506x518S14e48468x518S24b00506x485S24b00506x452S24b18477x485S24b18477x452
vase,,1527,M536x547S14e50510x454S14e58465x454S24b0c511x490S24b0c511x521S24b14466x490S24b14466x521
Vatican,,958,M515x526S11e10492x474S22f04486x512
veau,,749,M518x582S30004482x483S11000493x535S20e00494x520S22a04494x567
veine,,527,M527x530S3770b489x484S10a51494x498S21100483x516S20339504x470S27e0a474x474
vendre,,2435,M546x519S18550521x504S18558454x504S26900526x481S26910459x481
vendre,,2863,M544x527S1d450515x499S1d458456x499S26900525x473S26910458x473
vendredi,,662,M512x532S10e20492x468S2e508489x505
Venezuela,,651,M508x533S10e20492x467S29904494x501
venger (se),,961,M534x532S11e10511x502S11e18466x502S20e00494x518S26600511x468
vent,,619,M550x520S10e10535x485S10e18473x485S27102515x480S27112451x480
ventre,,1720,M523x525S36d00479x475S36d00479x521S15d02496x501S20600472x506
ver de terre,,523,M525x522S10a50477x496S22504475x478S26600509x491
verbe,,724,M540x538S36a00482x477S20600503x527S10e4c525x496
vernis à onglets,,2869,M535x537S1d451498x463S20e00494x492S14c59466x478S2a304512x497
verre (ustensile),,2041,M513x533S16d40494x468S15d39488x510S20600491x493
verser,,2549,M514x528S19a40486x473S2a200488x500
vert,,728,M514x526S10e50493x496S26a00487x474
vert,,729,M513x527S10e50494x474S2ea02488x512
vert,,968,M515x535S11e20485x466S2e608486x502
Verviers (ville),,664,M515x536S10e20491x465S2e600486x503
veuf,,783,M516x540S11020489x472S21800485x460S2e600487x507
viande,,2855,M525x526S1d450496x496S15d1a476x507S20800486x496S26a20487x475
vide,,878,M532x524S11559468x498S11551487x499S21100485x476S27107505x482
épuiser,vider,1466,M520x545S14c51493x456S14c39481x518S2880d497x490S20e00482x502
vie,vivre,558,M538x518S30001482x483S30007482x483S10e00519x485S10e08465x485S20500511x474S20500477x475S28108518x449S28110462x449
Vielsalm (Ville),,646,M543x535S10e20434x505S33200482x483S10620522x488S26900526x463
ville,,436,M528x518S10602501x503S1060a474x503S22e00511x482S22e10473x482
ville,,763,M549x510S11002500x495S1100a472x495S22e00532x491S22e10451x491
ville,,2539,M537x543S19a21515x458S15d39463x520S20500470x508S22b03488x488
vinaigre,,252,M533x518S30000482x483S10012503x485S22504503x468S21100485x465S26502517x504
vinaigre,,750,M518x567S30004482x483S11000492x521S20e00477x519S22f04487x553
viol,,3081,M550x534S36d10479x466S1ea50526x483S1ea58452x483S22e04533x507S22e14450x507S2f700537x526S2f700454x527
viol,,3365,M550x534S36d10479x466S2f700454x527S2f700537x526S22e04533x507S22e14450x507S20350534x488S20358451x488
violon,,2870,M546x585S30900481x479S37603451x521S36d00479x523S37706521x525S3770b524x526S1d451500x529S26c0a508x558S16f39448x501
violoncelle,,3005,M521x560S36d00479x467S3760e491x471S37602459x454S27102452x520S1ea02472x531S16f0a459x441
virgule,,362,M512x531S10050494x469S2a20c489x503
VISA (bancaire),,2429,M514x527S18550486x473S2a208491x499
visiter,,679,M524x531S10e20486x470S2035a500x516S37706476x523S20e00487x505S26a06510x476
vivant,,614,M551x518S2ff00482x483S10e10531x473S10e18451x473S25500524x444S25500538x444S25510459x445S25510445x445
Viêt Nam,,645,M563x541S10e20435x511S31a10482x483S10002512x496S26506548x498
Viêt Nam,,2261,M556x518S30007482x483S18010511x448S23f02528x469S20500516x479
vocabulaire,,3109,M530x528S1ed26470x472S26500495x474S26500495x494S26500494x513S22c04514x481
vocabulaire,,3114,M540x529S15d18460x488S1ed40514x471S20500482x501S20500482x487S20500482x515S2880c499x483S2880c500x507
voici,,1839,M532x589S15d37509x566S15d39459x563S30105482x477
voilà,,2245,M583x605S18008451x532S18000522x532S15d38425x579S15d30564x577S25505542x554S25513442x555S30a00482x483
volcan,,2141,M529x532S17630495x515S16d48478x494S21000471x517S22b00497x481S21d00505x469S22b00513x481
voler,,897,M538x514S11810523x487S26502498x498S11841463x489
voler,,983,M571x519S11e51430x494S1dc50489x482S1f550547x498S26506468x497S26506523x499
voler,,1944,M544x547S30005482x483S16d01524x496S22b03491x523S20e00514x514
Volkswagen,,647,M509x543S10e20492x457S22a04493x493S18620491x513
volley-ball,,969,M562x518S2ff00482x483S11e20533x477S11e28441x478S25500536x446S25500549x446S25510449x449S25510436x449
volonté,,598,M524x580S30007482x483S10e10509x487S10e50508x550S25504510x524
vomir,,1402,M548x518S33b00482x483S14c30522x481S2b701529x454
vomir,,1425,M552x541S33d00482x483S14c40508x509S14c48469x509S2b701533x518S2b710449x517
vous,"votre, vos",379,M529x511S10051471x490S26906511x492
voyage,,522,M518x536S2ff00482x483S10a40481x510S10a48454x510S26600481x473S26610453x473
voyage,,744,M554x542S36d00479x493S20e00467x498S20e00520x500S10e54518x459S10e5c468x458S2ea04539x459S2ea40447x461S2fd04488x536
voyage,,894,M518x531S2ff00482x483S11810475x504S11818450x504S26600471x468S26610452x468
voyage (pays en pays),,1035,M528x527S12920472x505S2890a499x493S22000494x474
voyelle,,620,M523x527S10e10507x497S14c18477x495S20500495x516S26900507x473
Vénus (planète),,309,M539x522S15418461x486S20500480x479S20500480x507S10021495x483S23f02511x501
véranda,,2286,M581x518S18018447x471S18010528x471S32100482x483S26600565x458S26610429x456S18040526x427S18048449x427S22b04565x420S22b14429x420
W,,964,M512x515S11e20489x485
W,,965,M509x515S18620491x485
W,,3574,M509x515S18720491x486
Walibi,,2453,M525x522S18621475x496S22b07501x478
Walibi,,2456,M513x544S18650488x490S26600489x456S2f001492x524
wallon,Wallonie (région),978,M514x527S11e50486x473S23004489x509
wallon,Wallonie (région),979,M513x527S18650490x473S23004488x509
Washington DC (USA),,2442,M616x533S18600507x503S36d00479x483S20e00510x488S2ea00530x507S10110577x467S16d10599x476
Waterloo (ville),,2441,M538x545S30004482x483S18600491x515S20600516x514
Waterloo (ville),,2455,M535x528S36d00479x473S18602505x492S21100499x514S22a03483x508
Watermael-Boitsfort (ville),,1287,M565x551S15d3a436x532S37601455x481S20e00449x524S14c00444x450S28436476x485S37601537x481S20300531x466S26504551x466
Wavre (ville),,2446,M518x556S30004482x483S18612486x534S20e00494x520S26a02468x529
Wavre (ville),week-end,2452,M512x531S18620490x469S2e508489x504
week-end,,2450,M529x515S18620471x485S26506493x501S18b20509x485
week-end,,2451,M527x516S18620473x485S26606497x500
whisky,,966,M527x521S11e20474x479S27206508x481
whisky,,967,M524x521S18620476x479S27206505x481
Wi-Fi,,2593,M542x534S1a010520x468S1a018461x467S2e230523x502S2e230458x501
wok,,2448,M539x528S18620462x472S17610487x486S14010508x472S2df00518x507
Woluwé (ville),,244,M550x528S36d00479x472S10011473x480S10019506x480S37600488x505S20600528x482S20600449x481
Woluwé (ville),,405,M537x532S36d00479x468S36d00479x514S10057516x486S1005f464x486S20600472x521S20600506x521
Woluwé (ville),,947,M522x538S30004482x483S11e02492x515S20600465x523
Word,,2459,M510x534S18b20490x466S29904495x502
X,,3575,M517x518S10640502x492S2a20c483x482
xylophone,,3061,M527x534S1ea48476x491S1ea40501x491S23000502x467S23010474x467S26506511x520S26516476x520
Y,,2595,M510x525S1a020490x476S22a04491x510
Y,,3576,M514x517S19a50486x497S2c630488x483
yaourt,,3070,M518x576S1ea02491x549S33b00482x483S16d48473x556S25900486x524S25900501x523
yeux,,122,M518x532S31a00482x483S10000493x502S26502476x517
YouTube,,2538,M523x524S19a20495x490S1dc28478x494S20600486x477
Z,Zaventem (ville),357,M525x519S10050475x482S2450a494x501
Z,Zaventem (ville),467,M529x517S10620471x483S2450a498x499
Z,,3577,M518x517S10050482x487S2450a487x483
Zambie,,2396,M535x521S18518510x479S18510466x479S37600488x493S20500495x510
zen,,2609,M539x568S31500482x483S1bb30518x540S1bb38459x540
zut,,383,M536x528S10051487x507S10059465x504S20e00478x480S26507521x495S2f900522x483S2f700521x472S21400521x513
zèbre,,3126,M562x535S26506547x519S1ec0c478x516S1ec0c477x477S1ec04502x477S26506546x478S26512440x478S36d00479x465S1ec04503x516S26512441x517S20e00460x478S20e00460x518S20e00530x479S20e00531x520
À,,3581,M510x508S1f720490x493
Ç,,3580,M509x510S16d20492x490
È,,3579,M508x508S14a20493x493
É,,3578,M508x508S14a20493x493
Écosse (Royaume-Uni),,3420,M541x543S20310526x457S36d00479x484S37609520x472S20500514x506S26a02523x516
Éghezée (ville),,1255,M523x536S14910492x464S15d5a496x517S37601502x482S2e230478x481
Égypte,,1236,M536x534S2ff00482x483S14721515x478S14729463x478S21100523x501S21100466x501S22a04523x519S22a14465x518
Égypte,,2283,M553x525S30001482x483S30007482x483S18018458x479S20500513x513S20500477x514S18010512x479S30003482x483S30005482x483S23f02525x497S23f1a447x498
Égypte,,2284,M553x582S30001482x483S30007482x483S18018458x479S20500513x513S20500477x514S18010512x479S30003482x483S30005482x483S23f02525x497S23f1a447x498S36d00479x536S37600488x559S20301475x543S20309505x543S20500523x557S20500468x557
Équateur,,1254,M521x530S14910500x512S14918483x512S2df06501x484S2df1e479x484S20500495x470
États-Unis d’Amérique,,1331,M525x540S14c02494x484S14c0a475x484S20700491x461S2e520488x513
Éthiopie,,3349,M545x518S2ff00482x483S1f710493x466S2e400516x461
Ù,,3582,M508x515S11520493x485
à onze heures,"à vingt-trois heures, à 11h, à 23h",403,M513x529S10054492x499S23000488x472
à une heure,"à 1h, à treize heures, à 13h",140,M518x515S10000503x485S26a02482x486
à deux heures,"à quatorze heures, à 2h, à 14h",546,M519x515S10e00504x485S26a02482x486
à trois heures,"à quinze heures, à 3h, à 15h",547,M524x515S11e00501x485S26a02477x486
à trois heures,"à quinze heures, à 3h, à 15h",548,M522x515S18600504x485S26a02478x487
à quatre heures,"à seize heures, à 4h, à 16h",549,M523x516S14400501x485S26a02477x486
à cinq heures,"à dix-sept heures, à 5h, à 17h",550,M523x516S14c00500x485S26a02478x487
à six heures,"à dix-huit heures, à 6h, à 18h",551,M551x515S1f501529x490S14c09450x485S26a02505x488S26a16484x487
à sept heures,"à dix-neuf heures, à 7h, à 19h",552,M551x517S1dc01528x484S14c09450x487S26a02505x490S26a16484x489
à huit heures,"à vingt heures, à 8h, à 20h",553,M550x517S11e01525x484S14c09451x487S26a02506x490S26a16485x489
à neuf heures,"à vingt et une heures, à 9h, à 21h",554,M553x516S26a16482x488S14c09448x486S26a02503x489S14401525x485
à neuf heures,"à vingt et une heures, à 9h, à 21h",555,M552x515S26a16483x487S14c09449x485S26a02504x488S19001527x486
à bientôt,,3150,M546x529S30005482x483S1eb00522x510S22500521x495
à bientôt,,3245,M528x553S1f510493x535S30004482x483S20e00494x520S2ea0c513x528
à bientôt,,3347,M544x532S30004482x483S1f710524x507S20500495x521S26500525x486S14c40520x448
à mon tour,,3308,M523x545S1f548476x475S1f540508x487S36d00479x456S20500479x522S20500511x534S26504508x515S26514477x503
à suivre,,3322,M530x516S1f550470x484S1f538470x501S26926512x493S20500497x495
à ton avis,,276,M519x577S30000482x483S10020499x486S25504501x520S14c20496x546
à ton tour,,3257,M519x519S1f518481x504S1f510502x504S22e00502x481S22e10481x481
âne,,240,M544x518S30001482x483S30007482x483S10011511x482S10019468x482S28c0b520x455S28c13456x454S20500507x469S20500520x478S20500482x468S20500470x478
âne,,1799,M534x518S30001482x483S30007482x483S15d20515x472S15d28466x472S22504522x456S22504466x456
ça arrive,,2600,M537x643S30d00482x483S1bb00511x549S1bb08454x548S25504518x584S25514455x582S14c30513x612S14c38449x611
ça ne vaut pas la peine,,2483,M518x582S30a00482x483S19a00488x550S27102462x542
ça-va,,1688,M511x525S15d00492x498S26900490x476
échangisme,,3218,M550x558S1f436524x449S1f43e464x449S22112543x443S22116450x445S1dc22487x499S1dc0a479x514S26516483x544S28102467x491
échasseur,,198,M545x536S10004525x487S1000c460x487S22f04520x522S22f14456x522S26500526x465S26510461x466
échelle,,1594,M543x541S15420523x477S15428461x478S21600526x459S21600466x459S22f04518x514S22f14458x514S2fd04487x535
échographie,,3489,M522x537S36d00479x464S21100509x489S20332490x488S2e500487x510
éclipse,,2708,M552x529S1ce18481x471S1ce10499x471S20500496x504S22a01515x503S22a17472x503S1ce10530x498S1ce18449x499
écluse,,1876,M525x585S15d41502x562S15d49478x562S22a20495x539S35710482x483
économie,,740,M540x524S15d48461x487S10e52484x493S20600480x476S2a20f517x503
économie,"économiser, épargner",2852,M526x527S1d450497x474S15d48475x489S20e00496x496S22f04497x513
écouter,,1662,M541x518S31a10482x483S18540512x495S15740521x441S26504527x473
écouter,,1663,M551x518S26504537x475S18540522x497S15740531x443S33010479x483
écraser,,1462,M527x532S14c51478x469S10049479x502S21100474x495S26906509x479
écureuil,,844,M555x550S33200482x483S11511506x499S11519469x499S2e231528x522S2e239445x523
éducation,élever,708,M541x534S10e40521x503S10e48464x504S24b08519x467S24b10459x467
égal (mathématique),,269,M528x529S10012498x493S1001a473x514S26a00499x472S26a10472x494
égorger,,3263,M521x547S36a00482x477S20e00494x521S26606491x531S1f512471x531
égoïste,,2601,M552x524S36d00449x477S36d00510x477S1bb02455x489S20500462x513S14c02513x488S20500529x511
élan,,1351,M540x534S30001482x483S30007482x483S14c10517x475S14c18462x475S2df08519x513S2df10461x513
électricien,"électricité, électrique, électronique",2612,M531x521S1bb40508x480S1bb48470x480S20500494x487S21d00513x512S21d00469x513
électricien,"électricité, électrique, électronique",2671,M535x532S38600481x495S1c502466x469S2a532502x471
électricien,"électricité, électrique, électronique",2702,M531x569S36100482x483S1ce10509x492S27102510x529
éléphant,,1964,M566x518S33200482x483S16d10521x491S2d001542x487
épais,,2214,M540x569S17d20517x554S17d28463x554S2f900517x546S2f900475x546S35700482x483
épais,,2217,M540x580S35700482x483S17d24517x565S17d2c465x565S2f900518x557S2f900476x557
épaule,,1786,M545x515S36d00479x511S20600501x486S15d12518x492
éponge,,1629,M518x514S15301495x486S21800482x506
équateur (terrestre),,2820,M529x535S1d420500x505S1d428471x505S2df06505x478S2df1e480x478S20500497x466S20500495x524
équilibre,,1834,M569x532S36d00479x481S37602521x481S3760a457x481S15d36542x492S15d3e431x491S23108541x469S23110430x515
équilibre,,2288,M562x532S18018439x494S18010532x495S23108530x469S23110443x515
érable,,346,M542x532S37800471x500S14c18461x469S10052474x513S20500458x521S2a50e509x509
étage,,2272,M524x516S18010476x501S28800512x485
étage,,2290,M532x519S18018469x491S18010491x504S28800520x482
étagère,,1266,M560x528S14b20502x474S14b28478x474S26606530x473S26606530x490S26606530x507S26612441x474S26612441x492S26612441x509S22b04514x497S22b14472x498
éternuer,,257,M537x542S33200464x488S30104495x477S30d00464x488S33500489x488S10012477x527
éternuer,,1029,M543x601S30d00457x489S33200457x489S33600495x488S31600501x488S30104501x477S12920455x523S25504465x550S13250455x575
étoile,étoile (classification),2914,M568x556S2ff00482x483S1dc27524x507S1dc2f450x507S22f07547x492S22f11429x490S2fd04487x550
étoile,étoile (classification),3164,M587x552S2ff00482x483S1eb20528x506S1eb28444x508S22f07549x489S22f11427x490S1dc27564x462S1dc2f411x462S2fd04487x546
étoile (classification),,3163,M528x527S26f00488x491S1eb20473x508S26506506x511S22110487x474S22110501x474
étonner,,3213,M541x523S31a00482x488S34400482x488S1f410512x501S1f418459x501S1ee10515x457S1ee18459x457S26500525x483S26510460x484S30300482x477
étranger,,1701,M540x537S30007482x483S15d01516x484S2e00c519x509
étudiant,étudier,1210,M536x548S30001482x483S30007482x483S14711515x479S14719464x479S20600508x465S20600473x465S2fd04488x542
étudier,,2298,M538x543S30001482x483S30007482x483S18017518x489S1801f462x489S20600516x473S20600463x473S2fd04487x537
évaluation,,1134,M514x546S10018493x454S14410490x515S26b00487x492
évaluation,,3225,M520x539S1f502493x461S1f522493x515S23604481x491
évanouir (se),,227,M518x574S30000482x483S10010487x487S24b03466x519S37706456x560S10002437x542S15d5a480x555S20500449x563S37706437x560
éviter,,1232,M529x524S15d48472x477S14720509x482S20e00494x489S2ea02504x509
île,,3166,M573x512S1ee40499x488S1ee48473x488S26502530x495S26516453x495S1eb40549x493S1eb48427x492
