dic_gloss,synonyms,sid,FSW
1,,1703,M507x515S10000492x485
1,,214,M508x512S1f502493x488
2,,1657,M508x515S10e00493x485
2,,1664,M512x515S1dc01489x485
3,,543,M512x515S11e00489x485
4,,1483,M510x515S18e00490x485
4,,1897,M511x515S14400489x484
5,,1675,M512x515S14c00489x484
6,,1524,M527x516S1f524473x501S14c20504x485
7,,308,M525x516S1dc28474x486S14c20502x484
8,,1491,M525x515S11e28475x484S14c20502x484
9,,1386,M524x516S18e28475x486S14c20501x484
16,,1672,M519x517S15d18481x489S20500501x483S1f540504x493
16,szesnaście,2,M513x523S20600488x477S1f502490x489S15d29490x500
17,,1135,M524x517S15d18476x489S20500496x483S1dc10500x487
17,siedemnaście,27,M523x520S1dc01478x481S20600501x494S15d29478x497
18,,893,M524x517S15d18475x488S20500495x482S12410497x487
18,osiemnaście,33,M520x521S11e00481x491S15d29486x497S20600498x480
19,,1768,M523x518S15d18476x490S20500494x482S14410501x487
19,dziewiętnaście,34,M524x518S15d18477x490S20500495x482S14410502x487
90,,383,M527x523S1f70a510x485S20500502x477S3770b489x497S37703505x499S22a00500x508S1444e473x486
1000,,276,M532x528S1f521510x472S22b03483x494S2f900469x523
?,,121,S38902493x464
.,,129,S38802496x464
20-zl,,305,M518x527S1dc02488x499S20300483x512S20e00487x490S26a00482x473
30-zl,,1532,M518x530S11e02488x493S20300484x515S20e00485x485S26a00482x470
40-zl,,405,M516x534S20304486x519S14402485x496S20e00488x480S26a00483x465
50-zl,,271,M516x534S20300488x519S14c02485x493S20e00488x481S26a00484x466
A,,1828,M507x507S20320492x492
a,"a, a",106,S38802496x464
a,"a, a",115,S38802496x464
a,"a, a",133,S38802496x464
a,"a, a",146,S38802496x464
a,"a, a",77,S38802496x464
a,"a, a",82,S38802496x464
Ą,,1646,M515x520S20320485x505S2e500492x480
absolutnie,,546,M572x578S15d21495x545S2f900551x572S15d29484x544S2f900444x573S2fb00494x530S26606519x540S26612451x543S15d27549x545S15d2f427x545S30c00482x488S30306482x477
ach,,2100,M518x517S34700482x482S31400482x482
adres,,584,M538x565S30006482x482S15d10519x484S20600508x552S15d39485x542S1f502497x527S22a03514x516
afera,,438,M535x547S20331491x526S2e711465x506S20351499x525S21100500x509S14c51493x461S14c38477x481S2e701515x453
Afganistan,,42,M519x517S2ff00482x482S1ea51491x457S2ea02488x442
Afryka,,851,M518x563S11e18490x503S2ff00482x482S20e00496x534S26a00487x549
Agnieszka Klimczewska,,2034,M549x533S14c18480x467S14c10500x480S20e00502x467S37a06454x531S37a06501x531S23100521x477S23118451x476
Agnieszka Kołodziejczak,,1891,M526x527S15d48473x485S10042496x498S2f001498x472S37a06478x525
Agnieszka Zając,,2280,M543x579S10000522x494S2ff00482x482S29304523x526S37906465x577S37906503x577
agresywny,,1925,M553x585S30c00482x482S35600482x482S14e02498x527S14e0a479x551S23600514x549S23614459x521S21100532x530S21100468x538S2f700502x578
aha,,108,M539x528S36d00479x472S20e00503x482S1f036513x481S23404502x514
aha,,669,M545x595S2a603509x556S20e00515x530S1f036525x529S1f451515x574S30a00482x488S30104482x477
akcja,,554,M547x516S2ea09526x494S1f701512x483S2fb00491x486S2ea11452x494S1f709467x484
albo,,1202,M525x520S20331475x488S20351476x495S20500487x480S20337504x493S20357503x499S20500513x482
ale,,1299,M527x520S1f524473x505S1dc20497x489S20500488x498S22e00510x479
ale,,2110,M542x536S33e00482x482S31900482x482S10010527x506S26500527x496
ale,,432,M551x550S10020531x520S30d00482x482S26c02536x507
Aleksander Kwaśniewski,,459,M535x553S35610482x482S1ea10510x500S20e00520x490S2df04514x522S37a06486x551
Aleksandra Kalata-Zawlocka,,1245,M542x517S33e00482x482S1ce10503x473S22f03521x489
alkohol,,1734,M541x529S36a00482x477S18200510x514S20600519x497
alkohol,,2250,M534x538S36a00482x477S1bc17506x514S21d00516x508
Allah,,1678,M556x584S2ff00454x483S10020435x510S26700426x463S2ff00510x481S15d20536x524S15d28503x525S15d50537x557S15d58503x557
alleluja,,1819,M541x517S20320526x494S32107482x482S26500526x473S2f900527x464
ambasada,,514,M541x554S36d00479x446S2f900526x549S2f900527x492S26500525x504S20340526x472S20340524x526
ambasador,,1327,M541x554S36d00479x446S2f900526x549S2f900527x492S26500525x504S20340526x472S20340524x526
Ameryka,,1629,M547x538S14418509x507S26900531x518S20e00496x521S2ff00482x482
Ameryka,,2008,M530x539S2ff00482x482S14710494x517S20500507x513S26500514x522S2f900519x512
amerykański,,1105,M559x538S14418508x507S2ff00482x482S20e00495x521S26b00532x518
Andrzej Kopeć,,1337,M534x522S11857506x491S11859466x501S22120512x480S22120478x486S2fb00496x478
Anglia,"Wielka Brytania, Anglik, angielski",1289,M553x522S36d00479x493S17832527x478S23004521x504S20500543x490
Anglia,"angielski, Anglik, Wielka Brytania",313,M549x527S36d00479x483S14e00524x473S2ee00521x504S20500512x492
ani,"żaden, żadny, wcale, w ogóle",1181,M534x577S2f900523x572S20320495x519S29b04512x528S2ff33479x482
anioł,,440,M547x534S36d00479x466S20500483x516S20500509x516S2f900482x529S2f900508x528S37806452x498S19a5a476x484S37806515x497S19a52505x484S2ea18455x469S2ea00530x468
Antarktyda,,1663,M535x572S2ff00482x483S21410492x551S14c18510x541S1f540493x521S20e00522x519S26520521x499
Antarktyda,,1700,M536x567S1f510492x518S26520522x523S14c19496x540S20500493x535S20e00510x516S2ff00482x482
aparat słuchowy,,2125,M546x527S33010479x482S10650523x480S22e04529x509S20500510x478
aparaty słuchowe,,2126,M546x540S20500514x479S10650525x491S22e04528x520S33000476x482S10658452x494S20500472x481S22e14453x522S2fb00493x525
apaszka,,2220,M571x550S36a00482x477S1ea11507x517S1ea19476x525S2e700539x518S2e718458x525S26506556x527S26512437x530
apostoł,,408,M549x525S36d00479x475S1f540508x501S2f900528x497S2f900528x519S26500535x503
Arab,arabski,1481,M522x517S30000482x482S20320493x470S20500512x473
arkusz kalkulacyjny,,259,M575x528S15a00443x472S18010449x481S20500426x475S20500427x488S22a04462x500S14c02544x473S14c0a489x472S22512533x473S22516518x473S22b04556x498S22b14495x497S2fb00526x505
ateizm,,1030,M552x557S15d39418x522S15d51415x534S20e00441x506S26607440x521S15d20533x491S2ff00482x482S2e500521x462
ateizm,ateista,2009,M629x586S12d02462x548S18210496x555S30326482x476S15d39542x548S15a41550x547S27101525x522S21100557x524S15a20614x498S2e500606x463S26506489x572
audiogram,,2116,M535x591S2ff00482x482S15410520x487S15414463x487S10021503x535S10029471x535S24302507x562S2431a474x562
audiometr,,2121,M535x517S2ff00482x482S15410520x487S15414463x487
aureola,,794,M518x517S32100482x482S2ea02487x442S10c52489x461
aureola płonie,,585,M536x517S32100482x482S2ea02511x471S14c20490x449S22520485x436
Australia,,1815,M540x533S2ff00482x482S20e00493x519S14c18507x500S26900524x515
Austria,,1075,M525x525S16c10475x485S16c18505x485S3770b483x503S37703494x503S20500495x494S36d00479x476
Austria,,1403,M543x525S36d00479x476S20500495x494S3770b483x503S37703494x503S1e102469x487S1e10a507x487S21800525x485S21800458x486
auto,,548,M530x521S20301469x500S20301509x500S26500513x478S26510473x479S2fb00491x495
autobus,,1044,M524x539S16d10492x479S16d18483x500S27110476x524S27100483x460S20500494x498S2fb00509x501
autobus,,1339,M573x554S2ff33479x482S16d08526x513S16d20547x513S23100547x537S23110521x537
autobus,,2010,M547x534S36d00479x466S20341526x495S20600523x523
autobus,,524,M528x520S16d10498x479S16d18489x500S26500514x485S26514473x504S20500500x498
autobus,,919,M539x534S20301461x513S20307518x511S26710462x465S26700519x466S2fb00495x510
autor,,988,M532x518S16d10515x473S30007482x483S26500513x451
autorytet,,989,M530x534S36d00479x467S15a30516x507S22b00514x475
autostrada,,1908,M558x526S10e04511x474S10e0c479x474S26900506x507S26904524x507S26900542x508S26910460x506S26914443x506S26914479x507
Azja,,1187,M532x526S31900482x482S10011511x496S10019468x494S26506516x490S26512468x489
Azja,,35,M552x532S1dc18511x499S26900536x512S20e00495x520S2ff00482x482
Azjata,,1189,M532x526S31900482x482S10011511x496S10019468x494S26506516x490S26512468x489
B,,706,M506x513S15a20494x486
babcia,,1192,M531x543S20600509x516S1f702493x523S2ff00482x482
bać się,,2011,M535x519S20340520x495S20348466x497S26a02500x492S26a16486x492S2fb00491x481
badanie,,1042,M564x517S2a612458x492S2a612474x492S2fb00493x496S2a603510x494S2a603526x494S11850541x483S11858435x483
badanie,,131,M529x523S20600470x498S21400500x503S15a0a495x511S1180e502x476
badanie słuchu,,800,M620x540S2ff00482x482S15410520x487S15414463x487S10a20550x514S2920a589x504S2920a564x503
badminton,,1313,M550x517S20340525x502S2ff00482x482S26b00523x482
bagaż,,2012,M528x518S10e59472x493S10e51489x488S20600506x482
bajka,,1152,M539x546S2ff00482x482S10001516x516S10009460x513S2fb00492x531S2da06523x487S2da1e458x488
bal,,1082,M526x618S33e00482x482S26626493x602S15d0a481x532S15d02499x552S26626493x577S26622490x589
bal,,2013,M534x524S15d39465x494S20500524x493S15d39495x501S20500491x487S10e14472x476S10e04502x480
bal,,2014,M534x551S33e00482x482S17500506x527S17508471x527S26504520x497S26514463x501S20500510x515S20500480x514S21b00526x519S21b00464x522S2fb00492x545
bałagan,,590,M560x569S2ea18473x543S2ea08529x526S35904482x482S10002497x533S1000a490x554S2ea08545x527S2ea18456x543
bałagan,,850,M544x575S14c02496x527S14c0a492x552S35904482x482S2ea08529x526S2ea18473x543
banan,,1407,M528x527S20348486x512S1ea10499x501S2b702471x483S2b700485x473S2b707503x482
bandaż,,223,M521x520S18240497x505S18248479x493S2ea08497x479
bandaż,,3,M525x521S11542495x506S1154a475x494S2ea08498x479
bank,,1648,M527x527S20350472x511S20350512x512S20320474x482S20320512x484S2fb00492x473
baran,baranek,2161,M540x517S2ff00482x482S20320525x490S20320458x491S2ea08525x459S2ea18458x460S2fb00493x473
bardzo,,773,M550x541S2ff00482x483S15a00524x489S2f900539x498S31b00482x482S2df0c518x520
bardzo dawno,,490,M551x544S36d00479x526S15d00532x476S22114525x508S2b704522x520S2b704537x520S31b00481x482
bardzo mocny,,1467,M540x566S1f700520x538S1f708463x539S30c00482x482S2fb00495x560S26f02505x522S26f16487x521S35000482x482
bardzo nie lubić,,650,M550x553S34200482x482S14c32519x529S2e500490x524S21100476x528
baron,baronowa,2266,M512x530S2e300489x469S15a20495x503
bawić się,,2015,M550x540S33e00482x482S30005482x482S10011512x510S2e000529x494S20500518x496
bawić się,zabawka,1583,M541x564S33e00482x482S18536520x518S1853e470x539S23100515x547S23110464x519
bazylika,,397,M551x537S10011461x506S10019449x505S20500459x495S20500522x462S17d20528x522S17d28504x522S2df06529x497S2df1e503x499S17d00526x476S17d08502x476S2fb00517x493
będzie,,339,M514x524S15d10490x497S26b00487x476
będzie,,767,M512x530S15d10493x492S2f900494x525S26900489x470
Belgia,,350,M544x517S30006482x482S15a10518x490S20e00514x478S26500530x491
benzyna,,1521,M533x532S20348490x517S1f521511x467S2380c492x486S21000468x503
Berlin,,1186,M518x517S30000482x482S10020497x456S20500484x473
Berlin,,1723,M524x517S30000482x482S20500484x473S19a18496x466
Betlejem,,1139,M519x535S14c11493x482S14c19480x482S20700492x464S2e020489x506
bez,,1570,M523x526S15d39479x491S15d51476x503S20e00502x475S26607501x490
beznadzieja,,1871,M559x583S1f523523x511S1f525456x511S22c03526x526S22c15444x527S1f524515x568S1f524476x567S35000482x482S2fb00494x550
bezpieczeństwo,bezpieczny,1966,M551x518S36d00479x484S15a10522x491S20600529x482
bezpośredni,,60,M520x537S15d18480x488S15d10501x510S20e00486x520S26700495x463
bezradność,,1921,M528x589S35904482x482S14c02496x538S14c0a477x538S20500496x529S2a603511x562S2a612478x561S2fb00497x583
bezrobotny,bezrobocie,1973,M555x529S15d39455x494S15d51444x506S26607481x471S20e00474x508S20300515x488S20302515x509S20600533x500
bezsens,bez sensu,1935,M580x525S15d39419x489S15d51430x497S26507448x487S20e00455x501S10039478x490S10051499x490S10059530x497S10031559x495S20500497x475S20500557x476
Biała Podlaska,,602,M659x529S17800523x476S22f04521x497S20e00506x486S36d00479x481S14c18584x472S14c10610x484S20e00600x491S22b10559x474S22b14570x477S22b04643x479S22b00629x478S37a06519x527S37a06567x527
Białoruś,"Białorusin, białoruski",1820,M578x553S33100527x482S1c500548x483S20500540x495S24904535x517S36d00437x499S17800481x494S20e00464x504S22f04479x515
biały,,1034,M546x523S17832525x478S22f04521x509S20e00506x498S36d00479x493
Białystok,,1774,M621x561S17832488x502S28802579x484S20e00475x521S36d00441x512S16f10597x497S2ff00523x482S37a06550x559S22a04485x532S37a06455x559S37a06502x559S16f52563x497
Białystok,,2016,M624x538S36d00479x478S18032527x465S17118564x477S1714a604x484S2880a581x462S20e00537x494S22a04525x501S37a06480x536S37a06527x536S37706573x536
biblia,,2017,M519x521S15a18482x484S15a10496x494S20600497x479
biblia,,2018,M561x527S15a18439x489S15a10453x500S20600455x486S15a10522x492S15a18509x492S2e01c485x493S2e004540x493S20500518x482S2fb00515x474
biblia,,756,M560x522S15a10523x495S2fb00516x477S20500519x485S15a18512x495S2e008539x491S2e010487x493S15d39440x493S15d51453x499S20600449x479
biblioteka,,482,M574x529S15d10518x473S26606540x485S2fb00456x475S26f00534x470S20500459x486S15a10464x502S15a18451x502S2df04479x504S2df1c426x505
bić brawo,,1809,M527x514S15d39473x488S15d51480x491S20c00499x486
biegnąć,"biec, pobiegnąć, pobiec",820,M539x539S1bc57497x488S1bc59461x495S21d00502x520S21d00463x525S26607517x461S26617481x470S2fb00487x533
Bielak,,670,M552x518S17800523x482S20e00506x492S36d00479x487S22f04527x504
Bielsko-Biała,,138,M572x524S17800523x476S22f04521x497S20e00506x486S36d00479x481S22f04546x497S37a06476x522S37a06524x522
biernik,,238,M521x527S36d00479x497S2df00455x473S14411462x499
bierność,bierny,1934,M532x592S35904482x482S18030502x540S18038461x540S22b04516x562S22b14466x562S2fb00491x560
bierzmowanie,,1435,M534x530S2ff00482x482S20500503x499S11511509x503
bierzmowanie,,1749,M538x526S11511513x499S20500518x485S30006482x482
bilet,,1239,M532x529S1ef40503x483S1ef48469x483S26a02513x502S26a16475x502S2fb00494x510S20500496x472
biologia,,1326,M538x535S36d00479x466S15009467x477S15001510x477S2e50c506x508S2e514470x506S2fb00493x498S20e00497x476
biskup,,1792,M547x517S2ff00482x482S15a10535x483S15a18451x481S2390f513x455S23917467x452S20500494x449S2fb00491x468
biuro,,1147,M522x521S36d00479x480S1ec10499x491S20500488x489S20500489x510
biznes,,1849,M519x516S10c11489x484S22f03482x495
błąd,,1826,M546x530S30007482x482S19a00514x485S2df0c525x509S20500507x471
blady,,990,M531x545S31400482x482S15a10518x492S30006482x482S22a04517x521S21100518x477S2f800483x534
błędy,,1380,M545x538S19a08454x485S19a00517x485S2ff00482x482S2e00c524x510S2e014458x509S2fd00488x527
błędy,,1558,M545x539S2e00c524x511S19a00517x485S2ff00482x482
błogosławieństwo,,1290,M550x547S2ff00482x482S15a10526x485S22b04524x517S26606520x521
blondyn,,2178,M547x537S30007482x483S19a01519x483S29504524x506
bluzka,,2212,M531x532S36d00479x469S1f511503x474S1f519472x474S2390c499x502S23914478x502S21100518x492S21100464x494
bluzka,,2259,M533x538S36d00479x462S14c02502x480S14c0a470x481S20500517x501S20500478x501S20500479x525S20500517x525S22b24496x508
Bochnia,,1118,M524x525S27122506x476S21100487x475S1ea50478x489S37a06476x523
bocian,,1698,M529x517S33100482x482S1f010498x497S22104500x485S26600513x465
Bóg,,1348,M545x519S2ff00482x482S15a20529x492S2e300522x460
bogaty,"bogactwo, bogacz",2019,M540x531S36d00479x503S15400525x506S26500523x481S2f900524x469
bogaty,,1730,M528x554S31900482x482S15000490x523S20500480x521S26500514x530S2f900516x521
Bogdan Szczepankowski,,1104,M543x524S20357458x503S14c51471x496S18551516x475S25907490x487S25907498x497S20e00466x484
boks,,1142,M542x531S20340503x494S20348483x469S27110457x491S27100502x474S2fb00480x525S2fb00489x524
boks,,2020,M552x537S1f702524x464S1f70a462x465S26702508x490S26712448x489S26706510x505S26702509x521S26716449x504S26712449x519S2fb00493x482
ból,boleć,636,M518x555S33b00482x482S15000491x524S20600469x531S31900482x482
Boże Narodzenie,,379,M526x526S15a07503x484S15a21474x475S24905494x495
brać,,288,M512x545S14c50488x454S26604492x492S20350493x530
brak,brakować,1984,M520x530S15a48481x475S11840494x485S26a04493x516S20e00495x469
brat,,1437,M594x525S26500529x485S10020522x493S20e00514x480S30006482x482S10050579x495S10058561x495S20500571x480
brat,,551,M599x525S26500529x485S10020522x493S20e00514x480S30006482x482S10050579x495S10058561x495S21100572x455S27120560x474
brawo,,461,M527x514S15d39473x488S15d51480x491S20c00499x486
brązowy,,1382,M524x517S33100482x482S1f500496x500S20600502x490
Brazylia,,1389,M533x546S2ff00482x482S15a10519x485S29204519x515
Bruksela,,280,M529x528S1100a470x496S11002502x496S20600488x479S2fb00491x472S37906479x526
brunet,brunetka,2180,M564x524S2ff00518x483S15d01541x496S22f03528x503S36b00446x482S1eb10482x492S20800484x478
Brzesko,,19,M522x526S36d00479x475S15d1f480x480S22b05498x502S21100507x490
brzydki,,1451,M544x520S33100482x482S14c10452x489S35100482x482S17510523x500S26602480x498S21b00518x491S31900482x482
buddyzm,,1449,M550x560S30104454x477S15a18461x533S15a10473x533S20500467x525S30000510x487S1f51c521x470S20500540x481
Bułgaria,"bułgarski, Bułgar",1009,M529x528S16e36480x492S18010472x489S20500497x506S2e208505x471S37a06481x526
bułka,,97,M527x523S16e36482x498S18010474x495S20500499x512S2e208507x477
bunt,protest,1938,M540x538S14c20517x463S14c28459x462S2df00518x504S2df18462x501S2fb00490x485S2f900523x533S2f900464x531
burza,,393,M554x575S35000482x482S10020536x487S10028452x488S24a04533x528S24a1c453x524S2fb00494x549
but,,1157,M517x521S20350485x479S20358483x500S26504501x478S21100502x499S21400502x516
but,,927,M523x521S20350478x478S20358476x499S20e00497x509S26a04496x480S21400495x501
buty,,2202,M541x522S20350462x480S20358460x501S26504479x478S20e00479x502S20350521x481S20350526x500S26514504x479S20e00511x501S21400509x517S21400478x517
być,jest,1012,M522x518S20348491x503S20350492x481S26500508x483S20e00478x493
być ciemnym,"ciemniak, nieoświecony",797,M525x517S31400482x482S33b00482x482S15a01502x477S2a603482x455
był,,1050,M562x508S36d00479x498S20500522x497S17800536x491
C,,537,M510x510S16c10490x489
Ć,,162,M510x519S16c10489x498S22a04497x480
cel,,1936,M513x547S15d3a486x453S10040486x517S20500494x477S26500492x493
celownik,,789,M521x530S36d00479x471S11e11465x476S2df04471x509
cerkiew,,1465,M524x522S10012475x494S10018479x489S21100486x477S2a602507x499
CH,,1855,M518x515S12220482x488S22a04505x485
chadecja,,821,M514x509S1ea51486x490
charakter,,1980,M536x542S14c39464x515S14c51509x458S22b03490x490S22b03503x499S20500465x501
chat,,958,M527x527S26a14500x478S2fb00500x499S10040477x497S26a00496x513S10c0a472x473
chcieć,pragnąć,101,M530x534S22a14476x504S22a04512x504S15030470x466S15038504x466S2f900476x527S2f900512x529S2fb00493x508
Chiny,,185,M524x567S33b00482x482S1ce42494x538S1ce4a475x536S22b04505x509S22b14479x509S2fb00492x561
chleb,,2228,M527x525S17801488x492S1810a482x513S22a04494x475S21410472x507S21100514x504
chłopiec,"chłopak, mężczyzna",1112,M553x530S26a00526x499S10020520x500S20e00521x484S32a10482x482
chłopiec,"chłopak, mężczyzna",1624,M552x530S26a00525x499S10020519x500S20e00520x484S30006482x482
chmura,,125,M549x517S32100482x482S15420509x441S15428483x449S2e500526x448S2e518453x465S2fd00488x432
chodź,,1471,M557x528S30101482x477S32406482x488S18017537x503S22100532x491
chodź,,1647,M518x543S30107482x477S32402482x488S22100450x510S1801d446x523
chodź,,1729,M518x560S31400482x482S22100490x532S18000485x545
chodzić,,912,M526x520S15d39475x489S12250486x493S20e00477x480S26a07505x484
chodzić,przychodzić,1636,M539x515S15a40486x484S10050524x485S26a02505x487S20600460x493
choinka,,651,M529x549S15d40502x461S15d48482x461S28905502x494S2891d472x494S2891d474x519S28905502x520S20500497x450S2fb00494x543
chomik,,2099,M541x523S33c00482x482S15011512x495S15019464x496S21800523x482S21800459x485S2fb00493x471
choroba,,729,M522x519S11549477x491S11541490x492S20600500x481
chory,,509,M522x519S11549477x491S11541490x492S20600500x481
chować,schować,2021,M522x544S15a56495x493S18232493x521S2c700477x489S15a50488x455
Chrystus,,1397,M570x551S1ec20514x519S2330a544x521S1ec56547x488S2ff00482x482
Chrystus,,624,M541x517S30000482x482S2330a515x468S1f540494x486
chrześcijaństwo,"chrześcijański, chrześcijanin",233,M514x509S1ea51486x490
chrzest,,1261,M530x542S1ea51494x499S37606470x458S23004505x524
chudy,,2187,M535x545S21100467x490S10611512x498S10619464x500S26902515x528S26916469x529S21100520x489S30002482x483S30006482x483S34900482x482
chudy,,2188,M550x560S34d00482x482S19210529x502S22b04534x530
chwała,"chwalić, pochwała",1715,M525x515S15d39474x486S15d51486x492S20600503x485
chwała,,2168,M519x521S15a18480x487S15a10494x494S20600497x480
chwila,"za chwilę, moment",2025,M516x516S1eb00492x497S21d00484x483
chwila,trochę,1079,M515x515S1eb00491x496S22114485x485
ciastko,,620,M533x513S15d48468x486S12220511x486S20600489x499
ciastko,,858,M525x519S15d48475x492S12220503x492S20500494x504S21800503x480
cicho,,2293,M529x534S10010487x504S35000482x482S20500519x511S2f900518x524
cichy,,69,M518x535S34d00482x482S10010486x505S20500503x501
cię,ciebie,535,M510x521S1ec56491x478S22a04491x506
ciekawe,,1640,M541x597S2a603505x558S20e00511x532S1f036521x531S1f451511x576S31a00482x488S30104482x477
ciekawy,"interesujący, ciekawe!",2023,M518x547S31400482x482S11800482x507S26a02503x520
ciekawy,,2024,M532x539S31400482x482S11800482x507S2e500509x512
ciemny,,1623,M552x537S1f702502x517S1f70a494x508S14c00529x463S14c08448x467S22b03511x484S22b15465x486S2fb00493x499
ciepło,,1517,M540x535S33e00482x482S15000487x504S26a04513x513
ciepły,,1269,M536x536S33e00482x482S15000487x504S2e500513x509
cierpienie,"cierpieć, męka",1975,M566x523S36d00479x478S1c501541x480S1c509441x483S27103516x495S27115459x497S20500518x482S20500478x483S2fb00492x510S2fb00498x510
cieszyć się,,2026,M536x562S33e00482x482S15d02494x519S15d0a484x543S22f04509x543S22f14469x528S20e00524x529S20e00466x547
cieszyć się,,290,M518x572S15d02482x534S34000482x482S20e00481x526S22f04486x558
cisza,,1253,M545x574S34d00482x482S10010485x505S20500501x500S14c20522x543S14c28464x543S26605502x526
cisza,,2269,M593x548S2ff00519x482S10010450x511S15d21537x523S15d29517x525S26606563x528S26612484x529S33b00445x483
cisza,,488,M602x538S34d00482x482S10010486x508S20500505x518S15d29556x506S15d21565x505S26506587x504S26512539x506S2fb00564x492
CL-człowiek,,159,M507x515S10010492x485
CL-człowiek,,200,M513x511S11852486x488
CL-człowiek,,948,M507x518S1f540492x482S2f900494x513
CL-leżeć,,1825,M523x520S15d50504x480S15d58478x480S2f900480x513S2f900511x515
CL-przedmiot,,1169,M506x513S15a50494x486
CL-przedmiot,,66,M506x513S15a30494x486
CL-przedmiot,,807,M507x517S1f540492x483S2f900494x512
CL-przedmiot,,938,M506x513S15a10494x486
CL-rower,,256,M506x513S15a40494x486
CL-rozmieszczać,,1608,M586x595S35000482x482S15420523x522S15428465x546S26500538x510S26500551x532S26500537x559S26500506x544S2e609557x552S2e616416x528S26510483x538S26510451x527S26510442x563S26510470x580
CL-samochód,,1744,M511x515S1ce40489x485
CL-samochód,,1804,M506x513S15a50494x486
CL-zwierzę,,249,M513x511S11852486x488
cmentarz,,941,M556x534S10011456x501S10019443x501S20500457x486S10019482x504S10019523x504S10011495x504S10011535x504S20500494x487S20500535x488S26726482x465
co,,1072,M564x565S1ef10522x525S2df04529x544S30100482x477S30c00482x488S2f900553x531
co,,2061,M521x520S1ef10479x480S2df04486x499S2f900510x486
co najmniej,,1421,M520x587S2f900509x556S15d39486x564S15d51491x523S22a04491x548S31900482x482
co słychać,,1585,M536x523S31b00482x488S33e00482x488S30100483x477S15710518x490
co to jest,,657,M518x551S30c00482x488S30100482x477S30004482x488S10a08503x525S20600482x526
co ty powiesz,"aha, ciekawe, naprawdę",1488,M541x597S2a603505x558S20e00511x532S1f036521x531S1f451511x576S31a00482x488S30104482x477
codziennie,,226,M550x525S1f510517x510S36a00482x477S26a00523x494
córka,,1258,M545x583S30005482x482S1ea10514x508S1d452517x554S20500520x496S22a04521x535
córka,,2094,M549x568S1d411524x473S33010479x482S20500521x502S1d412515x518S22b04506x538S21100528x550
coś prostokątnego,,1356,M552x523S10020507x488S10028481x488S2fb00492x477S23d04525x487S23d1c448x489
cudzysłów,,913,M530x520S11020511x493S11028469x493S21800512x480S21800473x481
cukier,,2243,M517x534S11539482x507S11551489x467S28805497x493S20e00482x498
ćwiczenie,ćwiczyć,1685,M545x531S36d00479x470S20320530x476S20320472x516S2eb03510x497S20e00502x487S20e00481x487S2eb41452x483
Cygan,"cygański, Rom, romski",936,M518x517S20600496x482S15d0a482x492S15d01492x494
cywilny,,1138,M543x530S36d00479x470S1ce42498x476S1ce4a470x507S22b14479x479S21100530x509S22b00516x500S22b04503x500S22b10467x478S21100455x491
CZ,,1485,M519x515S12210497x488S26502481x484
czapka,,2222,M539x518S2ff00482x483S1ea10497x471S26904523x478S2f900526x499
czapka,,2223,M538x517S2ff00482x482S20310522x478S20314464x479S22a04525x499S22a14466x500S2fb00492x472
czarny,,1322,M528x523S2ff00482x482S15d01505x495S22f03492x502
czas,,647,M559x519S12220505x480S12228470x480S26706517x503S26712442x502S2fb00491x510
czas,,687,M529x522S36d00479x479S16c20475x501S26606499x505
czas ucieka,,1660,M537x522S37806463x507S20356498x501S10013490x477S2ee08516x488S2f700523x515
czasownik,,437,M524x533S1ec40492x514S1ec44476x493S2ea00509x492S2ea14491x467
Czechy,"Czech, czeski",1701,M557x528S33b00482x482S14e10514x469S2c404519x504
czekać,"poczekać, zaczekać",365,M537x527S36d00479x474S1f540517x484S22f04512x513S20e00503x484
czerwiec,,158,M527x520S11042500x480S26a03473x499S20e00496x506
czerwiec,,900,M526x519S11542496x481S20500485x508S20500474x494
czerwony,,755,M548x534S30004482x482S10052499x502S27102533x489S21100516x520
cześć,"pa, do widzenia",924,M559x540S33e00482x482S14c20529x509S26902540x454S26906541x474S26902540x491
cześć,hej,1566,M540x517S33e00482x482S15a11517x482S26500521x460
czeski,,1763,M557x528S33b00482x482S14e10514x469S2c404519x504
Częstochowa,,123,M560x524S30006482x482S18000530x509S20500518x484S20500518x502
człowiek,,176,M538x517S30007482x482S1ec10515x471S20500507x474
cztery dni,,1600,M541x526S14c00518x474S28909488x480S14401460x497
cztery godziny,,1447,M538x534S37806461x492S20356497x486S2df08517x480S2df0c515x513S14401487x505S14421487x465
cztery godziny,,1618,M529x522S14400471x491S1ea10504x501S26b00502x478
cztery godziny,,1671,M526x529S37806473x520S20356509x514S2e308503x471S14420493x490
cztery lata,,170,M520x515S2ea00480x489S14400498x484
cztery złote,,1295,M519x515S26a02481x486S14400497x484
czuć,,1377,M521x533S36d00479x468S14c02490x510S20e00478x513S22f00489x492S14c01494x468
czuć ładny zapach,,1667,M546x517S31b00482x482S33e00482x482S2ea08531x488S18102498x493
czuć się,forma,472,M521x533S36d00479x468S14c02490x510S20e00478x513S22f00489x492S14c01494x468
czwartek,,1001,M520x520S12210480x484S27102505x480
czwartek,,1830,M519x520S16c10480x488S27106504x480
czwarty,,1021,M512x527S14420490x496S2df00489x473
czwarty,,479,M523x519S20500483x480S10021493x492S18e08476x489
czwórka,,483,M515x529S15d39488x506S20b00491x495S1444e484x470
czwórka osób,w czwórkę,2102,M512x524S14430488x493S2ea06487x475
czy jesteś głodny?,"czy jest pani głodna?, czy jest pan głodny?",1950,M582x580S30a00482x482S18003509x537S1800b476x538S20600520x569S20600466x568S10040567x525S26500564x512
czyj,,2081,M551x550S1d310522x520S30c00482x482S26a02510x523
czyj,,53,M546x552S11e10512x522S30100482x477S30a00482x488S26b00519x504
czyścić,"mazać, wyczyścić, zmazać",1757,M521x524S20320499x475S24702478x498
czyścić ucho,,2132,M553x517S33010479x482S10002523x498S2f001521x473
czytać,,1866,M521x536S15d08478x509S15d00502x509S26622484x491S26622483x464S26626483x477
czytać,przeczytać,1466,M519x529S24804503x501S15a07480x470S10e01494x472
czytać gazetę,,1058,M570x552S1ea10547x531S1ea18438x531S30142482x476S31b00482x489
D,,477,M510x530S10000491x492S2df08489x470S2f900493x525
daleki,,386,M555x522S31900482x482S35904482x482S10040522x492S26700539x480
daleki,,475,M558x524S26700542x482S10040525x494S30100482x477S30a00482x488
Dania,,785,M534x511S11e02465x488S29a06499x490
Daniel Noelpp,,1428,M552x525S36d00479x476S10110506x495S27107525x482
Danuta Mikulska,,246,M514x529S15d3a487x510S16f32494x471S20600490x500
data,,10,M513x530S11527487x503S2e100490x469
data,,324,M520x513S20348480x498S1155e490x486S20500481x486
data,,451,M550x521S11542460x500S11549451x494S20e00452x484S26c03479x478S15d40510x490S10042520x503S20500525x488
data,,627,M524x521S11542485x500S11549476x494S20e00477x484S26c03504x478
dawno,,1892,M552x530S36d00479x508S15d00529x470S22114525x505S26a04525x516
dB,decybel,2133,M519x526S10000482x496S2df08480x474S15a20507x499
decyzja,"zdecydować, postanowić",1637,M534x589S30007482x482S10011513x493S20348495x574S20b00479x568S22b03499x525S10041495x548
decyzja,,2027,M526x579S15d39490x554S33b00482x482S10011505x509S20500496x541S10051494x558
decyzja,,2028,M548x576S33b00482x482S10011501x507S15d39483x553S10051490x552S20500494x540S28c0c527x525
deklaracja podatkowa,,1769,M564x540S10020470x505S10028450x504S24402466x471S2441a435x470S2fb00459x460S15d39520x514S10051532x519S20600542x503
demokracja,,266,M541x520S20320526x505S2f900527x475S26500526x484S2ff00482x482
depresja,,1922,M548x604S35000494x482S31b00469x482S20300471x532S21100488x533S10014522x552S24e0c527x574
deskorolka,,2029,M537x523S37a06463x499S15a56510x494S1ce20504x477S26702463x499S21100505x509
deskorolka,,635,M534x520S37906465x484S15a56507x480S1ce20505x486S20500493x487S20500470x487S26602470x504
deszcz,,925,M537x532S14c50509x467S14c58466x467S22b04506x502S22b04521x502S22b14463x502S22b14479x502S2fb00494x473
diabeł,,153,M535x517S10620514x471S2ff00482x482S21800510x460
dla,,1111,M528x515S15d48472x486S10050513x485S20500493x485S26502492x496
dlaczego,,1184,M529x562S30c00482x482S15d39488x539S15d31499x539S20600507x529
dlatego,,1317,M525x556S20600503x523S15d39484x533S15d31495x533S30a00482x482
dlatego,,2294,M520x545S15a48479x499S10050493x511S10050505x455S27308502x492S20500480x534
dłoń,,1087,M521x516S20357478x486S20500499x484S10051491x495
dłonie,,539,M545x517S20357456x486S20351524x488S10051469x495S10059503x496S20500477x484S20500518x483
długi,,1108,M536x542S37606478x463S10042506x525S36d00479x459S22b01487x500S21100487x528
długo,,1542,M536x548S37606478x456S10042506x518S36d00479x452S22b01487x493S21100487x521S2f800493x537
długopis,,1362,M518x515S1f902503x492S22114481x486
do,,810,M527x513S15d48472x486S20350512x498S20500491x487S26502493x498
do domu,"w domu, dom",1634,M524x519S15a19476x496S15a11501x496S20600490x481
do kitu,,574,M559x583S1f523523x511S1f525456x511S22c03526x526S22c15444x527S1f524515x568S1f524476x567S35000482x482S2fb00494x547
do niczego,beznadziejny,2074,M531x576S35904482x482S14c10508x526S22e02482x533S26602492x560
do widzenia,"witać, dzień dobry",576,M553x539S33e00482x482S15d09452x499S15d01525x502S26a00526x487S26a10450x485S26506527x525S26512455x525S2fb00494x525
do widzenia,do zobaczenia,758,M533x539S15d48409x512S20350449x524S20500428x513S26502430x524S31400482x482S10e00489x497S26600517x499
doba,,880,M520x522S1f502481x498S2890a491x478
dobranoc,,665,M518x517S33e00482x482
dobry,,1145,M519x515S1ce10482x485S22e00502x494
dobry,,909,M511x525S1ce10489x495S26500494x475
dobrze,,1284,M511x526S1ce10489x496S26900489x473
dobrze,,722,M513x525S1ce10490x495S26b00486x474
dobrze,,892,M545x530S1ce10523x500S26500528x480S30a00482x482
dodać,"dodawać, dołączyć, przyłączyć, włączyć",1516,M530x520S18548473x505S18536515x493S28c02480x480S20500469x491
dojrzewanie,,1586,M532x533S18530507x518S18538468x518S23a07510x467S23a1f469x469S2fb00493x507
doktor,,1218,M520x523S20348483x508S1d452479x476S20600498x497
doktorant,,1837,M564x528S37803472x498S1f70a483x485S1ce42445x482S3780b454x498S22f04436x505S20348525x503S1d452520x471S20600542x490
dokument,,827,M525x527S1f540498x503S22f04490x473S20306510x497S20e00496x488S37806475x504
dolar,,1525,M542x529S30005482x482S15d11508x506S20600520x498
dom,,1652,M524x516S15a19476x493S15a11501x493S20500495x483
dopełniacz,,766,M521x528S36d00479x473S10e11467x476S2df04473x507
dopełnienie,,215,M513x516S26500495x483S15a52486x504
dość,"dosyć, wystarczyć",45,M520x560S30100482x477S30004482x488S14c52482x536S22a00493x524S20b00507x523
doświadczenie,,1496,M524x593S31400482x482S10e00491x499S20600502x577S15d39480x570S18552493x555S22a04492x531
dotknąć,,633,M522x519S20357484x498S20500478x490S1c551497x480
dotyk,,1522,M522x519S20357484x498S20500478x490S1c551497x480
dowód,"dowodzić, udowodnić",840,M525x527S1f540498x503S22f00490x473S20306510x497S20e00496x488S37806475x504
dowód osobisty,,1726,M540x539S36d00479x483S22b04524x500S22b14460x499S2a200421x461S2fb00406x496S10038431x498S2a218386x462S2fb00491x533S10030384x499S10000506x498S10008480x498S21100462x481S21100527x483
droga,,1250,M547x516S15d40512x489S15d48469x488S2fb00492x483S26600531x484S26610454x485
druga klasa,,435,M551x525S16d10475x474S16d18466x495S26500491x480S26514450x499S20500477x493S2fb00473x519S26a02537x494S1dc01511x491
drugi,,2108,M525x521S11e09475x491S10021495x492S20500493x478
drugi,,38,M526x520S1dc09474x490S10021496x489S20500493x480
drugi,,854,M515x520S11e00492x490S10019485x490S20500499x479
drugi,,883,M510x527S10e20493x497S2df00489x473
drugi,,970,M513x523S10e00490x493S22f04488x476
druk,,142,M525x512S15d39475x488S20351484x491S20600503x487
drukarka,,1321,M525x512S15d39475x488S20351484x491S20600503x487
drukować,"druk, drukarz",1296,M525x512S15d39475x488S20351484x491S20600503x487
drukować,,612,M535x528S15d3a465x473S21100507x471S1f020472x484S27102504x488S26504521x497
drukować,,967,M523x522S15d39477x498S20351486x501S26c03503x489S21100490x478
drżeć,,1930,M545x536S14c50520x463S14c58454x463S2a400520x500S2a418455x498S2f700496x505S2fb00494x520
drzwi,,1642,M524x528S15d1a476x509S15d12476x494S20500504x512S26906501x472S26902506x489
drzwi lekko uchylone,,1388,M526x593S15d1a488x574S15d11496x560S20500516x577S31b00482x482S1eb30488x524S21d00471x537
duch,,849,M551x557S18540525x500S14c03497x516S23a07522x519S30004482x482
dusza,,519,M569x591S36d00479x532S14c04496x560S23a07524x506S20e00500x545S18540543x484S2ff00484x482
duzo,,1292,M548x550S2fb00493x535S14c58456x518S14c50519x519S26a00521x505S26a10453x505S31900482x482
dużo,,731,M522x540S31900482x482S20500512x516S1f702495x520
duży,,541,M533x514S15a40521x486S15a48467x487
dwa dni,,1609,M545x525S14c00522x474S1dc02455x501S28a09490x481
dwa lata,,219,M524x512S2ea00475x487S1dc02494x488
dwa lata temu,,2176,M552x536S1dc50528x480S2ff02478x482S22e04535x518
dwa miesiące,,1277,M510x532S22b04491x502S10e50495x467
dwa tygodnie,,1861,M516x524S1dc02485x500S2df08495x476
dwa złote,,890,M515x518S10e00500x488S26a02485x481
dwie godziny,,107,M535x522S1dc02465x498S1ea10507x500S26b00508x477
dwie godziny,,1083,M540x530S37806459x487S20356495x481S2df08518x474S2df0c519x508S10e21483x469S10e01490x500
dwie-godziny,,1581,M526x525S37806474x516S20356510x510S2e308503x474S10e20494x490
dwójka,,898,M513x531S15d39490x508S20b00493x497S1dc11486x468
dworzec,,234,M511x531S17530490x481S37800502x499S21d00492x469
dydaktyka,,1679,M553x526S18520512x511S18528464x511S36d00479x521S26f00513x491S26f10451x492S26606517x473S26612450x475S2fb00493x493
dydaktyka,instruktor,2030,M525x521S20e00490x480S18520479x497S26a06511x494S2035a475x498
dyrektor,,1818,M521x515S20500485x496S36d00479x485S15502494x500
dyskietka,,1851,M523x532S1dc50499x493S1dc58477x493S20500496x521S26620492x467
dyskusja,,1153,M550x533S10c10503x511S10c18467x511S2fb00489x498S26602517x490S26606520x479S26602517x467S26612451x490S26616452x479S26612452x469
dyskusja,dyskutować,769,M529x524S10c10507x502S10c18471x502S26a02515x476S26a16471x477S2fb00493x489
dyskutować,dyskusja,86,M550x533S10c10503x511S10c18467x511S2fb00489x498S26602517x490S26606520x479S26602517x467S26612451x490S26616452x479S26612452x469
dżem,,2231,M534x549S15d39395x517S15d13413x497S26903432x509S26907438x524S26903453x530S20e00414x528S30005482x482S20310519x503S22a04519x522S21100521x484
dziadek,,31,M537x544S33b00482x482S1ea10509x500S20e00518x491S2df00516x523
działać,,1659,M547x557S2ea09526x535S1f701512x524S2fb00491x527S2ea11452x535S1f709467x525S31900482x482
działacz,,1018,M534x528S1f759466x507S1f751511x506S2fb00490x509S28108514x472S28110465x473
dzieci,,1518,M559x530S15d50507x470S15d58470x471S23404514x501S23414445x502S26706517x514S26712441x514S2fb00489x506
dzieci,,1654,M518x532S22f04484x500S15d50482x468S26606488x516
dzieciątko,"niemowlę, malutkie dziecko",205,M553x520S15a32452x487S15a36500x502S37906479x492S37906459x507S20500447x500S20500525x493S27122538x481
dziecko,,625,M514x519S19a00486x481S22f04489x505
dziekanat,,1267,M607x525S37803577x493S1f70a591x476S1ce42548x478S3780b564x495S22f04547x502S36d00479x479S1ed10504x502S20500492x487S20500493x506
dzięki,,319,M534x540S26500520x500S15d01506x517S33e00482x482
dziękować,,277,M535x539S33e00482x482S15d01509x516S15d09466x516S26500521x498S26510464x500S2fb00492x530
dzień,,1163,M516x532S22b07492x482S2fb00493x468S15a01491x509S15a07483x509S22b11485x482
dzień dobry,,1778,M538x532S22b07472x482S2fb00473x468S15a01471x509S15a07463x509S22b11465x482S1ce10516x495S26500513x478
dziennik,,1210,M540x529S10e01515x499S10e09461x499S26a02522x471S26a16469x471S2fb00494x486
dziesięć godzin,,309,M544x523S14c19456x495S14c11481x496S26b00517x477S1ea10516x500S20600469x481
dziesięć złotych,,2031,M525x524S14c19474x492S14c01493x497S2e008504x476S20e00489x479
dziewczyna,,112,M545x527S20800519x490S1d417520x502S33010479x482
dziewczyna,,877,M544x529S30005482x482S1ea10514x508S20600522x497
dziewczynka,,39,M553x561S20800519x490S1d417520x502S33010479x482S15a50541x534
dziewiąty,,1742,M530x527S14c20507x496S14428469x494S2df00509x473S2df18470x473S2fb00493x493
dziewięć dni,,1408,M530x526S14c00496x495S28a2a494x474S14408470x493
dziewięć godzin,,1357,M525x527S14c20502x496S14428474x495S2e32f489x473
dziewięć godzin,,1385,M546x521S14c00477x488S14408453x488S1ea10517x500S26b00519x478
dziewięć lat,,1738,M544x519S2ea00529x494S14c00501x488S2fb00492x480S2ea10456x494S14408475x488
dziewięć złotych,,1369,M527x530S26a02509x503S14c00504x469S26a16476x503S2fb00492x523S14408473x469
dziś,dzisiaj,619,M531x527S22a14476x512S1ce40509x474S1ce48469x474S22a04511x512S2fb00493x475
dziwny,,1924,M522x586S30c00482x482S14c02481x563S22b00492x527S21100509x538
dzwonić,,1367,M555x517S2ff00482x482S19a02516x489S2ea00540x492
E,,1468,M512x507S18510487x492
Ę,,1113,M516x522S18510484x507S2e500493x478
e tam,,439,M554x557S35904482x488S30106482x477S31900482x488S14c27528x511S22e06529x540
edukcja,,333,M524x521S20e00490x479S20300475x494S18520480x497S26a06510x494
edytor tekstu,,302,M558x543S15a00441x477S18010446x466S22b04458x488S20e00442x508S14c50534x475S14c58502x474S22510506x457S22510536x458S26626513x514S26622517x527
efekt,,303,M522x523S20357501x477S3780b477x493S1eb30494x490S21b00487x484S26501477x483
Egipt,,666,M533x517S30000482x482S20320493x470S20600511x473
egzamin,,1016,M550x526S14c3b450x476S22b15473x502S22b03502x501S14c33523x474
egzaminy,,2158,M559x529S22b03518x504S22b15464x505S22b03504x494S22b15476x495S14c33532x471S14c3b442x473
ekonomia,,689,M554x526S21100468x492S21100522x492S1ea30512x505S1ea38469x505S2fb00492x485S27123526x474S27125445x474
ekran,,1879,M539x518S14c02508x492S14c0a461x482S22512499x496S22516492x482
ekspres,,1375,M553x534S33100482x482S10010489x504S20500504x499S26500521x500S24804537x497
Elbląg,,816,M518x517S33100482x482S21800457x485S12110474x484S20500495x496
elegancja,elegancki,2196,M534x584S31b00482x482S1ce20512x519S34000482x482S1ce28475x552S2e500509x557S2e518470x523
elektryczny,"elektryk, energia",312,M518x563S2ff00482x482S11001489x499S24904493x527
email,,1535,M539x523S18510514x476S22a03510x488S1f503490x501S15d18460x483S20500481x491
email,,1561,M516x522S18510484x507S2e500493x478
email,,454,M518x523S16d18483x499S18210495x508S26500501x486S2f900503x478
email,,522,M520x521S15a00480x494S11042493x502S20700494x479
emocja,emocjonalny,1915,M521x546S36d00479x455S14c01485x501S22b00492x466S2f800481x535S21100508x478
energia,,1607,M518x563S2ff00482x482S11001489x499S24904493x527
energia,energiczny,2032,M541x520S20351504x492S20359473x492S26c0d523x480S26c15458x480S2f700492x513
Europa,,1813,M529x535S1f510494x518S26900513x517S20e00481x516S2ff00482x482
europejski,,1325,M535x567S1f520502x512S2ff33479x482S29b04517x528S20500499x526
ewangelia,,630,M630x559S2ff00392x482S2ff00484x483S1f500496x520S1f500430x480S36d00566x518S1f500606x535S20e00479x514S20e00420x472S20e00596x527S22a04403x486S22a04495x504S22a04581x544S26506408x484S26506499x501S26506586x542
F,,1400,M511x522S1d810490x493S2880a489x478
fakt,,1219,M534x573S10e10515x531S10e18472x530S30a00482x482S2f900517x568S2fb00493x566S2f900472x565S26910469x509S26900518x509
fałszywy,fałsz,1960,M525x515S14c59484x489S14c31476x485S21100512x492
ferie,,1134,M542x524S2fb00495x513S14c11516x496S36d00479x476S20500524x484S20500468x487S22511501x486S22517479x487S14c19461x497
film,,1073,M524x514S15a48476x485S20350490x492S2ea08509x489
filmować,,1650,M525x522S15a48475x493S20350489x500S2ea08508x497S26626495x478
filmować,,684,M524x518S15a48476x482S11540490x488S2ea08509x492
Finlandia,,1162,M536x539S30004482x482S10a08501x513S20600514x506
fioletowy,,604,M544x522S36d00479x480S17832525x478S23004519x504S20500508x490
firma,,721,M525x517S20600503x505S15d0a475x498S15d02485x483S21400478x499
fizyk,,963,M535x517S30000482x482S14410493x450S20600513x473
fizyka,,1711,M535x517S30000482x482S14410493x450S20600513x473
fleksja,,859,M529x521S15d01484x479S20300514x496S23403471x486S37806480x503S20e00499x509
folder,,606,M522x518S18220495x502S16257479x492S26500508x481
folder,,747,M518x523S18220495x499S17118482x489S26500501x477S2f900506x518
forma,,462,M532x532S2930c518x490S29314468x491S2fb00491x513S1f52f476x468S1f527502x470
formalny,,2033,M520x540S15d38482x493S15550489x461S26604504x490S18550481x525
fotografika,fotografia,563,M526x524S21800494x477S1ec10503x488S1ec18475x505S21800474x496S2fb00476x481
Franciszek Cepek,,1293,M520x528S1ea10487x495S26b00489x472S37906480x526
Francja,,1459,M541x536S28108518x474S10050526x506S36d00479x464
fundusz,,1543,M523x530S11551496x485S11559478x484S20500495x471S22f24489x516
funkcja,,637,M516x524S1d810487x476S29906484x510
G,,1180,M515x514S1bc20489x485S21b00486x495
gąbka,,875,M513x521S15050487x490S21800490x479
gadac,,1450,M527x532S15009492x484S15d59473x467S20500493x479S23600488x515
gadać,,817,M527x524S22f04502x510S15d48472x477S15018502x475S20e00492x488
Gadu-Gadu,,427,M519x514S1bc20493x485S21b00490x495S21b00481x495
galeria,,1584,M541x524S16200489x488S16208501x488S20500497x475S27305516x505S2731d460x504S2fb00493x518
gardło,,505,M522x546S30100482x472S36a00482x483S15d01499x523S20500490x531
gardzic,,1436,M555x564S34200482x488S30302482x477S32105481x488S14c57526x521S22f05534x543
garnitur,,2224,M558x553S36d00479x447S1f511511x452S1f519467x451S21100464x472S21100526x470S2480c506x473S24814479x472S1820c516x519S18204468x519S26506543x524S26512449x525S21100540x539S21100460x539
gazeta,,4,M534x515S14c37477x489S14c51466x485S20c00506x495
gazeta,,445,M578x518S15d40507x482S15d30559x491S15d38422x492S15d48473x482S20500495x493S2d608526x497S2d610445x497
Gdańsk,,268,M529x551S33100482x482S1ed10503x495S29f00510x518
gdzie,,1081,M549x556S14c30508x521S14c38473x521S26a02535x529S26a16455x528S2fb00494x542S30a00482x482
gdzie,,1750,M545x558S14c30504x523S14c38469x523S26a02531x531S26a16451x530S2fb00490x544S34200482x482
gdzieś,,1894,M547x557S14c30506x522S14c38471x522S26a02533x530S26a16453x529S2fb00492x543S30c00482x482
geografia,,1756,M524x529S15d09476x478S12d21497x504S29a04482x470
gimnazjum,,1366,M537x573S10e10508x509S22b04507x543S20e00525x509S36a00482x477
głęboki,,2138,M543x596S31900482x482S10004523x535S24e0c522x566
głód,,1951,M534x611S31b00482x482S19231496x553S26606497x577S2f800496x600
głodny,,1949,M536x586S31b00482x482S18003505x544S1800b470x545S20600514x573S20600459x575S2fb00491x559
głos,,48,M522x547S36a00482x477S10001501x517S20600479x524
głosować,,741,M546x540S2ff00482x482S2f900533x535S11520531x501
Głowa,,420,M518x518S2ff00482x483S2e510488x480S1f510495x462
głuchy,,978,M545x530S30004479x483S20500492x519S11511520x500S20500516x483S33010479x483
głupoty,,550,M537x533S31b00482x483S27102522x493S20310502x503
gmina,,1793,M516x540S15d38490x514S1c552484x482S2e80e484x460
godzina,,1106,M528x518S37806472x509S20356508x503S10a52502x481S20600478x487
godzina,,1161,M526x525S37806474x516S20356510x510S10020497x489S2e308503x474
godzina,,285,M541x525S37806459x498S20356495x492S2df08520x474S2df0c520x503S10001489x495S10021491x483
godzina,,801,M514x521S1ea10487x500S23000489x479
godzina,,853,M515x521S1ea10485x500S26b00488x478
godzina czwarta,,1045,M511x527S14420489x496S26a02491x472
godzina druga,,937,M514x524S1dc20487x494S26a02500x476
godzina dziewiąta,,595,M527x527S2fb00492x485S14c20504x496S26a02510x472S26a16476x472S14428473x495
godzina ósma,,600,M525x527S11e28475x496S14c20502x496S26a02510x473S26a16476x473S2fb00492x485
godzina piąta,,1199,M511x527S14c20488x496S26a02492x473
godzina pierwsza,,407,M508x524S1f522492x500S26a02494x475
godzina siódma,,1114,M526x527S1dc28475x497S14c20503x495S26a02509x473S26a16474x474S2fb00490x487
godzina szósta,,1812,M526x530S1f526476x506S14c20503x494S26a02510x469S26a16474x478S2fb00490x489
godzina trzecia,,1686,M513x526S26a02499x474S11e20487x496
goły,,2197,M533x525S20357467x497S1c551482x475S27103506x499S21100488x507
góra,,835,M512x526S18113490x502S28803488x474
gorący,,102,M518x556S34400482x482S15000486x503S2f900507x531S2df08487x535
góral,,553,M549x517S20500511x476S1f120520x483S30007482x482S26504517x498S22104522x472
gorszy,,295,M538x564S17550510x528S31b00482x482S35600482x482S21b00530x543S22a04514x549
góry,,935,M524x547S18113502x523S2fd00490x452S2881b479x487S2881b479x462S28803502x467S28803500x495S1811b475x514
gotować,,1392,M541x527S11550514x473S11558471x473S23600502x510S23614459x509
gotowy,,984,M531x579S15d41506x556S15d4f477x555S26906513x535S26916477x534S2fb00495x527S33c00482x482
gra,,1669,M525x515S1bc40504x486S21b00475x500S26502486x498
gramatyka,,346,M525x539S10009475x474S10021495x473S10029474x508S10001502x509S20500493x461S20500498x496
granatowy,,1394,M524x555S11520486x474S2e500477x445S20300486x525S27102509x515
granatowy,,49,M513x550S11520488x449S29a0b487x484S20320496x523S2f900499x545
granica,,1173,M537x523S15d03472x483S15a56498x496S26706495x476S21100473x509S37806463x501
Grecja,,135,M524x512S1000b475x490S10003494x491S20500494x487
grosz,,1615,M521x571S30004482x488S30100482x477S10000489x522S20e00509x520S22a04493x556
gruby,,2189,M559x582S33c00482x482S14c40531x526S14c48447x526S22f04534x566S22f14443x568S2fb00494x536
gruby,,2190,M541x572S33c00482x482S15d39492x549S1a004497x527S20600519x548
grudzień,,318,M531x530S14c5a468x486S16d10494x495S20700480x515S22e00496x470S22e00514x470
grudzień,,371,M561x517S1ea51498x489S1ea59470x488S20500493x483S2a602528x490S2a602544x490S2a613453x488S2a613439x488S2fb00488x511
grupa,,1393,M513x519S1545a488x481S2ed0f494x500
grupy,,685,M532x534S1545a468x488S1545a507x489S22a04474x507S22a04512x509S2f900474x527S2f900513x529S26606484x466
Grzegorz Galewski,,634,M528x535S14c50504x464S14c58472x472S26a06474x508S26a12512x496S2fb00492x513
gumka do mazania,,1256,M533x521S15d39467x487S1ea50479x492S27103506x495S21100493x479
gwiazda,,1797,M572x517S32100482x482S1dc29462x442S1dc20483x443S20500472x466S20500493x432S22a05507x466S22a11450x457S22104522x482S22104450x445S1dc21530x432S1dc28515x433S20500526x421S20500539x456S22a13509x435S22a07557x427S22104500x450S22104560x446
H,,332,M515x518S11020486x491S22a04502x482
hej,,1046,M567x548S33e00482x482S14c25522x522S32105482x482S26b05539x500
hej,,1068,M518x552S33e00482x482S14c21449x505S26b01430x524S32102482x482
hej,,866,M559x540S33e00482x482S14c20529x509S26902540x454S26906541x474S26902540x491
herbata,,2035,M513x523S1ce51487x476S22f04488x509
herbata,,2274,M512x538S11820488x462S2940c496x494
herbata,,418,M523x521S15d39477x497S15d31490x498S2e500500x479S20e00489x483
herbata,,675,M520x523S11020487x496S23600481x477
Hindus,,754,M522x517S20500512x476S30000482x482S1f51c493x465
histeryzować,,1116,M553x523S35900482x482S15010528x474S15018450x492S2ea00514x462S2ea10462x465
Hiszpania,,1692,M555x520S36d00446x481S20500499x486S10601452x492S2df08466x487S36d00513x482S10611510x488
Hiszpania,,895,M552x523S36d00510x477S15a11510x486S20500498x482S36d00447x477S15502462x492S20500453x488S37a06474x521
hobby,,638,M532x555S30004482x483S15a01509x519S20500495x517S20500496x544
Holandia,,1453,M543x517S2ff00482x482S22104516x461S22104469x461S26506528x494S26512457x494S17d10516x474S17d18462x474S2fb00492x470
Holandia,,1794,M519x539S11810504x467S15d3a491x520S37900511x493S2e000481x461
hostel,,730,M562x542S22b00498x512S11820479x480S22b04484x512S22b10454x459S22b14438x458S11828446x498S15d48528x483S16050550x484S22a04549x514S20e00539x469
hotel,,1568,M561x526S22b00545x473S11820502x477S22b04530x473S22b10454x490S22b14439x496S11828469x495
humor,,2087,M544x585S33e00482x482S15302488x554S20800495x575S26b00517x553
I,,1063,M511x509S19220490x490
ich,,269,M536x520S1d910465x480S26507487x488S1d910504x491S26507523x496
ich,,903,M578x545S10040522x515S2f700566x533S2d608544x509S32105482x482
idea,,1011,M541x517S30a00482x482S1eb10517x486S21b00515x476
ile,,1117,M512x525S14c30488x494S22510488x474
ile lat,,1836,M550x562S36d00478x535S15802524x523S20600515x551S30c00485x488S30100485x477
imię,,979,M529x517S19a51506x483S20e00478x487S22f00470x503
imieniny,,1268,M582x520S19a51455x486S20e00427x490S22f00419x506S15d09511x490S15d01535x490S27e0c559x487S27e13488x487S2fb00526x479
imieniny,,726,M547x517S2fb00491x483S27e13453x491S15d01500x494S27e0c524x491S15d09476x494
implant ślimakowy,implant,2127,M548x517S33010479x482S20500512x479S11811523x476
implant ślimakowy,implant,2128,M545x517S33010479x482S14402514x472S20600494x467
impreza,,1814,M554x558S33e00482x482S19200527x515S19208463x537S23100528x541S23118457x517
Indie,,1273,M521x517S20500511x474S30000482x482S1f51c493x466
informacja,,1171,M571x528S17520550x497S17528526x511S2ff00482x482S21d00551x483S21d00523x499S2fb00534x488
informatyka,informatyk,1155,M539x524S14c02508x493S14c0a461x483S22512499x497S22516492x483S23100512x475S23110464x507
inne,,790,M577x522S2fb00448x495S19201464x480S19205422x480S19205515x479S19201551x479S2fb00539x495S22e02468x502S22e02556x505S22e16425x501S22e16519x504
inny,,1305,M567x586S26712435x570S19201523x531S30306482x477S2fb00493x546S26706525x570S19205455x530S23002526x550S23016454x550
inny,,1478,M567x578S26706525x562S19201523x531S30306482x477S22e02517x550
inteligencja,,1426,M541x517S21b00515x476S1eb10517x486S31900482x482S30007482x482
inteligentny,,696,M542x517S30007482x482S1eb10518x486S21b00516x476S31900482x482
interes,,1475,M519x516S10c11489x484S22f03482x495
interesować się,,1140,M541x542S2ff00482x482S11808499x507S27102526x502
internet,,1552,M548x531S1c508472x489S1c520511x490S2df08527x469S2df1c452x510S2fb00500x489
internet,,1888,M520x521S15a00480x494S11042493x502S20700494x479
internet,,966,M524x529S12102497x505S1210a476x500S20710482x482S2fb00492x470
Irena Stratew,,1766,M523x529S33100482x482S21800457x485S12110474x484S20500495x496S37a06475x527
Irlandia,,1304,M536x538S36d00479x462S15008436x469S1c502487x478S23002504x502S37a06440x536S37a06488x536
Irlandia,,1338,M526x519S15a56487x507S11852499x480S20600473x491
Irlandia,,1500,M521x518S36d00479x483S1bc01480x490S21d00457x503S20500478x489
Irlandia,,1550,M560x537S30007482x482S15a11515x482S2e100537x471S37a06472x535S37906519x535
iść,,225,M511x542S10e04493x496S22510489x529S26600491x458
islam,"muzułamnizm, muzułmanin, muzułmański, islamski, islamista",507,M528x591S15d50509x564S15d28475x532S15d58475x564S2ff00482x488S15d20508x531S30104482x477
J,,1177,M512x523S19220491x504S2a20c487x476
ja,,476,M519x518S10043489x482S20500481x507
ja i ona,ja i on,1858,M566x554S33e00482x482S27202547x512S10010519x524
jabłko,,1577,M551x534S33e00482x482S30006482x482S20310521x498S23600512x517S21100522x481
jajko,,2165,M551x519S1f040500x495S1f048468x495S20500491x480S26a06537x492S26a12450x492S22104516x483S22104461x483
jajko,,2167,M514x523S18110502x494S18118487x494S20600489x477
jak,,1246,M512x523S19220491x504S2a20c487x476
jak się czujesz,,13,M521x597S36d00479x532S14c02490x574S20e00478x577S22f00489x556S14c01494x532S30c00484x488S30100484x477
jaki,,1241,M511x524S19220490x505S2e000488x475
Jakub Falkowski,,127,M534x544S30004482x488S30100482x477S15000486x512S26a00507x530
Jan Siestrzyński,,204,M526x534S10058478x491S10050495x488S37a06473x532S26a00499x483S20e00503x466
Japonia,,586,M521x519S26a06507x487S20e00478x491S10e20489x481S20302482x504
jasny,,751,M551x533S1f702500x513S1f70a492x504S14c00528x466S14c08449x467S22b07508x487S22b11467x487S2fb00491x495
jeden,,1283,M530x517S10e0a471x496S10021500x496S20500498x482
jeden,,841,M528x516S10e0a473x484S10021498x495S20500504x486
jeden dzień,,784,M536x527S14c00513x472S1f504465x512S28909483x479
jeden rok,,1266,M517x513S2e708482x488S1f502502x487
jeden złoty,,1853,M509x524S10000494x494S26a02490x476
jedna godzina,,1790,M537x533S37806462x474S20356498x468S1002f489x469S2df0c516x502S10001490x503S2df08515x476
jedynak,,1702,M507x521S10000492x478S2f900495x516
jedynka,,965,M517x522S15d39483x499S20b00504x479S1f540486x478
jedzenie,potrawa,1242,M522x538S33b00482x483S18507503x511S20600472x518
jego,,1616,M517x515S26501483x486S1921f498x489
jego,,289,M514x518S1d910498x489S26501485x483
jego,,700,M517x514S26501482x485S1d818500x485
jego,,896,M518x514S26507505x486S19217482x488
jego,,942,M518x515S1d910483x486S26507505x494
jej,"jego, ich",2106,M508x515S10030493x485
jej,,1350,M518x514S26507505x486S19217482x488
jej,,327,M518x515S1d910483x486S26507505x494
jej,,360,M517x514S26501482x485S1d818500x485
jej,,54,M517x515S26501483x486S1921f498x489
jej,,732,M518x515S1d900502x486S26502482x494
jej,,846,M514x518S1d910498x489S26501485x483
Jerozolima,,1341,M520x550S30004482x482S22522472x516S14c52489x517S15d48401x498S15d20430x499S20500420x508S22e04435x532S1f520340x509S2df04366x510S1f502382x482
jeść,,1572,M522x538S33b00482x483S18507503x511S20600472x518
jesień,,2174,M545x550S2ff00482x482S14c00522x473S22a04528x511S18530520x535
jesień,,567,M545x547S20300525x532S14c00522x473S22a04528x511S2ff00482x482
jeśli,jeżeli,803,M532x521S19201504x501S19205468x479S23100506x478S23110468x504
jest,,628,M525x595S20300494x580S10000493x527S26500494x560S2f700512x564S2f900514x577S34600482x482
jest tam,,1144,M527x540S30005482x482S14e02488x515S20500517x510S32102482x482S1002e440x519
jeździć,,1196,M517x519S1ea00484x498S2eb06485x481
Jezus,,1631,M550x521S14c18506x482S1c510520x492S1c518449x493S14c10468x481S20500456x480S20500529x479
język,,2036,M529x541S33b00482x482S10001507x511S20500519x507
język,,992,M536x539S20600514x505S10001503x509S2ff00482x482S33b00482x482
język migowy,,2082,M571x540S14c08535x496S14c21544x504S21100554x490S33b00482x482S10001505x510S20500515x508
językoznawstwo,lingwistyka,739,M569x539S20600538x465S10001477x509S33b00452x483S30007512x481S15d11546x481S20500491x504
Joaana  Łacheta ;-),,2279,M536x555S2ff00482x482S10611513x482S29304513x514
Joanna Ciesielska,,1399,M532x525S19248506x475S19248473x484S22f04507x499S22f14469x511S2fb00493x505
jogurt,,2255,M526x600S2ff00482x482S14e40492x555S2c305488x506S22a00496x535S2f800488x589
Jolanta Wilczak,,863,M518x554S36a00482x477S14c02481x531S20600490x520
Józef Hendzel,,26,M559x531S33b00482x482S10a08507x505S20e00520x496S22f04534x495
judaizm,,1064,M551x568S30004451x488S30100451x477S22a04460x553S20e00478x520S22522503x517S30004513x483S14c52520x518S10010456x518
jutro,,1559,M536x523S22e00519x480S36a00482x477S1f512516x505
już,,621,M515x537S15d39484x514S15d42488x462S22a04492x489S20b00485x504
K,,17,M512x526S11e10489x496S22e00491x473
kaczka,,1351,M568x544S36d00479x456S11510526x484S11548460x484S22e00516x523S22e04533x526S22e00551x526S22e14456x525S22e10471x525S22e14486x526
Kaczyński,,95,M568x554S36d00479x447S11510526x475S11548460x475S22e00516x514S22e04533x517S22e00551x517S22e14456x516S22e10471x516S22e14486x517S37a06457x552S37a06505x552
Kajetana Maciejska-Roczan,,1028,M521x532S1f52a479x488S1f522498x497S2ea00506x467S2ea10482x507
kalendarz,,1285,M524x521S11542485x500S11549476x494S20e00477x484S26c03504x478
kamień,,643,M526x530S20348475x513S20340511x470S20b00510x516S20e00494x518S2890d485x487
kamienie,,8,M537x529S20348486x514S20340522x471S20c00464x497S20e00492x486S2890d496x488
Kamiński,,458,M540x536S20348486x507S20340522x464S20c00464x490S20e00492x479S2890d496x481S37906460x534S37906500x534
Kanada,,1264,M547x521S36d00479x479S10e01522x491S20500480x494S20500508x494
Kanada,,1452,M521x530S36d00479x471S1f702492x482S20600491x507S37906480x528
kanapka,,2229,M525x514S15d38476x488S15d50480x487S20600503x498
kanapka,,2244,M519x522S11539482x495S11551492x490S20600493x477
kancelaria,sekretarka,1582,M522x531S36d00479x470S1ec10499x481S20500488x479S20500489x500S20500489x520
kandydat,kandydować,1770,M523x515S15d48476x488S1f550499x497S20600495x485
kąpać się,"kąpiel, łazienka",1473,M546x541S36d00479x459S14c02506x472S14c0a468x472S20e00522x493S20e00473x493S22b04516x511S22b04530x511S22b14482x509S22b14465x510S2fb00500x503
kapitalizm,,494,M535x525S36d00479x475S1f510520x481S20500506x483S20500507x514
kardynał,,818,M540x561S10e29460x506S2fb00493x535S2481c467x531S10e21510x505S36a00482x477S24804522x533S20500511x519S20500480x519
karp,akwarystyka,43,M522x520S15d40478x489S27206503x480
karta,,1066,M580x518S1ef40502x493S1ef48468x493S20500495x482S2fb00492x512S26506533x493S26512449x494S1f440551x494S1f448419x494
karta,,116,M554x520S1dc40501x480S1dc48476x480S20500496x481S26606524x490S26612445x490S2fb00493x514
karta,,2079,M544x523S1ce42510x500S1ce4a456x501S26b00517x476S26b10459x478S2fb00491x493
karta pocztowa,pocztówka,197,M570x520S1ee28468x495S1ee20501x494S20500492x487S2fb00491x479S22104557x492S26612452x483S20500493x509S26606514x484S1ee20544x495S1ee28431x497S22104437x493
kartka,,2080,M531x531S10021501x469S10029470x469S24302502x502S2431a469x501
karty,,20,M518x517S20600496x482S15d0a482x494S15d01490x494
kasza,,2254,M523x520S15038477x483S27102508x480
katolicyzm,,1257,M522x539S1ea51494x487S2330a478x509S37606485x461
Katowice,,1414,M541x535S30000482x482S30004482x482S15a56485x479S15a5e485x512S26a04514x512S20500492x524S20500496x468S26a14460x475S2fb00474x465
kawa,,145,M515x517S21100502x485S20306492x502S20306485x483
kawa,,918,M519x519S21100506x489S19a02481x480S20304491x504
kawaler,,1349,M539x526S36d00479x478S18042524x474S22b04507x496S21100494x491
Kazimierz Diehl,,945,M550x522S36d00453x478S19a52481x494S20500483x484S36d00504x478S1f532535x491S20500531x485
kemping,,195,M552x528S15d50449x480S2e80a448x512S15d11528x484S15d19506x484S20500523x471S22b05528x504S22b13506x504S2fb00521x519
kiedy,,1599,M513x530S11527487x503S2e100490x469
kiedy,,532,M548x553S30c00482x488S12d27519x526S30100482x477S2e100525x492
kiełbasa,,2246,M546x530S34700482x483S15020521x499S21800523x484
kierunek,,946,M562x518S2ff02478x483S10040541x438S10048523x445S26600546x404S26610516x411S2fb00538x480
kilka,,90,M519x523S1f502494x499S21f3a480x476
kino,,1722,M545x519S14c20522x488S14c28456x487S26a02504x488S26a16483x487S2fb00491x480
kłamstwo,kłamać,1959,M526x535S2ff00482x482S10002496x517S26a00490x497S20e00496x523
klasa,,157,M521x524S36d00479x477S1f503474x486S20e00460x489S22f04471x510
klasa,,1782,M542x522S15d39459x486S1f051471x478S1f056515x493S15d39510x486S20500462x480S20500532x492
klasa,,632,M533x528S18002477x498S36d00479x472S2d305489x504S37607460x474S20700477x480
klasa-I,,132,M513x518S26a02487x482S1f502498x494
klasa-I,,1576,M521x516S36d00479x485S1f503474x494S20500464x499
klasa-II,,1227,M521x515S36d00479x487S1dc01458x485S20500481x494
klasa-II,,1761,M519x517S26a02481x483S1dc01496x487
klasa-III,,347,M521x515S36d00479x489S11e01453x485S20500481x496
klasa-III,,997,M521x515S26a02480x488S11e01496x485
klasa-IV,,164,M521x515S36d00479x494S20500481x501S14401453x486
klasa-IV,,952,M519x515S26a02481x486S14400497x484
klasa-V,,1639,M520x516S26a02481x483S14c00497x485
klasa-V,,419,M521x514S36d00479x491S20500481x498S14c01455x487
klasa-VI,,252,M525x531S26a02507x503S14c00502x469S26a16476x504S1f502475x476S2fb00490x523
klasa-VI,,738,M521x517S36d00479x484S20500481x491S14c08439x484S1f503465x495
kłaść,położyć,830,M531x533S15d50509x467S15d58470x468S22b04515x502S22b14469x503S2fb00493x512
klęczeć,uklęknąć,180,M517x520S15a37494x497S11004494x481S20500482x501
klocki,,2118,M536x522S1850f463x490S18527479x495S20500482x483S18507517x489S1852f500x493S20500514x478
kłótnia,kłócić się,1940,M515x522S10610500x485S10618486x496S21100492x477
klucz,,114,M525x514S1ea50476x491S2e100502x485
klucz,,995,M537x520S15d48463x483S1ea51482x485S2e100514x479S20500485x509
kluski,,1207,M526x541S14c04493x459S14c0c473x477S20e00503x496S25604492x511S25604510x511
kobieta,prefiks-kobieta,1059,M546x526S20800520x489S1d417521x501S33010479x482
kochać,,1549,M529x562S37600485x539S33e00482x482S15d01470x524S15d09503x522S20500468x539S20500519x537
kochać,,1827,M530x579S37600486x556S33e00482x482S15d01471x541S15d09504x539S20500469x556S20500520x554S37401485x519S37403472x520
koła,,1893,M546x521S10042516x506S1004a453x504S2f010455x479S2fb00493x494S2f001523x479
kolacja,,2047,M538x532S33b00482x482S1eb07502x505S21d00520x503
kolęda,,147,M540x599S10039473x530S2fb00493x566S33e00482x482S2a404515x561S10031509x529S2a41c464x563
koledzy,,1747,M547x526S20357463x488S26706484x510S20500454x485S20357492x488S20500518x488S20500488x483S20357523x491S17151463x474S17151498x474S17151527x477
kolega,koleżanka,545,M522x515S20350477x500S17151479x484S20600500x498
kolejka,,1519,M517x551S14418491x520S14410495x491S20500483x515S26700494x449
kolekcjonować,,589,M566x521S14e41537x479S1f500433x506S1f500503x506S2d600509x491S14e41469x482S2d600444x495
kółko,,1697,M526x522S15d49473x481S10041493x492S2f001505x477
koło,,905,M526x522S15d49473x481S10041493x492S2f001505x477
kolor,,391,M518x570S26606488x554S22132471x518S14c52481x519S2ff00482x483S20e00498x543
komisja,,358,M539x525S36d00479x475S13241494x488S13249464x489S20e00488x503S26a06525x491S26a12447x493S2fb00486x519
komórka,telefon komórkowy,1589,M536x594S2ff00482x482S19a02516x489S15d09481x542S1ec47490x548S22b04509x564S20e00509x545
komórka,telefon komórkowy,1680,M538x586S2ff00482x482S19a02517x485S15d38471x550S15450494x551S22510488x535S21400493x581S22b03514x513
komórka,telefon komórkowy,241,M536x518S33010479x482S10010521x488S20500522x487
kompot,,930,M534x547S36a00482x477S10011502x517S20600512x510
komputer,,806,M539x524S14c02508x493S14c0a461x483S22512499x497S22516492x483S23100512x475S23110464x507
komunia,,1454,M518x539S33b00482x482S1ce42477x499S22a06496x520S22a04492x524
komunikator,,1302,M537x596S10011506x512S10019474x530S33b00482x482S26604510x549S26600521x545S26610474x564S26614485x566S15a00421x519S20500408x524S20500408x538S18010427x528S22a04437x547
komunikator,,449,M555x527S20500444x498S18010463x488S22a04473x507S20500444x484S15a00457x479S10c0a500x473S10040505x497S26a00524x513S26a14528x478S2fb00528x499
komunizm,,1318,M540x517S11511515x485S30007482x482S21100510x467
komunizm,,599,M528x523S2ff00482x482S15d01505x495S22f03492x502
koń,,1413,M523x528S11548479x498S10e04476x471S20710489x495
koń,,398,M520x540S11548488x510S10e04485x483S20700502x504S26a20480x460
końcówka,,1238,M525x526S15d01480x474S20300510x491S37806476x498S2390c475x494S2390c488x496
konduktor,,59,M520x519S20348482x504S1f520496x495S26a07488x480S20e00479x491
konflikt,,1939,M548x524S10002499x509S1000a467x509S2a601513x477S2a610466x476S20500496x491S2f900537x484S2f900452x486
koniec,,216,M525x525S15d01480x475S20300510x492S37806476x499S2390c475x495
konkretny,,1148,M552x554S10e10516x513S10e18473x512S2fb00493x534S22e00535x524S22e10452x522S2f900468x549S2f900523x549S31900482x482
konserwatyzm,,1503,M601x529S10001501x486S10009473x498S2ff00482x482S2e500496x460S2e31c481x462S20340586x469S20348550x512S2890d560x486S20e00569x517S20b00585x515
kontakt,,1214,M519x519S1ce49488x480S1ce21496x487S20600481x508
kontakt,,198,M522x517S15d11499x494S15d19477x494S20500495x482
kopać,,718,M534x522S11857506x491S11859466x501S22120512x480S22120478x486S2fb00496x478
koperta,,1270,M514x522S15d0a485x486S1f521492x478S23b09488x504
kopia,,1594,M523x539S14c50484x460S15d38476x505S26604496x492S20e00485x494S18550498x524
kopia,,163,M543x520S15d18458x493S26506498x502S14c10472x489S20500472x479S18510518x501
kopia,,1706,M524x535S14c50475x465S15d38476x502S26604497x482S18550487x520S21100511x485
kopiować,,1121,M543x522S15d18458x491S18510518x499S14c10472x487S20500472x477S26a06499x495
kopiować,,1345,M524x542S15d48475x492S18557500x515S14c48500x458S20e00490x475S26a04494x498
korespondować,,569,M542x584S35904482x482S10042505x542S1004a468x567S27114460x542S27100502x569
korupcja,,1003,M523x539S15d59478x461S21404485x492S1853d486x520S22a00486x503S20600501x475
kościół,,1254,M516x520S10011495x490S10019483x489S20500493x479
kościół,,18,M545x520S10011468x490S10019456x489S20500466x479S15a11522x491S15a19500x491S20500516x479
kosztować,"skarbowy, koszt",1676,M518x518S15d39482x495S1850c494x494S20600491x482
koszula,,2210,M521x523S36d00479x496S1d452474x478S20e00500x503S26a04479x509
koszula,,2211,M566x554S2ff00482x482S1ea01510x511S1ea09463x512S2df08539x505S1ea10543x528S1ea18438x533S2df10441x510
koszula,,2260,M532x546S36a00482x477S1eb01505x516S1eb09468x515S21b00490x538S21b00503x538
kot,,511,M550x523S1d410507x491S33b00482x482S26a06536x496S20e00505x510
Kraków,,1805,M522x516S1f701501x483S1f709479x483S20600488x505
Krakowska,,417,M527x515S1f504473x500S1f50c503x500S20600489x485
kraść,"złodziej, kradzieź",2005,M581x540S36d00479x460S14c13528x495S2d60a558x499S20342558x525
kratka,w kratkę,770,M519x524S10e01494x492S10e09480x494S20600489x476
krawat,,2213,M527x557S36a00482x477S1f052496x512S26a04488x543S21100514x537
krawat,,2261,M531x556S36a00482x477S10e00490x521S20500509x525S20500507x545S22a04518x533
kreda,,557,M529x528S1ea50500x473S1ea58475x473S2fb00493x497S2a208506x500S2a210472x499
kredka,,2078,M530x528S15d39471x500S1c551484x482S27103503x471S21100491x514
krewny,"wujek, ciocia, ciotka",2093,M523x510S1bc02494x489S21d00476x496
król,,2263,M526x518S2ff00482x483S15452488x462S22a00492x441S2f700514x450
król,królowa,152,M524x517S2ff20476x482S20500498x491S15452493x463
królestwo,,2267,M565x548S2ff20476x482S20500498x491S15452493x463S15a20544x521S2ea06540x502
królowa,,2264,M524x517S2ff20476x482S15452493x463S20600490x492
kropki,w kropki,118,M535x529S1c520479x501S26500465x487S26500483x471S26500503x483S26500521x475
krótki znak zastanawiania się,,336,M537x523S14c01511x496S14c09463x495S22511502x485S22517480x486S2fb00492x476
krzesło,,2065,M550x523S19a40522x477S19a48451x478S22a04531x505S22a14458x508S2fb00491x500
krzyz,,50,M570x551S1ec20514x519S2330a544x521S1ec56547x488S2ff00482x482
ksiądz,,975,M518x549S36a00482x477S1f110488x518S26506496x535
książę,księżniczka,2265,M563x537S36d00479x464S1c540533x509S21100515x515
książka,,1832,M521x529S15a10499x471S2e004500x501S2e01c478x501S15a18487x471
kto,,981,M549x553S11e10520x523S30100482x477S30a00482x488S26b00522x500
która godzina,,1360,M529x575S37806474x566S20356510x560S10a22503x535S20600477x551S30a00482x488S30100482x477
ktory,,1569,M520x513S20348480x498S1155e490x486S20500481x486
ktory,,1784,M544x576S14c08492x545S10021514x536S20500479x552S20500486x539S20500500x531S30c00482x488S30100482x477
który,,678,M528x575S1f502503x551S21f3a489x528S30c00482x488S30100482x477
kubek,,1237,M514x529S15d3a487x510S16f32494x471S20600490x500
kurtka,,2217,M565x533S36d00437x469S1ea07492x468S1ea0f407x467S2a603467x481S2a612433x481S21100479x509S21100435x508S1ea01533x512S36d00521x469S22b00537x480S21100552x495
kurtka z kapturem,,2218,M591x567S36d00432x512S1ea07476x514S1ea0f407x512S2a603457x523S2a612430x524S21100463x552S21100429x553S2ff00531x482S1ea15562x523S1ea1d510x522S2b700572x493S2b710505x492S2fb00541x536
kuzyn,,293,M523x523S10011488x482S10019476x479S20e00499x477S26a05502x502
kuzyn,,994,M526x524S11549474x493S20e00494x475S11541490x488S26505513x511
kwalifikacja,,717,M555x517S36d00479x483S1f540507x493S20500518x487S26b00528x498
kwaśny,kwas,1274,M535x543S35610482x482S1ea10510x500S20e00520x490S2df04514x522
kwiat,,194,M521x553S31500482x482S33e00482x482S17530488x536S22f00496x518S21d00478x525
kwiecień,"Wielkanoc, wielkanocny",1352,M567x535S2ff00482x482S10a08505x509S20500516x501S26500547x460S10a20541x479S2f900550x449S2df08528x495
L,,962,M512x515S1dc20488x485
Ł,,44,M517x517S1dc20484x487S26506502x482
Łączak,,534,M533x518S10a51493x483S10a59467x485S2db24493x506
łączyć,połączyć,796,M554x533S1064a452x513S20a00447x489S28803467x488S10610488x487S1064a510x518S10642528x515S20a00520x497S26c22520x467
ładniejszy,,1681,M572x587S1f702539x567S14c20533x512S21a32524x500S2df00534x545S31b00482x482S2f900561x568
ładny,,949,M519x544S1f702495x524S14c20489x469S21a32480x457S2df00490x502
łakomy,,481,M522x566S33b00482x483S18507503x512S1850f477x539S2ea10478x516S2ea04506x541
lalka,,2117,M569x581S33e00482x482S10008456x512S10020533x551S24e00526x519S24e14446x549S24e04548x519S24e18468x550
łapówka,,928,M518x539S15d59483x461S21404490x492S1853d491x520S22a00491x503S20b00504x476
laptop,notebook,1019,M521x524S15a36483x512S15a52481x504S20500511x505S2c500478x476
laryngolog,,2123,M525x570S36a00482x477S1ed02490x524S22f04490x556S20e00513x518
laryngolog,,2124,M525x570S36a00482x477S1ed02490x524S22f04490x556S20e00513x518
las,,547,M554x523S14c18474x476S14c10498x491S20e00490x493S22b00523x490S22b04538x493S22b14460x480S22b10446x480
łaska,,2164,M559x579S2ff00482x482S15d09480x478S15d01498x479S23a0b517x520S23a13464x519S15d37536x556S15d3f441x554
lata,,78,M521x532S1f52a479x488S1f522498x497S2ea00506x467S2ea10482x507
latać,,1416,M538x522S1a051508x494S2ea12484x486S1a059462x491S2ea32497x479
latać,,552,M552x546S1a051505x518S2ea32527x504S33e00482x482
latać na paralotni,,1312,M552x546S1a051505x518S2ea32527x504S33e00482x482
lato,,1563,M540x535S33e00482x482S15000487x504S26a04513x513
lato,,683,M518x552S30000482x482S30004482x482S15d00496x525S20500495x473S20500496x515
łatwy,,109,M536x523S14c38464x492S14c30512x492S22510513x476S22510465x477S2fb00491x485
łatwy,,304,M538x578S14c38462x527S14c30510x527S2fb00489x548S31900482x482S33e00482x482S22f00513x564S22f10463x564
Lech Wałęsa,,1699,M538x546S33b00482x482S20e00519x494S18510510x505S2df04517x520S37a06480x544
lecieć na paralotni,,199,M542x556S25607518x508S25611456x506S2fb00493x548S33f00482x482S15a57513x533S15a51468x532
legitymacja,,286,M518x532S15d09481x469S1a051488x504S22b04488x477S20e00503x480
lęk,strach,1753,M548x562S15d39493x539S10e14503x522S31a00482x482S20500492x530S27103521x528
lekarz,,2122,M527x522S20356496x507S11852500x478S20600472x492
lekcja,,884,M525x553S37806474x480S20356510x474S1002f501x475S2df0c503x508S10001502x523S2df08504x447
lekki,,1617,M538x578S14c38462x527S14c30510x527S2fb00489x548S31900482x482S33e00482x482S22f00513x564S22f10463x564
lekki,,2140,M538x535S14c38462x484S14c30510x484S2fb00489x505S22f00513x521S22f10463x521S22510511x465S22510463x467
lektor,,932,M521x530S1dc20497x469S20e00478x501S26a06505x503
lektorat,,478,M521x530S1dc20497x469S20e00478x501S26a06505x503
leń,"lenistwo, leniwy",698,M552x584S31b00479x482S35c04479x482S36d00479x525S15d30533x552S26a02515x557S20b00515x543
lepiej,,1904,M535x535S33e00482x482S1ce40513x505S31400482x482S2a601498x499
lepszy,,776,M536x538S33e00482x482S1ce40502x501S31400482x482S2a601519x515
leworęczny,"mańkut, żydowski, Izrael, Żyd",1051,M520x548S30004482x482S22522472x516S14c52489x517
leżeć,,1213,M517x517S15a37482x482S10e31488x487S20500507x488
liberalizm,,1252,M645x552S1ce09599x510S1ce01557x513S37703582x529S3770b578x530S2fb00587x476S1ce28545x477S1ce20623x478S26706579x489S26712567x501S2ff00482x482S10001501x486S10009475x495S2e300497x456S2e31c479x458
licencjat,,2152,M529x530S21100480x516S1dc20471x470S26606499x487S37806471x510S20300504x502S21400480x503
liceum,,1460,M525x576S36a00482x477S10010496x512S20e00513x511S22b04497x546
liczyć,,1288,M528x532S10001507x502S21410472x471S2880b505x477S20e00490x469S14c09480x485
liczyć,,993,M523x523S14c09477x489S10011502x493S20600476x477S20500501x479
lipiec,,111,M531x529S30004482x482S18010501x513S20600489x518
lipiec,,1462,M550x583S2ff33479x482S1f70a514x526S20500530x527S1f526530x539S20e00514x553S22f04525x569
list,,1456,M548x595S33b00482x482S19a20509x499S26507535x498S22b03517x523S15d39490x572S1f500491x540S20b00495x567
lista,,819,M527x523S15d48473x478S1ec40504x483S22a04509x508S20e00491x488
listopad,,1628,M538x527S11547488x499S11549462x500S23007512x481S23017478x476S2fb00503x472
litera,,237,M508x519S1f146493x481S2f900494x514
literatura,,693,M535x532S20500495x474S15a18488x483S15a10500x483S2fb00492x468S2e21c464x478S2e204515x476S26726481x516
litery,,712,M529x525S1f146472x476S1f146494x477S1f146514x476S26606488x509
Litwa,,1319,M546x517S30000482x482S10e02516x477S26606485x473
lody,,2256,M520x596S35904482x482S11540488x520S2b704506x522S11510497x566S22a04505x551
Łódź,,395,M521x517S30000482x482S2a601477x479S14410492x450S20500511x475
loki,,63,M536x548S36b00482x482S10610521x484S29504521x517
lot,,1000,M517x525S1a050484x496S25607493x475
lot tam i z powrotem,,1684,M527x525S1a050474x496S25607483x475S25603503x486
lotnisko,,188,M536x529S1a050464x493S25607473x472S15d50499x502S2e80a504x485
Łotwa,,1880,M518x536S30004482x482S1dc11478x506S20500501x517S22115456x495
łóżko,,1048,M532x514S1c510502x486S1c518468x486S20500495x488
łóżko,,1808,M536x524S11540503x475S11548480x475S26604520x493S26614465x494S2fb00495x513
lub,,914,M525x520S20331475x488S20351476x495S20500487x480S20337504x493S20357503x499S20500513x482
lubić,,1714,M521x531S15d02492x478S36d00479x470S22b04497x501S21100486x502
Lublin,,1670,M533x521S15d31502x479S15d39468x479S23100507x503S23114466x504
Lucyna Długołęcka,,1592,M536x541S37606478x464S10042506x526S36d00479x460S20e00501x513S22f01491x499
ludzie,,2296,M537x517S1dc20513x472S30000482x482S20500503x487S20500486x486S34010493x505
ludzie,,328,M522x523S26606492x470S30000482x483S10010478x493S20500487x485S20500504x485
ludzie,,424,M523x518S26606493x478S30000482x483S10010481x487S21100493x465
ludzie,,779,M521x517S26606491x458S1dc20463x450S2ff00482x482
luty,,622,M529x527S15a37470x488S11031486x501S27105502x476S21100492x472
łysy,,2198,M524x518S26604492x486S2ff20476x483S17152489x465
łyżka,,1015,M537x528S2ff00482x482S11902494x509S22a00524x513
M,,349,M512x507S18240488x492
M,,799,M514x509S15d02487x490
ma,,1653,M560x536S15d20522x509S26507547x514S32405482x482
ma,,1786,M518x547S15d10468x520S26502444x527S2ff00482x482
Maastricht,,1260,M521x535S18c20479x482S18c20506x483S22a04482x519S22a04507x520S26606488x465
macie,,75,M522x538S26500485x461S15d20477x487S15d20503x488S26500508x461S26606491x522
mądrość,mądry,1355,M539x517S30007482x482S21b00515x476S17510518x480
Magdalena Derwojedowa,,181,M546x540S2ff00482x482S10000460x484S10008530x485S2fb00493x526S26904530x522S26914461x521
magister,,1232,M576x517S30007482x482S15711513x479S26506539x477S1f502561x471
magister,,1417,M569x517S30007482x482S18010504x474S1f540554x465S26506534x473
magister,mgr,2157,M535x516S15d02465x492S2df08494x495S11a20520x483
maj,,829,M518x553S31500482x482S33e00482x482S17530488x536S22a00496x519S21b00487x523
mają,,283,M582x554S15d20522x509S26507547x514S32405482x482S15d20547x527S26507569x521
majtki,,2208,M580x552S1ef0c516x517S1ef04461x516S36d00479x448S26506548x517S26512441x518S22104568x522S22104426x521S2fc00495x515S21100545x536S21100452x538
mak,,166,M535x534S14c39466x501S1545b512x466S20500489x523S22b03493x480S22f03504x503
makaron,,964,M526x541S14c04493x459S14c0c473x477S20e00503x496S25604492x511S25604510x511
makijaż,robić makijaż,2039,M542x524S18507523x495S1850f458x497S2ff00482x482S26504501x500S26504507x493S26504511x509S26514488x501S26514482x495S26514478x509
Malbork,,782,M532x528S30006482x482S20310517x513S20500518x484S20500519x500
Małgorzata Czajkowska-Kisil,,1889,M518x517S31400482x482S10020498x480S28208497x450
Małgorzata Woźniakowska,,987,M546x521S10042516x506S1004a453x504S2fb00493x494S2f001523x479S2f010455x479
malo,,1822,M554x520S31900482x482S1f110525x505
mało,,140,M539x542S30004482x482S10001498x512S20e00489x519S22f04514x512
mało,,431,M518x553S30004482x482S20e00506x518S1ce42474x514S22f04482x539
Małpa,,526,M518x543S33b00482x483S14b11486x514S26a02461x516
mały,,844,M520x513S15a40508x486S15a48480x486
małżeństwo,,1578,M534x529S15d02507x471S15d0a467x510S26603493x491S20500479x506
mam,,1022,M521x516S15d02487x497S36d00479x484S20500492x492
mam pomysł,,1076,M535x523S30a00482x488S30100482x477S10011514x493S30007482x488S20500511x482
mama,,1448,M544x539S30005482x482S11510503x509S20600522x507
mama,matka,748,M528x549S30005482x482S11510513x519S30003482x482S20500518x505S20500476x508S2d600486x521
mama,matka,811,M529x546S30005482x482S11510514x516S30004482x482S20500510x509S20500495x516S26502491x530
Mama Niedźwiedzica,,394,M568x560S2ff00451x482S37a06474x558S37a06429x558S37a06520x558S2e700488x482S2e718430x463S30005513x483S30004513x483S11510539x519S20500545x509S20500525x520S17120483x456S17128432x493S26502521x533
mamy,,220,M521x516S15d02487x497S36d00479x484S20600480x492
mapa,,105,M524x529S15d09476x478S12d21497x504S29a04482x470
Marek Lasecki,,1411,M554x523S14c18474x476S14c10498x491S20e00490x493S22b00523x490S22b04538x493S22b14460x480S22b10446x480
martwić się,,1981,M565x517S31b00482x482S35000482x482S10a10523x484S30007482x482S20500510x474S2e200545x480
martwić się,,1982,M528x552S31900482x482S35100482x482S20300495x537S21100515x537
Maryja,,325,M565x536S2ff00480x482S15d11517x479S15d19457x481S23a04539x479S23a1c437x476S36d00479x528S20500458x525S20500531x525S2fb00491x471
marzec,,64,M527x532S15d49486x509S37703505x502S15d02478x489S20500508x514S27200472x468
marzenie,marzyć,1943,M548x517S30a00482x482S14c11514x470S2e705526x449S22511508x457
masło,,2230,M537x529S15d39463x494S15d13480x472S26903495x486S26907504x503S26903518x510S20e00481x507
masło,,2245,M528x523S14c39472x484S1c551484x477S26a03507x502S20e00487x508
masło,,485,M527x523S15a30474x496S15a04474x477S20e00488x506S27100487x487
masz,,920,M510x524S15d20491x497S26500494x475
materiał,,715,M530x522S18521496x478S27103503x496S20e00469x501
matka,,1439,M529x539S30005482x482S11510506x509S30003482x482S20500519x500S20500476x508S26502483x522
Matka Boża,,1731,M565x536S2ff00480x482S15d11517x479S15d19457x481S23a04539x479S23a1c437x476S36d00479x528S20500458x525S20500531x525S2fb00490x469
mąż,żona,388,M516x518S15d02489x481S15d0a483x499S20500494x498
metoda,,1013,M531x525S37906468x516S20356510x510S18551504x474S20500470x503S20500493x503S2d608473x491
metro,,878,M531x530S17159486x488S10051501x509S26701468x470
mgła,,1807,M540x539S31b00482x482S14c20510x499S14c28471x481S2e500517x472S2e51a470x516
mi,,1342,M513x513S17930493x487S20500488x502
mianownik,,1398,M521x518S36d00479x483S10011471x488S2df04451x493
miasto,,792,M532x514S15d48468x487S22e00515x493S20500485x498S15d20493x486
mieć,mam,130,M521x516S15d02487x497S36d00479x484S20500492x492
między,,186,M522x527S15d39477x497S15d41492x500S20500489x516S2e100499x473
międzynarodowy,,578,M548x538S15d39451x493S15d41463x497S20500459x515S2e100465x462S15d50496x474S26706506x522S23404502x507
miejsce,,1890,M518x575S14c50487x523S2e806484x560S31900482x482
miejsce,,834,M527x530S15d50496x469S15d58473x484S26c03507x504S26c11482x510
miejscownik,,496,M521x531S36d00479x470S2fb00458x525S14c11467x474S1f518447x475S2df18440x500S2df00474x503
miesiąc,,486,M509x532S10050492x467S22b04493x502
miesiąc,,562,M525x524S26c07505x491S15d39475x491S11551487x499S21100497x476
miesiączka,menstruacja,688,M525x524S26c07505x491S15d39475x491S11551487x499S21100497x476
mięso,,2238,M518x519S20357482x498S1d451493x480S20800481x486
mieszkać,,428,M540x518S30006482x482S15d10518x491S20600518x479
migać,,1203,M526x537S14c40502x506S14c48475x493S2ea00508x474S2ea40478x463
migać,,646,M523x525S14c40499x494S14c48477x486S21300493x474
migać,,719,M518x520S14c08482x486S14c21491x494S21100501x480
Mikołaj,,2091,M530x580S33e00482x482S22104494x573S20500512x518S22b04514x548S22104494x541S22104494x557S17b32486x521
milczeć,,549,M518x536S34d00482x482S10010486x506S20500504x515
milczeć,,560,M521x532S22104496x525S30304482x477S20500483x516S17d10498x506S33b00482x488
miliard,,1694,M521x528S18040484x472S2a603479x484S2a603504x486S26606487x512
milion,,51,M518x517S18040487x482S2a603482x494
miłość,,1395,M530x579S37600486x556S33e00482x482S15d01471x541S15d09504x539S20500469x556S20500520x554S37401485x519S37403472x520
miłość,,1443,M537x588S33e00482x482S10011516x558S24b0f490x541S21100517x540
miłość,,2092,M531x585S37600489x562S33e00482x482S20500520x560S20500468x560S20301475x547S20303505x544S37401488x522S37403469x522
miłość,,404,M529x562S37600485x539S33e00482x482S15d01470x524S15d09503x522S20500468x539S20500519x537
miły,,1911,M518x590S33e00482x482S15d01481x531S22a04495x575S21100495x555
minister,,1900,M563x521S36d10479x480S11504526x491S26b02545x494
minuta,,1603,M525x524S15d09475x501S10021477x501S27207492x475
minuta,,94,M520x520S10020480x486S27206501x480
miód,pszczoła,1691,M543x523S30006482x482S1ce10521x480S20600516x512
Mirosława Sosnowska,,399,M525x518S14c48474x485S14c02494x495S20600496x481
miś,,193,M540x526S2ff00482x482S2e700525x501S2e718459x469S17120522x478S17128463x501
miś,,652,M551x524S33010479x482S26a00517x483S20e00539x492S17120516x504
mistrz,,1530,M573x517S30007482x482S15711513x479S1f540558x467S26506539x477
mleko,,1621,M529x524S22a14516x476S21b00472x476S22a00483x508S20340507x508S20348474x489S21b00505x495S21600483x476S22a00504x475S22a14472x509S21600514x495
młodszy,,2114,M523x587S30004482x482S31b00482x482S1ce10501x510S2df00496x543S20500492x516S14c52456x563S22a03480x543
młody,,1492,M523x574S30004482x482S31500482x482S1ce10501x510S2e000497x545S20500492x516
młodzież,młodzieżowy,2227,M574x564S30004482x482S31500482x482S1ce10501x510S20500492x516S2df00496x543S15d50544x534S2e806542x513
mniam-mniam,,860,M519x581S31b00482x482S33e00482x482S14c02485x530S20e00501x551S22f04494x567
mnie,,752,M513x513S17930493x487S20500488x502
mniejszy,,1230,M541x518S15a40509x481S15a48481x481S26502526x491S26516459x492S2fb00494x512
moc,,1693,M539x518S18250501x482S18250465x482S22f04514x503S22f14462x504S2fb00494x504
moc,,761,M530x519S18250506x480S18250470x480S22a04517x503S22a14482x504S2fb00499x502
móc,,2145,M539x523S18250513x477S18250462x478S2fb00497x501S22a04526x506S22a14473x508
mocny,,372,M540x566S1f700520x538S1f708463x539S30c00482x482S26a02502x535S26a16485x535S2fb00495x560
moda,,699,M524x523S15d09475x479S15d02497x476S20e00482x484S26a02498x496
modelarstwo,,1596,M535x556S14c5a473x516S14c52477x491S14c52478x443S14c5a465x466S22b20519x474S2fb00478x550S2fb00485x550
modem zewnętrzny,,1212,M570x532S1c508494x488S1c520533x489S2df08549x468S2df1c474x509S2fb00522x488S15452430x517
modlić się,modlitwa,886,M512x517S20500494x482S15a18488x490S15a10500x490
mój,,1092,M521x520S1d910502x491S36d00479x481S20500488x493
mój,,1545,M552x518S10043522x483S36d00479x484S20600511x507
moment,sekunda,991,M515x515S1eb00491x496S22110485x485
Monachium,,179,M540x517S15000485x473S30000482x482S26a04513x472
monitor,,1089,M539x518S14c02508x492S14c0a461x482S22512499x496S22516492x482
monitor,,67,M535x523S10e08481x493S10e02475x477S20500465x485S22f04510x476
monitor płaski,,1480,M546x526S1f140517x474S1f148455x474S22b04530x494S22b14455x496S2fb00493x507
morfologia,,251,M523x536S10049478x506S21400479x504S26b07495x464S1ec17477x474
morze,,412,M528x555S30100482x477S30004482x488S18200505x523S26a02502x528S20e00488x525
morze,,872,M540x555S30100482x477S30004482x488S20e00488x525S26a02502x528S14e00515x520
Moskwa,,968,M532x528S30006482x482S20310517x513S20500518x484S20500519x500
motoryzacja,,1374,M534x521S20301466x480S20301513x479S23103504x496S23115477x495S2fb00493x515
motyl,,787,M545x532S37600488x509S14c01467x486S14c09507x486S22511457x475S22517527x476S36d00479x468S20500479x477S20500511x478
mówić,,1991,M519x540S34600482x483S14c01493x513S22511478x509
mówić,,870,M548x521S22114522x496S18510501x506S33c00482x482
może,możliwy,1601,M543x573S18250505x537S18250469x537S22f04518x558S22f14466x559S2fb00498x559S30a00482x482
można,móc,2144,M540x519S18250511x481S18250460x482S22f04515x504S22f14463x505S2fb00495x505
mróz,,765,M542x569S20348483x537S35000482x482S20340501x537S31900482x482S2880d522x530S20b00495x556
msza,,515,M525x527S15a20487x500S2e318475x473S2e300502x473S15a20504x500
Murzyn,,587,M564x535S11e18511x505S26a00537x513S20e00497x519S2ff00482x482
musieć,,1090,M537x587S2f900523x500S26500522x535S10010518x557S26900521x510S30c00482x482S34600482x482
musieć,,2292,M549x588S1dc03495x532S22b03484x564S33b00451x481S34500513x483S34600482x482
musieć,,735,M530x516S1de13500x484S22a03486x495S2f900471x511
muzeum,,1224,M551x521S15a20507x488S15a20486x488S2e40c522x488S2e415450x488S2fb00496x478
muzyka,,1109,M552x591S10050525x518S10058460x516S33e00482x482S2d604523x565S2d60c519x552S2d60c520x578S2d614454x549S2d61c453x563S2d614456x576S2fb00493x566
my,,1557,M555x514S36d00479x487S20500517x503S17840529x495S20500477x502S2d608487x499
my,,2076,M578x516S36d00479x490S1dc27532x484S26b06560x489
my dwaj,"my dwoje, my dwie",1354,M575x524S36d00479x484S17f50556x476S18552519x499S26503538x491S20500508x507
my razem,,270,M547x533S36d00479x505S20500508x510S17b10520x467S18510522x518S26504526x496
my trzej,,933,M563x525S36d00479x496S11e31525x495S2ea06538x476
myć twarz,,960,M564x543S31b00482x482S14c30474x501S14c38502x501S23600525x514S23610435x516S2fb00491x537
myć zęby,,2038,M537x562S36100482x482S10c10516x509S26602484x518S26602484x535S2f700498x555
myśleć,,1499,M534x519S30007482x482S10011513x489S2ee00505x465
myśleć,,1852,M528x534S10001507x492S10009477x504S2ff00482x482S2e500495x478S2e31c467x483
myśleć,,572,M540x533S30007482x482S20e00512x472S10011518x488S22f04515x519
Myślenice,,555,M538x529S30007482x482S10011513x489S37a06480x527S2e008517x463
mysz,,433,M524x522S15d38476x483S10050488x478S27102509x482
mysz,,659,M518x520S27102503x480S10050482x479
myszka,,396,M522x520S27102507x480S14e50478x481
N,,615,M515x507S11502485x492
Ń,,529,M515x516S11502485x501S22a04499x483
na podstawie,based on,2287,M526x515S20300511x500S15a02481x499S37906473x506S20600488x485
na przykład,np.,986,M540x523S15d39460x492S11551474x498S20500465x484S15d39503x485S20500507x477S11531515x494
nacjonalizm,,1026,M582x574S10001507x492S10009477x504S2ff00482x482S2e500495x478S2e31c467x483S15d50537x509S23404541x541S26706540x558
nad,"ponad, nadrzędny",1510,M531x521S28c00510x480S18218470x500S18210487x506S2f900483x490
nadzieja,,406,M547x517S33e00482x482S11501517x488S2df08526x466
najedzony,,2059,M521x537S20500490x498S14c02479x514S36f50495x463S36d00479x480
najgorszy,,544,M538x581S17550505x531S30c00482x482S35600482x482S21b00528x544S22b04510x551S2f900527x556
najładniejszy,,777,M563x605S1f702530x585S14c20524x530S21a32515x518S2df00525x563S30c00482x482S33e00482x482S2f900552x596
najlepszy,,1707,M540x538S30a00482x482S1ce40497x508S2b800517x496
najlepszy,,956,M555x531S30100482x477S18511505x512S18536528x467S2b800532x499
najmłodszy,,2115,M523x602S30004482x482S31b00482x482S1ce10501x510S2df00496x543S20500492x516S14c52453x569S22b03473x543S2f700470x539S2f900466x597
najmniejszy,,81,M537x569S15a40504x530S15a48485x530S26502520x541S26516463x541S31b00482x482S2fb00494x563S2f900526x533S2f900462x533
najmocniejszy,,629,M540x572S1f700520x544S1f708463x545S30c00482x488S2fb00495x566S26f02505x528S26f16487x527S35000482x488S30300482x477S2f900525x566S2f900469x564
najsłabszy,,609,M545x549S23110470x532S14c32503x513S14c3a475x510S23100519x496S31900482x488S30300482x477S2f700501x539
najstarszy,,2105,M561x557S30004482x482S20340495x518S2df00489x536S21100479x519S2f900550x479S1f702532x466S2f700526x535S28907521x499S31b00482x482
największy,,614,M553x569S15a40541x530S15a48448x531S26606504x539S2fb00494x559S26612467x539S31b00482x482S2f900450x563S2f900541x564
nakaz,,156,M523x522S10011502x478S22b03479x487S2f900477x517
nakazać,,380,M523x522S10011502x478S22b03479x487S2f900477x517
naleśnik,,2242,M527x534S11542497x500S1154a477x488S2ea08511x465S2ea18474x509
należeć,,566,M537x530S10e57488x500S10e59464x497S26607515x480S26617488x475S2fb00513x470
namiot,,292,M523x528S2fb00492x519S22b13477x504S15d11499x484S15d19477x484S20500494x471S22b05499x504
napój,,1170,M518x570S1ec40488x523S33b00482x482S2c305489x546
naród,"narodowość, narodowy",1167,M526x532S26706484x516S23404480x501S15d50474x467
narzędnik,,733,M521x525S36d00479x475S2df04469x504S14c11463x475
naśmiewać się,,1078,M590x575S35904482x482S32105482x482S11526539x551S1150a521x537S26a06573x548S26a16556x526S2fb00575x537
nasz,,559,M527x524S36d00479x476S11900510x499S20500476x490S20500513x492S2d608485x483
nauka,,456,M545x517S2ff00482x482S18510520x482S26a02519x456
nawiązać kontakt,get in touch,2289,M548x537S20500498x477S1c520499x486S1c508473x480S26601526x515S26615452x463
nazwa,,601,M567x518S30000482x483S1f020535x496S22e04509x465S26606537x476S1f512493x466
nazwisko,"nazwa, nazywać się",1037,M538x518S30000482x483S1f512494x466S23004513x470
negatywny,minus,1995,M530x511S10c10471x489S26506499x496S2f900519x500
nerwy,nerwowy,1937,M548x533S36d00479x467S14c02508x482S14c0a463x481S2a603515x510S2a603531x510S2a612477x510S2a612462x510S2fb00497x515
nic nie ma,niczego nie ma,68,M521x516S15a37479x488S15a51493x493S21100508x483
nie,,1070,M552x566S30342482x476S27202533x526S33b00482x489S14c20507x526S31900482x489
nie,,1297,M529x511S12d02471x488S18510504x496
nie,,1307,M518x524S30342482x476S33b00482x489S31900482x489
nie,,708,M552x566S30342482x476S27202533x526S33b00482x489S31900482x489S10020514x525
nie bardzo,,1926,M564x560S31b00482x482S35000482x482S14c40513x526S2a408539x524
nie było,,1069,M542x522S10002512x477S23002520x496S1000a457x477S23016458x497S2fb00489x499
nie było,,1165,M526x512S10002496x490S23002475x487
nie chcieć,,2001,M570x571S2df10456x510S15702516x534S1570a461x536S2df08529x511S30322482x476S20e00519x557S20e00473x559S26500556x525S26510440x527S14c50541x473S14c58445x476
nie chcieć,,345,M539x554S2c601514x482S2c610467x482S20e00494x497S20500519x543S14c50514x446S20500473x543S14c58461x447S14e32508x514S14e3a461x514
nie chcieć się,,473,M539x548S30100482x477S30004482x488S35904482x488S15d00497x521S20e00518x535S31900482x488S22114513x525
nie cierpieć,,676,M546x561S2e500486x532S14c32515x537S21100516x522S35a04482x489S30c00482x489S30322482x476
nie dotykać,,594,M579x568S20357479x547S20500473x539S1c551492x529S30c00482x488S30306482x477S22a07516x528S14c20541x498S27102564x504
nie lubić,nie podobać się,1883,M548x562S2e500488x533S14c32517x538S21100515x526S34100482x489S30322482x476
nie ma,"nie mam, nie mieć",1306,M575x532S15d02489x511S30004482x482S26606518x516S1f500551x513S20e00475x519
nie ma,już nie ma,307,M548x528S15d02493x509S34600482x482S2a601516x498S2f700536x503
nie mieć,,1247,M527x580S15d02486x539S30122482x476S22f04487x566S20e00515x562
nie mieć,,2149,M524x568S15d01472x541S30122482x476S15d02497x534S20e00465x554S2df08465x516S20600501x557
nie móc,nie można,2146,M518x519S33100482x483S19a10484x499S26500492x464S2f900494x452
nie moja sprawa,,72,M595x548S30302480x477S36e00477x530S15d18538x503S15d18551x521S26506573x530S26516561x506S2fb00580x519S2f920582x505S32103480x488
nie można,nie móc,2147,M518x531S33100482x483S2f900494x452S26500492x464S1f540493x507
nie pamiętać,,2143,M573x518S30007450x483S20600542x472S15a01485x484S2df08486x459S30007513x482S15a21550x486
nie pamiętać,,879,M540x517S30007482x482S14c20517x480S20600505x472
nie rozumieć,,1294,M546x524S11a11520x495S30007482x489S31900482x489S30342482x476S2df08515x473
nie słyszeć,,1902,M546x530S33010479x489S10a10523x504S30322479x476S26506531x492S31900479x489
nie udać się,,1204,M543x565S15d38472x525S10031506x535S20e00493x532S35000495x482S35904468x482S22b04527x534S22a10460x528S2fb00512x528
nie udać się,nie chcieć się,55,M544x545S30004482x488S26602500x529S30100482x476S20e00487x525S10012514x521
nie udać się,przegrać,728,M523x531S20e00495x502S10031502x468S15d39477x488S22b04505x501
nie umieć,nie wiedzieć,1856,M540x517S1f507518x485S31900482x482S2880a492x463S15d03468x484
nie widać,nie widzieć,805,M530x537S31400482x488S10e00495x504S26500516x514S30106482x477S10e01469x507S2df08449x498
nie widzieć,nie widać,2142,M530x555S31400482x488S10e00495x504S26500516x514S30106482x477S2df08495x534
nie wiedzieć,,1588,M553x541S30c00482x482S36e00477x522S14c00447x507S14c00530x510
nie wolno,zabronić,1551,M538x522S2d608509x490S2d610461x490S10011494x492S10019484x492S20500494x478
nie wypadać,,1598,M548x585S1dc0a454x527S1dc02518x529S26a16460x556S26a02526x558S20500495x535S30342482x476S2fb00492x556
nie zdać,,2150,M533x593S15d39497x557S10051479x564S30122482x476S10041461x534S2a200455x565S26607511x543S21100513x575
nie zdać,oblać,1183,M543x565S15d38476x523S10031506x535S20e00493x532S35000495x482S35904468x482S22b04527x534S22a10460x528S2fb00488x556
nie znać,,1052,M545x517S30007482x482S20500511x473S18210515x489S2df08524x463
nie znać,,2148,M540x517S30007482x482S15a01517x480S2df08519x454
niebezpieczeństwo,niebezpieczny,1967,M546x524S1ed35518x499S1ed3d454x499S2ea07516x476S2ea1f467x477S2fb00493x501
niebieski,,582,M512x529S11520497x499S2e500488x470
niedawno,,1869,M553x563S36d00479x524S15d01524x507S32406485x482S26a04526x532S2f920532x552
niedobrze,"beznadziejny, do kitu",1096,M546x573S1f524522x531S35000482x482S22f04518x559
niedobrze,,1783,M559x583S1f523523x511S1f525456x511S22c03526x526S22c15444x527S1f524515x568S1f524476x567S35000482x482S2fb00494x549
niedziela,,745,M515x517S22f04487x503S11502485x483
niedźwiedź,niedźwiadek,294,M538x517S2ff00482x482S2e700523x488S2e718460x460S17128462x490S17120517x463
Niedźwiedź Tata,,455,M573x538S2ff00442x482S37a06473x536S37a06425x536S37a06513x536S2e700480x479S2e718425x455S30000522x482S30004522x482S11512543x470S20500535x468S20500534x517S17120472x452S17128424x487
Niedźwiedziątko,,656,M564x570S2ff00482x482S37a06458x568S22a04547x534S37906506x568S2e700520x481S2e718462x468S17128463x498S17120516x452S15a52537x513
Niemcy,"niemiecki, Niemiec",690,M546x517S30007482x482S10621515x478S20e00501x471S26a00516x457
niemiły,,531,M518x570S34100482x489S15d01484x547S30322482x476S21100498x534
nienawidzić,,104,M542x564S20b00475x534S20348478x549S20500512x475S10611519x482S10620489x533S22b03505x511S31900482x482S30007482x482
nienawidzić,,403,M553x520S32102482x482S15d11530x497S15d19524x497S20500533x485
nienawiść,,1562,M542x564S20b00475x534S20348478x549S20500512x475S10611519x482S10620489x533S22b03505x511S31900482x482S30007482x482
nienawiść,,1633,M553x520S32102482x482S15d11530x497S15d19524x497S20500533x485
nienawiść,,73,M518x547S31900482x488S20500502x504S11500481x517S30300482x477S26506500x522S20500487x505
niepokój,,1932,M551x585S30c00482x482S35000482x482S1f510514x528S1f518482x539S22f04513x550S22f14477x565S2fb00510x579S2fb00519x579S20e00539x550S20e00465x562
niewola,,1996,M519x539S20340504x462S20348488x461S3780b481x476S37802494x476S22b24488x509S22a14503x512
niewykształcony,,2191,M533x517S30007482x482S33c00482x482S17210516x469S22104499x469
nigdy,,536,M534x577S2f900523x572S20320495x519S29b04512x528S2ff33479x482
niski,,2183,M512x524S15a50497x477S22f04487x510
niszczyć,"patologia, patologiczny",2002,M522x525S20336478x497S20350487x510S26a00495x492S20f00492x475
no,,1390,M549x562S14c39523x518S34200482x482S14c31449x518S2fb00492x536S22a04530x547S22a14455x546
no ale,,1236,M539x558S30a00482x488S14c30515x527S14c38463x526S30100482x477S34300482x488
no cóż,,1656,M539x552S30a00482x482S34200482x482S14c38463x520S14c30515x521
no to co,,9,M552x565S36e00477x527S14c3e451x539S30107482x477S14c36521x541S31900482x488
noc,,430,M527x538S15a07486x506S15a00470x463S15a00515x465S15a01495x507S22b03486x475S22b15487x475S36d00479x534S2fb00490x462
normalny,klasyczny,452,M547x519S10050508x489S10058475x489S26d00520x480S26d10454x480
Norwegia,,207,M517x526S11950482x500S24509488x474
nowość,,1158,M524x524S15d09475x475S15d02497x477S20e00480x480S26a02498x497
nowy,,1881,M524x518S15d09475x481S15d02497x483S26602491x502S2f900476x509S20e00480x486
Nowy Meksyk,,260,M531x513S11920469x486S18d20511x488S26506494x498
Nowy Sącz,,126,M573x531S15d09427x475S15d02449x477S26602443x496S2f900428x503S20e00432x480S20336501x486S20352506x490S20332558x484S20356554x487S21100507x469S2df28524x483S37a06445x529S37a06492x529
Nowy Targ,,1771,M556x523S15d09443x479S15d02465x481S26602459x500S2f900444x507S20e00448x484S1ea40527x477S1ea48508x484S2e802524x504S2e812506x508
Nowy Testament,,1901,M552x524S15a37504x489S18550516x498S26a07531x479S20e00511x476S20e00455x490S15d09447x485S2f900447x515S26602462x508S15d02468x489
nudny,,2177,M518x568S35100482x482S18502499x527S21100498x554
nudny,,976,M576x576S36a00482x477S20500513x509S33b00482x477S2f900565x549S10001522x518S20307549x555S31900482x477S22a05538x546
numer,,96,M527x534S20314474x519S10010479x465S21416481x501S26b04500x475S20500492x504
O,,1129,M511x515S1ce10489x485
Ó,,556,M513x521S1ce10487x491S22a04500x478
o!,och!,2055,M518x517S30a00482x482S34400482x482
obaj,,1645,M518x520S27102503x480S10e30482x481
obawa,obawiać się,1993,M527x558S31b00482x482S14c01482x531S20600505x528
obecny,,1713,M530x533S36d00479x467S1ce40508x480S1ce48468x480S22a04501x518S22a04515x518S22a14469x518S22a14483x518S2fb00491x505
obiad,,2046,M545x530S1f440516x511S33b00482x482S15d02478x504S26502507x516
obie,,971,M518x520S27102503x480S10e30482x481
obiecać,obietnica,812,M546x540S2ff00482x482S2f900533x535S11520531x501
objazd,,1494,M522x525S10051477x504S2d608493x475
oboje,,527,M518x520S27102503x480S10e30482x481
oboz,,149,M523x528S2fb00492x519S22b13477x504S15d11499x484S15d19477x484S20500494x471S22b05499x504
obraz,,985,M543x517S2ff00482x482S17b00497x484S22a04519x492S22104531x495
obrus,,1593,M575x574S2fb00491x426S14c20508x427S14c28465x427S2890b532x443S28913435x443S14c40540x474S14c48433x473S2f900564x479S2f900425x477S1ea40539x553S1ea48436x551S22b00546x521S22b10433x522
obrus,,1882,M565x540S2fb00492x461S14c20509x462S14c28466x462S2890b533x478S28913436x478S14c40541x509S14c48434x508
obserwacja,"obserwować, oglądać, hospitacja",1997,M553x528S15420535x503S31b00482x483S2e500530x470
obudzić się,,1696,M560x517S31400497x482S31600466x482S1eb10536x491S21b00536x481
obuwie,,2225,M518x563S30004482x488S30100482x477S1f700492x525S26904492x545
obuwie,,409,M523x544S30004482x482S20306492x517S20e00511x515S22a04510x529
ocena,,344,M516x519S20348487x504S1f522501x495S26a07493x480S20e00484x491
oczy,,1249,M518x527S31400482x482S10001491x497S26506499x492
od,,667,M527x513S15d48472x486S20350512x498S20500491x487S26506493x498
odchylić drzwi,,175,M521x536S14c21479x491S26607491x464S2f800483x525
odcinek,,603,M546x517S16c56525x497S36d00479x484S2f900529x488
odcinki,,1431,M592x517S16c56525x496S36d00479x483S2f900529x487S16c56548x497S16c56571x496S2f900553x485S2f900578x487
odlot,,591,M517x525S1a050484x496S25607493x475
odmiana przez przypadki,odmieniać przez przypadki,291,M521x527S36d00479x492S10011471x497S2e000453x473
odpoczywać,"odpocząć, wypocząć",742,M546x520S36d00479x481S11e10501x490S11e18467x490S20600446x501S20600524x503S2fb00489x496
odpowiadać,"odpowiedzieć, odpowiedź",1174,M524x577S33b00482x482S11521497x510S11501453x550S15d08439x537S20500504x496S20b00456x527S29503473x529
odpowiedzialność,odpowiedzialny,1998,M564x547S33b00482x482S10001505x508S10009472x508S20500520x497S20500467x497S2c607529x507S2c612445x509S10050549x470S10058430x473S2fb00491x541
odważny,odwaga,1974,M572x559S20303512x538S20305461x537S31400482x482S2c607534x520S2c612443x522S20326431x502S20326557x499S2fb00493x536
ogród,"ogrodnik, ogrodnictwo",274,M528x525S10010505x475S10018474x492S23100502x508S23110472x475
ojciec,,581,M530x526S20500494x515S20500492x470S11542500x479S30000482x482S30004482x482
OK,,124,M515x544S1ce10493x514S26900493x493S21b00486x520S14c40489x455
oko,,1141,M527x527S31400482x482S10001506x497
okres,,15,M559x519S15d40509x492S15d48471x492S26606529x496S26612441x499S2fb00491x486S2fb00491x480
okres,,429,M544x522S10e40473x490S10e48457x490S22100456x478S22100528x480S10e48529x492S26606493x506
okropny,,2155,M548x571S31b00482x482S1ce40526x529S1ce48457x529S27102510x530S27116480x531
okropny,,2156,M546x567S27116478x527S1ce40524x525S1ce48455x525S27102508x526S31a00482x482
okulary,,2195,M580x556S2fb00447x526S10b01462x495S10b09427x496S2ef00476x487S2ef10416x487S2ff00438x483S2ff00525x481S10b10564x494S26504565x528S10b18505x494S26514506x527S2fb00534x530S2f700484x549
Ola,,774,M511x528S1ce10489x498S26a02492x471
olej,,1220,M518x518S19240497x499S19248482x498S21100501x481
ołówek,,329,M530x515S22f04469x501S20e00477x484S19a31503x484
Olsztyn,,813,M560x519S33100482x482S10002501x504S20e00519x486S22f00535x484
on,ona,1591,M518x553S31900482x482S10041472x523S26501455x506
on,ona,338,M542x548S26506521x534S32106482x482S1f500518x516
on,ona,353,M537x559S31900482x482S10047503x538S26507524x522
on,ona,564,M518x543S10042470x528S32102482x482
on pyta mnie,ona pyta mnie,1215,M549x517S26603510x489S1ce42519x468S33b00482x482
on uczy mnie,ona uczy mnie,70,M582x517S18500524x486S2fb00539x450S26a03559x457S18500558x486S26a13527x462S32107482x482
oni,,192,M536x516S10041464x486S2d608485x487S10040521x484
oni,,588,M540x531S10040461x469S2d608484x491S10047510x501S2f900516x526S2f900463x505
oni dwaj,,2077,M526x526S10e37475x501S27105499x473
oni dwaj,wy dwaj,2083,M509x538S10e30491x508S27106494x461
oni trzej,w trójkę,12,M513x526S2ea06488x474S11e30490x496
operacja,operować,2141,M548x542S10031496x478S10039466x498S26604500x511S26600516x509S26604532x512S26610452x465S26614464x467S26610477x459
opiekować się,,2050,M562x536S14c20513x497S14c2e466x513S23705527x464S23717438x481S2fb00494x502
opłatek,,1505,M561x517S2fb00488x511S2a613439x488S20500493x483S2a602528x490S2a602544x490S2a613453x488S18540501x495S18548471x495
Opole,,1007,M528x517S33100482x482S1f010498x497S22104515x461S26500514x474
opór,opierać się,2000,M574x575S30c00482x482S35000482x482S20320529x525S20324540x546S26a00547x531S26a10528x505S2fb00531x569
opowiadać,opowiedzieć,258,M530x578S2ff00482x482S10011509x517S10019470x520S2ea08497x532S2ea18485x553
opowiadać,opowiedzieć,640,M534x576S30100482x477S1ce40512x511S1ce48478x522S2ea08505x534S2ea18490x551
oralista,,1420,M538x539S34400482x482S12200489x511S2e500515x512
oralizm,,1043,M538x539S34400482x482S12200489x511S2e500515x512
oralny,,724,M538x539S34400482x482S12200489x511S2e500515x512
organizować,"zorgaizować, organizacja, organizator",1785,M539x529S10050517x499S10058468x499S28108519x470S28110461x470
ortografia,,165,M562x523S37906438x501S20300478x495S15d42447x490S20600452x512S15d39513x494S18511523x490S20e00512x482S26a07541x477
orzeczenie,,1311,M511x517S1ec10488x498S26500496x482
osiem dni,,499,M532x526S14c00499x495S28a2a496x473S11e08468x493
osiem godzin,,148,M524x527S14c20501x496S11e28475x496S2e32f487x473
osiem godzin,,861,M546x521S14c00481x488S23000521x479S1ea10521x500S11e08454x488
osiem lat,,1781,M544x520S2ea00529x493S14c00501x487S2fb00492x479S2ea10456x493S11e09474x490
osiem złotych,,973,M528x530S26a02510x503S14c00505x469S26a16477x503S2fb00493x523S11e09473x470
ósmy,,239,M529x527S14c20505x496S11e28474x496S2df00508x473S2df18471x472S2fb00492x492
Osnabrueck,,1801,M551x517S30007482x482S1f410517x487S22114511x474S22104539x474
osoba,,1541,M551x521S36d00479x479S22b04522x491S10000505x490S21100538x495
osoba,,1580,M540x524S36d00479x476S2fb00493x518S10008481x486S10000505x486S22b04524x486S22b14463x487S21100494x485
osobisty,,484,M540x524S36d00479x476S2fb00493x518S10008481x486S10000505x486S22b04524x486S22b14463x487S21100494x485
otworzyć,,416,M522x535S17500501x476S17508476x476S2fb00491x529S21b00504x465S21b00488x465S26614480x499S36d00479x509S26604504x499
otworzyć,uruchomić,1740,M534x529S17520501x512S17528476x512S36d00479x472S21b00526x517S21b00464x517S22a07520x499S22a11465x499S2fb00492x504
owoc,,998,M551x534S33e00482x482S30006482x482S20310521x498S23600512x517S21100522x481
owsianka,,369,M622x563S2ff00482x482S16202498x506S2ea00523x489S20340600x547S20348567x528S21b00598x534S21600576x515S22a00597x514S22a14565x548S21600607x534S21b00565x515S22a00576x547S22a14609x515
oznajmić,"zawiadomić, przekazać informację",1221,M592x517S30007482x482S18510513x486S18520567x488S2d604542x496
P,,1071,M514x507S1f410485x492
pa-pa,,402,M513x521S17f20492x492S22114487x480
paczka,,1748,M557x523S15d40492x488S15d48443x488S15d02529x476S15d0a530x504
Pałac Kultury i Nauki,,1877,M531x535S15d39470x512S17330480x492S20500472x504S22b00515x472S21600503x501S21600503x482S21600503x464
palce,,1041,M512x523S22510490x477S14c00488x492
pamięć,,1262,M533x517S30007482x482S20311512x473S20600492x468
pamięć,,1983,M584x518S30007482x482S10011517x488S20500511x476S26506542x490S20340569x489
pamięć,,802,M565x518S20500478x475S20311544x474S30007514x482S30007449x483S10011484x486S20500531x469
pamiętać,"dysk twardy, pamięć",605,M533x517S30007482x482S20311512x473S20600492x468
pan,,250,M554x577S1d450525x549S10020522x501S20e00525x500S26500522x480S36d00477x527S20500514x558S30006486x482
pani,,1791,M556x575S20800521x492S1d417522x504S1d450527x547S36d00478x524S20500518x560S33000476x482
panna,,209,M546x530S33010479x482S1d417521x495S30004479x482S20500521x483S20500494x519
państwo,,497,M545x528S1d450516x498S20500509x512S36d00479x473S20500483x511S1d458454x500
państwo,,887,M525x520S16c10475x480S16c18505x480S3770b483x498S37703494x498S20500495x489
papier,,1857,M543x521S1f701502x479S1f709480x479S23600504x504S23610457x504S21100494x495
papiez,,1195,M546x517S2ff00482x482S15a10534x475S15a18454x471S23917472x455S2390f512x455S20500493x450S2fb00492x468
papież,bierzmowanie,832,M538x528S30006482x482S11511513x501S20500518x490
paralotnia,,793,M595x563S1a051454x525S2ea32465x505S33e00432x483S33e00533x482S15a57566x540S15a51521x539S25607571x515S25611509x513S2fb00546x555
parasol,,839,M512x541S20300495x526S1ea00489x483S2ee01490x458
parlament,,79,M538x531S2fb00491x510S17e28463x482S17e20515x482S27608505x503S27610462x503S2f900519x468S2f900465x470
partia,,1361,M521x515S36d00479x486S1ce42467x493S21100502x500
partia,,244,M508x518S20320493x503S26500493x481
Paryż,,1378,M547x530S11511500x483S11519475x482S22b01523x506S22b17452x506S20500494x470S2fb00491x522
pasja,,885,M527x553S33e00482x482S15a01504x516S20500494x517S20500495x542S31900482x482
paski,w paski,943,M526x523S36d00479x478S14402477x489S26606496x507S21100512x491
pasterka,,348,M560x532S15a07537x491S15a21506x482S24905525x501S15a20468x495S15a20451x495S2e300466x468S2e318439x468
pasterka,,847,M525x540S15a20416x491S2e318404x464S2e300431x464S15a20433x491S15a08476x460S15a00513x460S15a09481x506S22b15489x482S22b03487x481S15a01494x508S36d00479x536
paszport,,143,M515x523S15d39485x495S20340495x476S20500488x506S20500499x499S26507502x510
październik,,1154,M519x521S10048484x491S10641490x489S20e00482x479S21800501x483
pedagogika,,1674,M537x518S17520516x501S17528463x500S21d00463x487S21d00519x487S2fb00493x481
pełny,,1137,M515x522S20348499x495S15d51487x499S20e00485x479S26507502x478
peron,,1008,M520x532S2ea00480x467S15d40481x499S1f540505x497S2f900507x527
piątek,,1461,M521x523S20348492x476S37809487x491S19a01492x481S20e00478x488S26a04494x505
piątka,,1240,M515x528S15d39489x505S20b00492x494S14c42484x472
piąty,,278,M512x526S14c20489x495S2df00490x474
piąty,,916,M526x516S14c08474x484S10021496x495S20500496x483
pić,,1379,M518x570S1ec40488x523S33b00482x482S2c305489x546
pięć dni,,1110,M524x527S14c01476x500S28909497x473
pięć godzin,,1346,M539x531S37806460x496S20356496x490S2df08516x484S2df0c518x510S14c01485x500S14c21476x469
pięć godzin,,1523,M526x529S37806473x520S20356509x514S2e308503x471S14c20493x490
pięć godzin,,227,M531x522S23000506x478S1ea10504x501S14c00469x484
pięć lat,,1282,M521x515S2ea00479x487S14c00498x484
pięć lat,,1666,M518x544S2ea00441x516S14c10460x513S2ff00482x482
pięć złotych,,1031,M520x516S26a02481x483S14c00497x485
Piechota,,521,M519x527S15a30487x500S11842492x507S26a00481x473
pieczątka,,37,M508x523S20340493x476S22a04494x498S2f900495x518
pielęgniarka,,201,M548x517S26606486x464S10e02518x463S2ff00482x482
pieniądz,pieniądze,525,M520x524S27123492x475S21100489x489S1ea30480x503
pieróg,,1303,M520x526S1ea58480x505S1ea50497x473S22104489x491S22104506x500S22104504x516
pierwsza klasa,,92,M551x525S16d10475x474S16d18466x495S26500491x480S26514450x499S20500477x493S1f502518x491S26a02537x494S2fb00473x519
pierwszy,,1644,M519x515S1f500481x494S20500481x484S10021489x494
pierwszy,,1760,M515x522S1f500486x492S20800488x479S10041494x492
pierwszy,,1859,M538x515S1f522463x491S2df04488x489S1f500514x484
pierwszy,,491,M518x524S11e00483x476S10019483x494S20500508x485
pierwszy,,74,M513x525S10000494x495S22f04488x475
pierwszy,jeden,2107,M517x518S11e09487x488S10021487x495S20500482x481
pies,,2098,M542x541S36d00479x460S15a1c530x514S20600504x521
piłka,,2120,M522x516S17016502x483S1701e479x483S20600488x505
pilnować,,1952,M521x523S36d00479x485S10011472x493S20600452x478
Piotr,,760,M528x526S15d48473x473S10052495x478S20500492x475S2e100505x497
Piotr Tomaszewski,,213,M537x542S15d49468x519S15d41507x519S15d49477x458S27300507x490S27318476x487S27318463x487S27300521x489S15d41500x458S20500495x473S2fb00493x498
pisać,,311,M526x522S15a37473x499S18511485x491S26a07505x478S20e00484x480
pisać na komputerze,"komputer, klawiatura, informatyka, pisać na maszynie",743,M538x526S14c50510x495S14c58468x495S22520506x479S22520461x479S2fb00491x473
pismo,,91,M526x519S15a37474x495S18550490x504S26a07505x481S20e00473x488
piwnica,,1514,M541x526S30006482x482S20310517x511S20600519x498
piwo,,1979,M526x521S20348494x506S15d51503x479S20600473x487
piwo,pub,7,M525x514S15d51502x486S20348494x499S20600475x487
pizza,,2241,M531x536S15d38473x510S10013501x464S2eb06469x492
pizza,,2251,M535x523S1ee50510x501S1ee58466x500S26a02519x478S26a16466x476
plac,,1276,M516x523S15d50486x476S2e80a484x508
Plac Trzech Krzyży,Instytut Głuchoniemych,221,M570x551S2ff00482x482S2330a544x521S1f056542x482S1f020509x525
płacić,"zapłacić, płatność",508,M524x525S15d39475x489S17e0c487x493S26507505x475S22104512x495S21100510x511
płacz,,1918,M544x546S30a00482x482S10001505x500S10009475x500S22a05522x529S22a13466x527S2fb00491x540S21100531x515S21100460x513
plan,,1464,M532x524S15d39468x498S10e14479x476S20500468x486S15d39498x501S10e04504x478S20500522x490
płaszcz,,2219,M589x536S36d00434x464S1ea07478x466S1ea0f409x464S2a603459x475S2a612432x476S21100465x504S21100431x505S36d00523x464S14c02555x480S14c0a511x481S22b04573x506S22b14513x506S2fb00541x506
plotkować,"plotka, plotkara",2042,M555x537S2ff00482x482S10052504x496S1005a468x497S27200515x466S27210448x467S2fb00492x525S2fb00492x531
płukać ucho,,2130,M561x518S33010479x482S10022523x483S28106529x502
plus,,1758,M515x519S10012485x496S10018489x489S20500493x480
płyta,,1131,M522x529S15d39478x506S10013492x482S2ee09478x471
pływać,"pływak, pływanie",2041,M552x533S15a50512x506S15a50479x506S2d608513x485S2d608523x467S2d610457x488S2d610449x468S2fb00494x495
po,,757,M519x525S10019481x494S1002f498x495S20500489x487S26500499x474
po południu,południe,208,M544x536S20500509x512S20500482x513S30005482x482S30003482x482S17800518x504S2d608487x524
pociąg,,2172,M510x530S2ea10495x469S15d48490x503
pociąg,jechać pociągiem,571,M510x529S2ea00490x470S15d40491x502
początek,"rozpocząć się, rozpocząć, na początku",720,M537x545S14c58462x514S14c50513x514S2f900517x474S2f900468x473S2fb00491x499S18520508x455S18528467x455S22b00517x482S22b10466x481
początek,rozpocząć,1149,M526x527S15d38474x473S27300495x477S15d51495x504S21100513x484
poczta,,392,M550x520S33b00482x482S19a20511x500S26507537x506
pod,podrzędny,160,M529x515S18218470x492S28c0c508x487S18210485x486S2f900481x503
podanie,,1789,M521x528S15d38483x472S15d30500x502S2b700502x479S20500479x473
podatek,,374,M524x516S15d39476x486S10051485x495S20600502x483
podmiot,,1231,M515x517S11a42485x502S26500489x482
podobać się,,24,M521x522S15d02489x486S36d00479x478S20e00477x498S22f04493x508
podobny,,469,M546x525S31900482x482S33b00482x482S14710509x503S20600524x495
podpis,,1002,M520x527S15a37481x480S18511493x477S20e00480x473S2da02494x497
podróż,,144,M526x526S1ea20503x474S28c03475x482S1ea00489x505
podróżować,,702,M520x520S1ea00481x480S2eb07496x495
podstawa,,1422,M527x515S15d02481x495S37906473x506S20300512x500S20500486x485
podstawa,,959,M527x516S37906472x494S20500489x505S15d42481x483S20300512x488
podstawowy,,2153,M513x520S15a50486x493S15a50501x493S20600489x480
podstawowy,,2154,M527x523S37906472x501S21404483x505S20300512x495S15d32476x477S20600480x512
podstawy,,1619,M527x517S15d02481x483S37906473x494S20300512x488S20600487x506
podstawy,,911,M527x516S37906472x494S20300512x488S15d42481x483S20600486x505
pogoda,,577,M550x517S2ff00482x482S10001483x481S2e400521x481
pojechać,,1649,M573x530S22b07549x487S1ea00532x509S2ee05529x486S32406482x482
pójść,,1344,M531x525S1dc20470x495S26607496x484S22104519x475
pójść,,1602,M512x537S1dc20488x507S26600495x477S22104495x463
pójść,,1788,M528x527S1dc20504x497S26601486x484S22104473x473
pójść,,845,M539x516S22104460x502S26602478x500S1dc10515x484
pojutrze,,611,M540x523S1dc10516x493S36a00482x477S22e00520x473
pokój,sala,668,M542x522S15d39459x486S1f051471x478S1f056515x493S15d39510x486S20500462x480S20500532x492
pół,połowa,1787,M519x524S10011492x494S10019480x491S20e00481x477S26505506x494
pół,połowa,1847,M518x518S15d39482x494S15d41493x495S20e00484x482S26505505x483
połączenie,"połączyć, złączyć",368,M554x533S1064a452x513S20a00447x489S28803467x488S10610488x487S1064a510x518S10642528x515S20a00520x497S26c22520x467
pole,,247,M516x523S15d50486x476S2e80a484x508
pole namiotowe,,824,M552x528S15d50449x480S2e80a448x512S15d11528x484S15d19506x484S20500523x471S22b05528x504S22b13506x504S2fb00521x519
polecieć,,2173,M535x527S1a041507x497S23a0e466x472
polecony,,1091,M531x538S33b00482x482S10010490x508S22e00514x518
polityka,,1831,M544x529S10041473x479S10049457x475S22a04479x513S20e00484x476S10049503x480S10041523x475S20e00508x472S22a14507x514
północ,,1613,M533x549S22b00517x519S15d10495x521S2ff00482x482
Polska,"polski, Polak, polonistyka",330,M553x517S18541526x483S36d00479x484S20500467x504S20500519x506S2d608484x499
południe,południowy,598,M518x515S15d1c482x487S22b04502x485
pomagać,"pomóc ci, pomóc tobie",1627,M527x521S15d39474x493S15d40489x494S26a00500x478S20e00476x485
pomagać mi,"pomóc mi, ty pomagasz mi",1272,M526x523S15d39474x493S17832479x476S20e00489x511S26a04499x481
pomarańcza,,1025,M527x533S15451490x480S15435484x495S2ea05505x466S2ea15472x512
pomoc,,1298,M525x514S15d39476x486S15d40491x487S20600503x488
pomysł,,184,M541x517S30a00482x482S1eb10517x486S21b00515x476
poniedziałek,,1301,M515x513S13f10486x498S22114487x486
poniedziałek,,1531,M517x513S1f410488x498S22114482x487
popatrzmy,,2069,M534x548S26600518x500S10e00491x501S31b00482x482S2f800486x537
populizm,,443,M547x531S14c38453x500S14c30501x500S22510502x484S22510454x485S2fb00480x493S2d608518x470S2d618465x468
poręcze krzesła,poręcze fotela,2070,M541x538S1ed26522x462S1ed2e460x462S2fb00492x509S26704521x496S26714461x496
Portugalia,,1358,M534x547S2ff00482x482S10001513x517S22b04507x487
porzucić,,1430,M518x588S14c21463x528S14c2f433x529S2a603467x557S2a613440x557S2fb00455x582S31900482x482
poseł,,725,M541x558S36d00479x442S1f540526x462S1f540526x523S26504525x500S2f900527x488S2f900529x553
posłać,"wysłać, wyślę ci",1425,M522x523S10018489x493S10042491x493S20500478x488S2d604493x477
potem,,1776,M550x521S15d10527x494S30a00482x482S26b00523x473
potrafić,,28,M542x539S30004482x482S10022512x506S28102498x523S20e00487x519
potrzeba,,389,M528x515S15d48473x487S20600495x485S18040497x500
potrzebować,,1402,M528x515S15d48473x487S20600495x485S18040497x500
poważny,powaga,2199,M527x576S30c00482x482S20348497x561S20340504x542S20e00515x561S26602467x536S26606468x547
powiedzieć,powiem ci,87,M535x541S33b00482x482S10001504x511S26900519x502
powiedzieć jej,powiedzieć mu,1844,M536x541S33b00482x482S10010495x511S26906518x521S32406482x482
powiedzieć mi,,686,M527x544S33b00482x482S10000491x513S26904511x526
powietrze,,1424,M518x517S15d11495x483S22f03483x496
powietrze,,1733,M526x542S14c10503x464S14c18474x464S26602488x494S26616480x504S26602488x515S26616481x526S2fb00493x457
powietrze,,736,M552x544S31900482x488S14c20529x505S30140482x476S26702486x509S2f800489x533
powinien,,495,M522x514S1de12492x486S26a02478x487
powinien,,98,M523x520S1de13493x481S22f03478x499
powód,powodować,1736,M525x527S1f540498x503S22f00490x473S20306510x497S20e00496x488S37806475x504
powodzenie,,356,M525x526S1f540497x502S22f07504x474S20306509x496S20e00495x487S37806474x503
powoli,,1441,M541x531S14c10504x478S14c18477x478S36d00479x469S22b04525x480S22b14462x478S2fb00494x525S21100495x506
powrót,wrócić,447,M586x592S10e01561x490S10e09533x495S24b23529x529S10e59481x566S10e57510x562S32405482x482
powstać,założyć,1334,M543x516S11010528x489S11018457x489S2a603501x492S2a612484x492S2fb00494x483
powtarzać,,255,M538x568S17b10521x486S18520484x547S15d39473x534S22b03512x522S2ff00482x482S20500484x557S22b03502x512
powtórzyć,,128,M538x568S17b10521x486S18520484x547S15d39473x534S22b03509x516S2ff00482x482S20500484x557
pozamykać,,474,M555x544S14c20531x458S14c28446x457S18528469x529S22b11474x489S18520502x527S22b03506x486S22b07517x493S22b03531x500S22b11450x499S22b15463x496
pozdrawiać,życzyć,5,M544x566S33e00482x482S15d01521x506S15d09464x524S2ea00515x522S2ea10481x541
poznać się z kimś,"zapoznać się z kimś, poznać kogoś",387,M538x537S15d38461x469S15d30519x469S26602485x473S26616487x486S2fb00496x463S15d39479x509S15d31492x514S20e00504x507
Poznań,,710,M532x523S10042502x508S20500475x501S20500469x477S2a600496x482
później,,910,M547x521S15d10527x494S23000522x471S30a00482x482
późny,"spóźniony, spóźnienie, opóźnienie, spóźnić się",1409,M524x522S20348507x486S3780b476x492S15a41501x490S20e00495x506S28802480x479
pozwalać,pozwolić,243,M549x514S2fb00491x507S22e10451x495S22e00532x494S15d20507x486S15d28471x487
prać,,2049,M522x522S2033a478x506S20351480x492S27103495x477S21100502x508
praca,"pracować, pracownik, robota",297,M520x517S20304481x483S20304481x502S20600498x493
praca,pracować,697,M525x524S20330491x503S20330491x485S2ea00510x477S2ea10475x499
pracowity,,1130,M534x560S20304495x526S20304495x545S20600512x536S30c00482x482
pracownia,,763,M566x523S15d39434x487S1f051446x479S1f056490x494S15d39485x487S20500437x481S20500507x493S20304527x476S20304528x496S20600544x487
Praga,,1721,M529x530S16d40511x471S16d44471x471S22b04511x500S22b14472x499S2fb00492x509
pragnienie,,58,M518x548S36a00482x482S30100482x471S31900482x482S10008499x518S22a04486x531S21100472x531
prasa drukarska,,1333,M534x515S14c37477x489S14c51466x485S20c00506x495
prasować,,2048,M538x529S15a36498x517S37806463x523S1f704518x491S26702468x471S26706468x486S26702468x502
prawda,"prawdziwy, rzeczywisty, szczery",1957,M533x535S30005482x482S10010499x505S26600517x487
prawo,,465,M516x518S15d39493x495S20340496x481S20500484x485
prawosławie,prawosławny,93,M535x558S30000481x482S18540499x485S20500495x469S36d00479x526S20500491x533S20500525x527S22b04462x481S26606496x542
prefiks-mężczyzna,,2268,M546x530S30006482x482S10020519x500S20e00520x484S26500532x496
premier,,1191,M521x530S36d00479x470S11a01485x485S20500475x494S20500484x509S20500496x519
premier,,1391,M528x530S36d00479x471S11a01482x481S22b05504x506S21100513x489
prezent,,921,M539x559S33e00482x482S1ea10505x529S1ea18472x528S2b700520x509S2b711458x508S2fb00492x553
prezydent,,161,M548x561S2ff00482x482S2e10c525x533S1ea52521x505
próba,próbować,1658,M518x548S30004482x482S19a10471x504S20e00495x519S22f04489x534
problem,,897,M562x517S12152466x492S20500460x483S1210a438x489S1215a508x493S12102535x490S20500530x484
procent,,301,M519x528S1ce10482x471S2f900486x503S2f900508x523S22a05496x505
procesor,,1529,M529x525S10002495x488S1000a474x499S2f002508x506S2f010472x476
profesor,,1527,M537x518S17520516x501S17528463x500S21d00463x487S21d00519x487S2fb00493x481
program,,679,M525x522S15a00489x478S18010495x487S20500476x484S20500476x497S22a04509x507
prom,,1898,M513x526S15030487x495S26500491x474
proponować,"zaproponować, proponować tobie",366,M521x528S15d38483x472S15d30500x502S2b700502x479S20500479x473
prośba,prosić,1234,M513x528S20500495x491S15a18487x501S15a10499x501S23020488x471
prosto,,1884,M516x521S15d10484x492S26700500x479
prosty,,1728,M520x537S15d18480x488S15d10501x510S20e00486x520S26700495x463
protestantyzm,,401,M542x526S36d00479x474S10001513x484S10009466x485S2fb00493x502S22a05529x511S22a13458x512S21100494x483
prowadzić,"zaprowadzić, skierowanie",520,M516x533S17640483x517S1ce10494x500S20800487x504S26620490x467
Prusy,,1469,M518x517S30000482x482S10020497x456S20500484x473
prysznic,,22,M520x517S2ff00482x482S17550491x447S22a04496x466S21b00512x466
prywatny,,1364,M525x523S36d00479x478S1ce3e493x501S20600503x492
przeciwny,,1205,M526x513S10a00473x486S10a20500x487S20500491x502
przed,,1835,M524x517S1000f494x486S10019476x487S2b704492x482
przedmiot,,453,M512x526S15d57488x473S2a20c489x498
przedrostek,,230,M521x523S10049478x492S1f047498x493S20e00481x483S26503503x477
przedstawiać,"przedstawić, przedstawić się",1343,M520x530S15a27479x507S15a01497x502S29009494x469
przedwczoraj,,378,M557x532S1dc40516x493S36a00482x477S27304541x505
przedział,,183,M537x535S2ea00463x465S15d40464x497S15450500x499S2f900500x530S2f900501x489S2f900502x471S26700521x478
przedział,,1909,M540x530S2ea00460x471S15d40461x503S20340515x491S26606510x470
przegrać,przegrywać,1280,M515x526S15030486x474S26a04488x512
przegrać,stracić,1291,M522x537S15d31496x514S16e32502x463S22e02501x491S15d39478x476S20e00480x465
Przemyśl,,1604,M549x559S36a00482x477S10011508x510S20e00519x507S37a06480x557S22b05525x534
przenieść,przenieść się,1124,M530x528S18552493x503S18552469x502S2fb00498x471S2d608501x487S2d618470x485
przenosić,,568,M521x520S18552506x495S18552479x494S2da28480x480
przepraszać,,1839,M521x525S15a37479x493S15a51494x502S21100500x475S26507508x489
przestępczość,,2004,M528x521S2ff00482x482S10a10506x495S26500514x475S2f900513x464
przestraszyć się,przestraszony,1732,M521x574S31a00479x488S30300479x477S14c02480x545S2f900503x569S36d00479x534
przestraszyć się,przestraszony,2075,M551x582S31b00482x482S34700482x482S14c01466x519S14c37522x538S20500495x525S2390a487x543S20e00539x562S20351515x548S26506523x568
przeszły,,1720,M545x546S36d00479x495S17802524x520S15d00526x454S26604523x485
przewodnik,,645,M516x533S17640483x517S1ce10494x500S20800487x504S26620490x467
przez,,1534,M519x522S15d39480x496S15d41496x499S20e00496x477S26501481x478
przeżywać,,1928,M536x523S36d00479x478S15502510x490S1550a471x490S20600514x511S20600471x511S2fb00498x517
przychodzić,,1244,M577x583S10037547x526S28c02512x507S10014507x544S28c02517x519S1003f426x525S28c1a456x515S1001c488x553S28c1a458x533S2ff00482x482
przyczyna,geneza,1560,M525x527S1f540498x503S22f00490x473S20306510x497S20e00496x488S37806475x504
przygotować,"przygotowany, gotowy",1899,M544x516S14c48456x484S14c40484x485S22b26514x497
przygotować,"przygotowany, gotowy",513,M567x515S14c49517x488S14c47540x488S22b26484x493S14c4f433x487S14c41457x485
przygotować,"przygotowywać, przygotowanie",272,M544x535S14c48472x465S14c40501x466S23404507x503S23414456x502S26706474x519
przyimek,,889,M525x524S19a51502x476S20e00474x487S26a03480x503
przyjechać,,1597,M574x530S36d00479x492S1ea20551x470S22b03528x492S2f900514x525
przyjść,,361,M580x530S32105482x482S28c02514x509S14c07553x502
przyjść,,822,M583x562S10037553x529S28c02514x509S10014498x532S32105482x482
przyjść do ciebie,wpaść do ciebie,1032,M525x526S20306510x495S37806475x502S15a10502x499S2c300488x474
przyjść do mnie,wpaść do mnie,504,M525x525S20306510x503S37806475x510S18232499x475S2c305489x501
przylot,,1119,M523x521S1a053495x479S25603477x497
przymiotnik,,367,M524x520S19220476x501S2a30c501x480
przynieść,,1641,M543x526S1ea40503x505S1ea48456x505S28c0a515x481S28c1a467x481S2fb00501x474
przypadek,,804,M521x519S36d00479x484S10011471x489S2df08448x482
przyrostek,,377,M521x523S10049478x492S1f047498x493S20e00481x483S26507503x477
przysłać mi,wysłać mi,512,M529x533S10018482x471S20500505x522S20500471x466S2d205496x491S10012484x471
przystanek,,1123,M508x518S1f540493x483S2f900495x513
przystanki,,425,M517x538S1f540484x503S2f900484x485S2f900486x533S2f900483x461S26700501x476
przyszłość,przyszły,814,M515x531S15d10496x504S2b800486x469
przywiązać się,,1745,M556x551S1ea50501x481S1ea58479x487S2ea34499x450S1ea58476x523S1ea50501x523S26606526x529S26612443x530S2fb00492x545
psychika,psyche,1927,M531x559S30007482x482S10001510x489S20500517x478S22f03480x538S21100495x529
psycholog,,1151,M521x522S36d00479x482S10013483x478S22f03485x496S21100472x508
psychologia,,1370,M521x522S36d00479x482S10013483x478S22f03485x496S21100472x508
pub,,2052,M549x537S1f521527x497S36d00479x463S1f523457x501S22a03516x522S22a15479x523S2fb00496x519
pub,,2053,M541x531S2ff00482x482S15a01504x508S20600519x504
pukać,zapukać,1049,M549x540S2ff00482x482S10600524x514S26a00522x497
punkt,,1182,M526x515S15d48474x484S20500493x485S10002496x500
punkt,,926,M513x518S10a20487x483S2f900499x513
pusty,,882,M527x534S15a57504x490S14c51473x490S37703497x512S3770b486x509S2ee0c474x466
pytać,"pytam cię, zapytać, zapytać cię, pytanie, zapytanie",1336,M533x548S26600517x507S33b00481x488S30100482x477S1ce42478x526
pytać go,"pytać ją, zapytać go, zapytać ją",1846,M549x544S26607527x504S33b00481x488S30100482x477S1ce40498x514
pytać go,pytać ją,653,M518x549S26601457x502S33b00481x488S30100482x477S1ce43477x526
pytać mnie,zapytać mnie,1655,M569x523S26602514x507S1ce40547x491S2ff33479x482
pytać was,,1067,M518x544S33b00482x487S2d608472x460S30100482x477S26601456x492S1ce42477x522
R,,1484,M508x515S11a20493x485
Rabka,,1632,M542x532S33010479x482S16228522x492S20e00520x455S26a00515x474S37a06477x530
Rabka,,426,M521x531S11511483x504S11519480x501S2e120482x469S21100508x501
racja,,1876,M532x516S1c510502x484S1c518468x484S20600489x505
radość,,1919,M559x628S31400482x482S33e00482x482S10001507x501S10009472x502S20500521x498S20500470x497S22a05520x532S22a13467x532S14c02516x555S14c0a464x554S2a603527x578S2a603542x604S2a612461x576S2a612446x605S2fb00499x549
radość,,1920,M537x602S31400482x482S33e00482x482S15d02492x528S15d0a482x552S22f04499x547S22f14482x573S20e00525x546S20e00471x572S2fb00499x596S2fb00492x596
rajstopy,"pończochy, rajtuzy",2203,M591x535S1853f408x505S18551429x486S20500413x490S18537491x507S18559464x488S20500496x493S20357550x489S3780b524x505S14c57565x465S26703556x500S18551522x512S21100531x487
rajstopy,"pończochy, rajtuzy",2257,M541x556S1853f355x490S18551376x471S20500360x475S18537438x492S18559411x473S20500443x478S14c04510x524S14c0c473x525S36d00479x444S22a00512x502S22a10478x502S21100528x504S21100465x506S2fb00495x510
rama,,1751,M554x528S26612445x478S22b14446x498S16c20502x473S16c28477x473S26606524x478S22b04536x495
rano,,682,M546x517S21b00520x486S1eb10522x496S30a00482x482
raz,,714,M527x526S15d39473x486S10041485x496S26e0a500x481S20e00475x474
razem,,61,M558x536S14c10535x465S14c18441x465S18518471x521S18510499x521S26503526x501S26515458x501S20500493x506
reakcja,,1946,M534x532S11a20517x502S11a28467x502S24e00513x468S24e18466x469S2fb00494x500
ręce,,1405,M545x517S20357456x486S20351524x488S10051469x495S10059503x496S20500477x484S20500518x483
ręce,,422,M535x532S26504479x513S14c50511x468S14c58465x468S14c50473x480S20e00495x477S26514515x517S14c58509x484S20e00500x504
ręcznik,,1166,M527x551S18521428x493S27103396x525S21100414x515S2ff00482x483S15d00502x492S15d08482x492S22f04502x524S22f14477x524S37606416x465
referat,,518,M550x517S2ff00482x482S15d02523x487S2eb00530x453
ręka,,296,M521x516S20357478x486S20500499x484S10051491x495
relacja,,1945,M525x522S11a11499x494S11a19475x495S20600491x477
religia,,1434,M521x569S30004482x488S30100482x477S22a04489x554S20e00509x520S10010490x521
restart,,662,M522x525S10011501x495S2ea07479x474
restart,,867,M511x522S1f740491x507S26500490x487S2f900490x477
restauracja,,47,M544x522S19a20516x502S19a28462x502S2a603524x477S2a603509x477S2a612472x478S2a612456x478S2fb00494x503
rezerwować,"rezerwacja, zająć",489,M535x530S15d09465x507S14c51508x469S20350479x512S22b03495x491S20500467x501
robić,czynić,663,M522x538S2ea00506x480S1e102496x514S1e10a478x493S2ea10482x462
robic-wszystko-aby,,871,M537x543S36a00482x482S35904482x482S1e102511x519S1e10a482x519S20500499x518S30304482x471
rodzeństwo,,1799,M519x537S10058482x507S10050500x507S27120480x463S21100491x486
rodzice,,103,M530x526S20500494x515S20500495x470S11542500x479S30000482x482S30004482x482S30005482x482S20500512x508
rodzice,,825,M532x519S30000482x482S20500496x472S11541508x475S28905495x494
rodzina,,2037,M541x535S11e51511x466S2eb4a487x495S2eb06506x499S11e59459x510
rogi,,384,M536x517S2ff00482x482S1764d508x468S1764f479x466S22a07523x457S22a11467x454S2fb00495x461
rok,,1427,M524x524S1f528477x497S1f520497x509S2e700509x477
romski,,1606,M518x517S20600496x482S15d0a482x492S15d01492x494
Romuald Szurik,,1102,M524x525S15d38477x474S10050489x481S27102509x485
Rosja,"Rosjanin, rosyjski",1132,M533x555S33100482x482S1c500503x485S20500495x496S24904495x519
rower,jeździć na rowerze,217,M550x514S2ea08502x487S2ea18483x487S1c510520x486S1c518451x485
rower,jeździć na rowerze,764,M519x531S20350482x486S20350504x502S2ea08499x468S2ea18482x506
róż,"różowy, zaróżowienie",809,M555x523S30101482x477S15410521x496S30006482x488S2ea0c540x497
rozglądać się,,2063,M582x523S30102418x476S32402418x487S32400459x488S30106459x477S30106503x476S32406503x487S32405546x486
rozmawiać,"porozmawiać, rozmowa",1384,M550x560S10011506x512S10019474x530S33b00482x482S26604534x494S26600520x490S26610469x510S26614457x511
różny,,808,M577x522S2fb00448x495S19201464x480S19205422x480S19205515x479S19201551x479S2fb00539x495S22e02468x502S22e02556x505S22e16425x501S22e16519x504
różny,,891,M550x575S31500482x482S33e00482x482S19a01504x526S19a09471x526S26606520x551S26612463x550S2f800486x564S2fb00496x553
różny inny,,954,M566x561S26712437x545S19a00518x525S19a08451x525S2fb00491x554S26706524x544S31900482x488S30304482x477
rozpoczać,zacząć,1178,M550x554S10620529x508S10628451x507S2ff00482x482S22a04535x538S22a14452x539S21600528x495S21600463x496S2fb00493x530
rozumieć,,1662,M547x517S11a11521x486S20600506x471S30007482x482
rozwiązać,rozwiązanie,1795,M556x551S1ea50501x481S1ea58479x487S2ea34499x450S1ea58476x523S1ea50501x523S26606526x529S26612443x530S2fb00492x545
rozwód,,644,M571x521S15d02490x495S15d0a485x497S1f501549x495S1f503430x495S26606518x503S26612452x505S20500494x484S2fb00491x478
rozwój,,1907,M532x533S18530507x518S18538468x518S23a07510x467S23a1f469x469S2fb00493x507
rudy,pomarańczowy,2088,M514x519S20357486x498S20331493x497S21100491x480
Rumunia,,746,M555x547S30101482x477S15410521x496S30006482x488S2ea0c540x497S37a06457x545S37a06505x545
ryba,,411,M522x520S15d40478x489S27206503x480
rynek,,1300,M531x518S15d39468x495S15d51474x495S15d31508x494S15d59503x493S20500473x483S20500511x481
ryż,,2240,M529x535S33100482x482S11a12499x499S2840e495x516S21100480x515
ryzyko,,1965,M525x524S15d39475x495S10051495x476S26c03503x501S20e00489x512
RZ,,1445,M524x516S11a20476x486S2450a493x484
rząd,"rządzić, zarządzać, zarząd",874,M541x527S36d00479x474S19a51518x476S19a59456x475S26c03511x508S26c11472x507S20500484x493S20500503x494
rzecz,,99,M525x515S11a40475x485S26506493x488S2f900514x493
rzeczownik,,899,M525x515S11a40475x485S26506493x488S2f900514x493
rzeka,,436,M542x533S14c51515x503S14c5f488x506S26601483x466S26611458x475S22511504x490S22511478x499S2fb00480x484
Rzeszów,,939,M523x527S11551496x488S11559478x487S20500495x474S22a24494x512
Rzym,,222,M544x522S20350479x485S20359465x501S20e00456x494S26503465x480S20358505x485S20351517x500S20e00532x494S26515521x478
S,,1373,M513x518S37b00499x482S37b03487x501S37d06493x498S37d0a490x498S37b0a505x490S37b09503x483S15c12498x498
Ś,,1233,M514x525S37b00497x489S37b03485x508S37d06491x505S37d0a488x505S37b0a503x497S37b09501x490S15c12496x505S22a04501x474
Ś,,2043,M513x525S37b00499x475S37b03487x494S37d06493x491S37d0a490x491S37b0a505x483S37b09503x476S15c12498x491S22a04497x510
sad,,1383,M530x520S20358509x501S20358474x481S23100504x479S23114471x503
sakrament,,1235,M526x518S37b00485x482S37b03473x501S37d06479x498S37d0a476x498S37b0a491x490S37b09489x483S15c12484x498S2330a500x488
sala,,400,M542x522S15d39459x486S1f051471x478S20500532x492S15d39510x486S20500462x480S1f056515x493
sałatka,surówka,2236,M537x533S11e10503x466S11e18477x466S2890f500x503S28917477x502S2890f512x506S28917463x506S20500497x471
sam,,1159,M507x521S10000492x478S2f900495x516
sam,,1811,M525x525S36d00479x475S22b05501x501S1f511487x483S21100511x491
samochód,auto,1555,M534x519S20301466x483S20301513x482S23103504x499S23115477x498
samochód,auto,76,M533x526S1ce40511x496S1ce48467x495S26500512x473S26510473x473S2fb00491x496
samolot,,904,M517x525S1a050484x496S25607493x475
Samoobrona,,894,M559x539S36d00441x461S22b05465x486S37a06504x537S1f511449x469S36d00517x461S15a21522x485S15a21504x488S26501508x466S26511488x470S2fb00523x519S2f900515x513S2f900537x510S37a06457x537S21100455x496
samotność,,1948,M522x525S15d5a478x475S1f540482x501S2ee00501x497
sanki,,444,M521x528S15a30490x472S11030489x501S20e00478x485S26600505x485
schować,,2022,M516x526S15a06483x483S18250488x474S22b04500x496
ściągnąć,,1315,M518x554S1ea10455x510S1ea18435x500S35000482x482S22b05482x528S22b15445x529S2fb00475x548
ściągnąć,,470,M512x541S14c30488x459S20330494x517S22a04494x496S2f900496x536
sedzia,,1870,M530x520S20358509x501S20358474x481S23100504x479S23114471x503
sędzia,,487,M526x533S33b00482x482S11501501x506S20500496x506
sejm,,1772,M526x539S16d20502x519S16d28483x519S2d606504x491S2d61e475x492S16d00507x468S16d08477x468S20500495x474S2fb00493x461
sekretariat,,1841,M522x531S36d00479x470S1ec10499x481S20500488x479S20500489x500S20500489x520
sekunda,,506,M513x518S10a20487x483S2f900499x513
senat,,1493,M531x536S2fb00491x463S20500493x476S2d606502x493S2d61e473x494S17e00508x476S17e08469x477S17e20505x521S17e28473x521
ser,,2232,M530x522S15d38481x496S15d04482x478S20500472x491S23004505x478S2f900470x486
serce,,355,M521x527S36d00479x474S16c42476x489S20e00501x494S22f04472x513
serdeczny,,1332,M521x527S36d00479x474S16c42476x489S20e00501x494S22f04472x513
sianko,,1779,M524x530S37803494x496S1f70a505x481S22f04486x516S3780b476x494S11e11477x470S20e00477x497
siano,,1643,M524x530S37803494x496S1f70a505x481S22f04486x516S3780b476x494S11e11477x470S20e00477x497
siedem dni,,167,M531x527S14c08498x495S1dc09468x497S28a2a495x473
siedem godzin,,1651,M525x528S14c20502x496S1dc28475x498S2e328487x471
siedem godzin,,831,M545x523S14c00480x486S23000520x477S1ea10520x498S1dc09454x493
siedem lat,,1746,M544x520S2ea00529x493S14c00501x487S2fb00492x479S2ea10456x493S1dc09473x490
siedem złotych,,681,M527x530S26a02509x503S14c00504x469S26a16476x503S1dc0a473x475S2fb00492x523
siedzieć,,734,M541x536S1ed26522x463S1ed2e460x463S22b04522x496S22b14464x496S2f900526x531S2f900467x530S2fb00492x510
sierpień,,177,M528x524S20348513x476S37806478x483S11042476x490S2eb06472x509
SignWriting,,1033,M534x544S14c40510x457S14c48468x457S22a04515x495S22a14472x495S14c50508x513S14c38466x511S2fb00493x497
SignWriting,,1878,M524x518S37b00488x482S37b03476x501S37d06482x498S37d0a479x498S37b0a494x490S37b09492x483S15c12487x498S18720506x484
siódmy,,119,M535x527S14c20512x496S1dc28467x494S2df00512x473S2fb00492x502S2df18465x474
siostra,,1340,M588x528S10058555x491S10050573x491S20800520x491S1d417521x503S33010479x482S20500566x477
siostra,,1477,M585x530S30005482x482S1ea10514x508S20500519x495S10020570x497S10028552x500S26a00558x476S20e00573x493
siostra,,2085,M593x528S10058555x491S10050573x491S20800520x491S1d417521x503S33010479x482S27120554x474S21100565x452
siostra,,528,M526x525S10058475x495S10050493x492S20e00489x474S26a00499x487
siwy,siwe włosy,2181,M554x522S2ff00515x487S14c20522x466S20500544x482S22510522x449S36b00448x477S1eb10481x489S20800482x476
siwy,siwe włosy,2182,M581x523S17832559x478S22f04556x509S20e00542x502S36d00512x493S36b00446x482S1eb10480x489S20800477x475
skala,,1381,M524x525S15d18475x474S10020495x495S22b00497x475S21100511x487
skandal,,306,M516x539S20500505x509S1545a487x460S2eb02484x481S22a04492x500S20330492x521S20350498x524
skaner,"skanować, zeskanować",1507,M518x527S15d38483x501S20350489x491S26504489x472S21100505x474
skarpetka,,2204,M593x533S1853f407x503S18551428x484S20500412x488S18537490x505S18559463x486S20500495x491S3780b523x503S15d59550x484S15a41570x466S26603571x492S26505563x512S21100543x473
składać,składnia,1885,M537x520S15d39463x495S15d51470x497S15d31514x491S15d57506x493S20500470x483S20500511x479
sklep,,1635,M534x539S18050504x461S18058466x461S2b704514x481S2b714470x481S15d20508x512S15d28472x510S2fb00494x511
skrzydło,,1179,M554x532S36d00479x469S15d26527x478S2e00c533x504
skrzydło,,957,M566x516S36d00479x485S22f00541x502S37806503x508S20352488x501
skrzynka pocztowa,,692,M553x533S15d41480x479S15d49457x479S23904498x501S2391c448x503S17520532x490S21b00528x485S26500537x467
skrzyżowanie,,210,M559x526S15d40484x499S15d48441x498S26a00477x479S26a10442x478S2fb00464x473S10042529x494S10048531x493S20500518x479
skrzyżowanie,,857,M533x513S1ef50468x490S26e04502x486
skutek,,1683,M522x523S20357501x477S3780b477x493S1eb30494x490S21b00487x484S26501477x483
słabosłyszący,niedosłyszący,1913,M518x549S2ff00482x482S15a10496x483S22b04494x519
słabszy,,974,M537x582S23110472x559S14c32506x552S14c3a472x531S23100511x531S31900482x488S30304482x477S2f700497x575
słaby,,1228,M532x568S23110467x551S14c32501x544S14c3a467x523S23100506x523S31900482x482
Ślęczka,,533,M526x521S15d39486x479S10021496x482S27e05497x499S21100475x501
ślepa miłość,,750,M580x554S33e00447x482S15d09442x530S15d01452x531S20500463x522S26620426x521S31900447x482S31900517x482S33b00517x482S15d11544x491S15d19501x491S2fb00528x469S2df00559x473S2df18489x474
ślepa nienawiść,,501,M584x522S15d19477x499S15d19511x489S20500481x483S33b00527x480S15d11554x489S2fb00535x468S31900527x480S32102437x484S15d11483x499S2df00563x465S2df18506x465
słodycze,cukierek,2234,M550x540S10011510x510S30005482x482S2e000529x496
słodycze,cukierek,2249,M544x535S35d06482x482S10a10507x509S20600522x500
słońce,,2200,M537x519S2ff00482x482S10001499x489S2e300514x471
słowa,,580,M566x533S10049525x482S10049483x480S20500442x467S10049434x478S1f047453x478S1f047501x482S1f047543x483S20500494x467S20500532x469S26706472x517
Słowacja,"Słowak, słowacki",1120,M553x532S2ff00482x482S10001509x496S10021507x483S2d606531x499S2d61e448x502S10009472x496S10029460x484S2fb00493x526
słowo,,137,M521x521S10049478x490S1f047498x491S20500489x479
słowotwórstwo,,1150,M559x529S10049441x498S1f047461x499S20500452x487S17530538x504S17539512x504S21b00514x491S21b00548x492S22a00545x472S22a10510x471S2fb00527x487
ślub,"żona, mąż",1217,M528x528S14c0a471x471S1d140499x472S21000488x499S26502487x514
służyć,"usługa, usługiwać, służba, służący",1472,M528x521S15d39471x492S15d41483x498S20e00473x481S27101501x479
słyszący,,262,M538x523S33010479x482S10a10523x497S26a02524x469
słyszeć,,1843,M574x523S33010479x482S10a10523x497S26606544x490
smacznego,,1727,M541x541S33e00482x482S30005482x482S1f107510x511S20e00529x515S22104520x509
smaczny,,626,M541x541S33e00482x482S30005482x482S1f107510x511S20e00529x515S22104520x509
smakować,,1905,M549x541S33e00482x482S30005482x482S1f107510x511S22114523x511S20e00536x520
śmierc,"umrzeć, umarły, zmarły",113,M521x516S36d00479x484S15a11479x493S20500467x489
śmieszny,,2086,M569x590S36a00482x477S20500501x514S33e00482x477S10601531x547S10001510x524S22b05525x521S27102554x550
śmigus-dyngus,dyngus,2166,M550x605S20349446x531S1804b512x553S33e00482x482S22b15462x554S22b05526x569S22c11436x553S22c01494x572S2fb00490x545
Smosna,,467,M518x527S15a38482x500S15022487x497S2ef01493x474
smutny,,631,M518x540S21100480x525S20302498x525S34d00482x482S30a00482x482
śniadanie,,2235,M570x539S33b00457x484S18507478x512S20500469x520S2ff00508x482S1eb10546x489S21b00542x478
śnieg,pada śnieg,1455,M538x551S14c50510x471S14c58468x471S22520506x455S22520461x455S2fb00491x449S22c04511x509S22c14470x507
sobie,siebie,1947,M517x522S1f552484x478S22f04483x508S20e00505x493
sobota,,1739,M521x538S15d02486x476S36d00479x463S23600482x501S21100495x524
socjalizm,,364,M570x534S30004482x482S10052499x502S20e00493x518S26506511x520S20320554x489S26500556x468
sok,,2044,M537x528S37b00475x492S37b03463x511S37d06469x508S37d0a466x508S37b0a481x500S37b09479x493S15c12474x508S1ce10489x493S11e10514x492S22e00514x472
sok,,2045,M525x527S37b00486x491S37b03474x510S37d06480x507S37d0a477x507S37b0a492x499S37b09490x492S15c12484x507S22e00504x473S11e10502x492
sok,,2281,
sól,,2253,M514x519S1ea50491x498S21d00487x480
sól,,337,M512x526S1ea50487x505S21100487x485S22942502x474
Solidarność,,1330,M521x523S36d00479x489S1f142476x478S37906474x521S26506498x501S21100484x500
solidarność,unia,122,M523x534S16f52480x488S16f36476x508S20a00505x507S2eb42476x466
sos,,2252,M521x520S14430479x481S27102506x480
spać,,381,M550x523S31600482x487S1f410521x497S30104482x477S22100515x483
spacer,spacerować,1665,M553x577S2ff00482x482S33e00482x482S14c00524x514S14c08455x513S2fb00492x536S26b04526x559S26b14455x559
śpiący,,972,M550x517S31600482x482S1f410521x492S22110516x479
spódnica,,2258,M546x539S36d00479x462S14c52515x503S14c5a458x503S20500518x527S20500476x528
spódnica,spódniczka,2207,M551x554S36d00479x446S1820c517x490S18204463x492S22b04522x513S22b14464x514S26506536x540S26512448x538S21100538x523S21100450x521
spodnie,,2205,M557x554S36d00479x446S1cd40537x491S1cd48512x513S2ea0c541x529S2ea18515x482
spodnie,,2206,M555x551S36d00479x449S1151c535x521S11514518x521S22b20527x485S21100542x503
spójnik,,1741,M524x531S20a00488x469S10637475x494S10651493x488S2eb22487x516
spokój,"spokojny, quiet",1999,M535x531S36d00479x469S1f510516x477S1f514465x477S22b04519x499S22b14465x501
sport,"sportowy, piłka nożna",2226,M527x517S2031b484x496S15d51504x484S20600472x483
spostrzec,zauważyć,2064,M534x532S31b00482x482S10001509x502S26500520x486S2f900520x475
spotkać się,spotkanie,1556,M538x521S10010523x479S10018462x479S26502501x495S26516482x495S2fb00493x487S20500495x510
spowiedź,,673,M518x537S33b00482x482S15a10484x510S20500485x499
sprawa,,1206,M523x518S15d39500x495S20340503x481S20600476x487
sprawdzać,"sprawdzić, sprawdzian, kontrola, kontrolować, stopień",1197,M528x520S20348473x505S1f520488x496S26a07507x479S20e00479x489
sprytny,,261,M518x517S10020498x486S31900482x482S24b08490x455
sprzątać,,2051,M587x528S15d19413x478S15d41437x504S22a00443x483S22a14418x504S20e00430x490S15d11500x473S15d49474x505S22a04508x503S22a10479x484S20e00496x494S15d19536x474S15d41564x499S22a14538x504S22a00572x479S20e00552x490
sprzeciw,,869,M526x513S10a00473x486S10a20500x487S20500491x502
sprzedać,sprzedaż,2006,M550x528S1ea41502x495S1ea49473x494S20500493x517S2d608506x481S2d610470x481S2fb00494x472S2f900451x493S2f900539x495
sprzedawać,sprzedawca,2007,M543x528S1ea41503x498S1ea49475x498S20500501x517S2d608506x484S2d608514x472S2d610462x484S2d610457x472S2fb00492x475
średni,,1010,M518x529S15d39483x506S15d41489x501S20500481x496S2e100495x471
środa,,1107,M522x520S37b00489x481S37b03477x500S37d06483x497S37d0a480x497S37b0a495x489S37b09493x482S15c12488x497S27106507x480
środek,centrum,498,M522x518S15d39479x495S1f522484x481S20600500x505
stać,,463,M523x523S15d5a477x504S1f540480x476S20500499x491S2f900512x493
stacja,,1176,M526x518S1f540511x482S2f900513x512S1f548474x482S2f900474x513
stan,,1271,M524x523S1f540509x476S1f548475x476S22a04511x506S22a14476x506S2fb00491x477S2fa00494x516
stanąć,,677,M524x523S1f540509x476S1f548475x476S22a04511x506S22a14476x506S2fb00491x477S2fa00494x516
Stany Zjednoczone,USA,1115,M531x532S14c02500x490S14c0a468x489S20700489x517S2eb5e482x467
starszy,,2104,M553x557S30004482x482S20340495x518S2df00489x536S21100479x519S2f900542x529S28807517x530S2f700540x515S1f702520x505
starszy,,65,M554x533S30004482x482S20340495x518S2f700542x499S2f900543x513S22b07513x502
start,,1546,M550x554S10620529x508S10628451x507S2ff00482x482S22a04535x538S22a14452x539S21600528x495S21600463x496S2fb00493x530
stary,,593,M518x557S30004482x482S20340495x518S2df00489x536S21100479x519
Stary Testament,,415,M576x557S15a37527x505S18550538x514S26a07555x498S21100481x522S30004482x482S20340496x519S2df00489x536S21100523x496
Stefan Woehrmann,,1498,M579x517S30007482x482S20310520x480S14c20556x464S2df00532x459
stewardessa,,843,M537x526S1a050463x496S25607472x475S15d30503x500S2e80e505x485
stół,,248,M548x525S15a50501x498S15a50487x498S20500494x487S26606518x504S26612452x505S2fb00492x481S2fb00492x475
stopień,,136,M517x523S1ce10495x477S22f03482x502
stowarzyszenie,,1567,M537x528S14c09462x501S14c01511x501S2e500504x472S2e518471x472
strach,,341,M548x562S15d39493x539S10e14503x522S31a00482x482S20500492x530S27103521x528
stracić słuch,ogłuchły,2136,M552x532S33000476x482S17d00529x491S17d08446x492S22104528x480S22104455x480S2fb00493x526
stracić słuch nagle,,2137,M554x532S33000476x482S17d00529x491S17d08446x492S22104528x480S22104447x479S2fb00493x526S2f700542x479S2f700460x477S31a00482x482
struktura,,1286,M530x531S10009479x486S10021500x486S2fb00491x520S2df18470x473S2df0c509x510S21100495x468
studia doktoranckie,,1216,M563x528S37803471x498S1f70a482x485S1ce42444x482S3780b453x498S20600541x490S20348524x503S1d452519x471S23004436x505
studiować,"student, studencki, studia, uczelnia, uniwersytet",1638,M534x523S37803504x493S1f70a515x480S1ce42477x477S3780b486x493S23004466x499
styczeń,,1725,M580x552S1ce10558x507S1ce18524x522S2ff00482x482S2f000549x489S2f010525x502S2fb00540x520
styczeń,,856,M530x538S20340501x487S20348476x497S20e00491x495S22b04500x508S22b00514x506S22b10471x461S22b14483x463
styl,,229,M580x532S10009420x488S10021440x487S10029472x483S10001501x482S20500438x475S20500499x468S10009529x483S10021550x485S20500547x468S26706467x516
sukienka,"elegancja, elegancki, Sylwester",902,M530x540S36d00479x460S1ce42498x466S1ce4a479x501S20e00507x489S20e00468x501S22b00514x502S22b04503x510S22b10467x468S22b14479x469
suszony,,100,M547x534S22b10456x481S2fb00494x491S22b04516x480S22b14472x481S13e20511x515S13e28463x513S22b00531x478S22100454x469S22104473x468S22104534x467S22104514x468
sweter,,1865,M531x522S15002500x497S1500a468x496S20710484x478
świat,,421,M513x538S15452487x480S15436487x503S2ea06488x462S2ea16486x523
światła sygnalizacyjne,,343,M559x551S35000482x482S17500522x484S21b00529x504S21b00529x524S21b00529x543S22b04543x508
święto,święty,236,M538x551S36d00479x449S14c04488x520S23a07492x478S20e00506x497S18540512x468
świnia,,1821,M543x547S36a00482x477S10011502x517S20500497x519S2e100520x511
świnka morska,,2111,M563x551S36a00448x479S10011470x521S20500478x516S2df00494x529S33b00515x475S14e00520x500S26a02549x507
sylaba,,1275,M510x515S17356490x484S2f900493x510
sympozjum,,1863,M531x544S11820500x517S11828474x517S11800472x468S11808500x469S2df06511x498S2df1e470x498S20500493x455S2fb00492x505
syn,,2095,M539x599S30005482x482S21100526x574S10010501x514S1d412490x547S22b04506x569S26500520x501S20e00521x522
system,,172,M526x540S14c58475x498S14c51499x514S20e00499x500S26600492x460S26600508x460
systematyczność,"systematycznie, systematyczny",1994,M525x534S15a18476x494S1ce10489x465S20500491x499S20500492x511S20500491x523S22b04509x494
SZ,,1796,M516x513S15a10504x486S26502483x492
szalik,,2221,M532x561S1ea51504x542S36a00482x477S2d606493x521S14c01463x527S20b00454x516
szalik,,2262,M521x528S36d00479x487S17942502x508S2d606476x493S15a21452x480S20500465x473
szary,,1175,M521x517S2ff00482x482S14c20489x461S20500511x477S22510489x444
szatan,,1419,M538x517S30007482x482S10620517x480S21800515x467
szatyn,szatynka,2179,M565x524S36b00444x481S1eb10480x490S20800483x480S33100519x483S1f540534x500S20600543x496
Szczecin,,1520,M530x532S1ea01502x473S1ea3a473x506S22e02506x498S22e06510x515S22e16473x468S22e12470x486
szczery,,1958,M551x530S36d00479x472S15a20488x485S15a20474x485S20500482x519S26607508x482S26611448x482S15a10539x470S15a18428x475
szczęście,szczęśliwy,151,AS33e00S15a51S15a57M522x608S33e00482x483S15a57471x534S15a51499x526S26500480x563S26500499x563S20e00491x582S2fd00486x602
szczęśliwy,,1444,M526x577S16257482x546S1625f500x538S20e00502x554S26506506x523S26512481x533S2fd00495x571S33e00482x482
szczupły,,2186,M552x538S36d00479x462S15d47529x473S15d4f450x473S23a0c504x479S23a14473x479S15d40525x511S15d48461x510S21100523x493S21100468x494S2fb00490x480
sześć dni,,1279,M525x527S14c00495x496S1f502474x500S28a2a489x472
sześć godzin,,1200,M543x521S14c00478x488S1f502456x494S1ea10518x500S23000518x479
sześć godzin,,322,M525x528S14c20502x493S1f526474x504S2e328486x472
sześć lat,,254,M541x519S2ea00526x494S14c00498x488S1f500479x494S2ea10459x494S2fb00489x480
szesc-zlotych,,1848,M525x531S26a02507x503S14c00502x469S26a16476x504S1f502475x476S2fb00490x523
szkoła,szkolny,1057,M533x528S18002477x498S36d00479x472S2d305489x504S37607460x474S20700477x480
szkoła,szkolny,1688,M561x531S2ff00440x482S18510474x486S20500467x470S36d00519x493S17802514x478S30007440x482S37809511x499S20700520x503
szopka,,1376,M519x522S14c11493x495S14c19480x495S20700492x477
szóstka,,231,M525x526S1f526475x502S14c20502x490S26500504x473S26510474x479S2fa00491x487
szósty,,1084,M535x528S14c20512x497S1f528465x509S2df00513x472S2df18465x480
szpital,,1060,M552x536S2ff00480x482S15d11517x479S15d19457x481S20500531x525S20500458x525S36d00479x528S22b04536x494S22b14445x498S2fb00490x470
szpital,,1850,M515x513S23304485x487
sztuczny,,310,M521x558S30004482x488S30100482x477S10010490x521S20e00509x520S26a02473x531
szukać,poszukać,660,M539x576S10e01514x543S10e09473x546S30c00482x482S2e500500x522S2e518486x523
Szwajcaria,,888,M538x538S36d00479x462S14c52507x481S14c5a468x482S20500477x508S20500521x507S22e02520x520S22e16471x521S2fb00494x527
Szwecja,,915,M530x521S37801472x479S37806480x511S20348515x504S15d51494x481S26503484x496S20500469x510
szybki,,1095,M529x524S1f540508x500S1f548480x499S23200503x476S23210471x476
szydzić,,362,M589x535S32105482x482S35600482x482S10047538x510S10049520x505S26a07568x497S26a17536x488S2fb00555x486
T,,908,M508x514S1d910492x485
T-shirt,koszulka,2209,M551x514S15a32449x488S26506479x487S15a3a524x487S26512504x488S2fd00487x508
tabletka,,1987,M521x517S15d39480x483S10a50492x491S21100508x482
tablica,,1103,M552x541S10020506x458S10028480x458S24402519x476S2441a449x478S10050515x511S10058469x511S2fb00492x503
tajemnica,,1537,M539x536S2330a513x506S1f500493x509S33b00482x482
Tajlandia,,1479,M523x529S15d59477x484S15d51500x484S20500493x471S2ea26486x514
tak,,14,M516x539S1d910499x510S26900500x492S11e42485x461
tak,,1470,M515x515S12920491x493S21b00486x484
tak,,1536,M518x523S30114482x477
tak mniej więcej,,716,M535x566S33f00482x482S14c40483x535S2a400510x530
tak samo,,370,M541x525S31900482x482S33b00482x482S14710509x503S20500517x494S26600525x485
taki duży,,2066,M549x517S15a50537x463S32107482x482
taki duży,,2067,M552x521S15a50540x494S32106482x482
taki mały,,2068,M545x544S15a50533x517S32105482x482
taki sam,"tak samo, ten sam, też, także, również",1086,M518x523S20600489x477S10050503x493S10058482x493
taki sobie,"umiarkowany, tak sobie, nie bardzo, mniej więcej",2139,M526x518S2a400501x482S14c40474x487
takie same,taki sam,110,M524x520S19a50476x485S27102509x480
taksówka,taxi,1143,M535x526S37906468x518S20356509x511S11502465x494S37906495x501S22f04466x473
taksówka,taxi,315,M546x535S36d00479x465S11910529x480S23002526x510
talerz,,1824,M529x525S15d38471x499S10013484x475S2e806497x499
talerze,,1800,M528x525S15d38472x499S10013485x475S2eb02496x497
tam,,1099,M573x531S32405482x482S10056543x516
tam,,1482,M575x517S31400482x482S10057554x487
tam,,1773,M518x557S1002f441x527S32101482x482S26501427x509
tam,,1775,M564x519S10020538x489S32107482x482S26906546x482
tam,,253,M606x524S32406482x482S1852f530x497S18529579x501S2d608548x500
tam,,317,M545x531S31400482x482S10040527x501S26500531x477S2f900534x464
tam,,32,M519x517S18028489x502S26607482x482
tankować,stacja benzynowa,864,M533x532S20348490x517S1f521511x467S2380c492x486S21000468x503
Tarnów,,6,M539x517S30007482x482S12910515x477S21b00510x469
tata,,321,M534x526S20500494x515S20500492x470S11542504x473S30000482x482S30004482x482
taxi,,583,M546x535S36d00479x465S11910529x480S23002526x510
teatr,,1243,M543x528S18049470x471S18041499x471S26f04503x493S26f14457x495S26606511x510S26612459x512S2fb00493x515
telefon,,654,M536x517S2ff00482x482S19a02516x489
telewizja,,1401,M527x522S20600473x481S10e02497x478S10008503x492
telewizja,,382,M527x520S10e08498x490S10e02497x479S20600473x482
temat,,273,M519x512S11910482x487S26506504x496
temperatura,,1316,M524x529S15d18475x478S10020495x499S21100511x491S22a00497x487S22a00498x470
temperatura powietrza,,642,M576x523S20700478x505S37809470x491S36d00479x490S10c04483x478S15a10564x479S26a02546x488
temperówka,strugaczka,1194,M537x517S10052479x496S17558462x500S20a00464x482S2e100514x488
ten,,1324,M516x519S10047484x498S26507503x480
ten,,468,M547x565S10047511x544S26507534x519S32105482x482
ten,,674,M511x524S10040496x494S26500488x475
terapia,"szkolenie, szkolić",1912,M525x527S20356510x507S37806476x514S37900501x487S18520481x472S26a06510x474S20e00487x497
teraz,,1211,M532x524S1d940513x476S1d948471x475S22a04519x509S22a14468x508S2fb00494x509
termin,,723,M522x529S11551495x471S11559478x504S20500486x500S22a04491x487
test,,2286,M522x538S10021492x483S10027478x481S22b04495x508S20600488x462
tłumacz,"tłumaczyć, tłumaczyć dla ciebie, wytłumaczyć, wytłumaczyć ci, przetłumaczyć, tłumaczenie, wytłumaczenie",1047,M528x529S10029471x494S10021498x487S2ea04498x504S2ea14481x470
tłumaczyć mi,wytłumaczyć mi,1097,M524x539S10009483x487S10001503x478S2ea04509x514S2ea44476x461
Tokio,,1840,M542x524S1dc20513x494S1dc28466x494S22f11458x477S22f07521x475S2fb00493x488
torba,,1833,M514x519S2034f486x480S22f00489x505
tracić słuch stopniowo,,2135,M552x548S33000476x482S17d00529x491S17d08446x492S22104528x480S22104455x480S2fb00493x526S2f800481x537
tradycja,,1093,M570x540S2ff00482x482S10002540x517S1000a519x525S2ea00554x485S2ea10521x497S26520536x481
tramwaj,,141,M517x515S11810484x486S26600501x485
Trójca Święta,,1004,M547x519S2ff00482x482S11e20524x489S2e300524x457
trójka,,390,M513x533S15d39487x510S20b00490x499S11e10490x467
trudny,,1661,M549x565S23610455x548S20337513x522S2033f466x523S23600510x547S31900482x482
trzeba,,1208,M537x515S15d48463x484S18040506x493S26502496x501S20500485x492
trzeci,,1023,M512x521S11e00487x491S22f04487x478
trzeci,,1508,M511x527S11e20488x497S2df00490x472
trzeci,,2109,M526x516S11e09473x484S10021496x495S20500497x485
trzeci,,298,M520x521S11e00497x489S10019480x491S20500495x479
trzeci,,457,M527x518S20500494x488S10021497x497S11e00473x481
trzy dni,,1429,M538x525S14c00515x474S11e00462x495S28909485x479
trzy godziny,,1055,M526x529S37806473x520S20356509x514S2e308503x471S11e20492x492
trzy godziny,,1575,M533x522S23000508x478S1ea10506x501S11e01468x492
trzy godziny,,466,M538x532S37806461x490S20356497x484S2df08517x478S2df0c515x511S11e21484x468S11e01487x502
trzy lata,,471,M522x515S2ea00477x487S11e01497x485
trzy miesiące,,1502,M512x532S22b04494x502S11e50489x468
trzy tygodnie,,1716,M515x524S11e02485x501S2df08490x475
trzy złote,,1829,M520x515S26a02481x484S11e00497x485
tu,,1612,M537x522S10c50512x479S22f04512x508S10c58467x478S22f14462x508S2fb00491x496
tu,,523,M513x521S10c50488x478S22f04488x507
Turcja,,664,M518x517S30000482x482S1ec10495x465S20500484x470
turysta,,139,M560x522S36d00479x479S1f540513x496S1f548474x495S20500515x484S20500476x484S26b00533x504S26b10445x504S2fb00493x513
turystyka,,575,M560x522S36d00479x479S1f540513x496S1f548474x495S20500515x484S20500476x484S26b00533x504S26b10445x504S2fb00493x513
tutaj,,1579,M513x521S10c50488x478S22f04488x507
TV,,980,M527x520S10e08498x490S10e02497x479S20600473x482
twardy,,2073,M518x519S20348484x504S20340503x486S26a02482x481S20e00504x506
twarz,,617,M518x522S2ff00482x482S14c00489x477S28804481x500
two-finger salute,,56,M540x518S30007482x483S11521513x481
twój,,240,M508x524S1d910492x495S26500494x476
ty,,1035,M511x524S10040496x494S26500488x475
tydzień,,1098,M512x534S1f502495x510S26500496x490S1f550488x466
tydzień temu,,2151,M551x545S2ff02478x482S1f550523x504S2df04530x524
tylko,,335,M517x537S15d39483x514S15d42487x462S22a04491x489S20b00484x504S22a00504x488
typowy,,836,M588x557S10058412x455S10050450x455S20500431x527S10050439x495S10058422x495S10050513x455S10058479x456S10050505x495S10058489x495S20500500x527S10058541x455S10050573x455S10058548x498S10050564x498S20500557x531S2fb00430x446S2fb00497x445S2fb00558x444S26706484x541S37806450x550S22a03448x490S22a15413x491S22a03513x491S22a15483x492S22a15543x491S22a03573x493
tysiące,,174,M545x616S18041474x544S22b03451x566S18041497x543S18041520x544S22b03483x569S22b03514x569S26706471x600S31b00482x482S35800482x482
U,,446,M508x515S10e50493x485
ubierać się,,2216,M556x532S36d00479x476S1ea07535x470S1ea0f447x468S2a603504x490S2a612471x490S2a603517x491S2a612486x490S20e00520x520S20e00478x520
ubikacja,"toaleta, WC, załatwiać się",707,M539x518S30007482x483S20600500x470S11511514x488
ubranie,"odzież, ubrać się",2215,M555x528S36d00479x474S1ea07534x473S1ea0f449x472S2a603509x486S2a612475x486S21100521x514S21100477x513
uczciwy,uczciwość,1956,M521x518S36d00479x483S18541484x485S20600477x507
uczucie,uczuciowy,1916,M521x538S36d00479x463S17332491x481S22f00490x507S20e00495x526
uczyć,"uczyć ciebie, nauczyciel",1053,M548x518S2ff00482x483S18520519x486S26a00521x466S18528453x486S26a10452x468S2fb00490x465
uczyć mnie,"on mnie uczy, ona mnie uczy",1193,M555x517S2ff00482x482S18500518x480S26a03534x456
uczyć mnie,ty uczysz mnie,1446,M550x517S31400482x482S2fb00493x468S26a04523x469S18500525x492S26a14454x471S18508450x493
uczyć się,,705,M533x518S2ff00482x483S18512499x463S26a04506x473
uczyć się,uczeń,1320,M545x517S2ff00482x482S18510520x482S26a02519x456
udostępniać,share,2288,M601x517S36d00479x483S16f42512x491S16f4a468x491S15d30582x483S15d38552x483
uff!,,2058,M532x518S34700467x483S33c00496x482S30a00467x483
ugoda,zgadzac-sie,579,M523x520S20350484x505S1625f497x480S22a03494x488S20b00477x491
układanka,,2119,M569x520S11557432x489S11551445x487S20500456x481S11557483x491S11551497x491S20500486x485S11557528x493S11551542x491S20500549x480
Ukraina,"Ukrainiec, ukraiński",1673,M543x540S36d00479x460S14c52508x476S14c5a462x476S20e00522x507S20e00466x506S22f04518x525S22f14458x526S2fb00492x517
Ukraina,"Ukrainiec, ukraiński",1687,M543x548S35610482x482S1ea20516x505S2df04522x527S20500521x491
ukrywać,schować się,1955,M523x537S15a11500x476S15a19477x476S20500495x463S26624492x496S2f700491x530
ulga,,1281,M530x523S15d39471x499S15d41482x500S27101495x477S21100517x494
ulica,,931,M532x526S15d40512x499S15d48469x498S26a00505x479S26a10470x478S2fb00492x473
umieć,,196,M539x518S30007482x483S15d01516x486S20b00506x469
umówić się,,1992,M522x521S11509477x494S11521495x490S20600497x478
umysł,rozum,1961,M537x517S30007482x482S10011516x486S20500514x472
Unia Europejska,,1610,M536x577S37906421x575S20a00444x525S2eb26419x488S37906461x575S16f52424x509S16f36421x529S2ff33479x482S1f520503x512S20500497x524S29a04521x530S37706501x575
upał,,828,M553x541S31b00482x482S15711481x469S20e00470x480S26506509x467S14c02522x502S22e02535x524
upaść,spaść,41,M529x547S15a37480x512S10e31486x517S20b00503x519S10e21499x452S2b700502x485S15a37471x455
uroda,,11,M523x587S31400482x482S33e00482x482S17d3e494x517S1853e494x562S22a04494x546S20e00511x513
urodzić się,urodziny,1359,M539x535S36d00479x466S15d39466x511S15d31516x512S2b701466x485S2b700518x485S20500487x520S20500506x520S2fb00495x492
urząd,"urzędnik, urzędowy",480,M527x520S20348491x479S37700497x493S11542497x496S20500485x495S20500485x509S26504472x499
uwaga,uważać,655,M560x520S10010513x480S10018468x481S36d00479x516S26b00533x491S26b10439x490S2fb00490x501
uważać,uwaga,1953,M543x525S10010517x495S10018462x495S26b00516x474S26b10458x474S2fb00491x483
uważać,uwaga,1954,M539x527S10010515x497S10018463x496S26a00512x474S26a10461x473S2fb00489x488
uzależnienie,,1917,M521x524S36d00479x476S10013489x484S22a03489x507S2f900474x512S21100505x510
uzgadniać,,376,M531x514S20350503x497S1625f505x488S20600481x486S20500469x486
V,,413,M507x515S10e20492x485
Valerie Sutton,,357,M516x538S10e20498x478S29b0b484x503S15a06489x463
W,,540,M509x515S18720491x486
W,,795,M509x515S18620491x485
w kropkę,,2089,M529x536S10a20491x510S26500471x487S26500486x464S26500500x487S26500515x468
w lewo,,257,M525x535S15d48506x508S15d2e474x465S2731f506x478
w prawo,,940,M526x537S15d40475x510S15d26499x462S27307481x479
w ślad za,,1225,M556x529S31b00482x482S33e00482x482S14c50525x498S22520524x482S26600527x446
w środku,,1515,M515x527S1c550485x473S22a04498x504S2f900499x522
w tym,,1806,M515x527S1c550485x473S22a04498x504S2f900499x522
wagary,,1512,M527x535S15d0a474x465S19210491x505S22b04482x470S20e00499x479S2f700515x479S2f900497x530
wakacje,,618,M549x596S33e00478x482S1ea10514x537S1ea18468x552S27103522x562S27111472x570S20500506x545S20500490x557S36d00479x527
wakacje,,982,M549x596S33e00478x482S36d00479x527S20500490x557S27103522x562S27111472x570S20500506x545S20341516x540S20349469x548
Wałęga,,434,M525x532S2ff00482x483S10620485x506S21800462x504S26606495x499
walizki,torby,876,M542x521S2034f517x478S20347461x479S22f00517x503S22f10459x504S2fb04491x515
Warszawa,,1862,M544x517S2d608484x499S36d00479x484S20500469x504S20500519x506S1f702529x488
warsztat,,672,M532x530S18720512x501S18720469x500S2fb00491x513S2e000511x469S2e018469x469
warto,"warty, wartość, wartościowy",1986,M541x528S36d00479x488S14c11515x484S20500531x473S22f03504x502S20e00529x516
warunek,,1941,M520x520S15a00494x480S18210497x486S20500480x496S20500481x484S22a04506x505
warzywa,,2248,M547x529S30005482x482S20310518x504S26a00520x487S20e00506x517
warzywo,warzywa,2233,M531x536S37906475x487S20300516x480S17530471x500S17530497x501S22b00476x465S22b00495x465S21b00469x497S21b00496x497S26506485x522
wasz,,1017,M527x518S10041474x488S2d608486x481S2f700515x497
wasz,,616,M525x518S18620476x488S2d608496x482
ważny,"ważność, importance",1985,M534x532S18700516x503S18700465x503S26500516x480S26510469x479S2fb00492x493S2f900517x468S2f900469x468
wczasy,,1887,M541x532S36d00479x499S11e10518x502S11e18463x502S20500507x509S20500488x510S26500523x480S26510466x479S2f900526x468S2f900466x470
wczoraj,,737,M553x531S1f512517x502S36a00482x477S27304537x504
wędkarstwo,wędkarz,21,M539x534S1ea50494x467S15406495x519S37800508x488S37806461x530S23000514x497
wędlina,,2247,M594x537S20357559x516S1d451569x494S20800555x507S34700482x482S15020519x492
weekend,,1056,M566x549S14420523x510S33e00482x482S27202547x509
weekend,,1122,M515x535S22a04497x483S22f04490x521S15a02488x465S11502484x503
weekend,,1432,M548x528S22a04471x503S22f04519x514S15a02462x485S11502513x494S36d00452x473S20e00487x498S36d00506x474
wegetariański,"wegetarianin, bez mięsa, jarosz",2239,M548x526S15d39504x491S15d51501x503S20e00527x475S26607526x490S20357452x501S1d451462x484S20800453x490
węgiel,,1735,M523x544S20348410x528S20340436x484S20b00445x531S20e00430x532S2890d412x501S2ff00482x482S15d01500x489S22f03484x499
Węgry,"Węgier, węgierski",1595,M532x530S36d00479x472S1c502470x470S1c50a504x470S22b05490x489S22b13485x488S20500519x495S20500473x493S20500476x517S20500512x519S2fb00492x519
wejść,,791,M522x524S20300500x476S3770b478x483S11541498x497S2b700480x477
wesoly,,423,M550x532S33e00482x482S10011512x502S2e000529x482
wiara,,1458,M538x598S30104482x477S15d39489x559S15d10498x493S22b04494x525S27101503x565S21100525x584
wiatr,,1886,M526x537S14c10502x469S14c18473x469S2fb00492x462S26726484x505S26722483x521
wiatr,,1896,M526x537S14c10502x469S14c18473x469S2fb00492x462S26726484x505S26722483x521
widzieć,widać,16,M536x527S31400482x482S10e00492x497S26600520x493
wieczny,,224,M516x528S19a00485x472S2ea06486x496S26606486x512
wieczór,wieczorem,57,M538x550S15a07486x518S36d00479x546S2fb00490x474S15a01495x519S22b03486x487S22b15487x487S14c00515x467S14c08464x464S2f800481x450
Wiedeń,Jugosławia,202,M522x526S36d00479x475S15d1f480x480S22b05498x502S21100507x490
wiedzieć,,1767,M541x517S20600508x470S15a11518x485S30007482x482
wiek,,538,M551x530S36d00479x508S26500525x485S20500518x514S15400528x505S18500527x470
wiek,,881,M551x520S36d00479x493S15802525x481S20600516x509
większy,,1489,M551x513S15a40517x486S15a48473x486S26506536x495S26512449x497S2fb00494x506
wierzyć,,212,M538x598S30104482x477S15d39489x559S15d10498x493S22b04494x525S27101503x565S21100525x584
wieś,,2201,M552x543S36d00479x499S1ea00529x522S1ea08454x522S2c700524x487S1ea21524x456S1ea29442x458S2c710450x488S20e00512x510S20e00478x509S2fb00492x487
wigilia,,1040,M561x517S1ea51498x489S1ea59470x488S20500493x483S2a602528x490S2a602544x490S2a613453x488S2a613439x488S2fb00488x511
Wikipedia,,2282,M542x520S2df1e458x484S2df06522x486S18720480x479S18720502x479S20500495x509
wilk,,1538,M518x554S36a00482x477S14c02481x531S20600490x520
winda,,780,M526x516S11810475x488S22b04510x486S22b00494x483
wino,,1978,M532x535S1ce10505x486S1ce18474x505S26a00505x465S26a10469x485S2fb00500x527
wiosna,,823,M549x543S17530526x526S33e00482x482S21b00527x518S22b00533x490
witać,,1506,M553x525S33e00482x482S26a00526x487S15d01525x502
wkładka uszna,,2129,M543x521S33010479x483S1f543522x499S20500519x484
włączyć,,1127,M511x522S1f740491x507S26500490x487S2f900490x477
Włochy,"Włoch, włoski",442,M544x522S20350479x485S20359465x501S20e00456x494S26503465x480S20358505x485S20351517x500S20e00532x494S26515521x478
włosy długie,,2193,M556x551S36b00480x482S15d11533x525S22c05510x475S36d00479x530S20500522x528S22c13453x477S15d19441x528S20500465x526S2fb00490x468
włosy krótkie,,2194,M556x523S36b00482x477S36a00482x477S20600506x507S20600471x507S18000526x504S18008449x504
włosy proste,,2192,M543x541S36b00482x482S15d11520x486S22b04518x511
wniosek,"propozycja, zlozyc-podanie",171,M521x528S15d38483x472S15d30500x502S2b700502x479S20500479x473
wnuk,,2096,M534x608S2ff00482x482S1f702493x523S20500507x518S15a50519x548S22b04518x578
wnuk,,2097,M559x598S33b00482x482S1ea10509x500S20e00518x491S2df00516x523S15a50546x535S22b04543x568
woda,,1065,M528x536S20600494x525S30004482x482S11552498x508
woda,,1834,M522x547S20500512x513S22132478x515S14c52486x517S2ff00482x483
woda,,510,M525x524S1623a494x512S1850b506x488S27102491x476S21100475x491
wódka,,1976,M546x534S36a00482x477S1bc10525x494S21d00519x526S20500511x509
wódka,,1977,M523x513S1a002494x490S26a02477x486
wojcik,,493,M518x551S20600488x540S30004482x483S1f510490x521
Wójcik,,492,M534x532S14c48466x501S14c40494x469S23620495x508S20e00483x490
wola,,1962,M545x517S30007482x482S15d01517x485S20500506x471S2df0c524x460
wołać,,1690,M512x528S14c30488x472S26904492x510
wołacz,,1759,M521x532S36d00479x471S1dc18439x468S14c11467x475S2fb00458x526S2df18440x501S2df00475x505
wolność,"wolno, wolny",363,M550x538S1ce09504x496S1ce01462x499S37703487x515S3770b483x516S2fb00492x462S1ce28450x463S1ce20528x464S26706484x475S26712472x487
wolny,,1547,M541x531S14c10504x478S14c18477x478S36d00479x469S22b04525x482S22b14462x478S2fb00494x525S21100495x506
wolny,,410,M542x524S2fb00495x513S14c11516x496S36d00479x476S20500524x484S20500468x487S22511501x486S22517479x487S14c19461x497
Word,,1126,M551x523S15a00462x479S18010468x488S20500449x485S20500449x498S22a04482x508S18720516x478S27102536x477
woskowina,,2131,M548x552S33010479x482S10b10514x507S21100533x502S22b04532x522
wow,,2284,M518x537S33e00482x482S30a00482x482S1dc02477x513S21900468x513
wrażenie,,1963,M531x558S31b00482x482S14c01483x531S22f00506x527S20e00516x545
wrażliwość,wrażliwy,1964,M520x542S14c39480x509S1c551495x458S20500492x531S23100490x491
Wroclaw,,950,M524x525S20320486x502S2e500495x474S37a06476x523
wrzesien,,1533,M514x524S20340499x490S20348486x490S20500492x475S22f24487x510
wschod,,711,M525x530S20348510x499S37806475x506S15d00487x503S22b00483x469
wsiąść,wsiadać,2169,M528x524S11850505x496S15d39472x497S28802488x476S20500488x513
wspaniale,,2291,M543x565S1850f511x538S30a00482x482S34010492x505S26a00516x519
wspaniały,"super, świetny",2056,M529x517S34f00482x482S17700507x496S26500515x475S2f900514x467
wspomnienie,wspominać,1944,M534x520S30007482x482S10011513x490S20500518x481S22a20505x464
wstac,,929,M547x534S15d38458x508S15d30528x508S36d00479x466S22b00525x472S22b10462x473S2fb00492x481
wstawac,,190,M532x533S15d39468x499S28902483x479S11830517x468S11850483x506
wstep,,155,M522x524S20300500x476S3770b478x483S11541498x497S2b700480x477
wstyd,,1989,M543x517S30005482x482S17801521x495S22a00516x476S20e00531x478
wstydzić się,,1990,M530x592S33b00469x482S34a00494x482S15d02483x573S26500493x548S1f502493x517S20500512x579S2f900515x533
wstydzić się,nieśmiały,1988,M559x517S30005482x482S17811520x492S23600519x472S21100546x493
wszyscy,,1125,M515x529S14c50486x498S2d608486x471
wszyscy,wy wszyscy,2101,M538x529S14c50504x498S2d608509x482S14c58474x498S2d610461x483S2fc00493x470
wszystko,,1020,M545x537S14c27470x463S14c2f505x466S28c0c524x490S20500492x511S28c14455x487S18520499x522S18528471x522
wtorek,,1039,M519x520S18620481x481S27106504x480
wy,,30,M525x518S18620476x488S2d608496x482
wy,,83,M528x523S10041473x483S10040511x477S26506492x479S2f900477x518S2f900517x512
wy-dwaj,,944,M531x547S10041470x460S10040508x454S10e30495x508S2f900474x495S2f900514x489S26506489x456S27102516x507
wybory,,334,M539x548S1d150510x520S1d158464x519S22b00519x486S22b10469x485S2fb00494x508S1d450510x451S1d458462x453
wybrac,,1780,M542x547S1d150507x519S1d158461x518S22b00516x485S22b10466x484S2fb00491x507S1d450513x454S1d458459x452
wychodzić,"wyjść, wyjście",89,M525x522S2c600506x478S15a51487x499S15a0a475x483
wychowawca,"wychowanie, wychowywać",1625,M521x517S22f04496x503S15d0a478x483S18250489x483
wyciag-narciarski,,1810,M512x527S11810492x500S25607488x473
wycieczka,,852,M520x525S15d48480x498S1f550496x508S20500500x495S26520494x474
wygladac,,373,M534x526S31500482x482S33100482x482S15a00495x496S20600512x515
wygodny,wygoda,1910,M550x521S36d00479x483S1dc10501x480S2fb00491x515S20600457x488S20600528x495S1dc18473x479
wygrac,,1689,M517x532S15d39493x509S10051487x468S22a04496x491S20b00482x498
wyjechac,,342,M574x530S36d00479x493S1ea00508x509S22b07531x494S1ea20551x471
wyjezdzac,,1133,M549x535S36d00479x466S1ea10514x476S1ea18468x491S27103522x501S27111472x509S20500506x484S20500490x496
wyklad,,781,M550x517S2ff00482x482S15d02523x487S2eb00530x453
wylaczyc,,80,M511x522S1f740491x507S26500490x487S2f900490x477
wylot,,448,M517x525S1a050484x496S25607493x475
wymioty,,1931,M543x537S35904482x482S11e10503x507S2b700524x511
wynik,,211,M526x520S20350493x505S1c551501x479S20600474x493
wyobraźnia,,1942,M550x517S31b00482x482S14c11514x468S2e70b528x450S22511504x458
wypelniac,,1308,M522x526S20348492x499S15d51480x503S20e00478x483S27103495x474
wyraz,leksem,331,M521x521S10049478x490S1f047498x491S20500489x479
wyrazny,,316,M521x520S36d00479x480S20300492x490S20600489x509
wysiasc,,1223,M520x528S15d39483x505S11852493x490S20500482x497S2b700480x472
wysiąść,,2171,M522x522S20500497x511S15d39489x488S28802477x479S11850499x495
wysiąść,wysiadać,2170,M524x519S20500483x505S15d39475x482S2880a502x481S11850484x492
wyslac,,1554,M522x523S10018489x493S10042491x493S20500478x488S2d604493x477
wysoki,,2184,M545x539S2ff00482x482S10020529x509S24e00524x478
wysoki,bardzo wysoki,2185,M564x554S32107482x482S11847539x529S11810539x441S22c00541x480S2f900541x472
wystarczyc,,1085,M525x544S2ff00482x482S14c52483x520S20b00512x511
wystarczyc,,1128,M522x522S15d48477x495S1ce40500x490S20600483x478
wystawa,,1626,M520x531S15a21480x498S15a27481x508S2e40a487x469
wytlumacz-mi,,1027,M524x539S10009483x487S10001503x478S2ea04509x514S2ea44476x461
wytrzec-tablice,,1077,M512x541S15020487x458S24a04487x494
wytrzymać,,1933,M557x602S31b00482x482S35000482x482S17352491x531S22b04496x548S21100523x555S2f800519x539S20352496x587
wywiad,,815,M551x559S15d01510x520S15d09476x536S33b00482x482S26604535x491S26600520x488S26610467x510S26614457x516
wzgórze,,120,M545x550S33c00482x482S28c0a486x523S1711f466x526S1714a525x532
wziac,,1410,M512x545S14c50488x454S26604492x492S20350493x530
wzor,,62,M522x530S14c38478x484S1545a481x470S20500497x496S20500496x509S20500496x519S26604506x492
X,,1248,M517x521S10019483x491S10011496x491S20500496x479
X,kropka,154,M513x518S10a20487x483S2f900499x513
Y,,1265,M510x514S1a020490x485
Z,,759,M518x518S10020482x488S2450a487x481
Ź,,1406,M518x519S10020481x488S2450a486x481S24804502x491
Ż,,1528,M522x529S10020478x499S2450a487x492S26500508x479S2f900510x471
za dwa dni,,323,M542x546S1dc10518x492S36a00482x477S22e04517x528
za dwa lata,,2175,M515x528S1dc02485x504S2e708493x472
za dwa lata,,23,M525x519S1f758474x502S1dc50501x489S2e730490x482
za dwa tygodnie,,235,M526x524S1dc02474x500S2df08484x476S26600510x490
za gorące,,1038,M518x589S30c00482x482S15000487x519S34600482x482S24b04489x553S2f700493x582
za rok,,275,M522x510S1f520498x492S2ef00478x490
za trzy tygodnie,,441,M526x524S11e02475x501S2df08480x475S26600510x488
za tydzień,,1146,M512x536S1f502496x512S1f520488x463S2c600492x483
za wysokie,,2071,M541x556S33c00482x482S15a50527x529S15a50461x529S22b00525x489S22b10459x489S2fb00496x528
zabawa,"bawić się, zabawka",1969,M553x532S30005482x482S10a10511x506S2e200533x499S20500522x492
zabrać,,29,M529x517S2d600476x483S14c40505x483S20340470x502
zabraniać,,182,M535x520S10029479x499S10021493x499S26606505x484S26612465x484S2fb00494x480
zaburzenie,,2003,M524x551S14c08482x497S14c52476x466S2ea12482x536S2ea02484x448S2fc00509x491
zabytek,,1565,M519x531S14c11493x486S14c19480x486S20700492x468S2df20488x510
zabytki,,658,M519x544S14c11493x473S14c19480x473S20700492x455S2e020490x497S26606486x528
zachód,,1372,M525x531S20348510x485S37806475x492S22b04487x501S15d04483x470
zachorować,,242,M535x531S11549466x504S11541511x468S22b03494x477S20b00473x492
zachować,,1571,M517x523S22f04492x477S15d0a482x504S16f52494x492
zadanie,,281,M516x533S20500495x522S26620491x467S1f540501x495S1f548484x494
zadanie domowe,,1371,M526x532S18038475x468S18030496x474S20e00495x482S22e02503x498S22e02503x515
zadowolony,,1490,M521x584S15d02492x546S36d00479x526S20e00491x538S22f04496x570S34000485x482S31500485x482
zagranica,,1080,M537x523S15d03472x483S15a56498x496S26706495x476S21100473x509S37806463x501
zagranica,za granicą,1100,M537x523S15d03472x483S15a56498x496S26706495x476S21100473x509S37806463x501
zaimek,,516,M529x519S19a51506x480S20e00480x490S22f00471x505
zając,,2162,M543x517S33e00482x482S10e00523x469S10e08459x471S21800525x458S21800457x458
zając,,2163,M539x517S33e00482x482S10e20523x469S10e28459x470S21800521x458S21800457x458
zakaz,"zakazywać, zakazać",1709,M518x515S10001497x485S26a02482x484
zaklinać,zaklęty,1088,M589x563S33b00440x483S10001462x511S26900481x503S31b00524x482S14c50555x504S14c58524x518S2e806557x546S2e812532x548
Zakopane,,592,M549x531S20500511x476S1f120520x483S30007482x482S26504517x498S22104522x472S37a06481x529
załatwiać,załatwić,1136,M588x522S14c3f428x494S14c31459x495S22520411x479S22520452x477S26706491x497S14c37561x494S14c39535x492
zaliczenie,,71,M528x531S1bc30507x469S1bc38472x469S22a04514x516S22a14472x515S21b00515x504S21b00473x504S2fb00491x504
żałować,żal,558,M518x546S21100484x531S20302502x531S34d00482x482S30c00482x482
zamek,,284,M584x532S13210504x467S13218476x467S23d04530x474S23d04557x496S23d1c444x478S23d1c416x498S2fb00495x499
zamknąć,,565,M542x541S14c20519x460S14c28459x460S22b03507x494S22b15472x495S18520508x524S18528475x526S2fb00494x498
zapach,,868,M539x517S31b00481x482S33e00482x482S16202496x503S2ea08524x490
zapisać,,1412,M535x525S15d39466x495S1c552466x474S15d39500x498S15d51505x502S20500525x499
zapisać,,1526,M539x521S15d0a461x488S20500527x484S20500477x478S15d0a512x488S1c520473x487S15d20514x494
zapomnieć,,267,M541x517S2d600485x468S2f900463x477S14c10518x471S20310462x492S31a00482x482
zapraszać,zaprosić,727,M575x573S15d09493x548S15d01501x550S33e00482x482S15d09543x498S15d01552x481S22b23517x520
zaprosić mnie,,1755,M570x563S15d09488x538S15d01496x540S32107482x482S15d09538x488S15d01547x471S22b27517x515
zaraz,,460,M515x515S1eb00491x496S22110485x485
zasada,,1418,M527x514S15d02481x494S37906473x505S20500484x486S20300512x499
zasada,,1704,M527x516S37906472x494S20500489x505S15d42481x483S20300512x488
zasady,,1438,M527x516S37906472x494S20300512x488S15d42481x483S20600486x505
zasady,,740,M527x517S15d02481x483S37906473x494S20300512x488S20600487x506
zaślepiony,,1061,M547x517S31900482x482S15d19466x491S2fb00491x471S33b00482x482S15d11509x491S2df00526x474S2df18454x473
zaślepiony,,1188,M544x517S15a01521x478S2a603504x460S31500468x482S31600495x482
zastanawiać się,,2060,M544x517S30a00482x482S30007482x482S10611512x482S21800508x472S21100531x471
zastanawiać się,,2062,M518x542S30a00482x482S1ec06492x519S30004482x482S21800466x516S21100475x527
zastąpić,"zastępca, wice",1442,M530x525S20356507x510S20320515x474S20302486x509S20500477x506S37806471x517S2c603487x484
zastępca,,1164,M566x532S1f510436x490S20500536x480S20300474x487S37906434x493S20e00455x498S22a04437x517S20300551x486S37906511x494S20352515x467S21400515x488
zastępca,,1209,M513x523S10e00490x493S22f04488x476
zaufanie,ufać,1968,M528x587S30007482x482S20356474x572S10e20513x483S25603500x528S10e20483x550S20500515x470S20500468x553
zawód,,1587,M533x524S1f502510x477S1f502471x477S23100507x506S23110468x507
zazdrość,zazdrosny,1970,M538x543S36d00479x458S10604522x483S1060c461x484S21800520x513S21800464x514S21100524x529S21100467x528
zbawca,,680,M561x526S36d00479x492S20320546x475S20500496x500S20300494x511S2df08521x486S22b07530x502
zbawić,,502,M561x526S36d00479x492S20320546x475S20500496x500S20300494x511S2df08521x486S22b07530x502
Zbawiciel,,1705,M561x526S36d00479x492S20320546x475S20500496x500S20300494x511S2df08521x486S22b07530x502
zbawienie,,833,M561x526S36d00479x492S20320546x475S20500496x500S20300494x511S2df08521x486S22b07530x502
zbierac,,1509,M566x521S14e41537x479S1f500433x506S1f500503x506S2d600509x491S14e41469x482S2d600444x495
zbyt twardy,,2072,M518x593S20348481x558S20340500x540S26a02479x535S20e00501x560S2f800480x582S30c00482x482S33b00482x482
zdanie,,1614,M516x528S1f510501x513S1f518485x513S20500496x505S26620492x471
zdanie,,1895,M546x516S15a48455x489S1f020470x499S20500466x484S26706504x497
zdenerwowany,,1929,M546x580S30c00482x482S35000482x482S14c02510x529S14c0a458x531S2a603515x554S2a603529x554S2a612471x557S2a612456x557S2fb00495x540S2f700496x555
zdjecie,,25,M526x524S21800494x477S1ec10503x488S1ec18475x505S21800474x496S2fb00476x481
zdrowie,zdrowy,1971,M546x532S36d00479x469S18003515x492S1800b470x491S22f00520x517S22f10464x518S20e00534x498S20e00459x500S2fb00496x507
Zdziarska,,450,M543x538S15300528x485S26512467x524S36d00479x462S26506526x523S15308463x485
zdziwienie,,1923,M522x602S30a00482x482S14c02479x565S22b00492x529S21100509x545S2f800484x591
że,,2295,M552x566S18510527x544S10021454x545S2450a491x547S34500467x482S34a00497x483
zegarek,,1287,M528x519S37806472x493S20356508x487S11551501x494S20500495x481
zero,,771,M519x518S1ce10497x481S26a02481x491
zeszyt,,187,M568x530S15a10472x484S2fb00465x469S20500468x475S15a18460x484S22a04539x515S21100540x498S15d08520x482S1d440539x474S2df1c431x488S2df04489x487
zgoda,,150,M523x520S20350484x505S1625f497x480S22a03494x488S20b00477x491
zguba,"strata, utrata, ubytek, zgubić, szkoda",661,M529x539S14c39470x480S14c32490x460S22e02503x481S14c03502x504S2f900511x534
zgubic,zgubic-sie,855,M529x539S14c39470x480S14c32490x460S22e02503x481S14c03502x504S2f900511x534
zielony,,1404,M518x554S30004482x482S1f500493x514S20e00481x515S22f04488x540
zielony,,842,M518x558S30004482x482S1f540493x515S20e00479x516S22f04488x544
ziemniak,,2237,M529x520S10048485x490S10042482x480S26a04502x501S20e00470x491
zima,,1874,M516x515S20348483x500S20600489x485S20340501x500
zimny,,203,M518x552S20348483x537S20600489x522S20340501x537S31900482x482
zimny,,2054,M518x558S20348484x543S20600490x528S20340502x543S30a00482x482
zjeść całą zupę,,2057,M531x593S14c38471x562S14c51458x539S2e802487x554S18540505x509S20500496x503S33b00482x482S22b00491x520S18541490x569
zlacze,,1054,M526x520S1064a475x505S20a00473x487S28803490x480S10610511x479
zle,,1024,M564x592S35000482x482S15d40545x537S2df0c540x571
zle,,798,M546x573S1f524522x531S35000482x482S22f04518x559
zle,,837,M518x551S33100482x482S30c00482x482S10610493x497S22a04495x527S2f900496x546
zle,,84,M529x526S10059471x487S10051499x475S20e00486x475S22b04503x496
złośliwość,złośliwy,1972,M520x595S20350485x537S1d420479x567S26a00482x556S20e00508x558S31b00482x482S35600482x482
zlot,,1710,M561x548S1ea20538x497S1ea28463x525S22b03514x512S22b07523x524S22b15448x498S22b11435x506S2ff00482x482
Złotowłosa,,961,M574x552S2fb00497x427S1ce11497x443S1ce19430x437S37a06454x550S37a06502x550S2fb00492x523S20e00452x503S1ce49481x437S36b00482x482S14c11515x474S14c19461x477S22b04520x507S22b14461x507S20e00535x505S29906522x445S2fb00497x432S1ce41551x428S29912447x447S20500494x463
zloty,,1574,M578x525S2fb00493x477S1ce11502x491S20500497x512S1ce18422x495S1ce50556x475S26606524x492S26612448x508S1ce49483x491
zlozenie,,1875,M520x520S1ec56501x497S1ec5e480x497S20500496x479
zly,,320,M547x593S30c00482x482S34700482x482S14e02502x526S14e0a468x527S23600508x555S23610459x556S2fb00497x583S21100469x579S21100523x579
zly,,608,M518x551S33100482x482S30c00482x482S10610493x497S22a04495x527S2f900496x546
zmartwychwstanie,zmartwychwstać,2159,M552x530S36d00479x496S20300493x515S20320537x470S20500495x502S28a07521x498S2f900539x489
zmartwychwstanie,zmartwychwstać,2160,M563x535S2ff00482x482S10a08505x509S20500516x501S20340548x464S28a07531x489S2f900550x482
zmeczony,,351,M573x559S31500446x483S35904446x482S14c07435x523S14c0f472x524S20500456x522S20500468x522S31600519x482S20500550x522S20500515x521S15718555x532S15710514x533
zmienic,,1168,M522x545S2df08501x486S2df1c482x491S21100482x458S10021477x471S10009489x456S10001486x513S10027493x515
znac,,1185,M542x517S30007482x482S15a11519x484S20500511x473
znaczek,,1486,M542x596S33b00482x482S20500495x507S12d01501x514S15d39467x568S20b00468x557S22b03493x544S12d51480x571S2df08521x497
znaczenie,,778,M581x515S1005f418x485S26722481x499S10051440x491S10059530x492S10057560x485S26726482x484
znaczyc,,1752,M581x515S1005f418x485S26722481x499S10051440x491S10059530x492S10057560x485S26726482x484
znak,,1802,M581x515S1005f418x485S26722481x499S10051440x491S10059530x492S10057560x485S26726482x484
znak-przerwy,,46,M531x550S10018467x519S10010516x520S31900482x482
znak-samopotwierdzenia,,1860,M531x523S31400469x487S31500495x488S30300495x477
znak-zaklopotania-z-usmiechem,,354,M530x518S32100494x482S35904494x482S34000469x483
znak-zastanawiania-sie,,573,M556x563S30e00482x482S35000482x482S14c37529x519S14c38478x532
znizka,,265,M524x520S15d18476x479S14750499x480S20e00487x508S22f04499x506
znizka,,530,M525x519S15d18476x481S18010495x500S20e00497x507S22114499x492
znosic,,503,M518x603S30c00482x483S35000482x483S15452488x533S1545a489x565S22f04489x550S22f14488x581S2fb00493x597
znowu,,713,M521x540S15d39480x517S10051491x482S20e00480x461S15d39480x471S26505489x496S20340501x522S20b00479x508
znowu,,907,M537x521S15d09462x486S15d39507x498S1f500474x495S20b00485x490S1f500513x478S20b00523x506
zolty,,134,M514x524S19a10486x504S2e000493x475
zona,,1611,M546x568S15d02490x540S15d0a484x548S20500514x557S33010479x482S1ea10523x491S20500517x481S22b03515x518
zostac,,1816,M549x514S2fb00491x507S22e10451x495S22e00532x494S15d20507x486S15d28471x487
zostawic,,1229,M549x517S14c20506x484S14c28469x484S22e00532x498S22e10451x499S2fb00491x511
zrost,,500,M516x517S1ec56497x494S1ec5e485x494S20500496x482
zupa,,517,M536x530S2ff00482x482S2ea00521x495S18102490x518
zupa-mleczna,,88,M605x556S2ff00482x482S22a14592x508S2ea00521x485S20340583x540S20348550x521S21b00581x527S21600559x508S22a00580x507S22a14548x541S21600590x527S21b00548x508S22a00559x540S18102488x519
zwiazek,,314,M524x531S20a00488x469S10637475x494S10651493x488S2eb22487x516
zwiedzac,,1573,M551x559S10e01510x468S10e09468x467S2df08506x441S2df10473x441S10e01526x506S10e09455x504S2df10449x537S2df08524x538S2fb00494x494
zwierze,,414,M538x535S36d00479x466S15009467x477S15001510x477S2e50c506x508S2e514470x506S2fb00493x498S21100496x476
zwyciężyć,"udać się, wygrać, zdać",641,M517x532S15d39493x509S10051487x468S22a04496x491S20b00482x498
zwykly,,1201,M524x520S15d48476x479S14750507x481S22f04499x506S20e00494x488
zyc,,1622,M537x519S36d00479x482S20600472x508S20600515x507S15432509x489S1543a472x490
zyc,,464,M543x517S36d00479x483S17802513x491S1780a476x491S20600521x505S20600461x505
zycie,,1620,M543x517S36d00479x483S17802513x491S1780a476x491S20600521x505S20600461x505
zycie,,703,M537x519S36d00479x482S20600472x508S20600515x507S15432509x489S1543a472x490
zyczenie,,169,M542x573S33e00482x482S15d01519x519S15d09471x541S2ea08523x548S2ea18468x515
zyczyc,,862,M542x573S33e00482x482S15d01519x519S15d09471x541S2ea08523x548S2ea18468x515