dic_gloss,synonyms,sid,FSW
1,,798,
7 up,,342,M545x526S1dc02454x502S22b00529x474S10020509x475
A,,1004,
Abbanduna,Abbonded,581,M558x631S14c50534x579S32105482x482S17650480x544S17650460x556S22b05502x559S22b15478x576S14c58504x600
abbandunat,abandoned,12,M568x611S14c48438x557S26606436x595S10000543x536S22b04543x575S34400532x482S34700433x483
abbandunat 2,,67,M518x607S14c48445x531S26606458x569S10000491x531S22b04493x577S34400482x483
Abborta,Abort,583,M584x550S20500544x518S15a36431x496S15a32439x491S27122444x511S15302536x500S26600568x493S36d00430x450S36d00527x451
Abbuza (1),Abuse (1),582,M535x540S2f700502x533S20348481x504S20350500x513S26600519x496S21400500x504S20e00496x488S36d00479x461
abbuza (2),abuse (2),599,M541x543S36d00479x457S10018480x490S14c08499x506S2b700522x502S22e04478x525S20b00496x491
Abbuza 03,,600,
Abjad,White,237,M535x550S36a00482x477S10011514x520S22a04503x527S20e00518x507
Abseiling,,2755,M551x561S17418450x458S17410478x439S15a18508x494S11811524x490S2940c535x517S20500516x532S20500518x550
Accessa,Acces,584,M541x545S2b800518x511S15d0a484x495S15d40501x518S36d00479x456
accessibilta' 2,accessibility 2,68,M529x525S2b800506x491S15d0a472x475S15d40489x498
Accetta,Accept,585,M537x612S2ff00482x482S15740516x524S15748466x523S26504510x555S26514478x555S2fb04491x606S17741518x573S17749462x574S20500504x585S20500485x585
Accountant Loran,,1292,M551x574S1f417523x443S21301500x426S14c02520x509S14c0a450x497S22512507x508S22516481x502S23100453x527S23110513x540S2fc04489x563
Accounts_1 (Krl),,2360,M545x563S13f07513x487S13f0f455x457S21303473x437S21301488x464S22b00513x529S22b04529x533S22b10459x494S22b14471x510S2fc04485x550
Actor (Loran),Attur (Loran),1400,M549x541S1f552473x460S1f55a517x476S20e00451x484S20e00537x500S2ea04518x510S2ea14474x493S2fc04488x530
Add on (Lrn),,2039,M518x515S1000a483x489S10020503x485
Adura,,586,M560x616S2ff00482x482S15d20517x536S15d28467x535S23014462x570S2fb04491x610S22b04544x570S22b14445x571S23004517x570
Af,Know,587,M544x525S2ff00482x482S20500502x489S10001512x495S26600528x479
Affarijiet,Things,2505,M536x537S14c01506x463S14c09464x463S2ea00521x501S2ea10466x499S2fc04491x526
Afganistan 2,,69,M540x588S2ff00482x483S15d11517x459S2e702490x466S17b1e487x528S22100494x522S22b04494x558
Africa,,1110,M528x549S14c20482x452S18520472x534S28a0c511x492
African Hair (Lrn),,2171,M617x600S30007482x483S1d411512x464S20500501x471S14c20580x507S15620593x578S28a0c600x535
afrika 2,,70,M550x539S33100482x483S1f701526x487S2e300527x512
afrika t'isfel 2,south africa 2,71,M551x585S33100482x483S1f701526x487S2e300527x512S10004533x545S22a04538x570
afrika ta' fuq 2,north africa 2,72,M578x543S33100482x483S1f701526x487S2e300527x512S10020562x513S22a00565x501
Afternoon (Lrn),,2214,M550x534S10020512x466S10e28471x483S2e700535x482S2e710450x509
Aggornament_1 (Lrn),,2310,M543x545S15d18457x456S20f02485x458S15436503x470S22110501x456S22f04503x492S1ce01493x518S26a06529x518
Ahdar,Green,238,M539x517S15d3a501x482S15d38520x488S37906461x494S26702470x501
Ahdar 2,,255,M534x519S26602475x503S15d3a507x481S15d38515x492S37906465x497
Aħjar,Better,779,M520x512S1f540481x488S2b700501x488
Ahmar,Red,239,M518x549S33b00482x483S10000474x519S26506494x521S21100470x510
Ahmar 2,,254,M518x549S33b00482x483S10000474x519S26506494x521S21100472x510
Ahna,We,2799,M534x519S14c12467x492S20500506x508S2d908496x482
Ahna,We,281,M533x518S14c52467x494S2d908495x483S20500513x507
Ahwa,Siblings,161,M574x638S33100482x482S10610518x497S20e00461x495S22b04518x529S1f540516x579S1f548495x570S23600535x587S23610453x579S20f00495x606S2fd04495x632
Air Condition (Loran),,1671,M540x534S14c4c460x466S14c44516x466S26d24485x515
air hostess,,947,M520x548S19a12500x520S26502480x522S20348489x453S20340500x483S20600498x469
Air Hostess (Loran),,1348,M554x591S35000482x483S11510516x492S11518467x491S25704515x529S25714465x529S26706512x530S26712444x531S25714482x549S25704500x549
Airconditioning_1 (Lrn),,2498,M573x533S26c10453x476S26c00531x475S22510551x520S22510428x515S14c5c454x497S2ff00482x483S14c54524x496
ajkla 2,eagle 2,73,M545x540S33100482x483S10a20519x487S20500503x497S22e04528x522
ajruplan 2,airplane 2,74,M522x514S19a12502x486S26502478x493
ajruport 2,airport 2,75,M522x551S19a12502x449S23c01478x485S15d09480x528S20b00490x511
akkomodazzjoni 2,accomodation 2,76,M544x531S15412406x490S22a04415x512S15d31444x489S26502446x517S2ff00482x483S20500517x503S15d17521x508
Akkumpanja,Accompany,588,M518x619S2ff00482x482S1ce10495x553S1ce48478x558S20800499x587S2e82a482x604
akkumpanja 2,accompany 2,77,M529x535S15d40506x465S26500485x467S10019471x504S10011508x505S20500496x498
Akkwista,,589,M541x613S2ff00482x482S14c30504x535S26604525x560S20330509x598
Albania,,1111,M529x524S14c01471x478S20500495x478S14c09503x477S37703493x502S3770b483x499
Album Photo (Lrn),,2126,M549x591S32b00482x483S20500510x476S20500482x477S1ed10523x492S1ed18451x494S17d36402x568S15a02396x552S21310355x552
Alcohol_1 (Do),Alkohol_1 (Do),352,M552x566S26500538x488S2ff00484x457S33100481x509S14710511x515S1f720515x485S2450a509x548
Algeria,,1112,M546x530S19a02517x472S19a0a468x470S23004455x510S23014521x512
Alison,,234,
ALLA,GOD,122,M561x518S10018524x469S10010546x455S2ff00482x483
Allergiija 1 (Em),Allergy 1 (Em),1530,M533x532S37907468x468S15011505x474S21100488x476S27102487x492
ALLURA,,166,M543x572S35000482x482S22804495x470S15d31514x527S15d39465x527S22f04518x558S22f14461x558
Allura,,391,M549x651S30d00467x486S30105496x477S15d40510x571S15d48466x571S2a208503x607S2a210466x608S28811445x558S28809529x559S2fb04489x645
allura 2,so what 2,78,M535x594S30d00482x483S2a210472x566S15d40516x529S15d48472x529S2a208509x565S22800495x470
ambaxxatur,ambassador,951,M521x533S36d00479x468S1f701449x485S20500472x482S20500502x522S22b05470x508
ambjent 2,nature 2,79,M530x537S15d1a503x518S14c20505x463S37800517x491S2c703472x491S37806470x531
Ambjent_1 (Lrn),Environment,2519,M531x539S14c10500x461S37800509x491S28a0d474x495S15a56504x527S37806470x530
America,,1113,M529x538S14c42498x481S14c4a472x485S20500496x462S2d925481x518
Amputa,,593,M521x533S36d00479x467S15a44464x468S22b04461x503
amputa (v2),,594,M521x533S36d00479x467S15a18465x468S22b04461x503
amputa (v3),,598,M521x535S36d00479x491S15a44469x466S22b04465x505
Ananas_1 (Krl),Pineapple_1 (Krl),1688,M520x517S15a06480x505S18600485x483S20800510x505
Andorra,,1153,M514x528S1ce40492x473S2ea06486x513
ANGLU 01,,1222,M545x531S36d00479x527S18110533x497S18118457x498S30100484x477
ANGLU 02,,1220,M554x545S36d00479x535S18110542x516S18118453x515S22126467x518S22122530x518S30104481x477
ANGLU 03,,1221,M556x545S36d00479x541S18110544x516S18118446x515S22124458x523S22124519x524S30100480x477
Anglu tal-Mulej (Karl),Angel of the Lord (Karl),1469,M561x518S18118463x412S2ff00482x483S18110546x416S22120521x415S22120477x417S10010546x464S10018524x476
Angolu_1 (Lrn),Angle,2520,M536x513S1ee18465x488S10051506x492S2880c489x491
Animal Salvagg,Wild Animal,722,M544x573S15020519x542S15028456x541S2b720487x526S34400482x483
annimal,animal,906,M529x521S1a320472x480S2e300506x494
annimal selvagg,wild animal,80,M532x531S15028468x500S15020507x498S2b820484x470
Anniversary 1 (Loran),,1505,M596x590S34800482x483S10a02524x509S20500528x493S14c10573x559S2e100573x524
Anniversary 2 (Loran),,1504,M555x607S34800482x483S10a02529x501S20500520x488S14c10483x537S14c18443x537S2a408441x571S2a400482x570
Anniversity (Lrn),,2179,M594x558S34800482x483S10011512x511S20500517x500S14c10569x492S2e100571x529
Announcer (Loran),News Person (Loran),1409,M585x611S33b00482x483S10001506x521S10009478x513S2ec04509x558S2ec14479x551S2fc04491x600S1ed56566x497S22b04565x533
Ansjeta'_1 (Lrn),Anxiety,2521,M546x556S15240512x488S1f710526x458S36d00479x444S1f718453x457S15248469x488S2e230517x524S2e230468x523
Anti Virus (Lrn),,2040,M572x567S11810492x434S11818429x433S22e02483x475S22e16434x472S10e20552x504S29000549x540
Anus 1 (Em),Patata (Em),1531,M544x574S14c20496x456S14c28469x469S28800496x426S2880c516x433S28814479x504S28818457x508S2fc05514x493S1d017498x551S26500530x556
App_1 (Lrn),,2309,M538x516S1f720463x499S10140498x485S10140522x486
Apparat,Equipment,2522,M526x528S15d18475x476S15010501x473S23004501x510
Appearance (Loran),,1672,M548x532S10058479x480S10050507x479S20500496x468S28906519x515S2891e453x517
Appell_1 (Lrn),,2307,M546x570S2ff00482x483S15d20519x495S20500504x504S10002516x552S2e700500x545
Appendici_1 (Lrn),Appendix,2523,M533x527S15d00494x500S20500485x492S2d906490x474S15d08467x487
Apple (Lrn),,2099,M518x554S19220399x474S30004482x483S15002483x529S2d507465x514
Applikazzjoni Online_1 (Krl),Online Application,2361,M534x560S15d0a476x441S1ea20485x462S2480a506x449S37a00479x503S19200491x505S22b04486x530S1f708467x488
Applowdja (1),Applause (1),590,M521x618S2ff00482x482S15d40502x573S15d48481x565S20c00482x605
Apprezzament_1 (Lrn),,2308,M526x572S30f00482x490S15d01503x514S15d09474x512S26620493x542S2f900497x534S30350495x476
Approvazzjoni_1 (Lrn),Approval,2524,M543x523S15d39458x500S11e51478x478S20500481x512S22a04515x487S22a00530x484
Apron (Loran),,1673,M563x584S14744510x433S1474c476x431S22c05530x457S22c13440x458S20f00483x465S36d00479x417S1ea40519x528S1ea48437x529S2a105495x550S2a112460x550
Architect (Loran),Perit (Loran),1349,M532x553S15a2a505x541S37806469x547S10140514x447S23d02492x506S22b30518x485
arcisqof,archbishop,952,M543x518S2ff00482x483S15d18455x481S15d10524x480S2380f512x451S23817471x453S20500496x446
Argentina,,1154,M560x522S36d00479x487S20f00511x493S18202545x479S22f04529x508
Arlogg (ta' idejn),Watch,216,M523x524S20357502x480S3780b479x494S1ce41478x476S21400477x503S20600500x505
Arma (1),,591,M586x591S2ff00482x483S15011515x468S15019460x462S26606556x472S26612414x473S2a401524x438S2a413441x432S20310505x556S20348481x555S20c00488x578S26c02527x554S26c12460x556
Arma (2),,592,M557x589S2ff00482x482S15010516x542S29700538x512S29718442x502S15018461x527S2fd04482x583
Armarju,Wardrobe,2499,M557x593S15a50509x408S15a50483x408S23c04534x425S23c0c445x426S1f740509x480S1f748484x480S2d608526x494S2d610466x497S1f730535x534S1f738509x535S26624523x562S26624484x563S26624444x563S26622454x544S26632484x551
Armarju Kabord _1(Lrn),"Cupboard, Pantry, Wardrobe",1990,M557x580S15a51502x421S15a57469x420S23c04534x440S23c1c444x446S1f740503x492S1f748477x494S26506535x492S26512449x492S1f731516x537S1f739490x538S26524462x565S26524479x565S26622451x543
Armier,,959,M562x536S1f720511x465S1f728473x464S23c1c440x468S23c04539x469S15a48439x502S15a40548x509
Arti_1 (Lrn),"Arts, Art",2525,M523x534S15d0a477x482S11500497x466S24904504x498
Artist (Loran),,1398,M550x541S15a06450x466S11500479x460S24a04460x494S1ed56531x472S22b04531x504
Asesswali_1 (Lrn),Asexual,2640,M583x518S33100482x483S1f520523x494S20500504x497S26606553x498
Asia,,1114,M545x520S20320455x481S14c20480x489S2db04505x506
Asian Hair (Lrn),,2172,M603x597S30007482x483S1d411512x464S20500501x471S14c20580x562S1f820503x578S29306529x583
ASL sign - Index finger hinge,,680,M520x533S30a00482x483S36100482x483S10b00484x507S26506505x516
ASL sign - Index on hinge,,682,M535x598S30a00482x483S34400482x483S10b5c517x535S10b54467x535S2fd00490x533S26c02520x568S26c12465x571
assasination (3),,597,M525x532S3760a503x468S1f701489x470S22c03474x499S2f900498x523
Assassina (1),Assassination (1),595,M551x536S36d00479x465S1dc41497x497S23100525x508S2f700531x529
Assassina (2),assasination (2),596,M538x539S36d00479x462S20340523x484S28903489x487S20341480x518
Assembly Hall_1 (Lrn),,2527,M544x570S14c50511x455S14c58456x454S26620489x430S10051510x521S10059471x521S2d603462x552S2d61b521x553
Assembly_1 (Lrn),,2526,M537x531S15020512x469S15028463x469S26724491x489
Assessjar tar-Riskji_1 (Lrn),,2311,M578x572S2ff00482x483S11a10530x482S26c00551x494S10018473x542S10e12517x542S26c00488x536
Assign,,308,
Assign No. 1,,749,
Assign No. 1,,750,
Assignment,,2528,M555x592S30000482x483S15d02508x486S22102524x513S26506540x497S1f740502x545S1f748494x577S20600485x562
astronawta,astronaut,953,M571x518S30000482x483S17d10507x462S22102491x463S10020556x464S22c00549x416
Athletes,,2756,M534x545S11e40511x455S11e48466x474S2e800517x504S2e810476x513
Atleta (Loran),,1399,M546x545S1f540510x455S1f54a483x456S23700507x491S23710454x492S2fc04494x522S2f700495x538
Atleta (Loran),Athlete (Loran),1442,M544x535S1f540507x467S1f548478x466S20500495x478S23704505x500S23714457x499S2f700518x525S2f700470x528S2fc04492x523
ATM_1 (Krl),,2362,M569x542S10021502x460S10029468x459S23d04542x472S23d1c431x472S1ea40495x521S27100452x526
Attached (Lrn),,2107,M531x515S15a06469x501S11e04490x485S22a04518x490S20800475x485
Attakk tal-Qalb (Em),Heart Attack (Em),1533,M523x563S36d00481x438S15a01467x452S20500481x447S1f752460x526S2f700436x540S20c00452x550S36d00477x511
Attard,,961,M547x518S2ff00482x483S20311526x485S20500517x480
Attent 1 (Em),"Careful 1 (Em), Pay Attention 1 (Em)",1534,M552x549S31a00482x489S15a10530x496S15a18461x492S30350497x477S23004527x531S23014450x531
Attent_1 (Lrn),"Careful, Beware, Pay Attention",2529,M550x545S23014448x527S15a10528x492S15a18459x488S2ff00482x483S23004525x527
Aunt (Loran),,1480,M585x547S1de12523x491S30006482x483S20500517x479S2470a542x521
Australia,,1115,M540x550S1a358460x452S1a350506x451S2ea00518x490S2ea10466x490S14c58462x519S14c50516x519
Autumn (Loran),,1481,M531x547S14c08470x469S1da11499x463S20500486x453S29e04501x496
Autumn (Lrn),,2217,M549x565S14c08451x449S14c50507x495S2a404507x529S22b04533x510S20500473x466S1d411474x436S37800461x479
Avatar (Lrn),,2041,M618x593S10e20598x530S29000595x566S15a06467x545S15a11515x484S2ff00482x483S20500474x557S22c03489x506
Avocado (Loran),,1482,M518x540S18110503x460S18118482x460S20500494x495S2d507498x509S2d513489x525
Avocado_1 (Lrn),,1689,M534x525S18110509x476S18118485x477S21100497x484S26904518x507S26910467x496
avukat,lawyer,955,M515x524S23004490x506S1ea50485x476
Avza,Advice,601,M518x566S30004482x482S10010486x513S20500475x513S22e04486x548
Awgura,Congratulations,602,M551x544S36d00479x457S1ea10524x473S1ea18453x475S2ea32526x500S2ea46449x502S2fb04493x538
Awtopsja_1 (Em),,1535,M546x576S1f752490x421S22b04472x426S21100494x448S31510482x483S10001509x503S19a51500x537S2a208523x548
Awtopsja_2 (Em),Autopsy_2 (Em),1536,M529x548S1f752489x453S22b04471x458S21100493x480S15a10486x519S2330a503x518
Awtorita' tas-Sahha,Health Authority,2313,M521x554S36d00479x455S15d01478x465S20600456x447S1f708460x511S37603444x524S20600443x533
Azzma_1 (Em),Asthma_1 (Em),1537,M521x528S37210479x473S14c01485x501S20500509x500
Azzma_1 (Lrn),Asthma,2312,M537x518S34900482x483S10000511x487S21800519x471
B,,1005,M506x513S15a28494x486
Back Up (Lrn),,2046,M607x535S28a2a500x485S15d3a397x508S14c50406x466S22102394x483S22a04428x485S20b00429x507S18548469x512S18540505x513S15d3a565x516S1f750587x498S20500581x511
Backpack_1 (Lrn),Satchel,2531,M548x527S36e00477x474S22800523x483S22800472x484S15309449x502S15301525x504S20500513x509S20500474x505
Bacon_1 (Krl),,1690,M543x539S1dc21505x461S1dc29466x462S26606513x488S26602511x507S26612458x491S26616461x507S26606512x523S26612457x520
Bacon_1 (Lrn),,1728,M560x521S10e02516x480S10e0a457x479S21802513x499S21802478x500S26606530x505S26612440x504
Bad (Loran),,1674,M511x510S19220490x491
Badminton,,2757,M576x562S18600425x439S15a02424x476S20800448x459S17417553x498S2d90a533x526S2d903512x542
Baghat (Lrn),,1947,M521x536S26600505x500S15a50507x465S15a06479x524
baghbas,,607,M550x533S14e20525x486S14e28450x484S22500451x469S22500462x470S22500525x468S22500537x468S2fb04489x527
Bahar ic Caghaq,,1187,M545x549S14720531x452S14734456x527S2b503476x477
Bahar ic-Caghaq (Loran),,1347,M541x547S14720527x453S14750460x525S2b503472x478
bahbah,,603,M559x600S30104482x477S14c01515x545S14c09461x545S23005534x563S23013444x563S2fb04492x594
bahbah,,608,M566x592S30104482x477S14c33522x539S14c3b455x541S2fb04496x586S23007540x524S23011440x524
bahri,sailor,956,M570x598S30000482x483S17d10528x483S22102517x484S26500556x481S14c50490x526S2a400489x562S26606516x542
Bahrija,,962,M525x547S15a56476x478S15a28505x520S27300502x453S27308509x486
Bajd_1 (Em),Testicles_1 (Em),1538,M536x518S1543e465x482S15436511x483S22a04516x503S22a14471x502
Bajda_1 (Mt),Egg_1 (Mt),1691,M529x527S15440506x476S15448475x474S20500494x484S22e04512x509S22e14472x508
Bajjad (Loran),Painter (Loran),1401,M561x538S15d40542x463S27202531x498S36d00479x472
baliena,whale,81,M533x523S15d02506x477S29202468x488S2f804488x512
Ballet,,2759,M533x593S15a02504x581S15a06467x581S25720493x534S15a12506x469S15a1a467x469S2ff00482x483
Ballroom Dancing,,2760,M538x528S1470a462x477S14b30515x472S23622491x489
Balluta,,972,M535x539S14720466x461S14714521x517S2d902469x501
Balzan,,968,M546x533S15a28455x468S2460a479x488S11943525x504
Banana,Banana,27,
Banana_1 (Alx),,1692,M534x540S1f70a467x520S1ea42477x495S2b700481x461S2b707509x487
bandal,,604,M580x569S36d00479x432S20340528x516S20348465x516S3770a536x493S37700547x469S37702459x492S37700459x467S2c610439x512S2c601550x514S2c610428x522S2c601561x525S2fb04497x563
bandist,bandist,957,M557x582S22102524x485S2e610436x517S1f708471x532S30000482x483S17d10534x483S1f720480x543S2e608508x549S20f00451x555
Bandist (Loran),Band player (Loran),1402,M541x593S1f740521x435S1f749467x425S20f00486x443S33b00482x483S14c10487x519S14c18486x562S20500495x551S22516510x567S22512472x524
bandist 02,bandist 02,958,M551x572S30000482x483S17d10528x483S22102518x484S33b10492x508S15218481x541S15210492x512S22510468x523S22510505x549
Bank tal Kcina (Lrn),"Working Space Kitchen, Kitchen Top, Table Top",1991,M540x551S1ea37504x450S2e500501x482S2f900528x497S17e20461x535S26706498x535
Banker (Loran),Bankier (Loran),1403,M538x534S15d39462x511S1f540474x472S20b00473x504S1ed56519x466S22b04518x504
Baptsim (Lrn),,2180,M531x530S15a06491x518S15a12470x495S2d907486x471
Baqa (Krl),"Continue, Kompli, Kompla",1776,M532x518S2bb00468x483S15d02505x499
baqa' (hemm),,605,M624x545S36d00479x456S14c09530x498S22f05545x524S10057581x494S26507611x490
Baqqan,,610,M522x533S1ea40499x467S1ea48478x497S2eb20505x501
Baqra,Cow,765,M546x518S19a20518x479S30007482x483S20500509x473
baqra 1,cow 1,905,M569x518S2ff00482x483S20600516x483S19a20541x486
baqra 2,cow 2,82,M550x539S2ff00482x483S19a58449x487S19a50522x489S22e00532x521S22e10454x517
bar,bar,936,M555x540S10029463x460S10021504x461S2880c543x475S28814445x479S2b805514x507S1f740493x498
Baram (1),,611,M552x561S15a5a449x451S14c50522x438S29a0e517x479S15a5a447x534S14e52475x529S20e00464x513S26606513x533S21400461x556
Baram (1),,612,M552x561S15a5a449x451S14c50522x438S29a0e517x479S15a5a447x534S14e52475x529S20e00464x513S26606513x533S21400461x556
Barax (1),,613,M532x526S20356506x484S37906468x490S15042467x500S26606502x507S21100470x474
Barax (2),,614,M560x560S15d48439x441S22b04444x479S15d48509x492S15010535x496S22b04539x530
Bard,Cold,428,M565x566S2e230447x452S20314450x436S20310546x434S2e230544x449S37600486x543S14c07507x521S14c01465x519S21200537x521S21200434x522
Barman (Loran),,1404,M563x534S15d3a437x496S22b04544x504S1ed56544x471S1f700470x466S37800476x482S2df0b479x483S22b04500x481
barra,,937,M550x529S36d00479x525S15d01487x491S2d708511x471
Barrani_1 (Lrn),Foreigner,2314,M563x574S1ed47491x427S22a04489x463S10011502x496S10019468x505S20500490x500S15d01526x551S36d00479x566S2b700544x524
barri,bull,83,M530x518S2ff00482x483S20500494x487S1a020510x465
barri 2,bull 2,907,M546x532S2ff00482x483S19a58453x488S19a50518x487S22e00524x512S22e10457x514
Basal_1 (Do),Onion_1 (Do),1693,M535x565S31510482x483S10000491x505S22a04514x513S21100519x492S15336510x550
Basar,,615,M639x517S2ff00482x482S10a10524x484S2eb00545x479S15d40589x462S2ba00608x447
Baseball,,2761,M536x519S17416520x485S17404498x481S2d72c465x505
Basement (Loran),,1444,M528x519S37806472x486S15a56501x482S14720509x496S2c700480x490
Basket (Loran),,1683,M578x571S17442547x430S23600539x457S14c30423x498S14c38460x500S29c24442x534
Basketball,,2762,M536x547S14e50510x490S15a36500x535S23704464x503S2b700510x453
Basla,Onion,353,M519x585S2ff00482x482S20500502x494S10000492x508S21600511x517S22a04492x544S15336486x570
Bata,,617,M533x554S36f0c467x524S15d01482x531S20500478x512S30400497x478
Bata (Lrn),,1949,M601x561S23614504x544S14c09492x453S21100525x451S14c0a513x516S14c02563x497S23600562x535S36f04473x440
Bata_2 (Lrn),"Suffer, Pain, Ache",1876,M574x631S36f0c473x523S14c01471x537S20500489x530S30f00490x483S14c02512x580S14c0a478x595S23200548x573S23218444x592S2fc04510x620
battal,,618,M541x531S15344475x504S1534c526x506S28911460x470S28901506x471
Bawl,Bowl,356,M559x547S17f30507x498S17f38481x498S28907529x492S2891f449x491S2fb04494x541S17f40542x454S17f48441x454
Baxxa,,619,M523x540S30104481x477S36e00477x528
Baxxa (Lrn),,1942,M528x534S15d50509x467S15d58473x466S22b24491x504
Bazwar,,620,M542x608S30104482x477S15730516x536S15738461x536S22f04517x575S22f14456x577S2fb04491x602
Bazwar (Lrn),,1948,M540x626S11549469x535S11541485x528S20500467x522S20e00474x582S15d39471x603S26607518x570S15d51499x591S30c00482x490S30350497x476
BBQ,BBQ,774,M530x526S10e50515x496S10e58471x496S28720493x475
Bbraxxja_1 (Krl),"Brush, Groom",1950,M525x534S1f75a509x514S37806475x518S1f752481x478S28806503x483S28806503x467S20e00479x500S20e00495x500
Bbraxxja_Xaghar_1 (Krl),"Brush Hair, Hairbrush",1951,M553x538S36b00482x482S1f752531x482S28806528x511S28806531x526
Bbrejkja_1 (Krl),"Brake, Car Brakes",1952,M538x553S1f702504x447S1f70a462x464S22a00525x460S22a14464x492S1f720484x538S26a00509x539
Bbumbardja_1 (Krl),,1953,M531x535S19a51494x466S26502516x465S1005e475x500S22f13470x514
Bdot (Loran),Pilot (Loran),1405,M539x563S19a51501x437S28a0f461x439S1f540524x498S2fb04495x557S26d02515x525S26d12461x526S1f548472x497
Bean Bag (Loran),,1676,M560x573S14c40486x429S14c48453x428S28d0c494x470S28d14441x469S19a18475x527S19a10511x527S23805537x555S2381d464x557
Beautician (Loran),,1350,M545x578S32b00482x483S15d17522x512S15d1f455x514S21100469x504S21100519x502S2ea1c521x544S2ea0c464x541S2fc04500x567
bebbuxu,snail,84,M519x544S10e50504x502S1715a481x519S22510497x488S20800506x534S26620500x456
Beda (1),Start (1),621,M522x530S15a06477x486S15a40485x503S20e00485x470S2c600503x504
Beda (2),Start (2),622,M545x552S20320459x522S20320525x523S14c00454x449S14c08522x451S26500526x495S26510459x494S2f700492x545
Bedroom Ensuite_1 (Lrn),Kamra tas-Sodda Ensuite,2510,M544x524S10051514x417S10059469x416S2d613463x452S2d60b520x453S33100482x483S10012504x509S20f00506x493
Bedroom Spare (Loran),,1483,M603x613S10050420x511S10058392x510S27604422x551S27602416x584S2761a386x583S2761c379x551S20500408x495S30005482x483S15a19508x511S20800522x498S15a50552x515S15a50591x516
bejgħ,sale,871,M536x543S36d00479x457S15a05469x494S15a23503x482S2ea30521x495S2ea48459x510S2fb04493x537
Bejjiegh (Loran),Salesperson (Loran),1406,M659x546S2fc04556x535S23500571x511S18152563x492S23510515x511S1815a521x490S36d00479x477S1ed56640x454S22b04639x488
Beka (1),Cry (1),623,M548x564S30a00482x482S10a00519x514S20f00522x494S22f04516x550
Beka (2),Cry (2),624,M566x560S30a00482x482S1ce10521x477S1ce18458x477S2890b541x497S28913433x498S2fb04491x554
Bela,Swallow,625,M518x574S2ff00482x482S17736502x554S2b700493x525S17d52481x542
Belarus,,1116,M523x530S10049478x470S10041492x470S2d924478x508
Belgium,Belgju,1285,M537x542S2ff00482x483S15a10507x503S26607515x520
Bena (1),to Built (1),626,M544x555S20349484x534S20341491x511S20500479x522S21400507x533S21400505x468S20500480x457S20349482x466S20341490x445S28b00524x468S28b18456x494
Bena (2),to Built (2),627,M544x556S28b18456x496S28b00524x470S20500479x524S21400508x538S21400504x476S20500479x458S15a41494x510S15a49481x533S15a49478x471S15a41489x444
Benejj (Loran),Builder (Loran),1407,M582x580S36f00473x460S16c10562x420S16c18527x435S28a20564x453S15a41490x508S15a49480x547S20500489x530S20500496x569S28900509x537S28918469x499S20500501x497
Bennen,,629,M524x530S15d32495x474S15d3a476x470S26726477x502S26722482x514
Berbaq,,630,M514x521S1ea40486x480S26a00487x507
Berfel,,631,M551x544S2ff00482x482S14c11510x463S14c19462x466S2e701531x451S2e747446x455S2fd04487x538
berghut,flea,85,M551x593S35900482x483S11520516x469S22120527x474S37808472x536S10013500x518S15011495x566S20602477x537S21100477x575S23100525x570
Bermudas,,506,M555x571S36d00478x429S36d00480x471S1820c511x486S18204469x487S26506540x488S26512450x487S2fb04494x516S21100517x508S21100471x508S1820c512x533S21100519x557S26506539x533
Bermudas (Loran),,1484,M544x518S15a03425x434S15a05393x435S2890a450x424S28912365x426S30007482x483S15a12517x478S26500505x461S20500522x490
Bettieh,Melon,28,
Bexxaq,,632,M540x520S15d0a460x501S15d40521x480S2d601490x481S20500489x508
Beza',Afraid,633,M534x541S20310515x483S37901523x497S20318482x488S37901488x501S36e00477x460S26622440x482
Bezaq_1 (Krl),Spit,1955,M518x524S34500482x489S32115491x496S30155495x477
Bezlek,,634,M539x552S2ff00482x482S15d00503x506S15d08478x506S22104518x515S22104467x516S21100526x497S21100463x498S2fb04491x546
Bghat_1 (Lrn),"Send, Post, Email, Imejl",1875,M520x531S15a06481x508S15a50508x504S26600504x469
Biccer,,635,M540x523S20315460x489S15a40528x476S22f03513x502
biccerija,slaughter house,938,M593x552S15020441x487S36a00482x477S22a04447x523S15d53519x512S20b00499x522S1a320565x488S2e700578x527
Biccier (Loran),Slaughterer (Loran),1408,M545x554S1f740498x488S26500503x463S26500518x455S26500531x446S1a310491x522S29202456x540
biddel (1),change (1),218,M539x630S2ff00482x483S10031518x542S10039453x580S28a02476x542S28a1a478x578S2fb04493x624S10051440x546S10057518x581
biddel (2),change (2),37,M544x542S36d00479x458S20303484x490S20323493x490S2a204521x495S2a215457x498S2fb04491x536
biddel (3) (mohhu biddel),change (3) (change of mind),43,M616x522S30007436x482S10011476x492S20600463x474S2ff00529x483S2a204593x474S10e21569x490
biddel (4) (biddel hwejjeg),change (4) (change of clothes),46,M592x633S2ff00426x483S36d00423x522S14c02452x551S14c0a410x551S2360c450x582S2361c405x584S2fb04441x616S2ff00538x483S36d00536x522S1ea01564x543S1ea09525x552S2eb00573x574S2eb18532x582S2fd04549x627
Biddel_1 (Krl),Change,1777,M533x533S10040516x468S10048467x470S28b02471x512S28b1a489x513
Biddel_2 (Krl),Change_2 (Krl),1778,M529x541S10002499x460S1000a471x475S2ec00512x481S2ec10493x489S2fc04505x530
Biddel_il_Hwejjeg_1 (Em),Change_Clothes_1 (Em),1539,M544x557S10e20494x500S2df04492x536S1f401514x443S1f409456x445S20800476x470S20800511x468
Bidla_1 (Lrn),,2315,M517x534S10001483x466S10029487x484S2df2a484x510
Bidnija,,963,M532x520S15a28468x488S1b310509x491S20f12491x480
Bidnija,,971,M544x521S15a28457x484S1b310499x483S20f12480x479S26f06530x481
Bidu jew Hrug_1,"Start, Beginning",2316,M534x563S15d0a477x531S15d10496x535S22b00518x533S21100481x544S30100482x477
Bieb il Bombi 1,,964,M560x558S20313478x537S20311498x520S10050478x442S24a0a503x450S22d11441x500S22d07523x493
Bieb il Bombi 2,,965,M556x576S10050524x451S10058479x451S24204532x425S2421c459x424S20313482x555S2031b495x539S22d07519x512S22d11445x525
Biegh,Sell,190,M549x593S2ff00482x483S15d0b466x547S15d03510x540S23007523x526S23011451x530S2fc04495x582
bieghed,,267,M556x578S2ff00482x483S15d0a476x559S15d22511x557S26a07535x537
Bierah wara,,2220,M532x515S10000468x485S2da08492x489
bierek,bless,300,M518x609S2ff00482x483S12d40491x542S23304488x583
bies (1),kiss (1),522,M610x561S2ff00432x483S20500445x501S10000436x513S2ff00533x483S18510555x538S18518519x538S20600537x549S2a200587x533S2a218490x533
bies (2),kiss (2),609,M609x543S2ff00391x482S20500404x501S10000395x513S2ff00443x482S18510489x512S18518538x512S20500482x501S20500560x501S2ff00573x483
Biex,,426,M529x525S14731489x479S14739479x504S22b04513x476S20b00471x496
Biex,To,399,M529x525S14701489x479S14709479x504S22b04513x476S20b00471x496
Bijologija_1 (Alx),Biology_1 (Alx),1541,M528x570S14720487x431S26500505x437S17640503x484S17648478x503S2a400503x505S2a414472x526S2fc04502x559
Bijologija_1 (Em),Biology_1 (Em),1540,M528x570S14720487x431S26500505x437S17640503x484S17648478x503S2a400503x505S2a414472x526S2fc04502x559
Bijologija_2 (Mtw),Biology_2 (Mtw),1542,M533x576S14720492x554S26500512x557S2a414473x482S2fc04503x515S2a400504x461S1ce40511x425S1ce48468x444
Bil ghatx,Thirsty,2795,M534x575S2ff00482x483S15202489x523S20e00522x512S22b04498x545
BILFORS,,528,
Bilfors,Must,400,M529x526S15d39484x503S20341490x475S22b04513x474S20b00471x497
biljun,,2747,M537x528S10000464x472S14400494x473S22c06495x512
Bill_Bell_1 (Krl),"Dunk , Dip",1954,M522x524S16d48478x498S18552500x476S22f04497x510
Biografija jew CV,"Biography, CV, Bio",2532,M533x554S15d39468x461S19240493x446S20f00479x471S26a03512x471S15d18470x519S18510505x518S20612492x517S22a04517x539
Biologija_1 (Lrn),Biology,2533,M544x561S23100518x527S21100457x512S1c502503x478S23110456x528S1c50a457x479S21100513x509S2fc04485x550S14720481x439
Bird Watching,,2763,M561x567S31e00441x452S16d10480x453S16d18420x455S20800462x470S20800447x471S2a428447x487S1f420517x552S36000524x513S22100501x553S22100488x553S20800551x547
bired,,679,M558x664S2ff00482x483S14c00506x544S14c08474x550S22510506x529S22510474x535S23100532x550S23110444x563S2fc04496x587S18536506x607S1853e483x607S22b24494x634
Bired_1 (Krl),"Nar, Nar Off, Put Out Fire, Extinguish Fire",1877,M542x568S23110460x465S14c08460x427S23100495x442S22510456x407S22510487x384S14c00488x404S33500476x483S15636509x531S1563e474x532S22100530x520S22100470x521S22a04515x553
Birgu,,967,M539x514S15a28462x487S24a0a492x490
Birkirkara,,966,M516x552S15a28499x449S2a204493x487S14010485x522
Birkirkara,,970,M516x551S15a28499x449S2a204493x487S14010484x521
Biro_1 (Lrn),Pen_1,2534,M523x529S1f501501x480S22101511x471S22b03478x505
Birra,Beer,29,
Birthday (Loran),,1506,M531x533S14c40505x467S14c48469x469S2d823497x509
Birthday (Lrn),,2178,M543x551S15a40517x455S15a48457x457S2c720483x449S15a18487x503S10112513x504S22b04513x521
Birzebbugia,,969,M543x535S15a1a516x523S14720526x466S37800533x491S25703457x477S25704494x478
Biskuttini,Bisciut,362,M557x561S1ec40424x541S30005482x482S10011512x513S20500520x506S2a200534x533
Biss,Only,2786,M541x514S15a58482x487S15a50506x487S22a06526x496S22a12460x497
Biss,Only,401,M527x528S15a39486x472S26907508x491S15a31491x472S26911473x492S2fb04494x522
Biss,Only,427,M532x531S15a59479x470S26907513x497S15a51494x479S26911467x492S2fb04490x525
Bitha (Loran),Yard (Loran),1445,M551x519S19a20498x497S19a28475x482S26605529x497S26611449x482
Bitter (Loran),,1677,M529x540S30a00482x483S20500478x510S1e710503x519
BIZA 01,,1223,M544x571S30322482x476S2fb04497x565S20327462x518S2032f523x516S26502526x543S26506529x556S26516467x543S26512465x555S30d30487x496
BIZA 01,,1224,M544x571S30322482x476S2fb04497x565S20327462x518S2032f523x516S26502526x543S26506529x556S26516467x543S26512465x555S30d30487x496
BIZA 02,,1225,M546x578S36100482x482S22800493x469S36e00477x515S20311525x518S20319455x518S26502526x547S26516458x548S26512456x558S26506528x558S2fb04492x572S30f30488x488
Bizzejjed_1 (Lrn),"Enough, Stop It, Cut it out, Full",1992,M522x549S36a00482x477S15a52495x537S20600463x511S22f00493x520
Blata l-Bajda,,1266,M526x518S14720474x482S26500492x487S26606496x502S26500508x488
Bleach (Lrn),,2158,M558x518S30007482x483S14710522x484S2d501539x491
Blokka,,505,M529x536S1d01c506x506S20500495x502S1d014470x506S36d00479x494S36d00478x464
Blow (Lrn),,2268,M559x520S17f30510x491S17f38477x491S28907534x481S2891f442x482
Blowdry (Lrn),,2265,M525x540S12d04502x461S20350475x481S22c24497x498
Blowdry Curly (Lrn),,2266,M535x596S12d04426x502S20350399x522S22c24421x539S30005482x483S10011514x516S29804515x552
Blowdry Flick (Lrn),,2267,M550x578S12d04397x448S20350370x468S22c24392x485S32b00482x483S14c12519x489S14c1a450x489S2c714454x518S2c714460x547S2c705518x523S2c705508x549
Blower (Lrn),,2278,M591x518S12d12518x462S30007482x483S23600552x470
Blu,Blue,241,M516x528S37900510x485S18220493x472S25700484x486
Blu 1,Blue 1,240,M535x540S37900476x500S14c20466x471S28b0a491x459
Blue Grotto,,973,M534x528S15a1a507x516S37906466x521S18111510x472S28a03472x477S20500475x511
Blue Lagoon,,974,M540x534S1dc50461x466S2e230468x502S26706498x481
Bluetooth (Lrn),,2145,M521x540S18220407x514S10011500x510S20500481x517S36100482x483S2b700410x478
BMX,,2764,M582x546S17550451x465S17558419x455S11e02552x521S2e800453x489S2e810420x479S29402508x530
Boating,,2765,M537x512S15a51514x488S29402464x496
Bob (Lrn),,2279,M542x522S30000482x483S15d30504x448S15d38476x449S20500493x436S28c14454x493S28c0c521x494
Body Building,,2802,M570x555S20310474x445S20304431x472S20314520x512S20306555x540
Bokkla 2,,232,M536x515S1d01c513x485S1d014463x485S20a00489x486
Bokkla 3,,236,M531x533S1d01c508x503S20500497x499S1d014472x503S36d00479x468
bokser,boxer,86,M547x556S30003482x483S11520516x463S22100529x467S16d18466x511S16d10518x510S30005482x483S22e13460x535S22e05528x537
Bongu,Good morning,416,M546x517S30007482x482S14721516x478S22a07533x466
Bookmark (Lrn),,2047,M592x542S15a10434x459S15a18418x458S18518529x504S20600557x505S15a10580x494S2e010408x491S2e008431x492S22a04532x527
Borma_1 (Stv),Pot,1993,M550x522S1ea40521x480S1ea48456x478S22f04525x507S22f14450x508
Bormla,,939,M539x542S14720493x458S1f748462x506S1f740519x505S22a14469x527S22a04522x527
Bosnia and Herzegovina,,1117,M570x633S15a10510x515S30005482x483S20500520x506S20351514x558S20359503x576S22d05533x579S22d13471x596
Bott,Tin,363,M522x514S1ed10478x486S26500508x489S2f700508x507
Bottle (Loran),,1678,M518x566S16d40493x477S16d48488x508S22b00502x434S22b14482x536
Bowl (Loran),,1679,M566x514S14d10505x496S14d18468x495S28907541x487S2891f435x487
Box (Loran),,1680,M538x561S15a40526x439S15a48462x441S15a42489x515S15a4a490x549
Boxxla_1 (Lrn),Compass,2535,M527x522S15d38474x485S10040486x479S26d06508x495
Br,,1675,M560x573S14c40486x429S14c48453x428S28d0c494x470S28d14441x469S19a18475x527S19a10511x527S23805537x555S2381d464x557
Braid Dutch (Lrn),,2280,M586x521S17440425x375S17448404x390S2d613410x412S2d613409x448S2d60b428x396S2d60b432x426S32b00482x483S17b10513x486S17b18468x485S18510561x495S18518414x495S22b06534x500S22b12436x505
Braid Fish (Lrn),,2281,M581x574S17440440x427S17448419x442S2d613425x464S2d613424x500S2d60b443x448S2d60b447x478S15d12554x555S2dc00502x558
Braid French (Lrn),,2282,M598x534S17440433x381S17448412x396S2d613418x418S2d613417x454S2d60b436x402S2d60b440x432S30005482x483S1d110518x500S1d410569x495S22a06552x512S20e00502x522
Braid Rope (Lrn),,2283,M604x575S17440417x426S17448396x441S2d613402x463S2d613401x499S2d60b420x447S2d60b424x477S11a12520x544S11a1a492x560S29712442x555S2970a557x539
brama,jellyfish,87,M531x528S15612470x492S22124469x519S22b00515x498S22c00500x473
Branch_1 (Krl),,2363,M522x561S15d39479x472S1f740502x440S20b00489x460S15452488x524S22a04496x546
Bravu,Good boy,769,M559x581S10020544x514S10001499x551S2a205516x542S33e00482x483
Brazil,,1278,M539x536S33100482x483S15a10527x487S24904499x500
Brazuletta 2,,231,M523x530S20357502x482S3780b476x500S21400495x470S1ce40478x473S21100490x501S2c602476x512
Brazzuletta,,217,M533x533S20357498x489S3780b475x503S21400467x515S1ce40483x467S21100481x500S2c602510x472
Bread Bin (Loran),,1681,M576x566S15a40465x437S15a42442x484S15a48424x434S15a4a444x511S17520545x493S17528542x549S2a602551x516S20500566x548
Bread_Bin_1 (Lrn),Kaxxa Hobz,1994,M604x563S15a40430x439S15a48398x438S22a04430x475S22a14396x474S15a02478x437S15a0a479x485S22a14483x505S22a04486x455S15a3a550x489S1f750554x440S20500565x485S22a04561x463S15440589x520S15448546x519S22a24569x548
Bread_Board (Lrn),Chipping Board,1995,M586x561S15a02419x467S37800427x456S21100432x482S1f708415x440S23100428x493S15a50541x443S15a50523x444S26506560x451S26512494x450S15a50512x519S15a40563x507S23504549x543S26622526x512
Break_1 (Lrn),,2536,M525x525S1f750476x477S1f758502x476S2a210476x497S2a208502x497
brimba,spider,88,M523x530S14c20479x499S22510478x482S22c00507x471
Brodu,Broth,365,M569x597S34600482x482S18148459x568S1ea41487x560S25a00485x526S2a200520x555S25a00503x526S2a200546x555
Brodu_1 (Do),Broth_1 (Do),1694,M537x578S15d48462x551S34500482x483S1ea41509x543S2ec00488x520
Broom (Loran),,1682,M541x548S17440520x452S17448489x495S23623459x518
Brungiel_1 (Lrn),"Eggplant_1 (Lrn), Aubergine_1 (Lrn)",1695,M540x551S15436414x536S15452414x511S22104443x517S22b00421x473S31510482x483S11500488x500S21100507x502S26506525x499
Brungiel_2 (Mtw),"Eggplant_2 (Mtw), Aubergine_2 (Mtw)",1696,M540x566S15418411x525S15410439x526S26506525x499S21100507x502S31510482x483S11500488x500S26606438x549S26612392x550
Bs,Group 1,660,
bs,group 2,661,
bs3,bs group 3,662,
Bughawwieg_1 (Em),Cramp_1 (Em),1543,M551x557S37800457x443S15010475x445S20500461x454S15040511x500S15048468x502S2a219450x534S2a20f528x529
Bughawwieg_2 (Em),Cramp_2 (Em),1544,M552x553S37800482x447S15010500x449S20500486x458S1f752497x510S1f756486x530S26606522x513S26612448x537S2f900529x510S2f900462x534
Bugibba,,1188,M510x531S14710493x470S2e200490x499
Bugibba (Loran),,1324,M541x546S14710525x491S2e200521x514S2ff00482x483
Bulb (Loran),,1684,M538x548S15030512x453S2a400510x490S15411462x525
Buldokk,Bulldog,721,M608x647S30007424x484S11520462x464S22104472x467S30003540x481S30005541x481S15317585x503S1531f509x502S2880c572x536S28814534x536S20500553x557S2fb04551x572S22104527x504S22104577x506S20310513x579S37700520x594S20600510x619S22f00538x618S15a02505x635S37706531x640
buldokk,bulldog,141,M547x556S30003482x483S11520516x463S22100529x467S15318472x515S22e05528x537S30005482x483S22e13460x535S15310522x516
buldokk 2,bulldog 2,1244,M547x619S30003482x483S11520516x463S22100529x467S15318472x515S22e05528x537S30005482x483S22e13460x535S15310522x516S37800505x558S20310499x543S15a1a493x607S20600495x594
Bulgaria,,1118,M565x518S30007482x483S13f11518x465S23005540x480
Bulgaria,,1119,M518x518S30001482x483S13f19450x465S2a417422x485
Bull Body,,2766,M603x581S20300398x450S20326465x485S2ff00427x444S2ff00537x521S20322528x566S20300588x532
Bungey jumping,,2803,M553x543S15a1a448x486S28e0a485x466S23504516x524S10e04457x457S10e00499x513
Bunk Bed_1 (Lrn),,2500,M541x639S2ff00482x483S15a17518x511S15a19508x501S15a50490x561S15a50490x607S22a04472x575S22a14471x624
Buqar_1 (Mtw),"Jug, Pour",1996,M514x521S19a00486x479S22e03488x502
Burmarrad,,975,M538x530S14701517x509S14709462x509S22c01483x470S22c17486x471
Businessman (Loran),,1351,M552x570S14720498x431S13f1f452x488S13f17527x502S21301501x486S21303469x472S23600513x548S23610449x523S2fc04486x559
Buskett,,1267,M538x542S15a56495x530S37806463x537S14c10495x465S37800507x496S2e230516x497S26600522x458
Busy (Loran),,1352,M526x551S17d10497x454S22122481x450S11511501x507S11519475x524S20600481x511
Butir,Butter,368,M552x535S15d39469x471S21400448x465S11551486x475S27103503x509S2a401519x490S20f00469x500
Buts(1),Boots(1),219,M541x527S15a56489x512S17350522x507S26602501x492S22b00486x473S37806459x517
Buts(2),Boots(2),220,M529x533S15a56502x521S1ea40493x498S22b00501x467S37806470x526
Buts(3),Boots(3),221,M575x541S15a56454x526S17350487x521S26602466x506S37806424x531S15051540x459S23600536x495S2f700549x516
Buttuni,Buttons,222,M517x541S1ce10482x459S20500484x527S20500484x495S20500484x511S22c04501x499
Buz-nanna,Great grand mother,163,M613x563S33100482x482S2f700596x556S20600525x497S10e20566x522S2a200590x524S11511503x499
Buz-nanna (2),Great grandmother (2),209,M643x607S30005482x482S20e00522x491S10020520x505S22b04539x511S11950517x581S22110490x593S10e20598x535S2a200620x539S2f700625x574
Buz-nannu,Great grand father,162,M613x563S33100482x482S10011505x499S20600525x497S10e20566x522S2a200590x524S2f700596x556
Buz-nannu (2),Great grandfather (2),210,M606x562S30000482x482S22104477x465S17c10486x454S26600505x450S11950504x536S22110477x546S10e20560x506S2a200583x509S2f700590x543
Buzzieqa_tal_Awrina (Em),Bladder_1 (Em),1545,M547x567S16c14477x467S16c1c503x466S36d00479x433S22a24494x493S19a40519x524S23004522x549
Bye,,418,M539x543S36d00479x457S14c20516x466S23702514x504
Bzar Ahdar_1 (Mtw),Green Pepper_1 (Mtw),1700,M578x536S26606451x520S15340446x492S22120443x475S15348422x492S15d37537x467S15d31555x465S26703533x492S21100531x493
Bzar Ahmar_1 (Mtw),Red Pepper_1 (Mtw),1701,M523x568S26606413x552S15340408x524S22120405x507S15348384x524S21100475x514S33b00482x483S10000487x508S26506508x519
Bzar Orangjo 1 (Krl),Orange Pepper,1702,M518x555S26606409x530S15340404x502S22120401x485S15348380x502S2ff00482x483S16d10498x504S2e500490x528
Bzar_Isfar_1 (Krl),Yellow Pepper,1699,M572x543S26606457x527S15340452x499S22120449x482S15348428x499S15317545x464S2df02553x492S22100535x458S26604533x489
Bzonn,Need,402,M552x557S14c30528x444S26604532x482S20330532x520S14c38448x445S26614452x484S20330452x520S2fb04492x551
C,,1006,M508x510S16d10491x490
cafcaf,,693,M554x526S15d39463x474S15d31514x474S23005529x490S23013446x490S2fb04491x520
Cafcaf (Krl),,1972,M543x531S14c30510x470S14c38465x472S23000518x510S23010458x513
cahad,dismissed,695,M577x540S36d00424x461S10020428x489S15d02435x474S26604447x498S20500413x486S36d00535x461S10020536x490S15d02545x475S26624550x510
Cahad_1 (Do),"Deny, Said Not True",1878,M531x604S30100482x477S30d30487x496S10000490x510S26500517x524S15a37472x581S15a41490x560S20500480x578
Cahad_1 (Krl),Discriminate,1973,M550x529S10008478x481S15d40531x477S20b00484x471S26502504x480S26622451x513
Cahhad_1 (Krl),"Deny, Put to the Side, Turn Away, Push Away",1879,M521x538S10018447x482S36d00479x463S15d41473x476S26622428x522S20b00455x476
Canada,,1120,M521x523S16d10493x503S36d00479x477S20600463x489
ċanfar,rebuked,698,M518x610S30004482x483S32103482x483S10010486x521S10041429x565S22b03457x540S23005438x584
Canfar_1 (Krl),Scold,1974,M518x575S30c00482x483S32113492x500S10011477x520S23004474x557S2f900452x569
Canga,Beef,30,
ċapċap (1),applaud (1),699,M521x546S36d00479x455S15d39479x503S15d51496x506S20c00491x533
ċapċap (2),applaud (2),700,M584x574S14c18448x496S37700458x526S2e210421x514S14c10533x498S37700544x528S33e00482x483S2e208564x513S2fb04492x568
Capcap_(Deaf)_1 (Krl),Clap Deaf Way,1975,M542x534S14c10519x467S14c18458x467S2e230522x501S2e230459x502
Capcap_1 (Krl),Clap,1976,M523x521S15d39478x483S15d51500x480S20c00487x508
Capuccino_1 (Lrn),,1729,M557x525S36d00479x491S1ea10530x478S1ea18446x476S23004532x507S23014442x507
ċaqlaq,move,701,M563x605S30322482x476S14c51505x550S14c59468x562S26a00536x558S26a10438x583S2fc04497x594
Caqlaq_1 (Krl),"Move, Shake, Earthquake, Terremot",1977,M567x530S14c50501x471S14c58455x478S27103540x485S27113433x504S2fc04485x508
Car (kulur),Light (colour),243,M522x529S2e100478x500S14c20478x471S26700506x484
Carer 01 (Loran),,1459,M539x570S2ff00482x483S18111515x489S22b04513x515S15a16492x558S20500503x545
Carer 02 (Loran),,1460,M592x563S2ff00445x446S18111478x452S22b04476x478S15a16455x521S20500466x508S33100520x448S10011566x533S11511567x465S20600542x462S11520520x486S20600539x532S26506537x486S33100518x520
Carnival (Loran),,1507,M549x534S14e30515x467S14e38459x468S23600510x517S23610452x515
Carnival (Lrn),,2181,M552x523S14f10514x503S14f18456x507S23700513x477S23718449x481
ċarrat,,702,M581x534S36d00420x466S14c02408x485S22f04412x512S36d00538x466S20301543x482S20301518x484S26606551x504S26612501x505S2fb04532x528
Carrat_1 (Krl),"Rip, Tear",1978,M542x556S14c02462x459S20e00501x468S22f04468x489S1f711488x515S1f719456x517S36d00479x444S26606499x540S26612440x540S2f900531x537S2f900429x538
Caucasian Hair (Lrn),,2170,M641x543S30007482x483S1d411512x464S20500501x471S11820618x513S11828573x516S22100584x502S22100613x500
Caw,Caw,417,M547x525S36d00479x475S17f20522x496S22134515x485
CC (Lrn),,2045,M534x511S16d10466x490S16d10517x491
Ccajta_1 (Krl),"Joke, Comedy",1979,M529x535S14c50505x487S14c58495x504S20f00471x491S26a00502x465
Ccassa_1 (Krl),"Shocked, Stared, Stunned",1980,M546x590S31a00482x483S14c50522x534S14c58462x539S22a00526x574S22a10468x575
Ccekja_1 (Krl),Check_1 (Krl),1779,M555x581S30c00482x491S30350496x475S10001509x508S20500526x495S19a51504x548S2e231528x554
Ccekkja_id_Demm_1 (Em),Blood_Test_1 (Em),1546,M546x576S1f752490x421S22b04472x426S21100494x448S31510482x483S10001509x503S19a51500x537S2a208523x548
Ccekkja_id_Demm_1 (Em),Blood_Test_1 (Em),1547,M563x610S2a208540x582S19a51517x571S21100500x473S31510499x517S10001526x537S33b00466x449S10001487x478
Ccelebra_1 (Krl),Celebrate_1 (Krl),1780,M556x534S30a00482x483S33e10493x507S1ea00525x485S1ea08451x487S2ea02531x519S2ea16443x517
Ccettja_1 (Krl),To Chat Online,1981,M553x610S33b00482x483S10011504x519S10019466x520S26c00526x525S26c10437x524S14c50501x579S14c58461x577S22510503x564S22510461x564
CCU jew Critical Care Unit,,2317,M536x515S16d10465x495S16d10491x495S11520521x485
CD_1 (Lrn),,2537,M533x551S16d10480x460S10110503x449S1ed40507x509S1ed48468x511S22a24492x536
ċeda,surrender,703,M598x544S1dc40446x514S36d00425x486S36d00534x486S15d20579x457S15d28512x456
Ceda_1 (Krl),"Surrender, Give Up",1982,M548x558S1dc40491x443S22a04494x481S36d00479x520S15d20528x508S15d28454x511S26504534x543S26514453x542
ċekken,shorten,705,M558x542S15d40537x492S15d48445x493S26602528x524S26616442x526S36d00479x459
Cekken_1 (Krl),"Make Smaller, Reduce",1983,M552x525S15d40530x476S15d48449x480S26602522x509S26616450x509
Celebration (Lrn),,2184,M552x525S12a00527x503S12a08448x502S2e712449x476S2e706522x476
ċempel (bit-telefon),call (by phone),706,M554x523S19a42515x495S2ff00482x483S26500540x502
Cempel_1 (Krl),"Phone_1 (Krl), Call_1 (Krl)",1781,M543x534S30a00482x483S19a02523x486S26502517x520
Cempel_Il_Qampiena_1 (Krl),Ring Doorbell,1880,M523x520S1f540478x494S26600507x490S2f900507x480
Centrimetru,Centremetres,177,M522x512S16d10479x491S18d50502x487
centupied,centipede,367,M537x549S10a12496x452S21d00469x458S26502503x475S10019475x502S10011505x503S20500495x497S22e13464x530S22e05518x530
Cereal_1 (Krl),Cereali_1 (Krl),1703,M542x570S17f36478x554S2ff00482x483S2e800495x506S1ea11514x519S1ce10422x502S26500443x518
Cereal_1 (Lrn),,1749,M545x589S11502510x488S15a37467x508S28d0e467x487S33b00468x450S1ea32524x550S15a37496x566S33b00496x515S22f00495x546
Certificate (Loran),Certifikat (Loran),1353,M583x549S36d00479x452S1850a451x467S18540515x518S27202424x457S27210543x530
cerva,deer,684,M554x518S20500516x481S36500482x483S20500472x482S14c28445x471S14c20531x471
Cesarja_1 (Em),C-Section_1 (Em),1548,M521x537S36d02479x463S1f752448x510S21100471x523S2d808475x505
Chairperson (Loran),,1410,M562x534S1ed56438x468S22b04438x504S1f751540x466S1f759495x466S22a04548x495S22a14501x498
Chat Room_1 (Lrn),,2539,M554x617S10051513x564S10059468x563S2d613462x599S2d60b519x600S33b00482x483S10001503x513S10009475x512S26c00527x524S26c10452x523S2fc04492x542
Cheque Book_1 (Krl),,2364,M585x558S1de21492x443S1de29439x444S22102485x449S22106468x450S26606529x460S26612415x466S13f16568x466S21300564x445S15a10487x498S15a18467x497S2a208482x530S2a210457x529
Cheque Book_1 (Krl),,2365,M587x550S1de21494x451S1de29441x452S22102487x457S22106470x458S26606531x468S26612417x474S13f16570x474S21300566x453S1ec40494x522S1ec48455x522S22e00524x531S22e10431x532S28a0a528x507S28a12414x510
Cheque Book_2 (Krl),,2366,M588x558S1de21495x443S1de29442x444S22102488x449S22106471x450S26606532x460S26612418x466S13f16571x466S21300567x445S2a208485x530S2a210460x529S1ec40485x506S1ec48455x505S28a0a514x502S28a12413x505
Chess_1 (Lrn),,2637,M525x540S15d39476x517S26507512x473S26500483x460S15612479x493
Chicken Burger_1 (Mtw),Berger tat-Tigieg_1 (Mtw),1697,M572x556S36d00479x447S26a16468x455S20602511x459S37801538x447S37809461x449S20602485x463S26a02525x448S18136485x544S18152483x518S20500494x531S20351551x444S20357438x445
Children Care,,1354,M539x628S2ff00482x483S18111515x489S22b04513x515S15a16492x558S20500503x545S15d50451x588S26706485x593S23404482x614
China,,1168,M532x528S21100486x499S1c502468x473S23d04505x494
Chips_1 (Krl),"Patata Chips, French Fries",1704,M557x546S1e240499x454S1e248472x456S23004496x487S1f010507x523S1f118465x525S26a06543x518S26a12444x519
Chopper_1 (Lrn),"Slicer, Machine Chopper",1997,M555x580S14c02493x426S14c0a471x438S20500500x451S23100529x424S23110441x437S35000482x483S1f709456x499S15a31486x540S26f03459x550S22b15450x517
Christina Muscat,,743,
Christina Muscat,,800,
Christmas (Loran),,1508,M518x601S30004482x483S17b4e489x518S1774e496x581S22b04495x543
Christmas (Lrn),,2182,M518x596S30004482x483S17b1e485x518S22b04492x541S1771e491x576
Cikkulata,Chocolate,32,
Cikkulata,Chocolate,369,M575x602S30006482x482S20e00521x486S11510514x500S22b04532x504S1f040508x564S1f048474x564S26606528x585S26612450x586S1f440546x564S1f448436x565
Cikkulata_1 (Do),Chocolate_1 (Do),1705,M550x591S30006482x483S21100522x497S11510535x494S1ef40502x555S1ef48462x556S22100474x538S22100501x537S26606506x575S26612448x575
cikonja,stork,735,M573x578S33100482x483S16d10536x487S22102524x489S26500559x485S15712487x550S22104495x571S22a00501x527
cinja,swan,908,M530x534S15d5a503x515S18210492x466S37800512x482S2eb06471x492
Cinturin,Belt,223,M562x540S1ed3c532x486S1ed34446x486S2d807528x510S2d81f444x509S21100514x496S21100475x496S2fb04491x526S36d10479x461
Cirkewwa,,976,M528x541S16d10511x459S15a41498x518S15a49472x518S26620488x481
CL-SMALL OBJECT 1,,117,M559x587S32104482x483S26706517x552S23404516x573S1f120477x557
Click (LRN),,2048,M520x520S10a50494x481S22a04480x505
Clip (Lrn),,2284,M558x523S30007482x483S17c17535x496S18511513x468S20500502x472
Clipboard (Lrn),,2050,M545x547S15a06469x484S17d52482x453S29b04495x497S20a00455x461S1ea20522x526
Cloud (Lrn),,2223,M534x518S15020466x483S29306493x504
Coach,,1355,M580x553S1f500538x498S2ff00482x483S22100568x499S22c03502x520
Coat Rack,Coat Hanger,2501,M555x579S36d00479x451S1ea00532x444S1ea08450x442S2d500522x422S2d518466x423S1ea20503x505S1ea28473x506S2b720484x474S10a30481x553S10a52489x533S20800470x549
Cobra,,1144,M530x555S10041509x455S2dd07471x445S37700503x530S18120500x501S26500515x522
cobra 2,kobra 2,1262,M540x559S10041519x459S2de00461x441S18220490x511S37800510x527
Coca Cola_1 (Do),"Coke_1 (Do), Koka_1 (Do)",1774,M522x529S16d10480x471S26706480x496S26500478x514S26500501x513
Cockroach,Wirdiena,1057,M523x521S10e50481x491S22124477x479S26600507x486
Cocktail_1 (Do),,1706,M616x531S36d00479x496S15310567x469S15319535x481S26b00589x486S26b10532x513
Coff,Bow-tie,224,M564x557S36a00482x477S1f410501x527S1f410535x527S26506530x543S21b00505x539S1f418470x527S1f418435x527S21b00488x539S26512453x542
Cold (Lrn),,2227,M547x523S20310512x477S20314471x477S37800476x491S37800521x491S22532453x481S22536534x479
Cold (Lrn),,2230,M547x523S20310512x477S20314471x477S37800476x491S37800521x491S22532453x481S22536534x479
Colour Tint (Lrn),,2285,M627x552S30007482x483S15a13517x459S14c10580x498S26605605x530S22600580x485S22600594x483S23601541x430
Comb (Lrn),,2286,M571x518S14503513x457S30007482x483S2d609544x480
Comb Tail (Lrn),,2287,M568x518S19201517x474S30007482x483S21100502x464S2d609541x489
Come (Lrn),,2231,M526x537S14c02495x463S2d70b497x494S14c12474x514
Comedian (Loran),,1356,M559x536S33b00482x483S1ea09479x515S15a10532x476S23504522x511
Comino,,977,M527x532S15d3a473x513S14012474x469S20600505x517
Computer (Lrn),,2043,M563x567S24402530x458S2441a455x460S14c50503x530S14c58462x530S10011512x434S10019483x435S22510465x512S22510504x511S26506537x548S26512437x553
Computer File (Lrn),,2148,M598x566S24402565x470S2441a511x471S14c50562x535S14c58525x535S10011560x434S10019527x436S11810443x466S11818407x464S22e04443x501S22e14402x498S22510523x518S22510563x521
Computer Programming,,2804,M595x587S14d14465x506S14d1c409x510S22110411x530S22110468x525S10050467x413S10058437x414S24302482x438S2431a406x440S20500453x458S1011a542x534S15a10583x523S22b14540x557
Computer Virus (Lrn),,2042,M554x579S10e20505x548S29000472x552S14c50503x502S14c58472x505S10011503x422S10019474x423S24402521x446S2441a446x448S22510504x488S22510477x488S26506534x523S26512447x521
Condition (Lrn),,2271,M591x611S27100551x537S27114467x531S21100521x557S15d48508x523S15d40530x523S16c10433x491S30005482x483S22b04522x581
Confirmation (Lrn),,2183,M535x532S11510520x502S30006482x483S20500519x495
Contact Cluster_1,,2318,M540x574S1ed47488x465S22a04494x506S10001506x544S2b700521x528S1a710514x426S1a718461x428S20c02493x428
Contractor (Loran),Kuntrattur (Loran),1411,M554x555S14018450x446S14040519x487S2e000533x526S2e010447x484
Cook Loran,Koka Loran,1294,M519x530S1ea37484x471S2e500481x503S2f900508x518
Cooker_1 (Mtw),"Cooker Hobs, Cooker Burners",1998,M536x547S15030476x453S2d909493x517S22a04483x491S22a04515x494S22a04497x532S22a04464x528
Copy (Lrn),,2089,M558x519S17b10475x484S18510533x488S15a18442x482S22b06499x485S20f02458x484S22b06499x503
Copybook_1 (Lrn),,2624,M546x550S17b10492x452S22b06514x471S15a18459x450S22b06516x453S20f02475x452S15d10488x494S15d18454x494S2df10455x529S2df08484x528
Corn on the cob,Corn on the cob,33,
Coronavirus_1 (Lrn),,2320,M530x552S20313471x458S14c21488x449S21100484x477S26906511x474S10e20483x507S2e500507x525
Cortex (Lrn),,2274,M532x519S16d48491x499S17e52469x481S2d508493x483S21100519x492
Cow,Baqra,1058,M547x537S2ff00482x483S19a58451x491S19a50519x489S22e00525x519S22e10458x518
Cowlick (Lrn),,2288,M618x528S30007482x483S19a20517x482S2d508545x490S18113596x504S28808589x482
Crab,Granc,1059,M558x511S10e0a443x495S10e02528x492S22122517x489S22126478x489
Crafts,,2805,M544x539S20800496x504S22c20492x461S17710501x518S17718476x518S2e136528x512S2e142456x515
Crayons_1 (Lrn),,2540,M539x561S14c10491x465S2e230520x465S22b07515x440S15d39461x524S1eb50485x523S27e07482x546
Cream (Kanella Car),Cream (Light Brown),242,M640x563S2e100600x534S26704624x511S14c20600x504S32b10482x482S11510530x492S21100520x491S22a04514x511
Cream 3,,260,M567x621S2e100525x592S26704551x579S14c20524x557S32b10482x482S11510530x497S22a04530x533S21100520x492
Cricket,,2806,M548x556S18620511x526S10012518x521S20800498x522S20310508x456S20313476x462S2d720453x444
Croatia,,1121,M550x541S36d00479x463S1442c512x470S1443e470x501S21100537x460S22c16506x506S22c04514x499
Crocodile,Kukkudrill,1060,M521x518S15d3f480x495S15d20502x489S20600484x482
Curkett,Ring,225,M526x536S14c5a473x512S1d140497x498S20800493x498S21100490x481S26502490x464
Curling,,2807,M573x527S17440427x511S26600428x475S17610519x473S17618509x499S27220534x494
Curly Hair (Lrn),,2162,M586x532S10011531x475S30007482x483S2db03554x504
Cuticle (Lrn),,2272,M521x557S15a01494x457S15a07489x459S20500501x443S20500492x507S15a07485x521S15a01487x523S22a13479x482S22a05508x543
Cyprus,,1126,M539x530S16d1f462x510S1ef11481x482S22c07506x485S20500478x506S22103515x471
Czechia,,1122,M570x565S30005482x483S14c02515x511S20f00489x524S23407541x535
D,,1007,M508x515S10110492x485
Dachshund,Sausage Dog,1061,M561x560S11520520x466S2ff00482x483S22124535x469S15318480x534S15310504x535S26606531x539S26612439x537
dagħa,blasphemy,711,M549x536S34700482x483S19200498x512S20600476x525S26a00522x515
daħak,lough,712,M522x559S31400482x482S34800482x483S1dc02490x518S23400485x545
daħak bih,lough at,713,M597x571S31400438x483S34800438x483S1dc02445x519S23400440x548S31400527x483S10057557x533S26607575x549
Dahak_1 (Krl),Laugh,1984,M543x546S33e00482x483S1dc02489x522S22f00518x511
Dahak_Bih_1 (Krl),Make Fun of someone,1985,M576x584S33e00482x483S1dc02489x522S22f00518x511S10057537x554S26507563x551
Dahal,Enter,554,M531x607S2ff00482x482S15d0a483x568S15d40493x580S2b700512x567
Dahar_1 (Em),Back_1 (Em),1549,M540x529S37401479x471S18503521x502S20500513x495
dakshund,dakshund,736,M568x563S2ff00482x483S11520518x466S22100530x471S15448481x535S15440509x535S26612441x547S26606538x545
dalam,???,714,M541x589S2ff00482x483S15a01518x514S15a07458x514S28803503x535S2881b477x534S15a02502x559S15a06473x559S2fb04493x583
Dalam_1 (Krl),Gets Dark,1986,M543x541S22c03485x487S22c15483x488S15d08460x459S15d00521x461S15d02458x521S15d0a516x522
dalmejxin 2,dalmation 2,806,M541x572S2ff00482x483S11520516x468S10010466x542S17610492x555S10010520x542S22100529x470
dalmejxin1,dalmation 1,804,M543x566S2ff00482x483S11520517x468S22100531x470S20500502x533S20500480x528S20500494x555S1ce10514x532
Dam,Long time,564,M546x532S2ea02521x488S20356498x517S3780e466x523S10a51486x494S36d00479x468
dam,??,715,M548x593S2ff00482x483S20356504x578S37806472x585S21400479x572S10a52494x541S2ea0e523x542
Damage Hair (Lrn),,2177,M537x600S30007482x483S1d411512x464S20500501x471S28813452x576S20500484x589S2880b512x574S20350492x569S20350476x569
Dancing,,2824,M540x571S2ff00481x483S36d00479x523S2fa10529x521S2fa00461x523S20900489x532S20011473x551S20019500x551
Dandruff (Lrn),,2159,M565x551S10310521x450S10318463x451S13e11514x500S13e19454x501S20a00456x533S20a00520x536S22a06550x504S22a12435x507
daq (2) (qanpiena),ring (door bell),717,M558x554S2ff00482x483S1f540525x530S26500544x538
daq (kitarra),??,716,M549x599S2ff00482x483S15008447x516S15001521x548S23004524x581S22510450x502
Daqq_Kitarra_1 (Krl),"Guitar, Play Guitar",1987,M533x546S14c02491x502S36d00479x472S14c2f447x469S23004508x528S22510440x454
Daqshekk/Spicca,Enough/Finish,403,M527x521S15d39473x494S15d21486x498S20f00481x478S26a07506x494
Dar,House,709,
Dar,House/Home,788,M576x518S2ff00482x483S18210531x495S26500562x495
Dar,Rotate,565,M520x521S2e902480x480S10a51487x501
dar,house,940,M574x510S36d00479x506S18210526x491S26500560x491
dar (iddur),round,718,M518x601S2ff00482x483S10a12486x547S2e408485x568
Dar tal-Providenża,,789,M610x580S2ff00422x483S18210464x496S26500492x497S2ff00542x482S18130586x532S23600571x563
Dar Vb (Loran),To Turn (Loran),1446,M519x542S15a40483x515S27606491x474S26906482x458
darab,wounded,719,M584x584S1f050403x519S22b04409x548S15a10572x522S28903540x537S15a12531x572S2ff00434x483S2ff00530x482
Darb Ohra,Next time,2790,M549x521S15a57485x479S20500451x504S10a42471x506S2d708510x495
Dardir_1 (Em),Nausea_1 (Em),1550,M551x592S33500476x483S31b30489x493S21100483x547S14c02500x546S2e500481x565S22a00510x521S2a20f528x517
Data (Lrn),,2054,M527x532S15d3a482x513S10110495x468S20f00501x501S26a02474x477
Data Management (Lrn),,2055,M549x547S20500525x501S26a02417x454S18b09501x519S36d00479x508S10140437x453S15d3a413x498S20f00424x485S20500539x502
dawwal,to light,720,M623x585S2ff00428x482S11541445x544S11549427x558S20600418x547S22f04474x553S2ff00537x483S14c12584x522S17412593x498S22a04610x507
Dawwal_1 (Krl),"Enlighten, Make Light",1988,M574x550S15612532x450S22100538x477S22a04561x454S36d00479x489S11511504x514S11519468x523S20600481x508
Day (Lrn),,2232,M515x527S10002485x473S22b04494x497
Ddarrab_1 (Krl),,1971,M524x582S1ed26445x417S22b04445x451S30c00482x481S33530476x498S15a10502x527S37700508x557S22b03468x557
Ddawnlowdja (Krl),Download,1970,M529x541S37900472x486S14c30485x459S22c04489x499S22100517x467
Ddecieda_1 (Krl),"Decida, Decide, Iddecieda",1782,M569x585S30a00482x483S10001528x489S2ea08554x483S15d39495x562S15d41511x535S20b00503x556
Ddejjaq (Krl),"Didn't Enjoy , Disliked it",1969,M552x531S30c00482x483S12810529x478S22e04532x513
Ddeverta (Krl),"Enjoy Oneself, Have Fun",1967,M558x548S10110484x453S26500512x461S14c02514x525S14c0a464x524S22f00525x505S22f10464x507S20e00546x522S20e00443x523
Ddeverta_1 (Krl),"Have Fun, Enjoy Oneself",1968,M558x548S10110484x453S26500512x461S14c02514x525S14c0a464x524S22f00525x505S22f10464x507S20e00546x522S20e00443x523
Ddiegha_(jew Dagha) (Krl),"Swear, Blaspheme",1966,M567x540S33b00482x483S19200499x521S27100527x518
Ddisinja,,1945,M549x530S10311480x487S14c09451x470S29d0b505x490
Ddispjacih (Krl),,1965,M519x568S30c00482x483S21100504x554S1f701498x527S2e500473x538
Ddivida_1 (Lrn),Divide,2541,M527x512S1ed20501x489S10056474x497
Ddizapprova (Krl),,1964,M559x599S36a00482x477S18000511x529S2b700540x510S20e00494x517S15d38483x573S11e50505x556S20500495x584
Ddizappunta (Krl),"Disappoint, Disappointment",1963,M518x607S30c00482x483S1ed12490x506S22f04490x536S1f701489x566S2e300469x574S21100495x593
Ddobba (Lrn),,1946,M522x560S14c20491x441S14c2f458x452S26604485x484S1f721500x513S1f729473x519S20500497x542S36d00479x556
Debit Card_1 (Krl),,2367,M567x542S10110434x459S14a20460x472S14720486x465S19220511x468S1f210537x467S1ed10482x521S26500515x527
Debit Card_2 (Krl),,2368,M567x562S10110434x439S14a20460x452S14720486x445S19220511x448S1f210537x447S1ea20489x499S22e04496x526S22b04473x532
Degree (Loran),,1357,M553x548S10231508x476S1024f471x495S2a212528x493S2a202470x519S22b07529x453S22b13447x513
Dehumidifier_1 (Lrn),,2502,M580x596S14c12450x542S14c1a460x573S2ff00482x483S22b13495x520S22b03524x529S14c17545x498S14c19526x476S22107571x493S22107545x468
Dejjem,Always,2794,M537x516S15f02464x496S2da38485x485S26506522x486
Delete (Lrn),,2082,M542x515S15610526x486S15711458x496S26502494x498
Delizzju (Lrn),"Hobby, Passatemp",2635,M544x538S20600489x527S11502514x516S30004482x483
Demm_1 (Em),Blood_1 (Em),1551,M529x543S33b00482x483S10000483x513S21100503x522S26506514x508
Demm_2 (Em),Blood_2 (Em),1552,M556x543S33b00482x483S10000483x513S26706514x508S20e00504x524
denfil,dolphin,877,M533x531S15d39473x508S15d11510x490S29c02468x470S20c00477x493
Deni_1 (Lrn),Fever,2319,M541x519S33b00482x483S10310506x489S22a07528x476
Denmark (sw class),,563,
Dentist (Loran),,1412,M543x598S36100482x483S10000492x511S20600521x505S18502465x554S20500462x585S26606482x571S20500514x587
Design (Lrn),,2070,M549x539S10311486x464S29e05503x494S15d0a452x461
Desktop (Lrn),,2056,M590x555S10050469x446S10058443x446S24402483x466S2441a411x467S20500463x500S15a20578x528S15a20541x527S26520559x510
dewweb,,710,M522x535S34700482x483S15d01499x512S20600476x523
Dewweb (Krl),Melt,1962,M561x525S15640530x475S15644449x477S21302508x477S21302468x477S26606531x509S26612440x508
Dewweb_1 (Mtw),"Melt, Food Melt",1999,M571x610S18500511x522S33b00482x483S20500490x519S18547528x567S1854f455x564S21301504x542S21303468x544S26606541x594S26612436x594
diabete_1 (Lrn),"zokkor_1 (Lrn), diabetes",2321,M551x566S20e00489x513S33b00482x483S21303491x539S26606521x495S10410511x505S22102501x522
Differenti,Different,404,M554x536S10001497x465S10009482x466S2a201518x494S26606524x477S2a219464x497S26612446x476S2fb04493x530
Diffuser (Lrn),,2295,M562x539S30005482x483S14d18528x521S23500525x500
Digital Camera (Lrn),,2057,M549x553S1e118523x485S31500482x483S1e110455x501S10110400x477S23100523x520S23110452x532S2fc04499x542S26500418x490
Dijabete_1 (Em),Diabetes_1 (Em),1553,M551x555S10510506x507S33b00482x483S21303488x528S26606521x495
Dijagramma_1 (Lrn),Diagram,2542,M529x528S1dc28471x497S11501497x473S24805505x507
Dijametru_1 (Lrn),Diameter,2543,M532x519S17648468x503S10140481x482S26606502x499
Dijarea_1 (Em),Diarrhea_1 (Em),1554,M552x567S1f503417x467S1f527430x481S20800440x468S22a05449x500S16c40514x528S16c48466x527S22106490x533S22102503x529S33500476x483S20500498x547S26612451x551S26606522x551
Dingli,,978,M514x544S15a56487x500S22d04489x494S10110488x457
DINJA,,42,M537x609S30100482x477S15d51509x541S15d59478x541S2880c525x575S28814477x579S20500504x598
Dipartiment_1 (Lrn),Department,2544,M562x525S10510500x495S10518468x495S2d906519x475S2d91e438x476S20500493x478
Diploma (Loran),Diploma (Loran),1358,M549x546S17633504x475S17645487x493S2a212528x480S2a202475x517S22b07523x454S22b13452x511
Direttur Loran,Director Loran,1295,M521x515S36d00479x493S20610435x491S10110470x485
Discus throwing,,2809,M535x535S20357514x514S26601490x488S15a51465x466
Disgħa,Nine,2676,M515x510S18e12485x490
disgħa mija,,2741,M544x512S18e26457x488S17614500x494S17614528x496
Disgħa u sittin,,2719,M529x511S1f726471x490S18e26499x491
Disgħa_2,Nine_2,2677,M515x510S18e02485x490
disgħin,,2722,M528x512S18e26473x489S17614512x496
Dishwash (Loran),,1509,M588x551S1ec40451x450S1ec48412x451S10140572x519S14c5a537x483S29100540x518
Dishwasher_1 (Lrn),,2503,M545x561S1dc51515x440S1dc59456x442S15a50472x501S10002490x546S22a24494x466S2eb00492x506
Dishwasher_1 (Lrn),Magna tal Platti,2000,M545x568S1ed40519x432S1ed48455x432S15a50460x509S10013512x496S22a24495x455S22b03483x519S2ea00496x543
Disinn Tekniku_1 (Lrn),Graphic Design,2545,M529x538S37604472x493S1d420481x463S23d0a479x496S15a56502x526
Distanza_ Socjali_1 (Lrn),Social Distancing,2323,M571x556S14c52499x446S14c56489x479S22512484x445S22516525x481S2ea02543x453S2ea1a457x487S10010513x525S10018474x526S26612429x534S26606541x537
Divertiment_1,"Amusement, Clubbin, Disco",2634,M563x536S36d00479x500S15a40533x464S15a48459x467S23200537x494S23210443x499S2fc04498x525
Diving,,2811,M533x531S14c5a468x507S10e04476x478S28e0a497x469
Dizinfettant Tal Idejn 01 (Lrn),Hand Sanitizer,2324,M529x577S15d39485x459S17b52488x424S22104496x440S18151496x519S18138480x513S21100495x530S2e100506x548S2e110471x546
Djarju_1 (Lrn),Diary,2546,M533x529S15d39468x498S26a03512x508S20f00479x508S10141503x471
Dnub,Sin,786,M526x524S26504512x509S19210486x505S36d00479x476S20b00470x509
Document (Lrn),,2149,M536x550S10310475x450S17d36508x527S15a02509x512S20710464x519
Dolphin,Denfil,1062,M537x507S18112508x493S29302463x493
Donkey,Hmar,1063,M570x518S2ff00482x483S15a27518x478S15a21458x482S26612427x494S26606540x490
Dorianne,,15,M556x527S33b00482x482S10140518x494S2e700541x502
Dorianne,,23,M556x527S33b00482x482S10140518x494S2e700541x502
Double Click (Lrn),,2049,M513x526S23004488x508S11050490x474
Double Cown (Lrn),,2296,M600x579S32b00482x483S1ed40529x479S1ed48445x480S22c11423x442S22c07547x447S10e20585x527S10011549x549S10019534x548S20800544x534
Download (Lrn),,2069,M553x554S10110447x453S14c00530x446S17400499x469S37700510x490S17400531x538S22b04535x487
Download (Lrn),,2166,M529x541S37900472x486S14c00485x459S22c04489x499S22100517x467
Drag racing,,2812,M528x546S18150515x515S18158473x517S26620492x485S15a50516x455S15a50473x454
DRAKMA,COIN,90,M559x586S30100482x477S26500519x569S21100514x516S1ce10537x556S13f17532x522
Dramm jew Drama_1 (Lrn),Drama,2547,M549x552S1f741506x448S1f749467x464S20f00514x473S20f00455x493S22b04517x493S22b04533x488S22b14451x514S22b14471x509S2fc04504x541
Draughts_01(Lrn),,2636,M525x543S15d39476x520S1ce40483x481S26500488x458S26507512x476
Draughtsman (Loran),Draughtman (Loran),1359,M568x552S1d420479x448S22d04488x484S26802432x524S15a56483x540S37806446x544S1ed26549x450S22b04549x488
Drawing,,2813,M529x540S15d39471x460S11531489x476S2de03488x499
Dresser (Loran),,1510,M572x563S15a50485x438S15a50459x438S23c04506x450S23c1c428x449S20330535x510S20330557x510S26624545x533
Dresser_1 (Lrn),,2504,M556x587S10021502x415S10029465x414S28a14445x420S28a0c536x416S18220511x479S18228478x479S26506541x480S1f728475x539S26512452x478S26512452x498S1f720518x537S2df06516x563S2df1e474x559S20500501x538S26506541x495
Driegh_1 (Krl),Arm_1 (Krl),1556,M547x574S37606453x430S3760e517x506S15051462x427S15057494x510S22c05468x464S22c13502x536S21100490x460S21100504x537
Drieghajn,,373,M562x551S37606437x451S3760e532x453S15051446x448S15057525x454S22c05452x485S22c13509x487S2fb04489x545
drumstick,,63,M539x576S37601518x425S20c02501x437S20c02510x548S36d10479x508S36d00478x424S15a1c527x549
drumstick,,64,M539x541S37601519x461S20c02505x468S20c02509x513S22a04526x494S36d00479x459S15a1c526x514S36d00479x503
Drumstick_1 (Krl),Chicken Drumstick,1707,M572x556S36d00479x447S26a16468x455S20602511x459S37801538x447S37809461x449S20602485x463S26a02525x448S18136485x544S18152483x518S20500494x531S20351551x444S20357438x445
Dry Hair (Lrn),,2174,M667x599S30007482x483S1d411512x464S20500501x471S18530604x551S18538572x551S18337648x565S1833f535x572
Dsatax,,2704,M532x516S10020469x485S18e2e502x496
Dubai,,1123,M519x533S20500488x487S37900482x492S10110503x468S20500490x522S22a04505x507
dubbiena,fly,878,M544x518S2ff00482x483S1eb17524x475S2ea0a511x456
dubbiena 1,fly 1,909,M558x549S2ff00482x483S1d417533x490S2e500511x522
Dublett,Skirt,226,M550x547S36d10479x454S15a04507x494S2d609523x506S15a04484x495S2d611451x507S2fb04493x541
Dublett . (Loran),,1487,M539x565S15a02400x518S15a06368x518S2890b430x520S28913338x521S30006482x483S10020523x498S22b04523x535S20500523x482
Dublett 1 (Lrn),Skirt 1 (Lrn),1526,M566x585S18102502x488S1810a471x487S34500482x435S2d711434x493S2d709537x492S2ff00483x530S10020525x536S21100508x551S22a04524x570
Dublett 2 (Mtw),Skirt 2 (Mtw),1527,M581x530S36d02479x470S15a32500x516S15a36472x515S26706539x512S26712420x514
Dublett 3 (Krl),Skirt 3 (Krl),1529,M569x537S36d02479x464S15a04509x504S15a04481x504S2d711429x514S2d709540x512S2df10456x510S2df08524x511
Dublett 3 (Stv) (Alx),Skirt 3 (Stv) (Alx),1528,M540x543S36d02479x458S15a32500x504S15a36472x503S26606510x515S26612458x516S21100508x529S21100477x529
DUDU,,529,
dudu,,154,
dudu,,155,
dudu,,156,
dudu,worm,879,M527x519S10a12501x482S21d00474x488S26502508x505
dudu tal harir,caterpillar,880,M529x569S10a12495x432S21d00471x436S26502504x453S10011486x479S2b701508x478S14c08502x533S14c01483x542S22121476x532S22127514x525
Dullieh,Water melon,41,M589x567S30004426x482S18518420x524S10001553x511S26506556x542S28807477x506S2881f396x506S20500438x541S33b00539x483S21100576x509S18510448x524S2df00460x544S2df18414x546
Duluri (Lrn),,2185,M521x522S17615469x488S36d00479x479S20b00487x509
dundjan,turkey,881,M518x562S30100482x477S15712484x526S22510484x549
DVD,,2538,M538x517S10110462x484S10110522x485S10e20494x487
Dwejra,,979,M532x521S20500471x491S1f718468x506S1f712485x480S37806500x490
E,,1008,M507x507S14a20492x492
Eagle,Ajkla,1064,M544x586S33100482x483S10a20518x486S22e04527x524S11e28465x555S11e20516x556S22100510x559S22100482x559S26520494x539
Early (Lrn),,2239,M534x533S15a50487x467S15a12506x468S37900493x492S26704518x491S20e00467x500
Easter (Lrn),,2186,M585x571S18f10448x438S18f18416x501S14c10445x502S14c18419x439S20500438x429S20500436x494S15a38573x544S15a38532x544S22b00549x508
Editor (Loran),Editur (Loran),1413,M567x587S10e10516x441S10e18481x428S22120523x430S22120476x414S23100514x483S23110473x473S26622433x455S1d448493x515S1d440517x528S23204541x559S23210483x546S2fc04498x494S26622443x529S2fc04517x576
Edukat,well mannered,862,M570x524S36d00434x477S15310449x499S20500435x506S36d00524x478S1f540555x493
Edukazzjoni Socjali u Personali,Personal and Social Eduation,2549,M538x515S10140462x485S20320493x499S14a20523x499
Edukazzjoni_1 (Lrn),Education_1 (Lrn),2548,M541x528S18520510x472S18528459x472S2eb00526x496S2eb10459x495
Eggplant (Loran),,1488,M517x550S15110484x534S17c12487x509S18512502x450S22a00496x482
Egypt,Egittu,1169,M555x577S2ff00482x483S15d11509x472S15d19465x474S23b03530x492S23b1b453x496S20500472x503S20500515x505S26506540x512S26512441x512S1ea09509x538S1ea01470x538S37600491x554
Eight,Tmienja,2672,M515x512S12d02485x489
Ekonomija,Economy,2325,M555x540S13f30488x471S13f38458x494S21302469x461S21302491x500S2eb12446x525S2eb06523x475
Electric (Loran),,1414,M566x559S1d448471x448S1d440500x441S2e230515x477S2e230474x482S26606536x456S26612434x459S12220495x532S26500522x530
Electrician (Loran),,1361,M576x574S1f718470x459S1f710483x426S20600472x445S1d440506x498S1d448458x498S2a400517x537S2a410452x538S26606546x508S26612424x508
elf,,2742,M537x528S10010464x472S17610496x487S26606507x512
elf,part2,2743,M541x526S10010460x474S17610495x486S22c06499x510
elf erbgħa u tletin,,2744,M589x531S10010412x469S17610447x485S22b06452x515S20800503x496S18620532x473S14420567x473
elf tlett mija sebgħa u sittin,,2745,M606x530S10010395x471S17610425x486S22b06429x514S20800484x496S18620513x473S1de26576x480S1f726545x482
Email (Lrn),,2068,M508x535S15a50494x465S14a20493x520S26500492x500
Email 2 (Lrn),,2156,M523x522S17d18478x501S18210500x507S26600487x479
Emergenza_1 (Em),Emergency_1 (Em),1555,M573x540S2ff00482x483S20b00516x481S14a20533x488S2e230550x508S26506558x488
Emergenza_2 (Em),Emergency_2 (Em),1666,M569x560S2ff00482x483S14c10531x484S20500517x481S2e238540x528S26506554x508
Emoji (Lrn),,2058,M608x632S31400482x483S1e610524x490S1e618457x508S15620540x610S15624512x610S2930a567x615S23600553x501S23614414x514
Engagement (Lrn),,2187,M521x522S14c2a479x499S16620505x478S20500511x498
Engineer,,1362,M566x534S15001513x466S15009460x466S37803536x489S3780b434x488S22c03503x501S22c15479x490S20800505x491
ENT Loran,,1297,M541x569S37706490x425S13f57518x420S20800503x412S33010481x450S10011519x471S20500526x459S11511514x503S33100477x515S10011501x539S20500498x525
Envelop_1 (Lrn),Envelope,2550,M563x545S17d18467x504S18220482x530S1dc21506x456S1dc29459x458S22102556x465S22106438x464S26606517x482S26612442x478S26500481x508
Erbatax,Fourteen,2682,M522x516S10020479x486S14420500x485
Erbgħa,,2693,M511x516S14420489x485
erbgħa mija,,2734,M544x517S14420456x483S17614495x499S17614528x501
erbgħa u ħamsin,,2715,M522x516S15a00478x488S14400500x485
erbgħin,,2711,M528x516S14420472x485S17614512x498
Erja_1 (Lrn),Area,2551,M532x521S1f751469x479S2d90a489x501
Esporta (Lrn),,1944,M541x539S16c48460x518S17c30515x462S20500473x525S28a03480x487S2df00520x497S22102498x466
Estonia,,1124,M521x569S30004482x483S1f502491x523S20602511x518S22f04488x555
"Ex p.76,  Bolla",,666,
Excel (Lrn),,2059,M552x539S14420529x461S14440495x502S2330a526x509S14a20448x473
External Hard Drive (Lrn),,2060,M592x534S15a3a408x489S1ed48515x514S20500423x468S1ed40566x515S1ea02458x466S26502439x472S26520546x494
Ezami_1,Exam,2552,M559x518S2ff00482x483S15d02473x485S26606510x487S14a20544x489
Ezami_tal_Musrana_1(Em),,1557,M536x583S14c20503x447S14c28476x460S28800503x417S2880c523x424S28814486x495S28818464x499S2fc05521x484S22b00518x545S10000500x553
Ezamina_Ccekkja_1 (Em),Check-Up_1 (Em),1558,M565x589S2a500524x556S19a51500x537S10001509x503S31510482x483S26600549x554
Eżatt,Exactly,776,M521x518S1ce40479x483S22b04505x488
Ezatt (Lrn),,2243,M531x518S1ce40469x482S23600492x501
Ezempji Grupp 10,,521,
Ezempji Grupp 13,,532,
Ezempji Grupp 14,,533,
Ezempji Grupp 15,,534,
Ezempji Grupp 16,,535,
Ezempji Grupp 17,,536,
Ezempji Grupp 18,,537,
Ezempji Grupp 19,,538,
Ezempji Grupp 20,,541,
Ezempji Grupp 21,,542,
Ezempji Grupp 22,,543,
Ezempji Grupp 23,,544,
Ezempji Grupp 24,,540,
Ezempji Grupp 25,,539,
Ezempji Grupp 26,,546,
Ezempji Grupp 28,,545,
Ezempji Grupp 28,,547,
Ezempji Grupp 6,,518,
Ezempji Grupp 8,,519,
Ezempji Grupp 9,,520,
F,,1009,M511x515S1ce20489x485
f,,794,
F'Perjodu Twil_1 (Lrn),Long term,2372,M549x575S18240511x541S18248485x560S30a00482x483S26800533x498
F'Qasir Zmien_1 (Lrn),,2327,M554x533S18240506x493S18248479x516S26510449x518S26504540x496S36e00477x467
F1,,2814,M575x562S1d850426x439S10020450x439S10050554x531S10058531x532S26600559x503
Facebook 2 (Lrn),,2065,M553x546S32b00482x483S23506535x453S23512443x453S20600516x534S20600460x535S1d807450x505S1d80f524x506
Facebook 3 (Lrn),,2066,M553x587S32b00482x483S1d808536x492S1d800449x492S20600516x534S20600460x535S2a420486x551
Facebook_1 (Lrn),,2064,M571x558S32b00482x483S15a20535x500S15a20455x501S20600516x534S20600460x535S26c02556x501S26c12429x498S2fc04492x547
Facetime (Lrn),,2067,M601x569S2ff00428x483S10000458x508S29100432x482S14c1a570x534S10050560x539S36d00530x543S20500538x530
Facilitator (Loran),,1363,M525x523S15d39475x498S1f502486x477S26720509x481
FAMILJA,,379,R535x586S2df1e475x530S20500501x529S2df06514x529S1d420506x557S1d428470x558S30100482x477
FAMILJA,FAMILY,115,M577x545S30100482x477S32416490x497S1d820555x515S1d828525x516S20500543x534S2df1e522x490S2df06557x492S20500543x496
FAMILJA,FAMILY,21,M523x531S1ce20501x501S1ce28476x501S2df06501x470S2df1e477x469
Familja,Family,164,M523x539S1d820506x494S2df1e476x461S2df06500x462S1d828477x494S2fb04493x533
FAMILJA 2,FAMILY 2,116,M588x545S30100482x477S32416490x497S1d320559x517S20500543x496S20500545x523S2df1e522x490S2df06557x492S1d328515x515
Farfar (Lrn),,1943,M556x535S36d00479x500S15a07497x512S15a01533x506S20500525x520S2b720512x466
Farfar_1 (Lrn),,1961,M559x533S36d00479x492S14c44535x477S20f10495x468S26a02528x506
farfett,butterfly,882,M522x531S14c01478x483S14c09496x485S22510495x469S26520493x516
farfett 2,butterfly 2,1245,M533x523S14c01467x494S14c09485x496S22510484x480S22b20517x477
farfett 3,butterfly 3,1263,M522x522S14c01478x493S14c09496x495S22510495x479
Farfett il lejl,Bat,982,M526x523S1502f474x495S15027498x495S22520487x478
farfett il-lejl,bat,883,M548x558S14c01453x459S14c09471x459S22510465x443S15d01525x506S15d09483x504S22c15498x525S22c03500x524
Farmer Loran,Bidwi Loran,1298,M518x605S35000482x483S1ea48479x559S1ea40493x534S2eb20502x573
Fashion (Loran),,1364,M580x530S36d00479x485S1d820537x471S1d828452x472S27107553x504S27111425x504
Fax,Fax,873,M518x610S2ff00482x483S15a57476x553S15a51494x572S2d202482x591
Feast (Lrn),,2188,M531x532S17420469x468S17407515x468S37600490x489S20610491x521
Fejn?,Where?,131,M531x583S27102516x543S30300482x477S15d30493x547
Fejqan_1 (Lrn),,2322,M565x518S2ff00482x483S15d02498x476S22101496x471S26506530x481S1f502550x476
fekruna tal bahar 1,turtle 1,910,M535x540S15d2f466x460S15d27512x486S2e518471x485S2e500507x513S2fc04485x525
fekruna tal-art,tortoise,884,M515x522S26601486x479S1f712500x502S17119492x484
fekruna tal-bahar,turtle,885,M526x523S15d58498x494S15d50484x478S22122474x483S22126519x501
Fenek,Rabbit,44,M541x517S30007482x482S10e20522x465S22510519x449
fenek,rabbit,886,M552x518S36500482x483S11520517x471S22120530x471
fenek 2,rabbit 2,1247,M538x518S2ff00482x483S11e20515x474S11e28461x476S22121513x465S22127472x467
FERH 01,,1235,M533x591S33e00482x488S15d01510x532S15d09461x530S22f00504x557S22f10457x556S20f00480x579S30150495x476
FERH 02,,1236,M540x590S33e00482x488S14c01504x529S14c09470x529S20f00465x561S20f00512x562S22f00515x576S22f10466x576S30150495x477
Ferra_1 (Krl),"Pour, Fill, Mela (Fill)",1816,M533x521S1f520509x487S17648467x505S28902478x479
Ferra_2 (Krl),Pour,1881,M528x512S1f520504x497S28902473x489
Fgura,,1268,M534x531S33100482x483S1ea01484x509S2b700515x508
Fidiċjuż,Trusted man,863,M571x600S30007482x483S1ec26525x490S22b04524x524S10057525x570S26a07550x558
File (Lrn),,2063,M573x550S15a02546x488S22a04531x503S11810469x450S11818427x451S17e36550x527S20700553x505S22e04470x483S22e14427x487
File Extension (Lrn),,2061,M565x551S22e12435x487S22e06480x485S11810477x450S11818436x451S15452501x536S28a0a529x519
File Format (Lrn),,2062,M584x543S22a06569x463S22a12483x461S11810542x458S11818507x459S17e36434x520S15a02429x488S20500455x530S22a04417x504
Filename (Lrn),,2092,M629x586S30007482x483S10011515x486S20500507x471S2a205536x513S11810612x532S11818586x534S22e04612x567S22e14584x568
filghodu,,160,
Finland,,1125,M519x548S10a00504x522S30004482x483S20600462x518
Fired_1 (Krl),Divide_1 (Krl),1783,M555x514S26606525x491S15a40484x487S15a48507x487S26612446x494
First Holy Comm (Lrn),,2189,M572x526S33b00482x483S1d400549x494S23302519x496
Firxa Globali_1 (Lrn),,2326,M535x540S14c27504x513S14c2f469x512S22510513x498S22510465x497S2b800510x460S2b811470x461S20500498x470
Fittex,,1784,M541x520S26620494x480S22120502x513S11851510x491S11859460x489S22120473x511
Five,Hamsa,2669,M512x516S14c00489x485
Fizika_1 (Lrn),Physics_1 (Lrn),2553,M538x535S1d410506x466S1d448470x468S23004513x506S23014463x501S2fc04492x524
Fizjoterapija_1 (Em),Physiotherapy_1 (Em),1559,M559x565S16c51519x435S16c59462x435S2e014442x458S2e00c538x462S22123511x452S22125478x452S1ed56521x499S22b04521x535
Fizjoterapista_2 (Em),Physiotherapist_2 (Em),1566,M559x551S16c51519x496S16c59462x496S2e014442x519S2e00c538x523S22123511x513S22125478x513S1ed56492x452S22b04516x449
Flamingo,Flamingo,1066,M572x597S33100482x483S16c10530x489S2b700553x486S10004509x567S1000c484x551S22102521x493S22b00511x528
flamingo,flamingo,887,M567x539S33100482x483S16d10523x495S22e04525x521S2b700548x503
Flea,Beghut,1065,M527x531S37807473x487S11811502x469S20500483x474S37807482x521S15011496x504S21100478x510
Fleur de Lys,,1265,M535x538S15636466x478S22104470x465S22b04515x466S22b00494x463S14c00512x507
Flipflop,Flipflop,227,M528x525S16158475x496S10b50493x486S26504514x496S20700472x476
Flixkun,Bottle,370,M523x541S16c48477x520S16c40503x520S22b00501x481S17e10499x459
Flokk,Top (Clothes),334,M537x555S36d00479x446S14c02506x467S14c06464x466S22b04517x506S22b14469x507S2fb04495x549
Flokk bit-tmiem,Top cloth (Winter),228,M613x542S36d00479x458S14c02503x471S14c0a469x472S22b04517x498S22b14471x498S2fb04494x536S15a57586x479S3780b564x495S15a41568x493S26605591x518S21100575x518
Flus,Money,266,
Flus_1 (Krl),,2369,M522x526S1f217501x496S21301478x475
Fog (Lrn),,2256,M560x536S14f10530x501S14f18475x504S22a24510x521S1da10441x464
Foil (Lrn),,2294,M527x558S15a18479x482S15a10493x531S2400d473x442S21100514x482S16f10487x473
foka,seal,888,M535x514S15d1c516x487S15d14466x486S20c00486x491
Folder Computer (Lrn),,2044,M562x592S24402514x432S2441a439x434S14c50497x485S14c58457x487S10011496x408S10019467x409S15a02535x532S17d36515x569S22a04517x534S22510492x470S22510458x471S20700514x549
Fonoloġija,Phonology,797,M525x523S1004a476x497S14c50496x492S22520493x478
Font (Lrn),,2080,M528x520S1ed20502x498S22122481x498S2f800472x481
Fontana,,1189,M548x525S1d802453x504S20304464x476S25504496x503S25504517x503S25504535x502
Fontana Loran Edited,,1320,M532x521S1d852487x504S26f00492x484S1f759468x479
Footballer Loran,Futboler Loran,1299,M525x526S23000491x508S1f751475x490S20c00497x485S15a59478x474
Format_1 (Lrn),,2554,M535x563S1d820490x437S15418471x497S15410510x497S21100491x504S22512504x528S22516482x529S22b04519x528S22b14465x533
Fortunat (2),Lucky (2),421,M546x517S31a00482x482S1a010526x480
Fortunat(1),Lucky (1),420,M518x617S30004482x482S16101493x520S16103485x593S20500481x519S22b04497x558
Fotografija,Photography,2815,M644x606S1e218455x506S1e210518x517S1ec46625x536S22c04623x564S23600526x551S23614441x550S2ff00482x483
Four,Erbgha,2668,M511x516S14400489x485
Fox,Volpi,1067,M549x542S2ff00482x459S17d00491x474S22102474x475S26500523x475S2ff00483x507S17c18455x516S17c10532x516S22102525x522S22106473x522
France,,1170,M550x546S33b00482x483S1d410506x489S2df05521x522S20e00538x502
Franciz_1,French,2555,M563x530S33b00482x483S1d110510x493S22102501x518S28806541x510
Frar,February,739,M532x538S36d00479x463S10e20516x471S22b04516x508
Frawli,Strawberry,501,M561x524S36100482x483S20500505x512S1ce10516x494S22b07537x475
Frawli_1 (Do),"Strawberry , Strawberries",1708,M562x531S2ff00482x483S1d417504x506S26606532x494
Free diving,,2810,M558x571S15a1a371x424S10e00377x440S22b04378x478S22230397x447S30004442x459S15800455x495S20e00436x497S26500485x503S30004522x507S15300533x546S20800535x525
Friday (Lrn),,2213,M524x521S1f902509x480S28903476x494
Friday old (Lrn),,2247,M538x526S20301469x495S20321483x484S27207505x492S20f03462x474
Frixa_1 (Em),,1567,M542x520S15d02499x501S20500532x507S1f004494x480S21100528x484S26602458x481
Frog,Zring,1068,M518x546S36a00482x477S13f10479x520S22106465x516S26502468x532
Frott,Fruit,45,M593x687S30004444x482S15002445x519S22e06478x524S14c3a498x589S15052495x560S2d608499x545S20336555x632S36d00514x636S1ea12551x602S1ea02564x664S22b04577x615
Frott_1 (Alx),Fruit_1 (Alx),1709,M597x608S15300502x514S33b00482x483S2b700578x546S15336491x593S15352495x570S22100524x576S22100475x593S1ea51552x563S22a00526x512
Frustrat,Frustrated,864,M529x591S30c00482x483S17540488x547S17548484x569S23006511x542S23012464x566S21800473x543S21800507x582
Ftakar_1 (Krl),"Idea, Remember, Recalled",1785,M557x549S37200480x529S22105534x465S22a07544x489S1eb10513x482S2ff00478x483
Ftiehem_1 (Krl),Agree (Krl),1786,M579x579S20600540x553S10001460x510S10009429x512S26c00465x549S26c10418x551S2fc04450x568S30114529x477S15d39532x548S1f751557x526S33b00436x481
Ftira,Flat Bread,439,M570x536S16c40467x465S16c48429x465S22a04471x492S22a14429x491S2f700473x512S2f700429x511S2fb04451x530S15d39532x486S15d51537x503S26507557x497S21100534x471
Ftuh tal-Kont_1 (Krl),Opening an Account,2370,M555x584S13f07515x466S13f0f457x436S21303475x416S21301490x443S22b00515x508S22b04531x512S22b10461x473S22b14473x489S2fc04487x529S15d02507x565S15d0a470x565S26900539x564S26910446x563
Ftuh tal-Kont_2 (Krl),Opening an Account_2,2371,M554x584S13f07509x489S13f0f464x492S21303467x461S21301507x464S22b00514x528S22b04527x531S22b10450x524S22b14465x537S2fc04493x573S15d02505x417S15d0a471x418S26900538x418S26910446x419
Ftuh_1 (Lrn),"Opening, Open Space",2373,M574x562S30100482x477S15d02508x541S15d0a466x541S26900541x544S26910445x544S2d708535x523S2d710429x524
Fuljett_1 (Lrn),"Pamphlet, Leaflet",2556,M529x537S15a50507x465S15a50481x464S2a208506x501S2a210472x497S2fd04489x531
Fuq Astratt (Loran),Up Abstract (Loran),1449,M584x532S15d40553x493S15d49528x487S36d00479x483S22a20535x517S22a20571x469
Fuq_02 (Emma),Up_02 (Emma),1447,M543x553S15a30531x526S2ff00482x483S22c00527x476
Fuq_03 (Loran),Up_03 (Loran),1448,M526x518S15a56475x506S17f52497x482S20500479x492
Furjana (Loran),Floriana,1325,M542x525S15412489x476S22a03459x495S22a04491x510S22a05529x491
Furnar (Loran),Baker (Loran),1415,M529x552S1f740492x448S1f748480x483S20600488x467S15440514x527S15448472x526
Fusilli_1 (Krl),Pasta,1710,M559x557S15d48465x444S10e52498x450S2a400533x456S10002498x510S1000a465x516S2ea00533x521S2ea10449x532S26506544x505S26512442x507
Fusilli_1 (Krl),Pasta,1711,M559x557S15d48465x444S10e52498x450S2a400533x456S10002498x510S1000a465x516S2ea00533x521S2ea10449x532S26506544x505S26512442x507
Futbol Amerikan,American Football,2816,M575x561S14c02526x459S14c0a499x462S20800524x485S2d920504x439S15510505x522S15518484x522S18510550x537S18518426x535S22b12445x543S22b06529x545
Futbol Amerikan,American Football,2817,M575x561S14c02526x459S14c0a499x462S20800524x485S2d920504x439S15510505x522S15518484x522S18510550x537S18518426x535S22b12445x543S22b06529x545
Fwied_1 (Em),Liver_1 (Em),1568,M548x517S36d02479x483S15a03525x490S20500511x506
G,,1010,M514x508S1f000485x493
G (tikka),,1012,M512x513S1e140488x487
Gajdra,Oyster,1284,M527x556S14c01473x445S14c27498x447S22e05494x475S14c01473x529S1ce40505x503S20500499x535
gajdra,oyster,911,M525x552S1530f475x449S15327497x448S22e04498x474S1533f476x529S1ce40503x498S20500494x525
Gaketta,Jacket,229,M588x529S36d00479x471S20340573x498S2d607544x486S20332524x484S20500510x486S20500484x486S2033a466x484S2d61f439x487S20348420x500S2fb04494x523
Galettina/i,Buscuit/s,49,M537x597S1d510516x503S30004482x482S1d412489x560S17d48485x582S20700514x582S20500494x521
Galletti,,442,M582x533S1ec40417x480S17b48503x505S1ea51531x494S2a30b550x467
Galletti_1 (Do),,1712,M541x579S15d48466x552S2ec00492x521S1ea41513x544S35900482x483S1ed40413x522S22a04425x549
GAMBLI,,1211,M565x561S30100482x477S10610507x526S26606535x529S22f04533x547
gamblu,shrimp,893,M528x542S15d50473x458S2920a496x467S10610513x498S26602472x511S22f04480x528
Gamm,Jam,443,M536x537S17d3e479x514S13f01484x485S22f04463x484S2a30b504x463
Gamm_1 (Do),Jam_1 (Do),1713,M549x597S17d3e492x574S13f01497x545S22f04476x544S2a30b517x523S35300482x483
Garaxx (Matthew),Garage (Matthew),1452,M576x543S15a50505x459S15a50480x458S23d04531x472S23d1c443x475S26906558x462S26912425x462S15a50490x516S26600505x501
Gardening,Gardening,2818,M538x563S14c00424x413S15a16473x551S22b02393x432S22500428x396S15a16402x460S17f10523x497S2d701484x520S2ff00482x483S20500497x541
Gardinar (Loran),Gardener (Loran),1416,M545x591S1d410504x409S1d418466x411S2e230501x445S2e230477x444S22b04529x450S22b14456x450S15a56488x579S37800499x546S14c10490x512S2df00471x547S26602462x531
Garr il-Virus_1,Carrier (of the virus),2374,M559x571S35000482x483S15436534x509S22100541x494S22a04538x534S15d0a468x537S18512494x533S21200463x557S22f04496x557
Gawhar,,230,M521x527S36d00479x474S1ce10492x481S20600490x516
Gawhar,,261,M521x521S36d00479x480S1ce10490x491S20600465x508
Gay_1 (Em),Omosesswali_1 (Em),1569,M529x526S1dc5f471x477S1dc31495x496S22f01508x475
Gbin_1 (Em),Forehead_1 (Em),1667,M564x518S30007482x483S20500522x491S18111540x494
GDID,NEW,8,M518x524S15a06481x497S15a00492x497S22a00505x475S20e00490x480
Geddum,Chin,374,M518x549S2ff00482x482S10001486x519S2d504493x518S20e00494x500
Gelat,Ice cream,50,M553x564S30004482x482S1ea10500x523S23000502x546S22f04528x529
Gelat_1 (Mtw),Ice_Cream_1 (Mtw),1714,M518x558S33b00482x483S1f740472x525S2b804489x525
Geli,Jelly,474,M512x536S14c50488x465S2a500488x503
Gemel,Camel,997,M544x520S1a318521x481S37906480x511S18111497x498S28902457x498S28902464x481
gemel,camel,889,M527x514S15d58508x487S29202473x497
gendus xahru twil,yak,894,M566x567S2ff00482x483S14c20515x473S14c28461x473S28815469x514S2880d515x515S1f728480x545S1f720502x545S26612442x546S26606536x551
Ġeneruż,Generous,865,M560x524S36d00441x476S15d01444x501S20500430x505S36d00518x476S1f540545x495
Georgia,,1127,M545x523S14c02514x478S14c0a456x481S23424485x509
Gera,Run,549,M548x538S2fc04491x527S20340514x483S2ea00533x477S20348464x495S2ea18447x490S36d00479x462
Germany,Germanja,1279,M518x518S2ff00482x483S10110498x465S20500483x473
Gerzi,Jersey,262,M555x553S36d00479x448S14e02515x457S23814477x485S20303508x513S3780c523x503S14e0a460x457S2380c513x485S2030b479x514S37804453x504S2fb04496x547
Gerzi bil-buttini,Jersey with buttons,263,M580x553S36d00426x448S14e02462x457S23814424x485S20303455x513S3780c470x503S14e0a407x457S2380c460x485S2030b426x514S37804400x504S2fb04443x547S36d00533x448S1ce10558x457S20500544x473S20500544x504S20500545x538S22a04560x497S22a04559x532
Gerzi bil-buttuni (2),Jersey with buttons (2),268,M589x560S36d00426x441S14e02462x450S23814424x478S20303455x506S3780c470x496S14e0a407x450S2380c460x478S2030b426x507S37804400x497S2fb04443x540S36d00533x441S1f417555x474S21301560x455S1f41f530x486S21303517x469S22d24548x510
GESU',,1176,M542x598S30100482x477S15a40521x571S15a48479x537S20500496x543S20500506x578S1c540512x536S1c548472x568
Ghada wara,,2222,M529x515S10020514x485S2da00472x502
Ghadira,,981,M542x527S1de50463x474S26706496x489S15a56497x515S37906458x521S20e00530x509
Ghadma_1 (Em),Bone_1 (Em),1668,M534x530S37906467x481S1ed50504x471S26606504x490S37906474x521S1f750499x515S20600474x507
Ghadma_Miksura_1 (Em),Fracture_1 (Em) Bone,1669,M545x561S37906469x449S1ed50506x439S26606506x458S37906476x489S1f750501x483S20600476x475S1f758480x527S1f750506x528S2a210455x528S2a208522x533
Ghagin,Pasta,24,
Ghagina,Pastry,51,M579x539S14c51532x505S14c59439x506S1f751509x476S1f759468x474S26601543x478S26601557x464S26617436x475S26617420x461S2fb04490x533
Ghagina_1 (Alx),"Pastry_1 (Alx), Dough_1 (Alx)",1715,M562x536S15440529x493S15448464x495S2d60f515x468S2d617439x466S2d617467x465S2d60f540x467S22120464x529S22120518x526
Ghagina_2 (Mtw),"Pastry_2 (Mtw), Dough_2 (Mtw)",1716,M568x516S1f750507x485S1f758473x486S2d310432x488S2d300529x493
Għajjien,Tired,866,M536x593S2ff00482x483S15000502x491S15008473x491S22b24491x529S15030510x562S15038464x562
Ghajn Tuffieha,,1193,M590x573S31500482x483S10001505x502S20500526x502S15030564x542S2d709544x518
Ghajnejn,Eyes,375,M543x532S31a00482x482S10001522x502S20500503x501S20500487x501
Ghajnejn_1 (Krl),Eyes_1 (Krl),1571,M538x543S31a00482x483S10001517x513S20500502x501
Ghajnejn_Homor_1 (Em),Red_Eyes_1 (Em),1570,M531x566S31a00483x459S10001510x480S20500519x469S33b00481x507S21100518x529S10001500x536
Ghajnejn_Homor_2 (Em),Red_Eyes_2 (Em),1572,M534x568S31a00486x456S10001513x477S20500522x466S10000482x538S33b00478x510S20500516x531
Ghajnsielem,,983,M540x547S1ec06493x524S33100482x483S22b00524x506
Ghalfejn?,What For?,125,M561x604S30106497x476S15d40514x562S15d48466x561S15d30542x529S15d38438x529S28809516x536S28811463x536S2fb04492x598S30c00467x488S36e00476x525
Ghalhadd,,2797,M596x523S14c50502x482S14c58467x483S28912429x479S2890a537x477S14c30572x484S14c38405x492
Ghaliex?,Why?,129,M580x569S30100497x476S15d50512x542S30c00467x488S15d30561x541S2a208534x540
Ghalla (Lrn),,1941,M533x546S15334477x487S1533c512x485S23100507x455S23114467x457S22120472x516S22120510x517S2fc04494x535
Gham,Swim,566,M544x544S2fb04490x538S15d51503x479S15d59472x480S2eb02512x509S2eb1a454x508S36d00479x457
Gham_2 (Krl),Swim_2 (Krl),1787,M578x534S37212479x466S15d51535x472S15d59448x491S2ec00563x469S2ec10428x491S2fc04503x523
Ghamara,Furniture,2506,M563x561S14c01507x439S14c09465x439S2ea00522x477S2ea10467x475S2fc04492x502S18210520x537S36d00479x557S26500549x536
Ghamara (Loran),,1511,M531x518S14c01412x405S14c09372x406S14b10508x469S30007482x483S2970b418x438S29713348x442
Għamel kuraġġ,Make courage,867,M587x543S36d00433x458S11541446x496S11549425x514S20c00414x497S22f04455x529S36d00525x458S20301546x485S2ea00572x483
Ghamel_1 (Krl),"To Do_1 (Krl), Do",1788,M529x525S11541505x476S11549472x498S20600481x479
GHAMI 1,BLIND 1,1215,M555x523S26c06540x488S30100482x477S31a30489x496S11800521x490
Ghandek (Inti Ghandek),You Have,289,M533x552S15030487x504S26604517x514S22200467x516S10040491x448S26600475x451S20500502x541
Ghandha (Hi Ghandha),She has,283,M570x642S15030527x592S22200513x593S26604554x603S34a00484x482S36d00479x530S10041463x552S26501447x556S20500543x631
Ghandhom (Huma Ghandhom),They Have,286,M566x635S15030526x581S22200505x590S26604550x596S10041435x579S36d00479x529S33b00481x482S26607441x547S22f05447x561S20500541x624
Ghandi (Jien Ghandi),I Have,292,M532x556S22200469x529S26604516x514S20500489x480S15030485x511S10044491x443S20500506x545
Ghandkom (Intom Ghandkom),You Have (Prural),290,M536x560S15030473x494S22200464x517S26804502x493S10040480x445S26606506x440S22f04503x456S20500501x549
Ghandna (Ahna Ghandna),We Have,280,M574x545S14c52426x464S2d908453x454S20500470x478S15030529x494S26804558x493S22200520x517S20500544x534
Ghandu (Hu Ghandu),He Has,285,M556x622S22200497x591S15030510x574S26604540x587S36d00479x521S10041449x540S26501429x544S34500478x482S20500526x611
Ghar Lapsi,,1191,M525x533S1dc20475x502S18120512x504S2b800502x468
Ghar Lapsi,,1321,M528x515S18e47473x486S1dc20504x485
Gharb,,1190,M518x518S18e00463x450S30000482x483S2890a487x461S21100463x486
Gharbi,"Arabic, Arab, Saudi Arabia",2562,M540x518S2ff00482x483S15d11517x459S2eb02480x466
Gharus,Fiance',165,M566x626S30000482x482S17c10526x481S26600550x476S22104520x491S10050503x558S10058486x551S21100495x594S27100523x576S27110441x564S2fd04493x620
Gharusa,Fiance (woman),204,M572x629S30005482x482S10020521x501S20e00526x489S22b04539x512S10050514x550S10058494x543S21100504x590S27100532x560S27110447x552S2fc04503x618
ghasfur,bird,897,M557x518S33100482x483S1f020528x493S22122520x488
GHASFUR 1,BIRD 1,118,M552x523S30100482x477S33100482x488S1f110523x505S22220525x490
GHASFUR 2,BIRD 2,119,M556x523S30100482x477S33100482x488S22220525x490S1f010527x508
GHASFUR 3,BIRD 3,120,M554x523S30100482x477S33100482x488S22220525x490S1ef10525x508
GHASFUR 4,BIRD 4,121,M552x523S30100482x477S33100482x488S22220525x490S1f410523x508
Ghati_1 (Krl),,1789,M519x530S15d39482x507S15d31496x504S2b720485x470
Ghaxaq,,984,M547x511S18e02453x489S26806497x495
Għaxra,Ten,2678,M529x515S10018471x485S17610513x498
Ghazel_1 (Krl),Choose_1 (Krl),1790,M525x574S1d120491x427S22102475x438S26604501x465S19a50497x507S27102506x534
Gheluq tal-Kont,"Closing Accounts, Close Accounts",2447,M549x591S13f07523x518S13f0f459x512S21303470x490S21301505x493S22b00518x548S22b04533x561S22b10469x547S22b14451x547S2fc04490x561S15d40523x409S15d48466x413S26902511x446S26916480x444S20500499x456
Gheluq tal-Kont 2,"Closing Account 2, Close Account 2",2448,M548x601S13f07525x438S13f0f458x426S21303471x399S21301505x408S22b00513x468S22b04531x476S22b10468x463S22b14452x463S2fc04487x493S15d40513x545S15d48460x544S26902508x584S26916468x585S20500489x586
Gheneb,Grapes,475,M518x537S2ff00482x482S1ce18427x474S1ce10453x489S20500440x505S28a06464x520S20500494x503
Gheneb_1 (Do),Grapes_1 (Do),1717,M526x567S33b00482x483S1d418471x511S1d410495x517S26a04499x553
Ghin_1 (Krl),Help_1 (Krl),1791,M512x537S15d37489x514S1f540497x496S2b720489x463
Ghinni_1 (Krl),Help_Me (Krl),1792,M521x580S15d37490x500S1f540503x481S10050494x427S26500500x420S26624505x523S20500498x569S36d00479x558
Ghonq_1 (Em),Neck_1 (Em),1573,M531x543S36a00482x477S16d02511x520S23600457x526S21100494x518
Ghorok (Lrn),,1940,M555x546S14c09445x500S27107489x503S21100445x532S1f751464x521S1f701529x477S26c00528x455
GHOXRIN,TWENTY,2,M518x515S10e00482x485S17610502x499
Għoxrin,,2705,M530x517S10e28471x484S17610514x501
Gibed il Flus 1,Withdrawal,2449,M530x570S13f36471x452S21300472x430S15030495x496S22100518x499S26604500x540
Gideb_1 (Krl),"Lie (Krl), Fib",1793,M518x576S2ff00482x483S10e10485x520S20500495x502S2df04482x555
Gie,Coming,550,M571x568S2ff00482x482S18230525x544S26604555x538
Gie Lura 01 (Loran),Return 01 (Loran),1454,M587x527S1f520563x473S36d00479x513S26603537x488S20500522x516
Gie Lura mis Safar (Loran),Returned from abroad (Loran),1451,M547x540S19a10519x461S22d03478x479S15a36454x528S20500460x514
Gie_1 (Krl),"Come, Came, Arrive",1882,M522x522S26604506x492S18230478x479
Gieled_1 (Krl),Fight_1 (Krl),1794,M540x533S11810525x468S11818460x471S26b02522x501S26b16463x506
Gieled_2 (Krl),Fight_2 (Krl),1795,M589x532S1f747567x472S1f747535x469S36d00479x486S26c09563x495S26c13527x493S2fc04544x521
Ġimgħa,Week,734,M521x548S36d00479x453S10059484x488S3790b452x502S10041469x518S26607493x522
giraffa,giraffe,890,M535x545S36a00482x477S16c02488x525S22c00519x494
Giref_1 (Krl),"Scratch, Abrasion",1883,M527x527S37806481x525S15002473x473S21100478x503S26606497x507
Gisem,Body,380,M535x560S36d00479x440S14c02504x459S14c06457x459S20e00523x483S20e00465x486S22d24488x491S2fb04487x554
Gisem_1 (Em0,Body_1 (Em),1574,M545x539S36d02479x493S14c01517x462S14c09461x463S22c04529x496S22c14459x497
glitch of 5-hand to remove,,97,
Globu_1 (Lrn),"Globe, World, Earth, Dinja",2557,M549x583S14c50516x418S14c58475x419S2a20c519x459S2a214474x459S20500501x473S10011514x537S1001b472x511S2ea07528x561S2ea13451x530S2fc03488x549
Gmail (Lrn),,2081,M511x536S10a40496x464S23702489x497
Gobon_1 (Mtw),Gobon_1 (Mtw),1718,M528x519S1de50506x489S1de59472x482S20500499x489
Gomma_1 (Lrn),"Rubber, Eraser",2558,M530x527S15d3a478x473S1f750488x491S27102515x487S21100471x495
Good Friday (Lrn),,2192,M586x547S1f902442x506S28903414x520S14c10546x483S14c18508x483S28909559x455S28911495x453
Google (Lrn),,2074,M547x533S31500482x483S16d10523x490S16d18462x488S23200521x513S23210456x512
Gorilla,Gurilla,1289,M553x583S36d00479x418S15014446x449S1501c528x449S20f00516x484S20f00450x488S1f701515x529S1f709461x528S20600507x554S20600459x558S2fc04490x572
gorilla,gorilla,896,M535x531S1f709469x508S1f701511x509S20c00466x487S20c00507x488S2fc00494x469
Gozo,Ghawdex,1269,M528x515S11550472x485S2490a492x486
Grade_1 (Lrn),,2559,M536x547S14c00513x468S22510514x454S15a18464x506S18210492x532S20602479x510S22a00499x512
Gradenza (Loran),,1512,M610x566S10050452x434S10058424x434S23d04472x454S23d1c391x454S15a50429x536S15a50448x536S22b06466x550S22b12390x548S1eb40586x515S1eb48512x516S2d60c567x499S2d614533x499
granc,crab,895,M540x512S16d48460x490S16d40522x490S22122512x490S22126482x489
Grandenza,Chest of Drawers,2507,M556x560S15a50506x441S15a50484x441S26606526x452S26612446x450S1f730520x497S1f738492x497S26722445x499S22b24526x520S26524508x524S26524507x545S22b24465x518S26524449x519S26524449x540
Granet tal-Gimgha,Days of Week,326,M548x562S10041453x437S10041452x513S23404479x454S10056518x547S37a06474x555
Ġranet tal-ġimgħa,Week days,858,M574x554S36d00428x447S10041416x467S23404426x504S26606431x521S36d00531x448S10049551x481S3790b518x505S26607552x530S10041529x524
Graph_1 (Lrn),,2560,M537x524S1dc28463x494S10021495x502S2490a501x477
Grasshopper,Gurat,1069,M540x547S11519464x520S11511492x503S21200460x498S37806468x470S11512510x457S20500490x454S20500466x453
Grazzi,Please,422,M535x549S30004482x482S20500480x516S15d00495x520S26600519x519
Greece,,1129,M530x530S10041509x470S10049485x500S20600470x485S20500496x485
Griz,Grey,244,M563x527S36a00482x477S1da10526x498S21100513x510S26600547x497
Grizmejn_Muguwgha_1 (Em),Sore_Throat_1 (Em),1575,M536x606S36a00482x484S30350494x470S30c30489x491S10044514x520S20500495x528S14c03485x580S2e233509x556
Grupp 4 Ezempji,,516,
Grupp 5 Ezempji,,517,
Gudja,,986,M594x532S1f721527x511S36a00482x477S26706552x514S20500510x514
Guh,Hyngry,2776,M522x545S14c02491x486S29100493x512S20e00476x506S36d00479x455
gurat,grasshopper,891,M538x510S1ed10512x491S29302462x496
gurdien,mouse,892,M536x583S33100482x483S15600520x491S26500521x471S10041505x553S27e02481x529
Gurnalist_1 (Lrn),Journalist,2376,M579x564S15d0a465x437S1ea20480x463S20f00449x458S26a06508x461S1ea48459x511S1ea40518x511S2df08524x543S2df10453x538S28b0a535x490S28b12422x491
Gurnalist_2 (Lrn),Journalist_2,2377,M557x624S15d0a499x570S1ea20515x598S20f00483x592S26a06543x597S1ea17494x522S33b00482x483S26c08517x526
Gym_1 (Lrn),,2561,M571x535S1f700511x466S1f708464x466S37800520x481S37800476x483S25604448x488S25610430x488S25604531x491S25610555x492S2fb04491x529
Gzira,,1192,M532x524S1e140469x476S2460a493x500
Gzira (Loran),Island (Loran),1453,M527x517S1ce40505x483S2ea06473x502
H,,1011,M515x507S11502485x492
H (maqtugha),,1013,M515x511S12d02485x488
Habat_1 (Krl),"Hit, Bump, Collision",1796,M535x510S1f702520x490S1f70a465x490S20b00493x497
Habat_2 (Krl),"Hit 2, Bump 2, Collision",1797,M532x514S15d48468x487S1f702517x490S20b00495x495
Habb (Love) (Krl),Love,1799,M528x528S1f701473x490S1f709507x488S37600489x505S20500494x472
Habb_1 (Krl),Like_1 (Krl),1798,M539x527S2ff00482x483S14700495x505S20600517x515
Habbar_1,,2378,M559x565S33b00482x483S30c30488x492S10001502x512S10009477x510S26606529x542S26612442x544S22b15489x540S22b03486x541
HABIB,,527,
HABIB,FRIEND,102,M518x579S30100482x477S16f12494x537S16f16488x555S20800481x550
HABIB 1,FRIEND 2,103,M518x518S20800483x499S17112497x483S17116498x501
Hacker (Lrn),,2093,M521x544S2230b502x456S15a56479x495S26604486x514S11e50481x460
Hadd,Someone,2793,M562x543S10010453x474S2d900438x457S1ec46543x485S22b04542x513
Haddejn,Cheeks,381,M563x542S2ff00482x482S10011542x512S2e300519x489S2e300457x489S21100501x494S21100485x493
Haddejn_1 (Krl),Cheeks_1 (Krl),1576,M554x553S2ff00482x483S10011533x523S2e700526x494S2e700462x493S21100509x500S21100479x500
Haddiema,"Workers, Employees",2451,M551x560S17e20462x445S22122449x441S15d50496x450S26606521x457S22f04521x478S1f741502x506S1f749481x538S20600483x522
Haddiema_2,"Employees, Workers",2452,M535x555S20600467x517S1f749465x533S15d50480x445S26606505x452S22f04505x473S1f741486x501
Hafer_1 (Krl),Forgive 2,1812,M531x521S15d37470x493S15d51488x498S20e00499x480S26507518x489
Hafer_2 (Krl),"Confession, Forgive",1800,M526x525S11540474x476S2330a500x495
Haffef_1 (Lrn),"Hurry Up, Be quick, Come Faster",2563,M557x559S30a00482x483S15d01534x517S22124510x530S26a04523x545
Hafna,"Many, Alot, Plural",2450,M518x511S17e20495x493S22122482x489
Hair (Lrn),,2163,M542x518S30007482x483S1d411517x459S20500506x473
hairdresser,,1242,M508x515S10000493x485
hairdresser,,941,M549x546S10029369x491S10021411x491S28814370x515S2880c435x516S36b00482x482S10e01524x493S22a00530x531S22101520x487
Hairdresser (Loran),,1365,M559x580S2ff00482x483S10e01534x494S10e09446x490S22120525x481S22120456x478S2ea14450x531S2ea34542x534S2fc04495x569
Hajjat (Loran),Tailor (Loran),1417,M558x543S1d441477x470S1d448442x488S2c604464x497S2c604471x517S1ed56539x458S22b04539x498
Hal Far (Loran),,1326,M569x529S11502517x472S1150a460x472S15a50536x501S15a50461x502S26500555x513S26510431x513
Halfar 1,,1196,M537x550S15a50469x519S15a50513x518S11502507x451S1150a463x451S26720490x508
Halfar 2,,1197,M537x538S11502507x463S1150a464x464S10050514x504S10058470x506S26720492x496
Halib,Milk,52,M567x541S1f540510x459S21800508x487S22b04533x464S22b04551x464S1f548473x478S21800471x506S22b14451x484S22b14433x484S2fd04491x535
Halib_1 (Alx),Milk_1 (Alx),1719,M545x557S15040508x459S15048458x474S22120461x455S22120507x444S22c04455x515S22c00475x510S22c10513x493S22c14529x495S2fc04496x546
Hall,Vinegar,53,M542x621S17548343x600S16f11357x581S20500343x586S22b07378x557S30004458x481S34300481x482S30d00506x483S14c01501x521S14c50507x590S25604509x552S20500494x513
Hall_1 (Mtw),Vinegar_1 (Mtw),1720,M561x565S1ea41388x538S1ea58359x544S22b07420x515S2f900417x518S30c00482x483S1c510515x508S35910495x503S20500496x519S26607539x527
Hallas_1,Pay_1,2453,M522x535S1eb10498x490S2ec00478x495S22125487x466
Hallas_2,Pay_2,2454,M548x517S1ea40477x484S1ea48453x496S27000508x484
Halq,Mouth,382,M539x544S34400482x482S10011518x508S2e300489x517
Halq_1 (Em),Mouth_1 (Em),1577,M540x547S33b00482x483S10001519x517S2e400486x492
Hamburger_1 (Mtw),Burger_1 (Mtw),1721,M515x518S18152486x483S18136486x506S20500493x495
Hamburger_2 (Alx),Burger_2 (Alx),1722,M548x529S15d49452x506S20800456x498S1d451464x471S18152518x487S18136519x512S20500529x501
ħames mija,,2735,M543x516S14c00458x484S17614494x497S17614527x500
Hamiema,Pigeon,1090,M553x560S33100482x483S1dc20529x487S22122519x484S18118462x529S18110532x531S22122521x531S22126478x533
Hammerhead Shark,Huta Ras Martell,1070,M535x550S1ea20504x451S23004507x479S15a10523x523S2de00465x525
hammiema,pigeon,912,M567x517S14c27496x490S14c2f471x490S22121464x483S22127514x486S22b11434x489S22b07543x487
Hamrun 1,,1194,M559x525S11502520x476S1150a464x476S23614442x507S23600520x508
Hamrun 2,,1195,M520x524S11502481x476S23600481x507
Hamsa,Fivith,2687,M512x533S14c20489x467S2a200489x505
Ħamsa,,2694,M512x516S14c20489x485
ħamsa u sittin,,2718,M526x514S1f726474x493S15a20514x487
ħamsin,,2714,M523x514S15a00478x487S17614507x496
Hamster,,1071,M540x572S2ff00482x483S13d00494x497S26500526x498S22102470x499S13d20502x553S2e500471x545
hamster,hamster,898,M557x591S33100482x483S1f000528x497S22102519x494S10041509x536S26501491x532S2e500523x564
hamster 2,hamster 2,1256,M523x542S36e00477x458S10040487x481S2e501477x515
Handyman (Loran),,1418,M537x580S15d09463x423S15d21475x430S20500496x420S15d01514x463S15d27499x470S20500497x459S1f748493x565S20600491x550S1f740499x528
HANZIR,PIG,95,M546x544S33100482x483S23004521x526S15410527x487
hanzir,pig,899,M540x545S33100482x483S15300523x491S2e500517x518
HANZIR 2,PIG 2,96,M542x547S33100482x483S15310524x494S23004517x529
Harab,Escape,552,M557x598S31a00482x482S14c40511x545S25607533x518S23004511x580
Harab_1 (Krl),"Run Away, Ran Away",1801,M568x536S36d00479x493S15d47545x487S23004532x518S26607541x465
Hardware (Lrn),,2094,M542x564S14c01501x475S14c09463x499S1f701458x436S26500486x438S2eb00527x501S2eb10465x532S2fc04498x547
Hareg,Going out,553,M569x584S23004516x566S14c40516x531S2ff00482x482S26600553x536
Hareg_1 (Krl),"Went Out, Go Out",1802,M564x539S36d00479x489S15d10545x483S26607541x461S23204536x519
Hares_1 (Krl),"See, Look, Glance",1803,M538x529S31500482x483S10e10495x499S26600522x497
Harifa,Fall,135,M537x535S14c09463x464S18940491x470S22b04483x505S22b04502x505S22b04521x505S20500479x484
Ħarifa,Spring,2821,M523x533S14c00477x467S17218478x513S22b00507x484
Haseb (Lrn),,1939,M569x522S30007482x483S10a11521x478S2ea00554x497
Hasel l-Art_1 (Lrn),Wash the Floor,1884,M569x559S14c50510x441S14c58469x441S26606539x459S26612431x457S14c58447x487S14c50538x487S2dd01536x527S2dd19461x529
Hasel_1 (Krl),"Wash, Scrub",1804,M533x519S1f709467x483S1f721491x482S21100476x495S26c07513x501
Hasel_2 (Krl),Wash Yourself (Krl),1805,M561x534S14c02494x467S14c0a471x491S2e500538x470S2e518440x498S21100520x491S21100476x520
haski,husky,900,M565x594S2ff00482x483S11520520x471S22120534x473S1f758474x579S1ea10526x529S2890e504x560S2890e503x578S22e05546x548
Hass_1 (Mtw),Lettuce_1 (Mtw),1723,M519x515S18118481x486S18110507x485S20500496x496
Hass_2 (Krl),Lettuce_2 (Krl),1724,M528x515S18118473x485S18110516x486S20600489x487
Hawh,Peaches,54,M555x530S17a40507x477S17a48473x477S20500495x487S17e30507x515S17e38469x514S20500494x506S2a208532x472S2a210445x471
Haxix,Vegatables,55,M526x576S18110499x437S18118482x486S20500491x424S21600513x450S21100508x462S18118482x438S17110493x492S18118482x525S22e12474x559S18110499x525S22e06501x559S22100514x499
Haxix_1 (Alx),Vegetables_1 (Alx),1725,M531x558S18110502x443S18118479x444S20500491x453S1f710502x498S1f718470x497S20500491x501S15017504x530S1501f470x529S20500496x532
Haxix_1 (grass) (Lrn),Grass_1 (Lrn),1747,M534x525S15a56492x513S14c30509x491S22510512x476S26602466x495
Haxix_2 (Mtw),Vegetable_2 (Mtw),1726,M532x545S18110501x455S18118478x456S20500490x465S15017505x517S20500495x524S1501f469x517S22100468x486S22100512x485
Ħazin,Bad/Wrong,785,M527x554S26500513x539S19210487x535S30c00482x483
Hazna_1 (Lrn),,2328,M545x518S20600507x472S18551492x402S22f04483x448S18548468x411S18510520x487S2ff00482x483S21310481x427
Hazzez (Lrn),,1938,M524x579S14c09472x552S21100466x536S35000482x483S1f740492x535S27e07502x563
Ħdax,Eleven,2679,M521x516S10020506x485S10028479x486
hdejn,near,942,M529x516S10050514x486S10058472x485S20500495x493
Hdejn/Vicin/Qrib,Near,405,M537x539S10050522x462S10058463x462S26602503x498S26616468x498S20500495x479S2fb04493x533
Head DownSide-DownSide-DownSide,,1101,M588x576S30105412x426S30105416x477S30105417x530S30103552x424S30103550x475S30103548x528
Head DownSide-DownSide-DownSide,,58,M588x576S30105412x426S30105416x477S30105417x530S30103552x424S30103550x475S30103548x528
Head Neutral-Neutral-Up,,1099,M519x566S2ff00481x433S2ff00483x478S30100481x520
Head of Political Loran,Kap Politka Loran,1300,M527x559S36d00479x442S20600448x441S10e01469x442S10102490x506S1010a454x493S23100501x534S23118450x517S2fc04478x548
Head of School Loran,Kap Skola Loran,1301,M522x562S36d00479x439S20600448x438S10e01469x439S15302493x503S1530a448x503S20f00491x527S20f00446x526S22f04497x547S22f14448x548
Head Up-Up-Down,,1097,M518x576S30100481x424S30104482x530S30100482x476
Head Up-Up-Up,,1098,M520x577S30100480x423S30100483x477S30100484x531
Head Up-Up-Up (2),,1100,M520x578S30100480x422S30100482x479S30100484x532
Hedgehog,,1072,M526x518S15a1a492x506S14420504x483S20500474x506
Helu,Sweet,56,M606x604S30004482x482S15d01501x521S20500488x520S26606529x519S18536591x579S21200568x576
Helu_1 (Alx),Sweets_1 (Alx),1727,M539x558S14402471x524S34500482x483S22100484x551S26606509x528
Helu_2 (Lrn),"Sweet_2 (Lrn), Sweets",1730,M548x563S31a00482x483S10011506x506S21100521x500S2e100525x534
Hema (Lrn),,1937,M644x595S30005482x483S20500528x499S10a10521x514S15040595x499S15048558x498S15a30611x568S15a30632x568S26620619x548
Hemm (Loran),Have (Loran),1455,M549x574S30104482x477S15430532x512S22100514x520S22b04533x544
Hen,Tigiega,1073,M550x520S3760a519x481S37602462x481S20319476x481S20311505x481S22f03529x485S22f15450x488
Hi,,13,
Hi,Her,2769,M631x570S2ff00482x483S10020521x493S20e00517x476S22a04521x530S20320588x555S26607609x528
Hi,Her,2770,M631x570S2ff00482x483S10020521x493S20e00517x476S22a04521x530S20320588x555S26607609x528
Highlight (Lrn),,2303,M584x563S1d440513x438S1d448457x455S23504547x462S23514416x476S18010539x520S18018489x522S22b20523x533
Hija,My brother,200,M537x539S1fb10389x482S1fb18371x474S23100408x486S23110342x474S20f00374x507S2fc04380x528S20302490x493S37806505x500S20500493x511S36d00479x462
Hija (Hi),She,282,M521x596S10041458x566S26501443x564S36d00479x536S34a00479x482
Hike (Lrn),,2196,M556x538S36d21478x462S36d23480x496S17600529x520S17601465x522S20e00544x508S20e00451x507
Hin (Lrn),,2245,M535x524S10a12499x477S14c1a504x501S20600465x498
Hippopotamus,,1074,M553x594S15030523x529S15058498x506S33b00482x483S22b04537x563S22b04519x564
Hjar,Cucumber,57,M583x564S16d50471x436S16d58450x436S26606494x438S26612416x437S20500465x457S15d39523x507S15d31549x495S21400568x520S26703526x524S3790b488x525
Hjara (2),Cucumber (2),476,M559x552S16c50503x448S16c58477x448S26606529x452S26612440x453S16c58443x496S15d40530x490S26702493x536S23400496x519S2f900446x522S2fb04493x482
hmar,donkey,901,M551x518S2ff00482x483S20500515x479S20500473x482S15d28449x473S15d20532x475
Ħmistax,Fifteen,2683,M525x516S10020475x486S14c20502x484
Hobz,Bread,60,M555x525S16c40514x476S16c48463x476S22a04541x482S22a14445x482S2f700543x501S2f700445x499S2fb04489x519
hobz,,791,
HOBZ/A,,580,M523x525S15448478x474S15440508x474S22a04510x510S22a14481x509
Holiday (Lrn),,2193,M533x546S36d00479x455S14c12502x488S20500512x475S20500475x475S14c1a465x488S22522507x514S22526481x514
Holom_1 (Krl),Dream_1 (Krl),1806,M585x518S2ff00482x483S14c20525x476S29309553x468
Homepage (Lrn),,2079,M564x600S19a42502x528S15a48486x558S22c04506x558S2ff00482x483S18210524x485S26500550x484
Hondoq Bay,,1198,M541x517S15a57459x494S11531483x484S2d809507x485
Honey_1 (Lrn),Ghasel_1 (Lrn),1751,M557x583S11502520x525S15a37487x560S28d0e489x537S33b00482x483S1d410528x464S2a009528x491
Hot (Lrn),,2250,M529x540S14c1a472x517S1db11492x496S20500479x502S29a07503x461
Hot chocolate,Hot chocolate,61,M591x548S30004440x482S15d01431x525S26606459x522S30005524x483S15d10555x512S2ea00576x507S21100565x488
Hot Chocolate_1 (Alx),,1769,M549x559S21100523x488S2ea00534x507S15d10513x512S30005482x483S15d48391x531S1c540429x531S20e00414x542S22c07421x505S2f700422x506
Hot Chocolate_2 (Krl),,1768,M591x539S30004440x482S15002416x509S26606454x516S30005524x483S15d10555x512S2ea00576x507S21100565x488
Hotmail (Lrn),,2096,M633x568S14c01525x491S2ff00482x483S27203519x522S15a50620x493S26500619x533S14a20617x553
Hour (Lrn),,2234,M532x537S14c1a501x514S37806469x523S1d452485x484S2e702488x463
Housewife (Loran),,1366,M573x562S2ff00478x483S1f710539x494S20600517x492S36d00480x549S18210529x542S26500559x547
Housewife 1 (Loran),,1367,M561x607S2ff00482x458S1f710541x470S20600519x473S2ff00482x508S18210513x516S26500540x517S1d451504x562S14c5a477x583S20500488x567
HSIEB,,1212,M547x545S30100482x477S10a10530x488S2ea00532x520
Hu,Brother,170,M547x530S1fb10502x479S1fb18484x470S23100521x481S23110453x472S20f00487x503S2fd04488x524
Hu composition simple,,302,
Hu Hsieb,Stay Safe,2379,M539x551S15d20514x402S15d28474x403S25604522x436S25614470x436S2ff00482x483S20500493x540S18210516x489S18248481x533S22b03514x516
HU HSIEB 1,TAKE CARE OF,98,M535x563S16f11511x476S16f49470x537S30100482x477S25703502x514S20500495x552
HU HSIEB 2,TAKE CARE OF 2,99,M547x563S20500495x552S17f18478x532S30100482x477S25703502x514S17f11520x494
HU-composition detail,,301,
Huma,They,287,M521x596S33b00480x482S36d00479x532S26f01425x566S10041460x564
Hungary,,1128,M518x591S30004482x483S25704490x549S1ea10487x519
Hunter Loran,Kaccatur Loran,1302,M533x538S1ea38468x463S1dc40498x472S21800515x473S26626475x508S26622469x522
Hurricane (Lrn),,2244,M516x551S10000494x449S2eb02484x489S22c04493x509
Husky,,1075,M543x568S2ff00482x483S11520520x468S1ce18448x502S1ce10483x516S24612426x537S2460a504x544
hut,,790,
huta,fish,902,M520x523S15d02493x477S22122480x480S26602486x507
huta ras martell,hammerhead shark,903,M569x581S15d02493x448S22122484x450S26502465x455S2ff00482x483S17b18456x489S17b10528x488S22102522x496S22106472x497S26512435x496S26506554x495S1ea50485x536S23004486x563
huta ras martell 2,hammerhead shark 2,1257,M588x585S2ff00482x483S15d1f529x489S15d17449x490S22100520x500S22100468x501S26616558x501S26602409x502S1ea20484x536S23004485x567
Huwa (Hu),He,284,M521x584S10041448x554S26501432x553S36d00479x525S34500484x482
HVAC (Loran),Airconditioning Technician,1368,M573x533S1d448470x375S1d440505x377S2a400512x412S2a410466x408S2fc04494x451S2ff00482x483S14c54524x496S14c5c454x497S22510551x520S22510428x515S26c00531x475S26c10453x476
Hwejjeg,Clothes,264,M536x545S36d00479x456S14c02505x473S14c0a463x473S22f04508x516S22f14465x516S20f00508x499S20f00464x499S2fb04493x539
I,,1014,M510x509S19220489x490
ibbilancja (1),to balance (1),616,M554x622S2ff00482x483S15d30528x551S15d38461x550S23600515x587S23610454x588S2fc04496x611
ibbilancja (2),to balance (2),636,M599x612S2ff00482x483S15a58503x542S15a58487x542S26606522x553S26612452x553S15d57567x550S15d5f417x553S23600560x578S23610413x584S2fc04495x601
ibboksja,,683,M549x575S2ff00482x483S20310513x529S20318475x542S2eb00534x518S2eb18456x534S2fb04496x569
ibbraxxja (1),,688,M575x518S22f05554x463S20f00510x473S20311534x480S23005545x490S30007482x483
ibbraxxja (2),,689,M539x532S37905462x510S37900462x472S37916462x468S20312482x498S20f00465x520S23006500x491S22f06525x490
ibbrejkja,,690,M596x536S20310457x464S20314412x469S23100452x489S23110405x493S2fc04436x525S20314534x470S20320577x476S26a00569x497
ibbumbardja,,691,M541x539S19a52515x461S26602511x495S10023480x492S22f13459x518
iċċajta,to joke,708,M556x540S36d00479x460S14c58479x509S14c50504x494S26a00529x505S20f00530x523
iċċalingja,challange,697,M557x554S36d00479x447S10002510x479S1000a458x479S26a02522x506S26a16459x506S22b04541x507S22b14438x508S2fb04489x548
iċċattja,chatting,696,M607x571S2ff00415x483S10001436x521S10009407x528S26c00463x533S26c10377x543S2ff00550x483S14c50583x539S14c30533x540S22500532x523S22500543x523S22500580x523S22500591x523
iċċekja,to check,704,M535x603S2ff00482x483S20500501x493S10010495x505S22b04495x539S19a42492x575S2a530516x569
iċċirkula,to circulate,707,M593x522S15d48408x483S1ea32444x485S2ea00470x479S17d18540x483S15d50542x495S26a00566x504
Iceland,,1130,M534x564S1ce40439x504S1f502491x521S30004482x483S20600512x518S22f04487x550S22a04444x538
ICloud (Lrn),,2078,M557x536S19220444x464S14c20501x493S29806513x523
ID Pulizija_1,ID card,2455,M532x541S37808480x509S10e02502x522S20600471x520S19210468x467S10110497x459
Id_1 (Em),Hand_1 (Em),1578,M522x520S10002492x505S14c08479x489S20500504x481
Id_Miksura_1 (Em),Broken_Hand_1 (Em),1579,M532x557S20500492x444S15d02479x461S15d08469x456S20500502x446S1f750503x508S1f758479x504S2a208509x529S2a210475x524
Id-disa',Ninth,312,M544x537S18e02457x463S18210483x500S22c04513x495S26f06530x495
Id-disgħa,Ninth,2689,M513x531S18e40493x470S2a200488x503
Iddum,,557,M522x604S2ff00482x482S20357501x552S3790b471x565
IDEA,IDEA,113,L586x523S22a07557x509S20500520x490S1eb10530x496S1ee17561x473S30100482x477
IDEA 2,IDEA 2,114,M590x523S22a07557x509S20500520x490S1eb10530x496S30100482x477S1dc27567x474
Idea_1 (Lrn),,2564,M554x518S2ff00482x483S19210516x492S22b07530x468
Idejn,Hands,383,M533x560S15d01500x505S15d09474x440S16d47513x462S16d4f466x540S20a02493x456S20a02487x526
Idejn,Hands,397,M562x529S14c09438x470S14c01536x473S16d17462x509S16d1f506x509S20700526x497S20700446x498
Idejn_1 (Krl),Hands_1 (Krl),1580,M524x545S15d00505x517S15d08478x455S18548476x530S18540496x470S20800500x457S20800491x516
ikel,food,62,M540x539S30004482x482S17700489x524S26a00513x525
Ikla ta' Nofsinhar_1 (Lrn),"Lunch, Midday Lunch, Midday Snack",2566,M537x530S10020421x422S10e20459x421S2e500461x455S2e511419x457S2fc04442x484S33b00482x483S18500513x511S20500500x519
Il-Gimgha,Friday,332,M551x529S1f901531x476S22c03496x496S36d00479x472
Il-Ġimgħa,Friday,732,M533x539S36d00479x461S28a03477x485S1f902518x481S1f904475x524
Il-Gimgha (2),Friday (2),860,M531x525S20337487x504S20351487x490S21100470x498S27109504x476
Il-Gimgha li gej,Next Friday,329,M571x517S1f902533x494S2b700552x483S36d00479x501
Il-Ġimgħa li ġej,Next Friday,859,M558x532S36d00479x469S2b700539x506S1f902518x509
Il-Gimgha li gej (2),Next Friday (2),328,M568x529S20337409x499S20351409x487S21100393x494S10a20524x503S36d00479x475S2b700549x500S27109421x472
Il-Gimgha li ghadda,Last Friday,331,M570x520S1f902535x481S36f00473x491S2b804551x487
Il-Gimgha li Ghadda1,Last Friday1,330,M573x546S20337466x481S20351497x453S21100487x472S36f00473x520S10a00534x513S2b804554x513
Il-Ġimgħa li għaddiet (2),Last Friday (2),861,M555x536S20337401x515S20351401x499S21100382x507S27109414x484S36d00479x467S2b704526x465S10a00540x487
Il-Gimgha1,Friday1,327,M526x524S20337474x503S20351505x475S21100495x493
Il-Hadd,Sunday,346,M540x536S36d00479x464S22d03466x499S10001519x488
Il-Ħadd,Sunday,727,M531x538S36d00479x463S10000516x481S28a03477x487S10002463x523
Il-Hadd 1,Sunday 1,340,M540x575S20500530x521S2ff00482x482S20500496x485S15d02508x478S22d04493x512S26806477x520S20500496x564S20500461x522
Il-Hadd li gej,Next Sunday,343,M566x522S36d00479x482S10020532x492S2b700547x478
Il-Hadd li Gej 1,Next Sunday,341,M549x642S2b700530x595S2ff00478x482S20500492x486S15d02503x483S22d04488x511S26806474x532S20500493x566S20500458x533S36d00479x603S20500527x532S10020528x612
Il-Hadd li ghadda,Last Sunday,345,M556x521S10000541x491S2b704528x480S36f00473x481
Il-Hadd li ghadda 1,,372,M552x634S2b705525x593S2ff00478x482S20500492x486S15d02503x483S22d04488x511S26806474x532S20500493x566S20500458x533S36d00479x603S20500527x532S10000537x604
Il-Hames,Fifth,313,M511x528S14c20488x471S2df04489x507
Il-hames,,2750,M512x535S14c20489x465S2a603489x512
Il-Hamis,Thrusday,349,M551x537S36d00479x464S14c01525x479S22d03477x500
Il-Ħamis,Thursday,731,M540x541S36d00479x460S28a03477x484S14c00517x473S14c02474x518
Il-Hamis li Gej,Next Thrusday,347,M556x534S14c20516x503S36d00479x466S2b700537x481
Il-Hamis li ghadda,Last Thrusday,348,M564x527S14c00527x496S36f00473x476S2b704550x474
Il-hdax,,2752,M533x531S10020472x469S10028516x469S2a603468x507S2a621516x508
IL-MADONNA,HOLY MARY,1002,M534x544S30104482x477S15a18466x490S15a10522x491S2880d509x522S28815471x522S20500496x533
IL-MADONNA,OUR LADY,10,M534x544S30104482x477S15a18466x490S15a10522x491S2880d509x522S28815471x522S20500496x533
iljunfant,elephant,913,M521x560S33100482x483S16d10504x499S2c700492x531
iljunfant 2,elephant 2,1250,M570x559S33100482x483S16d10525x494S29b04546x520S2df00549x491
Ilma_1 (Mtw),Water_1 (Mtw),1770,M523x526S12820478x474S26b05495x498
Ilma_bil-Gass_1 (Lrn),"Sparkling Water_1 (Lrn), Fizzy_Water_1 (Lrn)",1731,M526x591S11e23405x522S22305394x546S22a03381x561S33c00482x483S15436500x551S1543e463x532S22120461x519S22120503x540S23100500x574S23110458x554S2fc04478x579
Ilsien,Tounge,384,M539x552S35c00482x482S10001518x522S20500502x496
ILU,LONG AGO,1,M548x531S30100482x477S15a00528x480S23004523x513
Ilu Ftit (Lrn),,2261,M558x545S15d01499x497S2da09531x518S1f010442x456
ILU HAFNA,,1175,M568x584S30a00481x482S22800494x468S36d00479x522S18100556x504S18108525x504S2ea0c550x541S2ea1c525x539S2fc04539x573
Ilu hafna (Lrn),,2262,M566x531S15d01507x483S2da09539x504S15616443x480S22140435x469
Imbaghad/wara,after,406,M522x522S10141479x494S2b707497x479
Imma,But,2782,M552x519S10021506x496S10029468x498S20500497x481S28912448x485S2890a523x481
Imma,But,407,M585x532S10021502x479S10029467x479S2d610439x468S2d608531x469S10020570x472S10028415x473S2fb04488x526
Immigrant_1 (Lrn),,2336,M538x540S14c50454x505S14c59410x494S22510454x491S22517427x481S36d00479x460S26727489x482S22b24522x494S2f900525x535
Imnieher,Nose,385,M545x533S33100482x482S20500503x494S10001524x503
Impjegati_1 (Lrn),"Worker_1, Employee",2334,M537x555S1f740496x505S1f748484x540S20600487x522S15d50463x445S22f04492x465S26706495x450
Importa (Lrn),,1936,M512x549S14c00489x452S26604491x489S20302491x534
Importanti,Important,780,M529x521S1f540514x496S2b720491x480S1f548471x497
Importanti_1 (Em),Important_1 (Em),1581,M534x583S1f540519x557S1f548472x559S30a00482x483S2b800510x525S2b841474x528
Inbid_1 (Lrn),Wine_1 (Lrn),1732,M538x525S20303463x504S11003482x480S22b07514x475
Inbox (Lrn),,2097,M523x536S16c48477x492S26604483x504S18201498x464S26604499x506
Independence Day (Lrn),,2197,M579x548S19300465x465S19308442x465S20500456x453S2d610421x457S2d608478x455S10002549x488S22c04563x506
India,,1131,M542x518S30000482x483S1f740522x485S20500495x470S25500520x454
Indirizz,Address,2781,M612x585S2ff00482x483S10011517x492S20500513x477S2d508538x491S15a40600x558S15a48566x558S26720581x536
Infermiera_2 (Em),Nurse_2 (Em),1582,M541x516S37800465x484S10002511x499S21100459x493S23304475x489
Infetta jew Infezzjoni_1 (Lrn),"Infected, Infection",2333,M521x524S19220500x476S2e500479x497
Informazzjoni_1,Information_1,2456,M533x523S15d39468x492S19240493x477S20f00479x502S26a03512x502
Ingliz_1 (Lrn),"English, England, Ingilterra",2567,M518x546S2ff00482x483S1dc01484x516S20500495x506
Ingravata,Tie,265,M529x553S36d00480x447S1ee06490x514S36d00478x549S1f000483x462S22b04513x474S21100496x481
Inhaler_1 (Em),Inhaler_1 (Em),1583,M518x520S2ff00482x483S10a00494x494S21800461x493
Injam,Wood,2513,M527x528S15d02490x488S1f708486x472S37800497x488S21100474x498S23100501x511
Injezzjoni_1 (Em),Injection_1 (Em),1584,M526x526S37800475x475S11e13489x474S22103488x501S20500479x482S2f804488x515
Insalata_1 (Krl),Salad,1771,M545x524S11802517x476S1180a455x477S2e508522x495S2e510458x497
insett itir,flying insect,904,M554x518S2ff00482x483S1d417529x482S2e500506x452
Insomma,Not bad/So so,772,M523x516S14c50477x484S2e230504x484
Insurance_1,,2457,M538x520S19200475x481S20500463x486S20500528x483S26606487x504
Interessanti_1 (Lrn),"Interesting, Stimulating",2568,M544x618S30a00482x483S1c502505x525S1c50a464x545S23100518x561S23110463x579S21100522x587S21100470x604S2fc04491x600
Interessi_1,"Interests, Interest Rates",2458,M548x546S15d39452x484S20b00469x473S1f741480x454S1d410501x491S22f07527x502S22b03495x522
Internal Hard Drive (Lrn),,2098,M607x537S17d48394x515S15a04410x464S16c40518x497S16c48486x498S21300405x492S22a04431x469S26506526x522S26512482x523S1f701568x486S26500593x498
Internet (Lrn),,2075,M528x537S19208473x465S19200504x464S37800481x484S22c04512x486S21100492x523
Internet_Banking_1,,2459,M531x573S1f741510x521S19200507x427S37800484x447S22c04515x449S21100495x486S15d39478x550S20b00500x539S1f708470x433
Interpreter Loran,Interpretu Loran,1303,M519x533S15d39482x479S15d40500x468S2a400494x497
Inti,You,288,M519x515S10040481x485S26600503x485
Intom,You (Prural),291,M535x517S10040466x487S26706493x484S22f04495x499
Intom,You,2772,M529x508S20320471x493S2da04489x496
Introduzzjoni_1 (Lrn),Introduction,2569,M526x525S15d56475x486S19210505x506S2b700496x476S21100487x508
Investiment_1,Investment_1,2460,M522x560S1f217501x461S21301478x440S17d48481x527S18552503x510S21100499x546
Investiment_2,Investment_2,2461,M530x561S1f217494x460S21301471x439S15d39486x538S1f217491x516S26620514x518
Ipoteka_1,"Mortgage, Loan tad-Dar, House Loan, Home Loan",2462,M575x554S15d39464x484S1dc02477x457S22111468x446S22f03499x488S20603475x492S36d00479x548S18210531x538S26500561x539
ippopotamu,hippo,914,M568x551S1501f488x496S15011506x472S22b03531x450S22b13457x521S22b07544x464S22b17470x527S15d50432x451S29c06461x459
Iqum_Bil_Lejl_1,Insomnia_1,1585,M575x612S1eb18474x494S22a11453x496S21b00524x482S21b00473x483S1dc20551x465S1dc28435x465S2ff00482x483S22a07538x497S1eb10504x494S15d00514x533S15d08470x533S37800481x560S37800519x560S22c03483x579S22c15489x577
Ir-raba',Fourth,2686,M513x532S14420491x468S2a200487x504
Ir-raba',Fourth,314,M512x526S2df04487x505S14420490x473
Ireland,,1132,M569x532S30007482x483S15a11520x487S21100513x470S2e135541x512S37703543x509
Iron Straight (Lrn),,2300,M568x557S17c11508x472S30007482x483S25804526x495S18511541x538
Is-seba',Seventh,315,M524x559S1dc02476x440S18210481x495S22c04490x517S26f06510x515
Is-sebgħa,,2701,M518x532S1dc26488x468S2a204482x504
Is-Sibt,Saturday,354,M549x546S36d00479x455S1dc01526x476S28a03486x487S1dc02475x522
Is-Sibt,Saturday,733,M546x542S36d00479x459S28a03477x483S1dc02516x476S1dc03480x519
Is-Sibt li Gej,,1564,M557x528S36d00479x515S1dc02527x504S2b800518x472
Is-Sibt li gej,Next Saturday,350,M560x521S1dc02512x497S2b700541x479S36d00479x482
Is-Sibt li Ghadda,,1563,M568x527S36d00479x514S1dc02538x503S2b804524x474
Is-Sibt li ghadda,Last Saturday,351,M584x517S1dc02533x493S2b704570x483S36d00479x510
Is-sitt,,2699,M512x528S1f926491x472S2a208489x500
Is-sitt,Sixth,316,M522x556S1f902486x444S18210478x492S26f06508x513S22c04490x514
Isem,Name,768,M580x518S30007482x483S10001520x487S20500514x474S2a205537x478S10020565x450
Isfar,Yellow,247,M563x531S15011535x474S22104526x494S2ff00482x482S2df00537x510
Isfar 2,,256,M569x521S15011530x473S22104521x493S2ff00482x482S2df00548x500
Isla,,987,M568x523S36a00482x477S17912523x496S19210526x461S37806536x499
Israel,,1133,M546x582S30004482x483S1571e491x524S22100519x518S22100534x520S22b04494x552S22b04510x552
Issa,Now,2788,M529x518S10a40471x482S23504492x500
Istess/xorta,Same,408,M525x557S10050509x461S10058475x461S27102510x498S2711a475x498S20600487x443S2fb04492x551
Istress Hin,Same time,2780,M566x558S10050462x466S10058435x468S10051536x537S15a57543x511S20500519x535S20600445x443
Iswed,Black,245,M560x529S36a00482x477S1fa10526x508S21100510x508S26600544x499
IT (Loran),,1369,M563x581S1f710500x420S1f718493x460S20600500x441S10021506x497S10029467x496S2880b543x502S28813438x504S14c50507x550S14c58470x550S22510512x534S22510472x538
it tnejn li huma,dual pronoun,1034,M564x534S10e36534x467S27106534x494S36d00479x490
It-Tielet,Thirth,317,M510x527S2df04489x506S18620491x472
It-tielet,Third,2685,M512x533S18620493x468S2a200489x505
It-Tieni,Second,318,M510x527S10e20491x473S2df04489x506
It-tieni,,2698,M512x532S10e20495x468S2a208489x504
It-Tlieta,Tuesday,358,M546x547S36d00479x454S18601520x469S28a03485x491S18602469x529
It-Tlieta,Tuesday,729,M530x537S36d00479x463S28a03477x487S18c00515x482S18c02466x522
It-Tlieta li gej,Next Tuesday,355,M566x530S18620528x500S36d00479x476S2b700547x471
It-Tlieta li ghadda,Last Tuesday,357,M563x531S36f00473x470S2b704549x476S18600526x501
It-Tmien,Eighth,319,M529x559S11e02471x440S18210481x495S22c04492x517S26f06515x515
It-tmien,Eighth,2688,M517x528S11e12484x472S2a200494x500
It-Tnejn,Monday,361,M541x544S10e01516x477S36d00479x456S10e02463x529S28a03480x493
It-Tnejn,Monday,728,M534x539S36d00479x462S28a03477x486S10e00519x480S10e02467x524
It-Tnejn li gej,Next Monday,359,M571x526S36d00479x479S10e20528x496S2b700552x475
It-Tnejn li ghadda,Last Monday,360,M570x529S36f00473x472S2b704556x486S10e00527x499
ITTRA 'R',LETTER 'R',1217,M569x523S30100482x477S11a20533x487S26500555x501
Ittra_1 (Lrn),Letter_1 (Lrn),2570,M544x540S1dc20520x460S1eb10489x506S15a06456x505S24804466x512
Ittra-B,"Bugibba (V1), Rumani, Iraq",659,
ITU jew Intensive Therapy Unit_1 (Lrn),,2335,M544x515S19220456x496S11520529x485S1f210483x496
IVA,YES,3,M513x518S20320490x503S26a04486x482
J,,1015,
J,,1016,M521x523S19220500x504S2a20c478x476
JAF,,746,M557x524S2ff00482x483S10001516x494S26500543x504
JAF,KNOW,157,
Jannar,January,738,M534x540S36d00479x460S10020519x474S22b04518x510
Jeans,,269,M555x567S36d00479x433S19220375x451S2df00398x461S36d00479x483S2031c522x517S37800529x485S21100516x536S22b00539x500S2fb04492x561S21100477x537S20314463x518S37800470x486S22b10445x499
Jekk Joghgbok,Please,419,M518x581S30004482x482S20500482x518S15d00495x519S22b04493x551
Jekk/Kieku,If,409,M513x535S19a41486x466S27006495x495
Jien,,2767,M508x515S10040493x485
Jien Nghin,I help,1825,M534x564S15d37483x541S1f540492x523S10043504x436S36d00479x474S26620509x515S20500490x462
Jiena,I,293,M509x523S10044494x476S20500490x512
JINGHAQAD,JOINED,106,R561x575S20700508x548S36e11481x512S1d051538x477S1d03f442x540S22c03516x506S22c17471x542S30d00476x483S22800487x468
JINGHAQAD 2,JOINED 2,107,M579x597S20700508x548S36e11481x512S22800487x468S1d11f442x572S22c03516x506S22c17471x542S30d00476x483S1d111554x482
Jonfoh Bziezaq_1 (Krl),"Jonfoh Buzzieqa 1, Blow Bubble",1808,M546x554S17610493x511S33500476x483S17614487x521S22102536x506S22106470x542S26606516x520S26612454x525
Jonfoh_1 (Krl),"Blow, Glass Blowing",1807,M524x537S17610493x511S33500476x483S17614487x521
Jonfoq_1 (Krl),Pay_1 (Krl),1809,M543x519S1eb02476x495S27000503x485S22124457x482
Jordan,,1146,M537x518S1dc10489x448S30000482x483S20500516x467S20500527x466
Journalist Loran,Gurnalist Loran,1304,M548x598S35000482x483S1ea00499x513S26700520x505S15d39494x564S1ea50505x568S26a06534x571
K,,1017,M514x515S14010485x485
Kabord (Stv),Cupboard (Stv),1518,M555x535S10021507x369S10029471x368S2890c529x396S28914460x392S1ea20507x444S1ea28474x441S2df0c449x453S2df14534x453S1ea01512x514S33b00482x483S20500517x505
Kafe_1 (Lrn),Coffee_1 (Krl),1733,M554x550S33b00482x483S14002492x521S2c305527x521
Kalendarju_1 (Lrn),Calendar,2571,M539x531S15d0a461x478S14420478x469S23304474x505S14432508x506
Kaligrafija_1 (Lrn),"Calligraphy, Handwriting",2572,M537x520S15d3a464x480S1eb50479x501S26606507x504
Kalkara,,988,M574x518S14012544x484S2eb00526x481S2ff00482x483
Kalzetti,Socks,270,M537x536S15a57493x484S16c51512x465S3790b464x497S21400494x470S26703500x498
Kamalejont,Chameleon,1036,M566x631S33b00482x483S11e20543x454S22100534x450S26603522x489S12828476x545S12820520x566S22100500x555S22100507x579S2e700530x601S2e710480x575S2f800485x620
kamalejont,chameleon,915,M559x518S1dc28480x390S1dc20522x413S22126501x384S22122520x411S23100527x449S23110472x425S33b00482x483S1dc20535x480S26604520x487S22101534x488S20500495x503
Kamera,Camera,344,M543x518S2ff00482x483S10a10524x488S21600521x477S21600535x477S1ed18449x497
Kamra_1 (Lrn),Room,2509,M541x527S10051511x474S10059466x473S2d613460x509S2d60b517x510
Kanarin,Canary,999,M589x579S2ff00482x483S1dc20486x500S22120461x510S15717543x512S22100538x503S2a200566x519S22b04547x549
kanarin,canary,916,M550x584S33100482x483S1dc20526x487S22122522x479S15d5a505x565S10013494x539S2ea06474x568
Kancer_1 (Em),Cancer_1 (Em),1586,M558x518S2ff00482x483S16c10538x486S26706492x486S20e00511x471
Kancer_1 (Lrn),Cancer_1 (Lrn),2332,M578x518S2ff00482x483S15d02508x478S31b30489x494S26506540x483S20e00505x467S16d10561x479
kangaroo 1,kangaru 1,1259,M536x521S18258469x480S18250500x480S22f04511x504S22f14465x507
kangaroo 2,kangaru 2,1260,M536x554S18258469x446S18250500x446S22f04511x470S22f14465x473S15d0a484x518S15d03496x508S22a03512x528S21100490x540
Kangaru,Kangaroo,1084,M534x524S1815b468x479S18153504x476S22f04509x510S22f14467x510
kangaru,kangaroo,917,M534x524S18049470x478S18041507x476S22f14467x510S22f04509x510
Kannella,Brown,246,M545x538S32b10482x482S11510530x495S22a04513x523S21100519x493
Kanta_1 (Lrn),"Sing, Karaoke",1885,M545x558S33b00482x483S1f752501x508S37806513x515S2e500487x531
Kantant (Loran),Singer (Loran),1420,M601x558S33b00482x483S1f752501x508S37806513x515S2e500487x531S1ed56582x477S22b04582x512
kap,leader,762,M521x526S36d00479x489S20600474x474S10e58475x496
Kap vs Pejjep,,34,
Kappara,,989,M561x539S10004451x461S2e80e439x502S15a57515x516S28b00538x468S25540548x486
Karl,,14,
Karl1,,507,
Karotta_1 (Krl),Carrot_1 (Krl),1772,M567x522S30006482x483S20320552x506S26602517x506S20500496x504
Karozza 1 (Alx),Car 1 (Alx),1520,M551x533S1f702519x491S1f70a479x481S2fc04499x522S23600512x467S23610450x509
Karozza 2 (Stv),"Car 2 (Stv), Trakk (Stv), Truck (Stv)",1519,M569x526S1f731522x478S1f739458x475S27103542x499S27111432x500S2fc04493x509
Karta ghat-Tpingija_1,Art Paper,2574,M546x570S15d0a490x518S11500510x502S24904517x534S1d441495x431S1d448455x443S2e231519x451S2e230456x474
Karta tal-Graph_1 (Lrn),Graph Paper,2575,M545x573S14432511x548S14420481x511S23304477x547S1d441497x428S1d448456x443S2e231518x452S2e230456x475
Karta tal-Identita'_1,ID card,2463,M527x516S19210473x497S10110511x485
Karta_1 (Lrn),Paper,2573,M550x546S1d441500x455S1d448450x484S2e231523x477S2e230451x514
Kartolerija jew Stationery,,2576,M542x581S14c01501x420S14c09459x420S2ea00516x458S2ea10461x456S2fc04486x483S1f901480x532S21600508x532S1eb50477x562S26606512x563
Kastur,Beaver,990,M528x613S1851f475x518S18517508x519S33b00482x483S20300500x567S15a06488x588S37800505x581S21100515x598
kastur,beaver,918,M540x588S36500481x513S11501515x542S2ff00483x452S11500489x475S11509457x544S36520497x472S2e110475x559S2e100503x558
kastur 2,beaver 2,1258,M527x602S2ff00482x483S1ea18474x503S1ea10504x502S20300480x543S15d02478x561S37800486x558S21100457x568S23100453x585
Kaxxa (Lrn),,2029,M578x525S15a40460x498S15a48422x498S15a32551x476S15a36538x510
Kaxxier_1,Cashier_1,2464,M565x597S1f230487x427S1f238436x454S21301466x404S21303460x436S26600503x457S26604512x475S26610439x482S26614448x492S2fc04473x517S1ed47535x526S22c04549x555
Kaz_1 (Lrn),Case_1 (Lrn),2337,M525x535S14010476x465S2470a482x509
Kcina (Lrn),,2028,M557x528S12a10446x506S27000444x481S1ed10509x507S27a04528x473
Kejjel_1 (Lrn),Measure_1 (Lrn),2338,M549x551S14c00524x427S36d00483x452S22510527x410S1d447483x522S1d448446x501S26605524x529S26611423x472S35000475x483
Kejk_1 (Krl),Cake_1 (Krl),1773,M524x556S15d0a481x444S1f702501x450S2ec06484x474S15a56476x544S15402479x510S20500481x528
Kejl,Measurement,175,M555x570S14010461x431S1ce18473x507S1ce10495x499S20500497x534S22c07522x476S22c13445x537S2fb04498x559
KELB,,531,
Kelb,Dog,770,M559x518S35900482x483S11520517x460S22120537x476
kelb,dog,919,M551x518S35900482x483S11520519x466S22124529x471
KELB (Expressive),,512,
KELB (Receptive),,513,
kelb il bahar 2,shark 2,1261,M529x542S15a10510x478S28009471x459S2e100506x513
kelb il-bahar,shark,920,M535x518S15d41490x403S26d07508x429S26601472x406S33b00482x483S14c20453x453S22100457x441S26605454x489S20500495x504
kelb tal-bernard,st bernard's dog,923,M553x542S2ff00482x477S20500515x472S11520531x461S36a10490x511S15418472x517S15410513x516S26506538x517S26512448x523
kelb tal-but,chihuahua,921,M551x573S2ff00482x483S11520517x468S22124529x474S15d03494x529S26603470x551S15d0a477x538
kelb tal-kacca,hunter's hound,922,M551x587S2ff00482x483S11520518x471S22124529x475S21800509x541S1dc01507x552S1dc2f456x530S21800463x525S26625481x565
kelb tal-wulf,alsation dog,924,M571x527S33100482x483S20500510x475S11520525x457S15400532x498S22102521x505S26600555x497
Kellem lil xi Hadd_1,Speak to someone,2578,M609x587S10018486x518S33b00482x483S2fc04498x570S27114440x548S20500501x503S10010507x525S27100529x545S1ed26590x525S22b04591x557
Kellem_1 (Lrn),"Pacpac, Speak, Talk",2577,M569x581S10018486x518S33b00482x483S2fc04498x570S27114440x548S20500501x503S10010507x525S27100529x545
Kellem_1 (Lrn),,1934,M606x542S10001500x512S10000577x478S2d900568x457S20500523x504S33b00482x483
Kellem_2 (Lrn),,1935,M617x581S10018486x518S10000592x502S2d900579x484S27114440x548S20500501x503S10010507x525S27100529x545S33b00482x483S2fc04498x570
Kelma_1 (Lrn),Word,2582,M510x525S1ed26491x475S22a04493x510
Kemm?,How much?,781,M516x524S14c00488x493S22520484x476
Kesha,Cold,429,M550x654S35200482x482S2e230531x568S2e230451x566S20310534x556S20314455x552S17d10499x639S22114479x643
Kexxun (Lrn),,2027,M535x525S1f830517x476S1f838466x477S26624489x495
Kexxun_1,Drawers_1,2511,M543x528S1f730523x472S1f738457x474S26624494x498
Kiel (Lrn),"Food, Eat",1933,M530x550S18500493x525S30004482x483S20500520x513S26a04470x536
Kiesah,Cold,477,M552x547S36d00479x454S20310518x473S20318471x472S37800525x488S37800477x486S2fb04494x541S27102537x478S27116450x477S2f700521x528S2f700472x526
Kiesah (2),Cold (2),478,M585x592S36d00479x521S20310524x530S37800530x544S27100545x530S31a00482x482S2f700524x585
Kif?,How?,128,M547x603S36e00475x524S15d40503x561S15d48475x561S30c00466x487S2fb04491x597S30100497x477S2a210450x560S2a208524x560
Kikkra,Cup,479,M540x567S2ff00482x482S16d48469x547S1ce40517x504S23000515x538
Killer Whale,,1076,M531x537S18112488x414S28b02482x435S2ff00482x483S1ed10503x496S22102493x497S26504517x522S21100502x521
Kilometru,Kilometres,179,M532x523S18d50512x481S26506504x509S14010468x476
Kilwa_1 (Em),Kidney_1 (Em),1587,M561x553S1ce10536x447S1ce18446x449S2d90a518x492S2d912441x494S1ce1c525x523S1ce14453x523S20500477x530S20500513x525S36d01479x513
Kimika_1 (Lrn),Chemistry,2579,M533x543S16d40509x457S16d48470x459S2a400508x479S2a410467x486S2fc04493x532
Kines (Lrn),,1932,M547x547S23603518x480S1f701495x454S1f70a453x489S23613460x518S2fb04506x531
Kinnie,Kinnie,480,M547x542S36d00479x459S14010514x473S2e408518x509
Kirkop,,991,M560x518S14011516x464S30007482x483S2df04539x484
Kitba tas-sinjali,,2638,M591x575S30a00482x483S22800493x470S14c10517x513S2e700522x550S1eb10548x523S26506576x531
Kitchen (Loran),,1475,M595x524S1ea40414x477S27200406x505S1ed10490x487S1ed20569x488S2d708524x492
Kittieb (Loran),Author (Loran),1419,M544x568S15d39477x432S1ea50487x439S27e00521x433S15d10491x501S15d18457x502S20500479x512S2e008490x539S2e010461x537
Kiwi_1 (Lrn),,1734,M566x525S14010435x477S26500466x489S1f759500x497S17f11526x475S21100512x483S21400528x499S23004541x507
Kkonfermat_1 (Lrn),"Confirmed, Confirm",2339,M518x611S30124482x477S11e50491x535S15d39475x588S22a04501x569S20b00483x574
Kkontrollat_1 (Lrn),"Controlled, Not Spread",2340,M559x591S36a00482x477S18200503x515S20e00492x520S22a00533x510S14c57509x555S14c5f469x556S22517533x546S22511458x545S26607537x569S26611446x569
Kkonverta,To convert,1474,M550x581S15d41502x537S15d4f475x545S26906532x549S26916498x565S30104482x477
Kkoordina (Lrn),,1931,M559x530S2711b441x471S27107532x470S1ea40514x491S1ea48461x492S2fc04491x519
klamari,squid,925,M542x545S15610502x458S22122489x456S26506511x483S26606512x495S15610522x523S17b18496x517S22106513x526S26602459x525
Klassi_1 (Krl),,2580,M603x528S10051447x474S10059405x476S2d613397x505S2d60b455x507S15302577x473S1530a533x474S20f00574x495S20f00531x494S22f04578x513S22f14531x514
Klassi_2 (Lrn),,2581,M595x530S10051565x471S10059513x470S2d613513x494S2d60b569x501S15302439x470S1530a406x472S20f00441x498S20f00406x501S22f04441x516S22f14406x516
Kliem Iehor,Other words,424,M558x533S1ec46441x491S2b707533x468S10141520x482S26606464x499S22a04441x518
Klinika_1 (Lrn),"Clinic, Small Hospital",2341,M537x559S36d00480x519S18502466x526S20500477x548S20500513x547S36e00477x441S15a40525x457S15a48461x457S26506477x464S26512505x464
Knotted Hair (Lrn),,2175,M673x600S30007482x483S1d411512x464S20500501x471S12a11608x554S12a19570x555S2d900583x530S2d918584x580S26606643x557S26612535x560
koala,koala,926,M538x568S1502f462x522S15027510x484S26902501x519S26916486x552S14c10482x433S2e230485x464
koala 2,koala 2,1248,M552x569S1502f449x469S15027497x431S26902488x466S26916473x499S14c10512x506S2e230533x537S37700523x537
kobra,cobra,927,M547x535S10041504x380S2dd00457x378S15a20493x420S2ff00482x483S10019464x492S37700499x440S15a36482x463S10011517x494S2e500511x421S22a05534x521S22a13456x519
kobra 2,cobra 2,928,M540x550S10041511x450S2dd00460x451S37700509x525S18120507x499S2e500517x518
Koka,Coca Cola,371,M554x519S16d10445x482S16d10520x484S26500540x484S26500467x484S2d604482x506S2f700448x504S2f700523x509
Koka,Coke (Coca-Cola),481,M544x543S36d00479x457S16d10466x489S26500467x516S2d704483x513S16d10527x490S26500528x515S2f700468x536S2f700527x536
Kokka,Owl,1080,M522x545S2ff00485x456S1ee20496x464S22122475x461S2ff00480x510S16d10503x516S16d18479x515
Kokka,Owl,1081,M522x545S2ff00485x456S1ee20496x464S22122475x461S2ff00480x510S16d10503x516S16d18479x515
kokka,owl,929,M547x551S15d27516x417S15d2f461x419S22120523x406S22120452x405S33100481x449S10a20518x451S22e04529x484S2ff00483x516S1ed18456x522S1ed10521x521S20500490x523S20500502x522
Koktejl,Coctail,502,M570x538S2ff00482x482S16d49529x518S16d47550x496
Kollox,All,2785,M537x517S14c52463x493S2d908499x484
Kolonna_1,Column,2583,M525x535S16c40505x513S16c48476x514S22c20494x466
Komodina,Bedside Table,2512,M542x539S15a50479x367S15a50461x366S2880c497x394S28814445x394S10050495x436S10058467x437S20500482x443S2ff00482x483S15a17519x516S15a19503x504S20500519x514
Kompetizzjoni_1 (Lrn),"Competition, Challenge",2584,M533x531S11810517x470S11818468x471S26a02519x503S26a16469x504
Kompli_1 (Krl),"Kompla, Carry On, Continue",1810,M526x541S15d02492x459S15d0a475x478S2eb00511x482S2eb10484x500S2fc04502x530
Komplikazzjoni_1 (Lrn),Complication_1 (Lrn),2342,M547x523S15a18453x478S1f520486x485S2a401514x495S20602470x479
Komponiment jew Essay_1 (Lrn),"Composition, Essay, Written Piece, Assignment",2585,M527x549S14a20512x451S15d3a473x502S14c32489x486S2bb04490x513
Komposizzjoni_1,"Composition, Musical Composition, Art of Writing",2586,M541x536S16d10520x464S1d420488x502S2e500518x509S15d3a460x509
Konferenza,Conference,1498,M544x529S14028469x498S20500497x472S2df06524x490S2df1e457x487S14020501x499
Konkluzjoni_1 (Lrn),"Conclusion, End, Ending, Final, Wrap Up",2587,M546x555S16d10529x446S15a17515x488S15a1f454x490S22b03499x514S22b15469x513S20500491x544
Kont tal-Visa_1,Visa Account_1,2469,M554x576S10e20446x425S19220475x437S20320508x442S1f720534x442S1f237519x517S1f23f469x485S21303484x464S21301501x491S23100516x557S23110465x526S2fc04488x565
Kont tal-Visa_2,Visa Account_2,2470,M545x577S1ea20494x424S22e04502x452S21303469x491S1f237522x503S1f23f456x513S21301504x479S26604527x437S23100519x542S23110458x546S2fc04494x566
Kont_1,Account_1,2465,M551x569S1f207505x455S21301486x431S1ed17503x519S1ed19475x494S22b01450x470S22b15527x545
Kont_2,Account_2,2466,M551x557S1f207474x527S21301455x500S1ed17503x492S1ed19475x467S22b01450x443S22b15527x518
Konversjoni,Conversion,1473,M538x522S15d41490x478S15d4f463x486S26906520x490S26916486x506
Korrett_1 (Lrn),"Correct_1, Korezzjoni, Tajbin",2588,M529x526S1ea20471x485S23407500x474S22b04496x496
Kosova,,1147,M562x518S2a401529x488S30007482x483S1f711513x468
Kowt,Coat,271,M588x529S36d00479x471S20340573x498S2d607544x486S20332524x484S20500510x486S20500484x486S2033a466x484S2d61f439x487S20348420x500S2fb04494x523
Koxxa,Tights,395,M567x563S36d00479x438S14c05541x528S20c00513x550
Koxxa_1 (Krl),Thigh_1 (Krl),1588,M573x535S36d02479x466S14c1c550x504S20600524x512S37800518x502
Krema_Friska_1 (Lrn),Fresh_Cream_1 (Lrn),1735,M542x545S15d39459x474S15402462x455S20500467x475S15d39490x505S11541502x490S23203514x518
Ktejjeb_01 (Lrn),"Booklet, Book, Ktieb",2589,M557x542S15d10470x484S15d18446x484S2e008470x512S2e010444x513S1ed26538x458S22b04540x490
Ktieb_01 (Lrn),Book,2590,M523x528S15d40500x473S15d48477x473S2df08502x506S2df10478x507
Ktieb_1,Book_1,2675,M525x531S15d40505x469S15d48479x469S2a208502x503S2a210475x502
Kubinazzjoni,Combination,2779,M516x537S1ba10485x463S27206497x497
Kugin,Cousin,173,M562x613S14010501x555S14018467x555S27102538x558S2711a447x554S2fb04490x607S20600489x544S30000482x482S17c10523x474S22100518x484S26600546x476
Kugina,Cousin (woman),174,M559x627S14010507x566S14018473x567S27102544x570S2711a452x569S2fb04494x621S20600493x551S30005482x482S10020519x504S22b04538x516
Kugini,Cousins,181,M553x535S14010501x477S14018467x477S27102538x480S2711a447x476S2fb04490x529S20600489x466
Kugini,Cousins,214,M691x595S14010643x545S14018612x545S27102676x545S2711a593x547S2fb04635x589S20600630x535S30000453x482S17c10464x456S26600483x454S30005511x483S10020545x511S20e00551x499S22b04545x546S22104457x467
Kugini (Loran),,1478,M531x532S14050502x469S14058469x469S20b00493x500S20b00492x519
kukkuddrill,crocodile,930,M546x541S15010521x460S15012454x516S37800533x494S37806486x529S23107506x489S23117472x493
Kullhadd,Everyone,2792,M533x516S10002467x501S2da08493x485
Kultant,Sometimes,2789,M601x553S14c50480x448S14c58442x459S23600514x466S23614399x471S20500555x540S10a42575x538S15a57566x510
Kuluri,Colours,248,M511x531S14c20488x468S2e200488x499
Kuluri,Colours,773,M572x517S14c10524x484S36d00479x513S2e230553x484
Kummidjant (Loran),Comedian (Loran),1421,M571x650S33b00482x483S1e102498x510S1e10a477x528S23600508x539S23610459x557S32d30502x492S32d30488x494S10050515x585S2b700519x570S1ed56552x588S22b04551x620
Kumpass_01 (Lrn),Compass_01 (Lrn),2591,M548x517S10e52489x489S15d48453x483S20500475x498S2e008527x488
Kunjata (ta' gharus),Mother-in-law (of Fiance - man),182,M631x625S30000541x484S17c10587x486S26600607x480S22104580x498S10050573x552S10058553x545S21100563x592S27100591x562S27110506x554S2fd04556x619S30005422x480S20310460x509S20600461x493
Kunjata (ta' gharusa),Mother-in-law (of Fiance - woman),183,M631x625S30005541x484S20600461x493S30005422x480S20310460x509S10050573x552S10058553x545S21100563x592S27100591x562S27110506x554S2fd04556x619S10020580x503S22b04598x514S20e00585x491
Kunjata (ta' mara),Mother-in-law (of wife),184,M614x631S30005541x484S20600461x493S30005422x480S20310460x509S10020580x503S22b04598x514S20e00585x491S14c59548x605S1d452550x575S20800548x595
Kunjata (ta' ragel),Mother-in-law (of husband),185,M622x623S30000543x493S20600460x485S30005421x472S20310459x501S20800547x587S14c59547x597S1d452549x567S17c10584x485S22104578x496S26600606x483
Kunjatu (ta' gharus),Father-in-law (of Fiance - man),187,M631x625S30000541x484S17c10587x486S26600607x480S22104580x498S10050573x552S10058553x545S21100563x592S27100591x562S27110506x554S2fd04556x619S30005422x480S20600461x493S11510455x510
Kunjatu (ta' gharusa),Father-in-law (of Fiance - woman),188,M631x625S30005541x484S20600461x493S30005422x480S20310460x509S10050573x552S10058553x545S21100563x592S27100591x562S27110506x554S2fd04556x619S10020580x503S22b04598x514S20e00585x491
Kunjatu (ta' mara),Father-in-law (of wife),189,M614x631S30005541x484S20600461x493S30005422x480S20800548x595S10020580x503S22b04598x514S20e00585x491S14c59548x605S1d452550x575S11510454x508
Kunjatu (ta' ragel),Father-in-law (of husband),186,M622x623S30000543x493S20600460x485S30005421x472S26600606x483S20800547x587S14c59547x597S1d452549x567S17c10584x485S22104578x496S11510454x500
Kunjom,Surname,2801,M568x518S11501517x483S2ff00482x483S20500504x469S2d604539x503
Kuntratt_1,Contract_1,2467,M559x546S14011502x455S14018443x479S2e231532x478S2e230441x514
Kura tas-Sahha Primarja,First Aid,2344,M555x546S10020497x342S2df06494x383S36d00479x421S17c01507x436S17c09468x436S22105485x453S22103507x452S26500541x434S26510443x433S2ff00482x483S18210512x489S18248464x531S22b03510x510S20500486x535
Kwadru_01 (Lrn),Square,2592,M523x522S10e18482x492S10e12493x484S20500478x478
Kwarantina_1 (Lrn),Quarantine,2343,M521x529S1604f442x506S16047469x505S20500462x495S26621434x473S36d00479x471
KWIEKEB,,91,M582x523S30100482x477S30d30487x495S13f20517x471S22104523x457S22104542x456S22104559x456S26606552x472
L,,1018,M512x515S1dc20488x485
L-Ahhar,The last one,321,M550x531S19239470x493S19231506x469S20b00501x489S22b10449x501S22b04534x479
L-Erbgħa,Wednesday,730,M539x540S36d00479x460S28a03477x484S14400517x478S14402472x518
L-Erbgha li gej,Next Wednesday,364,M560x530S14420522x499S36d00479x476S2b700541x471
L-Erbgha li ghadda,Last Wednesday,366,M559x531S14400520x500S36f00473x470S2b704545x470
L-Ewwel,First,320,M511x527S10020494x472S2df04490x506
L-ewwel,,2697,M512x535S2a200489x507S10020495x465
l-ewwel,,2749,M512x534S10020497x467S2a603489x511
L-Ghaxar,Tenth,322,M541x544S10010459x456S17610494x467S18210475x503S22c04507x502S26f06527x501
l-ghaxar,,2751,M530x531S10020471x469S17620514x484S2a603470x508S2a621513x506
L-Oghla Standard (Lrn),Highest Standard,2349,M530x647S15d18466x526S18210507x552S31a00482x483S29200492x525S1f540493x583S17c10493x623S22122481x625S26500512x594
Laboratorju_01,"Laboratory, Lab",2593,M541x565S1dc20513x436S1f550510x496S1f558463x492S2e100518x523S2e110460x519S2fc04493x554
Ladybird,Nannakola,1077,M538x611S33b00482x483S10000487x511S21100508x516S26506523x523S1f719479x579S20600500x597S20500487x600S10013493x570
Laghab_1 (Krl),"Play_1 (Krl), Game, Loghoba",1811,M556x525S14c02504x476S14c0a464x476S22512500x502S22516483x503S26606526x491S26612445x493
Laham_1 (Lrn),Meat_1 (Lrn),1750,M547x532S20a03472x490S1d411491x469S26a00520x471S14c0a454x509
lampuka,dolphin fish,1249,M540x561S1ea40517x440S27002517x470S15d02508x537S22122496x539S26602460x542
Land Surveyor (Loran),,1370,M536x563S1dc50464x438S26606501x452S15a5a509x477S37806473x483S10018473x509S10e50483x504S27006506x523
Lapes tal-Kulur,Coloured Pencil,2595,M572x517S14c10524x484S36d00479x513S2e230553x484
Lapes tal-Kulur,Coloured Pencil,2596,M556x542S14c10471x459S2da08472x521S2e230498x463S1eb02444x518S26606526x461
Lapes_01 (Lrn),Pencil,2594,M533x558S1eb02469x534S35900482x483S2da08493x536
Laptop (Lrn),,2101,M525x527S15a36478x515S2a20f502x474S15a52476x498
Laqgha,Meeting,1499,M544x531S2df1e457x485S20500497x470S2df06524x488S1dc20504x501S1dc28471x499
Laringa_1 (Lrn),Orange_1 (Lrn),1736,M518x550S33b00482x483S2e500460x523S15010490x519
Lasagna,Lasagna,482,M571x535S14c39429x499S10e13438x468S2e233460x480S15d50534x501S22b00539x464S26f06557x495
Laser Printer (Lrn),,2053,M584x530S15a5a536x481S20e00533x489S15a50541x503S20e00519x489S15a5a428x497S15a50460x470S26a00557x496S26602417x475
Last (Lrn),,2242,M539x541S19248462x522S19202491x460S20500489x512S22c04523x499
Last week (Lrn),,2246,M574x556S10040426x463S15a1a476x465S37706453x471S22c06448x445S21000470x492S10b10525x517S2d609547x535
Late (Lrn),,2241,M532x522S10012469x491S15a1a505x510S2d508492x479
Latvia,,1148,M544x557S1dc10456x453S1dc05506x527S37a16496x443S2a602498x482S20500483x466
Lawyer (Loran),Avukat (Loran),1371,M510x548S1f710490x452S1ed56491x484S22b04494x518
Leader (Loran),"Mexxej (Loran), Kap",1372,M521x521S36d00479x494S1dc10449x479S20600470x510
Leave Loran,Leave Loran,1305,M521x523S1dc10461x493S36d00479x478S26606488x498
Lebanon,,1171,M542x537S11e19471x475S11e11501x476S22120520x467S22120458x464S26a06525x509S26a12470x510
Lecture (Loran),,1373,M552x519S18528458x504S18520519x501S26f00512x481S26f10448x482
lecture 1,,637,
Lesbjana_1 (Em),Lesbian_1 (Em),1589,M531x515S15d0a469x496S15d51508x485S20600481x491
Lest_1 (Krl),"Spicca_1 (Krl), Ready, Finish, Complete",1813,M531x521S15d37470x493S15d51488x498S20e00499x480S26507518x489
Lezzjoni_01 (Lrn),"Lesson, Ghallem, Teach",2598,M584x518S2ff00482x483S18520529x489S18528454x489S26a00557x486S26a10421x488
li gej,,2791,M552x542S1005e448x473S2d508466x459S18030522x486S22b04532x512
Libes_1 (Krl),"Dress Up, Put On",1960,M536x545S36d00479x456S14c02505x473S14c0a463x473S22b14468x505S2fb04493x539S22b04517x504
Librarian (Loran),,1374,M529x539S1dc40505x462S1dc48471x463S2a308505x503S2a310472x501
Libya,,1151,M545x518S30007482x483S1dc20521x469S20500504x469S20500517x472
Licenzja Tal-Karozza,Car Licence,2471,M551x556S1f702519x514S1f70a479x504S2fc04499x545S23600512x490S23610450x532S1ed17498x444S26500529x449
Liebes_1 (Krl),"Dress, Wear",1814,M536x535S36d00479x465S14c02505x482S14c0a463x482S2fb04495x528S22a04523x520S22a14467x520
Life Insurance,,2472,M538x557S19200475x518S20500463x523S20500528x520S26606487x541S1c502494x444S21100515x469S23100479x473
Ligament_1,,1590,M536x539S1dc20510x463S1dc28465x461S27106521x499S27112466x497
Lighter (Lrn),,2226,M519x535S10121491x466S24a04481x488
Ligi_01 (Lrn),Law,2601,M531x522S15d08470x485S20500492x511S20602491x483S1dc20507x478
Lija,,992,M523x534S1dc20477x467S23d0a489x507
Lilac (Vjola Car),Lilac (Light Purple),250,M595x589S31a00482x482S11501518x502S2e100555x560S14c20556x530S26700579x545S21100502x503S28806530x496
Lilac 3,,259,M562x614S31a00482x482S11501516x511S2e100520x581S14c20520x542S26704546x572S28806526x499S21100498x501
Linja Telefonika tal-Ghajnuna,Helpline,2345,M547x586S2ff00482x483S19a02527x490S15d39470x563S1f540484x543S26620462x526S20500520x498
Lithuania,,1150,M547x518S30000482x483S22b06490x458S20e00469x472S11e02517x475S22100517x470
Ljun,Lion,1085,M578x580S2ff00482x483S15010529x482S15018446x485S2490c559x485S24914419x482S15017520x534S22c03477x547S22e03503x561
Ljun(a),Lioness,1086,M544x567S22e03500x548S15017517x521S22c03474x534S2ff00482x483
Lobster,,1078,M547x554S17d10524x454S17d18456x453S22122516x447S22126482x448S15a11470x507S15a19505x506S37600487x531S22122454x504
Long Gradient (Lrn),,2301,M607x552S15a40447x524S15a48430x525S22b06469x533S22b12393x535S14c17580x448S22b03550x476
Long Hair (Lrn),,2168,M541x531S15a16459x469S15a1e514x469S22c24494x489
Loppju_1 (Em),Anesthesia_1 (Em),1591,M546x537S37800469x433S11e13483x432S22103482x459S20500473x440S30105482x477S15d17523x514S20500517x510
Loppju_2,Anesthesia_2 (Em),1592,M546x567S15d17523x544S20500517x540S30105482x507S33100482x448S15400525x457S20500504x460
Loppju_fis_Sinsla_tad_Dahar (Em),Epidural_1 (Em),1593,M558x540S20500535x505S11e13528x417S22103527x444S20500518x425S30105499x477S15d17532x517S36d00466x405S37900506x406
Lowlight (Lrn),,2302,M584x563S1d440513x438S1d448457x455S23504547x462S23514416x476S18010539x520S18018489x522S22b24523x533
LSA (Loran),,1375,M528x533S15a48473x468S1ed40502x479S2e500491x506S20e00487x477
Lsien_1 (Krl),Tongue_1 (Krl),1594,M546x546S35900482x483S20600524x500S10000504x516
LSM,,744,
lsm,,213,M534x516S1dc20465x484S20320497x500S20020519x498
LSM Alphabet,,153,
LSM Alphabet,,233,
LSM alphabet 1,,150,
LSM alphabet 1,,151,
LSM Body Group 26,,470,
LSM Body Group 27,,471,
LSM Dynamics Group 28,,472,
LSM Dynamics Group 29,,473,
LSM Face Group 21,,465,
LSM Face Group 22,,466,
LSM Face Group 23,,467,
LSM Face Group 24,,468,
LSM Face Group 25,,469,
LSM glyph set,,726,
LSM Hands Group 1,,445,
LSM Hands Group 10,,454,
LSM Hands Group 2,,446,
LSM Hands Group 3,,447,
LSM Hands Group 4,,448,
LSM Hands Group 5,,449,
LSM Hands Group 6,,450,
LSM Hands Group 7,,451,
LSM Hands Group 8,,452,
LSM Hands Group 9,,453,
LSM Move Group 11,,455,
LSM Move Group 12,,456,
LSM Move Group 13,,457,
LSM Move Group 14,,458,
LSM Move Group 15,,459,
LSM Move Group 16,,460,
LSM Move Group 17,,461,
LSM Move Group 18,,462,
LSM Move Group 19,,463,
LSM Move Group 20,,464,
Lumi,Lemon,483,M587x552S15011535x474S22104526x494S2ff00482x482S2df00566x479S22c04543x510
Luqa 1,,993,M528x534S2890e473x509S1dc20494x467S19a1f506x506
Luqa 2,,994,M536x539S2890e491x500S1dc20512x462S19a1f465x469S15a56491x527
Luxembourg,,1149,M513x534S1dc20488x466S2e230494x502
Lvant (Loran),East (Loran),1456,M545x518S37006473x483S14a20491x500S26606515x502
M,,1019,M510x512S18d20490x487
m,,795,
Ma Jinzilx Mis-Sodda_1 (Lrn),Stay in Bed,2347,M553x577S30a00482x442S15d20516x483S15d28468x480S26500525x454S26510462x457S30105483x513S15d17530x554S15d19518x545S20500519x537
Ma Qabilx_01 (Lrn),"Nuqqas ta' Ftehim, Disagreement, Disagree",2602,M538x588S36a00482x477S18200498x515S20e00482x514S22a00525x517S15d39479x565S1f750513x558S20600488x569
Mac (Lrn),,2100,M628x605S30004482x483S15002486x523S2b700519x511S15a36582x593S15a52580x576S2a20f605x558
Macedonia,,1172,M518x550S14c11476x523S30004482x483S20500494x518S22510457x511
MADONNA,HOLY LADY,9,M537x545S2ff00482x482S15a18463x486S15a10525x486S2890d510x519S28915466x520S20500496x530
MAGHMUDIJA,BAPTISM,100,M548x589S10018477x559S30100482x477S16f30516x563S28d02486x532S2a200525x519S32117490x497
MAGHMUDIJA 2,BAPTISM 2,101,M548x589S10018477x559S30100482x477S32117490x497S28d02486x532S2a200525x519S17f10521x559
Maghtab,,1270,M546x584S1d402518x475S33100482x483S20a00521x499S15d1f467x543S28a0a492x535S2a208489x556
Magician (Loran),Magika (Loran),1422,M571x534S18510483x518S18518431x519S22b01455x489S22b17465x489S15710429x470S15718493x466S1ed56552x471S22b04553x501
Magistrat (Loran),Magistrate,1376,M544x580S14c58464x533S35000482x483S1ea20520x517S22e04527x547S22b04509x539S2f900525x575
Magra_tal-kafe (Lrn),,2030,M620x592S14010477x543S30004482x483S28800495x527S14c42589x527S14c4a565x531S20712584x560
Maid Loran,Mejd Loran,1306,M552x537S1f74f446x468S1f758481x486S36d00479x464S26a25504x505S26a26538x510
Majjal_1 (Lrn),Pork_1 (Lrn),1738,M538x520S33100482x483S15300506x495S26600522x473
Maktur,Handkerchief,272,M557x547S33100482x482S15a11506x500S15a19472x502S26a00530x507S26a10444x509S2fb04493x541S20f00521x489
Malta,,646,
Maltemp,Storm,430,M595x517S10020537x447S24704569x460S2ff00482x482
Maltemp (Loran),,1490,M512x536S14c10489x465S29904495x504
Maltese Alphabet,,152,
Mama,Mother,167,M533x540S30005482x482S20310518x508S20600505x529
Mama,Mother,191,M543x524S20600521x490S20310521x509S30005482x483
mama papa,,235,
Mammogram_1 (Em),,1595,M557x538S15d52513x483S15d36515x519S36d00479x462S22a04544x487S22a10544x517
Manager (Loran),Kap Xoghol (Loran),1377,M521x519S36d00479x484S18d00468x494S20600451x481
Mandolin(a)_1 (Lrn),Mandarin_1 (Lrn),1739,M566x569S33100482x483S15300521x493S2e300543x485S15318483x544S15310530x544S22102518x549S22106500x548
Manku (Lrn),,2037,M515x527S20350486x474S2890c500x498
Mar,Go,567,M547x584S2ff00482x482S15d40506x557S2b700528x559
Mar_1 (Krl),"Go, Went, Attenda_1 (Lrn), Attend, Go to",1815,M556x529S15d40537x502S36d00479x524S2b700531x471
Mara (mizzewga),Wife,193,M562x615S30005482x482S14c59490x589S1d452493x558S20800493x577S10020524x504S22b04546x507S20e00521x490
MARI,,741,
Marja,,653,
Marsalforn,,996,M534x569S15a30514x503S26600510x537S15a30472x504S26610471x539S1ea38470x431S1ea30504x433S23000509x463S23010466x462
Marsascala,,998,M534x528S15a47453x442S15a4f364x444S22c03423x462S22c15385x463S10a00519x502S31a00482x483S20500524x486
Marsascala (Steve),Wied il-Ghajn (Steve),1382,M556x584S15a47533x528S15a4f448x537S22b03513x557S22b15468x560S20500520x492S31a00482x483S10000494x507S18d50506x446
Marsaxlokk (Loran),,1327,M533x533S1ea00473x467S1ea09467x512S37800489x488S26a04506x481
Marżu,March,740,M530x536S18c20514x472S36d00479x464S22b04514x506
Mask Hair (Lrn),,2299,M596x615S18b50447x526S30005482x483S15010530x512S15018507x531S23524559x552S17410536x579S17418518x599
Maskra_1 (Lrn),Mask,2346,M560x521S33b00482x483S1ed10506x501S1ed18467x502S28807540x497S2881f443x501
Massimu (Lrn),Maximum,2348,M518x532S15d56485x468S1f710498x517S22b00482x496S20500497x489
Mastrudaxxa Loran,Carpenter Loran,1293,M518x630S1f748469x534S1f702503x540S2c750437x532S2c750420x542S21100468x608S1f708460x582S37800472x598S15d02483x601S35000482x483
Matematika_1 (Lrn),"Mathematics, Maths",2605,M533x543S14c00510x476S14c08471x476S22510467x459S22510509x458S22b24496x513
MCAST_1 (Lrn),,2606,M559x512S18d51442x490S16d10477x489S1f720502x493S1f210529x494
Mdina,,1000,M531x546S18d50503x487S18d58480x488S2d707501x456S2d71e470x455S2a210476x517S2a208508x518
Mechanic Loran,Mekkenik Loran,1307,M543x537S1ea01512x465S1ea09457x463S2b700505x491S2b711457x491S2b734526x495S2b744470x497S2fc04490x526
Media (Lrn),,2088,M567x532S14c50543x469S14c58433x469S17650483x514S17650503x514S26607520x494S26611459x493S2f700544x525S2f700446x523S26607533x507S26611447x505
Medicina_1 (Lrn),Medicine,2350,M519x550S10a40457x452S33b00482x483S2d708479x454S1ea01491x529S22125476x528
Medium Hair (Lrn),,2167,M521x516S36d00479x491S15a12468x504S20500459x485
Mejda,Table,2516,M552x527S15a50509x475S15a50478x474S23c04529x497S23c1c448x500
Melh_Abjad_1 (Lrn),Salt_White (Lrn),1758,M534x552S16d20443x504S22f03412x513S36a00482x477S10011513x519S20e00497x522S22a03496x538
Mellieha,,1204,M522x525S2a600505x475S18d50478x500
Memorja_1 (Lrn),,2607,M546x518S18517527x491S2ff00482x483S20600504x474
Memory (Lrn),,2084,M537x535S30007482x483S18510512x486S20b00510x469S17d48414x520S18552429x466S22f04450x467S21300421x498S20b00520x455
Memory_1 (Lrn),Memorja,2165,M537x518S30007482x483S18510512x486S20b00510x469S20b00520x455
Menu Bar (Lrn),,2102,M528x550S1ed2e509x524S22c00512x479S10a20472x450S22e04481x485
Merhba,Welcome,425,M543x540S18236528x462S26604526x492S1823e457x461S26614457x490S2fb04493x534
Messenger Loran,,1308,M515x535S1f911495x477S22120485x466S2e500488x508
Messiku 3,Mexico 3,1286,M561x614S2ff00482x483S1ed40523x488S1ed48450x488S26612442x516S26606531x514S1ea01489x574S1ea1f444x552S23704515x593
Meta,When,410,M518x566S30004482x482S14c00489x535S22500489x518S22500500x519
Meta,When,783,M545x546S14c00488x515S22520513x516S30004482x483
META 01,,1229,M518x568S30100482x477S22510489x524S30004482x488S14c00489x537
META 02,,1230,M525x564S14c00492x533S30004482x482S22510490x519S20500515x517S22800496x469
META 03,,1232,M518x572S30004482x482S14c00489x541S22510490x524S20500480x515S22800495x469
META 04,,1231,M518x564S30004482x482S14c00488x533S20500473x516S22514489x519S22800493x470
META 05,,1233,M537x555S30100482x477S14c00490x524S22510515x519S20500495x508
META 06,,1234,M518x540S30104482x477S14c00486x509S22510462x513
Meta?,When?,130,M518x571S22520484x526S30300482x477S30004482x488S14c08489x540
Meteorolgu (Loran),Meteorolgist (Loran),1438,M548x559S10001507x411S10009483x410S20500503x399S2df08512x447S2df10476x444S2ff00482x483S14c10524x489S2490c529x523
Metru,Metres,176,M559x556S18d50496x445S1ce10501x506S1ce18476x506S26612440x518S26606529x521S2fb04494x550
Mexa,Walk,568,M545x523S21100455x495S15d38467x497S11850503x494S26600529x489S22500499x478S22500510x478S21400493x511
Mexa_1 (Em),Walk_1 (Em),1596,M540x516S11812513x487S22514495x503S26702460x485
Mexico,Messiku,1173,M565x527S2ff00482x483S1ed48450x488S1ed40521x489S28806543x515S2881e442x515
Mexico 2,Messiku 2,1174,M581x523S2ff00482x483S10e52514x473S2c600524x496S2c604540x492S2c600562x497
Mgarr,,1035,M550x536S18d40526x511S30005482x483S20e00512x517S26607528x479
Mgarr Xatt,,1001,M527x538S18d02502x505S18d0a474x505S20500495x527S26720493x462
Mhakka (Lrn),,2036,M545x518S1f840481x500S1f848455x502S23504508x500S20f00492x482
Mhux Hazin_1 (Lrn),Not Bad,2608,M557x569S36a00482x477S18200517x520S20e00496x520S22a00544x518S19210496x550S26500520x554
Mhux Problema,Not a Problem,2473,M572x619S30326482x468S36a30490x513S18000498x530S26500536x527S11812506x578S1181a469x577S2a405539x591S2a417434x585S20602496x588
Microwave (Lrn),,2035,M527x532S18d12500x488S15a1a487x520S21100473x500S2e802495x469
Midwife (Loran),,1378,M522x539S15a37478x516S18d52481x497S21400507x517S2b720486x461
Midwife 02 (Loran),,1423,M543x573S36d00479x427S37800477x433S10001483x451S2330a446x446S21100461x434S15a32484x503S15a36488x532S20500495x518S37806511x510S37806458x539S26622484x550S26626499x557
Mielah,Sour,484,M604x555S32000467x487S30004497x488S10001514x519S30302497x477S14c31556x525S26506538x541S2a531579x513
Mielah (Lrn),,2034,M544x541S16c21381x480S10011515x511S23503361x491S30005482x483S21100502x519S26507531x506
Miet jew Mewt_1 (Lrn),Die or Dead,2352,M529x538S15a40498x463S15a58471x501S22c04497x496S22c06487x507
mija tmienja u sebgħin,,2727,M551x517S10000449x484S1dc26481x492S12d26521x494
mija u għaxra,,2725,M547x515S10000454x485S10000490x485S17618531x499
mija u ħmistax,,2726,M539x516S10000461x485S10000493x486S15a00527x489
mija u sitta,,2724,M546x516S10020454x485S1f726531x495S17618492x500
mija u wieħed,,2723,M547x516S10020454x485S10020532x486S17618493x500
miljun,,2746,M534x528S10010466x472S18d01497x482S22b06504x512
Milkshake,Milkshake,485,M542x597S2ff00482x482S18c04523x548S22d00523x490S2ea02517x582
Mill,Miles,180,M533x542S18d50471x459S10049467x512S10041492x512S25607509x494
Millimetru,Millimetres,178,M524x521S18d50504x479S18d50475x479S26506496x507
Min Ihaddem_1 (Lrn),"Kap Xoghol, Employer",2351,M521x559S36d00479x450S20500466x453S10e01472x464S20500468x441S20340499x514S20348490x544S20600488x530
Min?,Who?,132,M551x544S30100482x477S30c00482x488S10000531x514S2ea06526x496
mina,tunnel,943,M543x527S36d00479x509S15a40531x499S28b0a479x474S15a48453x500
Mincer (Lrn),,2033,M523x555S14c20500x445S16d18478x515S17720496x519S26500499x490S21100488x541
Minflokk,,2783,M531x530S10040516x474S10048469x494S22b02473x471S22b16497x514
Minghajr_Sintomi_1 (Lrn),Without Symptoms_1 (Lrn),2353,M563x588S36a00482x477S18200505x527S20e00511x510S22a00493x529S15d02492x565S21100474x572S23600524x571
minimal pair??,phd,515,
Minimal Pairs inLSM,,307,
minimal pairs phd,,25,
Minimu_1 (Lrn),Minimum_1 (Lrn),2354,M524x535S15a56497x523S20302498x490S37700505x466S22a04477x484S20500501x507
Ministru Loran,Minister Loran,1309,M550x518S2ff00482x483S15311503x470S22b07526x478
Minkeb,Elbow,394,M537x553S37a00521x461S14c06500x530S20c00507x513S37906462x542S1f710517x447
Minkeb_1 (Em),Elbow_1 (Em),1597,M543x525S20600483x493S3760f457x476S10002513x497
Minn fejn,,2784,M576x564S14c30552x499S23102558x538S10018424x453S10a42434x436S26605466x460
Minn fejn?,From where?,127,M578x577S30e00435x490S30300528x480S21600437x543S10012434x537S26506468x539S30352442x478S30356452x474S10018423x546S20500418x532S15d30541x540S27102563x537
Minn meta?,From when?,126,M574x576S30e00425x490S30300538x478S30004512x488S14c08519x536S22520515x524S30352432x478S30356442x474S10018413x546S20500408x532S10012424x537S26506458x539S21600427x543
Minute (Lrn),,2235,M515x530S10020500x481S15a18485x485S2d500486x471S20d00487x515
Missierna,,134,
Mistoqsija,Question,124,M527x553S30004482x482S1ce0d480x520S26600511x523
mitejn,,2728,M541x516S10e20460x484S17614493x499S17614525x500
mitejn u sebgħa,,2730,M551x517S10e20450x484S17614489x501S1dc26521x490
mitejn u tnejn,,2729,M546x516S10e20455x484S10e20531x486S17618491x496
Mixer (Lrn),,2032,M586x542S16d48414x511S17640448x459S23503425x469S14c03532x472S14c09530x515S2a303504x500S2a31d557x486
Mizien (Lrn),,2031,M583x516S15a30467x485S15a30522x485S23710417x495S23708544x493
Mizuri jew Restrizzjonijiet_1 (Lrn),,2355,M539x533S18200511x468S18208463x491S2df0c518x495S2df14462x512S2fb04495x526
Mnieher,Nose,396,M545x531S33100482x482S10011524x501
Mnieher_1 (Em),Nose_1 (Em),1598,M553x521S33100482x483S20500502x498S10002523x506
Mnieher_Joqtor (Em),Runny Nose (Em),1685,M525x549S33100482x483S17e02510x503S22f04497x535
Model (Loran),Mudella (Loran),1379,M580x531S36d00479x486S27111425x505S1ce20534x471S27107553x505S1ce28444x470
Modern (Lrn),,2085,M538x525S18210515x510S18218462x510S22c20492x476
Mohh_1 (Em),Brain_1 (Em),1599,M528x519S1f710508x504S1f718472x503S20500497x506S26520495x481
Moldova,,1177,M562x518S17d00539x499S2ff00482x483S22122527x496
Monday (Lrn),,2208,M526x524S10e01501x476S28903474x497
Moniteragg_1 (Lrn),Monitoring,2358,M537x551S26c00478x449S10e12507x455S10018463x455S1f502490x491S26500508x498S19210487x532S26500512x534
Montenegro,,1178,M580x534S11821527x489S2ff00482x483S2e231553x507
Month (Lrn),,2237,M538x518S30007482x483S1d411513x463S20500498x468
More,,2664,M543x508S18510518x492S18518458x493S20600490x492
Morning (Lrn),,2215,M550x527S15a02506x514S15a06469x515S28a11450x474S28a09521x473
Morocco,Marokk,1179,M529x528S2ff00482x483S15d02499x476S15d0a482x500S20600486x470S20600507x517
Morr (Lrn),,2026,M557x562S30a00482x483S10011508x510S20500521x503S17610541x546
Mortadella_1 (Lrn),,1755,M583x557S15a56489x505S37800509x469S15a10503x444S26c02482x446S1f020518x539S1f028456x540S22122504x532S22126489x534S26606553x538S26612418x541
Mouse (Lrn),,2087,M533x537S15050468x463S29d05493x493
Mousse Hair (Lrn),,2298,M535x534S15a37466x511S10a33492x485S22b07511x467
MOUTH PAT 01,,1240,M547x545S31900482x488S1f010502x530S30100482x477S26500533x529S36520495x511
mouth pattern U,,954,M518x518S34500482x483
Mowbajl_1 (Krl),"Mobile, Cell Phone",1818,M552x549S2ff00482x483S15010527x480S2e230532x517
Mozzarella_1 (Lrn),,1756,M574x539S1de51491x463S1de59472x462S20500496x484S1553e507x518S15506461x520S22100513x504S22100472x505S26606544x523S26602426x518
MP Group 1,,655,
MP Group 10,,667,
MP Group 11,,668,
MP Group 12,,669,
MP Group 2,,656,
MP Group 3,,657,
MP Group 4,,658,
MP Group 5,,663,
MP Group 6,,664,
MP Group 9,,665,
MRI_1 (Em_,,1600,M535x528S15a1c481x472S11552505x492S26602466x501S26606481x512
Mriehel,,1145,M559x528S22c13442x489S22c05526x495S18d51505x476S18d59471x473
Msaren_1 (Em),Intestines_1 (Em),1601,M534x536S1f001504x486S36d02479x464S21100485x504S29c06479x519
Msida,,1037,M524x547S18c12494x509S15a18477x454S37900482x481S21100488x533S22b00507x475
Msielet,,273,M550x522S33000476x482S1d017522x499S20a00527x483S1d01f451x499
MSN  (Lrn),,2086,M530x546S11810515x484S11818470x488S2d500503x468S2d514471x523S21100491x499S37700514x454S37700479x521
Mtarfa Dodo,,1322,M525x529S15a18476x477S10020508x472S22e04508x511S2f300495x475
Mudella (Lrn),,2273,M546x527S18c34487x474S17644487x511S23504509x474S20600455x507
Mug (Lrn),,2025,M527x598S14c4a496x574S17410503x553S33f00482x483S28800503x526
Multiplikazzjoni_1 (Lrn),Multiplication,2612,M516x527S10011495x497S10019484x496S20500494x474
Murder (Loran),,1380,M567x555S30004482x483S1ed0f472x517S20800498x521S21800459x511S1ea20539x511S23004542x537
Murliti_1 (Em),Haemorrhoids_1 (Em),1602,M544x574S14c20496x457S14c28469x470S28800496x427S2880c516x434S28814479x505S28818457x509S2fc05514x494S26500530x557S1ce10505x544
MUSEUM (Karl),Muzew (Karl),1457,M547x544S10021503x456S10029467x456S2890c532x480S28914456x477S36d00479x512S1ce10521x514S20500508x524
Muskoli_1 (Em),Muscles_1 (Em),1603,M537x520S17c02486x489S20303516x483S37602501x481S20900463x495
Musruana_L_Hoxna_Il_1 (Em),Large Intestine_1 (Em),1604,M524x531S1f002483x502S24404491x469S21100476x479
Mustarda_1 (Lrn),Mustard_1 (Lrn),1757,M536x555S15d3a465x473S1f521498x446S22f03471x446S14c10513x496S21a34487x496S22a03508x541
Muzicista (Loran),Musician (Loran),1424,M554x535S10011508x469S10019466x467S2e100527x502S2e118458x506S26c03534x466S26c15447x466
MVT grupp 4,,654,
Mwegga_Emozzjoni_1 (Lrn),Offended Emotionally,1989,M582x524S32106497x487S1c310559x487S22106545x498S30352478x476S30c00468x489S2f700551x514
Mxarrab (Lrn),,2024,M556x539S14c30532x463S14c38445x461S16b30533x521S16b38451x520S20600532x496S20600449x499
myself,fuqi,22,
N,,1020,M511x513S11850488x486
Naddaf (Lrn),,1928,M534x530S14c09466x499S14c21485x483S20e00506x518S26607512x471
Nadif (Lrn),,2021,M531x539S14c39470x493S14c51482x477S26607509x462S21000484x524
Nadif_1 (Lrn),Clean_1 (Lrn),2356,M527x531S15d39474x489S15d51485x500S21100477x470S26607505x509
Nadur,,1038,M554x530S11950512x470S11958455x470S23604515x504S23614446x505S2fc04487x519
Naghma,Ostrich,1251,M546x635S36a00482x477S1ed02505x511S22b00518x468S11e50510x554S11e58482x569S2ea00531x588S2ea10487x610S2fc04510x615
Nahdem_1 (Krl),"I Work , Work",1819,M542x562S10043502x438S20500494x466S1f740522x517S1f748510x547S20600505x533S36d00479x482
Nahla,Bee,995,M550x547S1d410484x454S2910e452x486S29104450x453S15a56523x535S37906480x542S1f411502x506S20500491x529
Nahseb,I Think,1820,M570x519S10043502x414S20500494x442S36d00479x458S30c00483x483S10011528x489S2ea00555x486
Nanna (1),Grandmother (1),194,M543x526S33100482x482S11511504x499S20600521x489
Nanna (2),Grandmother (2),197,M562x606S30005482x482S20e00521x490S10020524x504S22b04546x507S11950524x580S22110498x589
NANNU,GRANDPA,1216,M550x604S30100482x477S33110500x501S11910525x506S20500505x500S22a04528x540S11912519x569S22f04525x590
Nannu (1),Grandfather (1),195,M547x529S33100482x482S10011505x499S20600525x497
Nannu (2),Grandfather (2),196,M539x567S30000482x482S22104482x467S17c10491x455S26600512x454S11950517x541S22110489x546
Naqas_1 (Lrn),"Lowered, Decreased",2357,M530x519S15d18471x484S18210507x482S20500493x481S20500493x508
Natural Hair (Lrn),,2176,M608x631S30007482x483S1d411512x464S20500501x471S11952581x522S22c04592x545S10000589x601
Naxxar,,1271,M531x568S33100482x483S10011508x502S20500521x487S11950492x542S22120467x546
Nazzjonalita'_1 (Lrn),Nationality,2359,M527x565S1ed26487x435S22b04510x446S10018473x488S10011491x485S26506506x483S21600500x478S15d30488x531S26c06512x538
Ndafa_1 (Lrn),Cleanliness_1,2381,M553x629S15d39480x557S15d51492x564S36e00477x523S26607514x571S30a00481x483S15d51486x602S2d909510x609
Nduna,"Induna, Notice, Realize",1822,M561x518S21b00522x470S2ff00482x483S22a07548x489S1eb10517x482
Nduna,"Induna, Notice, Realized",1821,M573x518S22a07560x500S2ff00482x483S22a07548x489S1eb10517x482S21d00518x467
Nduna_1 (Krl),"Notice, Realise, Realized",1959,M575x518S21b00524x462S2ff00482x483S1eb10517x482S23407546x479S21d00537x463
Nefaq _1 (Krl),"Spend, Spent",1823,M520x529S1eb02482x505S21b00483x472S21d00495x471S26f00480x483
Negozjant (Loran),Businessman (Loran),1425,M588x582S2fc04482x571S23500497x547S23510441x547S18152489x528S1815a447x526S13f17438x440S21301413x419S26600460x424S11520471x473S26506499x488S1ed56569x519S22b04569x552
Nehha_1 (Em),Remove_1 (Em),1605,M524x525S15a40512x475S26903504x506S26602476x485
NEMLA,ANT,980,M524x524S10050505x494S21800477x502S26500510x476
nemla,ant,931,M527x519S15d39474x481S11820484x491S22510505x486S26500509x504
Nephew (Loran),,1477,M543x556S30007482x483S11920522x479S20500508x466S15a50529x529
Neputi,,199,M524x513S22110476x496S11950502x487
Neputi (2) (tifel ta' hija),Niece (2) (son of my brother),201,M569x600S1fb10384x543S1fb18366x535S23100403x547S23110337x535S20f00369x568S2fc04375x589S20302457x544S37806470x551S20500462x564S36d00445x518S30000519x482S17c10528x456S22104521x467S26600546x450S15a51546x571S22d04551x517
Neputi (3) (tifel t'ohti),Niece (3) (son of my sister),202,M611x599S15a51588x576S22d04593x522S26600588x455S22104563x472S17c10570x461S30000561x487S20302499x549S37806512x556S20500504x569S36d00487x523S33100404x477S10610439x498S22b04439x531S20e00443x482
Neputi_2 (Lrn),Grandson_2 (Lrn),1686,M540x593S30007482x483S11950518x462S20500512x475S15a50497x542S22b04514x563
Neputija (4) (tifla ta' hija),Niece (daughter of my son),205,M585x625S1fb10400x544S1fb18382x536S23100419x548S23110353x536S20f00385x569S2fc04391x590S20302461x545S37806476x551S20500464x567S36d00448x520S30005516x482S22d04552x548S15a51546x602S10020552x503S20e00556x494S22b04569x504
Neputija (5) (tifla t'ohti),Niece (daughter of my sister),206,M624x623S20e00595x492S22b04608x502S15a51585x600S10020591x501S22d04591x546S30005555x480S20302500x543S37806515x549S20500503x565S36d00487x518S33100408x484S10610442x504S22b04442x537S20e00447x490
Neputija_1 (Lrn),Grandchild_1 (Lrn),1687,M553x593S30006482x483S11950531x485S20500521x498S15a50497x542S22b04514x563
Nervaturi_1 (Em),Nerves_1 (Em),1606,M523x537S37900478x477S14c11497x486S22515489x463S20500481x486S22b04485x507
Nervaturi_2 (Em),Nerves_2 (Em),1607,M599x532S36d00479x501S14c20558x484S22510562x469S27106584x492S11950524x477
Nesa_1 (Krl),"Forget, Forgot",1824,M563x518S2ff00482x483S15d11524x472S20500517x483S22a07550x487
Netherlands,,1158,M582x518S32b00482x483S17b10529x486S17b18455x487S22102519x496S26606552x489S22106468x497S26612418x494
Network (Lrn),,2103,M535x524S19d10506x495S19d18465x495S20600488x477
New Year (Lrn),,2195,M541x607S34700482x483S10a42495x529S20500493x517S1d442466x578S22c06499x580
New Zealand,,1157,M530x540S15a18473x470S20e00491x475S22a04509x486S15a11503x460S15a18470x513S20b00488x519S18210507x523
Next (Lrn),,2258,M519x523S10012481x508S2d606497x478
Next Week (Lrn),,2259,M543x565S10012501x465S2d606517x435S15a1a516x532S37806483x535S10040457x518S21000488x550S22c06476x510
Nfarag_1 (Em),Nose_Bleed_1 (Em),1608,M539x577S1f401507x447S33100483x447S20800487x460S14c03512x489S22a04516x472S33b00482x519S10001500x547S21100475x553S26506518x540
Nfarag_2 (Em),Nfarag_2 (Em),1609,M531x567S10001498x537S33100482x457S20800486x470S21100478x541S26506516x538S33b00482x508S1f407502x473
Nhasel_1 (Em),Shower / Wash Yourself_1 (Em),1610,M543x548S14c01501x452S14c09458x480S2e600514x486S2e618463x515
Niddeciedi (Krl),"I decide, Think True, Believe",1826,M570x580S10043502x413S20500494x441S36d00479x457S2ea00555x485S10011528x488S2ff00485x483S15d37482x557S15d41492x543S20b00475x552
Niece,,1476,M545x574S30006482x483S11920524x494S15a50533x547S20500518x478
Nifs il Barra_1 (Lrn),,2383,M567x583S15d0c467x549S15d04516x550S26c00540x557S34400481x483S2fb04494x577S26c10433x559S37210479x521
Nifs il Barra_2 (Lrn),,2384,M545x600S34400481x483S14c02503x502S14c02487x555S14c06467x577S26504531x511S37210479x524S26c20499x581
Nifs_1 (Em),Breathe_1 (Em),1611,M521x548S2ff00479x483S14c01488x494S37210479x528
Night (Lrn),,2216,M553x524S15a00541x477S15a00447x478S28a03500x495S28a1b468x495
Nigri,"I run, I Jog",1827,M558x565S2fc04501x554S20340524x510S2ea00543x504S20348474x522S2ea18457x517S36d00479x470S10043510x435S20500495x456
Nikteb_1 (Krl),"Write, Kiteb",1828,M525x525S15d39476x502S1eb50501x503S27e0b489x475
Nine,Disgha,2673,M529x517S14c08472x486S14400507x484
Nipprova,"Try, Prova",787,M529x523S1f540514x498S1f548471x499S2b720486x477
Nircievi_1 (Krl),"Receive, Get, Given",1829,M545x539S15d3a456x520S15d31522x461S26703488x484S20500467x528
Nizel_1 (Krl),"Nizel Bil-Mixi, Walk Down, Go Down",1830,M526x533S11812499x468S22513478x479S22c03474x500
Nofsinhar (Loran),South (Loran),1458,M508x533S20320492x468S22c04492x491
Nofsinhar_1 (Lrn),"Midday, Twelve o'clock",2565,M533x537S10020470x464S10e20508x463S2e500510x497S2e511468x499S2fc04491x526
Nokia (Lrn),,2110,M520x528S11950493x472S23704481x507
Norway,,1159,M535x533S11550469x468S2940a491x479S2e100465x504
Notebook_1 (Lrn),,2613,M527x567S15a18480x434S10a10511x435S20500494x436S20500494x453S20500494x468S22a04514x472S15d10500x508S15d18476x507S2a208496x538S2a210473x539
NSWE (Loran),,1450,M547x554S11950483x447S22c04491x488S22c06484x495S14a20532x497S18620454x482S20320493x539
Ntilef_1 (Krl),"Lost, Disappear, Vanish",1831,M559x535S15740525x423S15748466x426S22102514x434S22106487x432S26606526x456S26612448x458S30322482x476S14c37532x508S14c3f444x509
Nuccali tal-Vista_1 (Lrn),"Spectacles_1 (Lrn), Glasses",2614,M548x518S2ff00482x483S1ed10522x494S1ed18451x493S20500488x495S20500503x495
Nuccali tal-Vista_2 (Lrn),"Spectacles_2, Glasses_2",2615,M557x564S2ff00481x450S20500500x460S1ed10528x463S20500502x525S2ff00483x516S10e00524x534S26500543x540
Nuccali tax-Xemx_1 (Krl),,2633,M548x554S2ff00482x446S1ed10522x457S1ed18451x456S20500488x458S20500503x458S15611525x501S2ff00482x519S22a03522x528S22107511x506
Numri,Numbers,782,M516x524S14c00488x493S22520484x476
numru,,2753,M519x535S14c20486x476S22b06489x519S22134481x465
NUMRU '8',NUMBER 8,1218,M562x558S30100482x477S11e02509x535S26500548x539
Nuqqas_1 (Lrn),Ftit,2380,M535x555S30a00482x483S1ea30512x534S21b00500x533S2f700485x533
Nurse (Em),Infermiera (Em),1565,M528x518S2ff00482x483S15a02485x476S20500518x482
Nurse (Loran),Ners (Loran),1388,M528x518S2ff00482x483S15a02485x476S20500518x482
Nurse 02 (Loran),Ners 02 (Loran),1389,M521x527S36d00479x473S37800477x479S10001483x497S2330a446x492S21100461x480
Nutar (Loran),Notary (Loran),1443,M538x538S11951463x481S1ed56519x462S22c04516x496
Nxtered_1 jew Ttiehed (Lrn),"Spread, Contagious",2382,M561x576S35000482x483S14c5f472x530S14c57515x532S22511457x519S22517537x518S26607539x550S26611452x554
O,,1021,M508x508S17610492x492
o,,796,
Obda_1 (Krl),"Obey_1 (Krl), Submission",1832,M538x523S30104482x477S15d01505x496S15d09471x496S26500524x478S26510473x478S20500496x500
Obda_2 (Lrn),Obey,2385,M535x523S30104482x477S15d01509x499S15d09469x498S26507522x480S26517471x480S20500494x502S30c30490x491
Ocean,,1180,M545x515S17610455x485S2450a480x492S2450a514x497
octopus 2,qarnita 2,1254,M542x517S15711479x485S22512459x485S22c07509x484
Offline (Lrn),,2077,M563x563S19208437x438S19200468x437S37800445x457S22c04476x459S21100456x496S14c20540x473S15620542x541S22a04544x517
OHT,,47,
Oht,Sister,169,M537x556S33100482x482S10610521x494S20e00466x493S22b04521x526
Omelette_1 (Lrn),,1748,M535x565S15440499x438S15448468x436S20500487x446S22e04505x471S22e14465x470S15d37466x516S15d31489x497S21100483x511S26505512x523S21202483x528S2a401502x537
Omosesswali_1 (Em),Homosexual_1 (Em),1612,M532x524S15a37469x496S1f540478x476S2a401499x496
One,Wiehed,2665,M508x515S10000493x485
One length (Lrn),,2305,M572x543S10010428x457S18210514x528S18218483x528S22b12447x525S22b06542x526
Online (Lrn),,2076,M565x559S19208436x443S19200467x442S37800444x462S22c04475x464S21100455x501S14c20542x481S15620542x537S22a00537x519
Open-5 orientatedmg,,20,
Open-5 variation,,18,
Operazzjoni_1 (Em),Operation_1 (Em),1613,M521x538S1f710480x463S21100508x463S22d04503x488
Operazzjoni_2 (Lrn),Operation,2387,M529x522S37806472x514S1f750471x478S15a56502x510S21100487x497S26606498x481
Ophthalmologist L,Tabib tal Ghajnejn L,1311,M536x534S37706485x452S13f57513x447S20800501x440S2ff00482x483S20600490x491S10001508x504S26502491x502
Orange Juice_2 (Lrn),Gus tal-Laring _2 (Lrn),1737,M571x563S33100481x459S2a20c538x508S2e300542x458S19210550x494S15300521x459S10001518x533S20500506x522S33b00484x507
Ordni,Order,323,M536x522S18210465x478S26f06522x479S22c04497x480
ordni,,2754,M532x569S10026498x432S10e26497x459S18626497x484S14426498x513S14c26501x546S22d04468x462
Organic_Bin (Lrn),,2023,M644x572S35d00482x483S15600506x518S15212594x523S16c48593x551S22a04631x526
Organizza (Lrn),,1929,M567x528S11e50516x472S11e58461x472S27106552x480S27116433x479S2fb04493x522
Organizza (Lrn),,1930,M547x530S11e50522x500S11e58467x500S27100507x470S27114454x472
Orientation Bi,,138,
Orientation Bii,,139,
Orientation Si,,140,
Oring gus,Orange Juice,486,M577x559S33100482x482S16d10533x488S2e300554x483S19210530x527S2a20c508x531
Ors,Bear,985,M567x545S2b710442x484S15020542x514S15028434x514S34400482x483S2b700541x486
ors,bear,932,M545x529S15028455x498S15020520x498S2b710455x473S2b700518x471
ors polari,polar bear,933,M545x545S15028454x434S15020519x434S2b710454x409S2b700517x407S36a00482x477S10011524x508S20e00512x514S22a03498x531
OT (Loran),,1390,M530x559S15d39477x462S1f502488x441S26720511x445S19201504x511S19209471x511S2df04509x537S2df1c472x538S20500494x507
Out (Lrn),,2201,M513x533S26600496x467S14c41487x506
Outbox (Lrn),,2129,M523x606S15a0a493x575S15a48478x473S15a02494x425S15a0a483x444S15a40511x474S15a02487x540S2b700501x395S22a04509x510S22a14478x507S22a04498x556S22a14500x591
Output (Lrn),,2144,M552x553S2d701492x480S14c20529x448S18550475x521S17d48457x514S2d701508x494S20710448x538
Oven_glove (Lrn),,2022,M577x575S14c10449x425S14c18424x536S17410445x533S17418427x436S22a14435x458S22a04453x560S17d36562x546S17d3e529x546S26620547x514
Overdraft,,2474,M528x564S15d39472x537S1dc02485x510S22111476x499S22f03507x541S20603483x545S20340492x452S20348474x461S2d907478x436
Overhead Projector_1 (Lrn),,2616,M579x568S15617412x524S22124385x526S2e508389x541S33100447x483S36d00512x529S22a04471x534S11800484x501S18100562x511S2b704544x540S2b704565x539
Overwriting (Lrn),Overwrite,2147,M565x547S15a0a436x520S15a20467x520S2b700463x493S12911537x464S15a19518x454S20f00514x487S26a06547x489
P,,1022,M508x515S10140492x485
Paceville,,1039,M524x515S10140477x485S10e20509x485
Paceville,,1199,M526x515S1011c474x485S10e28511x485
PAGA,WAGES,109,M538x627S30100482x477S1ee40513x533S1ee48469x533S22102505x539S22106491x539S26506522x566S26512468x567S13f17505x597S21300495x575
PAGA 2,WAGES 2,111,M556x627S30100482x477S21300495x575S1dc59449x534S22102505x539S22106491x539S26506522x566S26512468x567S13f17505x597S1dc51526x532
pagg,pug,934,M546x562S2ff00483x460S20500519x460S11520531x445S33100482x505S15d02505x509S22b04500x532
Pagna_1 (Lrn),Page_1,2617,M526x532S15a18475x469S37800480x498S19a10498x475S22b04500x502
Pagna_2 (Lrn),Page_2,2618,M545x538S1d401511x481S1d409463x463S2a204522x510S2a21c455x491
Pagun,,511,
Pagun,Peacock,1083,M572x587S36a00482x477S1ed12498x517S22c00521x479S1442f461x536S14427521x534S28a14433x551S28a0c555x550
Paint_2 (Lrn),Zeba,1893,M523x533S15a40505x468S26d06504x506S22c04478x483
Painting,,2833,M529x566S15a18517x539S2ff00482x483S1150a455x532S29b04491x526
PAMA supermarket (Loran),,1461,M530x560S35300482x483S1f718468x539S1f710510x540S20602496x536
Panda,Panda Bear,1082,M566x553S2b710441x448S15020541x478S15028433x478S34400481x447S2b700540x450S2ff00483x518S16d10505x524S16d18480x525
panda,panda,935,M543x566S15028453x461S15020518x461S2b710453x436S2b700516x434S36d00479x511S10e01462x523S21100488x523S22a05485x552
panda 2,panda 2,1253,M546x518S15028456x423S15020521x423S2b710456x398S2b700519x396S36d00479x467S2ff00485x483S16d18481x489S16d10507x490
Pandemija (Lrn),Pandemic_1 (Lrn),2388,M580x566S15448476x539S15440506x541S20800494x544S32a00481x483S31a30488x489S36e00477x520S29412419x540S2940a536x544
Panel Beater (Loran),,1391,M544x534S14440488x467S26802457x504S26806474x518S27202525x473
Pantry (Lrn),,2020,M566x552S12a20492x449S12a28460x449S2d61c435x474S2d604507x476S15a50526x521S15a50511x521S23406552x512S23412478x515
Papa,Father,168,M545x538S30005482x482S20600523x495S11510516x508
Papa (2),Father (2),198,M537x531S30005482x482S20600505x520S10110521x488
PAPA / MISSIER,DADDY / FATHER,1214,M554x540S30005482x482S22800494x471S11510539x510S20600515x510
Papa L,Pope L,1314,M548x542S11e40517x473S36d00479x459S22b04520x512S22b06518x515
Pappagal,Parrot,1088,M540x537S33100482x483S10a20514x485S22e04519x519
papra,duck,1252,M552x518S33100482x483S17d20529x496S22122521x491
Parlament,(Testing),2639,M560x523S20500496x477S10140510x491S10148474x493S2d706533x479S2d71e440x478
Parquet,,2514,M572x575S15d02464x441S1f708460x425S37800471x441S21100448x451S23100475x464S10051484x501S10059449x501S2d502428x523S2d51a516x523S15a50489x543S15a50473x542S26726530x553S2e208505x543
Party (Lrn),,2204,M540x517S19a18460x484S19a10512x483S2e120488x488
Pass Pass_1 (Lrn),Step by Step,2386,M538x623S15a50472x566S15a50507x552S36e00477x520S31b00481x483S2fc04493x594S23200512x593S23210456x603S26620485x540
Passaport_1,Passport_1,2475,M537x557S15a40487x445S15a48472x443S2a208484x476S2a210463x475S15a39464x534S1f740501x529S20b00485x536S22b00521x511
Passaport_2,Passport_2,2476,M529x557S15a40495x445S15a48480x443S2a208492x476S2a210471x475S15a39472x534S1f740509x529S20b00493x536
Passatur (Lrn),,2019,M610x552S14432447x463S1443a422x465S28907480x448S2891f391x448S14535501x513S14403531x486S26603534x530S16b50593x485S14a13589x524
Passatur_tat-te (Lrn),,2018,M526x575S14432400x550S1443a371x551S28907436x530S2891f341x535S33b00482x483S1eb40495x556S28900503x526S20500516x512
Passigata (Loran),Stroll (Loran),1462,M575x564S12d04506x534S35300482x483S31b30489x491S2720a535x518S26700559x516
Password,,2477,M525x585S30004482x483S15a10495x519S20500511x522S20500515x511S1ed10469x564S26500503x570
Password (Lrn),,2125,M622x629S30004482x483S15a10495x519S20500511x522S2a201602x606S1ea40571x591S15a49542x584
Pasta_Sweet_1 (Lrn),,1752,M563x587S2ff00482x483S14c02495x500S22100499x492S26606533x504S1ce40474x532S27c07500x548S22a04484x572S22a04529x563S22a04508x569
Pastard_1 (Lrn),Cauliflower_1 (Lrn),1753,M539x548S15d58461x453S1ea40486x459S2eb00517x456S15017505x509S1501f475x510S20500498x537S22105468x502S22103530x501
Paste (Lrn),,2090,M570x554S15a18430x448S15a36531x542S15a32526x523S20500560x534S17b10446x447S18510507x454S22b06471x453
Pastizzar (Loran),,1426,M556x528S1dc51510x433S1dc59451x434S20600483x422S20600482x451S33b00482x483S18500498x513S20600466x516S26a04529x514
Patata,Bottom,393,M557x547S36d00479x454S14c1b530x521S20c00503x532
Patata (Lrn),Potato (Lrn),1754,M524x525S16d44477x484S1f540505x475S23004499x507
Patata il-Forn,Roast Potatoes,487,M577x554S2a301459x446S1e541447x467S15d38422x486S15d30558x505S15d38510x505S26600556x468S26610515x468S2fb04537x548
Patata_1 (Em),Bottom_1 (Em),1614,M536x552S14c20503x478S14c28476x491S28800503x448S2880c523x455S28814486x526S28818464x530S2fc05521x515
Pay attention,Attenzjoni jew Qaghad Attent_1 (Lrn),2530,M550x545S23014448x527S15a10528x492S15a18459x488S2ff00482x483S23004525x527S31930489x490
Pazjent_1 (Lrn),Patient,2389,M566x556S20e00492x470S30000482x483S26506537x485S15d02508x481S1ed56532x514S22b04550x526
PC (Lrn),,2072,M539x557S16d10505x452S10140479x444S15a41512x501S15a49467x499S2880c527x535S28814462x529
PDF (Lrn),,2073,M536x516S1d820519x484S10110492x485S10140464x486
PE,,2619,M530x531S1f740507x470S1f748477x471S20500498x479S23204504x491S23214471x491S2fc04492x520
PE_Kit_1 (Lrn),,2620,M530x560S1f740507x440S1f748477x441S20500498x449S23204504x461S23214471x461S2fc04492x490S1f702496x521S22f00491x546
Pembroke,,1040,M557x518S30007482x483S10111526x481S20500511x475S26600541x463
Pendrive (Lrn),,2153,M525x509S1f140496x492S22a02475x496
Pengwin,Penguin,1089,M559x520S37047471x482S15d5f440x482S15d57536x481S20500520x509S20500461x503
Pengwin 2,Pengwin 2,1282,M551x532S20500468x521S15d5f450x500S15d57528x495S20500523x521S37401480x481S37431478x469
Penis_1 (Em),,1615,M513x528S10110491x472S23004488x510
Pensjoni,,2478,M561x531S1dc21511x424S1dc29463x424S22106491x433S22102506x432S26606531x449S26612444x459S33100482x483S11800523x496S22b04500x501
Periklu_1 (Lrn),Danger,2621,M578x518S19210523x483S2ff00482x483S26c00551x485
Period_1 (Em),,1616,M518x512S21800482x492S1f902503x489
Perm (Lrn),,2297,M596x521S30007482x483S10012520x488S29806552x487S22b02552x505S20500506x471
Permissible,"Allowed, Permess, Go",2622,M531x520S10e0a472x480S10002501x485S26622470x504
Peter Pan Title,,142,
peter vicky,,670,
Pharmacy (Loran),,1427,M547x567S15d11499x433S15d19475x435S2890c532x454S28914454x455S1f020488x513S2330a501x537
Pharmacy 02 (Loran),,1428,M523x515S11508490x485S11502493x488S20500477x488
phD homonyms,,576,
phd maria,,692,
phD mouth -speech,,575,
phd verb NAF,,577,
phd verb NAF 2,,579,
phd VERBS - Aspect,,555,
Phillipines,Filippini,1181,M530x532S15a56485x520S14011499x468S2e706470x489S20500493x505
Phonology LSM,,279,
Photographical (Loran),,1429,M539x618S2ff00482x483S1ed10508x497S21800516x483S1ed18467x484S21800480x470S23104513x527S23114460x513S1ed56493x553S22b04493x588
Picnic (Lrn),,2203,M553x515S1d420524x486S1d428448x487S2b820488x487
Pieta',,1272,M536x520S37602487x481S10012506x488S20610465x487
pig 2,hanzir 2,1255,M549x552S33100482x483S15300523x491S2e100526x523
Pigment (Lrn),,2304,M574x536S1d540508x507S1d548474x491S29407537x491S2941f426x465
Pikkanti (Lrn),,2017,M576x603S34500482x483S10011502x508S20500520x505S14c11550x557S23603530x573
Pin Number,,2479,M542x582S30004482x483S15a10495x519S20500511x522S20500515x511S14c00518x551S22510520x537
Pinga_1 (Lrn),,1926,M518x539S14442482x461S29d0c497x488
Pinga_2 (Lrn),,1927,M523x536S14c09478x465S11501498x490S24805492x515
Pinzell taz-Zebgha_1 (Lrn),Paintbrush,2623,M546x564S15a18455x436S11502470x447S27200506x444S10001502x496S10009490x497S2a308506x528S2a310479x528
Pirana,Piranha,1091,M539x551S15d02425x526S26602384x531S22122416x529S36100482x483S26602472x531S22122505x527S16d10522x527
Pitazz_tat-Tpengija_1 (Lrn),"Sketch Book, Blank paged notebook",2625,M573x566S15d40495x435S15d48472x435S2df08497x468S2df10473x469S15d38478x502S15d51492x515S26500509x503S1ce1f463x537S1ce17506x542S26606543x550S26612427x549
Pizza (Lrn),,1760,M550x523S1dc51520x478S1dc59450x478S22a04537x508S22a14453x508
Pjacevoli_1 (Lrn),"Divertenti_1 (Lrn), Ecstatic, Happy",2626,M564x582S14c01517x539S14c09465x542S20f00509x570S20f00470x570S2ec00549x523S2ec18442x521S31a00482x483S33e10494x505
PJANU,,530,
PLAGG,PLUG,1219,M575x523S12820532x496S30100482x477S26500561x503
Plasterer Loran,Kahhal Loran,1312,M550x534S15d02451x506S22b00456x469S1f721528x470S1f729498x466S2e600521x501S2e610500x494
Playing a musical,,2808,M598x575S10040449x426S10048424x427S28906459x462S2890e453x480S2891e403x466S28916409x485S10041557x507S10049534x508S20500550x493S28906568x540S28906569x556S2891e516x541S2891e510x560
plumber,plumber,868,M621x552S30000482x483S17d10489x464S26600513x452S22104476x471S11e42553x487S22104553x483S22104542x502S22104555x515S1f522604x494S22b04605x522
Plumber (Loran),,1392,M544x559S1f740493x441S1f748485x477S20600492x463S1ed58466x516S1ed50504x517S26606514x540S26612456x543
Plumbing (Loran),,1430,M544x552S1ed50504x449S26612456x475S26606514x472S1ed58466x448S11e21494x496S2240c513x503S22b03520x528
Poem,,2420,
Pogga_1 (Krl),"Sit, Chair, Siggu",1833,M538x529S19a10510x472S19a18462x473S22b24493x499
Pogga_2 (Krl),"Sit_2 , Bil-Qeghda",1834,M522x523S11557479x496S11851491x478S20500483x489
Poland,,1160,M536x528S36d00479x502S18202458x473S20500464x506S20500526x508S26606488x512
Polar Bear,Ors Polari,1092,M567x610S2b710442x484S15020542x514S15028434x514S34400482x483S2b700541x486S1d428464x553S1d420511x554S2482c494x582
Police Officer,,1313,M533x542S26a06519x515S1ea50490x512S15d39479x508S36d00479x458S10e02451x480S20500435x481
Poligono_1 (Lrn),Polygon,2627,M561x530S10021503x470S10029460x472S24402528x493S2441a440x495S20500495x519
Politika jew Tattika,Politics or Tactics,2391,M553x534S10102499x466S1010a458x479S23600514x493S23610447x505S2fc04495x523
Pont (Loran),Bridge (Loran),1464,M527x518S1ed20449x499S36d00479x483S28b0a483x495
Popcorn (Lrn),,1762,M526x578S15636409x525S1563e379x513S22124412x512S22124373x498S23600410x551S23610363x535S2fc04390x567S18109476x544S33b00482x483S18501499x539S22f00493x520
Popolazzjoni (Lrn),Population,2393,M571x578S14c51500x381S14c59470x379S2a20b525x408S2a213453x411S20500497x432S10050507x531S10058473x525S35000482x483S2fc04490x567S23600532x557S23610427x550
Portugal 2,,1182,M566x526S11e51536x475S22a00536x501S20e00494x501S36d00479x484S20300511x511
Post Apposta_1 (Lrn),Specific Place,2403,M537x548S15452512x452S22a04518x471S1f709463x519S1f721482x527S20e00475x519S22b00472x488
Pour,Fill,1817,M528x512S1f520504x497S28902473x489
Power Supply,,2155,M580x532S15a0e437x481S20500420x485S1f700468x488S28810475x510S37602452x479S15d39544x497S15d31557x488S2eb02541x469
PowerPoint (Lrn),,2127,M550x533S15610534x494S28b0e487x488S28b0e465x513S14c01450x468
Powerpoint Presentation,Projector,2628,M525x522S15617503x478S22124476x480S2e508480x495
PPE,,2390,M539x516S10140461x486S10140492x485S14a20524x501
PPE jew Apparat Protettiv,Protective Equipment,2392,M562x619S33b00482x414S1ed10510x435S1ed18468x433S28807542x434S2881f444x433S1f710513x497S1f718478x486S20e00499x499S20e00501x481S2fc04493x521S23100515x521S23110465x506S2ff00483x552S15d00507x567S15d08480x569S2df1e468x595S2df06511x594
Pprepara_2 (Krl),"Ghamel Xi Haga, Do Something",1958,M538x566S11541496x434S11549463x456S2fc04504x555S14c01509x491S14c09475x502S2ea00523x523S2ea10485x531S20500484x441
Prawn,Gamblu,1093,M526x524S10a10511x476S21800484x478S24902474x505
Prepara_1 (Krl),"Sport, PE, Training, Practice, Train, Competition",1835,M545x537S1f540516x464S1f548473x466S23704506x497S23714456x496S2fc04491x526
Preparazzjoni_1 (Lrn),Preparation,2404,M538x558S1f540510x443S1f548477x442S21100496x457S23200512x478S23210471x478S3780e462x546S15d40491x531S28902467x517S20500465x538
President Loran,,1315,M536x539S36d00479x462S1d402508x475S21100501x501S22b04515x509
Pressjoni_Baxxa_1,Low_Blood_Pressure_1,1617,M530x560S17c02493x448S20900470x454S37602508x440S15d50499x496S22b04505x530
Pressjoni_Gholja_1 (Em),High_Blood_Pressure_1 (Em),1618,M535x551S17c02489x458S20900466x464S37602504x450S15d30501x525S22b00519x506
Priest Loran,Qassis Loran,1316,M524x545S36a00482x477S1ed10478x512S26606494x529
Prijorita'_1 (Lrn),Priority,2394,M563x592S30a00482x483S1f540515x529S1f548470x528S2b800528x503S2b811454x502S2f900552x512S2f900436x513S17d20517x572S22122503x570
Prime Minister,Priministru,1317,M539x587S2ff00482x483S22a07526x477S15311502x469S1ed26520x523S22b04519x557
Printer,,17,M527x526S15a57474x473S15a5f494x491S25501508x480S21100485x512S21404473x500
Printer,Printer,874,M521x530S15a57479x470S15a51497x489S2c732498x514S21100486x500
Printer (Lrn),,2052,M521x534S26700480x466S15a5a484x483S15a50489x507S21100508x501
Printer 2,,66,M521x529S2d202486x510S15a57480x472S15a51498x491
Printer Colour (Lrn),,2051,M543x572S14c10520x470S26600417x542S15a50435x530S26600399x540S15a5a428x522S2ff00482x483S2e230522x507S21100452x542
Private Message (Lrn),,2150,M615x557S30004482x483S15a10497x520S20500514x515S1ea40588x514S22122575x510S2ea02590x542
Prize Day_1 (Lrn),,2629,M534x600S10002504x563S22b04488x570S1ce40512x400S1ce48466x412S2ea00519x435S2ea10472x452S2fc04496x465S17f31506x505S17f39475x503S2b720493x516
Prize Day_2 (Lrn),Celebration Day_2 (Lrn),2630,M552x550S12a00527x477S12a08448x476S2e712449x450S2e706522x450S10002489x515S22b04519x520
PROBLEMA,,48,M571x519S1181a463x502S2d51d433x495S20c00484x482S37806429x504S37806539x504S2d509549x501S11812516x504
Program (Lrn),,2152,M520x535S20500482x506S15a12493x497S37900499x495S15a20495x466S20500482x520S20500481x492
Programmer (Loran),,1333,M552x579S37800494x448S10102488x455S15a00490x422S21100470x446S22b04517x453S14c58467x532S14c50507x532S22514459x520S22514515x517S26c06537x551S26c1a448x552
Programming (Lrn),,2151,M528x542S21100486x508S15a00497x458S37a00503x486S22c04472x500S10102498x498
Promomi,Promos,2777,M521x528S1f00c434x493S22a06471x496S20e00461x516S36d00479x473
Prostitute (Loran),Prostituta (Loran),1393,M569x538S1ea30538x476S36d00479x463S2e600540x505
Protezzjoni jew Pprotegi,,2395,M539x551S18248481x533S22b03514x516S20500493x540S18210516x489S2ff00482x483
Pulizija,Police,763,M521x533S36d00479x468S10e02470x483S37803464x503S20600446x472S3780a464x471
Pulmun_1 (Em),Lungs_1 (Em),1670,M547x537S16c02511x479S16c0a469x481S22b04514x507S22b14469x505S36d00479x463S21100534x512S21100451x514
Pulmun_2 (Em),Lungs_2 (Em),1619,M527x518S15a04515x483S15a04474x484S20500505x507S20500485x507
Pulmun_3 (Em),Lungs_3 (Em),1620,M528x515S15a00516x488S15a00473x486S20500504x495S20500486x494
Puma,Puma,1094,M578x531S2b700559x470S2b711526x471S36d00479x491S15020545x498S15028507x500
Punc,,488,M547x535S36d00479x485S16c48480x514S1ea40524x506S28f02484x466
Punent (Loran),West (Loran),1465,M527x523S18620498x493S26612461x504S3700e473x477
Pustier (Loran),Postman (Loran),1431,M557x557S17d18444x443S18220459x469S26f00462x447S26726506x450S1ed56538x493S22b04537x527
Q,,1023,M515x512S1f021485x489
Qabel,Before,411,M529x529S15a59498x482S3780b474x499S15a41506x491S28a02471x470S20500470x511
Qabel (Ilu),Long time ago (Past),412,M566x527S2ff00482x482S36d00479x523S2eb00551x483S15d00528x483
Qabel (Lrn),,2238,M541x537S15a50479x464S15a12498x465S37900485x489S20500464x488S20500460x526S2d708502x500
Qabel tal-Ahhar,The one before the last,324,M558x568S19239462x541S19231507x522S20b00489x532S22b10442x538S22b04542x529S37906449x474S15d5a485x470S15d40518x443S20500500x457S20500444x460S28b02452x432
Qaea,,1919,M542x528S14c0a459x491S10e21493x472S24509513x502
Qaea,,1920,M542x528S14c0a459x491S10e21493x472S24509513x502
Qaea,,1921,M542x528S14c0a459x491S10e21493x472S24509513x502
Qaghad_1 (Lrn),"Sit_1 (Lrn), Pogga_1 (LRn), Bil-Qeghda",1836,M563x525S19a02513x476S19a0a465x477S2df00542x482S2df18437x483S2b754490x506
Qaghad_2 (Krl),"Stay, Stay put, Here, Now",1837,M545x528S14c51518x475S14c59457x473S22f04518x514S22f14456x511
QAL,,745,M539x540S33b00482x483S10001498x510S26500525x522
Qal (Lrn),,1925,M545x542S10001498x512S26600529x508S33b00482x483
Qala,,1041,M569x526S1f041505x486S1f049467x485S28a12431x475S28a0a533x475S22e00531x507S22e10456x508
Qalb_1 (Em),Heart_1 (Em),1621,M521x520S15a01485x497S20500460x499S20500475x506S36d00479x481
Qalziet,Trouser,274,M555x567S36d00479x433S22b10445x499S37800470x486S36d00479x483S2031c522x517S37800529x485S21100516x536S22b00539x500S2fb04492x561S21100477x537S20314463x518
Qalziet (Loran),,1491,M571x540S12911472x487S12919430x488S2d713433x517S2d70b467x519S1150c537x460S15a1e532x494S22b04540x510S21100558x480
Qalziet ta taht (Loran),,1492,M594x557S12911444x500S12919407x500S2d70b442x530S2d713406x530S1810a565x483S22c04571x476S15a04573x443S1150c504x478S15a1e500x512S20500521x488S22b04506x527
Qam_bil_Wieqfa_1 (Lrn),"Stand Up , Standing",2631,M515x531S15a57485x508S10e04500x470S20500488x499
QAMAR,MOON,110,M579x556S30100482x477S30d30487x496S1f417538x480S22101554x518S28a0c532x510S1dc27556x526
Qamar,Moon,431,M596x542S1ed47527x447S2ff00482x482S25605553x483S22204523x447S1eb47577x515
Qara (Lrn),,1922,M542x528S14c0a459x491S10e21493x472S24509513x502
Qarabaghli_1 (Lrn),Marrows Long_1 (Lrn),1741,M566x542S16d20515x459S16d24475x461S26606536x460S26612434x465S22102504x464S22106494x464S15a56477x521S15a38502x508S26602472x500S21100483x528
Qargha_Hamra_1 (Lrn),Pumpkin_1 (Lrn),1740,M558x557S14c11523x444S14c19444x446S11502477x505S22a14443x474S22a04545x476S1a020487x528
Qarnita,Octopus,1079,M540x516S15710475x489S22122461x484S26606510x500
Qassam_1 (Krl),Share Out,1838,M555x535S15d39464x512S15d31483x511S2b827504x484S2b820467x466S2f900544x486S2f900446x477
Qata_1 (Lrn),"Tear, Rip, Zzarrat",1839,M541x555S1d402494x468S1d448473x489S26700525x445S26714460x513
Qata_2 (Krl),"Cut, Scissors, Snip",1840,M534x522S10e02504x485S26702467x506S22122491x479
Qatt,Never,2787,M572x514S15a51504x491S15a57473x491S22c12428x489S22c06530x486
Qattus,Cat,1003,M559x544S2ff00482x483S1d118444x487S1d110530x487S22100521x503S22100471x503S22f06544x515S22f12447x519
Qattus (1),Cat (1),723,M543x575S30005482x483S30003482x483S1d110514x502S1d118456x502S22f06526x537S22f12464x538S2fb04494x569
Qattus (2),Cat (2),724,M547x575S30005482x483S30003482x483S2fb04494x569S22f12464x538S22f06526x537S14e02516x504S14e0a452x505
qattus 1,cat 1,948,M538x551S2ff00482x483S15002507x495S1500a467x496S26a06524x522S26a12465x524
qattus 2,cat 2,949,M542x547S2ff00482x483S1d110513x490S1d118460x489S22112502x495S22116491x495S26a06520x520S26a12471x518
Qawra,,1164,M542x514S1ec50459x487S2de04492x493
Qela_1 (Lrn),"Fry, Wok",1886,M588x527S1ea30551x473S36d00479x506S2eb02537x512S2f700576x516
Qieghed (Loran),,1466,M536x535S19a10508x467S19a18464x466S22e04513x497S22e14469x497S26624492x505
Qmis,Shirt,275,M601x623S2fb04424x565S22d24560x573S36d00545x504S21303529x532S21301572x518S1f417567x537S1f41f542x549S36a00413x477S1ef17447x510S21100460x497S22a03438x528S22a15412x528S1ef1f388x511S21100387x498
Qmis 01 (Alexia),Shirt 01 (Alexia),1513,M555x614S36a00482x477S18501505x514S18509470x517S2d511442x527S2d509536x529S20500447x541S20500543x547S18509483x558S18501500x547S22b24491x584S21100509x589
Qmis 02 (Loran),Shirt 02 (Loran),1514,M551x612S36a00482x477S22b24488x582S1d410522x510S1d418454x508S1dc02496x542S1dc0a469x552S22120488x540S22120486x565S20500481x524S20500507x525S21100506x588
Qmis 03 (Karl-old),Shirt 03 (Karl-old),1515,M536x609S36a00482x477S22b24490x579S22120486x568S1dc0a461x519S1dc02506x522S22100513x516S22100471x517S22a03507x542S22a15479x541S21100508x581
Qmis 04 (Mat),Shirt 04 (Mat),1516,M531x548S13f09469x466S22c24490x506S13f01501x452S21300471x490S21300504x478S21100501x518
Qmis 05 (Karl-newer),Qmis 05 (Krl-newer),1517,M553x558S36a00482x477S18507512x524S1850f465x524S20500447x541S20500543x547S2df09529x512S2df11449x511
Qormi,,1165,M546x541S1ed1a455x460S16c40526x494S16c48494x495S22a24513x526
Qrendi,,1210,M543x560S1ef11507x443S1ef17512x528S1ef19458x440S1ef1f471x530S20500494x445S20500500x546S2930c529x479S29314464x477
Qrendi (Loran),,1360,M528x532S1ed51500x469S22b03472x498S22b03488x508
Qsim (Loran),,1489,M532x624S2ff00479x483S36d00479x524S1d411507x530S1d419471x530S20500501x561S20500501x587S20500501x613S22c04484x573
Qtari_Tal_Ghajnejn_1 (Em),Eye_Drops_1 (Em),1622,M553x518S32107482x483S1f011523x460S22123514x477
Quantity Surveyor (Loran),,1394,M541x590S26b06523x563S13f1f461x467S13f17502x448S23100510x491S23114460x506S2fc04497x520S1dc18473x560S10e51486x558S1f051484x410
R,,1024,M507x515S11a20492x485
RA,,747,M549x530S31500482x483S10e11502x500S26500535x511
Ra,See (watch),569,M551x528S2ff00482x482S20500502x492S10e11508x496S26600535x498
RA 01,,1237,M543x538S26500525x492S20500502x497S10e11518x508S30100482x477
RA 02,,1238,M542x535S10e11497x505S20500505x495S30100482x477S26500528x518
RA 03,,1239,M546x535S26600530x501S10e00508x505S30104482x477S20500499x498
Rabat,,1042,M565x532S11a11539x505S11a19435x503S22c01502x469S22c17466x469
Radius_1 (Lrn),,2632,M522x527S15a18478x477S13320491x474S23004497x509
Ragel,Man,35,
ragel,"persuna, sahhar, u, jaghmel, affarjiet, imhallat, borma, kbira, nar",309,
Ragel (mizzewweg),Husband,192,M528x601S30000482x482S22104482x467S17c10491x455S26600512x454S20800491x564S14c59487x575S1d452490x544
Raghad,Thunder,432,M555x534S33010479x483S10021487x396S24705504x423S10011534x504
Raghad (Loran),,1493,M508x539S10000492x509S29800495x462
Rahal Gdid,Paola,1273,M528x534S1f721472x496S1f729506x495S37600490x511S26600491x467
Rain (Lrn),,2225,M538x510S14f14462x494S23504501x491
RAM 1 (Lrn),,2071,M540x516S11a20461x484S1f820484x500S18d22515x496
RAM 2 (Lrn),,2154,M564x515S15a48437x485S10012454x494S2ea00489x488S15410531x490S22102520x495S26506549x495
Ramla Bay,,1264,M581x601S33b00482x483S10002511x519S21100494x520S26506546x518S15711526x563S15719467x562S21000515x585S21000480x586S26612434x579S26606551x579
Rapport,Report,2480,M526x525S15d0a475x485S11a12496x476S22b04483x495
Ras,Head,392,M547x517S2ff00482x482S16f11527x476S20500515x481
Ras_1 (Krl),Head_1 (Krl),1623,M546x518S2ff00482x483S20500515x482S16c11521x466
Rata,Rate,2481,M541x533S17610503x468S17610460x517S26500527x468S26500477x514
raw,,793,
RE,KING,92,M551x518S2ff00482x483S14410529x473S20500517x481
RE to remove,,93,M546x518S2ff00482x483S20500517x481S14a10531x483
RE to remove2,,94,M543x518S2ff00482x483S20500517x481S14710529x473
Rebbiegha,Spring,143,M567x585S16c48525x534S17736532x565S22d00551x519S14c00527x493S2ff00481x482S36d00479x525
Receptionist (Loran),,1334,M578x544S2ff00482x483S11a20529x447S19a02522x489S19a0a456x491S26c00551x503S26c10420x497S2fc04494x533
Recyclin Bin (Lrn),,2124,M572x556S15621550x494S29114428x523S11a12461x485S11a1a432x498S29100467x444S22107540x512S15648523x527S22a03553x517
Recycling_Bin (Lrn),,2016,M553x568S11b12495x472S11b1a469x446S29014447x432S2900b529x463S16c18518x547S15712527x517
Refa_1 (Krl),"Lift Up, Raise, Gholla",1845,M538x551S36e00479x463S36f50514x449S36f50476x452S15030512x491S15038468x492S22b20495x511S2f900497x546
Refa_2 (Krl),"Lift Up on Shoulders, Raise onto Shoulders",1846,M600x521S36f00473x495S15010575x481S15018528x490S22b20555x480S2f900560x515
Registru_01(Lrn),"Register 1, Registry 1",2402,M532x523S11a11506x496S15d18468x478S20500491x493
Registru_1 (Lrn),"Registry, Register",2396,M529x517S15d08472x483S20500497x493S11810514x490
Regoli_1 (Lrn),"Rules, Regulations",2397,M528x528S15d08473x491S13320506x473S20602494x489S20500495x517
Rema_1 (Krl),"Throw Away, Put Aside",1847,M518x577S30004482x483S1f710492x519S2b700465x507S14c40457x546
Remettar_1 (Em),Vomit_1 (Em),1624,M545x557S35900482x489S30350495x476S15d40504x530S2b800522x506
remove..,,725,
Republic Day (Lrn),,2199,M578x547S22c04562x471S10002548x453S20341481x468S20349454x497S22c23423x514
Research_1 (Lrn),"Ricerka, Rricerka, To research",1848,M541x533S22120473x489S22120502x491S11851510x469S11859460x467S22b24491x503
Resident_1 (Lrn),Resident,2398,M538x522S11a18473x485S11a10484x492S2d906495x478S20500463x501
Responsabbli_1 (Em),Responsible_1 (Em),1625,M524x520S36d00479x516S20500471x501S20500486x500S15a53501x481
Restart (Lrn),,2122,M554x542S37800547x494S37800452x495S11a10539x459S11a18446x462S22b03510x499S22b07519x517S22b15462x501S22b11456x518
Ricevuta_2,Receipt_2,2482,M548x554S1f237475x524S21301453x501S1ed17518x485S1ed19494x460S22c01462x446S22c15515x508
Riekeb_1 (Krl),Riding,1850,M526x530S15a48500x503S10e04500x470S20800516x513S26720474x472
Rih,Wind,433,M594x563S14c10571x500S2ff00482x482S37800582x531S2e500571x466
Rih Fuq,North Wind,434,M622x645S2ff00482x482S14c10573x485S37a00585x516S2e500574x448S10010583x580S37900591x605S22c00606x586
Rih Isfel,South Wind,435,M607x657S2ff00482x482S14c10577x483S37900588x513S2e500574x444S10003570x592S22c04591x615
Rih Xott,Dry Cold,2401,M551x619S30a00482x476S35010496x498S22a04513x530S36a10491x511S21100496x520S1d10e480x536S2f806524x518S18536510x588S1853e476x589S21300513x566S21300467x569S26512450x605S26506536x605
Rih_1 (Lrn),Cold,2399,M535x559S30a00482x476S35010496x498S22a04513x530S36a10491x511S21100496x520S1d10e480x536S2f806524x518
Rikeb Xarabank 01 (Dor),,1467,M660x535S11850498x369S2b700475x367S1f740509x419S1f748473x428S23100511x440S23114472x455S2ff00482x483S1f710528x481S22b04644x480S22b04527x505
Rikeb_1 (Krl),"Mounted, Rode, Ride",1849,M538x531S15a48512x504S10e04512x471S20800528x514S2bc20462x469
Riskju_1 (Lrn,Risk,2400,M570x523S30306482x477S11a10523x492S26a00543x507
Rispett_1 (Krl),"Respect, Honour",1851,M559x518S30000482x483S1ea10520x482S2b700540x470S20500494x490
Rit tal-Bidu,,508,
Ritratt (Lrn),,2123,M559x518S32b00482x483S21600469x507S21600521x507S1ed10533x493S1ed18438x493S21600466x496S21600521x492
Rizultat_1 (Lrn),Result,2405,M528x533S11a20513x467S14c01496x499S26602473x517
Rizza Dodo,Sea Urchin Dodo,1290,M533x553S15318495x461S15310506x464S1d419468x518S15310505x528S20600498x513S20500499x448S20500523x525
Rkoppa_1 (Em),Knee_1 (Em),1626,M545x514S11812518x493S21d10491x486S1000a455x499
Rkoppa_2 (Krl),Knee_1 (Krl),1627,M585x546S36d02479x455S3760f510x497S20600532x508S15d41562x501
Romania,,1155,M557x533S17b10510x468S17b18463x468S22122501x472S22126482x472S28906527x501S28906528x518S2891e445x500S2891e443x517
Ross (Lrn),Rice (Lrn),1763,M523x573S33b00482x483S11a02493x546S22f00487x521S15a36477x561
Ross il-Forn,Roast Rice,503,M633x592S30004482x482S13302494x520S25900487x548S25900504x548S15a30573x545S15a30618x545S26600617x509S26610570x509S2fb04594x586
Ross il-Forn (Do),Baked Rice (Do),1775,M537x643S33b00482x483S11a02493x546S22f00487x521S15a36477x561S15a30525x616S15a30482x616S26620501x602
Roza,Pink,252,M547x534S33100482x482S11a11521x492S25504517x512S20e00484x493
Roza 1,Pink 1,251,M546x526S30006482x482S11a10531x496S21100520x494
Roza 3,,257,M547x534S33100482x482S11a11521x492S25504517x512S20e00486x493
Rrifletta_1 (Alx),"Reflect, Self Reflection, Solitude",1887,M574x572S10000449x516S22a04450x557S30e00484x483S10011553x491S36e00477x523S2ec00530x488
RRISPONDA,,748,M540x554S33b00482x483S10e11496x509S2df00519x533
Rub symbol,,1698,M507x507S21100494x493
Russia,,1161,M579x584S30004482x483S10012486x527S20500474x517S22c06526x526S10050564x554
S,,1025,M507x507S20320492x492
s_Affettwa_1 (Lrn),,2306,M519x568S36500482x483S23100462x536S15d02492x532S21100487x554
s_Beritta_1 (Krl),Cap,2646,M536x530S15d0e507x485S2ff00482x483S1ea19471x492S22a14466x515S22a04523x505
s_Bisesswali_01 (Lrn),"Bisesswali, Bisexual",2643,M561x548S2ff00482x452S15d10508x440S22b04492x468S33100483x513S1f751522x521S20e00505x528S26500547x524
s_Cingi_1 (Krl),Sleevless Top,2647,M551x529S1f702535x472S36d00479x486S22b04535x499S21100519x511
s_Deheb_1 (Krl),Gold,2648,M532x528S14c16469x505S1c511483x475S20500471x499S2e230513x493S26506517x472
s_Fidda_1 (Krl),Silver,2649,M536x536S14c16465x513S26506521x471S20500467x507S2e230509x501S1f712475x484S14c10491x464
s_Flokk_bil_kmiem_1 (Krl),Full sleeves Top,2650,M537x555S36d00479x446S14c02506x467S14c06464x466S22b04517x506S22b14469x507S2fb04495x549
s_Flokk_bil_kmiem_1 (Krl),Full sleeves Top,2651,M537x579S36d00479x422S14c02506x443S14c06464x442S22b04517x467S22b14473x467S2fb04493x500S37806465x531S15d5a494x525S15d40500x552S26604481x525
s_Gakketta_Tracksuit,Tracksuit Jacket,2652,M567x549S36d00479x451S20340552x467S2d607526x462S20348434x467S20500510x466S20500484x466S2d61f455x466S1f740501x508S1f748476x509S22e00503x527S22e14478x531
s_Gay_02 (Lrn),Gay,2642,M524x528S15d39477x492S1f540488x473S2e230505x496
s_Ghajnuna jew Assistenza,"Help, Assistance",2375,M531x534S36e00477x467S15d3a480x515S1f502496x503S2b720512x486
s_Gizirana_1 (Krl),Necklace_1,2654,M523x587S36a00482x477S10009476x555S10001502x557S22a11481x540S22a07509x537S21100480x524S21100508x521
s_Gizirana_2 (Krl),Necklace 3,2655,M518x571S36a00482x477S21100477x521S10001478x541S28906489x531
s_Gizirana_3(Krl),Necklace 3,2653,M545x567S36a00482x477S10009459x521S10001524x523S22a15481x540S22a03509x537S21100480x524S21100508x521S20500498x556
s_Intersess_01 (Lrn),"Intersess, Intersex",2644,M557x531S36d00479x470S17f10460x481S17f18523x481S22100545x488S22100443x491S26602512x513S26616459x515S20500495x504
s_King_drag (lrn),King Drag,2641,M548x528S2ff00482x483S15202498x506S22102525x491S28807528x508
s_Latin_01 (Lrn),Latin,2597,M556x528S1dc20503x473S1dc28461x473S20500488x491S36d00479x516S2b805537x495
s_Lesbjana_01 (Lrn),"Lesbian, Lesbjana 1",2645,M524x532S15d39477x496S2e230505x500S1dc41484x469
s_LGBTQA_1 (Lrn),"LGBTQA, Queer",2656,M531x532S10008469x502S14402484x492S28a0a495x469
s_Lingwa_01 (Lrn),Language,2599,M568x517S1dc20503x487S1dc28480x484S26606538x490S26612433x491
s_Linja_01 (Lrn),s_Line,2600,M580x516S1d420504x484S1d428472x485S26706538x498S26712421x500
s_Magazine_01 (Lrn),"Rivista, Journal",2603,M534x532S18d50507x468S18d58471x469S2e008513x503S2e010466x502
s_Marki 01 (Lrn),"Marks, Correction, Correct",2604,M532x575S1ea20475x513S23407503x507S22b04487x545S14c00469x443S22510470x426S22a04476x483
s_Mima_01 (Lrn),Mime,2609,M579x563S34500482x483S14c20533x487S14c28454x527S26500564x496S26510436x548S2fd04505x536S26500565x547
s_Motivazzjoni_01 (Lrn),"Motivation, Anticipation",2610,M531x570S30a00481x483S15d40512x543S15d48476x531S21100496x555S36e00477x515
s_Naqqas_jew_Minus_01 (Lrn),"Subtract, Take away, Minus",2611,M529x516S10002471x484S26606499x500
s_Pansesswali_1 (Lrn),,2657,M532x535S1f710489x518S20500468x524S22100514x496S26500514x511S1574f514x465
s_Queen_Drag_1 (Lrn),,2658,M565x533S2ff00482x483S14e00523x475S2930c551x492
s_Rebah_1 (Krl),"Win, Celebrate, Victory",1844,M559x524S1ea07536x476S36d00479x494S2ea06534x509
s_Segretarju,,2485,M529x564S15a36472x446S27e07505x437S1eb50497x454S1ed26510x498S22b04513x534
s_Straight_1 (Lrn),Straight,2659,M527x533S2ff00475x483S37000474x523S15a10495x477S25703456x494
s_Transgender_1 (Lrn),,2660,M521x534S10e00491x476S20500480x467S2a204486x506S20500511x480
s_Turisti_1 (Lrn),Tourists,2435,M540x549S15a50468x451S26706494x458S22f04498x473S14c10506x518S14c18471x518S20500530x533S20500460x534S22510510x504S22510470x502
Sab_1 (Krl),"Found, Find",1852,M523x578S2ff00482x483S10001502x497S15d39471x555S22c04485x505S20500481x559
Sab_1 (Krl),"Found, Find",1853,M523x578S2ff00482x483S10001502x497S15d39471x555S22c04485x505S20500481x559
Sab_1 (Krl),"Found, Find",1854,M523x578S2ff00482x483S10001502x497S15d39471x555S22c04485x505S20500481x559
Safi,,1043,M548x521S20322474x480S15d3a475x502S21100453x498S26806498x479
Sagrament,,146,
Sagrament,,147,
Sagristan (Loran),,1432,M539x622S2ff00482x483S18111515x489S22b04513x515S15a16492x558S20500503x545S15a11511x599S15a19462x598S20600488x595
Sahha Pubblika_1 (Lrn),Public Health,2411,M563x569S15d02509x433S15d0a467x431S26900547x436S26910442x435S18517514x486S36d00479x475S20500502x488S37900446x529S20500457x533S15d01470x539S1f708435x514S3790a448x529
said to them vicky,,671,
Sailing,,2758,M572x559S15d38444x488S18118431x464S20800428x502S26620444x442S17650556x543S17650532x542S27228532x517
Sajf,Summer,133,M585x548S30000482x482S15d01509x486S21100495x466S26606537x488S15d01549x509S23005560x522
Sajf,Summer,136,M585x548S30000482x482S15d01509x486S21100495x466S26606537x488S15d01549x509S23005560x522
Sajf (1),Summer (1),144,M585x548S30000482x482S15d01509x486S21100495x466S26606537x488S15d01549x509S23005560x522
Sajf (2),Summer (2),137,M540x517S30000482x482S1f502525x490S21100494x463S26606500x477
Sajjar (Lrn),,1923,M517x537S14c0a484x514S1eb12498x464S2e702490x494
Sajjar_2 (Lrn),,1924,M515x527S1ea40486x474S2e509492x500
Sajjetta,Lighting,436,M604x545S2ff00482x482S10021550x485S24705564x510
Sajjied (Loran),Fisherman (Loran),1433,M553x563S1ea40457x438S1ea48450x484S37800473x460S2b824475x488S2b824499x490S15d02488x540S2e232521x544S26602448x544
Sala fi Spar jew Ward,,2406,M573x616S10050379x514S10058351x513S27604381x554S27602375x587S2761a345x586S2761c338x554S20500367x498S30005441x486S15a19463x511S15a17478x529S30155468x479S20500479x525S36d00518x552S18517554x579S20500550x563S20500517x563S26502530x581
Salami,Salami,489,M577x533S26706535x517S23400536x498S15d40516x468S1ed40456x475S1ed48422x475S20500447x479
Salami (Lrn),,1764,M529x558S20320481x446S26500499x442S20350471x496S15a40504x488S20f12488x493S22f04504x519S26626490x542
Salmon_1 (Lrn),Salamun,1761,M528x546S20320491x455S26500514x456S15d02486x502S22122473x505S26602479x530
Samsung (Lrn),,2109,M525x513S14a20475x488S22b06495x488S2f700501x506
San Gwann,,1044,M553x549S10a11525x456S2d904473x449S36a00482x477S15d57528x517S20e00513x511S22a03513x535
San Lawrenz,,1241,M532x555S15020469x463S2fc00475x446S15a20517x466S25804516x505
Sandli,,277,M544x557S30000482x482S1f502529x485S21100494x466S26606498x484S15a57384x529S16c51408x508S26603406x535
Sandli 2,Shoe 2 (Summer),303,M560x557S30000482x482S26603406x535S21100494x466S26606498x484S15a57384x529S16c51408x508S15a01503x497S15a00543x503S23000535x535
Sandli 3,Sandals 3,304,M598x528S15a57422x491S1d157404x476S21400402x507S26605420x499S15a57491x494S15a57563x499S1d157477x475S1d157559x472S26605495x497S26605576x494S21400474x505S21400552x500S20e00415x515S20e00483x516S20e00550x516
Sandwich,Sandwich,490,M520x570S15d42479x468S2fb06514x494S20500489x494S22b04487x431S22b10487x540S15d46481x513
Sannat,,1045,M525x530S20322507x472S25704475x471S37800514x488S15a36498x518
Sannat  (Loran),,1381,M525x530S20322507x472S25704475x471S37800514x488S15a56498x518
Santa Lucija,,1207,M569x540S36d00479x471S14a10457x480S1dc20524x475S21100556x490S22b06478x479S22b04534x510S21100454x460
Santa Lucija (Loran),,1328,M528x515S14a20473x498S1dc20504x485
Santa Maria (Steve),,1470,M568x536S15d37541x512S15d31432x513S36d00479x531S22c00552x465S22c00443x464
Santa Venera,,1047,M547x518S10e50480x483S20322453x501S2940a503x502
Santa Venera,,1205,M550x517S20320450x502S10050486x484S2940a506x483
Santa Venera 2,,1318,M546x516S10050483x485S2930a505x497S20320454x501
Santa Venera D,,1319,M533x515S10050467x485S2940a489x495
Sapun_likwidu,,2015,M581x546S14f14419x454S14c38424x498S17410543x506S15318537x503S21100542x532S28800569x501S28814523x503S23504458x455
Saq,Drive,570,M561x591S2ff00482x482S20310513x547S20318468x547S2880c534x545S28800549x546S28814437x542S28818451x542S2fb04490x585
Saqaf tal-Halq,Mouth,390,M555x556S35d00482x482S1001f525x535S20700508x517
Saqaf_tal_Halq_1 (Krl),Palette_1 (Krl),1628,M555x557S35d00482x483S1001f525x536S20700508x518
Saqsa (Lrn),,1918,M556x530S26600540x455S30004482x483S20500497x519S1ce01522x483
Saqsi,Ask,775,M529x553S30004482x483S1ce02478x520S26600513x523
Sarraf (jew Inkaxxa) c-Cekk_1,Cash a cheque_1,2483,M558x580S1ea11490x421S1ea19463x434S2ea00508x445S2ea10468x463S2fc04489x477S1ed40514x508S1ed48454x507S22102506x513S22106482x509S26606528x525S26612443x529S15d3a446x558S1eb10469x557S27e07504x565
Sarraf Cekk,"Inkaxxa Cekk, Exchanged a cheque",2663,M558x584S1ea11490x417S1ea19463x430S2ea00508x441S2ea10468x459S2fc04489x473S1ed40514x504S1ed48454x503S22102506x509S22106482x505S26606528x521S26612443x525S13f17497x554S21300466x562
Sarvetta (Lrn),,2013,M603x569S10050450x432S10058429x432S24402465x452S2441a398x457S15a21554x517S15a07531x502S29100575x530S16c48451x546S16c40496x548S21100565x497
Saturday (Lrn),,2212,M531x519S1de02501x482S28903470x492
Saturday old (Lrn),,2248,M537x527S14c28472x496S1f520513x507S2d720464x473
Save (Lrn),Ssejvja (Lrn),2091,M520x536S20500492x505S15020495x464S15d3a481x517S22a04505x505S22102480x479
Savings Account_1,,2484,M538x588S1f31f471x525S1f317507x502S21303467x497S21301509x476S23100512x539S23110463x569S2fc04496x577S15a37488x436S15311505x413S22103492x420S20500496x438
Sawwat_1 (Krl),"Hit, Slap",1855,M538x531S15d10517x470S23004513x501S22c03463x484S22c03475x498
Sbatax,,2702,M530x515S10020471x485S1dc2e500x489
Scanner (Lrn),,2134,M543x526S37806484x517S1f850457x476S22c02482x491S15a56516x514S22c06486x474
Scientist (Loran),Xjentist (Loran),1335,M535x534S16d48470x470S16d40509x467S2a400510x496S2a410465x498
Scissors (Lrn),,2157,M539x517S10e02509x500S22b02462x501S22602509x484
Scorpion,Skorpjun,1095,M525x538S14c28502x505S10a20497x462S21400506x493S22510475x505S26510480x523S22100484x465
Screenshot (Lrn),,2136,M573x582S10020491x419S10028461x420S24402505x441S2441a427x440S1dc20549x521S1dc28486x521S21600543x516S22b03517x558
Scrub (Lrn),,2270,M577x565S1f54f457x451S15d39423x476S2e705474x436S15d48494x517S15d40516x517S21100507x551S27100537x531S27114453x525
Sculptor (Loran),Skultur (Loran),1336,M531x568S1f718470x446S26f00491x433S1ea20495x450S15a40515x494S15a48471x492S29c0c514x530S29c14470x531
Sea Horse,Ziemel tal bahar,1096,M541x561S10a11513x535S29d00513x474S10a10507x440S29302460x457
Sea Urchin,Rizza,1102,M524x526S14c1f497x490S14c17477x493S20800498x516S22510487x474
Seal,Foka,1103,M530x531S36e00477x470S15a18468x503S15a10518x504S20c00485x510
Search (Lrn),,2038,M533x546S11811508x476S11819468x477S22c24492x504S22510470x454S22510501x455
Search engine (Lrn),,2135,M559x580S11821482x439S11829442x440S22c24466x467S14e02525x532S14e0a501x531S21100526x514S28805539x560S2881d495x558S22510446x420S22510483x420S37707532x563S37705500x561
Sebgħa,,2700,M515x512S1dc26485x488
Sebgħa,Seven,761,M515x512S1dc02485x488
sebgħa mija,,2738,M547x512S1de26454x488S17614499x496S17614531x495
Sebgħa u erbgħin,,2713,M537x516S14420464x485S1de2e507x492
Sebgħin,,2720,M533x513S1de26468x488S17614517x497
second (Lrn),,2236,M539x534S14c1a493x499S37806461x508S1d452477x469S20500486x523S23100513x467
Security (Lrn),,2137,M558x550S14402442x463S22510487x504S37700491x456S21100477x450S22b06480x462S14c20535x517S14c28487x519S22510534x503
Security Guard (Loran),Gwardjan tas Sigurta,1337,M561x637S2ff00482x483S18111515x489S22b04513x515S15a16492x558S20500503x545S14402504x598S1440a463x597S27000521x619S27010438x617
Security_2 (Lrn),,2330,M539x570S2ff00482x483S18111515x489S22b04513x515S15a06492x558S20500505x545
Segretarju,Secretary,2661,M550x535S15d39450x480S1eb50469x487S26506485x512S1ed47524x466S22b04534x505
Segwa jew Obda l-Mizuri,Follow or Obey Measures,2410,M538x579S30104482x477S15d01505x496S15d09471x496S26500524x478S26510473x478S20500496x500S15d18477x543S13320513x527S20612499x542
Sehem_1,"Ishma, Shares_1",2486,M544x553S20320466x449S26500490x448S10002507x500S1000a462x510S23100518x521S23110456x535S2fc04494x542
Sehem_2,"Ishma_2, Shares_2",2487,M544x574S2fc04494x563S23110456x556S10002507x521S1000a462x531S23100518x542S1f217497x448S21301471x426
Self,"Loan, Mortgage",2662,M527x592S34400482x483S1dc01487x519S22a04491x555S22100515x516S15d3a482x573
Sellef (Lrn),,1917,M552x546S1e640511x455S1e648461x476S27100512x531S27114448x529
Sellem_1 (Krl),"Salute, Say Hi, Hello",1856,M560x523S30104482x477S15a11517x495S26600544x493
Selmun,,1200,M510x553S14a20491x538S15a20494x448S2b000491x491
Sema,Sky,437,M518x518S2ff00482x483S14c21432x456S28b0a469x444
Sema (Lrn),,1916,M602x531S30006482x483S10001523x501S20500521x488S1f540587x500
Semma (Lrn),,1915,M542x547S10000379x510S26600526x510S1ed56438x481S22b04438x517S2ea02382x488S10001501x512S33b00482x483
Sensittiv_1 (Alx),"Ihoss, Senstive, Qalbu Zghira",1841,M526x572S14c02483x546S20500471x561S36e00477x526S30150516x512S30150475x511S30d00479x479
Sensittiv_2 (Do),"Sensitive , Ihoss, Qalbha Zghira",1842,M557x566S30105482x477S14c02480x543S23600518x547S21100464x548S30d30487x496
Sentence 1,,674,
sentence 1,,673,
Sentence 2,,676,
sentence 2,,675,
Sentence 3,,677,
sentence 3,,685,
Sentence 4,,678,
sentence 4,,687,
Sentence 5,,681,
sentence 5,,686,
Sentenza nr. 3,,754,
Sentenza nr. 3,,759,
Sentenza nr. 4,,755,
Sentenza nr. 5,,756,
Sentenza nr. 6,,757,
Sentenza nr. 7,,758,
Sentenza nr.2,,753,
Seraq_1 (Krl),"Steal, Rob",1857,M535x524S14c48465x477S2233b497x480
Serbia,,1162,M533x516S18530467x501S2e401504x485
serduk,"rooster, cockerel",1243,M543x518S11e10520x466S30000482x483S20600491x470
Serduk Keith,Cockerel,1291,M538x518S20600491x470S30000482x483S14c10515x466
Serva_1 (Krl),,1957,M550x523S15d39477x500S15d31496x499S2d708511x481S2d710451x478
Servi_1 (Krl),Serve Food,1858,M546x523S15d39481x500S15d31500x499S2d710455x478S2d708507x483
Servizz tat-Trasport,Transport Service,2407,M567x558S1f210504x443S1f218467x454S26c00540x447S26c10434x461S2fc04497x474S15d31512x520S15d39475x515S26c07538x503S26c11446x508S2fc04498x547
Settin g (Lrn),,2130,M563x518S1d440501x482S1d448470x483S21100494x502S29113437x486S29107534x490
Settings_1 (Lrn),,2329,M535x539S1d410500x461S1d448467x471S23204509x497S23214466x506S2fc04499x528
Seven,Sebgha,2671,M515x511S1de02485x489
Sex (Em),"Sess (Em), Att Sesswali (Em)",1532,M541x518S33100482x483S20e00505x500S1f552526x489S26602473x492
Sfida_(Challenge) (Lrn),"Challenge, Quest, Competition",1914,M562x516S11810512x489S11818474x486S23806537x484S2381e438x487
Sfida_(Challenge)_2 (Krl),"Challenge, Quest, Contest, Competition, Kompetizzjoni",1956,M546x530S10002516x470S1000a455x472S26f02516x490S26f16475x486
Sfida_1 (Lrn),,1912,M551x552S2ff00482x483S10019460x506S10010493x509S20500486x495S26616436x536S20500502x495S26606521x535
Sfida_2 (Lrn),,1913,M570x546S20500463x490S10010513x516S10019450x513S33000476x483S20500525x498S26616421x510S26606540x516S35650489x504
Sfortunat,Unlucky,423,M565x571S31000463x488S30304478x477S30004502x488S16101515x527S26607543x516S2f700520x564
Shab,Cloud,438,M589x517S2ff00482x482S14c21518x459S2930a548x455
Shampoo (Lrn),,2269,M556x518S14e10531x479S14e18448x478S32b00482x483S22500452x458S22500533x462
Shana,Hot,440,M579x576S2ff00482x482S14c01530x526S23705544x540
Shark,Kelb il bahar,1104,M542x531S15a10526x470S2e100519x502S26802458x485
Sheep,Naghga,1105,M561x549S2ff00482x483S10a10523x488S10a18459x488S2930c547x500S29314438x508
Shoe Market (Loran),,1395,M547x568S15a57463x450S18152480x432S21100489x446S26603494x453S1815a460x512S18152502x514S23500510x533S23510454x533S2fc04495x557
Short Hair (Lrn),,2164,M534x550S30005482x483S15a54522x505S20b00497x537
Shorts_1 (Lrn),,1560,M552x538S18103505x463S1810b477x463S26606522x473S26612448x474S18136471x526S1813e508x526S22a00523x503S22a10475x502
Shorts_2 (Krl),,1561,M522x525S10e1a478x478S10040507x495S26604494x476S21100489x511
Shorts_3 (Alx),,1562,M554x547S21100470x533S21100516x533S1820c510x511S18204468x512S26506539x513S26512449x512S36d02479x454
Shun,Warm,504,M549x521S2ff00482x482S15002482x496S26606519x501
Shut Down (Lrn),,2132,M544x547S14c20521x454S14c28457x458S18520502x526S18528473x526S20500494x536S22b03511x494S22b15465x495
Sider,Breast,389,M546x543S36d00479x457S17141524x465S20500510x469S20500509x532S28b0c526x486
Sider_1 (Em),Breasts_1 (Em),1630,M534x519S15402509x484S1540a466x482S20500475x505S20500512x508
Sider_2 (Krl),Breast_2 (Krl),1629,M569x526S15a52508x490S2c300543x485S36d00479x474S20500512x515
siefer,to go abroad,944,M519x570S32102482x483S19a51496x543S22b01473x528
Siefer_1 (Krl),"Fly, Travel by Plane, Aeroplane, Airplane, Plane",1859,M527x516S19a52507x488S22b01474x484
Sieq,Leg,548,M553x537S36d10479x464S15d1c534x510S20602519x510
Sieq_(Leg)_1 (Em),Leg_1 (Em),1632,M541x519S10e04526x482S1000a460x504S20600499x498
Sieq_1 (Em),Feet_1 (Em),1631,M533x539S15a58508x462S15a58483x463S23200507x495S23200468x498S2fc04491x528
Siggiewi,,1048,M524x524S20310485x476S2031a509x497S37806477x504S37808492x492
Signwriting assignment,,310,
SignWriting Nitghallem,Learn SignWriting,514,
Sigurta_1 (Lrn),Security,2408,M539x551S18248481x533S22b03514x516S20500493x540S18210516x489S2ff00482x483
Sintomi,Symptoms,2409,M526x582S30f00482x483S14c02495x530S21100480x533S2e600481x549S35010495x506
Sinus_1 (Em),,1633,M540x547S2ff00482x483S1f407519x489S22b04493x487S1dc01517x517
sitt mija,,2736,M541x510S1f726460x490S17614492x493S17614525x494
sitt mija,,2737,M541x510S1f726460x490S17614492x493S17614525x494
Sitta,,2695,M508x512S1f926493x489
Sitta u għoxrin,,2707,M525x515S10e20476x485S1f726510x494
sitta u tletin,,2710,M523x515S18620477x485S1f726508x493
Sittax,Sixteen,2684,M521x515S10020479x485S1f702506x494
sittin,,2717,M526x511S1f726475x489S17614510x495
Sitwazzjoni_1 (Lrn),Situation,2414,M525x531S15a56475x469S14c52494x485S22512481x488S2ea02477x516
Six,Sitta,2670,M508x512S1f902493x489
Skandaluz_1 (Stv),"Scandalous, Arukaza",1843,M544x625S19200484x596S34510489x504S14c03482x552S23500507x529S2f700519x553S32402482x483S26a02463x598S2f900441x605
Skarpan (Loran),Shoe Maker (Loran),1434,M545x573S1d410504x428S1d418466x430S2e230501x464S2e230477x463S22b04529x469S22b14456x469S15a57470x540S18152485x518S26603487x551S21100494x532
Skates roller,,2822,M528x529S13d1a505x472S13d12482x473S23100473x512S23110502x512
Skeletru_1 (Em),Skeleton_1 (Em),1634,M559x620S14c04536x542S14c0c445x545S27102539x580S2711a450x577S30342482x476
Skieken (Lrn),,2014,M558x565S11541465x461S11549442x451S21100482x450S27103490x435S10011510x525S10019482x526S28806536x548S2881e461x553
Skrivana (Loran),Clerk (Loran),1435,M536x561S15d39464x440S1ea50474x447S27e00508x441S1ed56517x496S22b04518x531
Skrivanija tal Kompjuter_1 (Stv),Computer Desk,2515,M552x569S15a50509x432S15a50478x431S23c04529x454S23c1c448x457S14c50510x538S14c58477x538S10021503x491S10029469x488S28814461x507S2880c532x507S22510493x523
Skrivanija_1 (Stv),Desk,2517,M560x547S15a50501x455S15a50470x454S23c04521x477S23c1c440x480S15a37465x516S1eb50495x528S27c07528x524
Skunk,,1106,M535x582S2ff00482x455S2b705521x456S10e51482x438S33100483x510S30c30491x513S15d10508x530S23704493x561
Skur,Dull,253,M528x530S20310472x470S37a00479x482S27100488x485
Sliema,,1274,M575x532S33100482x483S10012501x509S20f10525x490S2b700538x509S2b700556x508
Slig (Lrn),,2253,M538x541S29a1c467x506S29a04517x505S1ce40516x460S1ce48462x464
Slipped_Disk_1 (Em),,1635,M518x521S1f70a483x501S1f702482x482S26506503x488S2f900503x480
Slotted_spoon (Lrn),,2012,M517x533S15110488x467S1524a483x490S26514492x518
Slovakia,,1183,M556x550S10009469x497S10001510x495S2ff00482x483S27604527x494S2761c442x493S2df08513x528S2df10469x529
Slovenia,,1163,M527x537S11500477x464S2ea02502x477S37800483x495S15a56473x525
Slow_cooker (Lrn),,2011,M586x535S16c40441x513S16c48415x514S12a40491x493S27200490x466S15a50566x470S23100560x506
Smart City,,1206,M543x538S20310508x523S20314476x522S14c00498x463S14c28485x464S28900528x492S28918458x491
Snail,Bebbuxu,1107,M530x518S1f729505x484S10e51484x493S22510470x482S21404515x509
Snake,Serp,1108,M559x511S10002491x493S2dd00442x495S26d00532x490
Snapchat (Lrn),,2131,M545x597S15050519x529S15058454x524S2e230525x565S2e230455x560S2ff00482x483S22b00527x479S22b10459x482
Snien,Teeth,386,M538x547S36100482x482S20500493x490S10001517x517
Snien_1 (Krl),Teeth_1 (Krl),1636,M526x544S36100482x483S10000489x514S20500516x512
Snow 1 (Lrn),,2251,M533x541S14c50508x460S14c58467x461S29a04518x505S29a1c468x506
Snow 2 (Lrn),,2252,M538x541S29a1c467x506S29a04517x505S1ce40516x460S1ce48462x464
Social Network (Lrn),,2138,M576x547S19d10547x518S19d18506x518S20600529x500S14c52471x453S14c5a448x481S2ec02427x461S2ec1a457x513S2fc03424x500
Socjali_1 (Lrn),Social,2415,M565x541S2ea02540x499S14c5a476x459S22512479x493S14c52494x488S22516510x460S2ea12436x469S2fc04494x530
Software (Lrn),,2095,M542x567S14c31510x478S14c09475x481S16c28459x434S16c20519x435S22122507x436S22126484x433S2eb00527x525S2eb18480x514S2fc04500x556
Soghla Xotta,Dry Cough,2416,M542x632S26506527x612S18536503x606S1853e477x607S21300503x584S21300469x586S26512456x617S31b00482x483S1f752496x545S20600493x530
Soghla_1 (Lrn),Cough,2412,M518x575S31b00482x483S1f752492x538S20600486x564
Soghla_1 (Lrn),Cough,2413,M518x575S31b00482x483S1f752492x538S20600486x564
Soldier (Loran),Suldat (Loran),1338,M556x518S37800538x437S1f730533x425S20500524x461S36d00479x440S2ff00485x483S18111518x494S26500542x492
Soluzzjoni,Solution,2417,M579x517S17c10511x483S17c18468x483S22102502x491S22106486x488S26612422x501S26606549x499
Some words hw,,158,
SOMMA-FLUS,STACK OF MONEY,104,M515x526S20500496x506S15d39486x503S16c10495x475S20500497x505
SOMMA-FLUS 2,STACK OF MONEY 2,105,M515x525S20500495x505S15d39485x502S20500496x504S16d10498x476
Soppa,Soap,491,M545x570S33b00482x483S2a305516x538S1ea41495x521S15a48470x525
Sorry,,376,
Soru Loran,Nun Loran,1310,M550x532S34500482x483S10011529x499S10019452x502S21100476x490S21100511x486S2880d508x508S28815474x508
Sos,Sause (Tomato Ketchup),492,M523x572S1f551395x524S2e70e390x557S20e00479x517S10001495x511S26606493x543S33b00482x482
South Africa,Afrika t'Isfel,1283,M535x548S14c20498x485S18520492x533S2880c523x509S20320465x453S22a04465x474
South America,Amerika t'Isfel,1152,M516x528S14c22485x472S14c0a484x505S20500497x497
Spallejn_1 (Em),Shoulder_1 (Em),1637,M524x520S36d00479x516S20500471x501S20500486x500S15a53501x481
Spanja,Spain,1281,M521x525S36d00479x475S20e00462x497S1ea00494x498S2e704477x494S20500462x514
Spare Bedroom_1 (Lrn),,2508,M550x603S10051497x426S10059461x425S2d61b514x450S2d603460x451S2ff00482x483S15a17527x517S15a19510x503S20500525x515S15a50519x556S15a50473x554S22a04519x588S22a14473x586
Spare_Ribs_1 (Lrn),,1742,M553x557S1813e504x469S36d00479x444S37900522x447S21200509x453S26a06539x472S15d0a478x538S1d411509x502S20a03490x523
Speech Therapy (Loran),,1396,M535x607S15d39485x582S1f502496x561S26720519x565S33b00482x483S11800517x513S2e500485x512
Speed (Lrn),,2128,M560x518S26600535x458S2ff00482x483S1ee10529x488S2f700548x472S22102524x492
SPICCA,FINISHED,525,
SPICCA,FINISHED,526,
Spicca_1 (Krl),"Finish, End, Over, Conclusion",1860,M535x525S15d37466x497S15d51484x502S20e00495x484S26507514x493S20e00483x475S26507522x507
Spider,Brimba,1109,M540x532S14c50461x497S22510465x483S22b00524x495S22c04509x490S22c00499x469
Spinaci,Spinach,493,M613x569S36d00403x525S37902444x528S3780c464x552S20317489x535S20500572x519S30004561x483S19a20585x513S22f01463x531
Spizeriija_1 (Em),Pharmacy_1 (Em),1638,M521x524S36d00479x476S11508453x494S11502466x493S20500458x490
Spring (Loran),,1486,M514x540S14c00487x460S15a06487x511S22c00492x498
Spring (Lrn),,2229,M539x531S14c00462x469S15a1a512x496S37806481x502S21000492x516S22b06500x472
Sptar Karen Grech,Karen Grech Hospital,2419,M526x544S36d00479x457S18502465x464S20500476x486S20500512x485S14010464x514S10a40511x517
Sptar Mater Dei,Mater Dei Hospital,2418,M528x549S36d00479x452S18502465x459S20500476x481S20500512x480S18d50477x524S10110512x519
Sptar Privat,Private Hospital,2421,M525x593S36d00482x553S18502468x560S20500479x582S20500515x581S2ff00477x483S20500495x502S15a10480x503
Sptar_1 (Em),Hospital_1 (Em),1639,M522x520S36d00479x480S18502465x487S20500476x509S20500512x508
Sptar_2 (Em),Hospital_2 (Em),1640,M523x532S36d03479x469S37900473x472S10001502x502S22b04479x480S22b06477x483S21100459x480
Squirrel,,1134,M542x631S33b00482x483S1ea10509x532S1ea18467x531S15a18488x565S37800492x591S15010517x600S22b00520x566S21100496x593S36e00477x515
SSAJNJA,SIGN (TO),5,M522x536S14c10499x463S14c18478x475S2f900501x531S2ea00506x498S2ea4c484x510
Ssellef (Lrn),,1911,M605x541S11912419x492S1571a396x523S20500414x512S27110461x489S12910516x459S12918475x459S27100510x491S1f720577x500S26a00578x476S2fc04498x510
Ssellef_2 (Krl),Borrow_2 (Krl),2488,M533x561S1f217494x460S21301473x439S1ea40509x509S15a36468x549S2d701478x518S26904517x537
Sstartja_1 (Krl),Start Engine,1861,M535x524S1f748465x483S1ea50503x476S26906517x508
St Julian,,1049,M548x550S10a11520x449S2ff00482x483S2d904478x457S10710521x524
St Julian 2,,1203,M548x550S10a11520x449S2ff00482x483S2d904478x457S10710521x524
St Paul Bay,,1046,M553x565S10a11516x446S2ff00482x483S2d904474x455S15d27530x514S15d2e456x546
St Paul Day (Lrn),,2200,M625x577S22c04609x469S10002595x451S30000482x483S10113503x437S2e706488x466S15a22456x565S15a27524x527
Staġun,Season,2819,M535x523S1440a465x478S10002505x477S2e804498x491
Staġun,Season,2820,M535x523S1440a465x478S10002505x477S2e804498x491
Standing Order_1,,2489,M533x559S1f217501x462S21301478x441S15a18467x493S18510478x506S18520489x543S26500519x544S20500483x491
Statistika,Statistics,2422,M554x562S1dc28476x529S10050508x532S2490a518x519S35000482x483
Steamer (Lrn),,2010,M541x539S16c40515x518S16c48461x516S29400525x461S29418459x463
Sterlina_1,Sterling_1,2491,M524x517S15a36476x499S20b00484x484S10040509x487
Sterlina_2,Sterling_2,2490,M526x543S1f217505x436S21301482x415S2ff00482x483S20500493x505S1dc01483x513
steward,steward,872,M597x578S30000405x483S17d10411x462S22b00442x452S22104398x469S36d00472x514S20341487x535S20349480x557S20500476x547S22a04509x541S36d00554x511S19a52577x531S22b02563x562
Steward (Loran),,1436,M530x555S1f740481x445S20600470x467S1f748470x484S19a51507x519S2890e470x540
Stharrig jew Survey,Survey,2423,M534x526S10018467x475S10e51489x474S26d03507x500
STILLEL,STARS,108,M534x584S30a00482x488S30100482x477S1ee10508x527S1ee18461x527S22220499x537S22220479x537S26a06520x557S26a12467x555
STILLEL 2,STARS 2,112,M546x584S30a00482x488S30100482x477S26a12467x555S1dc29452x529S22220499x537S22220479x537S26a06520x557S1dc21516x528
Stonku_1 (Em),Stomach_1 (Em),1641,M521x532S36d02479x469S22a04493x517S21100508x514S15d02486x490
Storega,,2141,M565x563S30007482x483S18510512x486S20b00510x469S17d48530x548S15a34541x518S20500555x551
Stork,,1135,M555x558S1dc20531x467S33100481x458S22121522x472S33100483x508S22107527x518S26700539x516S1dc10509x513
Straight Hair (Lrn),,2160,M536x552S15a40520x479S30007482x483S22c04520x510
Strument_1 (Em),Instrument_1 (Em),1644,M579x559S10a00518x521S2b805493x526S35d00482x489S30150493x476S1eb20507x441S1eb28477x440S26706537x442S26712425x442
Strument_2 (Em),Strument_2 (Em),1643,M580x554S1eb20513x448S1eb28482x446S26606549x447S26612443x448S10a3e536x537S36d02479x504S21100520x536S22b00564x524
Strument_Bil_Vidjo_1 (Em),Instrument_Video_1 (Em),1642,M536x584S10a00517x546S2b805492x551S35d00481x514S30150492x501S2ff00483x451S19a10508x464S20500496x460
Strument_Bil-Video_2 (Em),Instrument_Video_2 (Em),1645,M580x604S36d02479x554S22b00564x574S10a3e536x587S21100520x586S2ff00482x483S19a10507x497S20500496x491
Student work,,36,
Studja (Lrn),,1906,M522x530S15d00503x470S15d08478x471S2e522485x507
Studja (Lrn),,1910,M519x533S15a00488x467S15a00507x467S2e422482x504
Suffejra_1 (Em),Jaundice_1 (Em),1646,M535x580S2ff00482x483S15d01508x496S22314461x535S26606505x484S20e00491x487S15011480x535S2df00503x559
Suit,,306,M621x551S36d00414x450S20301453x470S37703468x485S20301394x468S3770b379x483S26602440x458S26616397x458S20500438x476S20500425x476S2fb04428x506S36d00542x450S36d00543x484S20310588x520S37800594x489S22b00605x498S20318526x521S37800532x490S22b10508x497S2fb04559x545
Summer (Loran),,1485,M534x518S1f520447x462S30000482x483S26706481x462S21100521x476
Summer (Lrn),,2218,M541x518S30000482x483S1f510526x462S22b06489x462S21000458x463
Sun (Lrn),,2224,M521x520S14c11495x493S22631479x481
Sunday (Lrn),,2207,M528x526S10001507x475S28903473x499
Sunday old (Lrn),,2249,M584x582S30000481x483S36d00479x529S15a12541x485S20500495x467S20500495x571S20500462x515S20500524x513S22d04550x508S22c06542x515
Suppost,Suppose,777,M513x526S1ce40491x474S23000487x508
Supretendent,,2424,M550x576S36d00479x439S10e01465x443S20600463x424S14c20527x503S14c28470x505S2df07523x547S2df1f477x552
Sushi (Lrn),,1765,M534x549S22a04521x482S22a04500x488S22a04476x491S27c07492x467S1ce40466x451S10e02480x534S22122467x527
sw,,870,M670x568S32a00482x483S11e00468x497S23600631x551
sw class 01,,558,
sw class 02,,559,
sw class 02,,560,
SW space is sybolic?,,123,
sw_uni_gp4,,561,
sw1,,869,M520x549S30a00482x483S10e00505x519
Swab 1 (Lrn),,2425,M552x545S33100482x483S1ea00503x498S26506537x504S2df0f524x521
Swaba_1 (Em),Fingers_1 (Em),1647,M536x525S14c20510x494S14c28464x492S22510514x480S22510465x476
Swan,Cinja,1136,M535x529S15a1a508x517S37906468x522S18210494x472S37700513x487S21100491x505S26602465x483
Swatar,,1050,M526x515S20322475x500S18620508x485
Sweden,,1156,M543x531S15a1a473x519S17b12473x487S22b00508x469S20500458x513S22b00527x469S22104477x506S22104491x507
Sweeper Cleaner (Loran),Kennies Hassiel (Loran),1339,M545x558S1f751523x447S1f759488x443S2ea26499x478S26622460x470S15a39455x521S15a51471x517S21100468x540S26507490x545
Sweet Sauce (Lrn),,1766,M551x544S33b00482x483S10001510x508S21100489x513S26606480x528S2a20f528x507
Swieqi,,1051,M524x537S20322480x522S18630477x463S22c00508x490
Switzerland,,1166,M521x541S1ed06489x481S1ed00449x519S23304484x515S36d00479x460
Syria,Sirja,1280,M530x514S15a18470x487S10e02500x497S20602487x490
T,,11,
T,,945,M515x509S1f210485x491
T'shirt,Flokk bla kmiem,335,M521x523S36d00479x477S37800479x480S15a4e461x490S26506486x509S21100461x509
Ta Pinu (Loran),,1329,M586x555S11e20563x520S11e28415x525S28a1e441x469S13f28465x445S28a06528x471S13f20515x446S28a1c441x497S28a04539x495S22106574x482S22106431x482S15a18483x528S15a10510x527S20500499x540
Ta Qali,,1275,M530x535S1f210470x517S26600511x505S1f056515x466
Ta Xbiex,,1208,M535x513S10620514x487S1f210466x494
Ta_1 (Krl),"Give, Provide",1888,M528x535S15d39486x512S15d31505x511S2f900473x477S2b820489x466
TABIB,,89,M539x556S1571a502x538S37706478x540S13f11509x512S2ff00482x483S20800495x528
Tabib Loran,Doctor Loran,1296,M526x519S37706475x494S13f57503x489S20800491x482
Tabib_1 (Em),Doctor_1 (Em),1648,M525x524S15a57502x477S3780b476x493S13f57493x494S20800477x495
Tabib_2 (Em),Doctor_2 (Em),1649,M522x520S36d00479x480S18502465x487S20500476x509S20500512x508
Tablet (Lrn),,2139,M541x540S19d5a489x480S15d39483x517S2880e459x461S2880e468x476S20f00515x513
Taghha,Hers,299,M521x577S36d00479x533S34a00482x482S20321447x549S26601432x555
Taghhom,Their,2774,M523x523S20320477x508S2da05499x478
Taghhom,Theirs,305,M541x516S20320459x490S23404493x502S26806491x484
Taghkom,Yours,297,M535x516S20322465x496S26f00488x484S26706493x500
Taghna,Our,2775,M524x525S20312477x492S2d908486x475S20500504x514
Taghna,Ours,296,M527x517S20352473x500S2d908489x483S20500508x506
Taiwan (Loran),Tajwan (Loran),1385,M535x541S2ff00482x483S20311504x504S22e03516x522S20e00523x497
Tajjeb,Good,778,M508x512S1f540493x488
Talab_1 (Krl),"Pray, Beg, Ask for",1862,M530x527S15a10506x473S15a18479x473S20500493x483S23004505x509S23014471x507
Talab_2 (Krl),"Sign the Cross, Radd is-Salib",1863,M542x570S22d06475x517S30000482x483S15d02504x478S20500496x559S20500460x517S20500532x516S22d04492x502
Tar,Fly,571,M544x594S2ff00482x482S15d5f453x535S15d57521x536S23003506x549S23015466x547S2fb04491x588
TARBIJA,BABY,7,M517x528S15a36482x478S15a32490x472S26c22494x501
TARBIJA 01,,1226,M534x592S20500493x541S30120482x477S15a36507x551S15a32461x534S37806490x538S37806469x554S26522483x578S26526488x562S30d30487x495
TARBIJA 02,,1227,M518x607S15a32485x536S15a36489x563S30100482x477S20500496x549S26c22492x580
TARBIJA 03,,1228,M518x596S20500499x536S26c26489x569S15a32487x523S15a3a488x548S31500482x482S34310493x504
Tariffa jew Mieta_1 (Krl),,2492,M565x548S1f437456x471S21001436x452S10001527x456S10009516x456S2df18540x488S2df00511x488S2df00505x518S2df18544x513S26824527x498
Tariffa jew Mieta_2 (Krl),Tariffs,2493,M583x541S1f437437x479S21001417x460S10001508x464S10009497x464S2df18521x496S2df00492x496S2df00487x520S2df18517x518S26826533x471
Tarxien (Loran),,1330,M530x544S1f210487x456S11510500x488S2e300471x505S2df00509x523
Task Bar (Lrn),,2143,M526x518S11502450x466S22c06484x463S26f00482x438S2ff00482x483
Tavolina,,2518,M547x564S15a50504x418S15a50473x417S23c04524x440S23c1c443x443S14040509x512S33b00482x483S22e00524x546
Taxxa,Tax,876,M528x516S14c50485x485S21802473x494S2ea00513x491
Tbaccac,,606,M556x554S36d00479x447S37803525x456S3780b525x486S3780b446x457S37803447x486S20353511x511S2035b471x509S26a06542x505S26a12449x507S2fb04493x548
Tbaxxa_1 (Krl),Bend_Down,1889,M521x549S37202479x529S30104480x477
Tbazwar_1 (Lrn),"Exhausted, Knackered",1891,M584x596S2ff00482x483S15400505x496S15408481x496S22b04506x531S22b14475x534S15430520x571S15438477x570S15d40560x514S2330a558x546
Tbazwar_2 (Krl),"Exhausted, Tired, Sleepy",1890,M535x596S2ff00482x483S15400505x496S15408481x496S22b04506x531S22b14475x534S15430520x571S15438477x570
Tbengel,,628,M544x563S20302394x530S37806409x536S26602397x547S2ff00482x482S11501499x499S28806522x521S21100522x493
Te_1 (Lrn),Tea_1 (Lrn),1743,M554x546S33b00482x483S2c305527x521S1f210485x528
Teacher (Loran),Ghalliem (Loran),1340,M579x524S30104482x477S11511519x496S11519453x497S26f00539x490S26f10416x490
Techologija (Lrn),,2140,M532x533S21100499x467S2881d468x511S28805512x513S14e02498x485S14e0a474x484
Tefa_1 (Krl),Switch off Light,1865,M522x543S1f720478x458S22e04482x478S15412479x516S22104486x536S22a00509x513
Tefa_2 (Krl),"Throw Over, Gara, Waddab",1866,M574x523S36d00479x518S15620533x501S2b700555x486S22104541x478
Teknologija,Technology,2426,M534x526S15001506x475S15009466x474S22b03500x502S22b15471x502S20800494x500
tela,,792,
Tela'_1 (Krl),"Go Up, Walk Up, Climb Stairs",1868,M522x540S11850499x513S22513482x516S22c00479x460
Telaq,Gone,572,M580x573S2ff00482x482S15d47531x532S23003515x548S26607558x507
Telaq_1 (Krl),"Leave, Left",1874,M567x533S26607540x467S15d47544x492S23003528x508S36d00479x505
TELEFON,TELEPHONE,6,M535x517S2ff00482x482S19a02515x488
Telefon,Telephone,764,M535x520S2ff00482x483S19a02515x492
Telefon,Telephone,875,M538x518S2ff00482x483S19a02518x489
Telefon_1 (Krl),"Telephone, Phone, Call, Phone Call",1867,M544x527S2ff00482x483S19a02524x483S22a04529x512
Telf_1 (Krl),Loss,2427,M538x527S14c01498x474S14c09476x474S24e05516x502S24e1d462x503
Telf_2 (Lrn),Loss,2428,M522x530S1f521500x470S22c03478x497
Temp,Weather,441,M578x517S14c20529x443S33b00482x482S2930a537x477
Temp Hazin,Bad Weather,444,M624x582S14c21536x463S33b00482x482S24605587x505S19210516x563S26500542x567S2930a567x484
Temp Ikrah (Loran),,1495,M568x539S14c10432x471S29904438x507S17420534x521S17428504x520S26620521x491S14c20545x464S14c28488x461
Temp Sabih (Loran),,1494,M552x559S14c10421x488S29904430x527S30005482x483S20f00521x505S1eb11525x483
Temperatura_1 (Em),"Temperature_1 (Em), Termometru_1 (Em), Thermometer_1 (Em)",1650,M550x520S10018477x490S10052473x481S21100450x491S23604511x494
Temperatura_2 (Em),Temperature_2 (Em),1651,M552x526S33b00482x483S1f210519x508S20500506x506S22b00536x474
Temporanju,Temporary,2429,M540x568S10a12430x521S14c1a435x545S20600396x542S1f010489x527S26500526x526S31b00482x483
Ten,Ghaxra,2674,M527x516S14c00504x485S14c08474x485
Tennis shoes,,276,M615x540S26603407x486S15a57385x479S16c51403x460S1f548530x470S1f510551x479S21300538x500S2d400572x472S2d410483x472S2fc04542x529
Test,,2430,M576x518S2ff00482x483S1f210546x490S26606510x487S1dc02476x486
test,,203,M507x506S2fc04492x495
test,,59,M507x515S10000492x485
test,,737,M531x518S11e00470x482S14c00508x487
test 1,,278,
Test francesca,,651,
test to remove,,694,
test vicky,,652,
Test_Demm_1 (Em),Blood_Test_2,1652,M576x553S2ff00482x518S1f210546x525S26606510x522S33b00482x448S10001504x478S21100522x471S26506533x489S1dc02476x521
test1,,960,M541x518S2ff00482x483S10000526x476
TESTING,,742,
testing,,148,
testing,,149,
testing,,39,M527x552S10000512x522S30a00482x482
testing sentences,,509,
testing sentences 1,,510,
testing2,,40,M543x561S10000528x467S30a00487x450S10e00524x531S30a00476x514
Testment_1 (Krl),Will_1 (Lrn),2494,M523x543S15a40477x457S2330a495x459S17d10482x501S26604507x503S20500503x532
Tewm_1 (Garlic Butter?) (Lrn),"Garlic , Garlic Butter",1744,M557x575S15d39465x432S21400444x426S11551482x436S27103499x470S2a401515x451S20f00465x461S10049472x534S14c47510x549S20f00491x539S26a07536x530
Tewmin (1),Twins (1),207,M530x542S2ff00482x482S1f240449x482S28f06476x505
Tewmin (2),Twins (2),208,M521x561S10e04493x499S2c701485x532S36d00479x439
Tghallem (Lrn),,1905,M561x518S30000482x483S17b10527x419S17b18465x416S18510536x484S18518445x481S26624496x440
Thailand,,1184,M556x556S33100482x483S10002504x503S20e00482x499S22b04492x526S26903537x517
Theatre,,2834,M599x575S2ff00421x483S2ff00544x482S1f612446x539S1f61a424x529S26c00401x560S26c00445x518S20800501x512S1ed10569x521S1ed18525x522S2da13567x542S2da0b526x541
Theshold (Loran),,1496,M598x580S14c08429x421S20f02403x467S20f02454x456S15a02423x463S23100430x494S37800438x453S10050533x424S10058511x425S27a02538x464S27a1a496x461S15a50564x553S15a58583x519S2880c586x554
Thief (Loran),Halliel (Loran),1341,M535x524S14c48465x477S2233b497x480
Three,Tlieta,2667,M509x515S18600491x485
Thursday (Lrn),,2211,M529x519S14c01503x481S28903471x492
Tieghek,Yours,295,M520x515S20322481x497S26600504x485
Tieghha,Her,2798,M613x601S20320566x586S26607591x563S22a04506x542S10010508x506S20e00525x531S2ff00482x483
Tieghi,Mine,294,M511x518S20500490x507S20303490x482
Tieghu,His,2800,M622x553S2ff00482x483S20320571x538S26707591x508S26500504x462S17e10521x484
Tieghu,His,298,M521x579S20321442x558S26601453x543S36d00479x524S34500482x482
Tifel,Boy,211,M542x594S22d04520x513S15a51519x571S22104481x465S26600511x452S17c10489x455S30000482x482
Tifla,Girl,212,M554x630S20e00522x498S22b04538x512S15a51515x607S10020518x510S22d04518x552S30005482x482
Tiger,Tigra,1137,M550x543S15027522x457S22e03509x481S22b03488x470S37800451x503S10e01474x511S20f02455x510S26a06503x516
Tights,,325,M531x541S36d00479x460S37800479x463S22b01473x507S16c51506x502S22b00458x463S37803480x494S21100517x527
Tigne Point (Loran),,1463,M530x526S15a37471x503S1f311499x475S20500483x500
Tilef_1 (Krl),"Lose, Defeat",1869,M514x528S1f521487x473S22f03493x507
Tiler (Loran),Tal Madum,1342,M570x562S15a37447x459S1f740463x439S20610431x461S10051481x503S10059445x503S27504478x533S2751c445x533S26726524x510S27504546x537S2751c518x538
Timbru_1 (Krl),Rubber Stamp_1,2495,M531x524S17e11488x477S15d39469x501S20500479x498S22a00518x484
Tint (Lrn),,2289,M571x518S30007482x483S15a13517x459S23601541x430
TISRAQ (sw class),,562,
Tissue,,333,M548x552S33100482x482S1f047504x502S26a00504x538S21200520x494
Tkellem (Lrn),,1904,M573x592S30004482x483S20600490x527S10010513x540S10018469x542S23600534x556S23610426x557S2fc04489x581
Tletin,,2708,M531x516S18620469x485S17618515x500
tlett mija,,2731,M539x516S18620462x485S17614496x500S17614523x499
tlett mija u tlieta,,2732,M540x516S18620461x485S18620522x486S17618496x499
tlett mija u tmienja,,2733,M552x515S18620449x485S11e26522x491S17618484x496
Tlettax,Thirteen,2681,M521x516S10020480x486S18620503x485
Tlieta,,2692,M508x515S18c20493x485
tlieta u erbgħin,,2712,M530x516S14420471x484S18620512x486
Tmenin,,2721,M528x512S11e26472x488S17614512x496
tmien mija,,2739,M550x512S11e26451x488S17614498x494S17614534x496
tmien mija,,2740,M550x512S11e26451x488S17614498x494S17614534x496
Tmienja,,2696,M515x512S11e26485x489
tmienja u ħamsin,,2716,M532x514S15a00468x487S11e26502x488
Tmintax,,2703,M536x515S10020464x485S11e2e506x491
Tnax,Twelve,2680,M521x516S10e28506x485S10028480x486
Tnedija_1 (Lrn),,2431,M552x563S10002515x439S1000a472x440S20500504x438S10e01517x463S22101508x464S1000a471x513S10002502x514S28a05508x533S28a1d466x532S22e04535x517S22e14449x516
TNEJN,TWO,1213,M569x541S30100482x477S10e01525x511S26500555x512
Tnejn,,2691,M508x515S11520493x485
Tnejn u tletin,,2709,M530x516S18620471x484S10e20515x486
Toast (Lrn),"Bread Toast, Hobz Toast",1767,M555x548S16c40515x453S16c48464x453S22a04542x459S22a14446x459S2fb04492x483S18149468x522S17f03488x507S22f04488x534
Toaster (Lrn),,2009,M577x529S16c40468x481S16c48424x479S18052562x471S17d48547x514
Today (Lrn),,2254,M533x511S10a12507x490S23004467x493
Toghma (Lrn),,2007,M578x558S33b00482x483S10111512x516S20500522x509S18317559x531
Toilet (Loran),,1497,M508x537S11810492x464S22c04492x495
Tomorrow (Lrn),,2221,M521x515S10020506x485S2d501479x487
Tones (Lrn),,2290,M571x518S30007482x483S15a13517x459S23601541x430S1e810427x443
Tonsilli_1 (Em),Tonsils_1 (Em),1653,M543x539S33b00482x483S10e54528x503S26504514x524
Toolbar (Lrn),,2142,M564x542S15a18436x489S16620454x493S21100450x520S2e100452x463S15a02537x459S15a0a529x480S22c14531x500
tortoise 2,fekruna tal art 2,1246,M526x518S17119505x483S1f712493x498S21400511x505S21800474x492
Towst (1),Toaster (1),494,M513x532S18202490x468S18202498x473S22b24487x502
Towst (2),Toaster (2),495,M508x559S20330492x544S20350493x441S22b04492x462S22b10491x508S20500495x495
Traccar tal-Kuntatt_1 (Lrn),Contract Tracing,2432,M541x557S22120472x466S22120501x468S11851509x446S11859459x444S22b24490x480S1a710516x528S1a718464x529S20600493x538
Trampolining,,2832,M518x567S15a12480x555S10e0b433x477S1180b469x523S26605437x524S20800458x508S2ff00482x483
Translator (Loran),,1343,M523x533S15a36479x477S15a10504x468S2a400498x497S20600477x493
Translator (Loran),,1344,M549x566S15a36479x443S15a10504x434S2a400498x463S20600477x459S1dc20502x516S1dc28467x517S26606519x550S26612452x550
Trash (Lrn),,2083,M535x533S15610519x467S15711465x514S22b03487x478
Travelling (not by plane),,2828,M518x551S11010463x505S2ff00482x483S2d60c442x538
Treatment (Lrn),,2291,M591x611S27100551x537S27114467x531S21100521x557S15d48508x523S15d40530x523S22b04522x581S30005482x483S1e810418x491
triljun,,2748,M543x530S10000458x470S1f210482x484S22d06493x514
Trunck (Loran),,1500,M593x565S12a12444x436S12a1a408x436S2b725427x462S15a02516x488S15a06483x489S28a0b545x491S28a03448x494S14c48536x530S14c40503x530S2d708554x551S2d710468x547
Trunks 1 (Lrn),,1525,M555x579S1ea01510x424S1ea09463x421S2a201535x443S2a219446x443S15d02504x468S15d0a465x467S28804449x483S2881c534x483S14c50501x517S14c58466x517S2eb02506x557S2eb16453x556S2fb04490x573
Trunks 2 (Alx),,1524,M548x578S36d02479x423S15a32500x464S15a3a472x464S26506533x464S26512446x464S18121495x516S18129474x526S2ea00495x535S2ea10477x553S2fc04497x567
Ttajpja (Lrn),,1903,M580x533S14c50506x499S14c58466x498S23720480x468S22c06538x517S22c12420x517
Ttawwal_1(Krl),"Peep Over, Look Over",1864,M535x563S30300482x477S32113490x499S2b700516x518S10e10490x509S22e04490x545
Ttestja Negativ,Tested Negative,2433,M576x580S2ff00482x483S1f210546x490S26606510x487S1dc02476x486S10052504x554S15a28496x553S20500507x542
Ttestja Positiv,Tested Positive,2434,M576x591S2ff00482x483S1f210546x490S26606510x487S1dc02476x486S10052504x554S20500507x542S10018508x561S20500497x549
Ttewweb_1 (Krl),Yawn,1909,M524x535S34400482x483S15d01501x512S26a04465x518S31630489x493
Tube Tint (Lrn),,2276,M523x534S1e810498x495S1e818482x513S20500478x500S26600504x467
Tuesday (Lrn),,2209,M528x521S18601502x479S28903472x494
Tuffieha_1 (Lrn),Apple_1 (Lrn),1745,M544x540S33b00482x483S15330512x515S2b700525x501
Tunisia (Loran),Tunezija (Loran),1386,M557x523S2ff00482x483S1d120528x472S22122518x480S26a04521x509
Turkey,Turkija,1185,M534x518S2ff00482x483S1ed40475x474S20600512x477
Turkija 2,Turkey 2,1277,M518x562S36a00482x477S15712485x526S22510480x549
Turkija 3,Turkija 3,1287,M518x536S36a00482x477S14c52473x512S22512459x514
Tursin_1 (Lrn),Parsley_1 (Lrn),1746,M539x563S15a56490x475S14c30506x454S22510507x437S26602461x459S10018477x533S1d410496x522S26f06525x521S20602484x521
Tvalja,Table cloth,496,M583x558S1ce50531x446S1ce58448x446S22b00531x502S22b10453x501S1ce20561x444S22e00531x480S22b04562x482S22e10453x480S1ce20416x443S22b14417x480S2fb04493x552
Twaqqif tal-Knisja (Steve),,1471,M531x553S15a11507x457S15a19469x460S20500494x448S15a06485x529S15a08497x526S22b00515x520
Twitter (Lrn),,2121,M518x524S30004482x483S1ee20455x498S22122441x502
Two,Tnejn,2666,M508x515S10e00493x485
U,,1026,M507x515S11520492x485
U,And,2778,M530x515S11520470x485S28a0a494x494
U,And,413,M525x515S11520475x484S26606495x499
Ufficju 1 (Stv),Office 1 (Stv),1521,M548x549S10051510x452S10059465x451S2d512452x478S2d50a525x480S15d3a473x517S1ea50503x528S20e00484x529S26506533x535
UfficjuTifi tan-Nar (Loran),Fireman (Loran),1437,M539x604S1e102489x396S37800507x420S1e10a483x441S26626496x468S26622483x481S14c00503x531S14c08474x555S22510517x520S22510462x537S23100505x570S23110470x587
Uganda,,1288,M535x513S15d37466x490S1f040506x487S20600480x495
Ugiegh ta' Ras_1 (Lrn),Headache_1,2436,M558x559S30c00482x483S20500507x475S15a11523x484S1f701508x537S26c00531x538
Ugiegh_Ta_Ras_1 (Em),Headache_1 (Em),1654,M553x561S30c00482x483S20500496x478S18501522x473S14c03505x532S2e230534x529
Ugiegh_Ta_Ras_Qawwi_Emikranja_1 (Em),Migraine_1 (Em),1655,M581x597S30c00482x492S20500496x487S18501522x482S14c03515x563S30350495x473S1f701513x520S26a00540x521S2e230545x565S2f900570x528S2f900569x572
Ugiegh_Tad_Dahar_1 (Em),Backache_1 (Em),1656,M569x541S36d00479x468S2b705520x459S20500511x479S15a24542x467S14c03522x512S2e230550x509
Ugiegh_Tad-Dahar_Isfel_1 (Em),Backache_Lower_1 (Em),1657,M558x614S36d00479x531S2d909515x525S15a02518x549S14c03489x585S2e230517x582S30c00482x483
Ukoll,Too,2768,M524x513S11920503x487S2d500476x493
Ukoll/Anke,As well/Too,771,M509x527S11520493x474S22e00492x509
Ukoll/Anki,too (as well),398,M509x526S11520493x474S22e04492x508
Ukraine,,1167,M548x559S33b00482x483S1ea10524x513S26606498x496S22e04531x541S20e00532x498
Ultrasound_1 (Em),,1658,M526x529S36d02479x471S1f752491x509S2e500465x502S21100513x515
Ultrasound_3D_1 (Em),,1659,M548x566S18620485x440S26500507x453S10110532x434S2e300508x539S1f732488x538S36d02479x506S21100469x542
Ultrasound_4D_1 (Em),,1660,M548x566S21100469x542S26500507x453S10110532x434S2e300508x539S1f732488x538S36d02479x506S14400479x436
Umanitarjanizmu_1 (Lrn),Humanitarianism,2437,M534x537S15d37467x514S1f540475x496S2b720467x463S1ed26515x473S22b04514x507
Uncle (Loran),,1479,M592x534S30007482x483S20500517x477S1de12532x480S2460a553x510
Undo (Lrn),,2117,M526x513S1f520502x487S26602475x497
Uniform Cut (Lrn),,2275,M539x538S10e10524x508S10e18461x508S28901507x471S28919468x470S20500495x462
United Arab Emirates,,1186,M555x528S16d01529x485S30006482x483S21100519x501S22b03531x504
Upload (Lrn),,2118,M530x539S11520501x465S22c04500x497S22100518x462S37800483x501S15d08470x475
Upstyle (Lrn),,2263,M539x565S14f17456x539S14f1f514x540S22b20493x525S1f810519x513S1f818460x514S33000476x483
Upstyle Wedding (Lrn),,2264,M617x628S14f17456x539S14f1f514x540S22b20493x525S1f810519x513S1f818460x514S33000476x483S14c1a569x605S1d412589x595S22a02570x588S21100549x585
Username (Lrn),,2119,M585x569S30007450x449S10011547x519S20500475x437S20500535x508S30007514x517S22a07512x459S19200487x455S2a205564x546
Uza_1 (Krl),"Use, Make Use Of",1870,M541x528S11511490x477S11519459x491S21100473x473S27103514x502
V,,1027,M508x515S10e20493x485
Vaccin_1 (Lrn),Vaccine,2438,M526x526S37800475x475S11e13489x474S22103488x501S20500479x482S2f804488x515
Vaganza,Holiday,784,M533x546S36d00479x455S14c12502x488S20500512x475S20500475x475S14c1a465x488S22522507x514S22526481x514
Vagina_1 (Em),Vagina_1 (Em),1661,M541x522S1dc51511x489S1dc59460x489S20600491x478S20600488x511
Valentine Day 1 (Lrn),,2190,M522x520S17311502x497S17319479x498S21100496x480
Valentine Day 2 (Lrn),,2191,M546x521S10e01471x488S10e09506x491S22517528x482S22511454x479
Vapur (Loran),Ship (Loran),1468,M531x535S16041508x503S16049470x504S20500496x503S20500497x524S26620493x465
Variation of Index finger,,31,
VAT_1 (Krl),"Tax, Taxxa",2496,M543x555S10e20457x445S1f720481x460S1f210513x462S15010474x498S22102458x513S26604501x525
Vazett,Jar,497,M571x540S1ed20429x498S16c48516x519S15051517x480S2a401538x461
Velu 1 (Stv),Veil 1 (Stv),1522,M556x572S2ff00486x456S10001535x464S10009452x465S28814473x466S2880c523x465S36d00479x561S14c11523x512S2ff00482x510S14c19451x512S22b05519x535S22b13458x536S20500463x560S20500528x561
Velu 2 (Stv),"Veil (Stv), Hijab 1 (Stv), Hijab 1 (Stv)",1523,M549x552S2ff00482x483S15d09477x506S15d11507x463S20500502x501S2e500486x525S2e508526x479S2fc05524x520
VERBS - Aspect,,556,
VERS,VERSE,1033,M527x517S15a37472x493S1f010487x502S26507514x482
Veru,True (Real),414,M555x600S30144482x476S15d39481x571S15d41488x547S20600495x589S23600516x550
Very Long Hair (Lrn),,2169,M536x527S15a16465x475S15a1e509x473S2d821469x500
Vettura tat-Testijiet tal-Covid,Mobile Unit for Covid Testing,2439,M608x560S33100449x486S1ea00470x501S2ff00516x480S2df0f491x524S15a40418x533S2b700406x503S1dc02530x479S22101541x470S26506565x489S1f210578x486
vicky assignment,,672,
Victoria,,1052,M509x539S11a20492x509S26700493x462
Video Call (Lrn),,2116,M532x545S14c40496x485S1730a468x456S23700493x524
Video Camera (Lrn),,2146,M548x534S31a00482x494S19a10520x514S20500521x499S30356496x481S30352493x471
Vietnam (Loran),Vjetnam (Loran),1387,M561x525S2ff00482x483S10e21525x476S20500512x477S20500515x504S2450a530x507
Virus_1 (Lrn),,2440,M522x530S10e20478x471S2e400493x497
Visa_1,Visa,2468,M530x515S1f452515x486S26602470x487
Visor_1 (Lrn),,2442,M523x541S2ff00482x483S15d02496x476S22c04495x499
Vit (Lrn),,2008,M569x550S1d510452x494S1d548432x521S28b01431x451S17411549x482S22b04552x502
Vjola,Purple,249,M548x529S31a00482x482S11501515x502S21100500x501S28806526x494
Vjola 2,,258,M546x531S31a00482x482S11501510x504S21100496x499S28806524x498
Vodka,,498,M543x541S30005482x482S20600521x498S10e10512x511
Volleyball,,2830,M530x564S2ff00482x483S11f10469x534S11f18506x534S26c00488x522
Volleyball,,2831,M530x564S2ff00482x483S11f10469x534S11f18506x534S26c00488x522
Volume (Lrn),,2277,M576x518S10e21508x465S10e29469x465S30000482x483S28a13430x472S28a0b546x473
Volunteering,,2829,M521x563S36d00479x518S2ff00482x483S1da15466x528S20500492x527S26c03497x545
Voluntier,,2441,M577x527S1d410534x499S36d00479x503S26f00537x474
Vulnerabbli,,2443,M521x520S10e20495x490S21800479x480S21800503x480
Vvjagga,Travelled,573,M534x570S2ff00482x482S19a51511x543S26602472x550
W,,1028,M509x515S18720491x486
Wahhal (Lrn),,1902,M582x554S15a18419x462S15a12445x475S23600435x500S21100435x447S15a10570x527S15a18550x527S21100558x506
WALES,WALES,4,M544x563S2ff00482x482S18720525x483S22a04528x515S18b20524x533
waqa,fall,946,M531x535S15a56470x523S10e04479x493S2b700490x466S2df08510x486
Waqaf_1 (Krl),Stop_1 (Krl),1871,M540x530S15d20521x470S15d28460x473S25624496x482S2f900496x525
Wara,After,760,M554x556S10002502x541S2b700535x522S33c00482x483
Wara (Lrn),,2240,M531x517S10012470x502S2d706504x483
Ward_L_Isptar_1 (Em),Ward_1 (Em),1662,M547x528S10051517x418S10059477x416S2d60b522x447S2d613469x448S20500501x454S2ff00482x483S15a17520x505S20500516x502
Warden (Loran),,1345,M527x523S15a37474x482S18651501x497S22510503x478S20500483x487
Warm 1 (Lrn),,2257,M601x541S20310509x516S30005482x483S15a11559x518S23603572x499
Warm 2 (Lrn),,2260,M516x508S20310501x492S22a02485x495
Wasal,Arrived,574,M544x524S20b00457x486S15d39457x501S17f42515x477S28a02476x476
Wash Hair (Lrn),,2173,M654x576S30007482x483S1d411512x464S20500501x471S20337580x519S20351596x530S27207621x542S21100571x549
Waterfront 1,,1201,M544x537S10e20509x463S10e28477x466S24109516x504S24111457x505
Waterfront 2,,1202,M544x538S24109516x505S24111457x506S18620513x468S18620472x469S20500498x463
Waterfront Birgu (Loran),,1323,M564x535S14728482x467S14720507x466S28f06510x497S28f1e437x498
Waterpolo,,2827,M518x530S14c30449x499S2ff00482x483S27306444x481
Wavy Hair (Lrn),,2161,M582x540S15a11520x472S30007482x483S29d05542x496
Wax 1 (Lrn),,2292,M573x518S30007482x483S15a11512x480S18511546x454S20500498x470
Wax 2 (Lrn),,2293,M573x519S30007482x484S15a11512x481S18511546x455S20500492x469S15a19463x480S18519437x456S30001483x482
Web browser (Lrn),,2120,M537x516S18620463x486S18620490x484S18620519x484
Webcam (Lrn),,2105,M563x544S11e14540x512S11e12523x456S11e1a463x456S11e1c437x514S28817460x496S2880f518x500
Website (Lrn),,2133,M537x516S18620493x486S18620464x486S18620519x485
Wedding (Lrn),,2205,M525x535S14c1a475x491S1d412497x481S22a02510x466S21000483x520
Wedding Reception (Lrn),,2206,M551x539S14c1a449x486S1d412471x476S22a02484x461S21000457x515S11e17517x514S2e70a526x497
Wednesday (Lrn),,2210,M529x522S14401501x478S28903472x495
Week (Lrn),,2233,M539x531S10040462x487S15a1a512x489S37706489x495S22c06484x469S21000506x516
Welder (Loran),,1397,M531x519S15d49470x487S1dc02501x489S20500480x482S20500484x495S20500476x508
Welder_2 (Loran),,1439,M555x561S2ff00482x483S37050496x470S15a18485x505S1ea20502x507S26a00528x515S2e500507x534
Wera (Lrn),,1901,M624x592S10e20523x501S31a00482x483S20500521x487S14c20601x557S10019568x562S21100588x544S26720587x496
Whale,,1138,M538x545S15d10519x494S28b03462x456S28b31499x456S22e04515x527
Whale watching,,2826,M608x536S2ff00482x483S17414502x493S1741c476x493S2d503489x521S20800543x508S15d19585x501S2d508586x480
Whatapp (Lrn),,2115,M516x534S10e50484x467S24109488x502
Wheelchair dancing,,2823,M541x577S20243342x455S2024b378x456S14c1b339x495S14c13377x496S20600361x544S2ff00481x483S36d00479x525S20900489x534S20011472x557S20019503x556S2f920462x518S2f930530x518
White Bear,Ors Abjad,1139,M558x551S15028455x438S15020520x438S2b710455x413S2b700518x411S36a00482x477S10001522x519S20e00505x515S26600542x521
Widna,Ear,388,M559x517S33010479x482S1d010536x478S20500523x494
Widna_1 (Krl),Ear_1 (Krl),1663,M559x518S33010479x483S1d010536x479S20500523x496
Wied iz-Zurrieq (Loran),,1384,M571x557S31a00482x483S20500520x492S1dc11506x504S2450a515x539S18120559x521S2b800545x475S15a47540x416S15a4f470x414S22b03522x438S22b15489x439
Wiegeb_1 (Lrn),,1899,M518x518S10e12487x422S30004482x483S28404489x443
Wiegeb_2 (Lrn),,1900,M518x518S10e12483x421S30004482x483S28400489x444
Wieghed 02 (Steve),Promise 02 (Steve),1472,M522x539S33b00482x483S19200501x512S26702454x523
WIEHED,ONE,19,M551x528S30a00482x482S10000536x498
Wieħed,,2690,M508x515S10020493x485
Wieħed u għoxrin,,2706,M526x516S10e20474x484S10020511x486
Wifi (Loran),,1503,M544x526S10018456x496S14c12477x477S26b00517x474
Wiki (Lrn),,2114,M548x540S18620505x473S18620477x474S2d51e452x469S2d506528x468S2df06510x514S2df1e476x516S20500495x461
Wild Animal,Annimal Selvagg,1140,M531x545S1a310504x455S29202469x475S20301492x513S2ea00516x520
Wind (Lrn),,2255,M514x537S14c10491x464S23502487x500
Window (Lrn),,2108,M559x522S1ea50497x500S1ea58467x501S26606529x480S26602523x492S26612444x478S26616442x491
Wine tasting,,2825,M518x557S11815368x515S17610393x541S22b01389x502S2ff00482x483S10009476x507S20800446x530
Wine_rack (Lrn),,2005,M590x532S17448410x516S11003427x490S22b07454x469S16d16526x509S16c50530x481S2920a559x487S22b16559x510
Winter (Loran),,1501,M540x536S17610523x464S17614465x467S23612461x495S23606523x497
Winter (Lrn),,2228,M531x531S20310514x472S20314469x470S29a0c516x496S29a14472x495
Wireless (Lrn),,2113,M539x537S14c50491x480S19218461x487S37800465x505S22510490x463S26c02524x497
Wirt_1 (Krl),Inheritance_1 (Krl),2497,M533x572S15a40489x428S2330a507x430S17d10483x518S26604502x517S20500508x561S1f437492x468S21001467x455
Wiski,Whisky,499,M543x539S30005482x482S20600521x498S18610513x509
Wisq (Lrn),,2006,M580x556S30004482x483S20500493x519S14c00557x515S14c08429x525S17700518x510S17708464x510
Wolf,Lupu,1141,M577x518S33100482x483S17d00532x495S22102520x497S26600561x484
Word (Lrn),,2104,M535x573S18620491x428S14c50503x494S14c58465x494S22c24489x531S22510513x475S22510465x479
Worker (Loran),,1346,M516x525S1f740496x475S1f748484x510S20600487x492
Worker Day (Lrn),,2198,M562x537S22c04546x482S10002532x464S20341465x479S20349438x508S23503481x491S20603470x518
X,,1029,M510x513S10620489x487
X-Ray_1 (Em),,1664,M540x543S10019484x458S10011493x459S20500479x457S1dc18516x512S1dc10460x513S21800502x510
Xadina,Monkey,1087,M545x587S1501d517x546S2ff00482x483S15017449x458S20f01470x474S20f02497x552S22121438x452S22124518x580
Xaghjra (Loran),,1331,M587x598S36b00482x482S1f410533x483S20e00516x481S26506572x480S11501476x540S22b04468x568S22b06468x568S20e00448x570
Xaghra,,1056,M546x518S30007482x483S20500510x475S10059403x489S10051424x487S1d411521x462
Xalata (Lrn),,2202,M548x559S26600531x441S14c41522x480S1f809452x529S1f821468x513S20603480x540
Xalla,Scarf,336,M570x557S20301489x519S3770b473x535S1ea11526x471S2ea01549x454S36a00482x477
Xamm_1 (Lrn),Sense of smell,2444,M525x536S33100482x483S10001504x506S20600503x494
Xandir jew Media_1 (Lrn),Broadcasting or Media,2445,M579x528S1f750509x510S1f758467x513S26a07534x497S26a11444x493S14c57553x476S14c5f422x473
Xeghel_1 (Krl),Switch On Light,1872,M522x543S1f720478x458S22e04482x478S22a04509x513S22100486x536S15612480x509
Xemxija (Loran),,1054,M523x548S14c20478x453S20350482x533S25604481x492S2e230504x464
Xewa (Lrn),,1898,M563x553S14c02446x470S1d419437x447S21100470x454S15a30510x523S15a30551x526S26720530x510
Xewkija,,1053,M517x524S10041496x493S10049484x494S20500496x477
Xi Haga,Something,2796,M566x533S14c01508x486S14c09465x506S2d910435x493S2d908528x468
Xitwa,Winter,145,M571x540S36e00477x460S20340507x487S20348475x486S37903515x501S3790b446x499S27102535x476S2711a452x477S2f700559x491S2f700428x493S2fb04491x531
Xix,What,2773,M513x537S10020494x463S2a400488x501
Xlendi,,1055,M527x549S10050478x451S26e03503x462S25804506x499S15d50473x513
Xmun Pietru,,752,
Xoghol,Work,26,
Xorob_1 (Krl),"Drink, Drink Alcohol",1907,M518x565S33b00482x483S16d40494x522S23000491x547
Xorob_2 (Krl),"Drink , Legleg",1908,M544x539S33b00482x483S1f710493x524S26a04517x523
Xorts,Shorts,337,M553x550S36d00479x450S36d00478x499S1820c509x514S18204467x515S26506538x516S26512448x515S2fb04492x544S21100515x536S21100469x536
Xorts (Loran),,1502,M576x513S14b00506x488S14b08474x489S26702425x496S26716534x497
Xots,Shots,500,M540x527S1ed20459x473S26806490x511S26f00491x498
Xott (Lrn),,2002,M583x514S18317564x487S1831f418x486S17710506x491S17718468x490S22a06539x491S22a12445x492
Xtaffa (Lrn),,2004,M560x532S15a50489x505S15a50509x505S22b06530x497S22b06530x468S22b12444x500S22b12441x472
Xtara (Lrn),,1897,M526x539S13e36476x461S22c04475x497S20f00500x471
Xtilliera_tal-platti (Lrn),,2003,M552x542S1ed40490x458S1ed48449x459S18252480x517S18252511x519S2da26536x501
Xuffier (Loran),Driver (Loran),1440,M555x570S1f731509x432S1f739463x431S26d03517x451S26d1b446x452S2fc04487x485S14c28462x531S14c01514x516S26513479x557S26507542x538
Xxotta_1 (Krl),"Xotta, Xotta bix-Xugaman, Dry Oneself with Towel",1873,M590x552S1f720536x448S1f728450x499S36d00479x456S23603561x466S23617457x523
Xxotta_Platti (Lrn),,1896,M579x570S14c37421x451S14c51454x453S21100442x481S2ea02436x431S1ed40553x528S1ed48492x529S22a24533x555
Y,,1030,M514x510S19a20486x490
Yahoo (Lrn),,2111,M516x531S19a20484x470S2e600487x498
Yak,,1142,M543x518S2ff00482x483S14c21515x476S14c29459x476S22100484x470S22100507x470S2df1e460x450S2df06523x451
Year (Lrn),,2194,M521x544S34700482x483S10a42495x529S20500493x517
Yesterday (Lrn),,2219,M526x522S10000475x478S2d709497x499
Youtube (Lrn),,2112,M554x554S19a20526x490S31a00482x483S20500518x495S1f210498x536
Z,,1031,M525x520S10040474x490S2450a494x479
Z (tikka),,1032,M531x517S1dc40469x483S2450a500x499
Zabbar,,1276,M559x512S15d32532x493S36d00479x488S20500507x499
Zalzett_1 (Lrn),Sausages_1 (Lrn),1759,M583x512S22122504x488S1f020518x495S22126489x490S1f028456x496S26606553x495S26612417x496
Zaqq,Belly,387,M521x539S36d00479x462S14c02479x516S20c00485x496
Zar,Visits,551,M597x564S2ff00420x481S15a40453x537S26600476x534S2ff00543x483S20500564x492S10e10560x503S26600581x504
Zarbun,Shoe,338,M524x524S26603497x502S15a57475x496S16c51499x475
Zarbun tal-futbol,Football shoes,339,M575x542S26603448x484S15a57426x478S16c51450x457S15a59523x478S20304544x505S37707551x499S22e00544x524S20b00542x489S21404527x509
Zbarazza (Lrn),Tidy_up,1894,M591x568S14c31452x438S14c39410x433S2eb08458x475S2eb48409x476S2fc04431x479S18528492x538S18520530x536S2da04551x556
Zbarazza (Lrn),Tidy_up,1895,M591x568S14c31452x438S14c39410x433S2eb08458x475S2eb48409x476S2fc04431x479S18528492x538S18520530x536S2da04551x556
Zebbug,,1209,M541x515S1f120459x485S2470a498x489
Zebbug Ghawdex,,1332,M540x544S1f017472x456S2460a501x466S11550460x509S22120472x514S26606484x528
Zebra,,1143,M537x553S1ea38470x447S1ea30507x447S23000511x474S23010463x476S37800472x511S20f02479x515S10e01497x523S26a06523x514
Zeffiena (Loran),Dancer (Loran),1441,M609x553S1f731517x465S1f739473x490S2ea00536x486S2ea10469x520S2fc04508x542S1ed56590x476S22b04590x518S36e00477x448
Zejjed (Lrn),,2001,M527x523S14b10504x502S14b18474x503S20500494x512S28818473x478
Zgur,Sure,415,M529x527S15d39484x504S15d41484x473S22b04513x474S20b00470x497
Zieda_1 (Lrn),Rise,2446,M522x535S15a18479x487S15a20506x508S25700506x465S21100492x501
ziemel tal bahar 2,seahorse 2,950,M542x563S1ea48468x438S1ea40502x439S23000514x467S23010459x468S14c50483x496S2e230484x531S26606512x512
Zija,Aunty,172,M555x604S30005482x482S27c06497x583S10041500x547S10020520x497S20e00524x488S22b04539x510
Zija (2),Aunty (2),767,M568x543S30006482x483S20500519x484S1dc02521x492S2450a537x525
Ziju,Uncle,171,M566x604S30000482x482S17c10526x481S26600550x476S22104520x491S10041500x547S27c06497x583
Ziju (2),Uncle (2),766,M564x524S30007482x483S20500510x471S1dc02517x476S2450a533x506
Zip File (Lrn),,2106,M567x557S12a40457x481S12a48433x487S20500436x474S22b00459x443S11810520x530S11818497x530S28812467x525S2880a545x525
Zip Folder 1 (Lrn),,2331,M534x582S1d441494x467S1d448466x480S22c00486x418S1d40f505x522S17e3f476x556S20703496x540S22b03510x552
Zurrieq (Loran),,1383,M571x557S31a00482x483S20500520x492S1dc11506x504S2450a515x539S18120559x521S2b800545x475
Zviluppa_1 (Em),Develop_1 (Em),1665,M525x532S15a06475x513S20300484x517S22b00509x498S14c00486x468
Zzewweg_1 (Lrn),"Marry, Get Married, Ring",1892,M538x530S14c5a463x506S26502494x471S20a03490x492S1d450509x499