dic_gloss,synonyms,sid,FSW
1,null_eins,23073,M609x570S35d00391x482S34600419x482S35c00448x482S17610472x551S36100573x482S26506509x553S26500548x523S35d00546x483S26500475x528S34c00486x482S34800515x483S1f502546x546
8,,18327,M524x516S14c08477x485S11e00501x486
15,,14683,M605x606S36500395x481S2e800552x574S35d00569x483S36100515x482S34700542x483S34600422x482S36500481x481S35d00451x481S14c50545x536
23,dreiundzwanzig,4109,M615x586S10e57579x532S35d00579x483S34c00548x483S2f900567x561S36500517x483S2c607544x568S10e01518x542S36100487x483S35d04386x483S34c00415x483S34800444x483S11e01451x542
24,vierundzwanzig,4110,M601x586S10e57565x532S35d00565x483S34c00534x483S2f900553x561S36500503x483S2c607530x568S10e01504x542S36100473x483S34800430x483S36500400x482S14400439x540
25,fünfundzwanzig,4111,M619x588S10e57577x534S35d00583x485S34c00556x484S2f900565x563S36500530x484S2c607542x570S10e01516x544S36100504x483S36500382x480S34600410x481S35d00438x481S36500463x482S14c00455x541
€46.00,,12105,M613x571S34800496x483S36100396x482S14401485x541S1f502438x541S36500466x483S14c09403x538S34a00424x482S21800480x529S34800568x482S34400538x482S11541556x539S11540598x524S26906583x555
57,siebenundfünfzig,14554,M619x577S14c08408x541S35000440x483S2f900563x555S36500583x482S35d00553x482S2c607539x559S34600523x482S36500492x483S14c01508x541S14c57577x531S36100382x482S34800410x483S1dc01444x543
113,,21868,M616x611S11e50562x534S2e800570x569S35d00463x482S35d04493x483S34c00522x483S34800549x482S36100580x483S34600385x483S35d00414x483S10010449x520S10040454x581S22b04450x553
234,zweihundertvierunddreißig,23077,M624x623S11e57575x536S2c607543x569S22b04434x559S10e10433x523S10e40433x593S36100376x484S36500405x483S35d04534x481S34c00561x481S35d00505x482S2f900563x561S34800588x482S11e00519x546S36500458x482S14400474x549S26500481x530
2000,zweitausend,12804,M621x577S1dc01429x547S1dc20482x531S36100378x482S36500407x482S35d00496x482S34600555x482S34800466x482S34c00436x482S2df08454x530S26606511x545S34c00526x482S36100585x483
20000,,4629,M622x567S1dc01389x533S21600398x526S21600409x522S10020494x537S36100377x482S36500406x481S34c00436x481S36100465x481S35d00502x482S34c00530x482S34600558x483S36100586x482S26706521x544
1000000,Million,2733,M552x567S33b00482x482S14c50525x536S22520520x522S26600528x486
10_Trilliarden,10000000000000000000000,19545,M616x610S35d00449x483S22520529x564S35c00494x483S35d04580x482S34c00551x483S34800524x483S26610536x529S11e00494x534S11e20450x561S2df04478x566S14c50585x579S22520582x563S26600589x530S14c58533x579S2f900416x572S14c00410x537S36100385x484S14c08375x537S2f900378x573
1000_ Dank,,9373,M627x565S35d00374x482S34c00403x482S34600432x481S26601493x539S26706406x537S36100461x481S35d00503x483S10020377x525S26600528x529S15d08507x514S2f900459x544S26607551x543S34c00533x483S35d00562x483S35d04591x484
7_Uhr,sieben_Uhr,9749,M584x567S36100416x482S34800444x483S35000474x483S34600518x483S14c09438x535S1dc01513x533S35d04548x482S26a02496x540S26a16470x540
A,,16107,M532x586S34800496x482S34a00467x482S14c29475x533S10001498x556S20500504x545
A,,3246,M510x507S1f720490x492
ab,,9318,M541x598S34c00468x482S35000496x483S15d03508x575S15d20522x526S22a00526x559
ab,,12999,M560x555S35000482x488S30103482x477S14710528x533S14740529x471S26600544x503S2f900547x493
ab,,12998,M543x555S34c00466x482S35000497x482S18050513x540S22100519x526
ab_und_ zu,,5709,M578x567S34c00423x483S35000453x483S36100513x482S2a208489x531S15d40469x540S15d10517x540S34600542x482
abbeißen,,5711,M542x555S36100482x482S14c10517x501S26502505x522S20310488x520S26606497x539S2f900531x544
abbeißen,,9326,M570x538S34c00483x482S35000453x482S2c300544x507S16d0e526x521S34800511x483
abbiegen (rechts),,5713,M575x551S30105482x477S15d26512x531S26606545x535
abblasen,,9337,M562x616S34c00438x482S35000466x482S20320468x543S20320504x543S14c50502x585S14c58462x585S22a04505x565S22a14468x564S35c00497x482S34c00526x482
abbrennen,,5714,M624x584S34c00424x482S35000453x482S14c49419x557S28817423x521S2880f448x521S22120414x546S22120414x550S22120451x546S22120451x550S14c41450x557S35000540x483S14c49523x522S14c41567x522S2881d521x547S28805572x546S18510599x557S18518492x558
abdichten,,4661,M577x596S34c00423x482S35000452x483S21100509x563S35800541x483S34800510x483S22a04509x581S15d48488x542S16c50512x534S35d00481x483
Abdruck,,8859,M576x587S34c00424x482S35000454x482S34600540x483S35d00483x483S35d04511x483S14c3f472x541S1f504491x553S20500489x568S2f900488x582
Abfahrt,,9402,M592x587S34c00438x483S35000468x483S36500497x482S34c00526x482S15d10572x491S15d40573x560S25e04571x522S2f900574x555
Abfall,,7054,M576x592S20e00492x565S34c00511x482S15a48478x554S15a50493x536S35c00540x482S22f04489x578S34c00423x483S35000453x483S36500482x482
Abfallstoff,,9409,M637x593S20e00437x566S34c00444x483S15a48423x555S36500417x484S35c00473x482S22f04434x579S34c00363x484S35000390x484S14750438x540S35d00541x482S34500511x482S34400572x482S18548516x555S18540551x555S27200581x550S27210472x554S36500601x481
abgemacht,,20463,M606x589S34c00394x481S35000425x481S33b00513x482S34c00541x483S35800570x484S20b00541x568S20b00463x576S15d31524x546S15d39463x546S15d51473x554S15d59513x555S35d04454x482S34700484x482
abgeschlossen,,23031,M594x573S34c00406x482S35000436x482S34500528x483S35c00558x482S2a218444x533S1ea58471x552S1ea50509x552S1ea38561x552S2a200537x532S1ea30419x552S35d04466x482S34700497x482
Abhängiger,,9485,M651x566S34c00421x476S35000451x476S34a00481x476S35d00512x476S35d04542x476S36a10552x510S20310565x513S20320599x489S26507583x501S1ed26632x503S22b04633x536
Abisolierzange,,12715,M612x571S34c00388x482S35000417x482S34800446x482S34400503x482S36100474x482S36100548x482S34c00576x482S1001a406x556S20340583x551S21800583x536S12810433x542S26606462x551S12911500x550S22104436x530S21000451x528S2f700467x564
abkratzen,,9506,M592x608S34c00409x483S35000439x483S34c00496x482S35d04468x482S35d00526x482S36100556x483S15d18464x557S15010486x546S2f900470x587S20e00493x580S23404482x594
abkühlen,,9509,M575x575S15d09475x526S15d01511x528S26b14474x557S26b04508x557S34c00425x482S35000454x482S34600510x482S35d04481x482S35c00539x482
ablegen,,9602,M562x592S34c00437x482S35000467x482S34700526x482S35c00496x482S15330504x567S2b700511x543
Ablüftzeit,,14385,M623x601S34c00377x482S35000404x482S34600465x482S34800558x483S34c00529x482S36100500x482S35c00438x482S15d20418x520S22e04421x553S15d0f491x517S26b05505x530S15a1b589x548S10050578x546S20600566x533S37806562x551S37800583x569S37800585x569S35d00587x482
Abmahnung,,9636,M600x569S34c00408x482S35000438x482S33b00468x482S34c00498x482S35d00528x482S34600556x482S10010580x516S26b00573x551
abnehmend,,9651,M577x579S34c00424x483S35000454x483S34700512x482S33b00541x481S35d00483x483S15d10556x534S15d18492x534S2f900557x563S26606518x542S2f804513x568
abrasieren,,9662,M593x584S34c00408x483S35000437x482S34c00498x481S34800557x481S35d04467x481S36100527x481S36d00415x525S37703390x503S3770b387x477S1ea02400x530S1f727403x459S23404395x570S20e00407x552S2f900411x452
Absage,,9711,M607x530S34c00409x484S35000437x483S36100467x483S34c00498x482S35d04527x481S34700555x480S10054592x500S30004555x480S10030592x427S26500593x465S20e00594x485
Absatzsäge,,14382,M624x601S34c00381x482S35000407x482S36100443x483S35d00494x483S16d58561x544S26606511x550S36100521x483S15d20411x525S15d48484x542S22e04416x556S16d58386x545S2f900388x569S16d58453x546S34c00469x483S36100556x482S34a00582x482S2f900564x569S2f900456x570S20340598x547S26600585x571S26604596x570S26600608x571
abschlagen,,9811,M577x592S34c00423x482S35000453x482S34500483x482S35c00512x482S34c00541x482S15d39469x563S15d03491x565S15d27527x527S2f900469x587S20e00493x552S26507513x550
Abschleppwagen,,23422,M616x585S34c00384x482S35000414x482S34500444x483S35c00474x483S36500521x483S34c00550x483S35d04580x482S1060a415x549S10612436x546S26626474x547S20301538x540S20307580x540S2310d571x564S2311b542x563
abschneiden,,9819,M592x620S34c00409x483S35000438x482S34500467x482S34c00526x482S34800556x482S35d00496x482S26500534x568S10e30532x590S11530535x532
abschreiben,,9831,M592x585S34c00408x483S35000433x483S34500497x482S35d04526x482S26504470x538S15d39521x538S18520531x550S20e00553x537S16020472x506S26a07560x522S18520457x557S15d39426x554S2f900426x580S2f900520x562S34c00556x482
absetzen,,9840,M577x575S34c00422x483S35000452x482S34700511x482S35d00541x482S36100481x482S18040501x552S18048467x560S27100493x531S27114451x539
absorbieren,,9912,M577x602S34c00423x482S35000452x482S34400511x482S36100481x482S35d04541x482S14401488x533S15a07501x573S2f900501x597S20300524x584S2890b519x550
absorbieren,,10089,M578x598S34c00421x482S35000452x482S34400512x482S36100482x482S35d04542x482S18517556x549S1851f430x551S1855a485x573S18552504x573S28902520x555S2891a452x557S20500497x559
abspritzen,fließen,23189,M539x588S34500482x483S14c04502x536S22f04488x574S22f04514x574
Abstechdrehmeißel,,2450,M620x602S34c00380x484S34700495x483S34700584x482S35d00532x481S35d00467x483S35000409x484S35d04557x481S2f900418x576S20350416x556S20350545x558S26700438x530S10050438x572S10040567x529S34500438x484S2f900545x578S22a04568x567
Acht_geben,,10288,M563x530S34c00454x482S35800483x482S35d00510x482S30a30461x488S10e00537x500S26500549x482S2f900550x475S30a30517x485S30a30490x489S31430518x494
Achtung,,8076,M549x534S31a00482x482S25511450x494S10e20511x503S10e28474x504S25507530x492S34c10497x503
Adolf,,23845,M584x560S1dc20524x529S35d00452x483S34c00422x482S34400481x483S35c00512x484S1f720439x543S36500543x484S10120470x529S17610495x542S1ce20562x530
Advent,,8884,M601x688S35d00451x483S36500481x482S35d00541x482S34c00422x482S34700510x482S1ce18538x553S1ce40560x547S2ef02583x537S20e00560x580S1ce20550x521S26722491x550S1ce20455x521S1ce18419x554S1ce40439x547S2ef02462x554S20e00440x578S26624434x593S1ce20551x612S1ce20445x613S2ef02451x643S2ef02565x640S1ce40425x643S1ce40540x641S1ce18405x649S1ce18522x652S20e00426x676S20e00546x673S26726480x623
Advent,"Adventskranz, Adventisten",5552,M577x581S35d00451x482S35d00541x483S34c00422x483S34700510x482S36500479x482S16d20495x561S16d00476x527S16d08495x526S16d28476x561S2d606514x542S2d61e452x542
Ägypten,,5553,M562x611S34a00437x483S35000526x483S35d04467x482S34600498x482S1ea0f466x525S1ea07511x525S37903479x547S3790b476x546S20500457x546S20500530x545S37706447x609S37706479x609S37706513x609
Airbus,,17407,M614x562S19a20584x518S37806582x530S25700590x475S37a06540x560S35000482x483S34600513x482S35d04451x484S36100543x482S37a06425x560S37a06482x560S34a00421x484
Akkusativ,,5156,M605x602S34c00423x483S35d04452x482S34600482x482S36100512x482S34c00542x483S14400532x521S2df08555x523S14420581x504S22b04581x539S14450583x571
aktuell,,8959,M590x608S35d00467x482S35d04439x483S34c00410x483S34600497x482S34700525x482S35c00554x483S20321504x561S20321457x562S37801518x575S37809454x576S22a00509x544S22a10462x543S20301505x522S20301459x520
akut,"akute, akuter, akutes, akuten, akutem",5089,M562x597S34c00437x481S34600497x483S35d04467x482S35d00526x483S17532496x576S14c31491x527S22a00501x557
Albanien,,17825,M575x619S34c00425x484S35000482x484S34c00510x483S22131467x534S35c00453x484S35d00539x482S22131463x529S14c01479x543S14c09499x543S22137521x530S22137518x536S20a00493x528S37803499x563S3780b474x565S37906428x617S37906477x617S37906526x617
Albanien,,15138,M619x616S22113506x534S22115453x535S35d00583x482S34700556x482S34800527x482S35d00499x482S34c00382x482S35c00411x482S35000440x482S34c00469x482S37c03484x549S37c0b485x549S15a07487x549S15a01469x548S37706422x614S37706453x614S37706484x614S37706514x613
albern,,6590,M574x530S34c00454x482S35c00482x482S33200510x482S10011538x500S20e00551x498S26a00547x481
Ali,,24631,M540x556S33100482x483S1f410506x446S21000520x483S26500522x464S1f010497x501S37806472x554S37806508x554
Alica,,3208,M580x554S37b06522x552S1ef10505x488S1f410551x486S37b06474x552S33e00482x482S37b06497x552S31400482x482S26506537x488
Alkohol,,5102,M613x538S34c00437x483S35c00468x483S35d04497x482S34400527x482S16d40545x518S2c305566x510S2c305586x510
Allah,,8673,M598x589S34c00415x485S15d58516x540S35c00444x485S10020484x511S10000486x465S22a00490x502S37110531x523S37158526x520S37158519x520S34c10549x506S15d50570x541S30114535x477S31630541x498S22f04573x574S22f14512x575
alle,,22462,M548x578S15d51483x537S35c00481x483S34c00452x482S34700512x484S2e802497x563
Almosen,,5558,M577x577S34c00423x482S35c00452x482S33b00481x483S34400510x483S36100541x483S18520544x540S23004551x559
Alptraum,,1821,M591x517S31000452x482S31000482x482S30f00511x482S34c00452x482S2e500568x476S35000511x482S15001539x468S35c00482x482
als,,10651,M567x561S34c00452x482S35c00482x482S36100512x482S15d20546x509S22e04550x543
alt,,4325,M570x547S34c00451x483S35c00482x482S35d00513x483S1ed0e521x521S2b700551x507
Aluminium,,3101,M548x603S34c00451x483S23715454x567S34600512x482S1ea0d509x545S1ea05460x544S23703507x567S35c00481x482
Ameise,,4558,M590x567S34c00410x483S33b00439x482S34c00467x481S34800495x481S34700554x481S36100524x481S15052512x536S22522498x535S26602459x543
Ameise,,13327,M588x595S34c00411x482S33b00438x482S34c00466x482S34800493x482S34700552x482S36100523x482S10a41510x521S10a49480x521S27002512x554S27016487x555S2f700535x566S2f700468x566
Ammoniak,,11637,M612x539S34c00398x482S33b00426x482S34400454x482S35700510x482S34c00538x482S35d00483x482S35d04565x482S33110582x488S15d02585x493S2ea08588x514
Amoklauf,,9071,M618x567S34c00383x483S33b00412x482S34400441x483S35d04471x482S35c00501x482S34c00528x482S34600556x482S36500582x482S1e102442x543S2d808470x538S1e147521x530
Amt,,15283,M548x582S35d00512x482S34c00452x482S33b00482x482S15d39482x553S20340494x547S20b00502x569
anfeinden,,718,
angebärden,angebärdet,23060,M581x605S14c40536x527S14c48515x541S2ea00542x571S2ea4c523x580S35d04488x483S34700517x483S35000545x482S26500469x526S35d00449x483S15d20461x546S34c00420x483
angeben,prahlen,15715,M553x581S35600482x482S30a30489x489S14c48481x536S1f550502x554S20e00498x569S2a308530x538
angebrannt,,15716,M590x590S20e00472x573S35d04469x482S34700499x483S35000526x483S14c09466x534S14c21477x544S14c11506x539S2df04504x569S2df10446x521S14c19435x542S34c00409x482S35d00439x482S35d04554x483
Angesicht,,5586,M620x519S34c00381x482S35d00411x482S15d00446x465S26504429x455S35d04495x482S10b00489x455S2e400466x484S2ff00463x484S36100554x481S34700525x482S34800584x482
angewachsen,,14227,M604x557S34c00543x483S36d00526x522S36500513x482S18210581x522S22b00585x487S34c00422x482S35d00452x483S15a20491x530S26500490x507
angezogen,,14733,M621x594S35d00405x482S36100482x482S35d04430x482S35d04534x482S34c00379x482S34700456x483S34400508x482S34700559x482S35d00585x482S36d00480x520S20301520x527S20305463x526S20300492x562S20300491x579S28903492x533S2891b470x551S21100508x545S21100465x561
Anglisten,,12072,M587x579S34c00419x483S1dc02426x508S20600456x505S35c00486x483S34800516x482S36100545x483S1ed26538x532S23404538x565S26606557x553
Angola,,1315,M542x572S30006482x482S34c00482x482S15310520x495S20600520x479S37a06484x570
Anhang,,19665,M577x592S34c00423x483S35d00453x483S34c00483x483S35d00512x483S35d04541x482S15d30472x540S15d50499x540S2a20c488x564S15d58467x534
Anhänglichkeit,anhänglich,2489,M592x593S1f540490x569S1f548474x569S26620481x531S34c00408x483S35d00437x483S34a00468x483S35d00497x482S35d04527x483S35c00556x482
Ankathete,,10351,M613x594S35d00416x482S35d04461x482S35d00519x482S35d00577x482S34c00387x482S34c00490x482S34700548x482S1e411415x547S1e419390x546S20500408x578S20500409x531S1e419485x554S18021494x537S22a07525x534S2f900481x589
anliefern,Anlieferung,2746,M576x600S34c00424x483S35d00452x483S34800511x483S36500540x483S35c00482x483S11531507x530S11539466x531S11532507x585S1153a461x583S26f00502x563S26f10448x562
anmachen,,17484,M606x593S34c00395x483S35d00424x483S33b00451x483S34c00480x483S35800510x483S34700541x483S35d00570x483S1f540541x569S26500541x547S2f900543x533
Anna,,15385,M533x575S33e00482x482S31400482x482S15310518x495S30006482x482S20602511x514S37806465x573S2fb07510x482S2fb01480x483S2fb01485x479S2fb02478x490S2fb01479x480S2fb00494x477S2fb02478x498S2fb02475x489S2fb07506x482S2fb07503x476S2fb01490x475S2fc06516x489S37806501x573
anregend,,14745,M599x581S35d04508x482S35d04454x482S34c00400x482S34700480x482S34700535x482S35d00427x482S35d00563x483S14c31501x553S14c39460x554S2e516463x526S2e50e499x524
Anstecken,,8701,M591x588S34c00408x482S34500466x482S34700526x483S35d00437x482S35d00496x482S35d04555x483S1ce50502x558S1ce58468x557S2bb01523x528S2bb10431x529
Antananarivo,,183,M578x620S34c00482x483S35d00451x483S2ea00489x569S2ea4c467x577S34c00423x483S37a06442x618S15a40486x535S15a48468x545S37a06486x618S35d00512x483S34c00542x483
Antisemitismus,,12760,M626x579S34c00380x482S34800438x482S35d00410x482S1c520463x534S26500476x516S2f920477x499S34700525x482S33b00553x482S34800583x482S36100496x482S17e37512x519S20e00498x517S22113525x517S20348579x562S14c51578x535S21100602x565S2df08605x537
Antwort,antworten,8095,M566x544S34c00482x482S20500484x517S11540551x477S26607526x510S11501496x517
antworten,,1508,M538x545S30004482x482S11501499x518S26600522x497S20500488x518
Anweisung,,12203,M621x596S34c00378x482S34c00464x483S34800495x483S34600556x482S36500435x482S36100526x482S35d00406x482S35d00585x482S10001466x566S15a20456x550S20500470x560S26520461x530
anziehen,,4947,M560x595S34c00439x483S35d00469x483S36100497x482S34800524x482S14c01501x532S14c09465x530S20e00472x556S20e00506x556S20301503x574S20301459x572S2ea04528x556S2ea14447x553
April,,16676,M608x605S34c00422x482S35000451x483S34800512x483S35d04481x483S35c00542x483S14420586x497S22b04587x535S14450585x574
Arbeitsplatz,,16083,M620x591S34c00379x482S35d04406x482S35000436x482S26612489x545S26606568x545S2f900414x579S20300412x562S20302422x545S36100584x482S15d50546x537S35c00503x482S35000475x482S34c00530x482S35d00557x482S15d58524x537S2ea00429x566S20f00392x543
archäologisch,,10848,M590x578S34c00409x483S35800466x482S15050511x541S34400524x482S35d04437x483S35c00554x482S34a00495x482S26a06546x551
Arglist,,5593,M636x603S34c00411x482S35d04439x482S35c00467x483S34800496x482S36100526x481S35d00553x482S10050596x505S10030590x573S28c0c615x544S26500587x558
Armenien,,17826,M592x619S34c00409x483S33b00468x483S34700497x483S13f12500x543S34800556x483S35d04439x483S35d00527x483S1f50a496x578S37806464x594S22910475x549S21100482x561S37806417x617S37806465x616S37806509x616S37806556x616
arrogant,,6586,M587x531S34c00440x482S35d04469x482S34400497x482S33200524x482S10a10550x505S20e00564x487S2ea00572x499
Art,,17701,M546x600S15d40508x538S22a14468x575S35d00510x483S35d04483x483S2f900469x595S15d48461x538S2f900508x593S22a04508x575S34c00455x483
Artikulation_vor_Spiegel12,"AvS_E, AvS_e",23138,M558x547S37a05431x427S36a10481x534S36a10492x487S33000478x453S33000510x484S36b00443x466S36b00473x500S36a10451x500S36a10523x518S37b05507x520S37a10430x458S37a10430x428S37705510x447S37a05430x504S37a05475x438S37810529x453S31430492x466S31e30450x476S34710496x476S2fb02541x496S37800496x502S37800500x505S37900489x503S37900492x503S37800479x507S37800482x500S37800486x503S2fb00504x453S2fb00534x481S2fb00485x457S2fb00489x456S2fb00491x454S2fb02520x492S2fb02523x487S2fb02525x494S2fb02528x487S2fb02531x495S2fb02533x488S2fb02536x494S2fb02539x487S34710453x489
Artikulation_vor_Spiegel21,"AvS_J, AvS_j",23148,M558x547S37a05431x427S36a10481x534S36a10492x487S33000478x453S33000510x484S36b00443x466S36b00473x500S36a10451x500S36a10523x518S37b05507x520S37a10430x458S37a10430x428S37705510x447S37a05430x504S37a05475x438S37810529x453S31430492x466S31e30450x476S35730451x489S35730492x474S37800496x502S37800500x505S37900489x503S37900492x503S37800479x507S37800482x500S37800486x503S2fb00504x453S2fb00534x481S2fb00485x457S2fb00489x456S2fb00491x454S2fb02520x492S2fb02523x487S2fb02525x494S2fb02528x487S2fb02531x495S2fb02533x488S2fb02536x494S2fb02539x487S2fb02541x496
Artikulation_vor_Spiegel7,"AvS_S, AvS_s",23133,M558x547S37a05431x427S36a10481x534S36a10492x487S33000478x453S33000510x484S36b00443x466S36b00473x500S36a10451x500S36a10523x518S37b05507x520S37a10430x458S37a10430x428S37705510x447S37a05430x504S37a05475x438S37810529x453S31430492x466S31e30450x476S36110495x474S2fb02541x496S37800496x502S37800500x505S37900489x503S37900492x503S37800479x507S37800482x500S37800486x503S2fb00504x453S2fb00534x481S2fb00485x457S2fb00489x456S2fb00491x454S2fb02520x492S2fb02523x487S2fb02525x494S2fb02528x487S2fb02531x495S2fb02533x488S2fb02536x494S2fb02539x487S36110454x488
Artikulationshilfe P,,4595,M534x542S35000477x488S33910511x477S1f710514x527S26500515x506
Arzt,,5681,M562x583S36100496x482S34c00437x481S35d04467x482S35d00526x483S37906469x562S20600526x552S1ce51498x532S15a1b506x560S20500550x552
Ärztin,,22053,M605x580S1d452489x528S36100482x483S35d04452x483S15a57499x554S20500485x553S20500472x553S34a00422x483S35d00512x483S34800542x483S1ed26586x518S22b04585x550
As,,17559,M584x568S2b800561x519S1f710564x553S34c00467x482S36100497x483S1f740541x508S2f900560x535
Aschenbecher,,9585,M630x591S34c00386x482S34500416x482S34700446x482S35000519x483S34700547x482S35800578x482S1f020448x547S22110430x533S18038537x575S22100458x533S2881f518x571S18030571x575S28807606x567S18040599x543S18048514x547S35d00476x482
ASL_have_not,,2063,M554x574S15d04518x547S27200514x525S35c00482x482
ASL_not_to_bad,,1975,M535x596S30f00482x482S34d00482x482S14c50511x527S2a508511x563
Assistent,Assistentin,14153,M615x603S36100414x483S20600444x576S1f540460x544S1f548444x544S34c00385x483S34800445x483S36100475x483S34700552x482S35d00522x482S35d00579x482S20500469x577S1ed26582x539S22b04581x573
Atemübung,,5481,M530x517S31400475x482S33600471x482S34900475x482S33a10519x488
auf,,9500,M516x533S15a50504x468S15a5a485x521S22a04501x501
auf,,2058,M555x536S10002525x464S10004501x506S1000a445x463S1000c479x506S28803503x471S2881b472x471
aufbereiten,"aufbereitet, aufbereitete",20795,M621x578S35000492x482S34c00550x482S18510553x559S18548522x559S20500547x546S2f900545x538S2c400581x538S2c415478x552S34c00387x483S34600416x483S36500446x482S34700520x482S34800577x482S15d39398x555S15d31440x555S22a00441x531S22a10403x530
aufbrechen,,17015,M588x580S20350488x547S20350507x548S2a208525x531S2a210461x533S35d04526x483S34600443x483S35000499x483S36500470x483S20500499x569S34700552x483S34c00413x483
auferstanden,,24552,M607x592S34600424x483S34c00394x482S36500452x483S34700482x483S35d04512x483S34500541x483S35d00571x483S11530567x557S11504536x562S28e02540x525
Aufgabe,,148,M549x611S36500513x483S15d39477x556S15d51494x588S2c300517x572S20b00503x541S34c00451x483S34600482x482S15d31493x556
Aufgabe,,7426,M546x575S34c00453x482S34500480x482S36500510x482S15d31508x552S15d39475x551S26500511x531S26510484x529
aufgehängt,,24782,M624x627S26510445x612S2f900444x533S2f900530x601S2f900528x532S2f900446x604S26500529x610S22d14421x563S22d04549x561S1f550517x561S1f558441x562S26500527x541S26510443x543S34c00376x483S34600401x483S36500426x483S35d04453x483S34700480x483S34a00507x483S35d00534x483S35d04560x483S35d00588x483
aufmachen,,7804,M590x566S34600438x484S36500466x483S35800554x483S33b00496x482S2d708538x533S20350527x551S34c00526x483S34c00410x484
aufrunden,,1222,M585x581S34c00452x482S34600482x482S36500512x482S17130544x561S17150541x525S28c00564x538
aufrunden,,13598,M592x573S34c00407x482S35d00556x483S36500466x481S34600527x482S35d04496x481S18210487x549S18218460x549S28c00510x526S2f900457x568S2f900497x532S34600437x481
Aufsatz,,10217,M603x570S34c00398x482S34600425x482S36500452x481S26a06549x543S36100480x482S34c00509x482S35d00538x482S36100567x483S15d39503x540S18520513x551S20e00532x532
Aufschnitt,,663,
Aufsicht,,10219,M588x589S34c00412x482S34600440x481S36500467x482S36100496x482S34800523x483S35800552x484S10e00480x518S37801488x546S10e57552x542S15d1a475x570S37806444x582S2d808499x543
aufstehen,,5031,M585x609S34c00415x483S34600445x483S36500475x483S34500521x482S35d00549x481S15d31538x556S28a02502x531S10e04481x555S15d39473x586S20500500x582
auftauchen,,2580,M605x596S34c00395x483S34600422x483S36500451x483S15d1a454x540S10000472x566S22b00491x535S35d00481x482S34c00510x482S34600539x482S35800569x482
aufwendig,,14091,M607x614S34c00392x482S34600421x482S37802496x540S35d00509x482S36500451x482S14c48429x543S14c32469x590S20301482x524S20e00440x583S28a08473x547S14c18449x557S2f700490x581S34a00480x482S34800540x483S35d04571x482
Aufwind,,14092,M579x575S34c00423x482S34600452x482S34800510x483S36500481x482S35d00540x483S14c21552x538S14c31493x523S28d0e518x551S2f900521x544
Aufzug,,7981,M578x549S36500510x482S34c00453x482S18210545x534S23600539x511S34600482x482
Augenbindehaut,,9070,M634x546S34c00385x482S34600414x482S35d04442x482S31440462x492S10001467x499S20600478x485S35000502x483S10001527x493S31440520x495S29006515x523S15d10615x492S34c00551x482S34600578x483S31440597x494S15d00595x498S2df08603x466
Augenbraue,,3848,M550x517S31100482x482S10012509x491S21100512x470S2880a528x469
Augenbrauen,,6943,M540x517S31100482x482S10012510x491S21100497x465S2880a514x464
aus,,2794,M614x529S36100511x482S34c00452x482S34600481x482S15d17591x506S18210554x513S28802571x494
aus,,16949,M567x579S34c00454x483S34600482x483S36100511x483S14c11541x522S22a03541x545S20311521x558
Ausbilder,,15667,M624x594S15a37438x544S15a31452x551S21100469x540S35000462x482S34800490x482S35c00519x482S34c00376x482S34600404x482S36100433x482S1ed26593x530S34700561x482S35d04588x482S22b04592x564
Ausdehnung,ausdehnen,3947,M592x596S34c00408x484S34600437x483S36100466x482S35d00496x482S34700526x481S35d00556x481S14c40496x539S14c48466x538S26606530x552S26612427x554S2f804472x585
Ausgabe,,18269,M603x575S14c39474x533S14c50485x544S21100506x538S35000538x483S34c00397x483S34c00509x483S35d04482x483S34700567x483S36100453x483S26500498x523S34600425x483
ausgezeichnet,,8084,M559x574S34c00452x482S34600481x482S36100511x483S1ce20537x542S26602500x554S2f700511x567S2d708502x528
Ausscheidung,Ausscheidungen,23539,M623x603S34c00394x483S34600423x483S34500483x483S34c00512x482S34800540x483S35d00570x482S36100453x483S15d1e579x537S36d00536x522S36d00541x553S15d1c604x576S22a04604x553S2f900604x568
ausschtten,,3019,
ausschütten,,7107,M603x643S20330403x628S20350403x554S22c10403x578S20350459x570S20340459x606S22a04460x589S20350518x546S20340556x576S26a05568x590S26a15530x558S34c00398x482S34600425x482S34500508x483S34600538x483S36100453x482S35d00567x483
Ausweis,,5822,M605x591S34c00395x483S34600422x483S34800539x483S34c00509x482S36100450x483S36500479x483S36100569x483S15d0a499x525S1ed26504x547S22a04505x576
Autobahnraststätte,,11710,M634x592S34c00367x481S34600394x480S34400453x481S35000481x481S34c00543x483S35d00423x481S2721c385x539S11504444x554S1150c414x562S27200438x527S35d04518x483S36100569x483S35d00598x484S15350594x533S22a04596x567S2f900598x586
Autofahrer,,23526,M623x594S34c00406x483S34600436x483S35d00462x482S34400490x483S20301436x565S20303485x563S36500529x483S34c00559x483S26600487x528S26610438x528S1ed26582x525S22b04584x563S26506596x551S22b04607x564
Autogramm,,11358,M603x589S34c00396x482S34600424x482S35d00452x482S35d04510x482S34c00538x482S33b00567x482S34400481x482S15d0a466x532S18520491x536S18547499x562S2880c524x543S2f900519x567
Autounfall,,11726,M610x589S34600460x482S20b00523x526S36500517x482S35d00489x482S34c00545x482S20306513x542S20302529x542S35c00574x482S37706543x549S37706489x548S20307427x534S20307390x533S23109430x560S2311b393x558S2fb04413x583S34c00390x482S34600420x482
Aversion,,19668,M602x572S30354540x476S35d04525x489S14c20555x531S14c28526x541S36d01520x523S26507582x511S26517562x514S2f900570x502S2f900591x503S34c00438x490S34700496x490S36500468x490S30c30533x496S30c30503x497S30c30475x496S30c30444x497
backslash,,3926,M604x611S10021456x546S10050531x581S22c05487x566S35000395x483S34a00423x482S35d04451x482S36100481x481S35c00511x482S34a00539x482S34500568x482
backst,,22598,M578x596S35000423x482S34c00452x483S35d04482x482S1531e506x580S21800510x567S2e509506x535S2e511464x536S21800467x568S15316464x581S36100512x483S35d00542x484
Backwaren,,6833,M641x594S35000399x482S34c00430x482S35d04459x483S1531e448x579S21800450x564S2e509449x530S2e511409x530S21800413x565S15316411x579S36500504x483S35d04564x483S34c00534x483S15d40522x539S15d48488x540S22a04520x576S22a14492x577S26526540x576S22a04578x575S22a14561x575S26526594x575S22a04628x575S22a14612x575
Bahamas,,5745,M577x612S35000423x483S34c00451x482S34c00511x482S33b00481x482S36100541x482S15d51497x539S15d59460x549S23604503x575S23610455x579S37706437x609S37706469x610S37706501x610
Ball,,4958,M552x598S35000453x483S34c00481x482S35c00510x482S14c50502x525S14c58472x525S14c30504x567S14c38473x567S2a20a531x545S2a212447x546
bam,Terminproblem,17785,M544x574S30a00482x483S34110492x504S20302500x525S20308484x525S37803514x531S3780b455x531S20b00493x542S20b00492x561S28814476x545S2880c509x545
Barbara,,17362,M541x567S31400482x478S33e00482x478S36a00482x478S18200510x514S20600502x525S37806472x565S37806509x565S36b00482x477
barmherzig,Barmherzigkeit,5605,M613x581S35000388x482S34c00416x481S35d04443x481S33b00472x482S15d01423x533S2f900428x573S20500428x560S36d00420x523S15d09411x537S34700517x483S36100577x483S35d04547x482S36d00534x525S15d31540x553S15d39524x558S26520538x531
Barock,,5221,M561x517S35000468x482S34c00495x482S15310507x451S15318474x452S2930b527x466S29313434x469
Bauchspeicheldrüse,,5804,M580x585S35000420x483S34c00446x482S34600472x482S20600480x550S15d02449x543S36d00442x522S36d00442x568S34500515x483S35000543x482S1571e539x524S22a00538x545S1771e548x565S22a00552x545S22a00567x545
bauen,,3129,M550x605S20303512x568S20307472x568S22e00533x557S22e10451x566S20320513x540S20320474x541S37703526x583S3770b455x582S34c00482x483S34600511x482S35000452x483
Baum,,4437,M561x599S35000438x482S34c00468x482S34600496x482S33b00525x483S15440493x574S15448468x574S28912461x524S2890a495x524S28914439x536S2890c524x533S2890d511x568S28915437x567
Baumwolle,,6967,M620x597S34400528x482S35000381x483S34700584x482S35c00556x483S15348453x542S15340473x536S2ea00476x565S2ea4c457x572S34c00411x482S34600441x482S33b00470x482S36500499x482
Bauphysik,,5218,M595x594S1ea0e452x571S1ea06419x571S1ea28421x537S1ea20448x537S2d200474x556S2d211392x554S1100a522x551S34c00433x481S34600462x482S11002553x551S34600531x484S20600538x535S36500502x484S36100559x484S35000405x481
Bautechniker,,5213,M644x600S1ea0e457x568S1ea06424x568S1ea28426x534S1ea20453x534S2d200479x553S2d211397x551S22a04625x569S34c00426x482S34600455x482S14c18515x568S14c48515x533S34700533x482S35800564x481S35d00503x481S20500542x549S20500542x585S26502555x547S26502555x583S10e02575x585S10e12574x547S35000399x484S1ed26625x535
Bayern,,14423,M576x564S31400478x482S15011517x492S15019455x512S2f900518x526S2f900477x535S20500512x509S20500481x541S33f00478x482S22a20550x509S22a24468x549S22a20454x548S22a14563x510S36d21480x521S36d21479x519
beachten,Beachtung,6383,M561x533S35000482x482S26506532x517S26512455x515S2f900550x523S31430489x494S2f900442x519S10e20511x503S10e28476x501
Bearbeiten,,5977,
beautiful,,136,
Becher,,1951,M542x547S35000482x482S16d40524x511S2c305494x523
Beeinflussung,beeinflussen,2973,M559x531S14c50529x500S14c58445x496S22520527x480S22520439x478S26600531x443S26610456x440S35000481x482S36d00479x523
befiehlt,befiehlst,23961,M587x594S22a04570x541S2f900574x589S10040572x553S36500482x483S30c30548x490S35000423x483S34700451x482S10010569x505S35c00541x483S30c30429x491S30c30459x489S30c30489x491S30c30519x490S34800511x483
Begattung,begatten,958,M579x591S34700452x481S35000421x482S34c00513x483S11841487x545S11849504x566S20600482x569S35d04482x482S35d00543x482
begonnen,,21864,M577x586S35d00541x483S35d04482x483S35000424x484S34700452x483S17d50514x571S17d58458x570S18548458x531S18540511x531S22a00525x551S22a10458x550S34400512x482
begraben,,24545,M576x590S35000540x482S34c00513x483S35000425x483S15d40537x538S22b15472x566S22b03512x566S15d48450x537S34700455x483S35d04485x483
Begriff,,22402,M602x569S35000398x483S34700428x482S35d04506x482S34800536x483S36500566x482S16d10485x483S20310452x487S26502470x488S1ed26583x531S2f900583x564
Beitrag,beitragen,17663,M602x572S34800454x483S20e00513x547S26606518x556S35d04566x483S35d04511x483S1f705498x530S15d3a486x549S34c00539x483S34c00426x483S35000398x483S35d00484x483
belehren,Belehrung,15640,M578x595S2fb04494x589S18520509x571S18528468x571S26f10462x551S26f00504x552S35000422x483S34700452x483S34700512x483S35c00483x483S35d04542x482
Belgien,,11587,M568x574S35000453x482S34700483x482S37a06508x572S23404531x534S20e00539x519S37a06456x572S35c00511x482S14710537x494
ber-Ich,,2659,M583x569S34600417x482S35000447x482S18210490x513S28800505x488S2f900491x483S31400547x482S10043549x534S20500549x558S34800547x482
Bereich,,16160,M540x571S15d4f452x539S15d41464x526S26606487x539S35000482x482S2f900459x566S15d40521x520
berhmt,,2943,
Bescheid,,12450,M595x555S35000454x482S34700482x482S34500510x482S18520511x538S18528470x539S26706553x534S26712413x539S26f00543x525S26f10420x530
Bescheid_geben,,2265,M590x523S34500483x482S36d00479x519S18528537x503S26a07560x483S2f900579x481
Beschwerden,,15084,M592x581S36500496x482S35d04556x482S35000407x482S34700525x482S34500466x483S34700436x482S1f739471x548S1f751467x560S21100493x561
Besen,,13088,M549x580S2d320498x527S35000452x483S20300485x548S20300485x565S37806454x571S37806500x557S34700482x482S36100513x482
besetzen,besetzt,6690,M547x606S35000452x481S34700482x482S36100511x483S14c50511x534S14c58465x534S20350516x590S20350471x591S22a04515x571S22a14474x573
besoffen,,8148,M576x553S36100481x482S20311553x510S34400511x481S36500540x481S34700452x483S35000423x483S20e00539x513S28802539x526S28802539x541
besonders,,3906,M607x560S35000422x481S34700453x481S36100482x482S34400513x483S35d00543x484S1f520544x545S1f540580x509S2df04572x538S2f920596x535
besser,,11281,M560x560S1ce20532x503S36110493x506S1ce28446x495S22a11459x531S30a00482x483S22a07527x536S1ce19473x533S1ce11504x532S2f900549x543S2f900451x549
besser,Besserung,7993,M581x569S1ce20507x539S30a00453x482S1ce28470x539S30a00482x482S30a00511x482S34710493x504S35010466x505S36110521x503S22a07534x532S22a07551x516S22a07568x498S22a11456x533S22a11439x520S22a11424x506
besser,"bessere, besserer, besseres, besseren, besserem",15262,M559x557S1ce20506x526S30a00453x482S1ce28474x525S30a00482x482S30a00511x482S34710493x504S35010466x505S36110521x503S26606529x541S26612439x540
Bestätigung,,7501,M546x565S15d18483x538S34500454x482S34a00510x482S35d00482x482S11502506x549S20600501x529
beste,,12594,M567x560S1ce20495x524S30a00437x482S36110505x503S30a00466x482S30a00495x482S34710477x504S35010450x505S30a00526x482S35d10539x502S26606521x539S2f900556x545S2f700521x553
bestellen,,2850,
Bestellung,"bestellen, bestelle, bestellst, bestellt",22474,M604x538S10e10575x508S26600588x483S35000411x484S34700440x484S34500469x483S34700525x482S35c00553x482S2f900592x474S35d00497x483
besuchen,,7548,M547x567S35000482x482S2c305520x543S15a43512x519
Betäubung,betäuben,12147,M616x533S35000409x482S34700437x482S34400495x482S34800525x482S35000554x482S35d00466x482S15400572x489S26603594x486S20500565x522S31940562x493
Betonstahl,,5198,M605x592S37706434x532S37706391x567S20300420x525S20300420x559S22a04420x543S20b00439x551S35000395x483S34700424x483S11549517x565S11541533x527S35c00569x481S22a04526x544S34500485x482S34c00540x481S35d00513x482S20500545x561
Betrieb,,6800,M554x553S35000454x483S34700483x482S35d00510x482S20330507x536S2e302527x530
Betriebssystem,,11989,M613x569S35000395x483S34700425x483S36100569x483S35d00453x482S34600539x482S36100509x482S1ea0f466x527S2f004485x548S20320564x529S20320545x529S23d04586x533S23d1c514x534
bevorzugen,Bevorzugung,12319,M589x615S34700438x482S35000411x482S34400495x482S36500467x482S35d04523x482S36100553x482S1ce50542x524S1ce20548x585S26504543x559S2f700543x576
Bewegung2,,23443,M520x507S2d710481x493
Beweis,beweisen,5983,M548x563S35000452x482S34700482x482S36500512x482S15d09477x540S18000488x548S20c00503x532
Bewusstsein,bewusst,6345,M624x526S34700453x483S35000425x483S36500482x482S36100539x482S34600510x482S10011575x496S26602594x490S20500576x487
Bezugsgegenstand,,5309,M626x585S35000387x481S34700415x482S36100444x482S34600474x482S35d04504x483S1ce20472x541S1ce0a481x563S26a20470x525S35d04548x483S34700577x483S10a01582x513S20600604x516
Bezugsperson,,9855,M597x599S35000407x482S34700436x482S20a00450x584S36100464x482S1ce18440x548S1ce40458x548S26a00447x531S35d04557x483S35000501x483S34700529x483S1ed26578x522S22b04578x556
Bildungszentrum,,102,M589x578S36100538x483S20600567x567S1f522545x532S15d39543x555S35000426x481S34800457x482S21100481x541S15a37454x549S15a31469x553S35c00488x482
binär,,7462,M585x559S35000438x481S34800469x481S34a00526x484S35d00498x483S10e00565x529S22510563x512
Bindestrich,,23844,M560x566S35000482x483S10050511x535S26506530x552S2f900549x557
bindet,,18466,M576x594S35000424x483S34800452x483S34700510x483S35d00482x483S35d00540x483S1ea0d508x541S1ea05470x540S26606541x543S26612431x543S2f900518x564S2f900472x565S2ef13464x574S2ef00527x527
birthday,,9925,M557x562S20b00525x502S26600524x521S20500498x551S15d09518x477S15d01534x485S31400482x482S15d02488x529S34010492x505
bitte,,2422,M518x563S34800482x482S15a10501x536S15a18489x536S20500496x525
Blaumeise,,2757,M607x582S18d50506x524S33b00450x482S34c00480x482S34800511x482S34700571x482S36100541x481S1f421572x522S22114558x521S35000393x484S11520433x513S29a04433x547
bleiben,,7229,M559x579S34800523x482S34c00496x482S35c00468x482S22f04518x565S35000440x482S15d50519x530
blind,Blindheit,10257,M567x541S35000453x482S35c00482x482S22a05546x518S31410511x483S11501526x494S11509448x495S31440459x495S22a13438x520S2f900556x534S2f900430x536
Boden,,2749,M577x569S34400454x482S35000424x482S15a50489x542S15a50504x542S26606522x551S26612451x551S35d00483x483S34700513x483S35d00541x483
bohren,bohrt,17750,M559x556S1ea0f538x511S2f004526x535S35000453x483S34400482x483S35d04511x483
Boje,,5313,M586x546S35000437x482S34400468x482S35700497x482S34700526x482S10000565x497S22f04561x532
böse,,6589,M550x569S30c00452x482S35000452x482S34400482x482S36100512x482S30c30519x487S37806516x543S36d00488x521S21100504x555S37703528x522S1f702503x532S30c30488x488
Botsuana,Botswana,17610,M611x592S35000422x483S34400452x483S35d00482x483S36100512x483S36500542x483S37a06454x590S1472a548x514S37a06512x590S14722547x477S20610577x482S20610577x514
brannte,,15412,M576x601S14c10521x569S14c18457x570S35000424x483S34c00482x483S35d04453x483S35d00511x483S34700540x483S2e100519x522S2e110458x521S22520516x556S22520452x556
Bratkartoffeln,,5998,M613x593S1f70a529x537S10011548x535S2c305568x569S35d04517x482S35d04577x483S2c305546x569S34c00547x482S35000387x482S34c00442x482S35d00469x481S35d04415x481S15d30447x543S15d38407x543S26a00442x526S26a10406x526
Brief,,316,M561x563S35000439x483S34800494x483S36500525x482S26512457x542S19a22505x534S19a2a481x535S26506534x541S35d04465x483
Brief,,10921,M578x554S35000440x483S35d04468x482S34800494x482S36500524x482S26512446x536S26506538x537S1dc21500x531S1dc29466x531S1f420549x531S1f428419x534
Britta_Harms,,14131,M606x591S37806450x588S37806532x587S37806408x589S37806491x588S34c00477x483S2034c436x518S2b704452x494S31430405x495S16d10437x485S36b00398x482S33e10408x506S35d04506x483S33b00535x483S36100565x483S11502459x537S1f710513x537S11a20537x522S26506492x539S14b20558x536S20320591x536S37806572x587
Brosamen,,16930,M619x601S15050583x552S2e802581x586S35d04439x483S36100497x483S35000410x483S34400468x483S34c00525x483S33b00555x483S22140577x542S22140577x536
Broteinheit,,11226,M611x580S35000388x481S34400445x481S35d00472x481S21100439x544S15d49409x535S15d41420x526S35d04417x481S2b706452x558S34c00516x482S34800544x483S35d00575x483S1ef16584x551S26500584x534
brüderlich,"brüderlich, brüderliche, brüderlicher, brüderlichem, brüderlichen",23508,M606x581S34600452x483S10050497x551S10058479x551S20600486x533S35000394x483S35d04423x483S35d00481x482S34700511x482S35d04541x483S35c00570x483
Brühe,,22116,M563x613S14c50531x582S14c58454x578S22520523x564S22520449x563S26500533x537S26510456x538S35000437x482S34600496x483S34700527x483S35d04466x482
Brustschwimmen,,9154,M609x586S35000391x483S35d04420x483S34600449x482S36100479x483S35d00507x483S34500544x483S36500573x483S15d50497x536S15d58473x536S2ea36500x571S2ea42462x570
BU,BU PMS,6134,M567x547S19200533x528S35000467x482S34600497x482S2fa00556x508S26600540x492S1f710539x532S20310540x473
Buche,,23366,M599x583S2e100576x480S37800584x540S14c10572x510S15d1a556x563S20500586x572S34700526x483S34600468x482S35000439x482S35800498x483
Buchfink,,3043,M637x587S34600417x482S15a40438x537S15a48425x537S35d00549x482S22114611x509S36500490x481S34800521x481S35d04575x483S1f420605x519S35000389x482S35800446x482S2a208447x556S2a210406x559
Bückeburg,,3464,M549x605S1ce40498x538S1ce48475x538S20600488x573S34600482x483S35000452x483S37906457x603S37906498x603S35d04513x483
Budapest,,14369,M618x592S35000382x483S34600411x483S34c00469x482S35d00441x482S35000496x483S34700523x483S15d50497x531S37706418x590S37706488x589S37706454x589S22b32524x550S22b30545x557S23c0a545x560S37b00551x550S37b06536x550S37706519x590S36100553x483S35d00582x483
Budke,Herr_Budke,3271,M563x554S37706536x552S31400517x481S20500548x474S35010530x504S37706448x552S2ff00447x483S11e11475x468S26500486x454S31430454x494S33e10457x506S37706477x552S37706507x552S1ed10537x485
Bügeleisen,,18061,M577x581S35000424x483S34600452x483S35d04481x483S16058461x554S20350520x539S26602480x541S26606484x553S34700511x483S35c00541x483
Bund,Bundes,14082,M553x559S35000453x482S34600481x482S35d00510x482S1ea06482x536S1ea0e504x535S20500497x524S2880a531x538S28812454x540
Bundesrepublik_Deutschland,,10984,M619x573S35000380x481S34600410x481S35d00438x481S1ea06399x538S1ea0e421x539S20500416x524S35d04480x480S35d00583x484S34700507x481S35000533x481S10020595x461S15d51513x530S2e806526x558
Bundestag,,11017,M607x587S35000398x481S34600428x481S35d00456x481S1ea06423x539S1ea0e446x539S20500442x526S35d04565x483S34c00534x482S2d606449x565S2d61e414x564S35d00503x483S15819529x548S15811565x547S22a07594x530S22a11515x530
Bundesvereinigung,,5621,M596x602S11002547x537S14c21424x534S20700541x567S34700532x481S34600433x482S22a24543x587S2e300446x553S35d00458x483S36500504x481S35d04560x481S1100a522x545S35000404x481
bunt,,3059,M534x587S34600482x482S14c20511x520S14c28461x521S2e501507x560S2e519465x560S2fb00491x557
Burundi,,17613,M591x598S35000410x483S34600439x483S35d04468x483S34600497x483S35d00526x483S34800555x483S14711503x524S14719486x540S20600480x527S3770b471x554S3770b472x555S37703518x539S37a06415x595S37a06478x596S37a06542x596
Bussard,,8225,M585x536S33100537x482S10a10551x501S26900569x518S35000426x482S34600455x482S36100484x482S14720516x514
bzw,beziehungsweise,22986,M592x584S27106526x544S27112438x544S10e00506x541S10e08464x541S34700438x482S35000409x482S34800498x483S36100468x483S34600527x483S35d00556x483
Carolin,,1353,M530x558S31410482x482S16d12496x483S20500520x484S33e00482x482S37906482x556
Catherine,,17361,M550x585S33e00479x483S31400479x483S33010479x483S18910517x478S21300513x514S37806509x583S37806473x583S22a04537x502
Celle,,11589,M561x611S37906455x609S36d00478x522S1f552460x521S20500473x567S37906503x609S2a602485x547S20500472x539S35c00496x482S34700468x482S34700525x483S36100439x482S36d00472x583
Cerebellum,,14149,M618x533S36100390x482S35c00547x482S35d04441x482S34700416x482S34700469x482S35000495x482S34700520x482S15320603x493S2ff00574x482S20500605x522
checken,"prüfen, gecheckt, geprüft, geprüfter, geprüfte",9913,M539x589S35000482x482S30f30487x488S14c48482x530S14c02502x541S20610505x526S22a24501x574
Chef,,12874,M549x577S1f502514x553S2f900517x523S34700482x482S36500513x482S34500450x482S22a00515x531
Chemielehrer,Chemielehrerin,21954,M599x599S34700442x483S2e501474x547S1f523427x541S1f521474x523S2e519436x567S35800413x484S33b00472x482S34800501x482S2fd05469x580S26a00572x525S1ce20574x544S26a10531x523S35c00551x481S1ce28534x545
Chi,,7197,M553x592S34800498x483S35800467x483S10e20536x508S11850530x565S22a04538x545
Christa,,15469,M567x576S33e00482x482S31400482x482S1f410520x491S22104522x479S26506552x491S37906482x574S37906526x574
Christopher,,23217,M523x597S36e00477x514S15002479x537S21100498x561S33b10494x508S31400483x483S37a06472x595S2fb00487x482S2fb00496x481S2fb05483x480S2fb03508x481S2fb07505x483
chronisch,,2750,M578x604S26500499x551S34400452x482S35d04422x482S34800512x484S34500542x484S35d00482x482S15d0a473x562S15d40489x577S21100485x552
chronisch,,12165,M578x591S35d00482x482S34400452x481S35d04422x481S34800512x483S34500542x483S10002492x540S1000a468x549S2ea00507x563S2ea4c486x566
Comeniuspartner,,21879,M610x592S35000487x482S34c00514x483S35d04543x483S35d00574x483S1f540550x548S1f548532x548S2f900532x577S20610544x581S35d04390x482S34400418x482S33b00446x482S16d10418x536S17610442x541S18d50462x531
cool,,12857,M564x582S35d04452x482S34600482x483S35c00512x483S1c531519x539S1c539456x541S27102549x538S27116432x542
Cottbus,,3607,M544x561S30007482x482S10e21514x481S20600506x467S35d04482x482S37b06476x559S37b06498x559S37b06521x558
Cousin,"Cousine, Kusine",9219,M546x583S20600488x572S10050500x538S10058483x538S35d04453x482S36100510x482S34600481x482
Cursor,,3939,M562x573S35d04437x483S34400466x482S36100496x482S34c00526x483S17601511x523S14c00510x542S26c00529x532
da,dann,12112,M548x562S35110489x500S10050506x532S30a00482x482S2880a526x541
da,"kein, nicht_da",22299,M534x609S15850504x551S30126467x476S25504510x587S30122498x476S35d10480x507S34c10513x508
Dachboden,,12088,M618x551S22a17458x537S22a01513x535S35d00381x482S15d19469x511S15d11493x511S20500489x498S35000524x482S34400553x482S15d50559x524S26606583x528S34c00409x483S35800434x483S35d00582x482
damit,,17267,M592x570S33b00486x484S34800516x483S35d00548x483S18540566x539S22104572x526S35d00417x482S34c00446x483S10050465x540S26500470x528
dance,,714,M573x596S15a37530x573S10e04532x542S2a400548x507S36d03476x524S30a00487x488S34100487x488S30106487x477
Dank,,441,M537x541S31400482x482S34c00482x482S15d00495x514S26600521x495S20500481x516
dankeschön,,22082,M562x547S35d00468x483S34c00497x483S15d00542x520S26a00535x504
Darbietung,darbieten,3730,M579x591S15d28475x564S10043487x556S26520483x543S2f900484x533S34c00452x482S34800543x483S35d00421x482S35d04483x482S35000512x482
darunter,tiefer,13619,M576x588S2f900521x549S18010510x530S2f900447x548S18018442x530S2ad13444x555S2ad02524x557S2f900522x583S2f900447x583S35d00423x483S34c00453x482S34600512x483S35d04483x483S35d00540x483
Darwin,,23798,M610x575S34800527x483S35d00557x483S16d10593x492S21100589x513S2880e577x528S35d00408x483S34c00437x482S35d04468x482S36500497x482S37906452x573S37906499x573
das,Das,2217,M548x582S34c00481x482S30a00481x482S30a00451x481S36100512x483S35d00451x481S30a00512x483S10050527x552S2f900536x531S26500534x542
dass,,6434,M548x583S10050526x524S10032456x565S2890d507x558S2f900492x572S34c00481x482S35d00452x481S36100512x483
Daumen,,865,M563x576S33b00527x483S10002465x554S20500469x533S20500458x533S35d00437x482S34c00466x483S34600497x483S1f548459x552
David,,14344,M540x559S31400483x482S36d00479x524S3780a520x495S37801528x464S18210510x453S33e10493x505S37806471x557S37806508x557
dazu,,23856,M563x570S35d00437x483S20500465x531S36100498x482S15d1f454x547S18517522x538S28802497x529S18511471x537S34c00468x482S34600527x483
DDR,Deutsche_Demokratische_Republik,6049,M626x580S35d00400x483S10010411x459S33b00511x483S35d00451x482S34700481x482S15d20497x520S15d28465x529S23600497x551S23614443x563S35d04563x481S14c21599x502S2e400576x517
Definition,,4076,M592x593S34700437x483S15d18453x557S22a04501x574S20500477x554S20500477x568S10110490x538S20500477x582S35d00408x483S36500467x483S34800497x483S35d00527x483S34800556x482
dein,,3764,M534x566S35000482x488S15d20507x539S26500520x520S2f900521x512S30a00482x488S30300482x477
deinen,,10441,M596x578S26a00569x531S34800467x483S34c00438x483S34700525x483S35d00554x482S2f900577x521S35d00410x483S35d00497x483S15d20569x551
Dekoration/ Deko,,16718,M605x597S35d00395x482S35d04454x482S35d04511x482S34700425x482S34400482x483S34c00539x483S36100569x482S15020514x563S15028460x566S28913434x551S2890b536x550S26500534x532S26510446x530S26511426x539S26507555x538S26512414x562S26506564x560
Deltoid,,8804,M605x603S35d00396x482S35c00454x482S35d00481x482S35d00569x482S34700425x482S34400510x482S34800540x483S1f01f458x527S1f017483x527S1f410523x587S1f418411x588S22b05500x557S22b13439x559S22103501x525S22105456x522
Den-Haag,,1314,M583x607S1ea12478x567S14c00519x531S2a208507x563S37a06439x605S34700447x483S35d00417x483S34c00518x483S35d00475x483S37a06523x605S37a06479x605S35d04547x483
denkst,,16811,M610x519S35d00409x483S34700440x483S10011589x489S20500584x475S30007555x483S35d00469x483S35d04498x483S35d00555x483S36100527x483
Derby,,21921,M599x563S35d00422x482S34800543x484S37706525x561S2ea00582x461S37706496x561S37706466x561S34c00453x483S35d04483x484S35000513x484S19200578x490
deutsch_lernen,,15894,M570x518S31430514x495S2ff00457x482S20500488x474S34510465x499S35c00506x483S18510537x493S20610536x476S10010468x462
Deutschunterricht,,15198,M557x568S26a10490x534S34600491x482S18520529x553S18528489x553S26a00527x532S35d00521x482S35d00443x482S10010454x460
DGS_Korpus,Korpus,13217,M629x597S35d04447x482S34400478x482S35d04507x483S35000534x482S34600564x482S36100593x481S15d38528x571S15d30551x571S15d40591x528S15d48491x529S28a07574x562S28a1f493x562S33e00372x483S10110386x524S10002407x538S20320443x537
Diabetes,,10871,M562x575S1f932495x543S36d00464x524S35d00437x481S34800467x482S35000526x483S34c00497x481S36d00464x571S21600502x533S20500511x562S26603517x532
Diagramm,,11363,M590x595S35d00409x482S35d04496x482S34800438x482S34c00467x482S34c00525x482S33b00554x482S10048452x565S10051465x567S24909489x535
dick,"dicke, dicker, dickes, dicken, dickem",5023,M547x565S35d00452x482S34800481x482S35d04511x482S15410499x539S15418479x540
dick,"dicker, dicke, dickes",22241,M552x562S35d00455x483S35d04509x483S34800481x483S1ed10526x531S2f900539x557
Dienstag,,959,M623x523S35d00452x483S35d00511x482S34800481x483S1d410539x489S2c400583x500S21100567x505
Dienstleistung,,10142,M611x585S36d00414x523S36d00416x555S15d15391x533S15d1d459x534S20500414x567S20500452x567S35d00389x482S35d00450x482S2f900452x580S2f900413x580S34800419x482S35c00490x482S36100575x482S34c00518x482S34800545x482S15d48518x540S1dc20538x533S21100536x567S2c300568x553
Diskussionsforum,,2636,M616x591S35d00387x482S34800416x482S36100444x483S35d04472x483S34400548x482S35d04577x482S27112434x548S27102457x549S10c10476x544S10c18407x545S36500518x482S1ce20565x561S1ce30565x524S1ce38541x525S1ce28541x561S2d706589x547S2d71e511x546
Divident,,11114,M611x570S35d00389x483S35d00518x482S36500447x482S34800418x482S34800476x482S15d18410x541S10e02431x550S20600431x534S1ed10567x539S34700547x482S35d00575x482S2f900578x565
Docht,,5080,M562x585S1d440495x548S1d448471x557S22a00506x530S35d00438x481S35d00526x483S34400466x482S35800496x482
Dom,,14915,M548x569S35d00451x482S34400482x482S33b00512x482S15a11501x521S15a19477x521S22b01524x545S22b17456x544
Dominike,,15413,M545x589S11811471x522S11819504x520S3780b479x537S21800458x511S21800527x511S37703490x542S31400482x483S34010492x506S37706466x587S37706496x587
Dorn,,8447,M561x571S35d00439x482S34400467x482S35d04496x482S35d00525x482S10018473x541S1ce40476x524S26606498x540S2f900531x547
Drahtseilbahn,,11877,M640x558S35d00385x483S35d04411x483S35d00469x483S36100497x482S35c00579x483S34800552x483S34c00439x483S34c00525x482S11010617x531S2c700617x495S36d00568x524
drfen,,1075,M543x543S2b800520x509S15d00494x516S34600482x482
Druck,,14663,M563x581S20300491x546S20500512x562S35d04527x482S34600497x482S2f900511x555S35d04467x482S15d16485x562S35d00437x482S22a04510x538S37700498x523
du,Du,24868,M535x556S33e10492x505S31400482x483S10050516x526S26500521x509
du,,3785,M539x570S30a00497x488S10050521x540S30300497x477S26500525x526S34600497x488S30a00466x488S35d00466x488
dunkel,,9046,M591x581S35d00409x482S34600439x483S35d00468x483S35d04496x483S34700526x483S35c00555x483S16d10532x545S16d18420x544S28a02488x537S28a1a448x546S20310486x559S20318475x566
dunkelblau,,9047,M618x589S35d00386x482S34600418x482S35d00449x483S20310434x556S20318425x565S35c00522x483S16d10483x547S16d18375x541S28a02442x536S28a1a396x540S35000492x483S34600578x483S34c00550x483S11520603x521S29a04603x554
durchaus,,22787,M607x579S23014457x560S23004507x561S20350511x539S20350464x538S35d00394x483S35d04453x482S35800482x483S34600424x483S34c00511x482S34600541x482S36100571x482
durchfallen,,4196,M562x582S35d00439x482S34600468x482S35d04496x482S35800526x483S15d0a479x532S1f522504x528S22a04502x556S2f700505x575
durftete,,11319,M555x518S31600482x483S2ea00540x491S15d02506x493S36520494x504
durstig,,1383,
E-Zug,,12977,M563x546S34600499x483S14a20467x531S34700437x481S36100472x483S35d04527x483
Ebbe,,4456,M548x598S34700452x483S35000482x482S34700512x483S14c50510x524S14c58464x524S22b04515x566S22b14467x568
echt,,3191,M530x612S34700482x482S10e10514x523S10e18469x523S10e40514x582S10e48469x582S22a04517x557S22a14468x557S2f900518x573S2f900469x573
Editor_Icons,Editor-Icons,19664,M623x586S15d3a434x533S2421a496x562S34800433x483S35d00405x482S15d3a392x533S20500455x552S11550403x546S20500385x561S34700377x483S35d04530x483S11530436x547S34c00472x483S34800500x483S35d00587x483S10050522x528S10058503x528S24202519x561S34700559x483S2421a554x562S24202578x562S26626545x542
effizient,Effizienz,2963,M564x589S15d39460x566S15d41520x552S20340464x556S2d600486x553S20500481x575S34700436x483S34800497x482S36500466x482S36100528x482
Ehemann,,9279,M579x581S14c5a431x557S19202457x537S2880e421x547S20e00446x542S34700424x483S33b00482x482S34c00511x481S35d00539x482S36d00521x525S18042564x524S20500552x542
Eherecht,,9270,M594x595S14c5a412x557S19202438x537S21100420x539S26502400x546S34700405x483S35d04467x481S34700497x482S35800527x481S10e40534x529S10e48503x528S22a04535x570S22a14505x570S35d00558x481S2f900536x590S2f900505x589
Ei,,8696,M556x546S34800497x482S34c00467x482S1ce10534x506S2f900536x541
eifrig,Eifer,2172,M548x582S34c00451x481S34800481x482S2f700440x542S20330510x567S20330466x566S2e509503x533S2e511461x535S2f700536x537S36500512x483
Eigenschaft,,16035,M592x566S34c00408x483S34800438x483S34700498x483S35d04469x483S34500556x483S35d00528x483S36d00478x526S1e110506x540S20610526x539
Eigenschaften,,20149,M601x564S34c00403x484S34800431x484S34c00532x482S35d04461x483S20600465x537S1dc10446x531S36d00431x523S36500562x482S34500503x482S15d20559x537S26a07580x524
Eigentum,,15849,M605x562S34c00395x482S34800424x482S35d04454x483S35d00512x483S34700483x482S34600539x483S33b00569x482S36d00478x524S1e110489x531S20600511x551
eighteen,18,16041,M581x564S34800452x482S34a00421x482S35d00482x482S1cd00561x534S34800512x482S35d00543x483S21b00570x523S21b00557x530S21b00551x540
ein,,23692,M588x597S34c00452x483S34800482x483S16d20571x524S35d00512x483S16d21517x556S16d48502x577S28a03534x533
eindeutig,"eindeutige, eindeutigen, eindeutiges, eindeutiger, Eindeutigkeit",20480,M609x572S26a00581x520S34c00408x483S34800437x483S35d00466x483S1ce10587x542S34800526x483S35d00556x483S34400496x483
Eindruck,,8508,M593x590S22a24498x569S20500508x536S34c00406x482S34800436x482S2f900498x585S15a37484x540S20351493x545S35d00467x482S2f900519x540S35d04497x482S34600527x482S35d04557x482
eines,,2969,M579x559S1f502544x535S34c00421x481S34800452x482S36100543x484S34700514x483S35d00483x482
eingeben,,15162,M596x558S35000560x482S15a38466x528S20500479x547S28902495x520S35d00463x482S34c00403x482S18541471x530S35d04499x482S34700529x482S34800433x482
einig,,1479,M548x590S1711a488x540S1711e492x552S20800481x550S2e822476x575S34800482x483S34c00452x482S35c00512x483
einkaufen,,4350,M602x590S34c00515x481S34600541x482S15d48439x558S1ea41463x538S20e00460x560S22a04464x575S34c00398x483S34800429x483S35d00457x482S35d04486x482S36500566x483S22a04477x575
einpflegen,,23269,M613x592S22f15512x567S35000488x483S36500518x484S34700577x483S1dc03565x542S1dc0b486x542S22f03547x571S35c00548x483S34c00388x483S34800418x483S35d00447x482S18517449x535S18511393x543S28802423x537
eins,,3487,M563x581S22a04517x566S34c00437x482S34800468x482S35d00498x483S36100527x483S10a20506x533
eins,,21776,M528x574S2f900515x569S1f502513x539S2ff00482x483
einsparen,,9875,M592x594S34800438x482S34c00408x482S35d00468x482S34500497x483S35000527x483S34c00556x483S15d39470x531S18041481x522S20342486x579S26504487x560S21100489x543S37706500x585
einstürzen,,12670,M566x576S22e03535x546S14c1a464x553S14c12498x551S14c18429x520S22e15441x547S14c10543x517S30a00482x488S35010495x510S33900522x485S32a30508x503S32a40482x503S33706518x507S33702466x506S30154493x476S30150504x475
Eiweiß,,8724,M643x539S34c00397x482S34800425x482S26506628x513S20e00614x513S34c00509x482S34800538x482S36500480x482S36100567x482S10012581x513S10a00440x513S20500459x509
Ekel,,7239,M575x533S35d04467x483S34700439x482S34700495x483S35c00524x482S18000541x518S26500561x499S30c30531x488
ekelhaft,,4273,M563x595S30f00437x482S30f00466x482S30e00497x482S30e00527x482S34700497x482S14c58470x534S35c00527x482S35d04466x482S34700437x482S14c50506x535S27106536x543S27112450x541S2f700534x588S2f700446x584
Elefantenbulle,,23532,M623x524S30001500x489S30007560x488S19a18473x453S19a10588x454S34600530x489S35c10573x507S2c100435x461S19a20595x489S19a28472x489S16d10439x496S35010513x510S34700405x476S26500594x476S26510479x476
Elemente,,2225,M563x587S34700436x482S35c00467x482S34700497x482S33b00527x483S1ec26514x534S23404511x573S26606526x561
Ellipse,,16303,M593x612S34700407x483S34800466x483S35000497x483S36100527x483S35c00437x483S34700557x482S10050464x552S28a0f462x583S28a3b557x567S28a3d562x586S37a06510x567S37a06509x572S37906523x605S37a06515x610S37806492x605S37806487x610S37806486x567S37806486x572
email,,4231,M578x599S1eb38515x523S1dc54511x569S26504514x546S34800421x482S33b00452x482S34a00481x482S34800511x483S35c00542x483
Empfangshalle,,23336,M614x624S34700386x483S33b00414x483S35000441x483S36500470x483S16030456x535S16038411x536S18514402x608S1851c444x609S26604452x570S26614407x569S34c00519x482S35c00549x482S34700578x482S10003572x543S1000b535x542S2d706571x572S2d71e536x570
empfehlen,Empfehlung,7989,M579x576S34710493x503S30004482x482S15d00519x499S22a04518x530S15d30518x548S23600540x559
Empfindungswort,,684,M628x589S33b00426x481S34700397x483S35000454x482S36500483x483S17738417x537S17730492x535S22942490x557S22946434x556S21100441x538S21100478x538S36500536x481S34400566x483S1ed40588x519S2df08607x496
eng,,15508,M543x579S36e00478x520S34700468x482S35d00496x483S15a48484x542S15a52497x552S2f900484x574S26502528x551
Engagement,,10075,M592x604S34700407x482S35d00437x482S35d04467x483S34c00497x483S34500526x482S34700556x482S20310509x552S20318457x550S25d10458x525S25d00508x528S2e204507x569S2e21c453x570
Engel,,11203,M607x557S34700425x483S35d00454x483S35d04484x482S34700510x482S35c00539x482S15d20580x504S15d28402x504S25d04577x537S25d04593x537S25d14390x536S25d14407x536S36d00469x525
englisch,,323,M550x541S34a00482x477S36a00482x477S20600528x515S11810509x514
entladen,,9523,M612x632S22f13486x575S22f03510x594S35c00481x483S34c00511x482S35d00541x482S10e37582x527S10e39566x509S10e3f444x607S10e31469x589S10e38518x561S10e30540x561S22f03572x555S22f13552x534S35d00452x483S34700423x483
entscheidend,,7391,M533x584S34500482x482S2a40c508x530S15a06486x572S15a40492x527S20e00494x558
Entschluss,,2136,M578x571S20500460x538S35d00454x483S2c300512x548S34500484x482S21100492x550S15d48439x543S1ea51460x545S34600542x483S34700423x483S35c00513x483
Entsetzen,"entsetzen, entsetzlich",931,M551x577S30304482x477S31a00482x488S36100482x488S15d10523x505S15d18458x505S27102519x535S27116475x537S2f720539x545S2f720454x546
entspannend,"Entspannung, entspannen",8505,M591x613S34700409x483S34500467x482S35000498x482S34c00526x482S35d00439x483S35d00555x482S20301469x533S20301501x534S14c30504x582S14c38466x581S22a04508x562S22a14473x561
erarbeiten,"erarbeitet, erarbeitete, erarbeiteten",22985,M578x572S34c00482x482S20300494x557S20300498x540S20e00513x556S2ea00516x530S35d04512x482S35000542x483S34700422x482S35d04451x482
erbrechen,,12219,M537x554S34300482x488S30154495x476S31930490x499S14c30495x523S2b700518x510
Erdgas,,24183,M626x581S34700399x482S35d04430x482S35d00459x482S35d04509x483S34c00538x483S36100566x483S15030462x537S27102442x541S15d11592x493S23703590x516
Erdkugel,,22921,M590x594S34700410x483S35d04439x482S35d00469x482S16d38444x574S2a212422x553S2a20a480x551S16d50464x534S16d58442x536S16d30466x574S15410573x538S15418533x538S35d04523x483S34600554x484S26502562x565S26516541x565
Erdkunde,,296,M597x604S34700426x481S35d04457x481S15a50445x532S15a50459x532S15a30445x577S15a30459x577S20500454x522S20500454x566S2a20a474x552S2a212423x552S34600537x484S30007537x484S15a11574x486S20600562x473
erfolgen,,20782,M588x604S1000a465x562S35d04552x483S10002488x552S34700413x482S35d04442x482S36500469x482S35c00523x482S34400495x482S2f000499x571S2f013466x584S26520486x529
erfolglos,,8822,M613x591S34700411x482S26503435x536S20500402x534S20352413x545S35c00498x483S20350456x526S36d00406x523S34400528x483S36100558x483S36d00523x525S14c01546x533S14c50589x560S14c09517x533S14c58483x559S28805566x567S2881d510x567
erfolglos,,8821,M616x594S24e00459x483S15d00444x463S15d20436x504S34700399x482S35c00505x483S36100564x483S34400534x483S36d00530x524S14c01550x533S14c09521x532S14c50592x563S14c58477x558S28805568x565S2881d505x564
erinnern,,1408,M558x517S34800482x482S30007482x482S10001521x481S20500509x475S26507531x469S2f900547x466
Erkohte,,15454,M641x573S35d04422x483S34400510x482S35d04540x482S20302575x537S37706588x544S34700567x482S2ea36585x558S34700397x482S35d04481x482S30a00397x482S30a00422x483S10057444x517S26507467x518S37702599x521S36d00557x520S1ec26622x521S22a04622x551
erlaubt,,15580,M631x555S34700411x489S34c00496x489S30122525x475S35000553x489S35d04439x489S35c00468x489S15d00568x520S15d20610x506S2df08585x514S22e04614x537S30e30559x496S30e30530x498S30e30502x498S30e30474x499S30e30444x499S30e30416x499S34610535x507
erledigen,,13940,M605x592S34700395x482S34700483x483S35c00455x482S35d04425x482S1ce50557x530S1ce58401x527S34800541x482S35d00513x483S35d04569x482S1ce02498x569S1ce0a450x570S26907525x558S26911434x558S2f900540x552S2f900427x552
erste 3 Ziffern,,4605,M552x602S2f900488x597S30a00482x482S10b20535x554S10018487x564S34700482x482S26500532x532S26500511x532S26500487x531S26602496x546
erstens,,13163,M522x579S1f548485x547S10041501x549S20600484x534S30a00482x482S35110489x500
erster_Platz,,9765,M623x585S1f720398x547S2df04420x561S1f501435x529S2f900436x557S34700377x483S35d04406x482S36100435x482S36100587x483S35000479x483S34c00532x483S35c00506x483S35d00560x483S18010552x570S28c00582x553S2f900569x558S18020541x542S26606578x540
erzeugen,,2000,M592x600S2890f493x560S28917446x563S20307455x528S20301488x528S14c40528x568S14c48418x569S34700409x482S35d04438x482S36100468x482S35d04556x483S34400496x482S34800526x483S37703503x543S3770b438x542
Essig,,8741,M586x528S34700437x482S36100467x482S35d04526x482S34800496x482S18010539x513S20600564x502
et,"&, und",20436,M533x580S10019474x550S10011496x550S20500502x536S34600468x483S37b03491x545S37b0b487x546S35d00497x483
etwa,,2006,M564x627S2a200498x596S2a210456x599S14c50501x533S14c58457x534S2a400498x568S2a410456x568S34c00528x482S34700435x481S35d00466x481S36500496x483
Eugen,,689,M551x577S33100482x482S10011498x508S21100520x509S23804534x524S37906483x575
excuse_me,,922,M589x582S30e00412x489S20348421x549S2f920422x571S36100412x489S15d27480x534S2d606498x507S15d10464x504S2f900484x511S30e00549x486S30104549x475S15a57542x547S15a51559x552S21100571x541S36e00543x519S34d00549x486
exotisch,,11063,M618x631S34400473x481S36100443x481S34700381x482S35d04411x481S1ef40453x557S1ef48418x557S2880a475x540S28812399x542S1f440490x556S1f448380x557S2b700572x525S1ef41555x548S2b714528x607S1ef4f532x575S35d00523x482S22105536x568S34800552x482S22105552x549S34500582x483
experimentelle-Neurose,experimentelle_Neurose,1588,M621x607S1f528446x556S1f520483x542S2e518455x576S2e500484x561S2fd04480x601S34700415x481S2f000600x527S36100473x482S35000502x482S10011592x496S35d04444x481S35d00550x484
exportieren,,13815,M607x578S34700394x482S35d04422x482S36100450x482S35000481x482S34400512x482S35d04541x481S35d00571x483S1ce20442x541S1ce28401x541S28b22480x538S28b22483x558S1ce20582x539S1ce28533x538S22104552x540S22104574x540
express,,18208,M607x578S34700393x483S35d04422x482S36100452x484S35d04510x483S35000481x483S34700540x482S36100571x482S20352449x563S37806464x569S26500451x541S2f900450x532
F,,6938,M518x517S36500482x482
Fach,,2806,M549x599S36500451x483S34c00482x483S35800513x482S15d48466x539S15d40511x539S22a04511x575S22a14474x575S2f900512x593S2f900476x594
fachlich,,10880,M615x599S36500430x483S34c00461x483S35800492x482S15d48445x539S15d40490x539S22a04490x575S22a14453x575S2f900491x593S2f900455x594S2f900599x491S15d01562x490S15d20596x453S2df08580x473S35100533x482
fahren-ab,,21228,M530x573S35000482x483S15d02469x533S15d03507x535S18250462x536S20b00470x519S2880e488x561
Fahrschule,,12751,M610x575S34c00420x482S34600517x482S35d04449x482S20303448x554S20301416x554S36500390x482S35c00545x483S34500488x481S34700574x482S26500450x533S26510418x530S15d39529x548S18520541x559S20e00559x542S26a07571x525
Fahrstuhl,,604,M543x580S36500467x482S34c00497x482S15a52516x568S22b00526x532
Fahrzeuge,,12635,M619x603S34c00432x482S35d04462x482S36500403x482S36100502x482S34800561x482S34400531x482S1dc40461x552S1dc48415x550S26500463x532S26510426x531S15a50570x547S22a04570x580S2f900570x598S26606589x568S22f04586x581
Fallanalyse,,5143,M601x593S15850447x535S15858411x536S25504452x570S25514415x571S34c00428x483S36500399x483S35c00457x483S34c00508x482S35d00537x482S34c00565x482S11511552x534S11519511x535S21800522x525S21800546x522S22a04560x569S22a14516x571
Falten,,738,
Familienmitglied,Familienmitgliedes,21809,M621x585S1ce20424x555S1ce28399x555S2df06427x529S2df1e393x529S20500415x530S36500379x483S34c00407x483S33b00436x483S33b00476x483S34800502x483S35c00585x483S35d00531x482S35d04559x483S1ea06518x546S1ea0e540x546S20500533x531S26602570x554S26616480x554
Familienstand,,12911,M615x620S1ce20433x557S1ce28410x555S2df06439x530S2df1e406x530S20500427x530S36500386x482S34c00416x482S33b00447x482S34500495x482S35d00524x482S34c00552x482S35d00579x482S15d38547x594S11913555x531S20500554x581S22a04552x564
fangen,,22389,M559x574S36500482x483S15248443x507S15240539x510S26615464x534S2f700519x560S2f700464x559S26603514x534S20340492x542S20348492x559
Farbe,"farbig, farben",8450,M560x601S36500439x482S34c00467x482S35d04495x482S35000524x482S15d3a485x537S11550490x549S20e00509x555S2a204522x561S2a20c520x573
Farbetikett,,21393,M617x608S26500449x529S34c00416x483S20e00452x568S34700516x483S15d39420x538S15d50424x545S20e00432x576S18004446x549S26504432x593S36500387x483S35d04445x483S35000475x483S35d00546x483S34800577x483S1f020567x545S1f028534x545S26506602x545S26512511x546
faul,"faule, faulen, fauler, faules, faulem",16046,M562x584S34600496x482S36500438x482S36d00488x522S3780a474x523S37803474x554S15d02473x546S37801527x524S37806501x557S20600462x567S35c00526x483S34c00467x482S30c30445x489S30c30474x489S30c30503x488S30c30533x489
Faulenzer,,10742,M599x586S20500400x564S36500402x482S36d00426x522S3780a412x523S37803412x554S15d02411x546S37801465x524S37806439x557S35c00487x481S34c00430x482S34600460x482S1ed26580x526S22b04578x556S34700532x482S35d04561x483
Faulpelz,,10744,M617x585S30c00382x482S36500382x482S36d00418x523S3780a404x524S37803404x555S15d02403x547S37801457x525S37806431x558S20b00385x555S34c00410x482S34600437x483S35c00465x483S35c00551x482S36100581x483S35000493x483S34700523x482S2f700384x542
Faust,,17722,M575x569S36500426x483S35d00539x483S34c00455x483S34600483x483S36100511x483S20300549x531S37700556x544
Februar,,6487,M564x533S36500451x482S34700482x483S35000512x482S1f710544x500S21100542x519
Federball,,12734,M616x606S36500383x483S35d00438x483S35d04496x483S34700411x482S34700467x482S1f040478x565S34c00552x483S1f440512x536S35000523x482S35c00580x483S17737473x578S23407494x540S2f900477x601
Fell,,1854,M586x596S34700482x483S36500451x483S35c00513x483S14c02520x572S14c0a444x573S18502521x532S1850a458x532S20e00505x576S20e00479x576S26f10438x558S26f00529x554S22b04570x558S22b14417x555
Fenster,,3676,M553x599S36500467x482S34700497x482S10021506x524S10029470x524S10050506x569S10058488x569S24402520x551S2441a457x549
Fernglas,,764,M542x538S31a00482x483S36520494x506S17610521x489S17614462x489S23003516x510S23015463x512
Ferse,,22654,M576x578S15a31491x555S15a50482x536S36500425x481S36100510x484S35d04481x483S34700452x483S34700540x484S20600501x541
Fest,,13743,M564x578S36500436x482S34700466x482S36100497x482S35d00528x483S10a20523x533S10a28448x534S37b06456x552S37b06524x550S27102506x538S27116476x538
fest,,13744,M562x586S2f900456x529S2f900511x530S35d00526x482S20348455x538S20340507x538S36500438x482S36100497x482S34700467x482S22a04509x562S22a14456x563S2f900509x580S2f900456x581
Festausschuss,,13747,M621x570S36500379x482S34700406x482S36100434x482S35d00462x483S20300444x543S20300414x543S2f900387x538S2f900481x537S20320479x545S20328378x545S2df08458x522S2df10396x520S36100557x483S34c00502x482S34600529x482S34500585x483S16d40572x550S16d48552x550S20500566x535
festklemmen,,13755,M619x591S36500381x482S36100440x482S34700411x482S35d00467x483S34700554x483S35c00526x483S35d04496x483S33b00583x483S18550515x544S18558448x545S22104460x533S22104521x532S22a04528x567S22a14446x568S2f900528x586S2f900447x586
festlich,,13758,M607x576S36500392x482S34700422x482S36100452x482S35d00481x482S10a20517x531S10a28442x532S37b06450x550S37b06518x548S27102500x536S27116470x536S35c00511x482S34800541x482S35800571x482
feucht,Feuchtigkeit,13721,M578x565S22114451x538S22114499x538S18510504x549S36500422x482S34400452x482S18518444x550S34800482x483S35800512x482S35d00542x483
Feuer,,13773,M547x621S23614464x571S23600505x557S2e114474x593S2e104507x579S14c20502x521S14c08477x535S36500452x482S34400481x482S34800511x482
Feueralarm,,13774,M632x621S36500417x482S34400445x482S34800474x483S14c09422x571S14c21447x573S20e00444x559S2df00471x570S2df14428x600S14c00469x520S22a00475x552S34c00516x482S35c00545x482S37701599x494S27206613x476S37707581x518S1ea20583x473S36d00540x523S31a30552x492S31a30522x492
Finale,,22095,M533x596S36500468x483S15d41507x533S15d4a489x577S22a04505x552S20500506x569S34800497x483
Fingeralphabet,D,16322,M508x515S10110492x485
fingern,,154,M581x569S36500467x482S14e20516x538S22520512x525S26606551x549S34800497x482
flach,,8581,M561x576S26600500x525S36500438x483S35c00465x483S35800525x482S34c00494x483S18210495x558S18218483x561
Flaschen,,21925,M593x624S36500407x483S35c00437x483S16d48495x594S16d40503x572S22a00505x554S2f900496x619S2f900510x528S34c00467x483S34500497x482S34700526x482S20340507x536S35d00557x483S22a00558x552S26506528x577S26516527x601S2f900560x529S20340557x536S16d40553x571S16d48554x594S2f900553x618
fleißig,Fleiß,6359,M577x571S36500422x483S35c00452x483S36100541x482S34c00480x482S34800511x483S1f740514x555S1f748456x556S2e508503x522S2e512461x524
Fließband,,18135,M596x618S36100495x482S34800465x482S35c00435x483S36500405x483S35000530x482S34c00560x482S15d48465x549S15d40525x550S26726489x585S26726489x602
flink,,2247,M594x590S36500437x482S10050566x560S34800497x483S35c00466x483S2f710565x508S2a500573x520S26600561x519S35d00527x483
Flöte,,18595,M577x591S22526504x521S22522479x559S15418485x523S15410497x556S34400483x483S35d00513x482S34700541x483S35c00453x483S36500424x483
Fluat,,3255,M612x557S34600482x483S34c00512x483S36500424x483S35d00540x483S35c00453x483S1ce20558x527S26606582x541
Flügeln,,16279,M610x551S36500438x482S35c00467x482S35d04527x482S34600497x482S36d00439x519S36d00480x519S36d00512x519S37c03409x522S15d18569x500S15d10417x499S37c0b588x526S22f05589x530S22f13394x524
flüssig,,3104,M563x591S15d0a444x534S34600496x482S22520472x524S14c00477x539S35c00467x482S22a04484x576S36500436x482S36100527x482
Föhn,föhnen,17471,M581x536S36500451x482S34400482x482S36b00513x482S1dc11557x481S35d10526x501S23003555x511
folgt,,10585,M577x566S36500422x483S34400453x483S35c00481x483S35d04510x482S26520515x520S35d00541x482S10018508x530S10010517x536
Folie,,1225,M575x587S15d39459x555S26507507x543S15d51473x564S34700539x482S36500424x482S34400452x483S34800509x483S35c00481x482S20e00493x559
Formel eins,,15266,M611x566S34400418x457S33b00447x457S36500388x457S35010531x538S1f502530x511S23c04467x539S23c1c383x537S34800545x457S34c00516x457S35d00575x457S1e140440x523S1e148408x524
fragen,,3478,M536x545S1ce40462x515S36500482x483S2f900525x535S26606486x529
fragen,fragte,10607,M609x537S34700555x483S20500584x516S1ce02551x515S26600593x485S35d04438x483S35d04497x482S35d00526x482S34c00468x482S36500408x483
Frau Dröst,,6278,M580x585S33e10531x505S31400520x482S11e10542x528S37a06509x583S20e00559x530S22f00555x514S33e00444x482S18211461x527S20500475x545S2a602490x538S36d00443x520S31430451x494S37a06443x583
Frau_Boymann,,5676,M583x596S31400447x482S36d00443x523S18011462x531S20500479x550S2a602491x552S36500447x482S35000521x483S14721552x480S20600561x502S31400521x483S37806450x594S37806492x594S37806535x594
Frau_Müller,,12432,M568x604S31400438x482S36d00434x523S18011453x531S20500470x550S2a602482x552S36500438x482S33b00524x482S31e30530x490S10002537x535S1000a516x542S33030556x491S33040518x491S20500558x507S20500517x507S37d00562x501S37d00521x502S2ea00546x559S2ea4c529x565S37706439x602S37706474x602S37706509x602S37706541x601
Frau_Wächter,,17794,M577x590S36500437x482S33e10540x504S31400529x482S18251468x531S36d00435x522S20500489x523S20500490x556S2a602503x529S37806540x587S37806501x588S37806462x588S37806423x588S11551550x548S11559530x551S20600546x532S2f900528x577
Frau-Seidel,,2819,M594x590S31400450x479S36d00446x520S18011465x528S20500482x547S2a602494x549S36500450x479S30b10518x485S10011541x495S26506579x488S21100559x488S36100518x485S37a06449x588S37a06497x588S37a06535x588
frei,offen,14007,M579x563S34200482x482S31430489x494S15d02504x544S15d0a475x544S15d47556x517S15d4f427x513S26907532x541S26911453x540S2f900544x535S2f900447x534
Freitag,,4474,M605x615S36500395x483S35d04423x482S34c00453x483S34800483x483S35d00511x482S34c00541x482S35d04569x482S19a02487x574S19a0a442x572S19a52490x524S19a5a445x526S2c600504x552S2c611425x547S20500483x604S20500455x602
fremd,"fremde, fremden",21881,M577x569S36500423x483S35d04453x483S35d00541x483S34700480x483S33b00510x482S10041461x539S1000a440x543S10020516x529S2df08486x539
freundschaftlich,Freundschaft,8112,M575x591S16d0c490x552S15d0a458x551S20800481x545S35d00539x483S34800510x483S23624467x574S34400482x482S36500424x482S35d04453x482
Frisur,,12827,M528x518S33e00482x482S31430489x495S2a024492x459S37700511x469S37700489x468S37709483x490S37701511x491S2fc03506x476S2fc06515x487S2fc02514x500S2fc00513x463S2fc05479x479S2fc02475x491S2fc06476x503S2fc00484x478S2fc00502x478S2fc00475x464
froh,,3243,M540x577S30a00482x482S34000482x482S20e00474x551S15d03517x525S20e00507x551S15d0b453x524S2ea00524x552S2ea10458x549
Front,,12567,M559x566S36500440x482S35d04467x482S35d00523x482S34400495x482S14720503x536S14728486x536S26606523x539S26612448x539S26602523x550S26616449x550
Früchte,,6851,M577x567S15030548x497S17630551x551S34600509x482S35d04481x482S36500454x483S23400540x533
Frühling,,20370,M589x582S34600498x483S17630568x566S22b00570x530S36500437x483S14c00566x494S35d04467x483S35c00528x483
Führerschein,,9018,M617x598S36500383x483S35d04440x483S35d04497x483S34500526x483S34600411x482S34700467x483S34800581x483S34c00554x483S15a48462x538S1ed40478x532S22a04490x556S2f700493x572S1ed50478x579
füllen,,12896,M547x568S36500454x482S35c00511x483S34600483x483S16d48467x548S17751511x528S22f03492x539
fünfzehn,,21788,M546x605S2e800527x573S14c50522x538S2ff00482x483
fünfzehn,,4261,M605x598S36500395x482S34600423x482S35d00452x482S36500480x482S36100509x482S34700539x482S35d00569x482S14c50538x531S2e800543x566
für,,13855,M547x571S36500453x483S35d04511x482S34600482x483S1ce20523x541S1ce28465x541S26500518x528S26510480x528
für,,3157,M549x556S36500482x482S1ce20527x526S26500529x501S2f900531x489
für,,21065,M556x575S2f900464x570S35d04512x482S1dc49457x536S34600482x483S1ce20534x535S36500453x482S26500540x518
Fürth,,7329,M572x591S10050511x553S10058491x553S10057551x517S36500439x483S34600467x482S35d00526x482S35d04496x482S27307537x542S20e00530x569S2f900491x586
Fußball,,22760,M564x567S20b00456x552S20352466x537S16f58449x527S2880e482x555S36500437x482S34600468x483S36100498x483S35000528x484S20314505x540
Fußgänger,,15926,M588x599S34600452x482S20e00496x558S26a07506x542S34a00540x482S36500424x482S36100481x482S35d04510x482S15d39468x573S11851482x575S1ed26569x534S22b04568x569
Gabel,,7661,M577x583S35d04422x482S35c00541x482S34c00453x482S35000482x483S34700512x483S20600480x572S10e02486x555S15a49471x542
Garderobe,,18063,M644x607S2490a608x525S2fb04463x601S36d00449x524S14c0a437x537S14c02474x537S20e00446x565S20e00479x564S22f04477x584S22f14438x584S34c00450x482S10620585x508S34400542x483S36d00539x523S35d04420x482S35d04481x482
Gasdruck,,24453,M618x579S35d04383x483S34c00412x483S36100441x484S14711468x497S26f02462x519S33110459x491S34600552x483S35d04523x483S35d04582x484S35d00493x482S20302554x546S20304529x546S36d00528x524S37803570x526S3780b498x525S37806568x553S37806498x553S26502563x565S26516518x564
Gasdruckregler,,24456,M626x579S35d04382x483S26502493x565S26516465x563S14711409x493S26f02404x515S33110400x489S34600490x482S35d04462x482S35d04518x482S35d00435x482S20302493x545S20304470x545S36d00468x522S37803509x523S3780b439x524S37806508x552S37806440x552S35d04555x482S34700583x483S15010560x526S2c400586x531
Gasse,,12579,M559x600S35d04441x482S36100495x482S34c00469x482S34700523x482S15d48477x573S15d40513x572S27e21498x544S36e00477x520
Gasthaus,,12580,M615x628S35d04385x482S36100445x482S34c00416x482S36d00428x525S23804589x568S2381c529x567S26603455x568S26613417x564S34c00521x482S34600550x482S36100579x483S15d11569x544S15d19544x544S15d40594x601S15d48523x600S16031483x540S16037449x536S35d00475x482
Gaststätte,,12581,M609x576S35d00476x482S35d04390x482S34c00419x482S36100447x482S27108499x548S34a00573x482S10e12496x522S10e1a461x534S27114447x561S34500512x482S35d00542x482
Gatter,,18347,M575x547S14c02497x524S14c0a470x522S35d04539x483S26606533x527S26612433x526S34700510x483S34c00453x483S35d04425x483S35d00481x483
Gaumen,,4525,M561x576S35d04438x483S34c00467x483S34600496x483S33b00525x482S10020483x520S26100482x556S26100498x557
gebärden,"gebärde, gebärdest, gebärdet",212,M591x601S14c40494x525S14c48471x538S2ea00503x564S2ea4c482x576S35d04408x482S34700438x482S35000468x482S34a00498x482S35d04526x482S35d00555x482
Gebärden_selbst_schreiben,,6008,M586x600S14c40444x524S14c48421x538S2ea00453x567S2ea4c431x575S30a00424x481S34000424x481S15d39526x557S18520542x563S20e00550x547S26507560x530S34000488x483S30a00541x482S30a00488x483S36d00482x525S10011484x532S20500501x537S26507573x541S34000541x482
Gebärdensprache,,4599,M567x602S14c40463x520S14c48437x534S2e734466x557S2e710446x572S30a00443x482S34000443x482S2fb04463x596S30a00520x482S34c00520x482S14c0a520x531S22a05554x573S14c01531x550S20e00518x550
Gebärdensprache,,975,M586x602S14c40463x520S14c48437x534S2e734466x557S2e710446x572S30a00443x482S34000443x482S2fb04463x596S30a00520x482S15d0a519x536S15d01530x547S34c00520x482S20e00556x546S26506571x548
Gebärdensprachkenntnisse,,23248,M636x614S14c40455x532S14c48429x546S2e734458x569S2e710438x584S20e00541x552S26506557x551S2fb04455x608S35000454x483S15d0a506x543S15d01518x556S34500494x482S35d04396x484S34700425x483S35000523x481S35d04569x482S15d11602x486S20600614x477
Gebärmutter,,3528,M578x587S34700452x482S35d04421x482S35000483x482S34a00512x482S35d04542x482S36d00480x521S17f15470x552S17f1d501x552S23803536x552S2381b450x554S36d00476x583
geben,,4546,M584x576S34700482x482S35d04453x483S15d30565x550S35000511x483S32400482x482S32400511x483S15d31508x527S32400453x483S2b706536x538
Geburtstagstorte,,23401,M601x599S2df08500x506S2df10376x505S15d20510x477S15d28366x479S34700430x483S35000459x483S35d04400x482S15d0a392x482S15d02477x483S35d00535x482S34400565x483S1ed1c567x543S1ed14533x543S2d70a567x576S2d712530x576
Gedächtnis,,14158,M630x517S36100575x482S18510605x489S30007575x482S2f900605x470S20500606x477S35d04388x482S34700412x482S34a00464x482S35800492x482S34800545x482S35d00438x482S35d00519x482
Gedankenpause,,17787,M520x553S30a30488x490S2ff00482x483S34210489x505S1f710500x538S1f718479x538
gedeihen,,8421,M601x575S35d04425x483S35d00483x482S34700454x483S34800538x483S34c00510x483S17630580x559S17630399x555S14c00578x504S22a00582x540S22a10401x535S14c08397x500
gehorchen,,24661,M594x519S35800542x484S22104570x474S35d04513x484S11500579x469S11508405x472S35d04422x482S22104419x472S34700452x482S34400483x483
gehören,gehört,1357,M577x586S35d04424x483S34700454x483S34400483x482S35d04512x482S35d00541x482S15d20485x559S2d708504x549S26501480x537S26500505x530S26500528x530S26507550x537S30e30429x491S30e30460x492S30e30490x492S30e30519x493S30e30549x492
Gehörlosenlehrer,,23842,M582x595S35c00487x483S35d04419x483S10e10554x532S2fb04527x589S10e18497x531S26b00551x568S34700516x483S35d04546x483S26b10492x569S10011455x498S20500454x486S20500433x519
Gehörlosenpolitik,,15236,M618x582S34700430x482S35d04400x482S10011467x498S20500468x486S20500441x518S35000504x482S35c00563x483S34400533x483S14c48498x531S14c18568x534S10e52517x548S10e02588x554S20500510x568S20500580x571
Gehörschutz,,13556,M611x575S35d04389x481S34700418x482S33030450x493S10011458x503S20500460x490S34500485x482S34600515x483S35d00544x483S36100575x483S1ed26565x549S1ed2e515x546S26500567x531S26510517x529S2f900570x524S2f900518x523
gekommen,,16425,M611x579S10a17585x551S34400511x483S33b00542x483S35d04481x483S28a02546x544S10a12512x552S35d04422x482S34700451x483
Gelbfieber,,12472,M607x588S34800571x483S36500542x482S37801590x524S37803564x530S20700526x526S36d00549x522S37802549x556S37800549x526S11543544x530S35c00452x482S35d04394x482S34700423x482S35000483x483S36d00450x522S15d03477x538S36d00451x563S20600495x553
Geld,,24222,M563x576S1f207504x546S22114508x534S21100492x531S35d00527x484S35d04437x482S34700467x483S35c00498x483
Gelegenheit,gelegen,14982,M604x581S35d04396x482S35d00568x482S35c00454x482S34700425x482S34700483x482S35d04509x482S34700538x482S15a32500x554S15a3a470x554S2920a530x567S29212436x565
Gemüsekorb,,7476,M617x577S34400545x483S34600419x483S10041427x537S10049409x537S20e00439x528S20500557x552S26f07458x510S28807597x536S2881f506x536S22104558x570S14e30569x522S14e38527x523
Genauigkeit,,7799,M578x614S35d04421x481S34700452x482S35d00482x483S34c00513x482S34600542x482S1ce40494x538S1ce48458x538S25e04494x574S25e14463x575S36e00461x522S2f900497x607S2f900465x609
Gentherapie,,14080,M631x578S18510606x552S34700544x482S17d10562x549S26a06589x543S15d59535x555S22104555x535S21000532x538S35d00515x482S35d04571x481S35d04393x484S34700422x484S35d00451x483S11512444x545S11516425x547S28412386x547S28436477x547
gerade,,5638,M590x580S35d04409x483S35d04464x482S35d00524x482S34700435x481S34c00494x481S34700554x481S15d40514x532S26606532x551S23404512x566
geradeaus,,5642,M626x626S35d04375x482S35d04429x482S35d00484x483S34700403x483S34c00457x482S34700512x483S15d40596x599S25f04593x553S15d10596x522S34c00537x483S34600562x483S36100590x482
geredet,,15583,M630x556S35d04493x482S34700443x483S35d00550x482S14c10558x519S34700521x482S27100590x497S22520582x514S35d04414x482S15d00476x511S26504473x541S36d00427x524
geregnet,,24726,M613x595S34700531x483S14c51570x526S14c59504x527S22b04597x563S22b04579x564S22b14526x565S22b14507x564S2fb04555x582S35d04501x483S35d04562x482S35d04402x484S34700432x484S15d00471x504S26504470x537
Gericht,,12409,M561x593S23610464x576S2360c515x564S10e48486x537S10e40515x524S34800525x482S35d04440x482S34700469x482S35d04497x482
gerne,,16593,M578x584S30a00422x489S22a04475x569S15d02467x531S30a00513x488S35d04422x489S34700453x488S35d04483x488S35d00513x488S30a00453x488S30a00483x488S21100475x552S30140453x476S30a00542x488S34710553x510
geschafft,"schlapp, erschöpft, erledigt",10011,M590x581S3770b416x541S37901476x521S36e00430x517S37703464x541S14c3f507x536S37909419x518S14c37563x534S36e03523x520S17601452x530S17601433x529S30a00436x483S31930443x498S34310447x507S33a00571x491S30e00529x482S35f30543x503S22a04572x566S22a14515x566S36f50475x508S36f50417x509S36f54570x519S36f54514x518
Geschäft,,4513,M590x602S27114437x576S1f70a460x549S35d04409x481S34700438x481S34500466x482S34a00496x483S36500524x483S27100486x571S1f702484x544S2fb04478x596S35d00554x483
Geschick,geschickt,16167,M585x517S2f900567x406S34800527x482S14c20562x417S14c04561x474S30007527x482S35d04437x482S34700467x482S34500497x482S22e00564x451
geschickt,,24299,M590x607S34500467x483S34800497x483S35d04524x482S1ea38534x529S1dc43528x584S26504536x556S35d04411x483S34700438x483S35d00554x483S2f900537x573
Geschlechtsverkehr,,1579,M602x586S15d58528x559S34700428x477S34500459x476S35d04398x476S22a04455x542S22a04469x542S27100555x525S27114507x523S34700537x476S36a00428x477S15d11457x514S20e00445x523S15d50558x549S36500508x477S35d04566x477
Gesellschaft,,5887,M591x563S35d04409x483S34700437x483S36100467x483S35c00526x482S34700496x482S34500555x482S15340544x538S15348434x535S26502522x543S26516452x542S2f900506x547S2f900470x547
Gesetzbuch,,5130,M591x580S20500474x569S22a04486x554S15d10554x529S35000521x482S34600551x483S15d18534x529S2df04570x554S2df1c522x558S15d08448x529S18010462x535S20500471x522S20500473x554S35d04413x482S34700444x482S36100475x483
gesetzliche_Krankenversicherung,GKV,12183,M623x591S36500532x483S35d04481x482S26a00590x543S1ea3f592x563S34700559x483S35d04587x483S36d00477x522S15002484x530S20600492x559S35d04377x482S34700404x483S36100431x483S15d18397x535S18200411x541S20500414x527S20500417x559S20500417x574S22a04427x563
gespannt,,6990,M532x587S30a00480x482S34c00480x482S36e00477x513S26a12470x554S2fb04498x581S26a06518x548S1f703504x528S1f70b475x529
Gesundheitslehre,,15182,M632x589S35c00481x481S34700575x481S35d04545x481S34700512x481S18508517x547S18500477x547S26a00511x527S26a10479x527S18510607x488S20500606x475S35d04388x483S34700415x483S36100443x482S1ce02409x567S20e00425x551S2ea00427x523
Getreide,,6825,M590x583S35d04409x483S35d00465x482S34700437x483S35d04495x482S34800554x482S34c00524x482S14c10491x530S14c18426x529S26606521x537S26602519x552S26606520x567S26616453x536S26612451x549S26616454x565
Gewährleistung,gewährleisten,15091,M621x587S35d04378x482S34700402x482S36500428x482S34a00452x482S15d39473x558S34c00530x482S34800557x482S35d04477x482S35c00503x482S36100585x482S15d31486x564S20c10500x547
gewesen,,1462,M604x560S35d04423x481S34700453x481S36500482x482S15d01524x524S15d57581x537S2df08547x534S2f900568x553S34700511x482S36100541x483
Ghana,,2704,M544x606S35d04467x482S34c00497x482S15a36488x531S20e00495x547S1ef57518x538S2d600486x562S1ef42464x549S37a06482x604
gießen,,8188,M568x562S35d04452x482S34800481x482S36100511x482S1f540553x537S28902522x530S1f521497x540
ging,,11888,M594x569S35d04526x483S35d04438x482S11850566x542S35d00496x482S34800467x482S22514572x526S26600575x492
Gips,,13557,M563x584S35d04437x482S34800467x483S35000497x483S36100527x483S1ea0e540x561S1ea20511x528S2d200511x557
Glatze,,15821,M613x521S35d04409x483S35d00495x482S35c00437x483S36100525x482S34c00466x482S34700555x482S17f12558x467S2b704599x488S21100593x472S2f802404x483S2f806587x483
Glaubensbekenntnis,,24415,M626x575S35d04390x483S35c00419x483S35010511x506S34600471x483S20500525x473S30007499x483S34c00445x483S11e11535x480S11e02474x535S36d00487x524S20500491x564S22b03522x529S35000575x483S15d20605x546S1004b581x537S26520612x522
gleich,,24219,M539x601S35b00482x483S30a30489x492S10a20511x575S10a50512x524S2b700520x557
Gleichgewichtsstörung,,8980,M612x589S34500520x489S35d00548x489S34400576x488S15d49546x561S15d41563x565S2f900581x584S21100548x550S26a01533x533S35d04389x488S35c00419x488S34c00450x488S30346450x475S15d10453x542S27106476x534
Glockenblume,,13527,M631x613S34400436x483S35d04387x483S35000498x482S34600548x482S33b00576x481S2a404466x577S35c00410x484S35d04460x482S35c00523x482S33110593x490S17600612x505S20500589x496S14c00608x447S22a00614x485S15050461x536
Goethe,,5175,M603x561S35d04437x482S34400468x482S35d00497x483S34700526x483S10021564x499S10001555x458S2d606581x472S37706453x559S37706490x559S37706529x559S37706564x559
Gott,,391,M542x523S30107482x477S30007482x488S32107482x488S11e10519x465S34400482x488
grad,,23658,M548x583S15d3a465x537S15d32506x538S22f04510x569S35d00512x483S34c00483x482S35d04453x482S22f14463x568
Grad,,13192,M561x530S30e00482x482S35010494x505S1001a511x515S10012531x509S22b00520x473S22b04535x473
Gratulation,,14336,M524x595S16d0c507x553S15d0a479x551S20800497x544S31400482x482S34000482x482S23624485x578S2f900496x537
Graureiher,,23541,M623x610S35d04472x483S1f420587x521S34800527x484S34c00500x483S34700557x483S35d04587x482S28b08596x541S28b04578x542S37806573x561S1f450588x595S11a20537x529S2f900535x566S35d04377x484S34c00406x483S34600436x483S14c20442x529S2e502422x562
greifen,,8220,M569x573S36e00479x519S35d04439x482S34800494x482S34c00467x483S36500524x482S15050524x542S15058448x540S2b700550x529S2b711432x531S20350531x523S20350456x523S30c30446x489S30c30473x489S30c30502x490S30c30532x491
Greis,greisenhaft,9113,M574x599S35d04437x482S36100527x482S34c00466x482S34800496x482S36d00478x525S16d50535x558S27106559x559
grillen,,14190,M567x585S35c00512x482S35d04452x483S34800482x482S10e30552x551S10e50516x554S10e58481x553S10e38438x555S2a400523x522S2a410454x523S30a30518x488S30a30488x488S30a30459x490
grün,,23605,M548x569S35d04453x483S35d00512x483S34600482x483S1ce00506x525S22f03496x545S2f700487x562
gurgeln,,1196,M577x542S35d04423x474S35d04481x474S34600452x474S34700511x474S35c00541x474S15801437x517S36a20431x507S22522417x510
gutmtig,,1912,M570x567S1ce20451x526S30a00430x482S34600430x482S26507473x518S33b00503x483S30a00503x483S30a00534x483S34600534x483S15d02518x548S36d00511x527S20600507x543
Haar,,10363,M592x518S36b00482x482S34c00482x482S1d410563x474S1d110518x476S22104517x475S26506548x490
haben,,1850,M558x557S34500482x482S14c50530x526S22520526x508
halb_7,,12933,M600x586S35c00427x483S35000457x483S34c00399x483S26505470x573S15d39417x538S15d41436x539S21100456x557S14c09507x537S36100509x483S34700538x482S35000564x483S35700538x482S1dc01556x539
Hallo,,10783,M566x542S18510519x503S30006482x482S28c0b542x517S30a30488x488S33e10492x504
Hals,,16289,M528x563S36a00482x483S35c00482x483S22a04515x517S30100482x472S1ec06492x540S21100493x522
Hamburger,,5004,M532x521S17d18466x506S17d10509x506S34c00482x482
Hammer,,832,M588x581S33b00481x482S34c00453x481S33b00511x483S1f710555x496S25e04553x521S25e04572x521S1f740555x566S2f900556x554S2f900575x554
Hampelmann,,11143,M577x610S34c00423x483S33b00453x483S35000482x482S34700511x482S35c00541x482S22b04515x580S22b04534x580S15d19509x528S1ce31503x553S20600522x548
Hanan,,411,M531x565S33100482x482S11510516x504S20500502x498S37a06476x563
Hände,,3598,M543x571S2ff00482x488S35000482x488S14c08456x529S26510455x504S26500525x506S36e00477x526S30c00482x488S30300482x477S14c00520x530S2f900457x497S2f900527x498S2fd04490x565
handeln,,22997,M579x593S35d00543x484S34c00422x482S35d00452x483S34700483x483S35c00513x484S1ea41499x539S1ea49465x553S27100507x565S27114457x578
Handform,,5623,M527x563S1d420346x495S1a820421x494S1c320384x496S14c20310x491S1ce20350x533S1a520429x534S1bb20391x535S18720463x534S14c20309x531S34200482x482S30a00482x482S1c512484x451S22114501x470S20e00474x474
Handform-K-Problem2,,2681,M521x544S14010409x315S14018364x315S22a04426x358S22a14364x357S14050410x380S14058361x379S22a04425x425S22a14360x425S14040412x447S14048359x446S14030352x503S22a04427x488S22a14362x483S14038413x504S30a00482x483S18216506x502S33e00482x483S1821e477x502S20500493x525S2f900494x539
Händler,,23355,M602x603S2ea4c474x578S2ea00506x563S35d00452x483S34700512x482S35c00483x482S1ea41499x536S1ea49463x549S34a00424x483S35d04541x483S1ed26583x519S22b04585x552
Handwerkskammer,,23323,M625x610S34c00376x483S35d00405x482S36500434x483S34700462x483S35d04490x483S11511422x562S11559401x555S20e00437x553S26a07447x535S35d04531x483S34c00558x483S33b00589x482S15a11577x532S15a19553x532S15a40602x583S15a48542x582S23804596x556S2381c541x554
Happy_End,,12340,M601x586S15d40561x537S20b00547x562S22f11425x538S14c0a406x563S22f07462x535S14c02451x563S20e00456x547S20e00438x550S14c01484x529S14c09399x530S35000428x483S34800457x482S15d39547x536S34a00399x483S35d00565x483S34a00535x482S36d00425x521
Haufen,,18151,M580x595S34c00420x483S34600451x483S34700513x483S36500482x483S35d00544x483S14c51494x534S14c59464x534S14c40497x564S14c48468x564S28e0c522x550S28e14435x551
Hauptgang,,12257,M624x594S34c00396x483S34600424x482S35000452x482S34c00538x482S35d00480x482S35d04509x483S35d00567x482S15d39509x571S15d31550x570S15d17572x532S15d3c605x517S36d00551x521S22b23549x536
Hauptnenner,,23040,M610x582S1f520419x565S20300559x562S37806573x569S2f900468x557S15a1a552x549S34c00391x482S34600420x482S35000449x483S35d00476x483S35d00518x483S35d00574x482S34700547x482S2df04447x561S1f501476x531
Hauptsatz,,12263,M623x572S2df04460x551S34600404x482S35d00460x482S34c00376x483S35000433x482S1f520431x554S1f540469x523S34c00528x482S36100587x482S36100499x482S35d00557x482S1ce40565x534S1ce48542x534S26606588x549S26612512x549
Hausboot,,22803,M608x624S15a48400x597S15a40458x597S20500431x531S23904454x564S2391c398x564S15a19412x544S15a11436x543S34c00392x482S34600422x482S36100452x482S15a49535x578S15a41560x578S26720551x534S34400543x483S35000514x483S35d00572x483
Hausfrau,,12273,M637x597S35d04514x482S34c00541x482S2381c401x547S34600416x482S36100445x482S34c00387x482S14711435x528S14719413x529S14740456x572S14748401x575S23804452x545S36500485x482S34600571x482S33030603x491S1d410608x488
Hausmeisterin,,23521,M621x598S23804449x546S14748398x576S2381c398x548S34600413x483S36100443x483S34c00384x483S14711432x529S14719410x530S14740453x573S33b00483x482S10000523x466S10020522x512S22a00528x501S34800549x483S35d00580x483S1ed26602x528S22b04603x558
Hausordnung,,12284,M598x596S23804467x544S14748416x574S2381c416x546S34600431x481S36100461x481S34c00402x481S14711450x527S14719428x528S14740471x571S34400504x482S35d00562x483S35d04533x482S15d18522x529S18000536x535S20500540x522S20500542x557S20500543x572S22a04553x557
Hausratversicherung,,12288,M635x599S23804430x545S14748379x575S2381c379x547S34600394x482S36100424x482S34c00365x482S14711413x528S14719391x529S14740434x572S34c00481x482S34700572x483S35d04453x482S35d00510x482S36500546x483S35d04599x483S1ea3f586x558S14748540x565S2f900541x594S26f00576x540
Hausverbot,,24507,M627x610S31000485x482S31000517x482S31000578x483S31000547x483S36520498x505S35d14561x503S34710528x505S35010589x505S10021550x539S10029527x539S26606581x546S26612492x545S2f900616x552S2f900478x551S34c00386x482S34600416x482S36100444x483S15d11439x532S15d19413x531S15d40462x583S15d48391x582S23804457x554S2381c399x555
Hauswirtschaft,,12249,M589x595S34c00415x483S34600443x483S34800548x483S36500516x482S36100472x483S15a11464x531S15a19440x531S23804485x551S2381c424x554S20351552x554S20357520x545S27100549x580S27114509x574
Hautfarbe,,13898,M623x629S15d5a417x556S1d412414x528S20800441x545S34c00376x482S34600404x482S35d00434x482S36500473x483S34c00503x482S35d04533x482S35000560x482S15d39475x566S15d51490x569S26504488x614S15d39527x567S15d34533x552S20e00491x598S20e00540x539S26500540x522S34700587x481
Heiliger,,10046,M610x590S35c00451x481S23304468x560S34800478x481S34c00391x481S11510472x523S34800421x482S35d04516x483S35d04574x483S34700544x482S1ed26588x527S22b04587x560
heim,nach Hause,4313,M583x530S26600565x473S1f410554x452S1dc10550x500S34c00452x482S33b00513x483S34800483x483S36d00501x521
Heimgesetz,,10329,M596x577S34800431x481S34c00403x481S33b00460x481S2381c416x552S23804470x552S15a11452x530S15a19428x530S35d04504x483S34700532x483S36100560x483S15d18515x528S18000530x536S20500536x521S20500534x549S20500534x562S22a04542x556
heimtückisch,Heimtücke,10322,M545x578S27102506x538S1ce20523x529S1ce28450x529S27116475x536S31a00482x482S30e30488x489S34610493x500S33310496x493
heimzahlen,,10320,M533x615S31000497x482S34610509x501S36100466x483S31030471x489S11243510x588S1124b460x587S26500509x571S26510466x570S10e49465x528S10e41502x529S2f900510x564S2f900468x564
heißen,heiße,10317,M573x558S30006511x482S34c00452x482S36110522x502S20e00539x530S22f04532x544S10011547x503S34800481x482S22113554x493
helfen,helfe,23979,M585x585S1f548545x525S35c00482x483S36500513x483S1f510530x570S1f518501x569S2b707551x555S2b717517x544S1f540570x526S34700452x483
Herr Helger Spellmeyer,,14572,M623x630S30007376x482S22a04577x607S22a14506x607S26500421x469S11e11413x481S18016505x560S1801e576x560S15d20564x525S15d28513x525S21100577x591S21100506x591S34700471x482S34700558x482S34c00587x482S35c00500x482S35d04529x482S36d00520x626S36d00534x626S36d00504x518S36d00548x518S36d00526x518S34700376x482
Herr Ralf Bruning,,14521,M604x552S30007396x482S34700396x482S11e11434x481S26500443x469S35d04475x482S34c00506x482S35c00537x482S36500568x482S16d1e577x518S26c00575x537S30004568x482
Herr Thomas Nörenberg,,14518,M627x531S1f110594x498S26500438x462S11e11430x481S30007391x482S35d00464x482S34400491x482S33b00518x482S34c00545x482S36100572x482S2d509608x516S34700391x482
Herr-Czapelka,,1653,M555x591S34700445x482S11e11472x464S26500485x447S30007445x482S31400517x483S10011515x545S10019500x544S20500514x531S26524498x524S33e00517x483S36d00513x521S37706457x589S37706492x589S37706525x589
Herr-Lauwerth,Herr_Lauwerth,1375,M560x569S34700443x482S11e11470x464S26500483x447S30007443x482S35c00521x483S1dc40495x499S20500520x512S20500550x512S2d600525x526S37a06452x567S37a06494x567S31430529x494
Herrn,,18750,M572x518S35d14496x503S35d10526x503S2f900558x497S32107452x483S32107483x483S32107513x483S34710462x505S11e20549x462
hervorragend,,8087,M579x558S35d04453x481S2f900554x504S34c00482x482S1f540551x534S26500553x512S2f700567x518S35d04511x483
hier,,10888,M536x578S34800482x482S10004504x536S30a00482x482S22f04511x564
Hilfe,,10374,M563x614S1f548460x530S35c00466x483S36500497x483S1f510504x599S1f518465x597S34700527x482S34800436x483S1f540510x530S2b804500x560S2b815463x560
hinlegen,,6509,M575x566S15d31500x543S2890a529x536S35c00482x482S34700509x482S35d04539x482S34800425x482S35d00454x482
Hinsicht,,21873,M569x526S31400513x482S36110523x502S10e00538x496S26600553x471S31400483x482S31400452x483S34810458x503S35d10495x502
Hinweis,,24905,M564x568S37803478x524S33f10490x503S36d00479x522S15d3a537x549S37805506x553S32105482x483
hm,"weh, ach, o_jeh",9989,M522x531S31900482x482S34310493x504S18016507x501S1801e478x501
höchste,,15145,M626x546S35d00511x482S36d00538x522S10000589x466S10020589x516S22a00590x501S2df04605x512S34400419x482S34700541x482S35800450x482S36100481x482
hohen,,18422,M550x550S34400481x483S15d50528x523S22b00534x488S36d00479x530
hole,,17895,M570x585S34400453x483S35c00482x483S15d30551x506S18031543x564S2b704548x536S34700512x483
Hölle,,16577,M547x603S34400454x483S34700511x482S35c00482x482S22b04504x573S10b13500x544S15d59469x554S2f900474x584S30e30460x492S30e30488x491S30e30517x490
höllisch,"höllische, höllischen",22074,M562x603S34400439x483S30e30502x490S35c00467x482S22b04489x573S10b13485x544S15d59454x554S2f900459x584S30e30445x492S30e30473x491S34800496x483S34500526x484S30e30533x491
Holzkohle,,12550,M610x594S11549401x534S11541414x535S20500405x569S20500420x569S34400389x482S35c00418x482S36100445x482S35d04492x482S34400517x482S35c00546x482S34700574x482S15330559x559S27102538x554
hören,"höre, hörst, hört",4840,M581x528S34400467x482S35d04497x482S30006497x482S10011534x498S26606551x494S20500534x484
hören,,14664,M548x523S30152489x477S33030512x499S12141511x482S11e40525x437S26504527x469S32a10478x488S30a30483x496S35010490x511
Hörschädigung,,13177,M599x591S34400403x483S33010432x483S35d14444x503S10011473x506S20500476x490S34500502x482S34a00532x482S35d00561x482S10e40558x529S10e48528x539S23604560x565S23610505x574
Hörstatus,,13153,M639x596S34400362x483S35d04392x484S35d00483x483S35d00543x483S34500452x483S34600574x482S36100603x481S34c00513x483S15d20423x497S33030424x495S10012530x568S1001a505x572S22b00530x532S22b04544x534S2f900503x591S20500426x481
Hörsturz,,9043,M621x580S34400380x482S35d04409x482S10011445x496S20500446x484S34500469x482S35d00499x481S35d04555x482S34600527x482S36100585x483S18511571x524S22c03547x547
Hummel,,2235,
Hundehütte,,23096,M600x597S34600401x483S36d00412x527S36d00413x558S20c00467x584S15a1c457x555S35d00432x483S34600505x482S34700564x483S35d00534x483S15a11561x527S15a19536x527S22a05582x548S22a13525x547
hungernd,,80,M551x581S34600452x482S21100515x554S21100472x555S36d00477x523S15d1d528x533S15d15447x533S22a03502x566S22a15484x567S35d00483x482S35d04512x482
Hypnose,,16598,M613x596S34600414x483S35000441x483S34400493x483S36100522x483S35d00467x483S34700550x483S14c50584x541S14c58385x546S25503571x577S25515407x577S22100377x529S22100389x529S22100401x529S22100377x535S22100389x535S22100400x535S22100577x526S22100601x526S22100589x526S22100601x532S22100589x532S22100577x532
I,,23430,M518x518S34800482x483
ich,,3768,M533x571S34800466x482S35800497x482S10b43499x527S20500496x560S31400466x482S31400497x482
ich_nicht,,3165,M530x572S35000482x489S30122482x476S10043500x538S20500491x561S30c00482x489
ihr,,7489,M518x560S33f00482x482S10e31467x530S2e702493x537
ihr,,15561,M584x540S30a30506x491S2f900573x502S15d20536x513S26507562x510S34800468x483S35d04497x483S30a30476x489
illusorisch,,16546,M632x518S35d04508x482S14c11596x466S2ea06607x498S34500562x483S34800403x482S35c00432x482S34600456x482S36100481x483S34800533x483
Imker,,13304,M610x546S33b00431x481S34800400x481S34700533x482S35d04502x482S35d04564x483S14c02579x485S14c0a490x485S15d20459x517S15d28388x518S22104468x506S22104388x508S22b04594x516S22b14492x514
immerdar,,23700,M592x580S34700469x482S34800408x483S2f800498x537S35d04499x483S15d50471x553S26806498x561S33b00438x483S35d00527x483S34c00556x482
in,,4153,M532x518S35d00496x483S34800467x482
in,,16633,M546x615S34800467x483S35d00497x483S2c600527x565S10b50523x589S10050529x528
in,,3657,M549x583S34800467x482S35d00497x482S10004528x529S22a04536x557S2f900537x578
in,,16507,M545x575S34800466x482S35d00498x482S1d442500x546S36d00489x525S22a04532x549S21100515x533
index,"da, dort",11647,M552x558S26501525x519S35000482x482S10051522x537S32401482x482S2f900518x511
Index,,23575,M529x568S33b00482x483S10050510x538S26500515x528S2f900516x520
Inhalation,inhalieren,12204,M571x571S34800437x482S35d00466x482S34c00496x482S35c00526x482S15d4f438x546S15d47548x548S15d09477x525S15d01512x525S22f01535x540S22f17463x544
Inhalt,,16500,M578x576S34800422x483S22f04486x536S35c00512x482S35d00452x482S18250484x561S34c00482x482S20700465x532S35d00542x482S17d48464x554
inhaltlich,,16783,M623x576S34800377x483S35800587x483S35c00467x482S35d00407x482S35c00527x482S34c00437x482S34800557x483S35d00497x482S17d48419x554S18250439x561S20700420x532S22f04441x536
ins,,16632,M551x612S34800451x483S35d00483x483S36100513x483S10b50528x586S10050534x525S2c600532x562
Insektenstich,,14174,M613x577S34800386x483S35d00416x483S36100445x483S35d00518x482S34800548x483S35800577x483S34500490x482S15d20444x542S15d28410x543S15d5a540x558S10013557x536S20500549x543S22a03588x527S22114443x530S22114400x529S2f700468x530S2f700386x530
Inselgruppe,,13982,M624x579S34800376x482S34700457x482S34600541x482S35000564x482S34700588x483S35d00404x482S36100430x481S35c00482x482S35d04517x482S1ce40402x531S22a04455x564S16d40558x549S16d48537x549S26502582x552S26516515x553S2d708424x546S22a04418x564S22a04433x552
inserieren,,16516,M606x588S34800395x483S34700481x482S22a04501x573S36100452x482S35d00424x482S35d04510x482S35d04570x482S15d38471x545S1f040485x554S20500489x534S34800540x482
Interesse,sich_interessieren,13200,M521x566S34800482x482S36d00479x522S19a52478x530S20500463x555S20500475x554S30a30488x487
intolerant,Intoleranz,3185,M598x536S35d00467x491S35c00525x491S34400497x490S2ef02580x509S11521557x488S11501554x509S20500547x497S34800440x491S30152506x480S30156514x474S30152475x474S30156484x479S30c30503x495S30c30475x496S30c30446x496
Irak,,4190,M567x517S34800439x482S35d04468x482S35d04526x482S34c00497x482S14420536x458S20500557x475
Ironie,,4874,M575x573S19200526x530S2ea06527x558S34800424x483S35d04452x483S34400481x482S35d00510x483S34800539x483
irreversibel,"irreversible, irreversibles, irreversibler, irreversiblen",21820,M619x578S34800381x484S34700439x483S34800583x482S36100553x483S35d04410x483S36500467x483S34700496x484S35d04526x484S10e41494x548S10e0a470x563S20600470x544
Isolation,,5272,M579x562S34800438x483S36100468x482S34400496x482S36d00510x526S35c00525x482S19200555x522S2ea0a554x547
J,J PMS,6161,M518x567S35700482x482S1a010487x519S22a00494x552
Jahre alt,,4564,M592x563S30006546x482S11010577x495S35d00546x482S22a04578x548S21100579x530S34c00489x482S35c00517x482S35700418x482S34c00447x482
Jahre_vergehen,Zeit_vergeht,14500,M549x598S30a00482x482S34e00482x482S14c02497x535S2eb4c456x550S14c0a480x574S2eb00534x548S22522484x531S22526513x566
jährlich,,6699,M564x576S35700454x482S34a00482x482S35d04510x482S10000508x546S2930a523x527
Jap,,23103,M577x552S34c00483x483S2e208550x497S19a10549x532S35700452x483S31430490x493S31430460x493S35000512x483S31430521x495
japanisch_gehörlos,,2278,M542x535S33000476x482S15d10523x488S20500520x476S33b00482x482S15d01493x504S20500478x511S22a03519x521
Jasmin,,11872,M532x562S1f502492x512S20600510x514S31e00482x482S34000482x482S37706473x560S37706502x560S2f805473x477S2f805467x482S2fd07502x480S2fb01483x481S2fd01477x479S2fa10494x476S2fa10511x482S2fa00476x491S2fa10471x497
jauchzen,Jauchzer,16693,M611x606S35700407x482S34c00438x482S34600468x482S34700558x482S35800499x482S36100529x483S20334594x549S20334390x547S2a400585x570S2a410384x569S22c00595x498S22c10390x498
jede,,15170,M560x571S35700440x483S34700468x483S34700524x483S35d00496x483S19200460x535S23404486x557S26606501x543
jodeln,,16836,M642x545S35700425x483S34400454x483S34700511x483S35d00483x483S35c00539x483S2f000608x503S10012573x512S2f000601x525S22b07618x476
Johannes Wöhrmann,,2968,M555x599S31400482x482S33e00482x482S37a06474x597S22f04511x557S37a06507x597S1ce50514x521
johlen,,16828,M576x576S35c00483x483S35d00540x483S35700425x483S34400454x483S34700512x483S10010500x516S10018481x525S22b07519x524S22b11454x520S2fd04488x570
Joule,,12945,M577x588S35700422x482S34400452x482S34600481x482S34700541x482S35c00513x482S20331524x553S20339466x542S23600515x529S23614456x571
Joystick,,10908,M563x594S15d39465x563S34800527x482S35d00437x483S34400497x482S34500467x482S20340474x553S2a400499x532S20500486x576S2f900486x589S2a400499x558
Judenverfolgung,,15757,M618x588S35700383x481S34600414x481S35d00445x481S34700475x481S34700551x483S22114498x516S35d04582x483S18000495x525S20e00485x510S36500522x482S1f548565x554S1f540577x564S26620574x524
Junggeselle,,12951,M619x598S22526481x560S14c52523x560S14c5a447x560S20500456x585S20500534x587S22522508x561S35700380x482S34600410x482S34700496x482S34700555x482S35c00583x482S35d00440x482S35d04468x482S36100525x482
Juni,,6704,M569x533S35700439x482S34600469x482S35d00498x482S33200524x482S10011548x503
Juni,,6491,M563x555S35d00497x483S35700436x483S34600467x483S34800527x482S11920479x529S26506504x539S19220524x535
Kabel,,1480,M579x571S35d04421x483S34c00452x483S35000481x482S34700512x482S35c00543x481S1ce50500x538S1ce58477x538S26606523x551S26612447x555
Kaffee,,8681,M584x560S35d04436x483S34c00467x483S34700527x482S36500496x482S20300469x545S20300475x529S21100488x545S1ce40562x510S2c304528x520
kahl_rasiert,,9349,M635x521S35d04389x480S34c00416x480S35c00444x482S18210466x476S2b804486x488S37b06499x502S37d06484x502S35d04520x485S34c00548x485S36100574x485S17e10593x475S37d06612x500S2b804613x484S37d06627x500
Kaktus,,9355,M550x582S35d04453x482S34c00482x482S35d04510x482S10027504x533S1002f466x524S22a06534x560S22a07537x521S22a07535x541S22a11449x525S22a11447x542S22a12445x561S2fd04486x576
Kalklöser,,9360,M636x606S35d04387x481S35d04472x482S34c00415x481S35c00444x482S15020463x541S15028396x541S22520458x526S22520392x524S22b04467x576S22b14400x576S35c00515x483S36100576x483S34400545x483S15242566x545S1524a529x544S18540610x547S18548494x547S26506605x559S26512508x557
Kalkwasser,,8666,M597x578S14010472x548S35d04424x482S35d04511x483S35c00482x483S34c00453x482S2f900494x524S26500491x535S36500541x483S30004541x483S18510549x522S20600575x513
kalt,,3675,M562x603S36e00472x522S20310500x541S20318474x541S27102502x563S27116473x563S35c00496x482S35d04437x482S35d00526x482S34c00467x482S30c30443x488S30c30473x489S30c30503x490S30c30534x488
kamen,kam,5051,M549x593S26604520x563S10a30522x529S34c00482x483S35d04452x482S33b00513x484
kannst,,12493,M580x600S30a00451x488S30300482x477S20350463x543S20350510x543S22a04511x564S22a14464x564S2f900464x583S2f900512x584S2fb04489x594S34c10466x507S30a00420x488S30a00482x488S30a00513x488S30a00544x488S35d14433x508S35d10495x507S35d10557x507S36110523x508
kannst,,14953,M577x590S2f900520x585S35d00541x482S20350471x544S20350518x544S22a04519x565S22a14472x565S2f900472x584S35d04424x482S35d00483x482S34c00453x482S36100512x482
Kantine,,16729,M590x569S35d00467x483S35d04411x483S34800496x483S34700554x483S34c00439x483S35d00525x483S1ea0f560x520S26b04557x551
Kapitel,,5650,M605x650S35d04395x482S34c00426x482S35000454x482S34800482x482S35d00511x482S34700540x482S35c00569x482S10e04520x620S10e0c469x579S1150a469x544S11502505x582S22a00521x601S22a10482x562
Kapitulation,kapitulieren,9565,M577x590S35d04451x482S14c20554x478S35000512x482S34c00483x483S36d00481x524S14c28422x478S2f900558x514S2f900429x515S14c04553x559S14c0c423x559S22b00555x523S22b10427x524
Kappe,,16738,M560x602S35d04440x483S34c00468x482S35000496x483S34700524x483S15650491x529S22b04491x553S20314491x587S20500506x576
Katastrophe,,8058,M579x526S35d04453x483S34c00482x483S35d00511x482S31a30460x492S31a30488x492S31a30519x491S14c10550x493S14c18429x495S26a00552x476S26a10426x474S2f700558x468S2f700434x466
Katzenauge,,10032,M624x583S35d04376x482S35d00429x482S35d00510x483S35d04588x483S34c00403x482S36100456x482S34700483x483S34c00537x482S34600563x483S15211448x537S15219535x547S20310492x549S20314500x565S26a02475x544S26a16518x556
Kaurit,,3988,M591x562S1f251524x537S22114512x538S21100508x548S34600466x482S35d04410x482S34c00437x482S35d04495x482S35d00555x482S34800525x482
Keiler,,14037,M602x522S35d04438x483S34800497x483S34c00468x483S35c00527x483S19a10566x502S20500592x499S2c630569x484
Keller,,6870,M579x594S35d04426x482S34700454x482S35c00482x482S34700509x482S35d04538x482S10004564x564S10050534x528S2c700535x563
kennen,,17775,M547x566S30140482x477S34e10490x507S15d11512x494S20600525x479S14c0a467x542S2f900463x561S30e30488x497
kennen-nicht,,3808,M572x588S35d04451x489S34700481x489S35d00512x489S15d21549x497S30a00451x489S30a00481x489S30a00512x489S2fb03536x491S20500540x484S22b03532x522S30142481x476S10b43511x544S20500506x577
Kernkraftwerk,,24467,M624x605S2381c570x549S23804607x548S35d04378x484S15d19577x523S36500543x482S34c00517x482S35d04434x483S35d00458x482S34700408x484S15d11601x523S2f900557x553S35d04494x482S20300542x523S37800548x537S37902528x529S36d00490x526S26504556x537S36500587x482S1cf40424x535S2f900432x573S15d48563x578S15d40605x577
Kieferorthopädie,,17343,M617x590S35d04404x484S35000531x482S34a00560x482S1ed40435x500S21100433x521S28806409x523S20500395x508S34400463x483S35d04492x483S11059472x555S11031489x537S20600466x547S2f900477x585S1ce10595x471S20600576x470
Kiel,,732,M569x558S36a00512x477S20500535x513S10053548x487S34700482x477S35700482x477S37906515x556S35c00512x477S35d04451x477S37906469x556
kiffen,,15800,M607x524S35d04422x482S35d00542x483S34800451x482S36500481x482S34700511x483S20310566x509S26a04580x495
Kinderhand,,22887,M590x581S15d59537x548S15d51558x530S35d00554x482S20500537x540S34c00524x482S22a04563x556S35d00471x484S35d04411x484S34800441x484S15d50426x545S23404447x567S26706449x553
Kinderstuhl,,22871,M589x598S35d04412x482S15d50452x531S26706479x539S23404476x555S35d00472x482S34800442x482S34500523x483S35d00553x483S11020561x530S22b04565x559S2f900567x593
Kinn,,7030,M518x544S30004482x482S10000485x514S20500504x516
Kitzler,,11138,M576x584S35d04423x482S35d00481x482S34800452x482S36100511x482S35c00540x482S36d00470x520S36d00471x580S10a34486x550S21810455x568
kitzlig,,11140,M576x584S35d04423x483S35d00483x483S34800453x483S36100510x482S35c00540x483S20f02509x547S14e15445x544S14e1d535x542S36d00483x527S36d00483x580S22522521x544S22526474x543S20f02488x548
Klammer-auf,"Klammer, (",13594,M562x597S35d04437x483S35c00467x482S34c00498x482S33b00526x483S10a28456x531S28814434x555S10a38456x571
Klammer-zu,"), Klammer",13595,M573x597S35d04437x483S35c00467x482S34c00498x482S33b00526x483S10a20527x530S2880c561x559S10a30539x571
Klassen,,24340,M593x577S15d48464x544S20e00485x565S22114484x543S18040485x557S35d04407x482S35c00438x482S34c00468x482S36100497x483S34700526x483S35d00557x482
Klassenlehrer,,3648,M599x576S15d48446x539S20e00466x564S22114468x545S18040468x557S35d04434x483S35c00465x483S35c00530x481S1ce20557x523S1ce28511x522S26a00572x507S26a10505x504
klatschen,Klatsch,8016,M547x560S35d04453x482S35c00482x482S34c00511x482S1f739479x532S1f751493x535S21100517x534S2f900477x555
Klebstoffe,,13716,M620x599S34500495x482S34400554x482S35d04379x482S36500584x483S35d00526x483S35c00406x482S34700436x482S35000465x482S15d39459x575S15d51476x576S15d51484x533S22a04490x563
kletterte,,13187,M563x631S20320516x580S20320477x553S14c20512x524S14c28474x590S22a00517x561S22a10480x572S2fd04499x625S35c00467x483S35d04437x482S34700497x484S35d00527x484
Klima,,11041,M574x576S35d04426x482S35c00456x482S34800485x482S33b00513x482S34c00538x482S15d00519x527S15d08465x526S26b04512x558S26b14461x558
klingeln,"klingelt, klingelte",24742,M617x585S35d04395x483S35c00426x483S34800456x483S35d00486x483S35d04515x483S35c00570x483S34700543x483S1ea20594x530S27102572x536S2f700575x578
Klon,,16234,M562x585S34400496x482S35d04437x482S35c00466x482S35d00526x482S15d18441x558S16011462x561S26506489x567S18510505x563
knallen,,2317,M565x591S35c00529x482S34c00497x482S2f700441x552S20311465x553S20319496x553S37600477x568S28a0a497x528S28a12448x530S2f700535x547S35d04435x482S35d00465x483
knüllen,,16773,M587x590S20500551x544S20359527x544S20331531x549S2e920499x542S15051465x528S15039465x563S35d04413x483S35d00440x483S35d00551x482S34600468x483S34700523x483S35c00495x483
Koalition,,5468,M563x580S35d04436x483S34400466x482S34c00496x482S35c00527x482S16f12489x536S16f16485x555S20800512x551S2eb26511x565
Kochfeld,,10949,M619x611S2f700450x586S23614386x584S2f700398x604S23600438x566S10b3f441x541S10b37394x553S35d04381x482S34400409x482S35800438x481S34700525x483S35d00583x483S36500496x482S35c00555x483S15d51531x546S2e802551x569
Koffer,,1707,M547x586S36500511x482S36d00487x526S37702528x527S37700539x549S20310531x571S23600489x561S35d04452x482S34400482x483
Komiker,,11778,M606x585S35d04424x482S34400452x482S33b00481x482S34800511x482S35d04540x482S10019454x542S1f140469x544S21000480x524S22f07506x526S1ed26587x521S22b04587x555
kommst,,14221,M582x578S10a17556x550S34400482x482S33b00513x482S35d04452x482S28a02517x543S10a12483x551S30a30458x489S30a30489x488S30a30521x488
komplex,"Komplexität, komplexe, komplexes, komplexen",14033,M623x609S35000469x482S33b00439x482S35d04559x483S36100587x483S34700529x482S35c00499x482S35d04377x483S34400408x483S14c20490x539S14c28463x539S18541490x589S18549458x590S2241b497x528S22413446x528S2880c519x570S28814450x569
Komplex,,14031,M623x576S35000469x482S33b00439x482S35d04559x483S36100587x483S34700529x482S35c00499x482S35d04377x483S34400408x483S36d00469x528S15002476x538S20500497x565
Kondom,,11157,M578x611S35d04422x482S34400453x483S35d00483x483S36d00480x523S1ce20501x549S1ce28467x549S2b704498x587S2b715478x587S34400512x482S33b00542x483
Konjunktion,,2667,M586x598S1ce48479x553S1ce10497x553S20800495x588S26602523x568S26616449x570S1d110557x558S1d148418x559S35d00482x483S35d04421x482S34400452x482S35700513x483S34600543x483
können-nicht,kann-nicht,7232,M569x579S30126482x476S30c30488x495S20320532x513S20340505x563S20350554x564S2a10a515x534
konnten,,3681,M562x584S26504485x519S34400519x482S20350513x532S20350547x532S22a04548x555S22a14512x557S2f900512x577S2f900547x579S2fb04530x575S36e10444x517S15d00484x489
Kontoführung,,9557,M611x589S22a04470x565S22a14420x565S2f900421x584S34400476x482S2f900470x584S35d00447x482S35d04389x482S34400418x482S15350469x531S15358418x532S36500518x483S34600547x483S35d04575x483S1ce50550x536S1ce59520x537S26626575x549
Kontra,,9559,M600x543S35d04425x483S34400453x483S35d00482x483S35d04511x482S34c00539x483S2f900588x486S26500585x493S1c520570x515
Konzern,,9453,M608x609S35d04392x483S34400422x482S35d00453x483S36100483x482S35d04542x483S35d00572x483S34700514x483S15050522x540S15058450x541S22a04530x583S22a14456x585S2f900532x602S2f900454x604
koordinieren,,3138,M578x583S34400452x482S35d04422x482S35d04482x482S35d00512x483S34800542x484S14c59472x552S14c51491x557S20600494x537S26626528x560S20600517x536
koordinieren,,2726,M578x583S34400452x482S35d04422x482S35d04482x482S35d00512x483S34800542x484S14c59472x552S14c51491x557S20600494x536
Kopf,,5259,M528x517S35d04482x482S18110516x486S18118473x486
Kopf,,14578,M544x518S34400482x483S30007482x483S20500513x478S15a11521x467S22a03502x466
Kopf ohne Bewegung,,14389,M518x517S2ff00482x482
Kopfkissen,,16897,M618x592S35d04524x487S34800552x488S36100582x488S30151484x477S10021561x534S10029529x534S24402565x559S2441a530x559S36500469x488S15d17495x505S35d04382x488S34400410x488S35000440x488
Kopfrechnen,,12641,M595x597S14c00556x544S22520494x526S14c08500x543S22520552x527S35800531x482S22a14504x582S35d00559x482S22a04563x580S35d04471x482S34700501x483S35d04406x482S10011442x490S20500434x475
Kopfschmerzmittel,,11825,M634x602S20500496x472S20e00558x559S36d00524x522S30e30583x493S30e30393x490S26504615x525S1f552555x532S34500528x483S33b00577x482S35d04387x483S34400414x483S35000441x482S36500469x482S30e30475x492S30e30446x491S30e30418x491S30e30533x490S1f55a520x538S20e00523x565S22a04558x579S22a14524x584S2fd04539x596S1eb07614x496S1de01594x521S15d01493x484
kopieren,,3006,
kostet,,12644,M561x583S35d04439x483S34400467x483S36100497x483S35d00525x482S15d48469x540S1ea0d489x546S20c00498x570
krabbeln,,12943,M562x596S2fb00525x563S2fb00518x562S26507537x583S26507536x570S26511514x570S26511514x583S20352505x533S20356494x549S36d00479x518S23610523x508S2361c440x513S34c00481x482S37706520x539S37706470x555
krabbelt,,17715,M578x572S35d04422x483S26502480x529S22514523x559S20500470x545S20600483x544S15a1a493x557S11812508x539S34c00452x483S35000482x483S34700512x483S35c00542x483
Krallhand,,23223,M516x513S15002485x488
Krampf,,12398,M575x593S30e00424x482S30e00454x482S30e00482x482S30e00510x482S35010523x505S30e00539x482S35d14437x502S36520552x505S34c10469x502S33b10493x508S20357473x541S20341487x552S26611452x525S26605507x571
Krankengeschichte,,12193,M628x568S35d04404x483S34c00434x482S35d00463x483S34500560x483S15002449x529S20600456x557S36d00445x522S35d04504x482S34700531x483S36d00550x519S15d02601x500S15d0a592x520S2ea00612x471S2ea4c598x478
Krankenversicherung,,5184,M604x567S36500450x482S34800568x482S26a00553x528S1ea40545x546S34700478x481S35d04508x482S36100538x482S15002413x541S20500411x531S36d00395x522S30a00398x483S34c00398x483
krankhaft,,12199,M591x573S36500555x482S35d04408x482S20600490x562S36d00484x524S15002486x530S34c00439x482S35d00469x482S35d04498x482S34c00527x482S31030534x490
Krankheit,,8763,M611x572S35d04389x483S34c00419x482S35d00448x483S35d04478x483S15002437x531S20600441x561S34800545x483S34c00516x483S35d00575x483S11549538x545S11541556x534S20500541x538
Kranz,,22256,M563x603S35d04438x482S35d00497x482S34c00468x482S36100527x483S15320497x528S15328474x528S28b0c520x540S28b14441x540S15327494x579S1532f462x580
Kratzer,,16861,M590x612S35d04554x483S34c00440x483S35d00469x483S36100498x483S34700526x483S35d04411x483S15050502x532S15058461x525S26600504x578S26604517x582S26610469x567S26614454x569S2fb04485x595S2fb04490x595
Kräuterweis,,7745,M622x607S34800463x483S34400433x482S36100532x483S15032472x523S1503a433x524S2e508475x551S2e510440x552S10011570x485S30007532x483S26500571x466S20500560x474S37a06433x605S37a06481x605S37a06528x605S37a0e574x605
Kredit,,9569,M577x615S34700453x483S35d00541x482S34800512x483S10e40505x523S10e48466x524S10e10505x582S10e18467x585S2b704504x558S2b714467x559S35d04423x483S35d00482x483
Kreuz,,17533,M562x596S35d04438x483S34800497x483S34400468x483S36100526x483S1f056502x530S22b04502x566S22b06499x568S1f020533x570
Kristina,Kristina_Tworek,24333,M538x559S31400482x483S20600509x519S14010509x489S33e10492x506S37706470x557S37706498x557
Kuba,,3009,M583x565S35d04436x481S34600466x482S35000497x482S34c00527x483S16f28537x471S20600561x482S37a06442x563S37a06487x563
Kubus,,2284,M568x638S1ed48479x530S1ed40514x530S35000497x482S34600469x482S35d04441x482S22a06543x538S22a12461x539S22b04552x552S22b14451x551S20500505x534S36d00433x634S36d00479x634S36d00525x634
kümmern,sich kümmern,7813,M564x517S11010532x487S2ea00549x489S30007495x482S35d04468x482S34600495x482
Kunde,,12491,M598x517S35d04438x482S35d00497x482S34600467x482S34700526x482S15d11558x482S20600576x473
Kundengespräch,,21929,M608x592S35d04394x482S35d00450x484S34600422x483S34700540x484S15d11479x484S20600493x474S35d04510x483S34500571x484S10008544x539S10000562x524S27100568x561S27114517x577
kurz,,4849,M561x563S35d04439x483S34600466x482S35d04497x481S36100525x482S15d40528x532S15d48456x532S26502508x541S26516478x541S2f900508x557S2f900480x558
kurz,,16287,M603x540S33210555x496S26604574x510S2ff00540x483S15a01580x485S35d04424x483S34600455x483S35d04484x483S36100512x483
kuscheln,,8827,M532x582S14c0a462x538S14c02484x559S37020467x520S31600472x482S2f900458x558S2f900508x577
Kwanzaa,,7482,M574x560S10020498x527S10028481x527S11e20551x529S11e28422x529S30a00482x482S34010492x505S26606518x543S26612448x544
Lack,,16979,M548x589S20e00536x542S35d04510x483S34c00482x483S35c00455x483S15d39500x560S15d34508x542S26500515x523S15d39463x533S20e00491x531S26504478x574S15d50468x541
Lagerverkauf,,22722,M632x591S36500522x484S2d608585x537S1ea4f489x553S2d610519x538S35d04441x484S34700551x483S1ea42566x558S1ea4a536x558S1ea47613x554S35d04579x482S35c00386x483S34c00413x483S22f14390x577S14c31440x544S14c39396x543S22f04446x577
Länder,,22566,M619x585S15d51490x539S2e836507x557S35c00451x483S34c00482x483S35d00513x483S22a07521x536S15d51543x521S2e836541x545S22a05573x534S15d51590x545S2e836587x569
Langeweile,,18314,M613x527S35c00406x483S35d00468x483S35d04498x483S31930566x491S34c00437x483S2ff00558x483S15d00568x500S20600591x511S31930412x494S31930444x493S31930474x493S31930505x493S31930535x492S34700528x482
Lars,,1552,M528x606S37a06480x604S10002496x558S10049483x555S20e00489x543S2ea08509x524S37706496x560S35c00482x482
Lasse,Lasse_I,23210,M591x606S34800517x483S37806499x604S37806464x604S2f900524x565S1ce40569x534S33e00447x483S31430525x494S1ce28517x531S37806534x604S11811479x484S31630454x495
Lauf,,15911,M561x586S14750501x540S14758474x560S34c00466x482S34600495x482S35c00438x482S36500525x482S27104497x571S27110454x538
laufen,"laufe, lauft",4851,M560x590S35c00440x482S34c00468x482S34600497x482S36500524x482S2eb00501x523S2eb4c478x531S20340502x565S20348480x575
Lavendel,,13336,M630x589S10019507x559S35c00395x482S36500453x482S35d00511x482S34c00424x482S34700540x483S34700482x482S35c00569x482S1f141524x541S20f00495x550S15d02603x510S2ea00587x521S37b00586x492
LBZH,LBZHs,15482,M588x588S35c00421x483S36100484x482S35000452x482S1dc20443x526S14720478x534S10020504x535S2450a511x570S34c00543x482S11502558x539
legen,,17086,M572x575S15d30506x549S15d38482x549S35c00428x483S34700456x483S35d04483x483S34700509x483S35d00536x483S2930a522x548S29312443x548
legen,"legen-hin, legen_hin, liegen",18123,M546x560S15d50527x533S2ff00482x483S2b700526x506S2f900523x520
Lego,,1535,
Lehre,,15180,M562x565S35c00438x482S34700526x482S35d04496x482S34700467x482S18520512x548S18528466x550S26a00509x529S26a10466x529
Lehrkunst,,2931,M602x587S35c00399x483S18528412x553S35d04456x483S34700428x483S18520449x553S26500452x527S26510414x528S34600485x483S35d00512x483S36100538x483S35d04566x483S18507568x534S24804546x544S2f700554x580
leicht,leichtgradig,13160,M579x582S35c00421x483S34c00452x483S34800482x483S35800512x482S35d00543x483S15d31513x559S15d39464x558S2e50e502x529S2e516465x532
leihen-ich-mir,,3044,
Leistenprofiltaster,,4926,M620x576S35c00380x483S34c00407x482S34800434x482S36100464x482S36500584x481S35000502x482S34400557x481S35d04529x482S20302436x542S37706407x549S19c02443x531S14c02476x535S26602462x560
Leitung,,12151,M562x560S35c00439x482S34c00467x482S34800495x482S1ce20532x530S26602498x543S1ce28471x529S26612436x543S35d00526x482
Liebe,,12623,M563x573S15d01482x549S36d00478x524S20500486x534S15d09472x550S31630536x495S35c00438x482S35000497x483S34700527x483S31630506x495S31630445x494S34800469x482S31630476x494
Lieben,,16620,M593x575S15d01480x542S36d00479x522S20500484x528S15d09475x541S31600483x482S34010493x504S1ed26541x526S23404547x561S26606563x547
Liege,,22867,M548x597S35c00452x483S34800483x483S35d04512x483S11532477x556S22a04494x574S2f900495x592
Liegestuhl,,22874,M596x610S35c00404x483S34800434x483S35d04464x482S11532441x547S22a04459x565S2f900460x582S34500500x483S34600560x483S35d00530x483S11020567x542S22b04571x572S2f900574x605
Lilie,,13533,M604x590S34800453x482S35c00482x483S34800510x483S35c00425x483S34700539x483S1dc20459x529S1ce48512x560S1ce40582x509S1ce40535x560S28a09548x525
Linguist,Linguisten,12077,M578x593S35c00453x482S34800481x482S35d00511x482S1dc41511x519S1dc49470x518S1dc40554x563S1dc48423x562S22b05527x548S22b13449x549S2e200547x523S2e218437x521
Linien,,24751,M594x584S35c00407x483S35d00466x482S34800496x483S10050452x547S34800437x483S34700527x483S35d00558x483S22c07471x536S22c05508x535S22c02487x568
Link,,4031,M564x575S35c00436x482S34800467x482S35d00498x482S35d04528x482S10050482x545S17f1a465x543S26500488x531
links,,1666,M536x586S22f04511x572S20500492x546S20500480x545S35c00482x482S15d59486x560S15d51508x545
links,,15942,M578x557S35c00421x483S34800452x483S35d00482x482S35d04512x482S36100542x482S15d48454x530S28812430x536S2f900415x546
Lippen nach innen,,3855,M518x517S35300482x482
LKW,,12050,M595x559S35c00433x482S35d04468x482S36500531x482S1dc20451x526S14010485x527S18720531x530S34700404x482S34700559x482S34c00496x482
lob,Loben,6005,M588x545S35c00454x482S34400482x482S35000510x482S15d11565x508S22f03551x524
Lochen,locher,17145,M548x576S35c00453x483S22117493x557S34400482x483S35800512x483S1801d500x550
locker,,5490,M578x561S34400482x482S35d04511x483S35c00452x482S14c02502x536S14c0a460x538S23700539x530S23710413x531
lockig,,15516,M604x577S36b00541x482S35d04481x483S10011581x502S22a04586x562S2f004584x536S35c00422x483S34400451x483S34800511x482S35800541x482
LÖFFEL,LÖFFEL PMS,6206,M594x563S26500508x507S34400438x482S2f900465x558S22a04465x541S1a000571x516S35c00406x483S1a000415x518S36500475x483S2f900539x551S34700518x483S15a12530x520S22a04540x535S10012490x524S35c00558x483S1da12447x523S37d0b461x534
Logik,,17146,M606x662S35c00423x483S35d04482x483S34400453x483S34800512x483S35d04542x483S14712583x493S22a04591x515S22a04592x553S22a04591x590S22a04591x627S26500591x534S26500591x572S26500590x608S26500592x647
Lübeck,,14881,M572x603S35c00427x482S34600453x482S35000482x482S34700509x482S35d04536x482S22a10453x563S17d50499x588S17d58452x586S18550497x538S22a00510x563S18558456x538
Lücke,,17122,M561x590S35c00440x482S34600468x483S35d04497x483S34700525x483S2f900508x527S1ed16507x564S26600506x533
lüften,,14057,M592x617S36500465x483S34600436x482S35c00408x482S35d00495x482S36d00444x524S14c27506x531S14c2f396x537S14c01434x535S14c09470x535S26802455x562S26816433x574S26802456x587S26816431x601S33706579x498S33706544x498S33816527x498S33816564x497
Lumturis,,20433,M590x577S31400439x485S2fd06474x489S2fd06476x498S2fd00456x485S2fd07459x481S2fd00442x482S2fd01435x484S2fd02433x494S2fd02437x498S2fd01434x480S2fd02435x484S2fd06472x499S34010449x507S1dc01485x503S29504476x528S37706431x575S37706460x575S36100525x481S15d20554x508S26507577x500
macarena 05,,7512,M540x560S37808526x475S2ff00485x482S36d00479x520S3790a462x520S3780c464x543S15d09493x524S15d30521x449S37b09522x507S20500516x530S2f900515x541
Mädchen,,2714,M548x578S34a00496x483S36d00484x523S1f744528x539S20e00514x546S22f04508x564S33b00468x482
magnetisch,,18434,M618x569S35d04439x483S35d00468x483S35d00523x483S20600489x528S1ea0e498x546S1ea06478x546S34c00411x483S34700494x483S33b00383x483S34800553x483S34500582x483
Mai,,17488,M579x601S33b00451x483S34c00482x483S34800513x483S14c20556x495S14c50553x570S22b04559x533
Mai,,8543,M548x535S33b00452x482S34800512x482S34c00481x482S1f510491x520S2fb00492x510S20500510x516
Mailadresse,,22479,M604x587S26d06585x539S33b00400x484S34a00429x483S34800458x484S35c00487x484S34c00533x482S35d00564x483S1eb20503x568S26500514x550S1dc40510x515S15d03559x545S15a06558x563
Malta,,3383,M578x586S33b00422x483S34c00452x483S34c00542x483S35c00482x483S35d00512x483S11502463x556S22b04448x556S26606443x562
Manager,,3515,
Managua,,893,M584x614S22104425x550S22104556x548S26a12450x553S26a06536x553S1dc28471x544S1dc20502x544S1f418410x562S1f410555x560S33b00436x482S34c00466x482S35c00498x483S34c00528x483S37a06533x612S37a06498x612S37a06459x612S37a06419x612
manche,,17107,M578x625S33b00422x484S34c00450x484S14c50503x528S14c58463x526S2a400502x564S2a410463x566S2a200502x594S2a218465x597S35800511x484S35d00481x482S34700542x483
Mandarine,,8325,M623x575S33b00394x483S35d00569x482S35d04511x482S35d00453x483S34c00423x483S34c00481x483S34800540x482S18d50455x529S20339417x546S2f900420x570S20339542x542S1f751563x543S1f730603x541S2a208578x521S2f900543x566
Mangel,,24094,M593x601S33b00408x482S34c00437x482S35d00467x482S35d04497x482S34700527x483S35c00557x482S15d50508x574S15d58475x574S26600514x539S26610473x537S2f800486x523
Mann,,536,M615x518S33b00468x483S34c00495x482S18510590x478S26606556x476S16011531x475S30007495x482
Manuel,,256,M531x541S37900482x464S37703483x502S37816484x459S10012480x472S20500468x468S20500468x490S2a602514x477S37906477x539
Märchenstunde,,15612,M597x594S35800488x483S34a00431x483S2fb04465x579S2ea4c451x556S2ea00472x543S18001461x520S18009439x532S33b00402x483S35d04459x483S34500531x482S35d00561x483S20312573x558S10020556x533S2e309573x529S37806541x565S37800560x562S37800562x562
Maria,,22254,M531x631S31400482x483S33e10492x505S10a39478x541S10a51497x535S20500492x525S2a228495x557S10a31503x591S10a59477x587S37806486x629
Maria,,1461,M551x596S31400482x482S33b00482x482S36b00482x482S18200463x523S18208512x522S27100511x545S27114450x542S2fb04492x561S37906501x594S37906463x594
Marie,,1919,M551x538S33000476x483S31400482x483S34c00482x483S1d410522x492S20800517x511S37a06489x536
markieren,,797,M579x564S15d0a445x545S11502463x544S21100498x548S26506514x545S33b00421x482S34c00451x481S34800512x482S35d04481x482S35d04543x483
Marktfrauen,,16307,M594x570S33b00420x482S34c00451x482S15050457x524S15058424x523S29212392x542S2920a484x546S2fb04447x564S36d00538x519S18251539x530S2a602577x530S20500566x527S20500566x544
Marokko,Marocco,17655,M596x581S33b00420x483S34c00451x483S34400513x483S35d04482x483S35d04544x483S15a02550x469S15a06549x522S26a02582x468S26a16532x521S37a06423x579S37a06478x579S37a06534x579
März,,9085,M562x552S33b00437x482S34a00467x483S35d04496x483S36100526x483S22522511x520S14412525x521
März,,17789,M562x609S26500506x538S35d04496x482S20e00525x573S34a00468x482S15d39451x556S15d50455x564S20e00477x563S15d39498x580S26504462x594S15d34500x560S33b00439x483S36100526x483
Massagestuhl,,22877,M596x606S33b00404x482S34c00433x482S36100462x482S16f50461x546S16f58408x547S2a308464x569S2a310409x570S21800407x533S21800472x532S34600560x483S34500502x483S35d00531x483S11020545x536S22b04549x566S2f900552x599
Maße,,15166,M563x560S33b00437x482S34c00467x482S36100497x482S1ce40488x528S1ce48466x528S26606511x544S26612432x544S34700527x482
mästen,,15723,M562x592S33b00438x482S34a00466x482S36100496x483S35d00526x482S16d28478x567S1ea0d526x532S22b03499x543S22b03511x556S22b03524x568
mastubieren,,8178,M547x583S27104480x540S36d00477x521S34c00481x482S17632493x558S33b00453x483S36100511x482S36d00480x579
Mathematiker,,1576,M596x625S33b00466x482S14c00514x548S34c00498x482S14c08461x546S2fb04490x619S22130506x538S22130507x533S22130458x537S22130458x532S22b04518x588S22b14464x589S1ed26577x535S22b04577x568
Maul,,17327,M562x532S33b00438x483S34c00468x483S34600498x483S35c00526x483S22114410x504S17e20431x517
Medaille,,2279,M547x563S33b00452x483S34700481x482S35c00511x482S1d011487x535S20500513x536S2f900513x550
medizinischer_ Notfall,,9595,M611x613S33b00388x483S34700417x483S35d00448x483S15d5a411x554S1ce51407x524S20600388x542S1f510549x533S35d00489x483S35d00546x482S34400518x483S36500575x483S1f518523x542S2eb04552x566S2eb48526x581S20e00551x551S20e00526x564
Mehrwertsteuer,,22702,M601x605S33b00399x483S34700428x482S35d04456x482S15d38480x555S18210431x562S28800452x536S36500495x482S35d00565x483S34500536x483S1851c492x557S20600492x539S2f900437x537S18218409x567S15d38542x551S10042557x561S20e00566x577S2f003578x585
meinen,,13248,M590x570S20600482x559S15d02476x535S33b00410x482S34c00440x482S34800469x482S35d00497x482S34700525x482S35d00554x482
meiner,,13250,M591x570S20600482x559S15d02476x535S33b00410x482S34c00440x482S34800469x482S35d00497x482S34700525x482S35d04555x483
Meißel,,2971,M591x573S33b00410x483S34c00437x482S34800466x482S34700525x482S36100497x482S35c00555x482S20348466x558S1ea10501x524S1ea40482x546S22a04510x550
memory,,3606,M562x601S18527500x538S33b00438x482S34700466x482S33b00496x482S34400526x482S2a408504x565
Memorystick,,22807,M621x570S33b00379x483S34700407x483S33b00436x483S18510467x492S20500463x476S2f900461x469S36100497x483S35d00527x483S35d04585x483S34800556x483S1f040587x545S1f048530x544S2f900530x565S22a02569x545
Mensch,,8069,M563x602S33b00437x481S36d00456x522S15d02463x530S21100470x553S22b04468x572S34700466x482S35d00496x483S34500527x483
Menschen,,4096,M571x595S33b00482x483S1ed27520x524S26606541x550S22b04530x565S22b04548x565
Mercedes,,11922,M574x595S33b00438x482S34700468x482S35d04498x483S11511500x542S11512544x577S1151a417x580S11519465x542S20500490x528S28805520x568S2881d450x569S36100527x483
Merkhilfe,,20479,M600x614S34700564x482S35c00506x482S36500536x482S1f510546x599S1f518512x599S2b700543x565S2b711512x567S1f540545x532S1f548515x531S33b00401x483S30e30407x493S18510435x489S20500434x476S2f900433x470S34800476x482
Merry Christmas,,7498,M540x556S16d20523x536S18d20495x530S33e00482x482
Mersin,,2347,M593x633S33b00407x482S34700436x482S35d04467x482S36100497x482S34800526x482S35d00557x482S15d48480x547S15d40500x547S2a420488x579S37a06428x631S37a06471x631S37a06502x631
Metereologe,,9033,M632x574S33b00385x481S20600548x500S1ce10544x469S34400449x481S35d04578x481S14c10484x470S14c10418x467S2e208421x501S2b700484x446S1ed26613x513S35c00511x483S22b04614x544S30007385x481S30007449x481S30007511x483
mh,wo,7766,M555x559S14c0f459x525S30a00482x482S14c07513x524S2fb04496x553S26506540x536S26512442x541S34210490x503S36e00477x514
Michael,,22822,M542x604S37a06474x602S28b0d502x553S1ea10519x526S1ea37484x558S37d06495x497S33e00482x483S31400482x483S2f900500x481S2f900490x480S2f900495x478S2f900502x480S2f900507x484S2f900486x483S2f900506x480S2f900489x477S2f900497x476S2f900502x476S37d00512x491S37c06502x490S37c06502x497S37d00501x490S37d00497x490S37c06486x497S37c06486x490S37d00486x490S37d0a513x489S37d02482x489S2f900483x479S2f900490x475
Michelle,,3452,M558x554S36b00481x482S31400481x482S33e00482x482S14c00522x489S20300543x525S22a05522x522S37a06482x552
Miene,,17256,M581x555S33b00438x483S34800467x483S34700527x483S35d00497x483S10002516x540S1000a456x539S28907556x522S2891f421x517
Mika,,4576,M524x587S31400482x482S33b00482x482S37706466x585S37706499x585S20500487x524S20500499x524S15a19475x539S15a11499x540
Mikroorganismen,,53,M617x584S33b00406x482S34800437x483S35d04468x483S34400527x482S35d04557x482S1f110459x529S14c5f531x557S14c57565x557S22517587x548S22511523x550S26507604x532S26511509x532
mincommsy,,20435,M629x580S18017496x547S1801f470x548S20500493x533S20500481x534S20500596x544S35d04467x483S34400495x482S33b00524x483S34800584x484S36100554x484S15d18524x553S15d10610x552S18010544x563S18018578x563S20500545x545S33b00380x484S34800408x483S35d00438x483S18d50383x546S19220410x552S11950433x544
minderjährig,,9866,M617x619S33b00397x482S34800425x482S35d00455x483S35700508x482S34a00537x482S35d04566x483S11010602x494S21100602x524S22a04602x540S15d50471x522S22b04475x555S36d00419x521S36d00417x573S18028471x588S27102507x579
minderwertig,,2003,M548x595S33b00451x481S34800482x482S35c00512x483S15d48469x546S14750490x540S20e00489x566S23404485x581
Minigolf,,16755,M624x592S36d00483x556S35c00557x482S35d04499x483S34400527x482S36500588x483S1ea1c527x567S1ea2b528x535S35d00434x482S34800463x483S36d00482x526S33b00376x482S34800405x482S26502508x578S26512508x561S2f900490x566S2f900492x583S32114506x492
Mischa,,10464,M559x598S2a512445x545S15348483x538S2a506526x544S15310504x538S31400482x482S34010491x504S37706455x596S37706485x595S37706515x594
mit,,20615,M565x583S33b00453x482S34800482x483S35d00512x483S18540485x568S16047542x525S26603518x546
Mitbewohner,,3481,
mitbringen,,12678,M592x560S33b00451x482S34800482x482S35d00512x482S20340558x484S14c20569x529S26600557x503
Mitglied,"zugehörig, dabei",23831,M547x576S16d48491x544S11851504x554S22a03534x536S20500505x565S35000482x483
Mntefering,,2076,M521x569S22104472x527S1f421481x518S22104477x518S33b00482x482S31400482x482S37a06473x567
möchte,,14957,M578x584S33b00422x482S34400453x482S35800484x482S35d00515x481S15d02481x528S22a04488x569S21100489x550S34700542x483
Model,,15320,M563x637S1f540505x568S2880c519x552S1f55f451x615S2881c478x597S28814470x551S28804508x598S1f548479x568S1f527504x528S1f52f472x527S1f557526x616S35c00527x483S35d00497x482S34400467x482S33b00438x482
mögen,mag_nicht,1494,M519x599S21100500x565S22a04499x584S15d02492x543S31400482x490S34210490x512S30152490x479S30156499x475
möglich,"mögliche, möglicher, möglichen",1720,M542x564S33b00468x483S34400496x483S20350522x527S20350465x528S23004517x546S23014459x546
Moldawien,,17653,M646x601S33b00410x483S34400439x483S34c00526x483S35c00468x483S35d00497x483S36500555x483S18510596x492S26506626x492S22104602x479S22a04628x515S14c50622x534S37a06425x599S37a06487x599S37a06549x599
Montessori,,10133,M617x602S33b00383x482S34400411x482S35d00439x482S36100496x482S34700467x482S34400523x482S34800581x483S35d04551x482S16d21492x531S16d29443x548S2e602492x555S2e61e453x573
montieren,,10135,M580x562S2c415418x538S2c400523x538S18510493x544S18548460x543S20500486x530S2f900485x524S33b00419x482S34400451x482S35d00484x482S34800513x482S35d04544x482
Moschee,,17293,M603x600S33b00416x483S34400447x483S22f14425x575S22f04465x575S15d50464x538S15d58431x538S34500519x483S34700549x483S15d11560x535S15d19533x535S23a04577x558S23a1c513x557
München,,830,M541x555S33b00482x483S15011504x466S22a07528x454S37a06479x553
musst,,13321,M563x586S30e00436x483S36100497x482S10040546x526S22a04549x561S2f900549x581S33b00436x483S34600468x482S35d00527x482S30e30473x491S30e30503x490S30e30533x491
mutig,,16883,M576x555S36d00467x526S33b00424x481S1f702489x535S20b00471x536S34600451x482S34800510x483S35d00480x482S35800540x483
Mutter,,3093,M529x535S20500504x495S20500485x495S14710515x512S33100482x482S26502491x521
nach oben,,4407,M511x529S10020488x499S22b00495x471
nach vorn,,4406,M509x535S10050491x505S26700493x465
Nachbarn,,16308,M605x608S35d00407x483S34c00437x483S35800467x483S35000498x483S34c00529x483S35d04558x483S15d40491x555S1804a473x549S20500486x544S28a0a502x538S1ed56573x555S22f04572x594S26606575x580
Nachmittag,,4482,M590x569S23005517x543S15d10507x525S35d00409x482S33b00495x482S34800525x482S35d00554x482S34c00438x482S35800465x482
Nachrichten,,9983,M547x598S35d00452x483S34c00481x482S35800511x482S14c20517x524S14c28465x525S26a00515x561S26a10463x561S17620521x580S17620468x582
Nacht,nachts,210,M548x556S31600482x482S14c20525x481S14c28453x485S20310500x534S20318491x541S28803509x510S2881b474x515S34c00482x482
Nachtigall,,8261,M615x582S34c00532x483S14c10463x488S14c18382x494S20312425x531S2031a418x547S28903438x513S2891b402x516S34c00425x482S35d00402x482S35c00562x482S35d04502x482S10027594x502S1002f490x504S28a0d562x526S28a07577x533S28a0d582x551S28a15515x528S28a1f498x533S28a15496x552
Nachtrag,,16952,M603x582S35d00397x483S35d04510x483S35d00482x483S35d04567x483S34c00424x483S35800453x483S34c00538x483S15d18445x543S20500467x545S28802480x545S18510467x563S18517505x555
Nachweis,,7396,M545x565S20c00499x534S34c00454x482S36500509x482S15d09473x542S35800481x483S18000484x550
name,,1128,M518x594S30c00482x482S33b00482x482S11540491x564S22f14462x546S20600490x550S1154a474x565
Name,,4667,M582x559S35d00438x482S34c00467x482S33b00495x482S34700525x483S11511557x498S21100556x526S22a04556x544S30006525x483
Nase,,21994,M591x594S11950436x448S1f720467x459S20320503x459S14a20531x459S35d00410x407S34c00442x406S36100472x406S34700502x406S35d00412x546S34c00455x559S36100506x548S34700555x530S11950438x506S1f720467x517S20320494x517S14a20517x516
Nasenraum,,9947,M614x533S10001508x500S35d00398x480S34c00428x481S36100458x481S34700487x482S33110505x489S20600526x488S35d04566x484S10001587x502S10009560x503S2880a592x485S28812554x486S2880d594x490S28815555x492S33110583x490
Nationalhymne,,15728,M617x578S2e100569x522S35d00552x483S1002f486x548S10001554x533S2e118500x524S10009524x534S10027594x545S34600494x482S33b00524x482S34700581x483S35d00383x483S34c00412x483S36100443x483S15d51432x539S2e706404x551
Nationalsozialist,,15733,M623x598S35d00376x482S34c00403x481S34c00558x483S34400499x484S36100430x481S35c00587x484S34800529x484S36100470x484S15a20455x476S37b06443x498S33110447x485S1ed26575x536S22b04575x568
neben,,22445,M547x593S35d00453x483S34700482x483S35000511x483S15d58478x542S1d450507x537S2f900479x574S2b700516x570
nehmen,,10447,M577x558S35d00452x482S33b00511x483S34700482x482S14c50553x471S18550545x543S26604557x505
nehmen,nehme,24108,M569x598S35d00453x482S33b00512x483S34700483x482S14c50545x567S18550538x525S22a00550x548
nein,,20892,M557x578S27106542x538S14c20515x523S34110493x512S30c30489x496S30126482x476
Nein - Kopf schütteln,,5920,M518x524S30122482x476S31400482x489S35600482x489
Nerv,,10551,M605x563S22a04564x548S34700466x482S35d00437x482S36500527x483S21100565x530S35d04496x482S10011558x497S2e100582x499
Nerv,,220,M578x545S22a04565x530S34700466x482S35d00437x482S36500527x483S30006527x483S10a10563x498S21100563x481S35d04496x482
Nerven bewahren,,10557,M523x582S36d03477x521S32a00487x482S37802470x550S37809471x520S1ed40479x526S21100458x520S22a04456x540S35010500x505
Nervosität,,10561,M624x525S35d00407x483S34700437x483S35d04467x483S36500497x483S34400529x482S36100558x482S21d10375x480S30c30445x489S30c30414x488S1bc18383x491S30c30566x489S30c30535x488S30c30506x489S30c30473x490S21d10596x487S1bc10595x496S22a00600x467S22a00384x461S1c110593x437S1c118381x430
Netz,,22837,M558x582S14401497x532S14409472x531S22b05522x556S34700470x482S22b13447x558S35d00442x482S36100522x482S35d00498x483
neun,9,3719,M563x557S14c09459x530S35d00438x483S14401494x528S34400468x482S34800499x483S35d00527x482
Neuseeländer,,12816,M617x597S34700414x483S34600443x483S34700501x482S34c00555x483S35d00384x483S36100474x482S35c00528x483S35d00581x482S15d18401x543S15d18480x547S11511427x547S20e00416x531S22a04420x576S18510512x566S20500502x549S1ec56567x535S22b04565x567
new,,523,M526x521S15a36498x509S20e00494x495S2880e475x480S1821d501x488
new,,16615,M519x571S15a16492x559S2880f455x538S20e00478x549S1821d490x546S30a00482x483S34010492x506
NG,NG PMS,6113,M530x530S34c00482x482S1dc21500x497S20500518x484S21700497x503S33110499x489S20500495x519
nicht_krank,,10917,M521x577S15002487x552S36d00479x529S20500493x543S34c00483x489S30c00483x489S30122483x476
nicken,ja,4277,M518x523S30a00482x488S30120482x477S33f00482x488
nie-wieder,,3830,M613x563S35d00388x482S34800419x482S34800489x482S36500460x483S35d00518x482S34700547x482S35d04577x481S10020456x533S26706483x546S2f900528x553
Niederwild,,8206,M660x577S36500474x482S34800502x483S35c00528x483S35d00553x483S30007554x483S19a10582x472S20500609x467S2df08615x476S19a20632x465S22a04447x562S15d52441x539S35d00410x482S34800436x482
niesen,,15052,M555x564S30100482x444S30104483x510S20500494x470S37d00498x464S1765e523x473S14c52524x540S22b04535x493S2f900538x527S37d06496x538S37c00499x531S37d06496x533
Nobelpreisträger,,24197,M619x568S35d00382x483S34400411x483S11502462x535S35d00525x482S20600455x548S35000454x483S35d04483x483S35d04554x482S11950418x527S36d00466x524S34a00583x482S1f740574x528S36d00552x521S22f04564x554S37901594x523S37703582x542
noch,immer_noch,3877,M548x587S10e40519x534S10e48451x532S23004519x569S23014447x569S35d00452x482S34400482x482S35800512x482
noch_einmal,noch-einmal,16285,M582x547S35c00482x483S10001532x517S10020567x501S2df00544x502S2df30543x510
nonmanuell,,5377,M616x565S33b00492x482S34c00522x482S35d00550x482S34600580x483S35d00383x482S34400413x481S15d39511x536S15d51529x533S15d31588x538S15d59573x542S20500513x527S20500581x524S35d00443x482S10020404x528S26606428x543
Norbert Ellersiek,,3593,M542x581S30006482x482S10001513x499S21100504x521S22a04502x538S31400482x482S33e00482x482S37b06479x579S37b06503x579S37b06526x579
Nordrhein-Westfalen,,12422,M576x589S2dc06563x494S34400496x482S1ec56556x551S37806473x587S37806514x587S35d00467x482
Note,,9750,M563x589S35d00437x482S35d00497x482S34400466x482S34700527x482S36d00479x528S15d43472x538S37800480x530S37801518x528S37804493x542S37802479x557S20700453x532
Nummer,,13670,M577x581S10049488x548S10002502x551S2f003534x561S20e00490x539S35d00422x482S34600451x482S33b00481x482S34700512x482S35d04541x482
nun_gut,also,21047,M553x555S15d39467x532S34e10491x501S30a00482x483S15d31502x532S2880a531x532S28812439x533
Nura,,24610,M520x556S35d00482x483S12820470x502S21800459x491S31430489x495S37706467x554S37706495x554
nutzen,"Nutzen, Nützlichkeit, nützen",13723,M562x564S22104538x537S22114509x537S35d00437x482S34600466x482S35d00495x482S36100526x482S18520515x549S18528458x549S22114450x536S22104479x536
nützlich,,13725,M579x566S22104551x534S22114522x534S26516493x552S26506564x551S22104492x533S22114463x533S18520528x546S18528471x546S30a00482x482S34610493x499
O,,14992,M530x531S30a00482x482S34410495x502S14c10507x500S14c18470x499
O,O PMS,6095,M540x556S2f900527x551S34400482x482S22a04526x533S17610524x512
Ö,Ö PMS,6400,M536x540S1da12500x521S34400482x482S26600520x487S37d0b514x532
ob,,3751,M538x593S10021508x525S10031483x563S22b04507x549S2f900512x583S34400467x482S35000497x482
Offizier,,5674,M637x540S34400421x483S36500450x483S34800481x483S36100511x482S34800542x483S36d00534x528S1ed50573x521S20e00604x526S26506622x525
öffnen,"öffne, öffnest, öffnet",23951,M588x584S20350495x549S20340541x551S2a208514x537S2d704549x570S34400451x483S35d00513x482S36500481x482
Ohr,,13181,M521x535S34400485x482S33020479x482S10019459x505S20500466x496
OK,,3831,M558x594S30a00452x481S34400452x481S35d04483x482S34700513x483S30a00483x482S30a00513x483S17610542x526S14040525x564S22e04540x548
one,,78,M548x557S1f502525x533S34600452x482S34c00482x482S35d00512x482
Orientierung,orientieren,20800,M591x645S34400409x483S35d04437x483S34800467x483S34700496x483S35d00525x483S34800555x483S15a48510x609S15a40521x583S2f900510x640S2dc06522x528
P,,12859,M539x561S14057515x530S35000482x482
PA,PA PMS,6122,M570x548S1f540531x524S34c00496x482S2c700547x505S16010534x474S35000467x482
paaren,,1374,M577x573S1f540493x533S1f548476x533S26616436x555S35000424x481S34c00455x481S26602514x536S26616436x538S20500489x562S34700512x482S35d04483x481S35d00541x483S26602516x554
Pakistan,,5065,M577x569S35000422x483S34c00452x482S34800511x483S36100541x483S35d04481x483S10018469x539S1eb10474x533S20500468x523S20500481x522
pantomimische Darstellung,,14629,M524x544S31400482x482S36d00481x532S33e00482x482S33000476x482S37907441x533S3770b441x522S10119459x500
Parameter,,263,M557x589S35000467x482S34c00497x483S20320542x512S37800549x525S2e10c521x535S2e10c521x561
Party,,2801,M601x570S35000424x482S34c00452x482S35d04482x482S35d00510x482S34800540x482S1dc28400x505S1dc20577x508S2711a423x530S27102558x530
passend,,2684,M578x577S10058440x544S10050536x545S26602503x561S26616460x561S20500492x564S36100482x482S35000422x481S34c00451x482S34700513x483S35d00542x484
Pauke,,12654,M574x611S35000425x483S34c00454x482S34600483x482S34700538x482S35d04510x482S1ea0d503x538S1ea05458x553S22b04504x572S22b00524x569S22b04544x571S22b10481x575S22b14464x581S22b10446x580
Paul,,9972,M536x592S2a408511x520S1ea50509x560S33e00482x482S31430489x495S33000476x482S37706483x590
Pazifik,,17705,M578x622S35000422x482S34c00451x482S34800511x483S36100481x483S36500542x483S20320510x575S20324490x575S14c02504x541S14c0a471x540S2d606540x557S2d61e454x561S37801518x590S37809491x589
Peking,,12366,M588x631S35000411x483S34700440x483S37a06453x629S37a06495x629S37a06538x629S37a06417x629S35c00467x483S34800495x483S35c00552x482S35d00522x483S10042443x542S36d00460x526S36d00481x526S23d04516x546S22b32499x546S22b32479x546
Penny,,23985,M549x567S35000482x483S14001518x489S20e00514x514S26a04507x529S31430490x495S37806489x565
perfektionieren,"zunehmend_besser, immer_besser",21042,M551x574S10e02503x559S10e0a468x558S10e01523x498S10e09454x500S2f900540x527S2f900449x528S32a00482x483S23807512x525S2381f477x527S30f30488x489S35010495x505
Person,persönlich,5838,M547x591S22b04499x561S1ed0e495x530S35000452x482S34700481x482S35d04511x482
Personen,,19,M576x598S22b04552x568S1ed26523x526S26606546x552S22b04530x568S35000482x482
Perspektive,,15310,M562x517S2df10455x470S15d41512x491S15d27539x490S15d2f438x490S31400482x482S34000482x482S2df08526x470S15d49464x492
Peru,,17666,M532x569S35000482x483S10e00500x464S37706505x567S37706470x567S26a02518x471
Peter,,15971,M546x568S34700481x483S35000453x482S35d00510x483S11e40437x504S20600462x517S31430460x493S31430489x493S31430519x495S37806460x566S37806499x565
Pfad,,17416,M577x567S2dc06564x515S36500467x483S15d40543x540S35000437x483S34c00497x483S35d00527x483
Pfanne,,16331,M548x585S35000468x483S1ea40521x562S36500496x483S26a00483x540S15d30490x559S26a00521x541
PFAU,PFAU PMS,6211,M605x570S1f540471x523S10b11470x506S35000405x480S36500434x480S26500481x484S34c00502x481S22e04469x552S16010530x505S26500542x483S34600558x485S20310590x517
Pferd,,16220,M578x577S35000422x482S34700482x482S36500452x482S35d04512x482S35d00542x482S20350476x562S20350493x562S26a20479x545
Pfingsten,,10126,M560x565S35000439x483S36500466x482S34800495x483S35d00524x483S2a208530x537S1ea4a482x540S1ea42504x539S2a210455x537
Pflanze,,4918,M593x619S35000408x484S36500438x483S35c00467x483S34c00497x482S18530506x604S16d48499x580S21000520x584S22a00517x560S14c00515x523S35d00527x481S36100557x483
Philine,,725,M541x559S31400482x482S33e00482x482S17620520x492S14c20518x437S26500522x472S37a06480x557
Philine,,15500,M537x579S10e20522x504S34000482x482S31430489x494S24804517x539S37706487x577
Physiklehrer,,12763,M599x578S20600429x529S36100459x482S34600430x482S36500401x482S1100a414x544S11002445x544S35c00504x482S35d04563x482S34700533x482S1ce20556x548S1ce28510x544S26a00552x529S26a10514x528
Physiktest,,24691,M613x598S36500388x483S36100446x483S34600416x483S11002435x560S1100a405x562S20700426x533S2380e466x565S23816377x563S22a24432x583S35d00489x482S34700518x482S36100548x482S35d00577x483S15d48528x546S14c02551x549S20600546x581
Physis,physisch,15330,M562x603S20e00477x557S22b14475x573S22b04514x573S20e00516x555S36d00482x524S15d02507x530S15d0a472x530S36500438x482S34600467x482S36100496x483S34800526x484
Pi,,13591,M578x553S34800496x482S35000467x482S14051519x529S19220557x533
Pipeline,,24182,M624x594S35000377x482S34800435x482S34c00406x482S35000464x482S34c00534x482S34800560x483S35c00504x482S35d00588x483S1f521446x536S2e706450x565S17650509x542S17650530x542S2a408558x558S26806551x543
pl_10,,15623,M533x584S35d00467x482S34400497x482S15a48490x539S20350504x549S20b00499x571
pl_8,,15621,M591x585S33b00408x482S34400436x482S34500465x482S34a00494x482S33b00525x482S34700555x482S18040532x551S18048447x552S26a02519x558S26a16480x558
please,,823,M518x558S35000482x482S30e00482x482S15d02482x522S21100484x544
PMS Artikulationshilfe A,,4613,M542x520S34c00482x482S22100526x487S16011519x497
Postbote,,17427,M632x575S35000386x482S34400413x482S36100440x482S35d00469x482S16d02478x519S2c701497x524S20352504x507S18528579x529S26a11543x535S18520523x525S22b04613x545S1ed26613x516S26a07564x542S35000519x483S34400548x483S35d00578x483
präsentieren,,2527,M547x565S32a00475x481S35110482x500S33540508x497S15d28440x493S14c1f454x517S14c37520x539S2d808474x537
Prinzip,,15537,M606x584S35000393x482S34800540x482S34800453x482S35000570x482S35d04423x482S35d00482x482S36100511x482S14750493x561S14758477x561S26606514x567S26612440x568
Probezeit,,14335,M629x586S35000394x482S34400447x482S35000472x481S10020611x525S2ff00499x483S2e509606x559S36100569x482S35d04421x481S33210513x493S22520523x498S14c00506x507
Problem,,2085,M521x579S30c00483x482S34400483x482S36d00479x528S20600495x541S15002489x554
Prosa,,11006,M573x586S35d04455x483S2ea4c472x555S2ea00492x546S15800484x517S15808462x523S36100509x483S2fb04488x580S34400483x483S35000426x482S34c00537x482
Prostituierte,,12970,M612x584S35d04466x482S34400495x483S20500573x467S11511561x488S20500561x468S30007526x483S35000437x481S36100526x483S1ed26593x521S22b04593x554
Prozentangabe,,3451,M621x614S1ce20464x529S1ce41458x574S24103483x556S35000379x482S35d04407x483S34400435x483S36100463x482S2f900485x592S34c00501x482S35d00530x483S35d04559x483S34c00585x483S15d39537x555S20b00545x538S15d31551x561S15d52537x595S2c300570x584
prüfen,,16171,M563x606S14c02483x550S36500527x482S20600476x577S35000437x482S35d04468x482S34600498x482S14c48461x540S20500464x577S26626466x590
Puff,,5901,M548x560S1fb10520x531S35000452x483S34600482x483S36500512x482S2f900522x555
Pumpe,pumpen,24642,M582x608S35000421x483S34600452x483S33b00482x483S35000512x483S34700543x483S36d00477x526S37702519x527S3770c507x550S20305493x557S22b07523x554S22b03535x565S22b07547x574S22b03558x584
Punkfrisur,,15697,M552x555S2c315447x484S14c45473x510S14c11497x460S14c19475x461S22a17486x490S22a20493x444S2c304525x481S2ff02478x482S22a01502x490S14c4d501x510S26524493x540
Punkt,,14241,M548x580S2f900530x528S35d00512x482S26500529x537S35000452x482S34600482x482S10050526x550
pünktlich,Pünktlichkeit,7802,M532x585S1ce28475x555S1ce20508x555S35000467x482S34600496x482S26500512x535S26510481x536S2f900513x526S2f900483x527
Putsch,,17335,M562x614S20350511x577S35000439x482S37700518x589S34600469x482S35d00496x483S37700516x589S20356527x586S20310512x527S37806499x596S2f900530x603S22b04510x546S34500526x483
Pythagoras,,10348,M590x574S35000410x482S34600439x482S35d00467x482S34c00496x482S35d04525x482S34400554x482S1dc0a455x550S15a11476x534S20500465x542S20500485x557S23403496x524
Q,,1659,M511x515S1f057488x485
Quelle,,17403,M575x605S35d04425x483S16d48503x583S35c00509x483S34700479x483S34700539x483S14c30519x531S17630522x589S22a00524x571S36500451x483
Rachen,,4524,M548x566S35d04451x482S34c00481x482S35800512x483S10a00474x508S10a30474x540S2a600504x526
Rafael,,15388,M545x569S33e00481x482S31400481x482S15d10525x489S15d18455x489S36d00479x522S37906456x567S37906502x567S2f900526x522S2f900461x522S26a00518x530S26a10453x529S2fb00486x480S2fb00482x482S2fb07508x486S2fb07504x482S2fb07506x485S2fb00484x481S2fb00490x479S2fb00492x478S2fb01480x486
Rahmen,,24711,M577x583S1ce10493x532S1ce48475x532S20700486x568S35d00541x482S26626519x546S35d04424x483S33b00483x483S34c00454x483S34700513x483
rasieren,,530,M536x554S31400482x482S16d28519x495S21100518x519S2880d502x534S34700482x482
Rasierschaum,,24290,M633x562S35d04385x482S2ea00471x537S36100445x483S34c00415x483S10a10481x501S34500497x482S34c00526x482S34600552x482S33b00580x482S16d00616x502S2d500591x518
Rate,,123,M562x573S26a00520x533S1ea40516x552S35d04438x483S34700526x483S34c00469x483S35d00497x483
Raum,,5394,M561x561S35d04438x482S15d51515x534S34c00467x482S34600496x482S33b00525x482S2e832479x545
Raupe,Raupen,3297,M579x575S26602487x559S34c00452x482S34600482x482S10012520x552S21800523x538S21800499x537S35d04421x482S35000512x482S34700543x483
Recht,,15123,M561x629S10e40510x599S10e48465x599S22b04509x558S22b14466x557S2f900511x592S2f900467x590S35800495x482S34700467x482S35d04439x481S35d00525x483S10e18467x524S10e10509x524
rechts,,15944,M585x557S35d04422x483S34700452x483S35800482x483S35d00512x483S36100542x482S15d40528x530S2880a549x535S2f900574x545
rechts,rechte,18217,M563x575S22f14466x561S35d00527x483S35800497x483S15d51493x544S15d59470x533S34700467x483S35d04438x483S20600498x531
Rechtsextremismus,rechtsextrem,5958,M621x568S35d04401x483S34700431x484S35800460x483S34700504x482S35d04534x482S36100563x481S36d00434x523S37801475x525S37806450x555S26506490x547S2f900507x551S1f700566x512S20e00592x517S26506606x518S1f752435x548
rechtzeitig,"rechtzeitige, rechtzeitiges",23257,M619x622S35d04381x482S34700412x482S35800442x482S35d00473x482S36100522x482S34c00552x482S34800583x483S10e10467x531S10e18412x529S10e40465x592S10e48413x592S22a04468x565S22a14413x564S2f900468x582S2f900413x580S15a1b587x544S37806556x546S10050580x544S20600569x531
regelmaessig,,2756,
regional,,11462,M621x580S34400497x482S14c50496x531S35d04380x482S35d04438x482S35d00527x482S34700409x482S34800466x482S2ea3e491x565S34c00556x482S35c00585x483
reißt,,22142,M585x537S34c00466x483S34800496x483S36100527x483S35d04438x483S14c20562x506S14c28413x504S22b00568x473S22b10417x471
reisen,,6893,M568x556S35d04441x482S34c00467x482S34800494x482S36100523x482S20340550x541S2ea00553x512
Renate,,14102,M628x585S37806465x583S37806425x583S31430444x496S2ef00610x539S36b00557x482S37806508x583S10001595x510S31430414x495S35d04407x483S34700437x483S35d00468x483S35d00527x482S34c00497x482S34700556x482S31430565x495S31430534x494S31430505x495S31430475x496S37806547x583
Renate_Dorn,,14101,M564x586S37806479x584S37806439x584S36b00518x482S33e10456x505S36b00446x482S37806522x584S10001486x503S2ef00500x531S31400518x482S31400446x482S33e10529x504S10040549x544S26500545x533
reparieren,"Reparatur, repariert",7884,M563x580S11551491x541S11549468x553S20e00468x539S26f07509x528S35d04437x483S34700467x482S35000498x482S34c00527x482
reparieren,,6717,M563x587S11511468x560S11558455x554S20e00465x540S26a00458x524S35d04437x483S34700467x482S35000498x482S34c00527x482S26500486x524
rief,,10605,M614x520S26611414x483S1dc40590x453S1dc48386x455S1dc10541x490S1dc18436x490S26607567x486S35d04453x482S34800483x482S36500512x483
Rind,,6001,M602x517S30001469x482S30007495x482S19a18444x483S19a10530x487S20500558x490S20500430x485S2df10439x462S19a20574x463S19a28405x466S2df08549x465S35d04469x482S34800495x482
Risiko,,9594,M624x582S35d04406x483S35d04527x482S34800436x483S36100467x482S34800497x483S34400557x483S11a20588x520S27106609x531S2f700608x575
Ritter,,12796,M560x575S34800482x483S35d00511x482S35d04453x483S26a10465x540S20340545x535S20350467x560S2f900548x555
Rosa,,852,M579x592S35d04439x483S36100496x483S34400468x483S34c00525x483S11a20558x521S2e600550x559
rot,"rote, roter, roten, rotes",8268,M559x543S35d04453x482S35d00511x482S34400482x482S10000515x513S20e00547x506S22104532x522
Rotschnabel-Tropenvogel,,15336,M619x596S34500422x482S26500492x501S1f410480x480S36500583x483S35d00452x483S35d04381x482S1e411477x499S35d00512x483S35d04541x483S10000388x513S22104409x529S20e00407x515S10020545x541S10028524x521S23604533x579S23610502x558S1f421584x515S22114567x520
rund,"abgerundet, runder, runden, rundem",20405,M547x572S35d04453x482S35d00511x482S2fb06489x542S34600482x483S2fb00479x541S20319465x549S37b0b473x541S10050501x542S2880a478x526
rwth 200340,,19298,M514x534S14c01487x467S22b04498x504
rwth00012,,18614,M512x561S14400488x440S26500495x485S22500493x548S1f700492x520
rwth00090,,18737,M524x516S10004509x486S1000c476x484
rwth00127,,18798,M538x540S15d12463x521S22b13501x497S22b07483x492S15d10519x460
rwth10007,,18860,M530x527S20310515x474S20318471x486S22a04514x500S22a14478x512
rwth10010,,18863,M532x551S14c21504x524S14c29469x525S22b00507x488S22b10474x487S14c29468x456S14420510x449S2fb04491x512
rwth10018,,18871,M540x538S20311512x462S17619461x494S2fb04491x519S22e04523x519S22e14463x520
rwth10022,,18875,M536x530S22b01512x506S22b16464x504S10058473x471S10c50512x476S21100493x475
rwth10077,,18927,M554x529S15819461x479S15820514x471S23604515x512S23614446x511S2fb04490x509
rwth10097,,18943,M552x525S2ff00482x483S15d21488x501S22a06515x512S14c20529x491
rwth10101,,18947,M544x534S15709467x468S15701505x467S22a05522x494S22a13470x491S2fb04495x494S18501517x515S18509457x512
rwth10135,,18978,M559x547S1de51497x526S1de59451x525S22b00506x493S22b10457x490S1de20502x453S1de19455x453S22a04523x494S22b14442x492S1de11538x496
rwth10146,,18989,M518x542S14c20495x459S13f10482x527S24e00494x491
rwth10157,,19000,M533x524S2ff00482x483S1f510515x509S26500519x487S1f540516x456
rwth10169,,19012,M542x536S16f00512x466S16f08463x465S2fb04491x512S22a04521x495S22a14468x495S16f00518x516S16f08458x516
rwth10180,,19022,M530x571S1ce50502x487S1ce58471x489S22a00509x469S22a15482x525S1ce58487x541S1ce50508x429
rwth10221,,19059,M517x515S1df40499x485S22a00483x497
rwth10235,,19076,M525x539S10003475x518S2c300499x490S10002477x462
rwth10256,,19328,M575x530S1ea48425x475S1ea41504x475S2310e529x492S2311e443x492S1e741546x471S1e748462x472S22a06532x517S22a16444x517S2fb04483x511
rwth10282,,19381,M580x521S14c27554x486S15d19466x487S22a02530x502S22a12446x499S15d40507x485S15d48420x480S2fb04484x515
rwth10327,,19584,M553x515S20301508x485S20309461x494S26500539x487S26510447x490S2fb04487x502
rwth10329,,19586,M559x544S15d53536x456S22a04538x488S15d00539x514S22a12466x526S20309487x523S15d08441x515
rwth10353,,19613,M546x553S10033516x451S2e800529x486S10001524x523S10019454x448S2c615461x492S1000a458x534
rwth10414,,19698,M558x516S1e221442x487S28a0a484x487S1e227536x484
rwth10419,,19703,M560x521S15d40541x487S23102520x491S15d02489x497S14c0a441x498S26511441x480
rwth10451,,19732,M548x517S10011453x487S22a06493x498S10020533x484
rwth10465,,19746,M535x543S14c20512x458S14c59465x470S2e300508x502S2e318466x501S20500489x496S20500500x496S2fb04489x537
rwth10470,,19751,M553x518S2ff00482x483S1f511518x492S22a00540x492S21100506x496
rwth10509,,19788,M580x559S20310565x454S25000531x441S20301500x452S20338458x544S22b10458x510S20318456x487S26511439x482S20348420x470
rwth10512,,19799,M569x532S1ce0a485x510S24e10460x494S15d09432x493S1ce12482x471S24e08517x468S15a41546x472
rwth10523,,19809,M540x533S15d22460x468S28905482x495S15d22513x514S22a01526x497S15d21505x474
rwth10532,,19817,M538x532S22b00520x502S10021508x469S24e01486x470S20302462x472
rwth10537,,19822,M541x532S14c20516x468S2e300518x505S14c29460x484S2e318481x504S2fb04501x499
rwth10540,,19825,M554x548S2ff00482x483S20301533x485S26603515x504S14c01488x521
rwth10561,,19847,M562x541S14c59439x515S22a17462x503S14c29474x473S14c22491x501S2ed08508x480S14c21523x462S22a07549x459
rwth10564,,19850,M560x514S20301515x487S20309460x488S22a04547x490S22a14440x487S2fb04492x508
rwth10569,,19855,M544x536S15a10532x465S18222497x512S28a09497x476S15a19457x512S22a16479x523
rwth10589,,19877,M545x558S11510530x442S11540504x528S22c03507x485S11518456x444S22c15461x484S11548480x527S2fb04493x489
rwth10624,,19906,M542x547S14c50518x454S2e700527x492S15d1b461x524S23108462x498S14c59459x456
rwth10661,,19942,M529x537S20302489x522S22a07495x501S22100472x530S15601507x463S22513499x478
rwth10673,,19956,M609x536S11511524x464S2310a536x496S25038555x465S11507582x471S11510556x506S10e18440x473S2e11f459x473S10e38492x477S25010411x471S10e38391x475
rwth10674,,19957,M548x527S10010533x473S23f0a511x506S10018452x475S23f12464x506S2fb04494x502
rwth10683,,19964,M565x536S2ff00482x483S10a01508x502S26a00538x508S20600540x525
rwth10723,,20003,M522x515S10011478x485S26500508x495
rwth10725,,20005,M521x527S15d28479x482S10051491x490S20500492x473S22a02492x514
rwth10739,,20019,M592x517S22a06545x504S15d0a465x492S15d00573x490S15d00523x488S28410436x484S15d38409x487
rwth10764,,20042,M531x531S15d09469x493S26515469x518S15d11481x498S26501503x484S21100518x469
rwth10768,,20046,M551x541S14c20502x460S26500537x475S14c09449x463S22a14454x495S14c49454x514
rwth10772,,20050,M519x540S1ce48482x471S22b14487x510S1ce21493x460S20500509x491
rwth10787,,20062,M550x545S14c10527x455S22a04532x494S1f117527x515S14c28450x459S22a15467x497S14c19472x513
rwth10788,,20063,M541x531S1f417520x469S1f448460x469S26504462x493S1f418459x516
rwth10798,,20073,M546x559S2ff00482x483S15d20525x485S22a04531x521S18250524x544
rwth10870,,20142,M544x550S10010525x451S22a04528x492S10011523x516S22a14466x503S10059456x529S10018463x465S2fb04495x505
rwth10881,,20178,M533x537S15a59492x510S15a02488x525S24104468x463S15a41510x503S20500496x499
rwth10888,,20182,M545x546S1ef17517x454S22a04526x492S1ef17519x516S1ef1f455x456S22a14463x495S1f01f457x516S2fb04495x503
rwth10940,,20275,M562x533S2e616439x469S14c21466x470S14c20539x467S14c28441x502S2960a496x477
rwth10959,,20294,M579x530S2a114450x490S15a38484x499S15d02526x506S15a3f422x507S2e402546x484S14c32517x470
rwth10964,,20299,M586x522S15a41507x486S23606541x478S15a40574x482S15a4f414x490S23616442x483S15a48471x487S2fb04493x516
rwth10971,,20308,M524x526S22a11511x512S14401476x474
rwth10972,,20309,M561x540S22b03514x494S10011540x460S20500477x506S10019439x480S22a15456x507S18519466x519S10c02486x522
rwth10980,,20317,M558x554S2ff00482x483S26504493x496S18010481x521S22a06515x521S21100515x540S18001533x515
rwth10986,,20321,M568x523S14c01516x480S26500554x485S14c09463x477S26510432x486S2fb04487x517
rwth11002,,20337,M561x521S14c01509x485S26500547x491S14c09467x479S26510439x493S2fb04487x515
rwth11007,,20343,M536x522S15d49488x479S22a16465x493S18501498x486S26501523x508S20500490x511
rwth11010,,20346,M541x556S14c50515x525S22b00521x485S14c20518x444S14c28460x444S22b14464x489S14c58461x525S2fb04492x514
rwth11012,,20347,M521x515S10011480x485S26500507x494
rwth11017,,20352,M531x522S15d09492x478S22a14488x502S15d0a504x503S15d11501x488S21100470x501
rwth11018,,20353,M556x542S20310541x458S22a03525x478S20311497x494S20348444x458S22a15460x479S20319476x494S20500495x515S2fb04491x536
rwth11065,,20525,M541x545S16d10460x458S2880a488x460S15d10522x455S16d48483x479S26514485x507S15d0a477x526
rwth11080,,20550,M524x534S30004482x483S1f510494x458S26604494x475S1f510493x519S20500514x522
rwth200004,,18604,M548x592S36d00479x527S1ce0a454x535S1ce02518x535S22b24492x542S2fb04493x583S20500523x581S20500465x581S20500523x563S20500465x561S2ff00483x483
rwth200017,,18634,M533x529S20314470x471S1fa10511x471S23602516x490S2311a467x494S2fb04491x501
rwth200029,,18655,M554x518S2ff00482x483S1f510516x500S21100536x502S22e00537x480S1f540517x457
rwth200035,,18661,M512x534S11e20489x504S22b00490x466
rwth200036,,18662,M548x515S10010453x485S27100482x497S26c00521x498
rwth200066,,18727,M537x538S2ff00482x483S15001509x509S15009468x511
rwth200085,,18784,M533x548S20317508x453S20318469x456S22b04513x484S22b14469x483S2fb04493x493S20317512x527S20318467x529
rwth200148,,19118,M569x551S16958483x533S14e51490x511S22a00498x494S22a10478x499S2e308514x489S14e21486x458S16928479x480S22a06525x469S22a12453x470S14c10546x451S14c18431x450
rwth200161,,19130,M558x513S20301518x489S20309464x488S26500544x495S26510443x490S2fb04493x507
rwth200162,,19131,M543x554S10017513x458S10019457x447S24904503x488S24914459x482S2fb04486x477S10040517x519S10049460x524
rwth200178,,19145,M548x540S10010478x510S22b07497x496S10017518x473S22b02480x475S10010453x461S22a06470x490
rwth200221,,19186,M553x544S14451510x456S14459467x460S23600514x493S23610448x493S14421520x515S14429454x516S2fb04492x504
rwth200223,,19188,M539x535S1f840521x475S1fa49461x466S22b04519x505S22b14467x503S2fb04493x500
rwth200242,,19207,M580x559S14c11517x443S14c17457x442S26504524x472S26514468x473S14c01519x494S14c09455x496S26a00553x506S26a10421x504S22b04532x525S22b14458x529S2fb04495x528
rwth200254,,19217,M546x511S10b11454x490S22a06497x496S10b11516x490
rwth200257,,19220,M516x551S1f150487x536S2dc0e498x477S1f150485x450
rwth200270,,19232,M529x543S22a00508x496S20500491x515S10011508x460S10051499x518S10058478x513S22a10476x496S10028472x458S2fb04490x495
rwth200296,,19258,M553x564S2ff00482x483S10c20536x491S22b03509x506S10c20498x531S16018475x537
rwth200305,,19267,M601x581S14451425x522S15259399x545S22127416x536S22121420x513S22a26452x552S15259465x555S14451479x520S22121469x513S22127481x547S22a27508x554S15259524x525S14451544x492S22107544x518S15219551x450S22101538x486S22a20571x475S14420579x419
rwth200320,,19281,M523x549S17640478x533S22b00480x489S14710481x458S23406509x452
rwth200345,,19301,M558x572S10e52516x486S2c500518x451S10e42515x428S22a10444x527S1150a444x506S22a14460x525S1150b442x547
rwth200367,,19403,M538x538S2ff00482x483S11510492x508S20500491x496S26500509x516S26504524x514S20500501x496
rwth200383,,19417,M534x544S20320517x461S20359470x457S22b04518x487S22a14474x496S20359467x522S20350518x529
rwth200384,,19418,M511x526S20341490x475S22a04498x511
rwth200394,,19428,M576x518S20340561x497S15d09424x491S22a16447x505S24e00533x483S20311504x496S20318469x501
rwth200448,,19476,M552x529S14c51513x472S18218467x483S23604513x512S23614448x512S2fb04491x502
rwth200453,,19481,M544x545S20301520x459S20309457x455S22b04521x486S22b14462x487S20301523x524S2030a460x530S2fb04489x500
rwth200476,,19501,M558x523S15a18468x479S15d10539x478S2880e519x511S2881e448x510S15a18442x479S15d01504x483S2fb04489x503
rwth200504,,19525,M548x526S15a11452x476S22b06484x479S15a17525x475S23102509x500S15a10488x498S15a10533x499
rwth200506,,19527,M544x543S14c11509x470S14c19457x497S22f04519x503S22f14461x529S2fb04496x511S22511499x457S22517474x484
rwth200531,,20590,M537x550S22c00514x481S20301516x452S22c10470x482S20309463x450S2fb04491x544
rwth200536,,20595,M563x527S1ce40506x474S22b06533x491S22a02545x509S1ce48477x483S22b12437x489S22a16439x505S2fb04497x521
rwth200574,,20668,M522x616S2ff00484x483S36d00479x529S14c02481x546S22a04493x573S14c02482x593S21100509x573
rwth200602,,20694,M529x536S15d0a471x495S20301508x465S22a03499x483S20331479x494S20500503x503S22a24480x521
rwth200603,,20695,M520x536S15d3a480x503S15d41497x465S22a04495x486S15d41491x505S20500490x525
rwth200606,,20698,M576x544S14c11517x456S22a04506x492S14c11528x517S22a00520x491S22a04535x493S22a00549x490S22a04563x494S14c29455x458S22a14425x493S14c29445x517S22a10439x490S22a14453x494S22a10466x491S22a14480x494S2fb04493x525
rwth200629,,20721,M562x547S1ce10496x493S28809511x469S1ce10540x456S1ce18471x492S28811468x469S1ce18439x454S2fb04486x541
rwth200642,,20733,M548x545S1f550509x499S28808507x469S1f501526x456S28810479x484S1f51a475x511S1f509453x457S2fb04500x539
rwth200666,,20757,M527x540S30004482x483S18111503x516S2881e489x528S15a11473x503S21100494x500
rwth200680,,20769,M535x529S30006482x483S10c01513x502S26500521x486S10000519x447S21100503x493
rwth200690,,20817,M540x569S10019451x508S10010525x490S22a15472x534S2ff00482x483S10010522x437S26500524x477S10059488x548
rwth200695,,20822,M550x538S15d39486x487S14c51478x512S14c11450x467S28b06480x487S14c21523x462S21100508x506
rwth200729,,20851,M549x551S18040518x530S2d200520x493S14c10520x450S1dc09452x521S2d211455x491S14c18458x452S2fb04491x511
rwth200730,,20852,M568x547S22b13466x495S22a02526x478S14c40544x462S21100496x453S17d31496x472S14c48433x460S22a16457x482S15739475x474S18538456x528S22b05516x496S18531537x520S2fb04500x541
rwth200733,,20855,M580x566S14c10513x435S26500511x509S14c00557x488S24e3b537x463S26603535x512S14c11508x529S14c40506x470S26511433x523S14c48421x483S26515446x511S14c19431x539S10019458x517
rwth200741,,20863,M573x599S2ff00482x483S14c11520x490S22b04517x524S14c12506x559S22b00533x524S22b04549x526S14c51546x559S14c19450x490S22b14446x524S14c1a437x561S22b10462x522S22b14479x527S14c59471x559S2fb04493x593
rwth200759,,20877,M546x525S14c28455x475S22a16482x495S14c50503x479S22a06531x493S2fb04496x519
rwth200763,,20882,M544x545S14c20476x456S2e400480x493S14c51456x519S14c57518x497S14c20503x455
rwth200774,,20928,M573x588S2ff00482x483S14c10549x513S20310526x497S22a02542x497S20302493x540S22b07524x532S15a10561x483S22b03511x514S14c59462x525S26514470x553S2030a470x573S22c11432x551S14c18416x515
rwth200776,,20930,M553x539S15a00541x511S22b02500x522S15a01472x516S2ff00482x483
rwth200780,,20934,M545x543S10c50527x458S22a04531x492S10c50528x513S10c29455x481S22a15476x509S10c59488x522
rwth200788,,20941,M540x590S2ff00482x483S10010523x499S22a04525x542S10010525x560S10018463x505S22a14463x544S10019462x559S2fb04499x558
rwth200797,,20946,M574x557S14c20512x446S22a04561x466S22a04516x491S14c50522x514S20320538x465S22a00540x490S14c28426x444S22a14433x487S14c58438x511S22a10455x489S20328459x460S22a14481x466S2fb04489x551
rwth200817,,20967,M591x587S15d10537x521S15d10572x499S2e706544x508S15d11545x483S2ff00482x483S15d1a495x565S26511462x574S26515474x569
rwth200828,,20978,M571x535S30004482x483S14e01489x508S22a06525x520S14e00546x501
rwth200856,,21007,M532x531S15a11468x508S26507494x498S10e10517x469
rwth200857,,21008,M519x543S30004482x483S10e10492x439S26604493x477S11510491x513S20500509x517
rwth200920,,21182,M541x535S20320526x465S22a04528x490S20350526x519S20328460x465S22a14463x490S20358462x520S2fb04494x500
rwth200933,,21193,M518x577S10c12482x556S2d201487x523S2ff00482x483S10020494x474
rwth200947,,21205,M518x540S2ff00482x483S14c11468x513S22a07496x526S21100491x508
rwth200953,,21210,M529x530S10011472x500S26507492x498S10011508x471
rwth200979,,21237,M527x545S14c21473x519S28808486x494S14c10488x455S26504513x471
rwth200989,,21244,M546x545S2ff00482x483S14c11484x518S21100500x505S22a07514x512S20310531x492
rwth201022,,21275,M596x539S10e51497x475S2df14426x474S2df04538x476S10e37566x470S2df0c546x503S10e40520x501S10e48405x462S10e59452x472S2df1c432x506S10e18410x502S2fb04471x533
rwth201025,,21278,M542x543S20300526x457S22a04526x481S20301521x505S20308462x459S22b14460x485S20309458x522S2fb04490x500
rwth201035,,21287,M529x549S15d28472x495S23907505x489S15a41506x526S15a10515x452
rwth201093,,21343,M547x549S19a01519x451S19a39453x519S22b04530x485S19a09460x454S24b1c458x488S19a31516x526
rwth201104,,21354,M590x525S1ce40504x475S22b06528x492S1ce40568x481S1ce48476x477S22b12437x492S1ce48410x478S2fb04491x519
rwth201120,,21370,M549x553S14451452x448S22b04467x479S15a04468x516S28907484x495S15a57518x493S2890d487x517S28907507x526S22a04536x530
rwth201128,,21378,M520x515S15811490x496S22611481x485
rwth201129,,21379,M514x543S14c11488x457S22a04500x493S14c11487x516
rwth201153,,21401,M536x528S2ff00482x483S10c01515x501S26501515x477S10001492x445S21100502x495
rwth201216,,21466,M545x580S11519459x553S26510461x536S11519456x503S11520530x482S26500530x458S11520530x420
rwth201218,,21468,M553x535S10011495x465S26503480x494S10012448x514S2d504492x521S10017523x514
rwth201226,,21476,M540x575S1ce18477x489S22b04523x465S22b15493x524S1ce11509x498S22b00506x464S1ce10514x426S1ce1a510x553S22b11482x536S1ce19460x519
rwth201238,,21488,M534x567S15d59466x544S18212475x512S22a00474x487S15a11471x460S26507498x454S15a51511x433
rwth201243,,21492,M550x554S14c11516x446S22b04526x487S17f51526x532S14c19451x451S22b14457x487S17f59453x532S2fb04493x519
rwth201268,,21515,M544x542S20310525x459S20319456x521S22a04526x492S20318463x458S22a14463x490S20311523x521S2fb04494x512
rwth201279,,21526,M511x554S11520496x447S22b04495x487S11920489x528
rwth201294,,21541,M567x532S20310552x469S20310520x517S22a15447x493S22a03540x495S20318433x472S20318469x516S2fb04495x511
rwth201392,,21635,M536x584S15a10523x478S22a00522x453S15a10524x417S15a19464x561S22a17492x544S15a19506x519
rwth201396,,21639,M550x543S15d18451x461S2891b477x481S20319490x522S15d10531x457S28903498x473S20310504x511S20500515x532
rwth201458,,21693,M533x541S20349469x520S22a10473x498S20349468x473S20321512x493S26501498x481S20321481x463S20500474x459
rwth201472,,21706,M564x564S10011506x437S22a15461x483S10019436x457S22a11450x493S10019465x500S26505530x468S10020549x481S22a04551x518S10050548x534
rwth201482,,21714,M531x534S15a21469x511S26507497x499S15a20519x466
rwth201483,,21715,M522x553S14c20492x448S22a04479x495S14c50486x522S22a00494x493S22a04509x495
rwth201528,,21753,M531x544S15d48470x504S10c50497x457S22b04501x487S18050498x529S22a04518x504
S,S PMS,6160,M536x544S26600520x491S19202505x523S36100482x482S1eb00500x519
Saarland,,499,M587x625S36100412x483S34c00442x482S34c00551x482S37906427x623S35d04472x482S1ec56479x575S27300475x522S37b0b478x547S37b03477x557S18210554x559S18218543x567S26600561x526S37906537x623S37906501x623S37906462x623S35c00521x482
sagt,sage,9730,M567x541S34c00482x482S10001535x511S26600551x488S36100452x482S35d04511x482
sagte,,3688,M567x539S34c00513x482S10001534x509S26600551x494S36e10451x518S15d00488x489S26504490x521
Salmonellen,,5252,M618x585S36100382x483S34c00411x483S35c00441x482S33b00469x481S34400498x482S34700553x482S35d00525x481S35c00582x483S17551486x568S17559458x568S14c57519x527S14c5f421x527S26511446x554S26507503x553
Salmonellen,,5251,M618x599S36100382x483S34c00411x483S35c00441x482S33b00469x481S34400498x482S34700553x482S35d00525x481S35c00582x483S20320494x534S15052469x567S22e04493x552S22522455x567S26602415x574
Salz,,1656,M563x574S36100437x482S34c00467x482S22943490x550S36100527x482S18551484x530S21100481x560S35c00497x482
San-Francisco,,43,M619x612S1a019472x549S1a011507x549S20500498x542S20500499x571S28a05533x581S28a1d442x582S36100380x483S34c00408x482S35d00434x482S36500463x481S35d04493x481S34c00524x482S35d00553x481S36100583x482
saß,saßen,24722,M548x583S36100454x483S2f900535x578S22a04534x558S36100511x482S11000533x524S34c00482x483
SAS1,,22307,M526x534S10058475x504S10020511x504S22b00507x469S22b10478x467
SAS11,,22317,M521x539S10040506x508S26600504x462S26610480x462S10048480x509
SAS24,,22357,M531x536S10058472x506S10020514x506S2e318469x466S2e300508x465
Satzbau,,17808,M615x607S1f70a539x587S2d200575x559S1f728541x538S35000523x483S34600579x482S2d211535x558S1f720574x538S34c00551x483S1f702581x587S36100385x482S35d00443x482S36100472x482S34c00414x482S1ce40447x533S1ce48424x533S26606471x548S26612391x549
Sätze,,17761,M575x569S36100426x483S1ce28493x525S35d00481x483S36100509x483S26612462x536S26606545x530S1ce20521x525S34a00452x482S34700539x482S26606545x548S26612461x553
Sauerstoff,,7529,M602x560S1850f538x532S21100555x539S35d00507x482S22916570x537S34500478x483S34400536x483S36500566x483S22912481x535S21100494x539S18507505x533S36100398x483S31500398x483S15001409x531S23607430x515
Saxophon,,9738,M619x613S36100382x482S34c00411x482S35d04442x482S36100472x482S16d18419x580S16d10437x593S16d40455x558S2c200427x551S16d22427x529S36500525x482S34400553x482S35d00583x482S15440567x570S15448555x526S22522551x565S22526573x525
Schaf,,18565,M547x608S14e02507x534S14e0a458x534S21100480x559S21100501x558S29604505x574S2961c470x572S34500454x483S34c00483x482S36500511x483
Scheidung,,822,M553x570S1f548482x540S1f540501x541S26612441x550S26606523x554S34500452x482S34c00481x482S34800511x482S2a208522x530S2a210450x527
Scherz,scherzen,16574,M562x593S26a00479x529S20e00488x549S36100526x482S10048485x563S10042483x566S34500438x483S35d04496x482S34700466x483
scheußlich,,8808,M587x591S34500436x482S34400466x482S34800497x482S36100527x482S14c20563x501S22a04568x538S14c50563x560S2f900569x553
schicken,,24216,M599x614S34500402x482S34800431x482S35d04462x483S1ea20467x593S1dc51416x542S26600468x557S1dc50460x523S1dc57506x532S26601438x569S26607490x565S26506499x597S35d04563x482S34500505x483S34800534x483
Schlag,,7635,M566x573S35c00482x482S34500452x482S34c00511x482S15a20554x502S2f700550x532S27502533x544S15a01508x550
schlagen_aus,ausschlagen,24258,M614x598S34500386x483S35c00415x483S34c00444x482S35d04474x482S34c00518x482S34600547x482S36100578x482S18517434x570S1851f413x571S14c17434x534S14c1f406x534S22a00443x561S22a10411x562S26626483x574S26626540x575S22a10478x554S22a10536x553S22a00496x554S22a00553x553
Schlaginstrument,,6287,M602x597S23118476x559S23100523x557S1fa40525x535S1fa48479x582S34500398x482S35c00427x482S34c00454x482S35d04482x482S34800510x482S35d00538x482S36100566x482
Schlagsahne,,8655,M592x628S35c00438x482S35d04496x482S34500408x482S34c00467x482S36100526x482S34c00556x482S18551510x567S2ea06467x606S2f700474x621S22b00517x528S14c51460x576
Schlamm,,11267,M597x563S34500438x482S34c00496x482S35c00467x482S33b00526x482S18520500x542S18528463x543S22114496x531S22114462x531S14c50536x531S14c58429x530S26606558x547S26612398x545S2f800559x523S2f800390x521
schlau,"schlaue, schlaues, schlauen, schlauer",13623,M581x517S30007527x482S11810566x488S20600556x472S34500437x482S35c00468x482S34c00497x482S34600527x482
Schleife,,18532,M589x576S34500411x483S34c00468x483S34800496x483S35c00440x483S36500525x482S34700553x482S11502488x546S1150a464x558S2f000523x553S2f012438x557S26506556x547S26512416x551
Schleimhaut,,18222,M619x579S34500382x482S35c00411x482S34c00440x482S34800470x482S33b00500x482S26606478x535S26612402x534S1851c512x530S18514375x532S20e00476x527S20e00422x526S15d4a435x531S15d42445x525S34c00556x483S34600583x483S1440a574x557S1d412562x527S20800581x547
schmusen,,13060,M557x584S33b00482x482S34500453x482S34c00511x482S36d00479x518S37702521x520S3770a466x519S14c01462x523S14c09512x533S21100528x555S21100486x547S23404455x563S23424520x570
Schmutz,,6984,M577x544S34500423x483S33b00454x482S34600484x482S35d00512x483S36100541x483S14c12420x515S22522406x512
schmutzig,"schmutzige, schmutziger, schmutziges, schmutzigen, schmutzigem",7179,M610x549S34500424x476S33b00453x477S34600482x476S35d00510x477S36110550x498S36a00540x478S10011561x519S21100576x509S2c300584x526
schmutzig 2,,18567,M576x564S34500424x476S33b00453x477S34600482x476S35d00511x477S36110550x498S36a00540x478S21100503x535S15a37472x530S15a51481x541
Schneemann,,1522,M626x612S34500415x483S30007549x482S22b14435x582S22b04481x579S14c50476x542S14c58432x544S22520473x526S22520429x526S34700477x482S34c00549x482S33b00521x482S18510584x487S22104585x475S26506611x486S35d00446x483
Schneewittchen,,4689,M599x584S36b00431x481S36b00533x482S34500431x481S36500533x482S31400431x481S31400533x482S14e01571x499S14e09503x500S14c50472x492S14c58401x493S22520470x478S22520396x478S22a04478x530S22a14406x532S29604569x524S2961c516x527S37706403x582S37706439x582S37706476x582S37706512x582S37706547x582
Schnittwunde,,12221,M622x531S34500394x482S34800453x482S34600540x483S35d00424x482S35d00569x482S36500512x483S35d00483x482S10011592x491S21100602x477S22a05609x517
schnurren,,16486,M561x548S35d04525x473S35d00469x474S34600497x474S34500439x474S36a20506x508S15001516x521S21100506x510
Schön,,14107,M553x577S34500447x482S34400482x482S35d00516x482S14c20468x527S17610502x541S11950531x532S23100502x560
SCHP,SCHP PMS,6416,M552x555S34500467x483S15000507x524S26500526x513S35000497x482S1f540536x471S22e04535x499
Schraube,,15132,M591x568S35d04439x482S34500409x482S34600497x482S34c00470x483S35000526x482S34700555x482S1f210483x546S22114463x529S22114492x529S26502459x554S20e00470x536
schreiben,schreib,1622,M553x573S15d39490x546S20e00517x537S18520499x558S26507529x519S34500482x482S26507540x530
schreien,"schreie, schreist, schreit, schrie",1761,M558x535S1e127518x502S34500482x482S1e12f459x503S25707525x468S25711449x469S31a00482x482
Schrift,,3007,M546x573S15d39490x546S20e00517x537S18520499x558S26507533x523S34500482x482
Schuldirektor,,6663,M599x560S34500413x482S34600442x482S35c00470x482S35d00522x482S34800551x482S1ce20431x528S1f540571x536S22a00586x518S2f900587x509S2930a457x534
schulisch,"schulische, schulischen",17047,M579x582S15d39497x555S20e00524x546S18520506x567S26507536x528S34500422x484S26507547x539S34600454x483S35c00483x483S34800512x482S34500543x483
Schulter,,22767,M592x555S36e00546x522S34500408x484S34600437x483S18007542x530S20600519x521S35c00466x483S35d00495x482S35d04551x483S34700523x483
Schulungsmaterial,,17863,M622x575S35c00433x482S34500378x482S34600406x482S15d0a397x534S18520407x546S26a06448x541S20e00433x544S34600461x483S33b00502x482S34c00530x482S34700586x483S35d00558x483S18501569x556S18509530x554S26b00570x534S26b10526x533
Schwan,,16021,M594x579S36500468x482S35d00527x482S34c00498x482S34500438x482S36d00478x523S37802519x526S3780b534x528S3780a462x524S37803434x527S14c05559x527S14c0d413x526S26c0a513x549S26c12471x552S2310c568x515S23110404x512
Schwein,,8106,M568x546S34500439x479S34c00498x478S36500469x478S36a10535x509S10001547x516S20500556x511S34800525x477
Schwein,,6218,M533x540S34500467x483S15000474x509S26500500x518S36500497x482
schwerhörig_leichtgradig,schwerhörig,13161,M616x582S35c00565x482S35d04484x482S33030516x492S17510521x502S21d00526x489S15d31589x558S15d39551x559S2e50e589x529S2e516552x528S34500399x483S36500427x482S34700457x482
Schwiegereltern,,4379,M617x581S34500399x482S35d04482x481S26a05455x560S34800454x482S36500427x481S15d0a432x531S15d41446x529S20e00448x553S34700535x482S35c00565x483S19a08543x532S19a00564x532S2df00596x518S2df18524x520
schwul,Schwuler,8157,M615x536S34500438x481S34600496x483S36500467x482S35c00525x483S17c0e532x517S1850e600x512S26506581x518S21000558x518
schwungvoll,,7842,M619x560S36500409x483S34500381x482S34600437x483S36d00409x522S14c27480x494S14c31404x533S28b0d452x524S2f900435x549S36500527x483S34400555x483S35c00583x483S15a51533x537S2d608560x535S2f900593x544
Screening,,23892,M608x571S36100393x483S35d04422x483S35d00483x483S34800453x483S34800514x483S35d00543x483S35d04572x483S14c48439x535S14c02456x548S26626493x547
See,,1664,M562x556S15a50487x529S15a50500x529S2940a518x538S29412437x538S34700496x482S36100468x482
Sehtest-links,,2442,M528x517S31610482x482S15d02501x484S32400482x482S20500514x469S10008484x429S26614468x458S26610456x457S26614444x458
seit_wann,,8892,M637x591S36100387x483S34800446x482S34c00416x482S35d00474x482S10010504x534S10030458x546S2a20c486x563S2f900480x563S36500519x483S35d00576x483S34c00547x482S18010607x503S20500617x489S30c30526x489S30c30481x488S30c30554x488S30c30584x488
Seite,,20168,M564x596S1f12e446x557S26500550x510S31400467x483S2f900448x591S1f120450x535S2f900531x540S26706486x534S14720549x531S31400497x482S35010480x506S34710508x506
Seitenansicht,,10350,M614x572S36100390x483S34800447x483S34c00419x482S35d00476x483S15d11445x525S15d19421x525S22b05467x547S22b13397x548S35d00544x483S36100573x483S34c00516x483S15d19518x542S10e12584x543S26502566x545S2f900552x549S2f900521x567
Seitenlänge,,20162,M606x608S36100394x484S35d00484x483S34800454x483S34c00423x483S34700514x483S10051525x574S10059495x578S22b00524x538S2f900496x603S35d00543x482S35c00570x482
Sekretaerin,,3331,
selbst,,4140,M592x553S36100437x482S34700467x482S35c00495x482S35000526x482S10000560x523S26a00565x504S31500526x482S31500495x482S31500467x482S31500437x482
selbst-ich,,3202,
selbstbewusst,Selbstbewusstsein,6350,M651x559S34700435x482S36100405x482S35c00465x482S36d00438x522S10011430x529S20500443x529S35000503x483S34700531x482S36500559x482S10021592x492S20500596x477S26506622x489S2f900640x495
Senada,,2954,M546x557S31e00482x482S34000482x482S14450516x465S23200520x496S37906485x555
Sicherheitsgurt,,11699,M614x589S22b05557x554S36d00530x522S1ed06511x531S20500531x528S20500582x577S36d00532x585S20500518x525S34600518x482S2f900507x562S35d04489x482S35d04548x482S1ed0d535x533S35d00578x483S36100386x481S34800415x481S35800443x482S20301443x529S20305405x530S37703457x544S3770b388x544S22f04441x561S22f14401x562
sie,Sie,11242,M568x557S2d608539x513S34800497x482S10057512x527S32407497x482S32407467x483S36110478x503
siegen,"Sieg, Sieger",7568,M579x561S22b00562x516S34800483x482S20320564x493S14c51535x535S36100452x482S35d04512x482
Sieger,,22519,M551x553S2f900535x500S30a00482x483S14c02488x530S22b07515x507S20310536x479S34010493x506
sieht,siehe,10545,M559x527S31400483x482S36100452x482S10e00542x497S26500545x476S31430521x492S34810490x503S31430458x493S35d00513x483
Singapur,,8597,M578x611S37a06452x609S15d5a471x576S20500474x564S34c00542x483S2ef04486x553S20351468x540S36100421x481S34800451x481S35d00481x481S35d04512x482
Sinn,sinnig,6327,M600x518S36100451x482S34800482x482S35d00513x483S10021547x492S20500545x478S22a07577x479S2f900589x471
sitzen,,13537,M593x580S36100407x482S11808457x532S34800437x483S11800517x531S22a04519x563S22a14458x565S35d00468x483S36100498x482S34700528x482S35d00557x482
sitzen,,24031,M544x578S22a14456x554S2f900456x571S2f900526x573S33f00482x483S11020525x523S11028457x523S22a04527x555
Sitzreihe,,2325,
Skepsis,,2503,M564x628S2a200500x597S2a210458x600S14c50503x534S14c58459x535S2a400500x569S2a410458x569S35000528x483S34700500x483S36100437x482S35d04469x483
skeptisch,,17119,M604x618S2a200502x590S2a210463x590S14c50503x528S14c58463x528S2a400502x564S2a410463x565S34500568x483S34700452x483S35000482x483S34500396x483S35d04425x483S35d00510x483S34800539x483
sleepy,,2292,M535x528S31900482x482S14c00491x497S26500521x496S18500507x473
SMS,,16140,M547x560S36100453x482S33b00482x482S36100511x482S18d50491x535S20320463x545S20320528x545
so,,4857,M532x579S36100468x482S34400496x483S15d31505x530S15d39469x531S22a04514x564S22a14476x564
so_so,,1796,M528x597S2a508504x564S14c50504x528S30f00482x482S33b00482x482
social,,16746,M564x594S1f521492x526S2ea45499x572S2ea01510x550S1f52f475x553S36100437x483S34400466x483S34500497x483S35c00528x483
Softwareprogrammierung,,21074,M518x607S14c50486x553S14c58442x552S22520438x536S22520481x536S22f04488x590S22f14440x593S2ff00482x483S32113490x491S35010494x505
Solidität,,17134,M561x602S2f900477x528S2f900517x527S26510476x536S20300476x555S20300515x555S37801483x570S37809515x569S26500517x535S34400467x483S34800525x482S35c00496x482S36100440x482
sollen_nicht,soll_nicht,20902,M618x619S2f900574x601S10002516x577S35800558x487S10047588x598S36100407x489S30126435x476S2a10a549x569S10010570x532S35d00501x488S34800530x487S34410448x509S35c00463x489
Sommersemester,,19350,M621x557S26506483x490S33b00437x483S14c01455x482S34400409x483S20301500x485S36100380x483S36100527x483S34700557x483S33b00585x483S20320592x542S2e500566x524
Sonderangebot,,351,
Sonnenblende,,10123,M621x532S36100401x483S34400431x483S35d00460x484S15d12489x484S35000532x482S35c00562x481S15d22594x486S2c304497x508
Sonnenenergie,,24477,M615x566S34400412x482S36100386x482S20311500x448S14c11464x466S22a03492x463S35d00442x482S35d04579x484S35d00522x484S34700494x484S34700551x484S15d48549x539S10e02569x549S20600568x528
Sonntag,,4466,M578x563S36100423x483S34400453x483S35d00483x483S34c00513x482S35d04542x483S15d10503x536S15d18483x536
Spachtelmasse,,14870,M623x595S34500376x482S35000406x482S34c00531x482S35800463x482S34700587x482S33b00503x482S34c00435x482S36100558x482S15d48426x543S18541446x541S20e00452x563S26a04447x581S16d40558x545S16d48537x545S22a04563x574S22a14537x573
Spachteltechniken,,14871,M612x591S34500388x481S35000418x481S35d00517x482S35800475x481S34700547x482S35800576x483S34c00447x481S20320490x530S20311438x537S28803457x529S28803467x540S36d00433x519S15d48536x532S10e52557x537S15d18536x564S10e02556x574
Spalten,,4274,M576x609S34500424x483S35000452x482S34c00481x482S35c00511x483S35d00540x482S1ed26494x528S22c04492x567S22c04518x567S22c04542x567S26606518x554
Sparbuch,,9874,M597x602S34500413x481S35000442x483S34c00471x481S35d04501x482S15d39452x536S18040465x541S26a04466x575S20e00476x560S35000550x483S15d40570x545S15d48549x545S2a208574x574S2a210536x573
Spargelcreme,,6923,M609x562S34500392x482S35000423x482S34c00452x483S1f020446x534S1f028411x534S26506483x534S26512389x536S35d04515x483S34700544x483S33b00573x483S15d39539x539S15d51554x537S21100566x523
Spaten,,17883,M599x606S34c00462x483S34500401x482S35000433x483S1ea0d461x537S1ea37428x555S22a03460x554S22a13414x581S35d00504x483S35d00563x483S34700533x483S1ea10544x567S2f900454x571S2f900408x599S1ea18534x536S22b07518x582S22b17501x557
Speck,,12794,M564x550S34500437x482S1ef20498x535S1ef28466x535S26506533x535S26512445x535S35000468x482S34700498x482S35d04528x482
speichern,speichern_unter,17860,M592x587S20700460x529S17d18430x543S26a00451x573S18020449x550S34500425x483S35000455x483S36500509x482S34400539x482S26512492x551S26506577x548S14c37546x537S14c3f510x538S30c30516x488S30c30546x488
Spekulation,,639,M577x625S2a200490x594S2a210448x597S14c50493x531S14c58449x532S2a400490x566S2a410448x566S34500424x481S34700483x483S35000453x483S34600541x484S35d04512x483
Spielplatz,,22765,M605x574S34500395x483S34800454x482S35c00484x482S14c02457x546S14c0a420x545S23700489x542S23710374x538S35000424x482S35c00569x482S35000540x482S15d51545x551S2d708561x538
Spinne,Spinnen,744,M568x589S34500467x482S35000497x483S15030540x521S22b04543x559S22520536x504
Spirituosen,,6906,M570x546S36100454x482S35000480x482S34800509x482S1f040541x523S2c305515x522
Sportart,,17512,M600x600S1f540456x534S1f548435x534S21100446x564S26d00464x562S26d10414x562S34500401x483S35000429x483S34400457x483S34c00506x483S35d04535x483S35d00564x483S15d40560x537S15d48528x537S22b04558x570S22b14532x570
Sprachbehinderungen,"sprachbehindert, Sprachbehinderung",17036,M608x587S2f000470x538S10002443x522S20500538x568S34500392x482S35000421x482S20500528x576S35000482x482S34700513x482S34800543x483S35d00572x484S15d49561x526S37a0b519x540S15a41550x545S26503547x574S20500545x559
Sri Lanka,Sri_Lanka,17673,M595x606S35d04434x482S36100405x482S35c00499x483S35d00559x483S34800463x482S34c00529x483S15a20480x538S10003493x526S2e300496x545S37a06422x604S37a06477x604S37a06535x604
Stadtpark,,22826,M605x583S34500395x483S22a04451x547S20500428x554S15a37427x560S15052426x526S35d00425x483S34c00455x483S35000509x483S34c00539x483S35d04569x483S15d51559x539S2e902531x567
Stammbaum,,9193,M613x590S35000552x482S37800601x549S14c10590x519S2e100590x486S20500590x566S15d1a571x571S34500412x482S34c00470x482S33b00499x482S35d00441x482S20300484x535S37706498x543S22a04484x555S2f900484x572
starten,,11376,M620x597S34500387x483S35d00417x483S34c00447x483S10a20445x545S26500454x529S2f900455x520S35d00519x482S35d00576x482S34700546x482S14c20597x559S14c28498x555S14c01563x526S14c09526x529S2ef00574x576S2ef10524x577S22a00574x558S22a10520x561
staubsaugen,,2581,
Staubsauger,Staubsaugen,17470,M617x605S34500383x483S34600468x483S35000495x483S34c00440x483S35d00412x483S36100524x482S34c00553x483S34600581x483S26a27522x538S1ea39493x549S1ea37484x577
Stecken,,23685,M562x588S2f900544x583S35d00469x483S35d04525x483S22f04537x564S34700497x483S36d00469x528S37b00530x553S37902509x529S20340525x540S34500439x482
Stecker,,17502,M589x574S34500412x483S34700471x483S15d48461x547S35d00441x483S20600484x538S10e02485x553S35d04498x483S34700525x483S35d04553x483
Stefan,,24300,M517x581S20320498x420S1f210484x445S14a20498x474S1ce20495x496S1f720493x533S11920493x555
stehen,,16370,M538x568S34500482x483S10e04523x520S15d0a482x548S22a04523x553
stehen,,18041,M547x543S2ff00481x482S36d00479x529S16d40529x492S37800540x511S37704518x530S2f900532x483
steil,,2147,M560x559S32100482x488S30100482x477S34500482x488S15d20532x532S37806528x542S25700535x487
Steilküste,,8065,M623x580S34500378x482S35d00407x482S35c00492x482S34800463x482S34c00436x481S15d02409x528S15d1a398x522S22b04418x550S35d04530x483S34600557x483S36100587x483S15d04569x535S15d0c546x535S27e07593x539S27e1f517x539
Stein,,8244,M575x578S34500424x482S34c00482x483S35d00455x482S34800510x482S35d00539x482S20340485x545S20348474x561S20b00502x565S24001457x530
Stelle,,23780,M576x587S2f900486x582S16d40540x551S28a02507x530S34500425x483S35d00452x482S34700482x482S35c00510x482S34700540x483S15d39488x557S20500496x545
stellt,,22421,M575x580S34700497x482S16d26555x563S35c00525x482S34500440x483S35d00467x482S2b800549x526
sterben,,7824,M575x585S15d30506x559S15d50471x558S2a200487x533S34500425x481S34700484x481S35000539x483S35d00455x482S35d04511x482
sterben,,13062,M533x586S34500467x482S35d00497x483S15a10495x514S15a16465x532S15a1a473x574S15a1e470x559S26902496x542S20500462x568
Steuererklärung,,5181,M622x602S15a30449x552S10002456x567S20e00434x563S2eb08464x529S34500378x482S34400437x481S34800465x481S35d00408x482S14c20585x528S14c28551x528S26a00585x567S26a10550x567S17621554x586S17621588x586S34700505x481S34a00586x483S35d04533x481S35c00559x482
stimmt,,17856,M562x585S34500438x489S33b00526x489S10e40519x531S35d00467x490S34800497x489S30154510x476S22e04517x567S30150480x476
stimmt,,13885,M562x624S34500438x488S33b00526x488S10e40518x594S35d00467x489S34800497x488S10e48474x594S22a04521x568S22a14477x568S10e10520x534S10e18475x531S2f900522x584S2f900476x583S30150480x475S30154510x475
Stockholm,,9345,M604x566S35d00424x483S35d04480x483S35c00539x482S34500396x483S34400453x483S34400510x483S33b00568x483S15012564x458S22a00581x438S37706433x564S37706463x564S37706495x564S37706527x564
Stoßverbinder,,14877,M618x579S34500381x483S34400440x483S35000582x482S35d00411x483S36100469x483S36500498x483S34700526x483S35d04554x482S15a1a454x545S17d10478x543S21300458x563S26602483x563
Strand,,8063,M636x580S21100443x553S34c00511x483S35d00455x483S18550482x540S21100478x557S34500425x482S18558427x540S14c50580x526S14c58549x527S26606606x541S26612521x543S35d00540x482S22922430x559S22902493x557S22906495x566S35d04483x483
Straßburg,,11927,M614x602S34500386x482S35d00414x482S35d04442x482S34c00469x483S36100498x482S34700524x482S15d40489x557S15d48421x554S26500488x531S26510428x531S35000551x483S34600578x482S16d10587x582S16d18553x581S22b00588x539S22b10552x539
Straßen,,12785,M592x602S34500407x482S35d00437x482S35d04466x481S34c00495x481S36100526x482S34700556x483S15d40493x575S15d48456x574S26500498x525S26511430x537S26501448x529S26517523x536S26510473x526S26507537x550S2d628474x546
streng,,6666,M550x534S34500452x482S35d00482x482S35d04511x482S1dc02499x510S26506535x519
strikt,,18181,M588x615S35d04469x482S22b04514x561S35d04525x482S10010513x528S34500413x482S2f900516x593S10040517x585S34800495x482S35d00440x483S35d00552x482
Studium,,13735,M631x594S1ea20607x495S34600541x482S34500394x482S34600452x482S35d00424x482S33b00569x483S35d00481x481S34800511x481S1ea40606x573S2500c609x525S2f900615x564S36d00556x524
stumm,"stumme, stummen",15928,M564x536S34500439x483S10010529x506S20500554x517S2f900553x531S34600496x483S33b00525x483S35d00467x482
stumpf,,9583,M603x574S2c300577x541S10022543x536S10018546x544S34500410x483S35d00440x483S34600469x483S33b00497x483S35000527x483S36500555x483
Subjekt,subjektiv,11098,M605x564S36100396x483S34600424x483S35000453x483S35700481x482S34700511x483S35d04541x483S35d00569x482S36d00480x527S10011480x534S20600497x539
sündigen,"sündige, sündigst, sündigt",24916,M578x567S1ea0f471x539S34600454x482S20600455x533S35d00485x482S36100423x482S36d00476x523S34800514x483S35d04542x484
supply,,5629,M552x531S1853f447x504S18537498x502S2b717467x474S2b707510x485S2fb00476x502S2b717483x469S2b707527x481
Susanne,,2892,M594x570S30006482x482S31400482x482S34d00482x482S1ce10519x481S2c400554x493S21100538x503S37a06490x568S37a06518x568
Süßkirsche,,1832,M578x576S36100449x482S34800508x483S20700560x493S10e14545x474S33000502x483S10010454x512S22a04460x561S21100461x544
Tabletten,,22076,M582x570S35c00528x483S1eb07547x520S26b04543x552S22200561x515S35d00437x483S34c00466x482S35000497x482S22200572x515
Tabu,,258,M572x592S10051490x563S10059469x563S26506529x573S26512441x571S10057551x560S1005f415x562S34600526x483S34c00469x482S35000498x483S35d00439x482
Tafel,,1086,M625x528S10021586x482S10029556x423S36d00479x524S24402592x448S34c00480x482S32107480x482S10029555x482S10021587x423S2441a544x448
Tag,,14670,M549x565S35d00451x482S34c00483x483S1ce40505x533S1ce48481x533S35d04513x483S26506528x549S26512464x551
Tag der Deutschen Einheit,,6048,M620x567S35d00379x481S34c00409x482S1ce40422x528S1ce48400x528S2890a442x543S28912376x545S35d04440x482S35d00482x483S34800555x482S34c00525x482S35d00584x481S10010494x462S1f502566x525S2ea06555x552
Tamara,,2007,M522x565S36100482x482S31400482x482S10001500x508S37a06474x563
Tamuna,,1849,M547x559S36b00482x482S31400482x482S33e00482x482S10001522x492S29604532x523S37906480x557
tanken,,12639,M562x572S35d00438x482S34c00468x482S35d00496x482S35d04526x482S12d03498x545S16d58478x552
Tarif,,15778,M573x579S15a18485x538S18000494x544S20602498x551S22a04508x564S34c00454x482S34800509x483S35d00427x482S35d04481x482S36500537x482S20500498x529
Tarik,,22177,M590x580S31400542x482S34800510x483S10a10551x512S2e100567x536S20500575x514S2f900574x527S37a06448x578S35d00422x483S35d04479x483S35d14555x502S34c00450x483S37a06501x578
Techno,,13442,M578x569S18210524x530S37901518x529S3770a528x544S26a00551x531S2f900556x522S35d00424x483S35d04480x482S35d00510x483S34700453x483S34400539x483S36d01477x527
Teddy,,131,M592x519S20600410x494S1ed11555x467S34700468x484S34800529x483S35d00436x482S1ed19418x467S35d00499x484S20600570x491
Teelöffel,,6782,M582x568S35d00417x482S35c00489x482S34700446x483S34400517x482S36500546x481S1ea01522x523S1ed26454x532S2f900456x563S2ea00547x534
Teilnehmer,,23767,M608x611S35d00392x484S35c00484x482S35d00513x481S34c00422x483S34800453x483S34700542x481S33b00572x481S16050474x540S26514431x573S16058431x540S26504474x572S18528424x596S18520471x594S1ed26552x539S22b04552x569
ten,,24872,M565x567S35d00453x482S35d00511x482S34700482x483S1ce20543x537S26500548x518S2f900551x508
teuer,teurem,4346,M565x570S35d00454x483S34400483x482S34800510x482S1ea0e522x526S23004540x552S30c30517x487S30c30489x487S30c30460x489
Textaufbau,,5424,M620x615S35d00380x483S35d00490x483S34700406x483S35d04436x482S36100462x483S15d0a413x548S14e20424x516S22b04439x551S14e50421x578S34c00528x483S34600558x483S36500584x483S1f702569x586S1f70a539x586S2d200591x578S2d211506x575S1f751568x554S1f759532x555S2d200586x538S1f720568x527S1f728536x527S2d211506x538S2f700602x608S2f700603x564S2f700508x604S2f700501x566S22a00514x522S22a00592x522
Thekla,Mädchenname,22188,M581x568S35d00423x483S35d04482x483S34700453x483S35c00511x483S34c00541x483S1f420552x537S22114546x526S37906436x566S37906485x566S37906533x566S31430550x496S31430518x495S31430489x495S31430460x495S31430430x495
Thringen,,834,M556x588S35c00466x483S34600497x482S26d00529x529S15d02497x534S37906511x586S37906479x586S37906466x586
TID_4,,18702,M511x528S14420489x497S26500493x473
Tiefenmeter,,14199,M602x593S33b00504x482S34700535x482S35d00566x483S10004437x541S22b04441x563S1ce40541x545S1ce48518x546S26606563x562S26612488x562S36500460x483S35d00398x483S34800429x483S15d58414x535S2f900414x566
Tima,,22172,M564x578S35d00437x483S10010441x511S26500461x518S31400437x483S37a06445x576S34800468x483S33b00498x483S34c00528x483S37a06499x576
Timas,,19365,M574x587S35d00452x483S10010457x515S26500487x506S36100513x482S37806451x585S11541529x536S26907555x539S31430459x494
Tischler,,3977,M591x590S34800439x482S34700526x482S26a00465x529S35c00497x482S35d00410x483S35d04555x482S20340465x547S20348454x575S26a10432x559S34500468x482
to,,9926,M541x592S10021500x545S10009478x545S20500494x531S2b800518x566S30a00482x482S34610493x501
Tokio,,1623,M570x600S34400497x482S37a06476x598S35c00467x482S37a06432x598S37a06522x598S1dc20509x536S1dc28462x535S22f07535x530S22f11440x529
toll,,3492,M568x554S34400481x482S2ea07547x515S35c00511x482S1f502529x530S35d00452x482
Tooltips,,20635,M637x571S35d00402x483S34600431x482S35c00461x482S35d00504x482S34800533x482S35000562x482S10a20479x527S2e301463x538S17603602x496S14c00600x540S26504584x519S27100597x518
Topf,,15593,M627x594S35d00436x482S34400465x482S35000496x482S36500527x482S15d30484x567S15d38463x568S15d40514x540S15d48433x539S28807508x571S2881f438x570S15d48553x539S20350612x527S28802584x519S2f900580x534
Torsten,Torsten11,23173,M565x547S31400483x483S37703529x520S2fb02479x480S2fb02485x474S2fb02496x470S2fb02502x471S2fb05501x474S37809551x510S2fb02490x472S2fb05507x475S2fb05511x479S22101484x495S22105509x490S36e42516x517S1811f478x500S36e42521x517S36e42471x516S36e42507x517S3770a483x523S37702471x520S33e10493x506S21b00488x526S20e00502x491S20e00488x491S22200496x490S15d20546x485
Torsten,,23481,M530x567S31400483x483S3770a515x522S2fb02479x480S2fb02485x474S2fb02496x470S2fb02502x471S2fb05501x474S37806481x565S2fb02490x472S2fb05507x475S2fb05511x479S22101484x495S22105509x490S18117501x501S1811f478x500S36e42521x517S36e42471x516S37702502x523S3770a483x523S37702471x520S22200496x490S21b00488x526S20e00502x491S20e00488x491S35d14496x504
Torsten4,,23166,M530x567S31400483x483S3770a515x522S2fb02479x480S2fb02485x474S2fb02496x470S2fb02502x471S2fb05501x474S37806481x565S2fb02490x472S2fb05507x475S2fb05511x479S22101484x495S22105509x490S18110507x495S1811f478x500S36e42521x517S36e42471x516S37701509x524S3770a483x523S37702471x520S33e10493x506S21b00488x526S20e00502x491S20e00488x491S22200496x490S36e42516x517
töten,ermorden,15765,M547x585S35d00452x481S30c30488x488S35d00511x483S34400481x482S30c30458x487S1ea3f495x557S26500494x538S2f900494x529S30c30519x489
Transplantationsmedizin,,5577,M609x578S35d00391x482S35d04421x482S34c00449x482S35d00477x482S36100504x481S36d00443x520S15403463x547S36d00443x574S20500483x559S22a07499x551S15420524x536S26500529x516S33b00572x483S15d5a579x556S1ce50587x524S20600564x543
Trauerfeier,,11251,M605x576S31b00436x488S34300436x488S30104436x477S21100436x559S36d00433x526S2e301451x553S1f701434x535S36500532x486S1dc20581x524S1dc28504x523S26a02563x532S26a16532x532
träumen,,5010,M545x517S35000482x482S14c11496x461S2ea06520x483S31600482x482
träumte,träume,12711,M554x524S34400482x489S31630490x499S30155499x477S15001516x479S2e502527x458
treiben,"schwimmen, gleiten",20374,M568x608S2f804486x597S26816460x561S23404515x571S23414456x573S26806518x560S14c50507x531S14c58457x530S34d00482x483S32115488x493
Trennung,,1096,M567x567S35d00437x483S35d04467x481S34700497x481S35d00528x482S18212502x544S1821a482x543S26606520x550S26612453x551S2f900556x557S2f900437x558
Tritt,,7657,M565x568S35d00453x482S35d04482x482S2f900552x563S15a50552x510S22a04552x544S34800511x483
Tropfen,,15042,M575x583S35d00425x482S35d04453x482S34400482x482S35000511x482S36500539x482S17644479x552S10a11492x534S23003513x558
Trost,,5948,M592x557S35d00424x483S35d04453x482S34400481x482S36100511x482S35d00540x482S15d10573x491S21100568x523S22a04569x542
trösten,,7658,M563x563S35d00453x482S35d04482x482S34400511x482S15a50512x534S15a40551x534S26a06530x536
Trotz,trotzig,8769,M600x518S35d00509x482S36100539x482S35d00424x483S35d04453x483S1f711567x474S20600578x498S34400481x483
Tür,,16368,M536x563S26b00509x521S34600482x483S15d02496x541S20600482x535S15d0a481x544
Turbulenz,,16942,M614x580S15052444x525S15039455x553S2eb0e484x529S2eb4a490x553S35d00387x482S35d04442x482S35d00578x483S34700551x483S35c00524x483S34600415x482S35000469x482S34600496x482S2fb06526x540
Türkische-Gebärdenschrift,,695,M612x613S30000406x483S1ed40421x461S20600395x470S34800476x483S14c40495x525S14c48474x540S2ea00506x575S2ea4c485x579S2fb04495x607S31400558x481S33e00558x481S15d39556x545S1eb20568x563S20e00583x550S26a07591x536
Turmfalke,,18541,M609x561S33100573x483S10a10585x501S22a10389x522S36500445x483S35c00501x483S35d04528x482S34c00475x483S1ce20535x528S35d00391x483S16d40414x541S16d48388x541S22a00421x521S22e04585x531
über den Mund fahren,dominierend sein,13891,M541x595S15a10477x549S15a18466x549S22a00476x532S21100477x581S15a18522x547S17110524x540S20500525x528S30103467x477S33b00496x488S34700467x488S30a00467x488S30a00496x488S30103496x477
überfiel,,10633,M602x593S2b700551x541S20358473x531S20350523x530S35d04483x482S2b711446x542S34600399x482S14c20523x562S35000427x482S14c28468x562S34700456x482S36500512x482S35c00566x482S34800540x482
übergeben,,1476,M543x544S2b800520x498S30104482x477S30c00482x488S14c32500x520S34600482x488
überhaupt,,17309,M618x582S34600382x483S35000554x483S34700440x483S34c00498x483S34600526x483S35000411x483S35d04470x483S35d00582x483S14c31511x554S14c39481x555S26607529x535S26611466x536
Übung,,1725,M562x582S2e511447x535S2f700522x537S2f700426x542S20330496x567S20330452x566S2e509489x533S34600437x482S35000466x482S35d00526x482S34600496x483
Ufo,,17303,M587x529S34600452x482S34400511x482S36500481x482S18210551x513S36d00507x525S26600561x475S2f700575x493
Uli,,4781,M553x562S31400482x482S34600482x482S1f540504x508S20e00519x502S1f520523x482S2c600534x505S37706480x560S37706514x560
um,,6543,M534x586S2df04493x565S1f709472x535S21100497x543S1f721472x548S2df10490x517S34600467x482S33b00498x482
um,übersetzen,17773,M592x579S10e58517x548S10e50543x549S30a00468x483S10e38472x546S10e30577x549S32407497x483S28a0a551x527S28a1a486x531S35a10479x505S35a10509x505
Umfrage,,7942,M598x534S30004482x482S20500496x518S1ce02506x512S1ce27571x504S2d608538x500
Umschlag,,17323,M590x574S33b00440x483S34600411x483S34500469x483S34c00527x483S35c00498x483S35d04554x483S15d59470x546S15d30529x547S15d51486x551S2a200504x533
umsichtig,,7298,M581x572S34600438x482S33b00467x482S34800525x482S36100496x482S11550549x542S28c00560x518
umsonst,,7901,M561x576S34600439x482S33b00466x482S34400525x482S36100496x482S15d09464x548S15d51477x553S20e00494x546S22a07507x535
und,,4239,M532x576S10048482x546S10042486x549S20500487x536S34600467x482S37b06479x549S37b08482x541S35d00496x482
understand,,555,M554x523S30120482x477S10000518x470S30007482x488S33e00482x488S21d00536x470
unfähig,Unfähigkeit,7719,M565x586S34600440x482S35d00468x482S36500496x482S34a00524x482S1ce20543x524S2a10a524x559
Unfallversicherung,,5190,M618x569S36500528x481S35d04582x481S26a00561x530S1ea40559x548S34700555x481S20350407x545S2030a445x545S35c00483x482S37706460x552S26502424x545S20b00418x529S34600381x483S34c00456x482S36500430x482S35d00405x483
UNICEF,,16358,M605x562S34600408x483S35d00438x483S34800468x483S36100498x483S36500557x483S34a00528x483S11520456x532S11920476x536S1ce20583x532S19220505x543S16d10537x542S14a20562x546
unmöglich,,7293,M560x590S34600439x482S33b00496x482S34400524x482S35d00468x482S20320526x535S20300483x560S20320539x575S2a10a501x554
unrichtig,,7707,M576x564S33200433x482S10022454x489S35d04500x482S34800530x482S10e40554x515S22f04551x550
unser,"unsere, unseren, unserem",24032,M563x586S34600442x482S35d00471x483S36100522x483S10002455x531S10044496x556S2d503473x552S15d02536x531S20500542x554
unten,,4056,M539x581S34600467x482S35d00497x482S10004514x531S23404502x567
unterwerfen,Unterwerfung,17333,M620x613S35d00409x482S34700527x483S37700490x588S34600381x482S35d04468x482S36500584x484S20356499x585S20310484x526S37806471x595S2f900502x602S22b04482x545S20350483x576S37700488x588S34700437x481S35d04555x483S36500497x483
unverzüglich,,17418,M578x567S34600423x483S34700513x483S35d00453x483S36500483x483S35d04542x483S10051441x542S10050530x537S26606478x546S2f900511x551
Unwetter,,24194,M591x579S36500482x483S2e118435x545S35d00540x483S14c27565x544S14c01506x545S14c2f400x541S14c09464x546S2e108535x550S34600424x483S35d00454x483S34700511x483S30c30431x488S30c30461x489S30c30489x490S30c30518x490S30c30547x489
Usbeke,,819,M614x587S34600389x483S35000450x482S34700480x483S36100419x483S20320520x485S2ea00518x508S37706416x577S37706450x578S37706483x578S37706515x578S35d04546x482S34700575x482S1ed26595x526S22b04594x557
Utah,,2237,M554x515S11520445x485S11502524x498S1fb20469x496S1f720496x499
Uwe,,22151,M566x573S34600453x483S36500483x482S34700512x482S11520551x518S37a06472x571
v-fa-mundbild,,807,
Valerie,,3155,M605x558S10e20418x528S1f720441x541S1dc20469x528S14a20503x541S11a20531x527S19220558x537S14a20590x540S36500396x481S35c00454x481S35d04510x483S34c00425x482S34700482x482S34700569x484S34800539x483
verbessern,,1258,M546x586S11551506x547S11549483x559S20e00483x545S26a07525x534S31400482x482S36100482x482
verdächtig,,6746,M608x566S36500455x482S34700482x482S35d04509x482S10011540x491S30007509x482S20500544x483S22a07560x488S14c50554x530S2a400583x530
verdienen,,13684,M577x587S20e00509x557S26a03491x566S34800541x482S36500423x482S15d39488x535S34700452x482S35d04481x482S18040503x542S35d00511x482
vereinheitlichen,Vereinheitlichung,17936,M588x557S15348445x530S15340541x527S26602507x532S26616463x532S20500494x533S34800524x483S2fb04493x551S35d00552x483S34c00495x483S35d04468x483S36500412x483S34700439x483
Verfassungsgericht,,11019,M589x576S36500410x482S35d04468x482S34700439x482S34c00525x482S36100553x482S36500496x482S15d28468x536S18210481x541S20500455x551S20500456x537S20500455x565S22a04492x561
verfliegen,,17548,M607x564S36500393x483S35d04453x483S36500483x483S35c00512x483S35d04571x483S34700423x483S34800542x483S18520582x546S18528387x546S14c12514x535S14c1a450x535S22522500x530S22526482x532S2d608549x538S2d610416x540
Verführer,,9007,M619x606S36500476x481S35d04447x481S34700418x482S34600503x481S36500391x482S35d04573x483S10630494x527S10638470x550S2ea04497x561S2ea48472x581S34700544x482S1ed26600x523S22b04599x556
vergessen,,4135,M617x518S30007512x482S16002545x482S18541590x480S26506574x481S20e00537x470S35d04512x482S30a00512x482S30a00482x482S30a00451x483S36500451x483S34700482x482
vergnügt,"sich-vergnügen, vergnügen, Vergnügen",8826,M552x573S27102512x533S2711a471x531S1dc20528x505S1dc28447x508S30a00481x482S34000481x482S36d00479x522
Verhältnis,,23560,M592x589S36500409x483S34700438x483S35d04468x483S34a00497x483S35c00526x483S35d00556x483S1ce09499x541S1ce20492x526S20800488x555S27120480x574
Verhütungsschaum,,8140,M607x590S26510400x522S14c30554x531S34600545x482S34c00516x483S14c38516x531S34500485x483S15d20432x545S15d28401x544S26500438x524S34700423x483S36500393x483S33b00571x481S2e508555x563S2e510517x563
verkehrt,,18073,M586x592S36500414x483S35d04468x482S35d00550x484S2d612472x548S34700441x483S34700496x483S2d606518x545S35d04522x483S10e09494x524S10e21496x567
verkünden,,11056,M584x517S36500482x482S18500504x490S18508472x491S18520559x491S18528418x494S2d708525x472S2d710437x474
verlieren,Verlierer,7571,M531x549S36a00482x477S26706489x509S10001484x519S35c10495x496
verloben,"verlobt, Verlobung",9686,M592x578S14c5a452x554S34700438x483S34400525x482S35d04469x482S35c00498x481S36500408x483S19a02487x525S20e00475x543S2880e457x533S35000556x482
vermuten,,13704,M554x610S2a200514x582S2a400514x555S14c40513x519S2f700542x584S35600482x482S30e30488x489
verputzen,,16183,M598x554S36500424x482S34700452x481S35d04480x482S35000509x482S34600539x483S20320583x500S24904577x518
verrückt,,8772,M606x524S35d04540x481S34600510x482S20311558x479S2e601577x490S36500424x483S34700452x483S35d04481x482
verschieben,,17064,M593x557S36500408x483S2f900559x542S26606523x536S35000557x483S34500495x483S34800526x483S15320500x532S34700437x483S35d04465x483
Versöhnung,,8118,M598x579S16d0c546x539S15d0a517x539S20800537x533S23624525x562S35d00562x482S36100507x482S36500402x483S35d04459x482S15d51454x551S34700429x483S15d59432x548S21100458x533S34400534x482
Verstand,,22083,M616x525S35d04467x482S35d00529x483S34500498x483S32111566x493S34c00559x483S10011595x495S20500597x482S2f900595x473S36500405x482S34700436x482
Verstopfung,,15079,M620x617S36500380x482S35d04438x483S35d00496x482S34700409x482S34500467x482S34400526x482S35000555x482S36500584x482S36e10477x523S16d48484x567S20314505x565S20a00461x570S3770b513x543S37703514x523S22a24497x594S2f900496x612S30e30474x490S30e30501x491S30e30530x492S30e30562x492S30e30592x493S30e30443x492S30e30413x492S30e30384x492
Vertagung,,2441,M591x583S18040513x568S18048453x567S26600524x533S26610461x531S2fb04492x558S34c00526x483S36500409x483S35d04468x483S34700438x483S35d00497x483S35d04555x483
vertragen,,15877,M606x613S35d04570x487S35d04455x488S34700425x488S35d00485x488S34c00542x488S36500394x487S35d04514x487S14c01497x535S14c09455x535S14c02491x567S14c0a467x570S20700487x598S28804526x562S2881c452x567S30150467x476S30154477x479
verwerten,"verwertbar, Verwertbares",20492,M606x566S22114419x540S22114446x540S36500394x482S35d04453x482S34700424x482S18520500x551S18528447x550S22114497x541S22114524x541S36500483x483S34700512x483S35d04541x483S35d00570x483
verzichten,Verzicht,15844,M608x613S36500392x482S35d04451x482S34700422x482S34800512x483S35800541x483S35d00572x483S36100482x482S20320512x533S20326463x533S14c50507x582S14c58460x582S22a04514x560S22a14464x562
VHS,Volkshochschule,13673,M599x555S10e20465x525S11502504x536S20320570x535S36500400x482S36100563x482S34c00496x482S34600457x482S34c00428x482S34a00534x482
Video,,17776,M627x609S10e50481x542S10e58444x540S2eb32474x580S2eb42432x580S36500428x485S34800458x485S2fb04457x603S35d00488x485S3710d520x523S10e59525x549S34e00537x488S30353555x476S1dc43581x481S2e100604x504S2f900531x576
viele,,255,M528x540S36500482x482S14c52461x512S20e00494x518S26506513x517S22132450x508S22132444x508
Vielfalt,vielfältig,24815,M568x596S21f32529x531S36500437x482S1f731468x552S14c30540x548S26606498x558S21f3a415x528S34800466x483S35c00496x483S36500527x482S1f739497x574S26612462x574S14c38420x546
vielleicht,,13211,M592x606S36e00470x526S34c00497x482S35800556x483S34800438x482S35c00467x482S36500408x482S34800526x482S15d31508x575S15d39459x548S22b00517x540S22b04534x542S22b14475x565S22b10458x576
Vizepräsident,,7752,M613x575S36500387x483S36100446x483S34800416x483S10e20468x523S35000489x483S34a00547x483S35d04518x483S36100577x482S1ea0e542x528S23004561x557
Vollmond,,16274,M645x560S36500411x482S35c00469x482S35d00553x482S34400440x482S33b00496x482S34400526x482S32117564x491S15a51429x537S26606455x536S2f900493x541S36d00542x523S17e27625x513S18527612x482S18527605x528S23804594x483
Vollwaschmittel,,1612,M616x569S36500396x484S34400425x484S35c00454x484S15d50423x536S26606448x542S36500507x482S34c00537x482S34500567x481S1f739546x547S1f751558x529S21100573x548S27107589x533
Vollwerternährung,,8686,M611x598S36500395x483S34400422x483S35c00451x482S15d59423x532S26a04584x548S36500500x482S22f04522x547S20500523x566S1ea41499x529S15d39495x553S34700568x482S20b00445x546S15d51436x575S22a00444x560S1ea0f567x521S37b06591x544
Volt,,482,M562x585S2a308496x549S37700484x553S10021460x536S36500437x482S34400468x483S35c00496x483S35d00526x482
Vorhub,,3012,M580x606S34400454x483S34600509x483S35000538x483S36500427x483S35d04481x483S10004542x533S22a04546x558S2f900547x577S26600564x576
Vorname,,5817,M607x578S36500427x482S34400457x482S35d04486x482S35d00537x482S15d02462x527S26504470x552S2f900470x573S11511569x500S20e00573x483S22114581x497
Vorspiel,,8367,M621x578S36500381x482S35d04439x482S34400411x482S34500499x482S35000527x482S34800555x482S35c00583x482S18040436x532S26504449x554S2f900448x573S14c02564x530S14c0a517x529S23700582x549S23710492x552
Vorstadtkrokodil,,12150,M624x594S35d04505x482S34400533x482S34400588x482S35d04561x482S15051556x536S1503f544x560S22f04584x559S22f10576x577S35d00467x482S15051462x534S15d39461x567S20500480x583S36500376x483S15d4a383x525S18040397x545S26504411x567S2f900414x588S34500438x482S22a04488x566
Wacholderdrossel,,14912,M635x575S22100424x483S1f410426x496S36500388x482S22100607x508S22100623x508S31430395x494S34400546x482S35d04516x482S1f010444x560S26500441x529S26500460x528S26506450x544S35d00480x482S36100575x482S1f420596x520S10120511x519
Wahlperiode,,5569,M600x607S36500400x483S34c00429x482S35c00456x482S15d09424x535S1ea21451x535S2330b431x560S20e00450x528S35000507x483S34700534x482S35d04564x483S10e02545x592S10e0a516x560S11502549x548S1150a521x525S22a00562x571S22a10522x543
wahr,"Wahrheit, wahre, wahres, wahren",8123,M546x568S2f900483x563S35d04510x482S20500484x551S11e02466x526S36500454x483S34c00482x482S36d00479x519
Wange,,18305,M584x554S36500425x483S35d00481x483S35d04510x483S34c00453x483S34700539x483S18516567x500S2e700569x529
Wangen,,10403,M542x525S31400482x482S15d01505x502S15d09472x502S20600520x490S20600458x491
Warndreieck,,9742,M626x591S36500374x483S34c00402x482S35d04431x482S35d00461x481S35d00504x481S35d04534x481S34800590x481S34c00561x481S10000475x529S26f02456x538S10050567x526S10058547x525S24102565x563S2411a523x562
warnen,,7652,M572x559S36500453x482S34c00481x482S10010544x506S35d04510x482S30f30516x488S23504535x541
Warschau,,3372,M595x593S36500406x482S34c00436x483S37a06440x591S36d00459x530S1f702505x545S20500457x550S20500492x552S2d608465x538S37a06470x591S35d04467x484S34500498x483S34c00528x483S34600559x484
was,,16162,M540x576S30a00482x482S35010495x504S15d01517x522S15d09460x522S27102511x535S27116479x536
Washington,,6757,M540x527S36d00479x522S18700521x498S26500526x479S2ff00483x482
Washington DC,,6730,M547x545S36d00479x515S16d10530x464S2b700515x489S10110509x454S18600520x515
Wasser,,4868,M579x540S36500422x482S34c00453x482S36100483x482S34700513x483S35d04542x482S15a12552x514S20600546x529
Wasserflasche,,22861,M586x611S36500522x483S35c00550x483S16d48538x584S16d40548x565S22b00550x531S2f900540x606S2f900553x525S34c00443x482S36500415x482S36100471x482S18210479x513S20600502x510
Wasserknappheit,,24500,M610x605S34c00420x482S36500391x483S36100449x483S18210453x515S20600442x523S35d00515x483S35d04487x482S34c00544x482S35000574x483S1ee10570x524S1f110566x590S22b04581x551
Wasserleitung,,22863,M612x561S35c00486x482S34c00516x482S34800546x482S1ce20551x530S26606571x544S1ce28526x530S26612499x545S35d00576x482S34c00417x483S36500388x483S36100446x483S18210450x514S20600474x516
Wasserzulauf,,8744,M599x572S2ff00414x483S14412405x511S22522393x507S36520427x505S34c00446x483S36100475x483S36100522x482S34600550x483S18217582x533S18211508x555S28a02544x530S2f533537x541S2f533531x547
Wechseljahre,,5848,M601x572S10e50449x540S10e30493x542S2a208467x524S36500398x481S34a00428x482S35d04459x482S36100489x483S34c00565x482S35700535x482S28d0b570x530S19a01540x533
weg,,16398,M580x565S2f700458x540S2f700541x538S17d1c509x547S17d14479x547S18514433x550S1851c555x548S26506538x547S26512459x548S34700483x483S36500453x483S35d04512x483
wegräumen,,6748,M571x563S36500429x482S35d04480x482S34700454x482S34700508x482S34600535x482S15d40526x535S15d48453x535S26502505x543S26516479x543S22232549x536S22232441x537
Weide,,8375,M584x599S34c00448x482S34800477x482S2e802534x539S35d00518x484S34700548x484S14c50474x529S22f04473x565S20350480x584S14c51529x557S36500417x482
well,,1047,M535x533S20500480x515S31400482x482S15d00494x506S26500521x497
Wellensittich,,8290,M619x585S34700426x483S36500395x483S35c00455x482S36100511x483S34800540x483S35d00569x483S15d50395x536S2a408419x549S29a06445x544S10620592x497S23004594x530
Weshalb,,8901,M592x571S35000556x489S36100468x491S36500408x491S35c00527x489S34700438x491S34c00497x490S30c30415x498S30c30445x498S30c30475x497S30c30503x496S30c30535x496S30c30564x495S30152507x479S30156514x473S15d09467x536S15d01478x548S20600498x540
wetten,Wette,7921,M551x572S34700481x482S15d31528x533S15d59514x536S15d39454x531S20b00529x559S20b00465x556S36500453x482S35d00510x482S15d51470x532
what,,3052,M549x562S34100482x482S32105482x482S30f00482x482S14c39480x535S14c00526x487S36e00477x513
widersprüchlich,,6479,M624x554S36500375x483S34800404x483S35d00431x482S34800457x482S35d04485x482S34500512x482S35000539x482S18048452x538S18040486x538S20500480x526S34600588x482S26602538x536S2f700522x539S2f700438x540S35d04565x482S26616405x538
wie,,17771,M532x579S34800496x483S36500468x483S10020500x549S10028482x549S20500493x534
wie_geht_es_dir,wie_geht_es,5503,M582x614S11842519x599S11850525x530S36500417x482S34800447x482S34700517x482S35d04487x482S35d00546x483S30c00546x483S30c00517x482S30c00487x482S30c00447x482S30c00417x482S26500533x575S2f900534x567
Wie-viel-Uhr,,548,M568x570S14c00486x538S14c08429x539S30c00433x482S36500433x482S30c00464x483S34800464x483S22520482x522S22520422x524S34600502x481S35d04532x481S30c00502x481S30c00532x481
wieder,,4746,M577x605S36500422x482S34800451x482S35d00482x482S34700512x482S35d04541x482S10e50531x529S10e30530x575S2a20a555x555S2f700560x544
Wiesbaden,,12553,M613x602S36500387x482S36100442x482S35d00522x482S35d00577x482S34800414x482S35000470x482S34c00496x482S34700551x482S36d00455x526S36d00455x598S1801d463x543S20500451x538S20500502x589S22b05475x566
Wiesel,,19840,M629x628S23704590x607S34800445x482S2ba00574x519S2d100593x542S34700518x484S18220591x589S35c00548x484S36100490x483S36500416x481S18720467x526
Wildtier,,8207,M620x595S36500390x481S34800419x481S35c00447x481S35d00474x481S30007474x481S19a10504x475S20500526x469S2df08532x483S19a20547x467S35d00574x483S15050594x564S15058567x555S2eb00598x523S2eb4c575x521
Wimpern,,23120,M586x520S36500452x483S31e40529x491S34800482x483S33b00513x483S14450543x467S23500549x502
Windows,,11994,M592x554S34600409x481S34800437x482S35d00467x482S34400497x483S34600528x483S36100556x483S1f740504x539S1f748481x539S2890a528x532S28912447x530
Winkel,,1274,M548x579S15a12503x549S15a19481x556S34800482x482S36500452x482S35d00512x483S20500494x542
Winkel,,643,M548x561S15a12503x549S15a1a469x549S34800482x482S36500452x482S35d00512x483S20500494x549
wir-beide,,990,M576x561S20500509x550S10e32510x535S27100536x517S35000453x483S34c00482x482S34800511x482S31400453x483S31400482x482S31400511x482
Wirbel,,10707,M590x553S36500410x483S34800440x483S35d04468x483S35000496x482S34700525x482S35c00554x483S1f020532x533S2e706565x538
wirken,"wirke, wirkt",24705,M548x591S26510474x526S26500517x525S22520467x544S22520511x544S14c58470x558S36500453x483S34800482x482S35d04512x482S14c50513x560
Wirkstoff,Wirkstoffe,18292,M614x615S36500387x483S35d04444x483S36500578x483S34800415x483S34500490x482S34400550x482S35d00520x482S14c50448x563S14c58397x563S2f900565x599S2f900531x597S26500454x528S26510402x526S18540570x556S18548513x555S2a300579x578S2a318505x579S22520391x547S22520445x549
Wissen,,24628,M585x521S36500452x483S34800483x483S36100513x483S10011548x491S22a07566x486S2f900574x476
wnschen,,3234,M538x570S36500482x482S14e01491x513S22a04525x539S20301503x549
Wohnungstausch,,12545,M624x590S34400405x482S34500588x483S18210468x505S20500485x490S20500473x490S36500375x482S34600557x482S35d00434x482S35d00499x482S34c00527x482S1ea0d562x530S1ea05530x541S2ea04572x559S2ea48548x565
Wohnwagen,,11687,M589x589S27126538x550S1060a480x562S10612501x559S35d00467x482S34400439x482S36500410x482S36500496x482S34c00525x482S35d04553x482
Wolfram,,6024,M561x572S34400468x483S35c00497x482S36500438x482S36500525x482S15318474x541S10002495x552S2f000528x552S26500535x535
wollen,,14930,M577x570S20600475x559S36d00473x522S15d1f469x531S36500422x482S34400451x481S35c00481x482S34700512x483S35d00541x482
Worauf,,8918,M593x570S36500407x481S34400435x482S30f30471x486S30f30502x487S34600527x483S30f30564x489S30f30413x488S30f30443x488S30f30532x490S36500557x484S14c38429x531S14c30465x531S26c0a493x538S26c16409x539S34c00496x482S35d04466x483S15d39542x542S15d51556x547S20500570x534
Worte,,21049,M564x580S34400468x483S36500437x483S35d04499x483S35d00528x483S15d3a465x540S30a30443x491S30a30474x491S30a30506x490S30a30535x490S1ed56470x554S20500492x559S20500516x559S20500504x559S26526529x557
Wörter,,21082,M570x555S1ed26503x529S1ed2e472x529S30a00482x483S34e10490x502S26706528x537
Wozu,,8923,M561x584S36500438x483S34400466x482S30f30502x488S34600525x483S36100496x482S30f30533x489S30f30444x490S30f30474x490S1ce30518x526S22f04517x561S2f900523x579
Wunde,,8745,M561x569S36500438x483S34600467x483S35d00496x483S34700525x482S15d5a479x550S10003488x527S21100516x548S26506531x547
Wunder,"wundern, verblüffen, Verblüffung",22037,M583x518S31a00482x483S34900482x483S1f410512x493S1ee18421x491S1f418459x496S1ee10557x489S26506545x494S26512442x496
Wundstarrkrampf,,12404,M620x629S36500379x482S34600404x482S35d00431x483S34500459x483S35d00489x482S35d04528x482S34c00554x482S33b00584x482S11549416x537S11541435x544S21100445x530S26505459x570S14c50575x525S14c58536x526S2f700526x565S2f700595x567S14e58533x582S14e50572x581S2f920580x615S2f920540x618S26504580x561S26514541x561
wünschen,,8526,M538x529S2ff00482x482S15000488x498S2e508515x499
würzen,,6997,M562x586S2e902470x547S18551444x532S34600468x482S36500438x482S35d04497x482S36100526x482S22942436x554S21100453x552
Xanten,,10856,M562x596S35d04437x482S35d00526x482S34c00496x482S36100466x482S10019479x544S10011490x545S26520489x523S37806454x594S37806491x594
YAHOO,,13987,M607x555S35700444x482S34c00477x482S34600520x483S19a20442x535S1f720478x539S11502511x540S17610553x539S26606577x539
Yannik,,24914,M543x569S36a00482x477S10001522x524S28906489x526S21100474x520S37a06477x567S31430489x486S33e10490x500
year,,7497,M557x598S33e00449x482S10a51459x532S15a1b457x547S37806428x550S20500447x535S20340525x552S20348520x568S33e00515x482S2e900542x558S20500511x554
z-fa-mundbild,,1541,
zahlbar,,17727,M587x567S34c00524x483S20e00513x541S26606512x551S35d04551x483S34c00442x483S1f705496x523S15d3a479x543S35000496x483S35c00469x483S36100414x483
Zahntechniker,,13310,M631x609S10e52563x555S10e02563x589S14c48511x541S14c18512x575S26502546x556S26502545x588S20500531x559S20500531x590S22b04612x579S1ed26612x548S35800569x483S34700540x483S35d00511x482S36100395x482S35d00450x482S34c00423x482S10001413x509S20500400x520
zaubern,,2512,M563x538S36d00479x524S35000483x482S31500483x482S37b03467x513S37b03518x526S37801461x483S3780a529x506S14c20540x459S14c28450x460S20322536x498S20320444x508S25e00508x439S25e10471x440S26204524x440S26214486x441S2fd04496x472S2f900473x432S2f900511x432
ZDF,Zweites_Deutsches_Fernsehen,11315,M620x573S36100382x482S35d00441x482S35d00483x482S36500581x482S34a00411x482S34700511x482S34a00552x482S10a20428x534S2450a460x555S10110526x535S1ce10598x535S26500520x525S26500590x525
Zeh,Zehe,10598,M533x586S36100467x482S34700497x483S15d58482x559S1f050495x558S26500512x539
zehnte,zehnter,4342,M563x583S14c28467x543S2df1c451x562S14c09433x531S36100453x483S2f900442x559S35d00511x482S14c20503x545S2f900541x559S2df04522x562S34700482x482S14c01537x530
zeigen,,8559,M527x576S35100482x482S30a30488x488S15d28490x549S10b42501x546S26520496x532S2f900498x524
Zeilenhöhentest,,14272,M565x610S35d00435x482S36100498x482S35d00529x483S34700467x483S20500517x577S22c04532x568S22c14497x568S14c48494x532S14c02516x542S20500516x530S20500516x563
zeitgemäß,,10111,M634x595S36100386x482S34c00416x482S35100520x482S34800445x483S37806400x557S10050417x555S20600414x541S15a1b428x555S11509569x538S20500590x526S11501609x568S2e70e528x538S37806503x560S15a1b532x557S14c51500x529S35100577x482S35d00475x482S26601594x543
Zementmörtel,,10723,M617x621S36100383x481S34700411x482S33b00440x481S34700469x482S35d00496x483S18037420x555S1f703483x538S36e10436x525S2310c483x562S2311c417x593S2f900490x586S2f900424x616S33b00554x483S34400581x483S1f940588x563S1f942565x547S2c300581x535S2f900567x576
zerkleinern,zerkleinert,10731,M606x574S36100393x482S35d04452x482S34c00512x482S35d00570x482S34700423x482S35c00482x483S34800541x482S15d3a464x552S15d40481x535S20610498x563S26606513x531S23404503x546
zeugen,,11590,M570x575S30a00436x482S35000436x482S35000527x483S1ce10448x524S1ce18434x525S28b02470x533S28b1a390x535S14c03530x541S36d00521x524S36d00521x571S26500556x537S30a30533x490
ziehen,,15038,M533x612S36100467x482S34800497x483S1f731493x554S1f739488x530S26624492x582
zielen,,11604,M518x583S1dc40486x534S16f16491x559S20500473x555S2f900473x568S31510482x482S31440488x493S35110488x500
Ziffern,,11609,M568x580S36100453x483S34800481x482S36500511x483S1f146517x525S23504519x562S26606538x555
Zirkel,,3167,M577x581S36100423x481S34800453x482S1dc20475x533S15d48455x539S2c300506x540S21100476x567S35d04482x482S35c00541x482S34700512x483
zögern,,7928,M548x570S36100467x482S34400496x482S14c50517x519S14c58466x519S23414455x555S23404511x556
Zoodirektor,,1014,M610x570S36100403x481S34400434x481S10020431x533S2450a438x524S17610473x546S26506493x548S35d00531x482S34800560x483S1f540595x546S22a00596x524S2f900598x516
zu_wenig,wenig,9982,M611x613S34600417x483S36100388x483S36500458x483S34700487x483S35d00516x483S34800546x483S35d04575x482S1dc20562x529S1f120558x598S22b04572x564
zufrieden,,4493,M577x582S36100423x482S34600452x482S36500482x482S35d04512x482S34800541x482S36d00478x523S15a1f466x524S22b05499x558S21100485x544
Zugverspätung,,16424,M623x600S20e00524x575S2f900488x581S15a47550x577S26506539x574S15a56494x563S15a41499x570S36100377x483S34600406x483S35d04436x482S11540438x561S2ea00440x531S36500475x483S34700503x483S35d04529x483S34500558x483S35000587x484
Zungenbewegung,,15865,M522x564S35c16496x456S35c12496x486S35e00479x468S35e04483x437S35e25503x451S35e32496x450S35e25494x479S35e36502x480S35e04482x499S35e25501x510S35c16496x517S35e32495x510S35e00479x529S35c12493x547S35e25493x539S35e36502x542
zurück,,15995,M577x617S35d04541x482S20500464x606S36100423x483S26603509x555S34600452x482S35d04481x482S34600512x482S10e43474x575S10e40536x522
zusammen,,9172,M543x553S16d40525x513S16d48462x511S33b00482x483S22b02505x537S22b16473x537
zusammengesetzt,"zusammengesetzte, zusammengesetztes, zusammengesetzten",23079,M622x571S1ed2e431x540S20500487x555S36100379x482S34600405x482S1ed26541x545S26602503x553S26616454x551S36100434x482S34c00462x482S33b00489x482S34700557x483S35d04529x482S36100586x483
Zusammenhang,,13158,M518x583S1ce10495x534S1ce48478x533S20700489x568S2fb02494x548S30a30488x489S34200482x482
Zuschuss,,2835,M578x574S26a00516x534S1ea40515x553S36100422x482S34600452x482S34500483x483S34600513x482S36100542x483
zuzwinkern,,14503,M552x517S22100540x479S31440490x492S31730502x498S22104525x479S31440501x492S1ee10518x485S35620482x482
zwei Wochen,,18110,M616x562S36500415x483S36100384x483S34c00446x483S34800477x483S10e20455x530S26606472x546S36500518x483S34400549x483S35800580x483
zweidimensional,,5445,M610x570S10e01433x533S36100390x483S36500417x483S34c00447x482S34800476x482S35d00514x482S34800544x482S33b00574x482S15d02563x543S15d0a525x551S27100561x523S27114512x533
zweimal,,16058,M605x580S36100395x483S36500423x483S34c00452x483S34800481x483S33b00511x483S35c00569x482S10e20507x525S34c00540x482S10e02469x560S2880a508x563S10e30536x550S22a03484x539
Zwickau,,13294,M622x591S36100413x482S36500440x483S35d04498x483S34800469x483S34c00524x483S34600550x483S37806501x589S37806541x589S37806462x589S37806424x589S33110568x488S10e40607x529S20500568x493S2450a577x519S10e11580x487
Zwiebelgemüse,,3993,M609x561S36a00450x477S36100391x477S36500419x477S34800450x477S17610478x513S21b00485x503S20e00465x514S21b00495x504S35d04512x477S34700542x477S33b00572x476S10059532x539S10051556x540S20e00552x523S26f07579x524
zwlf,,103,M580x557S13f20486x542S22114487x526S36100420x481S34400485x482S36500454x481S35c00516x483S36500544x482