dic_gloss,synonyms,sid,FSW
¿Donde?,¿En que lugar?,59,M531x583S30c00482x482S14c30507x518S14c38463x518S26c02514x556S26c1a463x554
.exe,"punto exe, exe",914,AS14920S10820S14920S1eb20S26900S15d09S2f900S21414S20500M535x542S14920474x521S10820493x515S14920519x524S15d09466x475S1eb20492x485S26900519x495S20500492x472S21414489x458S2f900469x500
.exe,"punto exe, exe",915,AS1eb20S26900S10820S22214M529x523S10820496x497S22214508x498S1eb20471x504S26500479x489S2f700479x478
.exe,exe,916,AS10820S22214M517x513S10820484x487S22214496x488
A,,43,AS1f720M510x508S1f720490x493
a distancia,a lo lejos,795,AS10110S26505S20500S2fb03S10118S26511M530x527S10118489x474S10110500x480S20500491x508S2fb03484x515S26505517x513S26511470x477
a veces,"en ocasiones, de vez en cuando, de cuando en cuando, de tiempo en tiempo, en algunas ocaciones",529,AS14c20S23700S14c0cS2371cS30241M553x581S14c20523x505S14c0c457x550S23700514x540S2371c449x525S30241482x478
Aa tactil,,557,AS1f720S15d08S21410S21414S20500M520x526S15d08480x474S20500488x510S21414502x506S21410502x518S1f720500x486
Aarón,,180,AS1f711S31100S21100S26a06S2f900M525x517S31100482x482S21100495x465S26a06511x461S2f900496x458S1f711471x463
abajo,,530,M513x522S10c50490x478S22f04488x508
abandonar (1),"dejar, arrojar, renunciar",531,AS20320S25603S14c51S20321S25613S14c5fM563x535S20320548x467S20321493x465S14c51490x509S14c5f438x506S25603519x485S25613468x485
abandonar (2),"dejar (2), renunciar (2), salir abruptamente de",532,AS11502S26506S11501S17624S20700M541x523S17624459x483S11502467x489S20700468x508S26506502x489S11501516x478
abandonar (2),"dejar (2), salirse de (2), renunciar (2), salir abruptamente de",533,AS11540S26504S11510S17614S20700M522x546S17614481x455S11540483x460S20700504x460S26504483x495S11510479x516
abandonar (2),"dejar (2), salirse de (2), salirse abruptament de",534,AS11526S26502S11527S17604S20700M543x522S17604525x485S11526504x489S20700525x507S26502484x490S11527457x479
Abednego,,187,AS1f710S30007S20e00S26a04M540x531S30007482x482S1f710520x481S20e00520x500S26a04512x517
Abel,,188,AS1f614S2031aS37806S20e00S26a02M536x519S2031a521x504S37806495x504S1f614501x492S20e00483x488S26a02464x481
abierta,abierto,794,AS15d02S26906S20500S2fb00S15d0aS26912M550x520S15d02501x489S15d0a472x488S26906532x494S26912451x492S20500496x509S2fb00494x481
Abigail,Abigaíl,189,AS1f720S30007S20500S29904M536x529S30007482x482S1f720515x478S29904522x497S20500505x469
Abinadab,,190,AS1f711S30004S20500S22b00S14721S30000S20500M535x542S30004482x482S30000482x482S1f711488x520S14721489x458S20500523x518S20500522x469S22b00519x483
Abiram,,191,AS1fa10S33100S20e00S26a06M542x539S26a06528x512S33100482x482S20e00513x518S1fa10507x499
Abisai,,192,AS1f810S33100S21410S20600M526x542S33100482x482S1f810504x501S20600504x520S21410507x534
Abner,,193,AS1f511S36d00S20500S24b34S37606S20500M521x539S24b34450x477S20500455x462S36d00479x471S20500455x509S37606478x471S1f511471x462
abogado,,535,AS1ea10S23004M514x523S1ea10486x478S23004489x505
abortar (1),aborto (1),536,AS20301S28805S14c04S16e09S20700M532x537S16e09485x464S20301485x471S28805492x495S14c04509x506S20700469x489
abortar (2),aborto (2),537,AS20301S28805S36d10M522x526S20301494x482S28805502x506S36d10479x474
Abrahán,,194,AS20310S37900S16d0aS2fd04S25504S20800M523x527S16d0a477x492S37900485x487S20310478x473S20800507x501S25504505x474S2fd04500x514
abrigo,"gabán, tapatodo, sobretodo",539,AS20301S20309S36d00S28803S2881bS2030aS20302S20500M537x538S36d00479x462S20301516x466S20309464x465S20500497x527S2030a485x508S20302503x508S28803500x484S2881b480x484
abrir,abrir hojas batientes,540,AS15d02S15d0aS2df08S2df10M547x521S15d02501x480S15d0a474x480S2df08526x500S2df10454x500
Absalón,,195,AS15851S30000S21400S26a04S1f720M548x517S30000482x482S1f720522x502S15851482x459S26a04521x483S21400526x472
Abscisa (matemáticas),,986,M527x536S1dc28474x497S2f900478x531S10c04493x494S20500504x511S1eb20502x478S26500512x464S22a04514x501
abstracto,,475,M524x530S17439492x514S22622477x486S22f00495x471S14c12487x487S20500514x509
abuelo/abuela,"abuela, abuelo",541,AS30006S17710S20600M540x526S30006482x483S17710520x492S20600514x515
aburrido (1),aburrimiento (1),542,AS10021S20500S2c300S33100S30e00S35000S30741M539x554S2c300513x531S35000482x488S10021503x506S33100482x488S30e00482x488S30741492x477S20500499x540
aburrido (2),aburrimiento (2),543,AS10012S36a00S30d00S36100S21100S2d504M527x542S36100482x477S30d00482x477S36a00482x477S10012497x514S21100476x522S2d504490x533
abusar,abuso,544,AS1f502S36d00S20b00S28808S33c00S30240M532x577S30240482x478S33c00482x488S36d00479x530S1f502511x553S20b00503x540S28808520x534
Acab,,199,AS1f710S31200S20e00S2c400M557x517S31200482x482S20e00534x500S1f710493x464S2c400517x473
academia,académico,455,AS19b10S28807S19a10S30007S20e00M564x518S30007482x483S19b10513x475S19a10536x435S28807536x458S20e00502x467
Acán,,196,AS1f711S37602S20500S22a07S20500M527x533S37602492x466S1f711472x511S20500494x506S20500517x484S22a07503x495
Acaz,,201,AS10021S36a00S20500S2c300M558x537S36a00482x477S10021513x516S20500519x502S2c300532x494
accesar,"acceder, entrar",504,AS14740S21100S26a00S15a1aS2f900S21404M529x527S15a1a472x483S14740477x499S21404509x504S21100511x513S26a00502x485S2f900478x474
acción,,805,AS20351S26c07S2fb00S20357S26c11M538x522S20357475x501S20351501x495S26c07518x478S26c11462x484S2fb00489x484
aceite,,301,AS1c131S15d49S21511S20e00S22f04S1c331M528x545S15d49472x463S1c131500x456S21511490x485S20e00508x489S22f04503x504S1c331500x520
acelerar,aceleración,545,AS14017S20e00S22914S26600S1401fS20e00S22914S26610S31500S33c00M550x560S26610462x487S22914469x550S20e00473x534S20e00513x534S14017526x526S22914509x550S26600521x486S1401f449x525S31500482x483S33c00482x483
aceptar,,546,AS15250S15258S26504S26514S17711S17719S20500S20500M536x549S15250516x453S15258465x451S17711515x512S17719468x512S26504517x492S26514470x492S20500517x538S20500476x537
ácido,,303,M544x549S35000482x483S31500482x483S10021511x504S20500510x517S2a20f521x528
ácido,,470,AS1c517S21100S22a07S30004M546x546S30004482x483S22a07533x496S1c517500x521S21100519x509
ácido,,547,AS10021S2c300S20500S35000S31500M545x556S35000482x483S31500482x483S10021509x506S2c300519x533S20500507x521
acné,,548,AS1f410S20500S20500S20500S21410S30e00S34800M538x546S1f410509x500S30e00482x483S34800482x483S21410513x538S20500512x516S20500521x526S20500505x527
acompañar,,549,AS1f740S1f748S20500S26620M521x534S1f748480x503S1f740501x503S20500496x523S26620492x467
aconsejar,,550,AS15030S21400S21100S26a00S14c09M528x531S14c09473x504S15030472x470S21400508x525S21100508x506S26a00501x486
actividad,,551,AS15450S15428S2ea06S2ea12M541x524S15450524x477S15428465x477S2ea06516x509S2ea12459x509
actor,"actriz, drama, obra teatral, representación teatral, representación dramática, obra de teatro, dramaturgia",552,AS14c02S27103S20500S2fc00S14c0aS2711fS20500S37542M552x554S37542482x446S14c02504x515S14c0a459x514S20500474x540S20500514x543S27103525x493S2711f442x486S2fc00491x502
actor armado,,1049,AS1ed02S21410S22b04S1e201S3760aS20500S37609S20309S36d00S35000S30e30M544x573S1ed02525x488S22b04527x526S20309453x527S3760a498x527S36d00479x525S20500498x562S1e201490x531S30e30489x490S37609466x527S35000482x483S21410527x515
Adán,,181,AS1f720S30007S20600M538x517S30007482x482S1f720518x482S20600509x467
adecuado,"apropiado, pertinente, idóneo, oportuno, ajustado, acertado, apto",912,AS1c517S2880dS1c520S30006S20500S1c50fS2f900S20500M547x584S1c520472x535S1c50f445x551S20500462x533S30006482x483S20500521x483S2880d504x532S1c517522x500S2f900458x579
adjetivo,,369,AS1ec26S20600S10028M520x524S10028480x494S1ec26501x491S20600484x477
administrar,"dirigir, regir, gobernar, gerenciar, gestionar, conducir",433,AS10051S27103S2fd00S10059S2711fM548x523S10059465x502S10051506x502S27103521x478S2711f452x480S2fd00489x481
Adonías,,197,AS1f720S30005S20500S23004M541x545S30005482x482S1f720515x509S20500502x519S23004516x527
adulto,"mayor, maduro, próximo a la vejez",209,AS18001S30005S21100S22a00M550x522S30005482x482S18001509x502S21100536x502S22a00537x483
adversario,,1060,M527x569S10002479x534S1000a446x534S20500473x519S2df04506x548S2df1c430x548S33b00482x483S36140494x502
Afganistán (seña nativa),,823,AS1f720S27106M521x520S1f720480x493S27106506x480
aflojar el paso,tomar los asuntos con calma,1162,M540x564S14c39486x537S14c51472x532S20600518x540S21400522x555S35100482x483S31310492x488
agrupar,juntar,637,AS14c30S26502S18530S14c38S26516S18538S20500M555x521S14c30531x481S14c38445x480S26502518x499S26516466x500S20500493x510S18530473x492S18538500x492
agua,,304,M528x535S30004482x483S1f710482x520S20600506x521
aguacate,,221,M522x529S15d40503x490S16e16478x490S2b705480x471S20500491x509S21400488x524
Aguada (Santander),aguada (santander),1101,AS17811S21300S2c301S15a49M524x526S15a49480x485S17811480x474S2c301498x492S21300477x510
Ahíya,,202,AS15012S21802S22f04S37800S21410S36d00M521x527S36d00479x484S37800479x487S15012443x491S21802433x496S22f04447x473S21410458x519
ají,,244,M555x600S35d04480x449S10001498x477S20500515x478S35d04482x515S31500482x515S36e00477x547S14c03509x574S2e230536x549
ajo,,266,M522x514S21100508x490S15d39479x486S20340489x494S21400507x509
Albania (Santander),albania (santander),1102,M532x533S23600469x468S15a56505x504S37806474x510S20600479x514S19a50474x487S21400482x528
alcano,,471,AS10002S2df07S16d18S2f900M531x516S16d18469x491S2f900473x484S10002484x501S2df07511x486
aleatorio,,1236,AS1eb51S27004S2d900S21e10S15118M537x530S15118467x514S21e10472x504S1eb51507x471S27004497x496S2d900464x477
Alejandro Oviedo,,366,AS16d10S2ff00S21410S20500S19210S22b04M538x544S2ff00482x483S16d10503x485S20500504x522S19210516x471S22b04522x495S21410502x536
alfa,,1276,AS1f720S2f900S2a00aM525x513S1f720475x490S2a00a499x488S2f900482x508
álgebra,,1200,AS1ed1cS15a16S20500M520x517S1ed1c494x483S15a16481x505S20500510x503
alguno que otro,"algunos pocos, algunos",98,AS10050S10058S23704S23714S2fc00S26506S26512M553x536S10050516x464S10058468x465S23704503x504S23714457x504S2fc00493x525S26506538x482S26512447x483
almuerzo,,305,M543x543S33b00482x483S18501516x497S26a04515x518S21410521x535
alqueno,,472,AS11502S2df07S16d18S2f900M531x516S16d18470x495S2f900473x486S11502485x501S2df07511x485
alquino,,473,AS18c02S2df07S16d18S2f900M530x517S16d18470x497S2f900473x490S18c02485x500S2df07510x484
alto,"superior, supremo, super",897,AS18010S22a00S2f700S18018S22a10S2f700M543x524S18010513x509S18018458x509S22a00521x487S22a10470x488S2f700470x477S2f700522x476
altruismo,"con gusto ayuda, dispuesto a ayudar",1212,M532x571S15d01482x459S20500482x479S26507504x442S2f700509x430S15d39501x537S1f702497x534S20500493x560S2d820474x520S26520490x501S26527519x508S26521469x506
altura (matemáticas),,1010,AS10051S20500S22a00S10059S2f900M527x531S10051497x504S2f900479x526S10059474x503S20500500x490S22a00499x470
ambos,"ambas, los dos, las dos",1124,M536x520S1001f464x488S10019515x480S27102496x480
América,continente americano,442,M522x521S15d21499x479S15d0b479x498S20500484x484
Amigo,,621,M530x588S33e00482x483S16f10506x547S16f48471x548S26502512x573S22104506x535S22104481x537S20700489x573
amigo,ser-amigo,371,M526x549S10001501x519S10021496x470S10029474x522S10009480x470S20e00492x452S20e00497x505
aminoácido,aminoácidos,1075,AS16d10S20500S11913S20500S17610S11941S28c04S21410S19a09S2f900M537x542S19a09494x491S16d10517x474S17610486x516S11913494x458S11941508x521S2f900511x511S20500527x498S20500480x479S28c04464x492S21410469x524
aminoácido,aminoácidos,1078,AS16d10S20500S28c04S21410S11941S19a09S2f900M533x531S28c04468x486S16d10510x469S20500523x493S21410472x517S11941500x510S2f900489x478S19a09490x485
Amnón,,198,AS1f711S2ff10S31430S20500S22a00S20500M533x523S31430489x490S2ff10482x485S20500501x477S20500501x496S22a00520x483S1f711512x501
Amor,,620,M533x584S1f701471x529S1f709512x529S37903484x545S3790b478x545S33e00482x483S20600491x523
amplificar fracciones,,883,AS1f410S22100S26506S22a04S1f410S22100S26506S10b19S2f900M536x532S10b19465x501S1f410489x479S1f410488x517S26506521x481S26506519x518S22100495x468S2f900470x524S22a04505x497S22100494x507
analizar,"examinar, observar, revisar, estudiar, investigar, indagar",930,AS15d01S2e502S2fc04S15d09S2e516S31500M529x567S31500482x483S15d01499x504S15d09475x522S2e502502x527S2e516483x544S2fc04512x555
Anciano,anciano,525,M527x548S30004482x483S1f720488x520S20500515x518S22a04514x533
and (programación),,999,M545x512S18540519x493S14c02456x489S26506495x492
andres,"Andres, Andrés, andrés, Andrés Salas, andres salas, salas, Salas",980,M544x525S30006482x483S1f520520x492S20500510x514S20500522x514
Andrés,,203,AS1f711S30004S20e00S26a06M525x541S30004482x482S1f711469x517S20e00494x521S26a06511x514
Andrés,,979,M551x526S30006482x483S1f52c527x492S20500531x515S20500516x515
Android,android,866,AS10010S20500S10018S20500S2ff00M533x518S2ff00482x483S10010518x464S10018464x465S20500522x498S20500468x498
antena parabólica,antena satelital,1020,AS1531fS2e112S10b10S20500M522x536S1531f483x465S10b10503x488S20500512x479S2e112479x491
antena parabólica,antena satelital,1021,AS1531fS37800S10b10S20500M520x526S1531f481x474S10b10501x497S20500510x488S37800493x494
antena parabólica,antena satelital,590,AS1a020S22f03S1531fS34d00S33630M551x554S1531f501x531S1a020531x495S33630476x498S34d00484x481S22f03516x520
antropología,,447,AS12313S22f04S19a18M517x530S19a18484x510S12313493x485S22f04492x470
aparato,,894,AS2031aS37706S15310S2da06S2f700S32a20M552x563S2031a499x531S37706475x531S32a20482x483S15310518x538S2da06536x521S2f700519x524
aplicar,,609,AS10049S1c511S21100S26c03M530x528S10049470x498S1c511484x472S21100500x513S26c03510x497
aproximado (símbolo matemático),≈ (símbolo matemático),691,AS1eb14S26516S1eb1cS26502S1ea40S2f900M547x528S1eb14475x473S1eb1c503x473S26502532x473S26516454x474S1ea40506x507S2f900516x500
Aratoca (Santander),aratoca (Santander),1103,M528x514S11851497x486S15a1a487x502S20600472x486
árbol,,259,AS14c10S37800S21b00S16d06S21300S25100M524x537S14c10477x474S16d06479x518S37800488x505S21b00485x462S25100504x483S21300503x519
área,grupo,493,AS16d41S20a00S20344M519x521S20344481x495S16d41491x479S20a00501x506
área (matemáticas),,989,M524x532S15a18477x477S2f900478x468S15d51498x490S2ea06499x517
arepa,,306,M534x521S15a49482x491S17811482x480S20800466x490S20800508x484S20800498x511S2c301508x494
Aristóteles,,829,AS1f400S22214S26500S2ff00M548x518S2ff00482x483S1f400519x494S22214519x485S26500523x464
armado,,1051,AS37609S1e201S20500S3760aS20309S36d00S35000M521x572S37609466x526S35000482x483S20309453x526S3760a498x526S36d00479x524S20500498x561S1e201490x530
aromática,té,307,M522x525S16d48478x505S1d451492x494S23604483x475
arqueólogo,,1066,AS18050S22230S15634S21400S26526S34500M518x562S15634461x540S18050470x535S21400481x553S22230469x526S26526503x536S34500482x483
arreglar,"reconstruir, reedificar, recomponer",75,AS15d51S15d39S21100S27107M532x523S27107505x476S15d39468x493S15d51479x500S21100498x496
arroz,,308,M544x522S14c41501x479S14c49474x483S20700495x507S26a02530x487S26a16457x490
Artajerjes Longimano,Longimano,204,AS17f50S25900S2fc04S17f58S25504M525x536S17f50506x463S17f58476x478S25504478x511S25900510x498S2fc04496x525
arveja,"alverja, mazorca, desgranar",267,AS1e242S21900S10048S20700S26500M524x523S1e242476x490S26500508x478S21900487x481S20700506x497S10048482x493
Asá,,205,AS14b10S2ff00S20600M542x519S2ff00482x482S14b10492x501S20600520x508
asamblea,,458,AS14e50S21700S26504S14e58S21700S26514M534x531S14e50508x500S14e58466x500S21700477x490S21700517x490S26504513x471S26514474x470
ascensor,elevador,641,AS10e04S15a16S20500S22b20M522x531S15a16479x519S10e04485x487S20500509x507S22b20506x470
Aser,,206,AS14c02S20500S22a00S19a02S30004S20500M522x575S14c02465x545S19a02490x518S30004482x482S20500512x515S22a00497x544S20500482x564
asincrónico (1),no sincronizado (1),662,M521x584S14e02476x520S14e0a444x526S36902480x481S20e00482x552S2f900447x515S22a04481x569
asincrónico (2),no sincronizado (2),661,AS14e0aS20e00S22a14S14e02S2f900S36902M553x585S14e02522x531S14e0a491x523S36902480x481S20e00510x554S2f900540x521S22a14509x570
asíntota (matemáticas),,727,AS1f750S22a04S22a04S22a04S20500S15a19M523x540S15a19477x475S1f750503x472S20500495x460S22a04508x491S22a04508x508S22a04508x525
asintota horizontal,,1223,AS10040S26902S15a1aS2f900M519x529S15a1a486x483S10040504x499S26902481x513S2f900492x472
asíntota horizontal (matemáticas),,728,AS1f126S26502S26502S26502S2f900S15a1aM536x520S15a1a481x489S2f900487x481S1f126521x490S26502501x506S26502483x506S26502465x506
asintota oblicua,,1258,M531x522S1d418469x485S10050516x492S22b05487x478S2f900473x517
asíntota oblicua (matemáticas),,729,AS1f120S22a03S22a03S22a03S2f900S1d218M535x530S1d218466x482S2f900475x470S1f120506x473S22a03484x501S22a03500x486S22a03470x516
asintota vertical,,1222,AS10011S22e04S15a19S2f900M525x526S15a19475x474S2f900477x500S10011504x475S22e04506x508
Aspenaz,,207,AS1521fS30004S20e00S22f04S1851eM518x584S30004482x482S1521f475x515S1851e487x559S22f04482x542S20e00505x519
Asuero,,200,AS14400S30000S21100S2d609M538x517S30000482x482S14400486x448S2d609511x481S21100513x464
asustarse,"espantarse, aterrotizarse, aterrarse, estremecerse, atemorizarse",230,AS14e02S20500S26a02S14e0aS20500S26a16S36e00S30a00S34800M548x570S14e02500x531S14e0a467x531S26a02534x532S26a16451x531S36e00477x517S34800482x482S30a00482x482S20500480x559S20500508x559
atalaya,"torre del vigía, garita, torre de observación",278,M517x544S1f720489x456S1d210483x476S19a00489x505S22a04497x529
audiencia,,461,AS10040S22f04S1442aS2f900M525x532S1442a476x476S10040504x482S22f04500x518S2f900479x469
Augusto,,208,AS16d02S36a00S21410S20600M532x538S36a00482x477S16d02512x507S20600490x527S21410515x526
avisar,,642,AS18528S26a07S2f700M519x522S18528482x507S26a07498x478S2f700489x495
ayudar (mov. neutro),,933,AS1f710S15d39S20500S22a20M515x527S15d39492x493S1f710486x495S22a20492x474S20500488x516
azar,suerte,1237,AS1d451S22a00S16c18S32a10S1bb20S20500S1bb28S22a07S14c28S22a11S14c20M575x601S16c18503x521S1d451522x512S22a00530x492S1bb20518x559S1bb28495x559S20500512x590S22a07538x552S22a11479x555S14c20552x524S14c28458x528S32a10482x483
azucar,,309,M547x535S33b00482x483S1c501522x484S1c211519x432S22815509x461S21100500x449S26500529x466S20500519x512S21410517x527
B,,49,AS14720M507x511S14720493x489
bachillerato,,614,AS14711S36d00S20600M521x521S36d00479x480S14711478x489S20600478x510
bajo,"inferior, menor, insignificante",898,AS18010S22a04S2f700S18018S22a14S2f700M543x520S18010513x480S18018458x480S22a04515x494S22a14473x494S2f700473x513S2f700516x513
banano,banana,268,M532x537S2030a494x489S1ea11489x463S2a602515x489S2a603473x490S1ea01504x516S1ea01469x516
Barbosa (Santander),barbosa (santander),1104,M518x545S20500507x534S20500485x533S15d1f469x508S2d508490x523S2ff00482x483
Barichara (Santander),barichara (santander),1105,M526x530S16c49474x470S10a50487x484S23604487x513
barón (españa),,1234,M546x523S14701504x489S18501472x493S20500478x512S27102531x481S36d00479x478
Barrancabermeja (Santander),barrancabermeja (santander),1106,M525x562S33b00482x483S20300510x506S27102496x522
barrera,"traba, rechazar, repelar, cortafuegos, contrafuegos, firewall",852,M525x522S15d0a475x495S16620491x482S20500512x498S21410510x514S26500510x479
base (matemáticas),,990,AS15d51S2ea06S15a1aS2f900M516x534S15a1a485x475S2f900491x467S15d51490x492S2ea06491x519
Bb tactil,,556,AS14720S15d08S21410S21414S20500M519x526S15d08482x474S20500490x510S21414504x506S21410504x518S14720505x479
bebé,"niño de pecho, recién nacido",100,AS15d32S37906S15d3aS37806S20500S27126M549x519S15d3a502x493S15d32460x482S37906463x505S37806486x494S20500451x501S27126534x480
Betel,,12,M523x518S15a1a477x506S14720481x483S20600501x493
Betulia (Santander),betulia (santander),1107,M575x546S34700482x483S14710513x454S2c304521x475S18540506x531S18548476x531S26506537x531S26512457x532S1f740555x530S1f748434x530
Biblia,"Santas Escrituras, Sagradas Escrituras, Palabra de Dios",184,M533x563S15a40502x458S15a48489x458S2a208510x436S2a210468x436S2fb00493x438S20500497x488S15d38476x522S2f900484x511S1d450501x507S2b705508x539
Biblia,"Santas Escrituras, Sagradas Escrituras, Palabra de Dios",185,M520x523S20500480x476S20500496x512S2880c508x498S14721492x481S15a18480x492
Biblia,"Santas Escrituras, Sagradas Escrituras, Palabra de Dios, El Libro, La Palabra, Las Escrituras",39,M521x530S20500489x479S20500492x519S2880c496x492S14721500x471S15a18479x488
bicicleta,bici,1041,AS20350S2ea00S2fb04S20358S2ea4cM522x527S20350505x474S20358478x474S2ea00507x495S2ea4c478x496S2fb04492x521
bigote,"bozo, mostacho",129,AS10002S33100S21100S26506M558x523S33100482x482S10002493x508S21100526x508S26506543x509
bit,digito binario,464,AS1eb30S21d00M515x516S1eb30491x497S21d00486x484
blanco,"níveo, albo, blancura, albor, blancor, albura",130,AS1dc11S30a00S34400S24e37M532x545S30a00482x482S34400482x482S1dc11484x515S24e37509x513
boca,,131,AS10001S33b00S21100S2e300M551x542S10001506x502S33b00482x482S2e300528x498S21100533x528
Bogotá,,1148,M539x536S36d00479x465S37601479x468S37609506x467S20602514x511S20602476x512S26a02525x509S26a16460x509
Bolivar (Santander),bolivar (santander),1108,M540x521S36d00479x479S15d03503x485S21100527x497S22a03516x507
Bolivia,,1155,M521x528S1a310480x472S2e100498x499
borrar,eliminar,954,M524x518S15d0a489x482S20320509x494S26502476x504S20e00494x504
Brasil,,1173,M508x529S14710492x471S29904494x497
Brasilia (Brasil),,1175,M571x528S1e411503x489S1e419479x489S26f06527x488S26f12462x488S1f418430x502S1f410542x502S20500497x473
brazo,"extremidad, miembro, articulación",132,AS15d01S37602S21410S21100S24109M526x539S21410474x493S15d01503x480S21100476x474S24109479x507S37602496x462
Bucaramanga (Santader),bucaramanga (santander),1096,M536x533S33b00482x483S21900522x481S10a20508x505S20500504x522S26500521x494
bug (informático),"bicho (informático), error (informático)",893,AS1a011S21900S2031aS37806S21100S26502M525x528S26502476x495S21900499x472S15d39502x505S21100480x511S1a011497x483
C,,50,AS16d10M509x510S16d10492x490
cabello,pelo,133,AS1d411S2ff00S20800S22a07M542x517S2ff00482x482S1d411508x458S20800519x485S22a07529x458
cabeza,testa,134,AS16e10S30007S20600M535x517S30007482x482S16e10512x476S20600498x461
cabra,"chivo, irasco, chivato, chiva",1119,M519x573S30004482x483S17d40493x521S21000468x521S22f04493x539S18540493x558
Cabrera (Santander),cabrera (santander),1109,M542x528S29d0a484x507S15d50459x499S2a208474x472S2a204496x487S2a208519x472
cada uno,"individualmente, uno a uno, individuo por individuo",101,AS1f540S1f548S20e00S22f04S26626M531x530S1f548468x487S1f540480x470S20e00488x499S22f04480x516S26626501x489
cadena,,865,AS1ce10S28336S20a00S2fb01S1ce48S2834aM552x525S1ce10466x475S1ce48448x477S20a00462x509S28336509x486S2834a489x507S2fb01490x494
café,,310,M557x532S2ff00482x483S20500504x501S1d441518x486S2c304530x508
Caín,Cain,186,AS16d17S30005S20600M536x531S30005482x482S16d17516x504S20600495x520
caja de herramientas,,1112,M554x568S14e50506x440S14e58470x439S22a00514x474S22a10475x474S2c300528x461S2c311447x460S2fb00495x432S11549486x497S10041503x501S23004505x536S23014477x528S2fb04489x562S2f700491x550
calculadora,,586,AS14e51S22621S2e501S15d39S21400S20600M526x545S15d39487x455S14e51498x462S22621474x484S20600488x524S21400492x540S2e501489x492
calibrador,calibradora,627,AS1ec40S31400S21410S20500S1eb10S22a04S2e00fS15a18S2f900M545x586S31400482x483S1ec40522x484S20500522x507S21410519x520S15a18482x534S1eb10496x541S2e00f525x552S22a04506x566S2f900482x565
California (Santander),california (santander),1110,M522x527S19c50478x473S2a500501x494
callado,,969,M518x533S35300482x483S10010485x503S20500504x519
calvo,"pelado, lampiño, alopecia, pelona, calvicie, pelonía, pelón",135,AS15d12S2031aS21100S35300M526x565S35300482x482S2031a493x550S15d12493x528S21100513x551
cámara fotográfica,,587,AS1ed10S21600S1ed18S35300S33540S33550M530x519S33540513x495S35300483x482S21600472x466S1ed18456x477S1ed10488x477S33550470x497
camarón,,311,M517x526S10a40502x499S21900503x485S2fa00505x474S26502483x512
caminar,andar,231,AS11250S22510S26500S15d38S21400S20500M522x532S15d38478x483S11250503x499S26500502x467S21400490x527S20500493x512S22510499x484
camión,"camión jaula, camión estaca",1061,AS16d10S26505S16d18S26511S21414S20500S21410S15811S15819S20700S26d0aS26d1eM534x567S15811498x516S15819469x517S20700490x496S26d0a515x540S26d1e466x540S16d10497x454S16d18487x448S20500522x453S26505515x477S26511472x434S21414518x439S21410519x467
camión,,1064,AS16d10S16d18S21414S21410S20500S26505S26511M531x528S21410516x505S21414515x477S26511469x472S20500519x491S26505512x515S16d10494x492S16d18484x486
camión,camión cisterrna,1063,M532x571S21410517x460S21414516x432S26511470x427S20500520x446S26505513x470S16d10495x447S16d18485x441S20710479x556S2f900491x526S12d02498x531S17654487x534S33c00482x483
campo semántico,,610,AS22234S22a04S17730S2f900S14c0aM526x527S14c0a474x484S17730502x512S2f900483x473S22234500x505S22a04508x486
canal,,838,AS16d10S2c100S20500S21410S16d18M518x530S16d18483x509S16d10483x486S20500506x506S21410503x522S2c100493x470
canoso,"rucio, entrecano",136,AS1c510S30f00S35d00S21100S26504M545x537S26504528x522S35d00482x482S21100528x504S1c510515x473S30f00482x482
cansado,"fatigado, exhausto, rendido, molido, agotado, extenuado",232,AS18003S20500S2c300S1800bS20500S2c311M554x520S18003504x484S1800b475x484S20500508x509S20500482x509S2c300528x479S2c311446x479
capa de red,network layer,469,AS15a50S15a5aS21400S20e00S26502M525x519S15a50513x482S15a5a484x482S21400494x514S20e00495x498S26502476x498
Capernaum,,66,AS20304S15a16S21100M519x515S15a16492x503S20304498x485S21100480x485
Capitanejo (Santander),capitanejo (santander),1117,M532x631S15d16476x549S18551480x527S24104504x525S21100508x597S26500506x575S14c50476x579S15d16475x612S21400506x614S20500467x532S35a04495x482S35d00469x483
cara,"rostro, faz, semblante, fisonomía",137,AS10b01S2ff00S21410S2e305M541x544S2ff00482x482S2e305488x487S10b01520x503S21410523x536
Caracas,,1149,AS16d10S26a02M509x527S16d10492x473S26a02495x500
carbohidrato,carbohidratos,1073,AS26506S16d18S2f900S11941M529x519S16d18471x491S2f900474x482S26506514x495S11941486x498
Carcasí (Santander),carcasí (santander),1118,M554x525S2ff00482x483S1dc21517x488S20500514x514S26500532x470S1f110525x450
cardinal,cardinalidad,1208,AS16631S26500S15731S16c48S2f900M521x535S16c48479x486S16631497x511S15731489x465S26500503x490S2f900482x511
carne,,312,M584x530S33b00482x483S11821504x500S11021555x497S26a06538x497S20e00508x518
Carta (Santander),charta (santander),1123,AS17730S22a04S20500S1531aM520x525S1531a495x510S17730480x491S22a04503x476S20500505x494
casa,,256,M524x519S15a11501x496S15a19475x496S20600489x481
castigar,,40,M523x533S37602498x467S10011502x493S20e00489x508S22a03476x519S2f900490x525
catorce,14,405,AS1f701S2df0fS14420M526x528S1f701475x484S2df0f487x504S14420504x473
Cc tactil,,555,AS16d20S15d08S21410S21414S20500M519x526S15d08481x474S20500489x510S16d20502x480S21410503x518S21414503x506
cebolla,,269,AS15d02S17737S20600S21400M528x521S17737481x502S15d02473x479S20600506x497S21400510x511
ceja,,138,AS10b01S30b20S21100S26506M549x520S30b20482x482S10b01502x490S21100519x485S26506534x484
celular,"móvil, telefonía celular, telefonía móvil",467,M535x529S2ff00482x483S14710521x493S20500510x518
celular,"teléfono inteligente, móvil, teléfono móvil, dispositivo móvil",959,AS15a10S20600S34400M533x518S34400482x483S15a10521x486S20600507x471
cena,comida nocturna,318,M545x581S33b00482x520S18501516x535S21410522x573S26a04516x556S16c10525x456S16c18457x459S20319512x490S20311469x490S28a1b486x463S21410494x503S28a03484x465S2ff00482x446
centralismo,,1260,M554x544S14c50530x507S14c58447x513S15a1a487x484S1f502496x456S20500481x467S2890f498x500S28917476x510
centro (geometría),,1228,AS10050S2ee05S26500S1ed18S2f900M531x529S1ed18470x476S10050490x487S2ee05509x510S26500509x491S2f900472x471
Centro de Memoria,,572,AS14702S15a1aS20600M527x514S14702479x486S15a1a473x502S20600505x501
Cepitá (Santander),cepita (santander),1120,M519x573S30004482x483S17d40493x521S21000468x521S22f04493x539S18540493x558
Cerrito (Santander),cerrito (santander),1121,M534x518S15d48466x490S15d40515x491S2880a489x482
certificado,constancia,1047,AS16d10S21100S22a04S21414S15d09M521x521S15d09479x481S16d10504x490S21100489x490S22a04489x506S21414506x479
cerveza,,313,M528x553S30005482x483S20310513x514S20e00503x541S26a01484x523
Charalá (Santander),charala (santander),1122,M540x525S20310512x494S27100500x476S36e10480x513
charlar,"platicar, hablar, negociar",452,M523x541S15a37492x498S10041501x511S20500499x482S20500489x492S20500478x503S27120484x460
chat,,1083,M536x525S21e02465x487S21e02530x487S1c110474x476S1c118503x476S37703493x502S3770b483x503
chévere,"buenísimo, estupendo, agradable, bonito, magnífico",82,AS1dc01S31400S20500S26500S1f701M537x531S31400482x482S1dc01506x501S20500521x492S26500519x473S1f701516x447
Choco (Colombia),,64,M537x523S2ff00482x482S11810522x496S20500511x494S20500505x507
chocolate,,314,M540x533S15d40502x467S15d48480x473S21100499x519S27104500x499S27110461x506
chrome,Chrome,1268,AS17611S2f000S37b00S37b00S16c18M526x523S16c18474x478S17611488x486S2f000497x502S37b00491x507S37b00524x507
ciber-,,808,AS1bb22S2c300S21b00S2f700S37806S2031aM535x529S2031a498x514S37806466x515S1bb22477x486S21b00470x495S2c300509x479S2f700495x471
cibercafé,,844,AS1bb22S2c300S21b00S2031aS37806S2f700S1d440S2c304S2ff00S20500M549x541S2031a500x453S37806468x454S1bb22479x425S21b00472x434S2c300511x418S2f700497x410S1d440506x494S2c304522x517S2ff00482x483S20500504x519
cibercultura,,810,AS1bb22S2c300S21b00S2f700S37806S2031aS16d10S2df06S10018M535x563S2031a498x480S37806466x481S1bb22477x452S21b00470x461S2c300509x445S2f700495x437S10018476x533S16d10482x522S2df06500x509
ciberespacio,,845,AS1bb22S21b00S2c300S2f700S37806S2031aS11521S37c06S2880cS22a06S37806S2031aS2f900M546x559S2031a487x484S37806455x485S1bb22466x456S21b00459x465S2c300498x449S2f700484x441S37806455x544S2031a487x544S2f900488x535S11521484x508S2880c517x517S22a06531x532S37c06514x513
cibernética,,812,AS1bb22S2c300S21b00S2f700S37806S2031aS14c31S27100S2fc04S14c39S27114M560x563S2031a496x480S37806464x481S1bb22475x452S21b00468x461S2c300507x445S2f700493x437S27100520x514S14c31490x508S14c39482x536S27114441x535S2fc04520x539
cibersexo,,813,AS1bb22S2c300S21b00S2f700S37806S2031aS10620S2ff00S20500S20500M539x535S2031a502x451S37806470x452S1bb22481x423S21b00474x432S2c300513x416S2f700499x408S2ff00482x483S10620517x509S20500512x495S20500503x509
cielo,,17,M590x517S14c12539x458S14c1a503x458S22510512x443S22510541x443S26512481x462S26506575x461S2fc00530x486S32107482x482
cien,100,377,AS1e411S26506S1eb10M534x516S1e411467x485S1eb10510x494S26506493x497
ciencias,ciencias humanas,616,AS11851S21901S15d3aS22a24M525x527S15d3a476x491S11851494x481S21901487x473S22a24497x512
cinco,5,25,M512x520S14c20489x481S2f900495x515
cinco mil,5000,389,M524x522S15d18476x478S20500491x511S14c01498x483
cincuenta,50,386,M531x514S17610515x495S26506497x496S14c01469x487
circunferencia (matemáticas),,987,AS10b20S2e404S20500S1eb28S2f900M524x531S1eb28477x497S2f900479x520S10b20501x505S20500482x484S2e404495x470
Citroën,Citroen,778,M539x532S11521502x484S11529472x484S22a05526x508S22a13462x507S20500497x469S2fb04493x526
CL-Vehiculo-de-dos-ruedas,bicicleta,1040,M547x572S15d40517x539S20350470x551S2f900473x542S2dc06534x523S30e30489x491S35100482x483
CL-Vehiculo-de-dos-ruedas,motocicleta,1026,AS15d40S2dc06S20350S2f900S30e30S33b00S36140M546x571S15d40516x538S20350469x550S2f900472x541S2dc06533x522S33b00482x483S30e30488x490S36140494x503
cocinar,,316,M541x540S15438472x489S15430513x476S22620507x461S22620466x474S23600502x506S2361c459x519S2fc05499x525
coco,,270,AS16c10S16c18S36d00S26a00S26a10M557x523S36d00479x519S16c10531x496S16c18507x495S26a00530x477S26a10501x477
código,,836,AS14c40S2e700S2fb04S14c48S2e74cS26502S18540S26516S18548S20500S34500M586x563S14c40562x516S14c48408x516S18540502x532S18548474x532S26502530x532S26516452x532S20500496x543S2fb04493x557S34500482x483S2e74c435x524S2e700547x527
código de ética,,596,AS34500S14c40S2e700S14c48S2e74cS18540S26502S18548S26516S20500S2fb04S35000S36d00S2f900S18548S1ce02S20800S2b731M584x636S14c40560x471S14c48406x471S18540500x487S18548472x487S26502528x487S26516450x487S20500494x498S2fb04491x512S36d00479x568S1ce02492x614S20800508x599S2b731506x577S2e700545x482S2e74c433x479S18548459x591S2f900467x581S34500480x438S35000481x528
cola,"lista-de-espera, items-en-espera, queue, FIFO",849,M528x528S14c0a473x501S13f11498x476S22235490x472S2880c512x506S2f900474x521
Colombia,"colombia, colombiano, colombiana",1,M513x521S2ea06488x506S16d10492x479
Colombia,"nacional, Nacional",553,AS14c01S2e300S19a0aS2f900S21410M523x538S19a0a478x472S2f900481x462S14c01497x474S21410501x530S2e300497x499
Colombia,,510,M521x537S1ce20499x463S1ce28480x464S20a00490x498S2e826484x522
colpensiones,,352,AS1ed10S20600S10020M523x528S10020505x498S1ed10497x473S20600477x496
columna central,,1230,AS15320S26f00S26706S15a18S2f900M540x520S15a18460x484S15320477x480S26f00495x489S26706498x503S2f900460x515
columna izquierda,"lateral izquerdo, lado izquierdo, la parte izquierda",1229,AS19220S26506S20500S15a18S2f900M525x520S15a18476x481S19220490x484S20500492x509S26506510x489S2f900477x512
comer,"alimentarse, tragar, comida, alimento",233,AS18501S33b00S21410S26a04M543x543S33b00482x482S18501516x497S21410522x535S26a04516x518
comer,"alimentarse, tragar, comida, alimento",234,AS18001S22124S33b00S21410M541x530S33b00482x482S18001516x498S21410520x522S22124519x489
comillas,,944,AS1f420S2a30cS2fb04S1f428S2a314S2ff00M553x557S1f420524x498S1f428444x499S2ff00482x483S2a30c520x517S2fb04493x539S2a314456x516
comillas,comillas dobles,943,AS1f420S2a20cS26506S2a20cS2fb04S1f428S2a214S26512S2a214S2ff00M569x550S1f420524x498S1f428444x499S2ff00482x483S2a20c520x517S2a214456x516S2fb04493x539S2a20c546x515S2a214428x517S26506538x536S26512448x535
comillas,comillas sencillas,942,AS1f420S2a20cS2fb04S1f428S2a214S2ff00M553x545S1f420524x498S1f428444x499S2ff00482x483S2a20c520x517S2a214456x516S2fb04493x539
competencia,"habilidad, suficiencia, idoneidad, aptitud, capacidad",446,AS18010S30007S23600S18018S30001S23614M561x521S30001482x483S30007482x483S18010522x485S18018448x485S23600522x501S23614440x504
compilar,"recopilar, reunir, agrupar, coleccionar",895,AS14e40S21100S2d901S20340S21400S15d16M536x534S15d16482x515S14e40510x467S21400514x523S20340491x497S21100515x503S2d901464x490
compnentes,"entradas, detalles, aspectos, elementos, items, puntos, apartados, partes",1225,AS1f410S2480cS14c0aS2f900M534x518S14c0a468x491S2f900467x512S1f410505x482S2480c501x490
computador,,588,AS16d20S2031aS37806S20e00S27106M534x525S20e00486x490S16d20501x485S37806487x511S2031a519x510S27106466x476
computadora portátil,"computador portátil, computadora personal, computador personal",934,AS15a12S15a16S2c500M520x528S15a16488x516S15a12485x500S2c500480x472
computadora portátil,"computador portátil, computadora personal, computador personal",935,AS15a12S15a16S2c300M515x528S15a16488x516S15a12485x500S2c300487x472
comunicación,comunicar,830,AS16d10S26c00S2fb04S16d18S26c10S33b00M535x562S33b00482x483S16d10512x516S16d18471x515S26c00508x543S26c10465x542S2fb04491x556
comunicación asincrónica,,1086,M533x696S33b00482x483S16d10510x524S16d18475x525S26c00506x554S26c10471x554S2fb04494x578S10021493x615S10029476x615S20500493x631S10a12502x659S2031a504x681S37806475x681S20600475x664S26506512x601S26512472x602S2fb00494x594
comunicación sincrónica,,1082,M533x696S33b00482x483S16d10510x524S16d18475x525S26c00506x554S26c10471x554S2fb04494x578S10050504x597S10058486x596S20500498x631S10a12502x659S2031a504x681S37806475x681S20600475x664
con gusto,"con placer, de buena gana, mucho gusto",335,AS15d01S20500S26507S2f700M520x530S15d01481x499S20500481x519S26507503x482S2f700508x470
con respecto (matemáticas),,1097,M554x526S36d00479x479S11511529x489S11519505x490S20500525x475S2c650523x510
concejal,,1134,M530x548S17731492x454S17739470x453S20500487x477S2f404482x492S17739470x518S2f900474x507S1ed26511x501S22a04512x533
concepto,,601,AS30007S20500S16d10S22a07M548x518S30007482x483S16d10517x470S20500523x495S22a07535x456
conciencia,,450,AS18010S20600S30007S18009S20600S36d00M547x558S30007482x483S36d00479x524S18010517x484S18009464x524S20600506x469S20600477x547
concreto,,477,M520x517S17630482x501S19a00492x483S20800480x486
conde (españa),,1233,M521x521S36d00479x480S15302469x491S20500477x510
condicional,pregunta,964,AS30a00S30357M518x524S30a00482x489S30357500x477
condicional (grmática),,906,AS10011S22e00S10019S22e10S30a00S30357M540x543S30a00482x488S30357500x478S10011519x491S10019462x490S22e00522x525S22e10464x524
conectivismo,,1116,M545x550S1c510503x493S1c518467x493S2c500505x464S2c514455x463S2fc00492x450S20600490x513S2d920481x530
conectivistmo,,1115,M554x537S1c510495x506S1c518459x506S2c500497x477S2c514447x476S2fc00484x463S2d626532x506S20600482x526
conexión,,924,AS1ea41S26502S20500S2031aS37706S2f900M545x518S2031a479x491S37706455x491S2f900481x482S1ea41498x485S20500494x507S26502530x489
configuración manual,,342,AS20320S37800S2f004S16d0aS20800M522x524S16d0a479x499S20320481x477S37800487x492S20800504x506S2f004502x481
conflicto,,1052,AS10002S1000aS27122S36d00S35000S30e30M521x587S10002475x539S1000a436x539S27122464x548S36d00479x525S35000483x483S30e30489x491
conflicto armado,,1053,AS10002S1000aS27122S10602S22012S27102S1060aS22006S27112S2fb04S36d00S35000S30e30M533x644S10002475x539S1000a436x539S27122464x548S36d00479x525S35000483x483S30e30489x491S10602489x610S27112408x597S1060a427x610S27102518x598S22012475x597S22006456x597S2fb04464x638
conflicto de baja intensidad,,1054,AS1f210S24f0cS2fa00S1f218S24f14S2fa00S2f800S2fc04S35000S30e30M593x542S1f210561x468S1f218521x469S24f0c573x495S24f14520x496S2fc04551x497S35000482x483S30e30489x491S2fa00523x535S2fa00579x534S2f800538x484
congruencia (símbolo matemático),≅ (símbolo matemático),685,AS10b1aS2990eS11502M533x524S11502503x509S10b1a467x477S2990e498x493
conjunción (símbolo matemático),⋀ (símbolo matemático),689,AS10e04S2f900M508x519S10e04493x489S2f900495x481
conjunto (matemáticas),,1079,M517x523S16c40497x483S16c48484x477S20800491x505S2f900491x518
conmutador,switch,465,AS17d10S17d18S20500S26506S26512S18520S18528M575x515S17d10501x500S17d18476x500S18520550x499S18528425x500S26506528x501S26512455x501S20500497x485
consejería,,1038,AS16d40S16d48S15030S26500S21400S21100S14c09M530x544S14c09480x491S15030479x457S21400515x512S21100515x493S16d40497x523S16d48470x524S26500515x470
consejo,,1133,M521x525S17731502x477S17739480x476S20500497x500S2f404492x515
constitución política,"norma de normas, máxima ley",445,M531x530S15d28504x478S11e02469x482S21410505x522S2990a499x505S2f900504x470
contacto,,157,AS1c527S20610S1c508M531x523S1c508470x483S1c527501x498S20610497x477
contenido,contenidos,593,M525x527S26a04498x513S18551498x474S21100504x495S15d18475x482
contento,,1034,M533x576S18001508x519S18009463x519S20e00515x564S20e00468x562S22f00508x545S22f10461x543S33f00482x483
CONTEXTO,,479,M553x524S17630451x498S17e10459x476S20500448x478S14c3a517x500S17e10530x477S20500519x483S22a04506x491
contigencia,,1192,AS10e02S24d04S2f900S1440aM531x527S1440a469x484S2f900472x475S10e02496x473S24d04507x492
contradicción,,1193,AS1df20S2480cS2f900S1440aM525x531S1440a476x500S2f900479x491S1df20506x469S2480c509x503
contradictorio,,1216,AS10e22S28136S2fc04S10e0aS28112M565x517S10e22501x485S10e0a470x486S28136533x483S28112435x486S2fc04493x506
contrarias (matemáticas),,1218,AS10e20S26502S1c510S23600S2fc00S10e28S26516S1c518S23614M571x529S10e20556x477S10e28430x478S1c510505x481S1c518466x481S26502538x488S26516449x488S23600504x512S23614458x512S2fc00493x472
conversar,"charlar, hablar",247,AS14c17S26a00S2fb00S14c1fS26a10S34700M544x543S34700482x482S14c17517x499S14c1f457x499S26a00510x528S26a10462x529S2fb00492x523
coordenadas (matemáticas),"coordenadas cartesianas (matemáticas), coordenadas rectangulares (matemáticas)",985,AS1eb20S26500S26500S26500S26500S2440cS1dc28S2f900M534x533S1dc28487x494S2f900488x528S1eb20510x503S26500518x488S26500467x489S26500518x470S2440c481x473S26500467x468
corazón,"cardio, el mango",139,AS1f751S1f759S36d00S21100S2880cS21100S28814M521x526S1f751490x481S1f759466x481S2880c492x504S28814474x504S21100506x501S21100460x500S36d00479x475
cordial saludo,,353,AS16f10S2d608S14c30S2fc00S20800S16d48S2d610S14c38M560x536S16d48484x501S16f10496x507S20800493x526S2d608505x491S2d610466x484S2fc00494x475S14c30536x472S14c38440x464
coronavirus (1),"COVID-19 (1), coronavirus-COVID-19 (1)",769,AS17610S22214S28800S20313M519x524S20313481x478S17610501x508S22214498x501S28800503x476
coronavirus (2),"COVID19 (2), coronavirus-COVID19 (2)",770,AS14c20S2e004S20500S20319M521x532S20319479x489S14c20482x468S20500505x488S2e004500x504
correr,,235,AS20310S2eb00S36d10S2fc04S20348S2eb40M540x534S2eb00525x485S2eb40459x484S2fc04494x512S20310524x467S20348462x519S36d10479x469
correr,,236,AS15d1cS27100S2fc04S15d14S27114S36d10M552x534S2fc04494x510S36d10479x467S15d14456x488S15d1c525x488S27100512x518S27114449x519
corrupción,,1055,AS18531S22f00S37703S37a06S15a1aS21404S20600S34500S32113M518x589S18531457x525S37a06443x546S37703480x538S15a1a484x541S22f00464x575S21404467x553S20600465x560S34500482x483S32113490x490
cortafuegos,"contrafuegos, barrera, cortar, obstáculo, traba, firewall",850,AS15d40S1801aS20e00S22a04M518x531S1801a483x481S22a04500x516S15d40499x470S20e00500x500
cortafuegos,"contrafuegos, barrera, cortar, obstáculo, traba, firewall",851,AS15830S22230S2ea00S15838S22230S2ea4cS2fc04S15d40S20e00S22a04S1801aS33520S33b00M583x609S1801a484x559S22a04501x594S15d40500x548S20e00501x578S22230552x478S15830557x488S2ea00563x519S2ea4c531x531S22230523x491S15838524x500S2fc04552x547S33520479x470S33b00484x496
cortafuegos,"contrafuegos, barrera, obstáculo, repeler, firewall",853,AS15830S22230S15838S22230S2ea00S2ea4cS2fc04S15a11S15a19S26520S2f700S33520S33b00M583x618S2fc04552x547S33520479x470S33b00484x496S15838524x500S22230552x478S15830557x488S2ea00563x519S2ea4c531x531S22230523x491S15a19536x595S15a11536x595S26520542x577S2f700543x564
Corte Constitucional,,490,AS11502S16d18M520x519S16d18481x496S11502489x504S20700502x482
Corte Constitucional,,495,AS11851S11859S2d606S2d61eS11e02S29906S15d28S2f900S21410M538x564S11851507x465S11859468x466S2d606507x437S2d61e474x437S15d28498x506S11e02462x507S29906487x538S21410498x556S2f900499x497
cotidiano,,485,M557x551S30005482x483S10e04514x515S26615535x529S20500521x499
creatividad,"creativo, imaginativo, inventiva, inventivo, originalidad, singularidad, ocurrencias",941,AS30007S14410S2ea00S2fc00S30001S14418S2ea4cM541x518S2fc00489x450S30001482x483S30007482x483S14418456x486S14410519x473S2ea00510x449S2ea4c471x459
crecer,,169,AS18040S22b00S36d00M546x525S18040515x510S36d00479x487S22b00521x475
cronograma,,631,AS14c20S2330aS14c02S14c0aS2f900S15d10S15d18S2fb00S26726S26a20S2f700M549x559S14c0a462x444S14c20466x477S14c02504x442S2330a487x459S2f900463x464S15d10487x532S15d18451x532S26726507x537S26a20509x525S2fb00470x524S2f700518x552
cuadricula,matriz,630,AS14c20S2330aS14c02S14c0aS2f900M537x533S14c0a464x469S14c20468x502S14c02506x467S2330a489x484S2f900465x489
cualitativo,,1030,AS1f502S2e232S11829S2f900M541x515S2f900462x509S11829459x486S1f502494x487S2e232509x496
cualitativo,,1031,AS1f502S2e232S1a418S2f900M541x520S2f900462x514S2e232509x501S1f502494x492S1a418460x481
cuantificador (matemáticas),,1214,AS15a12S23600S15a16S23614S26826M540x521S26826490x494S23614491x504S23600492x480S15a12460x484S15a16462x505
cuantitativo,,1029,AS17430S21e00S11829S2f900M527x515S17430505x497S11829473x487S21e00513x485S2f900476x510
cuantitativo,,1032,AS17430S21e00S1a418S2f900M527x520S17430505x502S2f900476x515S21e00513x490S1a418474x481
cuarenta,40,384,AS14401S2df0fS17610M529x524S17610513x488S14401472x477S2df0f496x500
cuarenta y dos,42,430,AS14401S2df0fS10e20M530x526S2df0f495x502S14401471x479S10e20515x474
cuarenta y tres,43,431,AS14401S2df0fS10e20M530x526S2df0f495x502S14401471x479S10e20515x474
cuarenta y uno,41,429,AS14401S2df0fS10020M530x526S2df0f495x502S14401471x479S10020515x474
cuatro,4,27,AS14420S2f900M511x520S14420489x480S2f900493x515
cuatro mil,4000,385,M525x522S15d18476x478S20500491x511S14401497x480
cuatrocientos,400,26,AS26506S21600S14501M526x519S21600488x482S14501496x490S26506474x497
cuello,"garganta, pescuezo",140,AS16c02S36a00S21410S21100S22a04M536x552S36a00482x477S16c02515x502S21100494x520S22a04495x537S21410518x524
cuerpo gobernante,"junta directiva, junta de directores, junta de gobierno, consejo ejecutivo, consejo directivo, consejo de administación, consejo de dirección, comité ejecutivo, comité de gestión, comité de dirección, mesa directiva",1161,AS19240S15a37S20600S21400S1f701S2df00S20500S30000M547x518S30000482x483S1f701488x474S20500512x475S2df00521x479S15a37494x440S19240489x432S20600525x437S21400528x452
cultura,,638,AS16d10S2df06S10018M519x532S10018482x502S16d10487x490S2df06499x469
cumplimiento,"en conformidad con, cumplimiento normativo, compliance",1226,AS18500S25604S14c31S30000S20500S14c0aS2f900M531x574S30000482x483S18500506x477S20500493x467S14c0a478x521S2f900483x543S14c31502x547S25604515x506
cumplimiento,"en conformidad con, cumplimiento normativo, compliance",1227,AS18500S25604S1571fS30000S20500S14c0aS2f900M531x567S30000482x483S18500506x477S20500493x467S14c0a478x521S2f900483x543S1571f509x538S25604515x506
currículo,"curriculum, plan de estudios, programa de estudios",436,AS16d10S15d08S21510S21100S2b800M522x528S15d08479x484S16d10489x500S21510507x517S21100508x501S2b800497x472
curso,"materia de enseñanza, tema de aprendizaje enseñanza, curso académico",803,AS15d40S26902S2fb04S15d48S26912S34500M535x582S15d40516x523S15d48467x522S26902506x559S26912465x557S34500482x483S2fb04490x576
curuba,,271,M544x531S17d10502x485S17d18476x485S18517525x504S1851f457x503S2880b504x503S28813477x503S2fb04493x524S20500497x470
D,,51,M508x515S10110492x485
dar algo,"dar, entregar algo esferico",372,M525x531S17e06510x508S17e46475x470S26501497x494
David hijo de Jesé,David el rey,165,AS30007S1ea10S20500S2db06M542x517S30007482x482S1ea10517x480S20500505x469S2db06526x445
David Paul Ausubel,Ausubel,522,AS11912S20500S36d00S22a04S14403S21100S22a03M552x533S36d00479x489S11912514x468S14403488x505S22a03513x519S20500542x487S21100525x507S22a04526x488
Dd tactil,,558,AS10d20S15d08S21410S21414S20500M519x526S15d08481x474S20500489x510S21414503x506S21410503x518S10d20501x476
débil,poca fuerza,237,AS15803S27100S15e18S20500M521x530S15803492x488S15e18479x520S20500505x509S27100481x470
decimal,"decimales, número decimal, números decimales",858,AS1eb10S2c300S17438S21e00S2f900M537x530S17438464x480S21e00464x471S2f900467x501S1eb10488x487S2c300511x507
decimal (sistema numérico),,1137,M542x522S17614459x505S2f900461x496S14c10476x491S22620475x479S26506501x505S21900525x480S14520517x491
dedos,,214,AS14c01S22521S14c09S22527M541x521S14c01515x494S14c09459x494S22527474x479S22521501x479
deductivo,,1196,AS10b30S2e732S22a04S15a16S20500M524x532S15a16497x520S10b30501x489S2e732476x469S22a04483x489S20500485x508
Defensoría del Pueblo,,491,AS21b00S21b00S2d60aS2d612S14420S14428M525x538S14420502x480S14428476x479S2d612475x517S2d60a502x518S21b00485x464S21b00506x463
definición (matemáticas),,1093,M531x527S15d18469x474S14017491x492S20500491x477S2e700516x502
denominador,denominador de la fracción,870,AS17430S21e00S22a04S17430S21e00S10b19S2f900S10002S26502S2f700S10b19S2f900S32a10M543x559S10b19462x435S17430485x415S17430486x452S21e00490x405S21e00491x443S22a04511x432S2f900467x460S32a10482x483S10b19460x530S2f900463x554S10002491x539S26502528x534S2f700527x552
departamento,"cantón, dependencia, ramo",432,AS10111S21100S21400S20348M517x525S20348483x499S10111487x475S21100503x504S21400502x520
depurar (un error informático),,907,AS20310S21600S20e00S2c635S15d39M523x522S20e00506x489S2c635506x505S15d39478x499S21600486x478S20310483x489
derecha,,524,AS10120S26506M518x515S10120482x485S26506503x501
derecho,"còdigo, normativa, reglamentación, regulaciones, jurisprudencia, estatutos, legislación",1201,AS20351S26507S2f710S36d00M545x524S20351512x503S26507530x491S2f710533x481S36d00479x477
derivación implícita (matemáticas),,748,AS1eb20S22e04S2f900S19a08S19852S19848S20700S22a24M526x553S19a08474x466S2f900486x490S1eb20501x448S22e04509x471S19848489x507S19852501x498S20700507x521S22a24510x538
derivada (matemáticas),,734,AS1eb20S22a04S2fd04S1ed18S26913M533x527S2fd04501x519S1ed18483x492S26913467x508S1eb20509x473S22a04519x496
derivada de la función cosecante (matemáticas),,747,AS1eb20S22a04S2fd04S1ed18S26913S10012S26505S20700S16d18S2f900M543x559S2fd04492x487S1ed18474x460S26913458x476S1eb20500x441S22a04510x464S16d18485x516S10012496x526S20700484x541S26505530x546S2f900487x507
derivada de la función coseno (matemáticas),,743,AS1eb20S22a04S2fd04S1ed18S26913S1f010S20700S16d18M535x559S2fd04500x487S1ed18482x460S26913466x476S1eb20508x441S22a04518x464S16d18493x516S1f010506x527S20700503x544
derivada de la función cotangente (matemáticas),,745,M540x552S2fd04495x495S1ed18477x468S26913461x484S1eb20503x449S22a04513x472S16d18488x524S10002492x519S21100509x537S26506525x536S2f900491x547
derivada de la función secante (matemáticas),,746,AS1eb20S22a04S2fd04S1ed18S26913S10012S26506S20700S16d18S2f900M543x558S2fd04491x489S1ed18473x462S26913457x478S1eb20499x443S22a04509x466S16d18484x518S10012495x528S20700483x543S26506528x528S2f900486x509
derivada de la función seno (matemáticas),,742,AS1eb20S22a04S2fd04S1ed18S26913S16d18S1dc20S20500S22a24M533x561S2fd04501x485S1ed18483x458S26913467x474S1eb20509x439S22a04519x462S16d18494x514S1dc20507x500S20500510x533S22a24508x546
derivada de la función tangente (matemáticas),,744,AS1eb20S22a04S2fd04S1ed18S26913S10002S26506S21100S16d18S2f900M541x556S2fd04493x490S1ed18475x463S26913459x479S1eb20501x444S22a04511x467S16d18486x519S10002485x541S21100508x524S26506526x524S2f900489x509
derivada de orden superior (matemáticas),,740,AS1eb20S22a04S2fd04S1ed18S26913S15d40S15d48S26626M542x545S2fd04501x501S1ed18483x474S26913467x490S1eb20509x455S22a04519x478S15d40488x517S15d48458x518S26626512x519
derivada de una constante (matemáticas),,738,AS1eb20S23b0aS15a50S1ed18S2f900M538x525S15a50526x498S1ed18463x495S23b0a501x500S1eb20489x476S2f900466x488
derivada de una potencia (matemáticas),,739,M536x519S1eb20490x481S1ed18464x500S22a04500x504S2f900464x491S10e04521x486
derivada parcial (fórmula matemática de una función de diversas variables),∇⨍= 𝜕y/𝜕x (fórmula matemática de una función de diversas variables),684,AS37e50S17610M509x512S37e50495x488S17610492x496
desayuno,,319,M566x522S36d00479x485S1ce02491x500S2d300527x479S20e00542x507
descansar,reposar,238,AS10e40S25604S2fb04S10e48S25614M532x533S10e40516x468S10e48469x467S25604516x503S25614468x503S2fb04492x503
describir,"especificar, definir, reseñar, delinear, detallar, relacionar",453,AS1f710S26500S14c40S20500S36d00S21410M544x541S1f710524x514S14c40519x460S26500524x495S20500509x515S36d00479x503S21410524x533
desigualdad,,1056,M554x567S15a50529x499S15a58460x504S23600515x530S23614444x534S36100479x475S36912475x504S36912514x503S36916478x511S36912516x518S36916517x511S36912476x517S2d820475x552S2fd00487x538
despertar,,239,M534x530S31c00482x482S22100520x492S20500507x519S1f410505x504
desplome-de-edificios,,16,M538x585S30d00482x482S35000482x482S15a11502x537S15a19476x537S26616471x559S26606508x559S22f04504x570S22f14467x571S20500495x522
determinante (matemáticas),,763,M544x532S18c01518x505S18c07456x506S20e00496x477S22a05503x491S22a13486x491S15a10529x479S15a18460x478S2f900459x469S2f900530x470S2fb04493x520
Día,,619,M556x586S33e00482x483S10000534x499S15a16529x574S37900540x527S37906490x579S28a03495x534
diadema,"diadema con micrófono, micrófono",947,AS1e103S33b00S20500M543x521S33b00482x483S1e103515x496S20500515x478
diagrama de Venn,,1080,M531x521S16c17495x481S16c1f481x480S26906513x505S26912469x505
diámetro (matemáticas),,991,AS10b20S20700S26606S1ed18S2f900M531x528S1ed18470x473S10b20500x480S20700478x512S26606501x512S2f900485x496
didáctica,,325,M539x518S30007482x483S1f710519x477S26500519x459S14c40514x422
diecinueve,19,410,AS1f701S2df0fS21700S14520M526x531S1f701474x487S2df0f486x507S21700509x469S14520501x478
dieciocho,18,409,AS1f701S2df0fS21700S18b20M525x531S1f701475x487S2df0f487x507S21700511x470S18b20505x479
dieciseis,16,407,AS1f701S2df0fS21700S10620M523x529S1f701477x485S2df0f489x505S10620502x480S21700503x471
diecisiete,17,408,AS1f701S2df0fS21700S11020M524x529S1f701477x485S2df0f489x505S21700509x471S11020505x479
dientes,,215,AS10a00S36100S20600M544x534S36100482x482S10a00503x508S20600522x503
diez,10,376,AS1f701S2e230M520x521S1f701481x480S2e230501x489
diezmo,"décima parte, diez por ciento, 10 %",1177,M532x530S1f701468x508S2df0c487x492S1ce20510x471S26904511x505
diferentes,,2,M545x565S10059480x544S10051502x543S20e00509x531S26f07515x513S26622474x528S30d00482x482S35000482x482
digital,1-0-1-0,806,AS10330S2a300S22214M518x539S2a300495x503S22214491x462S10330483x474
Dios,"El Ser Supremo, El Altísimo",163,AS34700S2c304S14710M548x517S34700482x482S14710513x453S2c304521x474
Dios,,31,M546x544S31400482x482S14710528x479S24b08524x508S2f900529x539
discontinuidad removible (matemáticas),,733,AS11851S22e00S20500S1000aS10002S2f900S1000aS2f900M532x545S1000a470x492S2f900471x540S1000a469x521S2f900519x532S10002502x512S11851493x478S20500478x477S22e00507x456
discriminar,"oprimir, opresar, oppressus",496,M518x530S10018503x493S14c51487x470S20500483x499S22a24482x515
discursante,"expositor, ponente",1166,M549x518S15a1a485x445S10020491x422S20500513x437S26500510x451S14c10523x465S34700482x483S26a00522x501
discursar,"exponer, conferenciar, presentar una ponencia, discurso, exposición, conferencia, ponencia",1164,M550x518S14c10524x465S34700482x483S26a00523x502
disyunción (símbolo matemático),⋁ (símbolo matemático),690,AS10e00S2f900M509x520S10e00492x490S2f900498x481
división,,887,AS10040S21100S28805S1dc0aM522x523S1dc0a478x493S10040507x493S28805496x480S21100480x477
dll,"librería de enlace dinámico, dynamic link library",921,AS10120S1dc20S26506M532x515S10120468x485S1dc20488x485S26506517x501
doce,12,403,AS1f701S2df0fS10e20M522x527S1f701478x483S2df0f490x503S10e20507x473
doctor,,1129,M535x527S1c111501x474S37605465x475S20700497x512S2034a520x503
domingo,,38,AS1f510S2330aS21100S30000M541x518S30000482x483S2330a515x472S1f710494x463S21100519x454
dominio (análisis de sistemas),,1274,M530x565S14c50506x476S14c58474x476S2d606507x444S2d61e471x445S2fb00492x435S11020511x528S11028473x529S21600480x517S21600514x516S2f900516x559S2f900474x560
dominio (matemáticas),dominio de la función (matemáticas),702,AS1bb40S26506S14c40S20500S2f900S20348M541x522S20348459x497S2f900461x489S1bb40476x480S20500478x511S26506503x493S14c40517x478
donde,,460,M551x563S30c00482x483S14c30509x523S14c38464x522S27102536x523S27116446x520
dormir,,240,AS15a17S30711S31630S20500M531x536S31630490x498S15a17508x510S20500497x525S30711482x478
dos,2,28,AS10e20S2f900M508x519S10e20493x481S2f900495x514
dos mil,2000,380,AS10e01S20500S15d18M524x522S15d18477x478S10e01499x486S20500492x511
doscientos,200,9,AS26506S21600S11001M523x518S11001495x491S21600493x483S26506477x504
dulce,,321,M547x544S21410527x524S26a04520x504S1ce02479x522S34600482x483
dulce,azucarado,320,M532x537S22214511x529S2ff00482x483S20e00514x513S11500490x507
E,,52,AS16620M508x509S16620493x491
e-mail,correo electrónico,1087,M525x520S16d18475x495S10012488x505S26b00498x481
ecología,,1213,AS14e51S22621S2e706S14e39S22627S2e742M531x554S14e51483x470S14e39490x508S22621469x461S22627509x498S2e706492x446S2e742489x538
ecuaciones,ecuación,699,AS1ed18S10011S20500S2880cS20500M524x533S1ed18476x481S10011503x503S20500493x467S2880c507x477S20500493x506
Ecuador,,1150,M524x529S15a1a476x494S16620487x472S2e100501x500S20500508x481
Ed.D. Jaime Alberto Leal Afanador,,817,AS19a01S21100S21410S28800S1f010S33e00M548x559S21100523x533S28800536x510S21410523x551S19a01502x512S33e00482x483S1f010505x492
edad madura,,97,AS18001S30005S20e00S22a07M552x524S22a07539x479S18001506x504S20e00528x492S30005482x482
EdD. Edgar Guillermo Rodríguez Díaz,,798,AS15610S30a00S33e10S20500S2e230M555x542S30a00482x483S33e10492x506S20500517x478S15610521x493S2e230536x510
edil,,1159,AS19202S2030aS20500S2f900S21400S1ed26S22a04M531x528S19202480x485S2030a488x502S20500471x509S21400469x523S2f900491x521S1ed26512x472S22a04512x506
educación,,488,AS15d00S15d08S20500S2e520M520x535S15d00501x465S15d08481x465S20500495x495S2e520488x508
Ee tactil,,559,AS16610S15d08S21410S21414S20500M519x526S15d08481x474S20500489x510S21414503x506S21410503x518S16610503x482
Egipto,Mizraim,74,AS15a11S22b01S15a19S22b17S20500S30000S11020S20500M526x518S15a11501x416S15a19475x417S20500494x404S22b01502x439S22b17475x438S30000482x483S11020489x463S20500513x477
eje de simetria (matemáticas),,693,AS10003S2f000S2fb05S10009S2f010M539x548S10003500x470S10009472x498S2f000518x452S2f010461x528S2fb05502x501
ELAN,,350,M545x533S1dc28458x468S23304480x470S14420483x502S14402514x472S2fd00455x509
electiva,curso electivo,585,AS2d500S21600S10a51S20500S14c38S21400M526x529S14c38492x471S10a51481x493S21600474x487S2d500480x514S20500512x510S21400511x524
elemento (sobre video/pantalla),,505,AS15020S26500S2f700S1dc28S2f900M524x532S1dc28476x495S2f900484x482S15020499x482S26500505x517S2f700503x469
Elías,,78,AS18540S15d16S2890eS20b00S15830M533x531S15d16494x512S15830466x468S2890e490x494S20b00476x506S18540507x482
elicitar,elicitación,1270,M543x558S10e30528x464S11830528x520S26504529x498S35300482x483S2f700527x551
elif (programación),,997,AS1f550S2a208S19200S35610S30006S20600M543x551S19200518x502S30006482x483S35610482x483S1f550486x536S2a208506x514S20600521x488
ello (it),,1126,AS10041S15d49S20500S2f700M520x526S15d49480x476S10041498x496S20500507x487S2f700508x474
else (programación),,996,AS19200S35610S30006S20500S30326S10050S2df0fM561x527S19200518x508S30006482x489S35610482x489S20500522x494S2df0f541x499S10050543x461S30326482x476
embarazo,,241,M548x524S32a10482x482S1f720528x474S20500514x476S20500513x513S2880c521x490
emisor,,833,AS1f710S26500S14c40S15d18S2f900M524x534S15d18477x489S1f710504x519S26500503x500S14c40498x466S2f900484x478
empanada,,323,M552x529S1ee10502x472S1ee18472x472S1f417531x497S1f41f449x497S2880b511x499S28813470x498S20500496x505S2fb04495x523
empatía,,1211,AS1ce40S2c730S1ce48S2b845M531x539S1ce40507x509S1ce48469x461S2c730506x479S2b845474x501
empezar,"iniciar, comenzar",55,AS15d0aS21414S20e00S15d02S28808M523x527S15d02495x495S15d0a480x480S28808511x473S20e00479x515S21414477x504
enemigo,,1059,M527x569S10002479x534S1000a446x534S20500473x519S2df04506x548S2df1c430x548S33b00482x483S36140494x502
enfermera,,1130,M518x518S30000482x483S21400463x490S16e01489x466S20600460x476
enfermo,paciente,1131,M536x532S30006482x483S18002521x485S20600509x521
enfoque,"enfocar, dirigir, orientar, encausar, acertar",444,AS1ce10S26502S1ce18S26516S20500M533x523S1ce18481x478S1ce10497x478S26502518x493S26516467x494S20500495x512
enojar,,13,M538x517S30e00482x482S35000482x482S11811511x474S20500499x469S21400523x505
ensalada,,324,M535x534S14e15468x467S14e1d500x466S2e60e502x497S2e616466x498S2fb00495x528
enseñar,"instruir, amaestrar, adoctrinar, formar",85,AS14c40S14c48S26a00S26a10S2fb00M533x530S14c40507x499S14c48468x499S26a00506x479S26a10467x479S2fb00493x469
entender,comprender,606,AS30007S10000S21d00M543x518S30007482x483S10000520x471S21d00525x461
entero,"completo, unidad completa, unidad entera",882,AS10021S2e308S1ed18S2f900S21414S10011S20500S28d0aS20500S15a18M529x568S1ed18472x438S2f900472x432S2e308481x472S10021499x467S21414485x460S15a18486x525S10011502x538S20500507x532S20500471x533S28d0a477x505
entorno (digital),,657,AS1eb20S26500S22b04S14c02S2f710M516x551S1eb20490x466S22b04499x491S14c02485x523S26500499x450S2f710504x544
entrada,input,908,AS15711S21e00S26b02S20358M524x531S20358477x479S15711495x481S21e00500x470S26b02503x504
equipo,"soporte físico, hardware",892,AS2031aS37806S15d40S20600M535x521S2031a497x494S37806465x495S15d40516x494S20600511x480
equivocar,"equivocación, error, yerro",965,M547x518S30000482x483S10e21507x472S20500496x465S2df04526x497
error,,890,AS19a00S2ff00S2df00S2f700M518x561S2df00490x529S2ff00482x483S2f700496x554S19a00488x506
escoger,elegir,87,AS1d150S25900S1ce20M516x545S1d150485x517S25900497x490S1ce20494x455
escribir,"escribir en un teclado, digitar, teclear",917,AS14c50S22630S14c58S22630M539x523S14c50510x492S14c58467x491S22630505x478S22630461x478
escribir a mano,,918,AS1e620S20e00S26a07S15a37M527x526S15a37473x481S1e620487x502S20e00498x490S26a07506x475
escritura de señas,"signo escritura, señagrafía, SignWriting",617,AS14440S21100S26a06S21410S15d3aM529x525S14440507x475S15d3a477x476S21410508x510S21100471x505S26a06489x498
escuela,,514,M527x518S15a16474x506S1a004478x483S20600505x502
escuela primaria,elementary school,787,M544x539S10004522x509S26b04517x486S36e10480x461
espalda,,216,AS15d23S2ff02S36d00S21414S20600M536x559S2ff02478x482S36d00480x522S15d23513x511S20600507x548S21414510x538
especial,"particular, singular, seleccionado",83,AS1d111S10019S20800S22b20M519x530S10019481x493S1d111494x470S20800482x486S22b20503x500
especialización,especialista,1043,AS16620S28827S20500S1dc28M521x530S1dc28479x494S20500502x519S16620500x494S28827501x471
especialización,especialista,1044,AS1d420S28827S20500S1dc28M525x527S1dc28475x491S20500498x516S28827494x474S1d420496x492
espeso,,326,M530x605S16d49485x585S22a00495x546S20700512x584S17711492x564S1f711491x522S36300482x483S2f900514x573
espíritu santo,fuerza activa de Dios,92,AS18520S18528S21410S21410S35000S31300S25624S2f900S15820S15828M574x580S18520519x449S18528520x470S15820524x521S15828529x554S25624530x487S21410559x491S21410559x506S2f900561x521S35000482x482S31300482x482
espíritu santo,fuerza activa de Dios,94,AS18520S18528S21410S21410S35000S31300S25625S2f900S15820S15828M601x527S18520519x449S18528520x470S15820577x471S15828583x501S25625548x475S21410542x498S21410542x510S2f900543x522S35000482x482S31300482x482
espíritu santo,fuerza activa de Dios,95,AS18520S18528S21410S21410S35000S31300S25623S2f900S15820S15828M518x529S18520466x449S18528467x470S15820414x472S15828421x503S25623439x471S21410452x496S21410452x506S2f900454x518S35000482x482S31300482x482
espíritu santo,fuerza activa de Dios,96,AS18510S18510S35000S31300S22b23S2f900S15810S15810M611x522S18510586x444S18510572x458S15810536x481S15810522x496S31300482x483S22b23560x470S35000482x483S2f900577x491
esposo,"esposa, cónyuge",348,M528x530S14c59473x496S1d151496x470S21003504x507
estación base,,1022,AS10e11S23900S10e19S23918S20500S1ed40S26506S2f700S1ed48S26512S2f710M554x542S10e11513x507S10e19460x512S23900497x485S23918483x488S20500495x472S1ed40510x464S1ed48464x467S26506539x469S26512446x472S2f700540x459S2f710449x460
estadística económica,,784,AS16720S2480aS2fd00S1dc26M530x524S1dc26471x500S16720476x485S2480a502x487S2fd00503x476
estado,,440,AS2890bS2fb04S28913S21c00S1ed40S21c00S1ed48S31200M552x536S2fb04493x525S28913461x479S2890b514x479S1ed40526x517S1ed48450x516S21c00529x508S21c00466x508S31200482x483
estar bien,"bienestar, satisfecho, satisfacción",1035,M544x544S35100482x483S15d01496x521S21414527x512S20600522x524
estómago,"panza, vientre, abdomen, barriga",143,AS15403S36d00S20600M521x527S36d00479x474S15403488x490S20600486x516
estrato social,"nivel social, categoría social, clase social",441,AS18010S16018S29200M523x526S16018478x499S18010493x509S29200499x475
estrellas,,8,M577x517S1ee18506x436S1ee10528x445S22104500x432S22104512x432S22104538x441S22104550x441S20e00523x472S23614482x463S23600538x469S2fc04521x487S32107482x482
ética,ético,439,AS1d402S36d00S20800S2b700M540x522S36d00479x489S1d402501x496S20800502x512S2b700521x478
Eva esposa de Adán,,182,AS14920S30005S20600M544x532S30005482x482S14920512x514S20600522x498
Evangelio de Lucas,,322,M541x515S1440a459x487S1dc20489x485S20600519x504
evolución,,346,AS10e20S28400S36e10M541x535S10e20524x497S36e10480x523S28400519x466
existe (símbolo matemático),∃ (símbolo matemático),673,AS16622S2f900M509x512S16622491x497S2f900496x488
F,,56,AS1df20M509x515S1df20491x485
fábrica,"empresa, negocio",905,AS14e02S14e0aS23624S20a00M530x533S14e02499x473S14e0a470x467S23624477x516S20a00487x497
Facebook,red social,183,AS14c01S22621S2ff10S22b04M518x524S2ff10482x485S14c01485x462S22621472x450S22b04492x494
facilitador,,626,AS20351S27103S2fc00S20359S2711fS1f702S15a37S20500S26527S26520S26521M546x556S26520494x500S26521475x508S26527513x506S20500488x545S2fc00494x451S20351507x463S20359474x463S27103519x449S2711f455x445S15a37495x523S1f702491x519
familia,,1036,M528x556S1ce28476x526S1ce20503x526S1ce08475x457S1ce00502x457S2d606506x498S2d61e473x498S2fb00492x490S20500495x444
familia,,1037,M524x529S1ce20502x499S1ce28477x499S2df06502x471S2df1e478x471
FARC,,1057,AS1df50S1f720S11a50S16d10S20500S21400S18538M551x531S18516486x506S20500506x505S1df50467x470S1f720488x485S11a50513x469S16d10534x479S21400504x520S37906450x528
FARC,,1058,M548x528S20302483x508S20500503x508S1df50464x473S1f720485x488S11a50510x472S16d10531x482S21400501x523S37806452x514
fax,,589,AS15a50S21500S15a56S21100S2c600M527x522S15a56483x479S15a50493x491S21100474x508S2c600508x491S21500473x495
Feliz,,618,M568x588S33e00482x483S14c0a461x533S14c02504x533S20500493x529S19a02534x559S19a0a444x560S26605546x541S26613428x541
feliz,,44,M562x551S14c02502x528S19a01534x492S19a09436x491S14c0a461x528S26507528x515S26511454x513S33e00482x483S31400482x483
FENILC,,584,M520x526S19a0a481x484S1d010497x475S20800504x507S2f900504x521
fenómeno,,581,AS14c50S2d900S18551S20500S15a1aM532x534S15a1a478x522S18551486x501S14c50508x466S2d900473x488S20500469x509
fenomenos,,478,M532x534S1524a501x514S15712468x492S17650503x495S21100506x467S2d602471x511
Ferdinand de Saussure,Saussure,843,M549x536S33100482x483S17e10503x503S29905521x492S21100505x522
Ff tactil,,560,AS14c20S22620S15d08S21410S21414S20500M524x536S15d08477x465S20500485x501S21414504x516S21410505x528S14c20500x480S22620498x470
filosofía,,449,AS14411S22621S30007S20500S26500M542x518S30007482x483S14411513x472S22621502x458S20500527x457S26500525x440
Firmamento,,24,M518x546S14c10464x454S14c18444x469S2eb00466x493S32101482x482S2fd00461x531S2f900466x541
flor,"florecer, CL:FLORECER, CL:GERMINAR",574,AS1854eS16c48S2fd00S21300S22a00S15700M523x541S16c48477x490S1854e489x504S21300502x499S22a00506x479S15700480x459S2fd00484x535
flor,,573,M532x567S33100482x483S20500504x494S20500487x494S18507513x514S2df07499x543
foco,,1259,M530x527S1d418470x487S2f900476x522S1eb20500x488S22a03517x474
fórmula matemática,,697,AS1f110S26506S21100S21410S15d0aM531x524S15d0a470x483S1f110486x477S21410500x516S21100500x497S26506516x496
foro (digital),,658,AS17620S21d00S22b04S1dc28S2f900M523x531S1dc28477x479S17620504x481S21d00505x469S22b04505x501S2f900486x470
foro (digtal),foro (reunión),1088,M523x533S10b18478x491S15711494x469S21e02483x467S2f900480x528
fotocelda,,779,AS1a020S20600S1940aS37c1fM524x527S1940a496x506S37c1f510x515S1a020504x474S20600477x493
fotosíntesis,,576,AS1a027S2390cS21100S14c18S37800S2f900S2fd00M530x546S14c18471x464S37800480x493S2390c486x490S21100489x524S1a027502x463S2fd00485x540S2f900476x454
fracción,"fracciones, fraccionario, fraccionario, número fraccionario, números fraccionarios",857,AS17430S21e00S22a04S17430S21e00S10b19S2f900M531x532S10b19469x499S17430492x479S17430493x516S21e00497x469S21e00498x507S22a04518x496S2f900474x524
fracción impropia,,872,AS1bb11S28c0cS21b00S10b19S2f900M525x537S10b19476x507S2f900484x532S1bb11501x466S21b00495x464S28c0c504x497
fracción propia,,871,AS1bb17S28c00S21b00S10b19S2f900M530x527S10b19471x488S2f900479x513S1bb17500x503S21b00522x496S28c00498x473
fracción unitaria,,874,AS19a22S23100S10b19S2f900M529x524S10b19472x491S2f900475x515S19a22504x477S23100503x507
fracción unitaria,,885,AS10000S22a04S17430S21e00S10b19S2f900M531x535S10b19469x502S2f900474x527S17430493x519S22a04518x499S21e00498x510S10000498x465
fracciones equivalentes,,875,AS17430S21e00S22a04S17430S21e00S10b19S2f900S17430S21e00S22a04S17430S21e00S10b19S2f900S36d00S19a20S26a02S19a28S26a16S2fc04S36d00M581x569S10b19427x461S17430449x441S17430451x479S21e00454x433S21e00456x467S22a04474x460S2f900432x485S36d00480x443S10b19517x459S2f900521x484S17430543x441S21e00550x432S21e00548x465S17430543x474S22a04568x454S19a20515x518S19a28455x516S36d00479x509S26a02515x542S26a16471x542S2fc04492x539
franja de texto escondido (sobre video/pantalla),,506,AS15d02S2f900S1dc28M526x521S1dc28475x491S2f900483x479S15d02499x487
frase,oración,863,AS1ce10S28106S20500S1ce48S28112S2fb04M554x526S1ce10501x474S1ce48477x474S20500496x506S28106522x487S28112447x491S2fb04494x520
frecuencia (estadística),,1264,M527x525S17634473x501S21e00475x489S13301496x475S2ea06502x506S2f900475x520
frecuencia (estadística),,1265,AS13301S2ea06S15d0aS2f900S17630S21e00M526x541S2f900479x491S15d0a474x466S13301497x459S2ea06501x491S17630504x525S21e00506x515
frecuencia (estadística),,1266,AS13301S2ea06S15d0aS2f900M526x524S2f900479x509S15d0a474x484S13301497x477S2ea06501x509
frente,"testuz, testa",144,AS15d02S30000S20600M520x517S30000482x482S15d02493x472S20600472x470
fríjol,,272,AS1ea40S20e00S22914M519x518S1ea40496x483S20e00486x494S22914482x508
fruta,,273,M518x535S2ff00482x483S2e504489x498S22621447x498S15001458x508S21410491x527
función (operación matemática),"ƒ (símbolo matemático), y=ƒ(x) (fórmula matemática de función)",700,AS1ed10S26905S2fb04S1ed18S26913M545x518S1ed10503x483S1ed18472x483S26913456x499S26905526x499S2fb04495x511
función a trozos (matemáticas),,704,AS15c14S26506S22a04S26506S1ed18S2f900M537x518S1ed18464x492S15c14497x488S26506522x485S26506521x504S22a04501x500S2f900477x483
función compuesta (matemáticas),,706,AS1ed10S26905S2fb04S1ed18S26913S33b00S14e40S26902S14e02S14e48S26916S14e0aS34d00M565x619S1ed10502x485S1ed18471x485S26913455x501S26905525x501S2fb04494x513S34d00483x530S33b00481x436S14e02502x571S14e0a473x577S14e40539x558S14e48440x566S26902533x596S26916455x603
función continua (matemáticas),,731,AS11541S2c630S20500S1150aS10002S20500S1000aM532x538S1150a480x488S11541507x485S20500493x469S2c630505x463S10002502x521S1000a468x521S20500495x527
función coseno inversa,,767,AS10e22S2810aS16d18S20700S1f010M549x528S1f010464x496S16d18451x485S20700461x513S10e22481x472S2810a517x473
función discontinua (matemáticas),,732,AS11541S2c630S20500S1150aS10002S2f900S1000aS2f900M532x546S1150a480x480S11541507x477S20500493x461S2c630505x455S10002502x513S1000a469x522S2f900519x533S2f900471x541
función exponencial (matemáticas),,751,AS1ed10S26905S2fb04S1ed18S26913S1f140S2880fS1d218S2f900M545x550S1ed10503x451S1ed18472x451S26913456x467S26905526x467S2fb04495x479S1d218476x514S1f140491x501S2f900481x545S2880f507x519
función exponencial natural (matemáticas),,752,AS1ed10S26905S1ed18S26913S2fb04S1f140S2880fS2f900S16d18M545x550S1ed10503x451S1ed18472x451S26913456x467S26905526x467S2fb04495x479S16d18479x522S1f140491x501S2f900481x545S2880f507x519
función impar (matemáticas),,709,AS1ed10S26905S1ed18S26913S2fb04S15a01S20703S22a03S10e19M545x546S1ed10503x455S1ed18472x455S26913456x471S26905526x471S2fb04495x483S15a01496x499S10e19478x501S20703514x517S22a03508x532
función inversa (matemáticas),,749,AS15b10S2d504S15b00S2f900S15a18M530x530S15a18494x481S15b10471x494S15b00518x494S2d504491x521S2f900495x471
función lineal (matemáticas),,1007,AS1ed10S26905S2fb04S1ed18S26913S19202S26507S20500S1dc28S2f900M545x554S1ed10503x446S1ed18472x446S26913456x462S26905526x462S2fb04495x474S1dc28475x515S19202494x509S26507516x494S20500504x529S2f900477x549
función logarítmica (matemáticas),,753,AS1ed47S2b700S20500S1ed18S2f900M528x526S1ed18472x490S2f900474x483S1ed47499x498S20500490x514S2b700509x474
"función logarítmica natural (primera forma, matemáticas)",,755,AS1ed47S2b700S20500S1ed18S2f900S1dc20S11950M530x551S1ed18470x473S1ed47500x480S20500489x496S2f900472x468S2b700497x450S1dc20486x521S11950508x525
"función logarítmica natural (segunda forma, matemáticas)",,756,AS1ed47S2b700S20500S1ed18S2f900S11551S2e30cS20500S15a1aM534x555S1ed18467x467S1ed47496x474S20500485x491S2f900468x461S2b700493x446S15a1a483x541S11551507x530S2e30c483x511S20500473x529
función par (matemáticas),,708,AS1ed10S26905S1ed18S26913S2fb04S11500S21300S22a04S1764aM545x542S1ed10503x459S1ed18472x459S26913456x475S26905526x475S2fb04495x487S1764a493x501S11500490x512S21300516x501S22a04520x520
función parte entera (matemáticas),,705,AS1ed26S26c02S1ed26S26c02S1ed26S26c02S1ed18S2f900M549x552S1ed18452x476S2f900465x467S1ed26482x494S26c02483x525S1ed26505x470S1ed26530x449S26c02507x501S26c02532x480
función seno inversa (matemáticas),,757,AS1ed10S26905S2fb04S1ed18S26913S1dc28S16d10S20700S22a24S10e22S28136M562x553S1ed10486x447S1ed18455x447S26913439x463S26905509x463S2fb04478x475S1dc28464x483S16d10487x494S20700471x520S22a24475x538S10e22493x536S28136530x534
función tangente inversa,,768,AS10002S26506S21100S16d18S2f900S10e22S2810aM546x528S16d18456x491S21100478x496S10002455x513S2f900459x481S26506496x496S10e22480x472S2810a514x473
función uno a uno (matemáticas),,750,AS10010S2f700S26506S2f900S1ed18M532x529S1ed18468x482S2f900479x472S10010494x498S26506517x515S2f700516x503
funcionar,"vibrar, ejecutar, operar",900,AS14e02S2a532S14e0aS20a00M545x524S14e02484x477S14e0a455x484S2a532512x480S20a00483x509
funciones como modelos matemáticos,,710,AS14402S22622S26602S15d20M533x522S15d20508x495S14402478x493S22622468x490S26602503x478
G,,152,AS10a40S2d701M515x527S10a40498x474S2d701486x504
galaxia,,1278,AS1ee10S22104S22104S23600S20e00S1ee18S22104S22104S23614S2fc04S32107S14c20S28900S14c28S28918S2fb00S2f900S34700S32107S36d03M586x556S1ee18509x410S1ee10531x419S22104503x406S22104515x406S22104541x415S22104553x415S20e00526x446S23614485x437S23600541x443S2fc04524x461S32107485x456S34700487x510S14c20563x517S14c28528x516S28900566x481S28918527x482S36d03478x545S2fb00548x503S2f900549x493S32107487x510
Galilea,,67,AS15411S33b00S2e00fM540x535S33b00482x482S2e00f520x498S15411493x512
galleta,,327,M539x527S36200482x483S1ed02520x490S21410522x519
gaseosa,,328,M528x542S2ff00482x483S19a11475x505S2c305501x518
gelatina,,329,M535x582S32a20475x483S32a10489x483S21400479x553S26c02520x533S15450498x532S15d39494x559S20500483x539
geometría,,1198,AS1dc22S22206S26906S15a16S20500M531x523S15a16489x511S1dc22479x483S20500510x499S22206469x491S26906513x477
Gerrit Lösch,"Gerrit-Lösch, Gerrit Losch, Gerrit-Losch",1169,M541x518S30000482x483S15711457x471S18510516x486S2990a483x468
Gg tactil,,561,AS10a50S15d08S20800M514x520S15d08487x480S10a50488x491S20800486x510
gobierno,,1262,AS2a20cS10002S20500S2ff00M562x528S20500507x471S10002514x485S2a20c539x500S2ff00482x483
Google Chrome,google chrome,868,AS15311S2c500S20500S15318S20500M534x529S15311481x471S15318474x489S2c500494x499S20500466x476S20500480x518
gramática,,920,AS1ed26S23404S26606S1d448S2f900M538x539S1d448463x474S2f900468x462S1ed26488x494S26606508x505S23404489x525
guayaba,,274,M529x525S16c48471x492S10a10493x487S21900494x476S20700511x498S22a00514x480S2fa00515x516S20800487x515
guerrilla,,1070,AS10a17S37601S10a19S37602S36d00S30a00S30000S21410S15d02S26606S30004S21410S15d0aS26612M548x604S10a17522x455S36d00478x465S30a00483x425S37602478x469S37601518x467S10a19487x476S30000486x540S30004486x540S15d02518x524S15d0a470x565S21410498x579S26606493x516S21410497x530S26612487x588
guion,,592,AS14e51S21100S26504S15d39S21400M522x537S15d39479x472S14e51494x508S21100506x473S26504505x491S21400506x464
Guyana,,1176,M526x518S15a1a474x487S2d909483x482S1f010479x503
H,,154,AS11502M515x508S11502485x493
habichuela,,275,M539x520S1000a468x505S1f421474x481S20500461x490S2810a507x484
hábilidad,talento,507,AS17140S15a18S26500S1f740M515x542S15a18485x515S26500495x481S1f740495x459S17140491x504
Haití,,155,M534x518S2ff00482x483S11502504x489S19210513x434S20e00521x475S26500520x456
hambre,,243,AS18004S20600S36d00S34700M521x567S34700480x482S18004488x535S20600497x556S36d00479x523
hamburguesa,,330,M518x533S34400482x483S17210501x500S17218481x500S20500495x522
Héctor Devia,,337,AS1bb10S30a00S33e10S2df03S21b00M548x518S30a00482x483S33e10493x506S1bb10509x459S2df03529x484S21b00518x449
Héctor Devia Robayo,Hector Devia Robayo,780,AS1bb20S21b00S2df04S14c00S33e00S30a00M571x518S33e00482x483S30a00482x482S1bb20514x459S14c00548x475S2df04526x493S21b00518x450
Héctor-Devia-Robayo,,774,AS31400S33e00S1bb10S2df04S21b00M550x518S31400482x483S33e00482x483S1bb10514x466S21b00524x456S2df04529x493
helado,,331,M542x536S35d04482x483S20311490x513S26104513x509S26104528x509S21410520x528
hercio,,945,AS11941S2df08S11520S23f0aM536x526S11520521x496S2df08488x475S23f0a489x496S11941464x488
herramientas,herramienta,1081,M530x536S17748470x505S12d02478x487S21410493x528S2e200510x464S20500496x514
heterarquía,,1141,AS18010S1f748S20500S2ea26M527x523S1f748473x477S18010497x484S20500493x493S2ea26485x508
hexadecimal (sistema numéricos),,1138,M551x529S17614449x498S2f900451x489S14c10466x484S22620465x472S27102536x489S1df20513x486S26506494x499
Hh tactil,,562,AS11540S15d08S21412S21100S22a04M519x533S15d08500x475S22a04481x518S11540481x468S21412497x471S21100482x501
hijo,,168,AS33200S10e02S2c600S2f900M523x543S33200482x482S10e02493x509S2c600479x517S2f900509x529
hipérbola,,1220,AS10050S2880cS28804S1d218S2f900M541x522S1d218475x479S2f900480x511S10050526x492S28804509x483S2880c459x483
hiperónimo,término genérico,611,AS15713S21414S22a00S21400S20500S18511S2f900S1000aM525x543S1000a475x483S18511498x458S20500489x459S22a00504x484S15713501x514S21414501x505S2f900480x475S21400503x476
hipónimo,término específico,612,AS18511S20500S21400S22a04S21414S15713S2f900S1000aM525x543S1000a475x483S18511498x458S20500489x459S22a04503x487S15713501x514S21414501x505S2f900480x475S21400503x476
hipótesis (matemáticas),,1098,M523x524S15d09477x484S10020490x494S29f0c504x477S2f900490x478
hipótesis (matemáticas),,695,AS19200S20500S30007S23f04S2f700S11502M561x526S30007482x483S19200516x486S11502531x511S23f04535x467S20500512x467S2f700545x499
historia,"acontecimientos, biografía, sucesos, cronología",57,AS11502S34500S22b04M538x537S34500482x483S11502508x487S22b04522x507
hola,,174,M538x518S30007482x483S14711517x478S20500505x470S26500503x452
hola,,374,M540x518S30007482x483S11511515x484S20500506x472S26500504x454
hombre,"varón, ser humano de sexo masculino",88,AS1d110S34900S20e00S26506S1ce10M573x530S34900482x482S1d110505x488S1ce10551x488S26506532x503S20e00508x518
hombro derecho,,146,AS17f12S36d00S20600M545x516S36d00479x499S17f12516x483S20600510x505
hombro izquierdo,,147,AS17f1aS36d00S20600M521x517S36d00479x500S20600467x506S17f1a455x483
hombros,,145,AS17f12S17f1aS36d00S20600S20600M545x517S36d00479x500S17f12516x484S17f1a455x483S20600510x506S20600467x506
Homerio Mejia,,976,M545x534S2ff00482x483S11810530x507S20602521x487S30a30488x490S33e10492x507
homosexual,"homosexualidad, sodomita, sodomía, gay",114,AS1ce02S30004S20500M520x541S20500510x517S1ce02477x519S30004482x482
hoyo,pozo,257,AS10003S10048S2f900S20500S2d908M525x534S10048479x494S10003489x465S2f900482x529S2d908487x489S20500475x478
huevo,,332,M553x522S27102538x482S15300521x487S2ff00482x483
humano,,831,AS1e610S20800S30006S1ed26S22b04M558x594S1ed26539x533S22b04539x564S30006482x483S1e610517x502S20800510x517
huracán,,19,M552x552S30c00480x482S33500476x482S10000527x473S26500528x506S2eb06520x527S2f900531x547
huracán,,826,AS13221S22234S20500S13209S22234S2d820S33600S30e30S34610M553x591S13221511x538S13209519x568S22234508x533S22234527x562S20500508x557S2d820458x542S33600476x483S30e30488x492S34610493x500
I,,279,AS19210M511x510S19210490x491
IA,"ia, inteligencia articial",1277,M521x510S19220480x491S1f720501x495
ICBF,icbf,1033,AS18110S18118S20500M514x522S18110502x479S18118487x479S20500495x511
ICETEX,"Icetex, icetex",967,AS10e10S26604S15a1aM524x527S15a1a477x479S10e10483x497S26604508x474
idea,"proyecto, designio",940,AS19200S20500S22a07S30007M551x518S30007482x483S19200516x481S20500525x504S22a07538x470
ideas,"pensamientos, ocurrencia, inventiva, ingeniosidad, imaginativa, opiniones, creatividad",939,AS30007S19200S2ea00S2fc00S30001S19208S2ea4cM536x518S2fc00489x450S30001482x483S30007482x483S19200515x482S19208460x491S2ea00510x449S2ea4c471x459
ideología,,526,M542x574S30007482x483S10011518x484S2ea06517x559S20500507x470S17730517x539S22a04522x519
if (programación),si (programación),995,AS19200S35610S30006S20600M544x521S19200518x502S30006482x483S20600522x489S35610482x483
igual,lo mismo,246,AS10050S10058S20600M518x523S10050503x476S10058483x476S20600490x512
igual (símbolo matemático),= (símbolo matemático),667,AS11502S26506M526x508S11502475x493S26506511x493
Ii tactil,,563,AS19210S15d08S20500M516x524S15d08485x477S20500493x513S19210495x492
imparcialidad,,598,AS14750S14758S20500S2d820S20500S20500M526x529S14750499x471S14758481x471S2d820477x514S20500516x503S20500474x503S20500494x498
Impresionar a uno,,76,AS15a1eS34900S31a00S20500S22b04M531x556S34900482x482S20500518x509S22b04515x526S15a1e487x521S31a00482x483
impresora,,594,AS11821S2450aS15d09M525x524S15d09476x476S11821494x504S2450a488x485
impresora,imprimir,889,AS11820S2450aS15d09S21414M526x530S15d09474x481S11820492x471S2450a495x512S21414500x502
inadecuado,"inapropiado, impertinente, inoportuno, improcedente, no acertado, no apto, no acertado",913,AS1c517S22e00S2fc04S1c519S22e14S36901M535x592S1c517510x529S1c519473x535S36901480x482S22e14473x565S22e00507x559S2fc04494x581
inclusión,"incluir, pertenece (símbolo matemático), ∈ (símbolo matemático)",671,AS18530S26502S16c48S20a00M531x522S20a00482x507S16c48470x478S18530485x487S26502516x487
inclusión (símbolo matemático),⊃ (símbolo matemático),675,AS18530S28802S18550S16c48S20a00M538x527S16c48462x484S18550475x492S20a00474x512S28802496x473S18530513x493
INDEX,"ellos, ellas",106,AS10057S2d709M530x519S10057471x489S2d709501x480
INDEX,"ellos, ellas",107,AS10057S2d707M529x520S10057472x490S2d707502x480
INDEX,"ellos, ellas",108,AS10051S2d701M533x513S10051503x492S2d701467x486
INDEX,"ellos, ellas",109,AS10051S2d70fM530x518S10051500x497S2d70f470x481
INDEX,"tu, vos, usted, su merced, vuestra merced",110,AS10b20S2ff10S32410S34610S26500M518x563S32410491x484S34610494x497S2ff10482x487S10b20490x537S26500493x523
INDEX,"él, ella",102,AS10056S26506M521x509S10056479x491S26506506x495
INDEX,"él, ella",103,AS10051S26501M516x518S10051486x497S26501485x482
INDEX,"él, ella",104,AS10057S26507M519x515S10057481x485S26507506x484
INDEX,"él, ella",105,AS10052S26502M520x509S10052490x494S26502481x490
INDEX,deictico,1267,M518x533S10011483x468S2f900488x503S2e230499x501
indicador,"indicardor del programa, solicitud de entrada, indicador de línea de comandos, prompt, símbolo indicador (Python), símbolo indicador del programa (Python)",951,AS18030S22114S10b49S21400S20500M524x525S18030484x488S10b49476x504S20500511x500S22114479x475S21400509x514
índice,,4,M518x585S15a18486x534S19210496x529S22a04502x570S21100502x552S31400482x482S34700482x482
Indonesia,,367,AS11502S22622S26506M532x513S11502482x498S22622469x487S26506517x498
inductivo,,1197,AS10b30S22a00S2e732S15a16S20500M524x532S15a16497x520S10b30501x489S2e732476x469S22a00483x489S20500485x508
inferir,"interpretar, deducir, derivar, concluir, suponer, inferencia, interpretación, deducción, derivación, conclusión, suposición",1185,M571x538S31100482x483S2c501531x501S20500514x515S21410512x530S11502504x492
infinito (símbolo matemático),∞ (símbolo matemático),682,AS17610S17618S20500M517x514S17610501x487S17618484x487S20500495x503
influenciador,influencer,1182,AS14c51S10018S2d820S26527S26520S26521M533x532S26521471x476S26527520x477S26520493x469S2d820476x490S10018468x497S14c51489x506
influenciador académico,influencer académico,1181,AS19b10S28807S19a10S20e00S30007S14c51S10018S2d820S26527S26520S26521M564x586S30007482x483S19b10514x461S19a10536x419S28807535x444S20e00497x464S14c51490x560S10018469x551S26527521x531S26521472x530S2d820477x544S26520494x523
informar,"relatar, contar",248,AS14c40S14c18S21100S26a00M523x535S14c40498x504S14c18477x490S21100504x484S26a00496x465
ingeniería de sistemas,,484,AS16d10S21100S27103S19a18S20500S31500M575x530S16d10519x469S31500482x483S20500509x519S19a18507x493S21100541x475S27103548x457
ingenioso,"piloso, inteligente, pepa",928,AS10a11S20600S30007S35110M545x518S30007482x483S10a11517x479S20600498x469S35110489x500
INSOR,Instituto Nacional para Sordos,373,AS1f110S36d00S20600M521x520S36d00479x481S1f110471x490S20600482x509
instituto,,570,AS19210S20600S15a1aM515x521S15a1a486x494S19210491x479S20600493x510
instrucciones,instrucción,591,AS10001S20600S15d18M521x522S15d18480x478S10001500x480S20600483x511
integral  (matemáticas),∫ (símbolo matemático),1072,M521x519S28831479x481S28805485x493S10c20504x497S2f700492x512
integrar (1),integración (1),1202,AS14c49S26517S20703S14c41M527x533S14c41501x491S14c49475x506S20703483x468S26517473x489
integrar (2),integraciòn (2),1203,AS14c40S26500S20700S14c4aM530x532S14c40483x501S14c4a471x469S20700512x474S26500513x497
integrar (3),integración (3),1204,M532x532S14c41498x505S14c49469x492S20701497x469S26501519x493
integrar (4),integración (4),1205,M542x532S14c41502x491S14c49472x489S20700490x469S26501529x519S26517458x516
integridad,,599,AS16d50S28807S16d58S28817S2fb00S1ce20S1ce28M550x532S16d50500x512S16d58451x511S28807524x507S28817475x507S1ce20528x469S1ce28473x470S2fb00507x494
interacción,"interactuar, interactivo, interaccionar",811,M557x528S14c31489x472S14c39486x501S27100517x476S27114443x503S2fc04522x502
interacción,"interactuar, interactivo, interaccionar",946,M536x537S14c21472x511S21b00496x464S21b00464x501S14c09470x473S27220497x490S21414509x513S21410509x525
internet,,809,AS11521S11529S20500S2880cS28814S18510S18518S20500S26506S26512S14c50S14c58M572x541S11521503x472S11529474x473S20500498x459S2880c506x495S28814485x496S18510502x522S18518474x522S20500496x530S26506531x523S26512455x522S14c50548x509S14c58429x504
Internet Explorer,internet explorer,867,AS10012S2b800S21400S20500S16618S21404S20500M520x533S16618481x491S10012486x500S21400481x482S21404482x514S20500484x522S20500482x468S2b800497x471
intérprete,"interpretar, interpretación",511,AS10e51S2c500S20500S21400S15d39M537x528S15d39463x473S10e51470x482S20500471x503S21400469x520S2c500497x504
intersección (símbolo matemático),⋂ (símbolo matemático),687,AS1ce10S26502S1ce18S26516S20500M535x521S1ce10499x479S1ce18481x479S20500497x510S26502520x495S26516466x496
intuir,"presentir, adivinar, sentir, pércibir, intuición, pálpito, presentimiento, sexto sentido, corazonada",265,AS1c501S36d00S20e00S22f00M548x522S1c501521x497S22f00523x479S20e00505x506S36d00479x495
investigar,"examinar, estudiar, indagar",1027,AS11821S21910S11829S21910S2d820S31500S30351S35640M526x579S11821495x544S11829441x545S21910491x536S21910456x536S2d820458x564S31500482x489S30351492x477S35640491x510
investigar,"examinar, estudiar, indagar",1279,M586x518S11821555x456S11829501x457S21910551x448S21910516x448S35640492x504S28b22521x469S32107482x483
ir a,"llegar a, arribar a",1125,M522x524S15d39478x492S15d40490x477S20500509x499S21400507x514S26500491x509
Isaac hijo de Abrahán,,166,AS30004S11000S20600M533x546S30004482x482S11000492x519S20600511x518
Isaías,,79,AS11002S2ff00S20600M527x529S2ff00482x482S11002498x499S20600505x518
ítems en una lista,"detalles alistados, puntos clave",1271,M523x529S15a18477x481S1f442508x488S20602491x484S22a04490x514S2fa00490x472
izquierda,,523,AS19228S26502M518x510S19228497x491S26502483x496
J,,280,M520x519S19220499x500S2a20c480x481
Jacob,,167,AS37605S2031aS16d51S20800S2880aS20800M536x525S20800512x488S2880a490x474S2031a521x510S20800483x488S37605464x482S16d51473x501
jamón,,333,M538x595S2ff00482x483S1ed10495x504S20e00525x497S22a04525x513S16d58487x561S15d40509x536S20e00509x566S22f04503x581
jáquer,hacker,822,AS10040S27102S26700S15a1aS2f900S12140S21900S2fb00S12118S21900S2d820S36100M562x648S36100482x483S10040517x547S15a1a508x530S26700532x517S27102547x530S2f900516x519S2d820473x633S12140508x603S12118466x603S21900510x593S21900476x592S2fb00495x580
jefe,"rector, director",643,AS1f502S2031aS37706S20500M526x521S2031a499x506S37706474x507S1f502495x479S20500516x494
Jehová,"Yavé, Yahvé, Yahveh, Yawé, Yahwé, Yahweh, יהוה, YHWH, JHVH",177,AS19220S2df00S11502M535x518S19220483x499S11502505x503S2df00464x482
Jehová los ama,,1280,AS30d00S19220S2df00S11502S19c20S27102S19c28S27116M574x553S19220522x477S11502544x481S2df00503x460S30d00482x483S19c20509x513S19c28461x513S27102540x513S27116445x511
Jerusalen,,69,M543x538S2ff00482x482S15d01498x506S2e00f523x504S20500494x522
Jerusalén,Jerusalem,173,M537x546S2ff00482x482S15d01497x504S20500496x521S2e008516x517
Jesús,"Jesucristo, Jesús de Nazaret, abril",162,AS14c18S1c510S20500S28814S14c10S1c518S20500M529x548S14c18480x452S14c10506x502S1c518479x514S1c510499x463S20500499x487S20500501x537S28814471x487
Jj tactil,,564,AS19250S15d08S21412S21100S2880dM525x532S15d08506x475S19250483x469S21100485x494S21412503x471S2880d475x512
Jonatán (hijo de Saúl),,966,AS19a01S30b00S21410S21100S26506M551x525S30b00482x483S19a01519x481S21410519x517S21100520x500S26506536x501
José,Joseph,170,AS20340S28200S2fb01S20348S28210M520x540S20340505x496S20348484x525S28200499x459S28210480x488S2fb01483x474
joven,"adolescente, mancebo, manceba, muchacho, muchacha, mozo, moza",115,AS19a02S20e00S22f00S34900M556x553S34900482x482S19a02508x519S20e00537x541S22f00531x525
Juan,Evangelio de Juan,179,M547x540S30004482x482S19a01501x509S20e00494x528S26a06533x508
Juan el Bautista,,77,AS18010S36a00S2df0cS20e00S1f740S1f748S2e100S2e110M549x599S36a00482x477S18010511x514S2df0c528x493S20e00512x524S1f740518x584S1f748479x583S2e110480x547S2e100510x547
Judea,Judá,68,M541x536S2ff00482x482S11501495x509S20600519x510
jueves,,34,AS19a40S2a30cM522x525S19a40479x505S2a30c499x476
jugo,licuadora,334,M513x525S10000493x476S2ea06488x510
junta,"cominté, sesión, concilio, ágora, cabildo, cónclave, sínodo",1160,AS19240S15a37S20600S21400M527x516S15a37479x492S19240473x484S21400508x511S20600505x496
Juzgar,,90,AS1ce41S1ce49S23604S23610S2fc00M543x526S1ce41509x474S1ce49469x474S23604504x509S23610457x508S2fc00494x495
K,,290,AS14010M515x515S14010486x485
Kabul (Afganistán),,824,AS1ce10S30000S20500S22a04S1ce01S36d00S20500M524x545S30000482x483S36d00479x525S1ce01465x508S20500472x534S1ce10491x461S20500514x475S22a04467x482
Karl Marx,"karl marx, Marx",1261,M535x594S30003482x483S30005482x483S18618467x510S18610516x510S18b30503x564S18b38477x563S22a04519x547S22a14469x546S20500495x554S20500525x498S20500467x496
Kevin Isaac,,171,AS30004S11000S20500S22a03S14011S20500M519x589S14011450x553S22a03479x545S11000490x519S20500468x578S20500509x518S30004482x482
Kk tactil,,565,AS13d20S15d08S21500S20700S20800M525x530S15d08497x470S20800480x520S13d20496x503S21500477x506S20700475x485
L,,296,AS1dc20M512x515S1dc20488x485
L,,299,M512x515S1dc20488x485
La Paz (Bolivia),,1157,M535x528S1dc20466x472S14020494x474S2450a504x510
leche,,358,M540x531S20340512x482S20348473x482S2fd04490x525S23600501x504S23614460x503S21800510x470S21800471x470
lechuga,,281,M524x520S2030a486x505S15010499x481S2d50f477x491
lechuga,,282,M526x545S15017499x478S1501f474x478S2df13492x521S2df07489x455S20500495x506
leer,,925,AS10e20S22f04S26606S15d0aM530x531S15d0a470x469S26606500x504S22f04494x517S10e20478x491
lengua,,841,AS10002S2bf00S33b00S20500M546x533S33b00482x483S2bf00527x494S10002501x513S20500499x522
Lengua de Señas Colombiana,"lengua de señas colombiana, LSC, lsc, Colombian Sign Language, colombian sign language, CSN, csn",793,AS1dc20S10b20S2990cS16d10M533x529S1dc20467x487S10b20496x503S16d10516x496S2990c504x471
lenguaje,,840,M569x518S30000482x483S1dc50509x456S1dc58468x456S20500497x463S28706537x472S28712431x469
lenguaje matemático,,1188,AS1dc40S28106S1dc48S2811eS20500S30000S14401S22f05S20e00S14409S22f13S2fc04M552x586S14409469x529S14401496x535S20e00490x560S22f05515x555S22f13457x549S2fc04489x575S30000482x483S1dc40497x442S1dc48481x449S20500512x472S28106520x480S2811e452x474
lenguaje natural,,1189,AS1dc40S28106S1dc48S2811eS20500S30000S11951S2e73aS22a04S20500S21400S11559M552x594S2811e452x474S28106520x480S30000482x483S20500512x472S1dc48481x449S1dc40497x442S22a04503x543S2e73a499x523S20500491x554S11559488x569S11951508x558S21400489x568
léxico,"vocabulario, conjunto de palabras",622,AS2880cS1f017S2f900S14c0aM527x531S14c0a474x480S1f017501x501S2880c515x480S2f900479x470
ley,,1194,AS1dc10S22a04S15a18S20602M520x528S15a18481x499S1dc10494x472S22a04507x508S20602496x504
LGTBI,,498,M534x518S29906502x483S20304491x503S20500511x499S14402467x485
libro,"manual, revista, folleto, códice",629,AS15d40S26b02S15d3aS2f900M522x526S2f900479x488S15d3a494x475S26b02480x499S15d40503x488
licenciatura,,437,AS1dc20S28907S2fb00S1dc28S28917M542x526S1dc20499x496S1dc28459x496S28907517x481S28917479x482S2fb00509x474
licenciatura (1),,527,AS17630S26a00S15730S1dc28M526x533S1dc28474x502S17630503x517S26a00499x499S15730500x467
licenciatura (2),,528,M526x523S1dc28474x492S17630503x507S26a00499x489S21e00506x477
líder,liderazgo,654,AS1dc11S20500S26507S36d00M521x528S36d00479x473S1dc11473x498S20500497x495S26507508x481
Lima,,1154,M527x523S1dc20477x478S15a16474x511S20600505x509
límite (matemáticas),,773,AS15d40S22b04S2f700M511x536S15d40492x465S22b04490x497S2f700493x529
límite de la diferencia de dos funciones (matemáticas),,719,AS1ed10S28802S1ed10S1000aS36d00S15d40S22b04S2f900S1000aM551x566S1000a486x458S1ed10456x434S1ed10516x435S28802489x436S15d40532x503S22b04531x536S36d00479x496S1000a489x523S2f900493x514
límite de la función identidad (matemáticas),,716,AS19a20S2e300S15d40S22b04S2f900S1ed18M544x531S1ed18457x504S2f900473x496S19a20490x480S2e300494x504S15d40525x470S22b04523x501
límite de la raíz n-ésima de una función (matemáticas),,721,AS10e20S20500S22a00S11950S2f900S1ed18M524x541S1ed18477x496S2f900490x485S10e20509x511S20500493x519S11950502x460S22a00509x491
límite de la suma de dos funciones (matemáticas),,718,AS1ed10S2d804S1ed10S15d40S22b04S2f900S1d210M555x541S1d210472x470S2f900485x459S1ed10445x486S2d804468x510S15d40536x480S22b04534x511S1ed10504x485
límite de una función (matemáticas),,711,AS15d40S22b04S2f700S2f900S1ed18M529x537S1ed18471x500S2f900486x489S15d40510x464S22b04508x497S2f700511x530
límite de una función constante (Matemáticas),,714,AS15d40S2330aS15e14S2f900S1ed18M547x532S1ed18454x499S2f900469x488S15d40491x469S2330a488x502S15e14520x508
límite de una función lineal (matemáticas),,712,AS15d40S24009S1dc21S2f900S1ed18M544x530S1ed18456x500S2f900472x490S1dc21514x493S24009491x502S15d40490x470
límite de una función lineal (matemáticas),,713,AS15d40S22b04S2f700S22a07S1dc21S1ed18S2f900M548x537S1ed18452x500S2f900467x489S15d40491x464S2f700492x530S22b04488x496S22a07507x499S1dc21518x488
límite del cociente de dos funciones (matemáticas),,715,AS1ed10S2a602S2f900S1000aS15d40S22b04M538x530S1000a462x507S2f900464x499S1ed10483x482S2a602495x503S15d40519x470S22b04517x500
límite del cociente de dos funciones (matemáticas),,717,AS1ed10S2a602S15d40S22b04S2f900S1000aM538x531S1000a462x503S1ed10478x478S2a602499x502S15d40519x470S22b04517x501S2f900464x522
límite del producto de dos funciones (matemáticas),,720,AS1ed10S28802S1ed10S2f900S1eb28S36d00S15d40S22b04S2f900S1eb28M551x566S2f900493x514S1ed10456x434S1ed10516x435S28802489x436S15d40532x503S22b04531x536S36d00479x496S1eb28486x460S1eb28484x522S2f900494x453
límite por la derecha (matemáticas),,725,AS1d210S10110S26506S2f900S1dc28M535x532S1dc28469x471S2f900465x476S1d210490x469S10110499x502S26506520x516
límite por la izquierda (matemáticas),,724,AS10002S19210S26506S2f900S1dc28M536x525S1dc28467x476S2f900465x482S10002486x487S19210494x506S26506521x509
límites al infinito (matemáticas),,730,M554x526S1dc28447x486S2f900455x474S17710476x501S20500467x515S26906505x500S14c40529x487S22200482x491S22620528x474
límites infinitos (matemáticas),,726,AS15a12S2880fS15a10S28803S15a14S2f900S1d218M540x548S1d218461x486S2f900466x518S15a12513x490S2880f487x478S28803493x501S15a10500x453S15a14505x521
límites laterales (matemáticas),,723,AS19a18S22a03S10012S26602S1f210S2f900S1dc28S32a10M561x578S32a10482x483S1dc28481x526S2f900479x531S19a18533x517S22a03527x537S10012499x559S26602474x562S1f210437x556
límites trigonométricos (matemáticas),,722,AS11e20S22104S22e04S1dc28S15d40S22b04M541x533S1dc28459x475S11e20486x479S22104496x470S22e04495x514S15d40522x468S22b04518x503
limón,,283,M534x568S1e651505x521S31510482x483S31420482x483S35610482x483S22915516x553S21100507x542
lista,"items alistados, serie de items, list",847,AS18210S15d18S20500S20500S22a04M523x527S18210491x485S20500497x516S20500497x502S22a04510x502S15d18478x473
lista de distribución,,1090,M532x558S16d18483x533S10012494x543S27000486x510S26722469x519S15d18487x461S1dc10508x452S22a04509x487S21100501x443
lista de reproducción,,1089,M565x539S16d18478x446S10012491x456S26b00501x432S33b00482x483S18510498x514S18518478x520S20500498x528S26507527x498S26511463x503S14c57539x469S14c5f437x476
lista de requerimientos,,1272,AS1f442S15a18S20602S22a04S2fa00S10a51S22a04S2f710S15a18S2f900M526x559S15a18475x450S1f442506x457S20602489x453S22a04488x483S2fa00488x441S10a51493x510S22a04509x534S2f710510x552S15a18476x504S2f900476x536
literatura,,666,AS15d00S15d08S20500S15d31S15d3fS20500S2ff00S2d926M562x556S15d00543x493S15d08522x493S15d31451x519S15d3f442x529S20500465x545S2ff00482x483S20500537x523S2d926479x521
Ll tactil,,566,AS1dc20S15d08S21414S21410S20500M519x527S15d08482x475S20500490x511S21414504x507S21410504x519S1dc20494x474
llorar,,249,M529x584S10600507x558S30f30488x483S2ff10482x488S20e00510x526S22f04504x540S10000508x493S31430490x494S34310493x504
Llover,,23,M544x535S31100482x482S15458460x485S22f04519x517S22f14456x516S2fb04492x529S15450526x485
lógica,lógico,640,AS11511S22610S30007S20500M540x518S30007482x483S11511515x484S20500497x470S22610511x471
Logorama,,276,M527x527S1e418473x478S17610483x474S23b04504x478S14c02496x504
longitud (matemáticas),,1009,AS1dc20S20500S26506S1f554S2f900M535x520S1f554466x496S1dc20493x481S20500487x509S2f900468x486S26506520x496
Luis Carrera,,351,AS1e410S33100S35850S20500M528x528S33100482x483S1e410505x479S35850490x503S20500515x517
lunes,,10,AS1dc20S27102M523x522S1dc20478x479S27102508x482
M,,300,AS18d50M510x513S18d50490x488
maestría,"máster, magister",1042,AS18d11S28827S20500S1dc28M525x527S1dc28475x491S20500498x516S18d11496x498S28827499x473
Mag. Leidy Andrea Alvis Higuera,,800,AS1f720S20600S33100M534x526S20600512x515S33100482x483S1f720505x496
Mag. Sindy Johana Acevedo Velandia,,799,AS11810S30a00S33e10S20500S2e230M547x556S30a00482x483S33e10493x505S11810516x504S20500519x490S2e230528x524
magnitud (matemáticas),,1008,AS1f430S26a06S1f230S2fc00S1f438S26a12S1f238M583x514S1f430500x493S1f438467x492S26a06534x487S26a12449x486S1f230553x490S1f238417x489S2fc00490x503
Mamá,"madre, progenitora",72,AS1471fS36d00S20600M521x522S1471f480x489S36d00479x479S20600480x511
mamá,,486,M522x558S15a1f457x527S36d03479x547S20600452x505S31600486x483
mandarina,,284,M548x518S1f410519x494S22224520x487S31500482x483S21410518x509
mango,,285,M546x536S34400482x483S15d01495x513S22f04521x514
manos,,148,AS14c01S27100S2fb04S14c09S27110M542x526S14c01512x493S14c09464x493S27100502x474S27110458x474S2fb04494x520
manual,"revista, folleto, libro",633,AS17f42S20e00S26a05S15b08S2f900M526x527S15b08474x475S17f42491x473S2f900475x507S26a05505x506S20e00495x495
manual,"revista, folleto, libro",634,AS17f42S22224S20e00S26a05S15b08S2f900M526x530S15b08474x478S17f42491x476S2f900475x510S26a05505x509S20e00495x498S22224490x471
manzana,,286,M567x576S15300525x494S15301506x538S2d300528x536S36d00479x523S34400485x482S21410525x523S21100544x562
mapa,,818,AS14c20S21b00S27102S22b04S35000S34400M531x607S14c20486x534S21b00493x520S27102506x552S22b04491x577S35000469x482S34400495x484
Marcos,Evangelio de Marcos,175,AS18610S20e00S22f03S30005M538x548S30005482x482S18610520x505S20e00505x521S22f03490x527
"María, la madre de Jesús","Mary, the mother of Jesus",172,AS2ff00S21100S28b0cS15a10S21100S28b14S15a18S20500M532x565S2ff00482x482S15a10501x523S15a18488x523S28b0c512x481S28b14468x481S20500496x554S21100487x466S21100502x466
Mark Sanderson,Mark-Sanderson,1168,M536x528S32a10482x483S15310521x487S20600512x517
martes,,14,AS18d50S2f004M513x526S18d50488x475S2f004493x505
martes,,18,AS18d50S22f04M513x522S18d50488x478S22f04488x508
marxismo,,1263,AS18610S20500S30005S18618S20500S30003S1f740S20500S1f748M535x576S30003482x483S30005482x483S18618467x510S18610516x510S20500525x498S20500467x496S1f748484x561S1f740497x555S20500496x539
marzo,,459,AS11920S2450aM523x524S11920478x476S2450a492x506
Más país,más pais,821,AS16d10S2ea06S34500S15d37S24b08S2fb00S15d3fS24b10S36d00S35000M553x624S2fb00497x587S24b08516x598S36d00479x559S16d10531x475S15d37520x568S15d3f461x569S24b10468x597S34500482x451S2ea06528x499S35000482x515
más UNAD,"más Unad, más unad, Más UNAD, Más Unad, Más unad",820,AS1a009S1ce10S20500S29904S34500S15d37S24b08S2fb00S15d3fS24b10S36d00S35000M558x636S1a009505x492S1ce10525x462S20500548x485S29904536x496S15d37520x578S15d3f460x575S35000482x530S24b10463x608S34500483x436S36d00479x571S24b08513x610S2fb00491x601
matemáticas,,483,AS14401S22f05S14409S22f13S20e00S2fc04M540x529S14409473x472S14401500x478S20e00494x503S22f05519x498S22f13461x492S2fc04493x518
Mateo,Evangelio de Mateo,160,AS30003S18610S20e00S22a04S26506S2f900S30005S18610S20e00S22a04M529x574S30003482x482S30005482x482S18610469x510S20e00472x542S20e00515x542S22a04472x558S22a04514x559S26506492x526S2f900495x545S18610511x510
matriz,tabla,1190,AS14420S23304S1440aM530x527S1440a471x473S14420475x496S23304500x481
matriz (matemáticas),,764,AS11502S21100S26506S21414S18c00S10020S2890cS2fb04S10028S28914M543x560S18c00497x440S11502513x447S21414497x472S21100497x482S26506516x482S10020528x530S10028458x528S2890c514x503S28914473x504S2fb04494x542
máxima,,602,AS15d20S2f900S21410S20600S15d01S22b00S30000S35000S20500S1f701M530x576S22b00474x499S1f701476x457S15d01462x529S20600462x556S21410465x568S30000470x482S15d20452x525S20500500x470S2f900460x514S35000494x483
mayor o igual que (símbolo matemático),≥ (símbolo matemático),676,AS10002S10e0aS10002S10018S20500M521x531S10e0a479x469S10002491x487S10018497x501S10002490x507S20500480x511
mayor que (símbolo matemático),> (símbolo matemático),677,AS10e0aS10002S20500S10018M520x531S10e0a486x469S20500480x511S10018497x501S10002490x507
mazorca,,287,M556x545S36200482x483S1ea11518x500S1ea19454x500S2c400516x522S2c411441x522S2fb04492x532
media (estadística),promedio (estadística),758,AS15a12S20e00S26706S15a18S21414M537x527S15a18477x473S15a12510x485S26706463x482S20e00477x515S21414475x504
mediana (estadística),,759,AS15a40S20e00S26700S15a5aS21410M523x536S15a5a496x482S15a40499x509S26700497x464S21410477x498S20e00478x482
memoria,,936,AS18d11S20600S30007M545x518S30007482x483S18d11516x481S20600503x468
menor o igual que (símbolo matemático),≤ (símbolo matemático),698,AS10e02S1000aM532x517S10e02502x484S1000a487x502S26512468x503
menor que (símbolo matemático),< (símbolo matemático),679,AS10e02S10002S26506M525x523S10e02475x478S10002475x508S26506510x509
mensaje,,837,M530x523S15a06475x505S20500516x499S26500514x479S14c02479x479S22622470x478S21410515x515
mente,mental,819,AS18d11S20600S35000M546x518S35000482x483S18d11517x482S20600501x467
mentón,barbilla,149,AS15300S30004S20800M518x530S30004482x482S15300476x505S20800495x520
mercado,,359,M525x520S20331476x483S37703491x498S22f00500x481S2f900507x498
Meta,,521,AS1ea10S2ea06S36d00M547x522S1ea10518x479S2ea06522x507S36d00479x501
metáfora,,343,AS22104S26506S18510S2fd00S14d10S27110S2fc00S14d18S27104M547x550S27104507x535S27110454x535S26506491x467S18510509x464S2fd00489x490S14d10460x499S14d18509x498S22104518x451S2fc00493x517
Michel Foucault,,517,M561x536S30004482x483S10012494x521S2c405522x503S20500535x489S21404532x480
miércoles,,30,AS18d50S2ea02M513x522S18d50487x478S2ea02488x507
mil,,379,M526x516S15d18475x484S18010496x501S20500498x487
mil,1000,378,AS10001S20500S15d18M522x524S15d18479x477S10001501x494S20500505x484
millar,mil,401,M526x520S20500492x509S15d18474x480S18010496x497
mio,mi,210,AS15d01S36d00S20500M521x519S36d00479x481S15d01489x490S20500486x508
misión,,648,AS18d11S21100S36d00M521x523S36d00479x478S18d11476x492S21100476x509
Mm tactil,,567,AS18d03S15d08S20500S21414S21410M521x532S15d08479x480S20500487x516S21414501x512S21410501x524S18d03501x469
moda (estadística),,760,AS1eb10S20500S26900S15d20S15a18M531x528S15a18469x488S1eb10485x501S20500482x517S15d20510x473S26900515x502
modelo,"molde, ejemplo, prototipo, paradigma",435,AS1a820S15a16S20500S2f900M520x521S1a820481x479S15a16480x509S20500509x498S2f900509x488
modelo,,494,M520x523S15a16484x511S15d20481x480S20500509x497S26520506x477
Moisés,,91,AS16d02S30004S20e00S26507S21600S2f710S22b04S20340M555x558S30004482x482S16d02489x520S21600543x495S26507524x503S2f710541x484S22b04539x509S20340540x543S20e00512x515
Monarquía Absoluta,monarquía absoluta,1143,AS18552S21100S22a04S1ed40S1f544S28820M525x539S1f544476x478S18552495x494S1ed40490x461S28820513x484S21100478x507S22a04492x524
Monarquía Constitucional,monarquía constitucional,1142,AS1ed40S22a04S11e02S2480aS21410S1f548S2f900M536x530S22a04482x498S21410486x521S11e02498x487S2480a508x514S2f900466x518S1ed40469x470S1f548464x491
Montevideo (Uruguay),,1174,M549x533S33100482x483S2b700527x492S1f120520x518S1ea51503x496S21100515x473
moral,,438,AS17711S36d00S21100S22f04M521x529S36d00479x471S17711491x477S21100493x498S22f04487x515
moreno,"morena, trigueño, trigueña",153,AS1c510S30006S22114S20e00M553x526S30006482x482S1c510523x484S22114515x519S20e00522x503
morfema,,368,AS1ec40S26f02S26700S2fd00S18618M527x534S18618476x483S1ec40501x515S26700511x466S26f02497x472S2fd00473x520
morir,fallecer,250,AS15d50S2a208S15d38S2a218M533x532S2a208510x504S2a218469x502S15d50508x468S15d38466x469
motocicleta,,1024,M527x519S20350473x504S20350507x504S23000502x481
motocicleta,,1025,M549x521S20320512x479S20320473x479S2d300510x498S2d311451x498
mujer,"dama, fémina, señora, seño, doña",117,AS1d117S33000S20800M549x524S33000476x482S1d117520x499S20800526x486
mujer,"dama, fémina, señora, seño, doña",118,AS18010S30006S20e00S26a00M551x518S30006482x483S18010521x499S20e00528x483S26a00521x466
multiplicación,,886,AS10021S10029S20600M525x518S10021495x497S10029476x497S20600489x482
N,,302,AS11950M511x513S11950489x487
nacer,,251,M535x556S36d10479x444S15d1c516x455S15d14466x455S20e00516x486S20e00473x486S25514472x501S25504515x501S2fb04493x489S15d50509x529S15d58473x528
nacional,"territorio nacional, por todo el país",796,AS14c20S2fa00S2e400S34900M542x557S34900482x483S14c20519x483S2e400504x513S2fa00511x550
nacional,todo el territorio colombiano,797,AS16d10S2ea06S14c20S2fa00S29107S34900M565x572S34900482x483S14c20542x492S29107528x532S2fa00538x565S16d10520x500S2ea06515x521
naranja,,288,M525x530S15a16476x518S15312478x499S2e200505x471
nariz,,217,AS10001S33200M527x531S33200482x482S10001506x501
nariz,,218,AS1f000S33100S21410S20a00M527x544S21410511x536S33100482x482S20a00509x519S1f000497x500
Nazaret,,81,AS18011S18037S21410S21100S2a600S20500M527x534S18011475x466S18037485x484S20500473x488S2a600510x483S21100508x509S21410507x526
neurona,,680,AS14c12S22622S1d41aS20500S21400M530x527S14c12481x503S1d41a488x473S20500518x495S22622471x501S21400515x511
neuronas,,681,AS14c12S22622S1d41aS20500S21400S26626M548x527S14c12462x503S1d41a469x473S20500499x495S22622452x501S21400496x511S26626518x499
niño,"niña, nene, nena",119,AS11911S33100S20500S2e231M539x544S33100482x482S11911491x504S2e231512x517S20500520x503
Nn tactil,,568,M521x532S15d08479x480S20500487x516S21414501x512S21410501x524S18d03501x469
no,"not (programación), negación",1001,AS11e20S26500S2f700S13f20M515x539S11e20492x509S26500501x495S13f20486x473S2f700501x461
no,"not (programación), negación",1002,AS13f20S22104M515x513S13f20486x498S22104493x487
no entender,,786,AS10000S21d00S30122M545x524S30122482x476S10000522x473S21d00527x463
no es igual (símbolo matemático),≠ (símbolo matemático),668,AS11502S26506S30342M531x556S11502480x541S26506516x541S30342482x476
no es igual (símbolo matemático),≠ (símbolo matemático),669,AS11502S10019S20500M518x521S10019483x491S11502488x494S20500507x480
no incluido,"no incluir, no pertenece (símbolo matemático), ∉ (símbolo matemático)",672,AS18530S26502S16c48S20a00S30342M541x583S20a00491x568S16c48479x539S18530494x548S30342482x476S26502526x549
no-saber,ignorar,341,M558x528S10020543x495S2ff00482x483S20500515x478S29904520x496
no-saber,ignorar,354,M538x518S35300482x483S30f00482x483S18011513x466S2eb02484x467
no-saber,ignorar,355,M531x571S14e3a471x528S14e32500x523S20a00497x556S35300482x483S30f00482x483
no-saber,ignorar,356,M548x535S18000490x520S20f00522x511S30004482x483S26a00521x493S21404527x525
no-saber,ignorar,357,M518x518S30f00482x483S35300482x483S1ce10492x458
nodo,,815,AS17720S2241aS26500S20700S17618S34900M550x586S17618511x520S17720510x551S20700532x522S26500515x571S2241a500x539S34900482x483
nombre,,58,AS11541S20600S11549M517x522S11541493x491S11549482x495S20600487x478
novecientos,900,399,AS21700S14501S26506S21700S15007S26516M553x517S15007467x488S21700492x483S26506508x502S21700516x483S26516448x502S14501523x488
noventa,90,398,AS21700S14520S26506S17610M529x521S17610513x505S21700478x479S26506494x506S14520472x487
noviazgo,,518,AS1f902S1f90aS20500S21900S21900S36d00S25524M545x536S1f902530x474S1f90a512x474S21900530x465S21900512x465S36d00479x500S25524521x514S20500522x500
nube,,1023,AS15310S21910S26506S15318S21910S26512M542x518S15310507x493S15318478x493S21910476x483S21910502x483S26506527x500S26512458x498
nueve,9,21,M513x526S14520488x487S21600495x475S2f900496x521
nueve mil,9000,400,AS21700S14520S18010S20500S15d18M526x542S20500492x531S21700501x458S18010496x519S15d18474x502S14520494x466
numerador,numerador de la fracción,869,AS17430S21e00S22a04S17430S21e00S10b19S2f900S10002S26502S2f700S10b19S2f900S32a10M539x559S10b19462x435S17430485x415S17430486x452S21e00490x405S21e00491x443S22a04511x432S2f900467x460S32a10482x483S10b19460x530S2f900463x554S10002487x522S26502524x523S2f700524x540
números enteros,"enteros, entero",854,AS1d310S26606S10b11S17438S21e00S2f900M547x532S17438490x507S21e00492x497S2f900493x527S1d310453x468S26606487x479S10b11517x476
números mixtos,,873,AS17430S21e00S17430S21e00S17430S21e00S23f0cS10b19S2f900M543x532S10b19458x499S17430481x479S17430482x516S21e00486x469S21e00487x507S23f0c503x485S2f900463x524S17430522x505S21e00528x496
números naturales,"naturales, natural",855,M529x535S17438499x476S21e00500x466S2f900502x494S10010471x476S2d604496x501S23404492x521
números reales (matemáticas),,1005,AS16e11S2880aS17430S2f900M525x520S17430476x496S16e11499x489S2880a479x480S2f900484x515
obedecer,"acatar, cumplir, respetar, obediencia, acatamiento, cumplimiento, respeto",1224,AS18500S26500S14c30S30000S20500S2fb00S18508S26510S14c38S30004S20500M533x537S30000482x483S30004482x483S18500509x478S18508465x522S20500495x468S20500495x522S26500516x458S26510466x503S14c30509x424S14c38461x467S2fb00493x456
objetivo,,665,AS10011S26501S20500S10018M527x529S10018477x487S10011506x499S20500473x471S26501489x482
observar,,252,M547x570S30307482x477S31500482x488S11220511x527S1571a521x552S20500507x554S27126489x528
ochenta,80,395,AS21700S18b20S26506S17610M529x521S17610513x505S21700478x479S26506494x506S18b20472x490
ocho,8,6,M510x525S18b20490x487S21600495x475S2f900496x520
ocho mil,8000,397,AS21700S18b20S18010S20500S15d18M526x542S18b20496x467S21700501x458S18010496x519S15d18474x502S20500492x531
ochocientos,800,396,AS21700S18b01S26506S21700S15007S26516M551x517S15007468x489S21700493x484S26506509x503S21700516x484S26516449x503S18b01523x488
octal (sistema numérico),,1136,M539x522S17614461x505S2f900463x496S14c10478x491S22620477x479S26506503x505S11820516x494S21900517x483
oir,,253,M541x529S33000476x482S10011519x499S20500531x494
oir,,254,M549x527S33000476x482S1a020519x498S20600527x492
ojos,,220,AS10000S31400S20500S26502S20500M520x544S26502491x530S31400482x482S20500510x532S20500479x532S10000493x497
oler,,255,M546x527S33100473x482S1a012482x507S33a10516x484S26506531x508S21100515x508
once,11,402,AS1f701S2df0fS10020M523x527S1f701478x483S2df0f490x503S10020508x473
Oo tactil,,569,AS20320S15d08S20800M515x523S15d08496x478S20320485x491S20800499x513
operador,"operario, banda transportadora",628,AS14c50S26a06S2fb00S14c58S26a16M550x523S14c50506x479S14c58450x478S26a06536x483S26a16481x485S2fb00494x517
or (programación),,1000,AS17621S26500S11a20S2f700M517x533S17621483x517S11a20502x503S26500503x479S2f700503x468
orar,"rezar, plegaria",84,AS15a10S15a18S20500S31600M518x565S15a10500x523S15a18486x523S20500494x554S31600482x482
orbe-terrestre,,15,M530x616S14c51501x533S14c59470x533S14c31498x583S14c39470x583S2880c518x562S28814464x561S20500495x523S20500492x605S31400482x482
orden,"mandato, instrucción, comando",901,AS10040S20500S2031aS37706M525x522S2031a496x503S37706475x503S10040502x478S20500515x511
orden,"secuencia, paso a paso, serie, progresión, etapas, fase, cadena, continuación",632,AS15d10S15d18S2fb00S26726S26a20S2f700M549x518S2f700518x511S2fb00470x483S26726507x496S26a20509x484S15d18451x491S15d10487x491
orden,"secuencia, paso a paso, serie, progresión, etapas, fases, cadena, continuación",960,AS15d40S15d48S26726S2fb04S23424S2f700M528x540S2f700493x522S2fb04492x534S26726482x493S15d40509x462S15d48472x461S23424479x506
ordenada (matemáticas),,1003,AS1eb20S26500S26502S10b41S20500S1dc28S2f900M534x530S1dc28467x491S2f900471x525S10b41485x494S20500483x478S1eb20510x486S26500519x470S26502496x476
oreja,,222,AS1f107S33010S20800M543x532S33010479x482S1f107520x502S20800526x493
organización,organismo,434,AS17610S20600S21400S15a1aM526x515S15a1a474x503S17610478x485S20600504x492S21400508x505
origen plano cartesiano (matemáticas),,1004,AS1eb20S17610S17610S26f00S26806S14018S2f900M544x527S14018456x484S2f900464x474S1eb20474x507S17610501x511S17610519x511S26806494x497S26f00494x487
otra vez,"de nuevo, nuevamente",1039,M526x517S15d39474x492S18050486x502S28802504x484
otro,,998,AS1f550S2a208S30a00M533x556S1f550484x541S2a208510x520S30a00482x483
oxigeno,"respirar, aire",577,AS1a042S2c634S33a00S33200M526x541S33a00514x481S1a042491x510S33200475x484S2c634509x525
oyente,,603,AS10011S2df04S1ce20S20500S30006M577x551S10011521x502S2df04537x530S1ce20555x498S30006482x483S20500524x488
PALABRA,,480,M518x523S10018489x493S20600483x478S17e40495x493
palabra,término,623,AS1f010S20600S10018M519x524S10018485x494S1f010490x494S20600481x476
pan,,360,AS17d10S22114S20a00S18018M521x523S18018479x496S17d10497x489S22114495x478S20a00500x508
panela,,361,M527x526S15d3a473x478S15d40487x475S2e230508x489S20600482x507S21400486x521
pantalla,"monitor, visualizador, visor",961,AS1dc20S26500S2f710S1dc28S26510S2f700M532x530S1dc20508x472S1dc28469x471S2f700472x522S2f710520x523S26500518x506S26510470x505
pantallazo,,1132,AS1e140S21600S22a00S20500S21400S15d39M525x543S15d39476x509S1e140501x470S20500503x522S21400501x538S22a00502x503S21600508x457
papa,,362,M521x518S11851485x482S20312479x497S20600499x507
papa,,363,M524x525S16c48476x475S1ea10494x480S2d502505x509S21100488x499S21400488x517
papá,"padre, progenitor",71,AS10001S33b00S21900S20e00M534x533S20e00520x501S21900520x492S33b00482x483S10001507x503
papaya,,289,M571x518S17c18479x483S17c10504x483S26506527x492S26512458x492S18510546x488S18518430x489S2fb04492x512
para todo (símbolo matemático),"universal (símbolo matemático), ∀ (símbolo matemático)",670,AS10e00S1000aS20500M517x521S10e00502x491S1000a484x497S20500490x480
Paradigma,,489,AS22432S1851eS20500S21410S15d28S2f900M526x539S15d28474x500S1851e497x483S20500499x513S21410497x530S22432482x461S2f900476x534
parar,detenerse,1163,AS14c50S22a04S2fa00S14c58S22a14S2fa00S2fb04S35100S31310M547x571S14c58453x511S14c50523x511S31310492x488S35100482x483S22a04528x546S22a14458x546S2fb04490x547S2fa00527x564S2fa00459x564
parlante,"altavoz, bafle, bocina",963,AS20351S26a07S2f700S32a10M550x550S32a10482x483S20351506x529S26a07520x515S2f700538x511
parque automotor,"CL: plural vehículos, vehículos",1065,M540x520S15a58460x488S15a50476x488S2f900462x480S23504493x502S26506525x496
parte,"partir en dos, parte de fraccionario",878,AS1ed10S26506S20500S1ed18S26512S2fc04M529x526S1ed10503x475S1ed18471x475S20500495x499S26506509x497S26512474x498S2fc04492x515
partes iguales,partes iguales en fraccionarios,880,AS19a50S27102S1ed18S2f900M529x536S1ed18472x470S2f900471x464S19a50501x470S27102509x496
partido político,,492,AS10010S26b00S18530M527x528S18530473x488S10010504x473S26b00500x510
partir,partir en dos,879,AS15d41S22a04S1ed18S2f900M528x520S1ed18474x486S2f900473x480S15d41505x482S22a04504x505
pasado,"en el pasado, hace mucho tiempo, mucho tiempo atrás",1281,M550x565S35000482x483S31500482x483S36d03479x520S15000525x475S20300530x550S26604528x515
pasta,,364,M526x572S33b00482x483S19a31499x529S19a39472x533S20500498x552S22f00487x522S2fd04492x566
pausa breve,"coma, ,",1048,AS38700B537x504S38700463x496
paz,"armisticio, tregua",971,AS15d51S20500S15d39S15d31S20500S15d59M520x542S15d39481x472S15d51495x473S20500495x459S20500494x503S15d31497x518S15d59481x519
Paz es Inclusión,,582,AS30a00S30351S16c48S18530S20a00S30320S34010S15a21S15a07S2e104S2e114S22a07S22a11S10e20S10e28M557x646S30a00481x433S30351492x422S18530497x482S16c48482x473S20a00494x502S15a07483x594S15a21501x592S2e104518x614S2e114462x618S10e20542x558S30320484x532S10e28447x558S22a07522x579S22a11469x585S34010495x567
pedagogía,pedagogo,655,AS17604S26a00S21d00S30007S2fd00S17600S26a10S21d00S30001M540x518S30001482x483S17600518x474S17604469x474S26a00513x457S26a10463x455S21d00518x444S21d00468x441S2fd00489x471S30007482x483
pedagogo,pedagogía,656,AS11911S33100S20500S22a04S17847S15a49S20800M532x580S33100482x483S11911493x508S22a04503x532S17847500x551S15a49481x557S20800487x542S20500522x500
pedir perdón,pedir disculpas,80,AS15d51S15d39S20e00S26a07M527x522S15d39473x491S15d51483x499S20e00499x493S26a07506x477
Pedro,Peter,70,AS14010S30007S20600M545x517S30007482x482S14010514x468S20600523x501
pene,,223,AS1e350S30007S20500S22e00S22100M542x518S30007482x483S22100527x434S20500505x468S22e00525x446S1e350516x469
pensamiento,,801,AS10b11S20600S31300S35010M548x518S31300482x483S10b11518x489S35010495x506S20600507x470
pensamiento,,802,AS10b11S20500S31300S35010M548x518S31300482x483S10b11518x489S35010495x506S20500510x472
pera,,291,M520x535S15a16480x523S15512480x506S22a00486x487S17711481x466S20500510x517
percepción,"impresión, discernimiento",454,AS15720S26504S20320S2f710S15728S26514S20328S2f700S31400S20500S20500S21410S21410M535x532S31400482x483S20320520x496S20328465x496S26504521x477S26514467x477S15728468x447S15720515x447S20500487x499S20500501x499S2f700467x514S2f710522x514S21410520x524S21410466x524
perfil,"silueta, contorno, lado, forma, rostro, cara",158,AS10001S33100S21100S22b04M534x540S33100482x483S10001500x510S22b04518x491S21100520x475
perro-caliente,,365,AS10040S22a04S20700S21400S2f900S16d0aS16d0aS26a04S36100S21410M543x540S16d0a493x427S10040488x431S20700513x448S2f900496x416S36100482x483S16d0a490x523S21410521x532S26a04516x512S22a04516x430S21400515x467
persona,"humano, individuo, hombre o mujer",123,M535x532S14050505x467S14058466x468S22b04519x502S22b14466x502S2fb04492x502
persona,"humano, individuo, hombre o mujer",86,AS1ed26S22b04M509x530S1ed26490x469S22b04490x500
persona,,1046,AS11e10S21100S22a04S36d00M546x525S11e10523x476S21100506x492S22a04505x510S36d00479x482
persona,,1050,AS1ed02S22b04S21410S2ff00M541x559S1ed02522x491S22b04524x529S21410524x518S2ff00482x483
Perú,,1153,AS10e20S34500M518x518S34500482x483S10e20491x461
pestañas,,224,AS10002S31e00S2d300M567x517S31e00482x482S10002505x498S2d300528x480
peticiones a Dios,"pedirle solícitamente a Dios, solicitar fervientemente a Dios",462,AS15000S15d09S21414S20e00S22f04S2ff10S30f30S32110M537x573S2ff10482x488S30f30488x484S32110490x493S15d09483x548S15000489x529S21900495x521S20e00518x540S22f24512x559S21414516x530
photoshop,,345,AS1cf10S22214S21410S2ff00M543x520S2ff00482x483S1cf10498x476S22214522x503S21410526x512
pi (matemáticas),,988,AS10a12S21600S26506S10e08S2f900M527x529S10e08476x491S10a12482x479S21600473x471S26506512x481S2f900477x524
piernas,,225,AS15d1cS36d00S36d00S20600M542x533S36d00479x500S36d00479x468S15d1c523x506S20600496x512
pies,,226,AS14c50S22510S14c58S22510M532x524S14c50508x493S14c58468x492S22510508x476S22510469x476
pila,"material-apilado, objetos-alargados-unos-sobre-otros, stack, LIFO",846,AS20342S37806S20500S2034aS37806S20500S28800S20500S28818S20500M554x517S37806473x508S37806490x493S20342475x486S2034a505x500S20500461x505S20500524x506S28800542x490S28818446x487S20500523x484S20500461x484
pila,"objetos-apilados, objetos-planos-apilados, material-plano-apilado",848,AS15a12S15a1aS20500S28800S20500S20500S28818S20500M549x514S15a12490x486S15a1a487x501S28800537x490S28818452x487S20500521x487S20500521x503S20500470x486S20500469x502
piña,,292,M517x552S15d01491x488S37910494x470S15808483x448S20e00498x512S22f04492x538S21410496x526
pitón,"serpiente de mayor tamaño, serpiete grande, serpiente",860,AS18520S2ee01S35f20M543x560S18520502x523S35f20482x483S2ee01521x541
plagiar (1),plagio (1),635,AS14c32S14c3aS20e00S2fc04S26a06S26a12S14c23S21a28S1f721S14c3aS2f900M531x574S14c32500x427S14c3a470x433S20e00495x460S26a06514x456S26a12474x460S2fc04493x474S14c3a470x548S14c23496x515S21a28487x513S1f721503x488S2f900471x569
plagiar (2),plagio (2),636,AS14c23S21a28S1f721S14c3aS2f900M528x543S1f721506x457S2f900474x538S21a28490x482S14c23499x484S14c3a473x517
plan,,497,AS15d27S26902S15d09S26912M530x526S26902500x510S26912471x510S15d09471x475S15d27507x477
plan,,804,AS15d40S26502S2fb04S15d48S26512M526x528S15d40507x472S15d48474x473S26502509x506S26512478x508S2fb04495x522
plano cartesiano (matemáticas),"coordenadas cartesianas (matemáticas), sistema cartesiano (matemáticas)",984,AS14010S1401aS21404S21400S20500M528x525S20500501x480S1401a494x496S21404513x476S21400513x487S14010472x477
plano cartesiano (matemáticas),,694,AS19a00S37810S20500S1061aS37806M529x527S19a00478x474S1061a503x512S37810490x492S37806472x513S20500500x497
plataforma,"ponerse de pié para discursar, discursante",1165,M520x522S15a1a481x501S10020487x478S20500509x493S26500506x507
politica,,624,M530x551S37806471x544S15a56501x539S20500510x527S37700514x501S10010507x472S26b00503x450
politica,,639,AS18517S20612S22b04S15d18S14c50S2d906S10010S26b00M545x558S15d18456x465S18517478x475S20612468x496S22b04480x504S10010516x442S26b00510x482S14c50497x527S2d906502x510
por comprensión (teoría de conjuntos),,1206,AS10040S26502S10048S26516M545x516S10040507x485S10048479x485S26502530x501S26516455x502
por extensión (teoría de conjuntos),,1207,AS10040S26506S10048S26512M545x516S10040507x485S10048479x485S26506530x501S26512455x502
por lo tanto (símbolo matemático),∴ (símbolo matemático),683,AS1eb20S26500S2f700S26500S2f700S26500S2f700M534x533S1eb20510x514S26500481x478S26500496x506S26500466x505S2f700499x496S2f700482x467S2f700467x495
por qué,,53,M541x529S30d00482x482S1c410502x475S26625519x507S20500494x479S34d00482x482
porciento,porcentaje,664,AS1ce20S23f04M515x527S1ce20485x473S23f04494x499
portable (un programa),portabilidad (un programa),948,AS18550S2770fS22a04S22a04S22a04S15d09S2f900M539x528S15d09461x492S2f900474x485S18550514x494S2770f490x489S22a04483x513S22a04511x504S22a04499x473
potenciación (matemáticas),potencia (matemáticas),994,M525x525S17430476x493S21e10478x481S1f047502x495S28800511x475S2fd04478x514
pragmática,,339,AS14c12S22634S2ea06S2fd00S17d18M526x534S17d18474x469S14c12495x467S22634490x495S2ea06493x519S2fd00494x509
preguntas,"interrogantes, situación problema",949,AS14520S29f0cS21600M520x530S14520495x499S21600501x488S29f0c481x471
preguntas,"interrogantes, situación problemática",950,AS14520S29f0cS21600S30357S30c00M543x568S14520510x537S21600516x526S29f0c524x502S30c00482x488S30357500x478
premisa,,1209,AS1f010S26506S2fb00S1f018S26512M559x514S1f010508x487S1f018465x487S26506544x487S26512441x488S2fb00495x508
primaria,"educación básica, educación elemental",615,AS11c50S2e230M517x527S11c50483x473S2e230498x495
primogénito,"hijo mayor, mayor",116,AS1f550S24e00S2f710M512x531S1f550488x516S24e00491x480S2f710497x468
principal,"esencial, fundamental, primordial",937,AS1f701S2df00S20500S30000M542x518S30000482x483S1f701488x474S20500512x475S2df00521x479
PRO1,"yo, PRO1POS, mio",126,AS10b02S36d00S20500M527x519S10b02501x496S36d00479x482S20500498x508
PRO1-MISMO,"yo mismo, por mi mismo",127,AS1f540S36d00S20600M521x526S1f540491x487S20600487x515S36d00479x474
PRO1-MISMO,"yo mismo, por mi mismo",128,AS1f502S36d00S20600M521x526S1f502491x487S20600487x515S36d00479x474
PRO2-MISMO,"tu mismo, usted mismo, por tí mismo",125,AS1f540S26a00S2f710M513x528S1f540492x504S26a00486x484S2f710495x471
problema de fisica,,481,M516x535S15a00484x477S16810497x482S22b04500x505S20600488x465
procesador,"unidad central de procesamiento, CPU",904,AS15611S30007S20500S22b04S15612S21400S15a16S20500M534x554S30007482x483S15611511x469S20500498x468S15a16488x542S22b04518x495S15612494x524S21400518x545S20500521x531
PRODUAL,"ellos-dos, ellas-dos",111,AS10e31S27103M519x521S10e31481x491S27103492x479
PRODUAL,"ellos-dos, ellas-dos",112,AS10e37S27101M522x521S10e37492x496S27101478x478
PRODUAL,"nosotros-dos, nosotras-dos",120,AS14037S27203M521x526S14037497x474S27203478x492
PRODUAL,"nosotros-dos, nosotras-dos",121,AS14030S27204M520x527S14030480x473S27204480x508
PRODUAL,"nosotros-dos, nosotras-dos",122,AS14031S27205M526x522S14031474x478S27205492x489
PRODUAL,"ustedes-dos, vosotros-dos",113,AS10e30S27102S32400M531x565S10e30493x528S27102516x525S32400482x482
producir,expresar,608,AS20300S20500S2b700S20300S20500S2b711S14c30S14c38M526x553S20300495x522S20300490x538S2b700500x484S20500512x523S20500478x540S2b711483x495S14c30502x447S14c38474x457
profecía,"profetizar, visión, visualización, visualizar, visionar, imaginación, imaginar",649,AS10e00S2d201S10e50S15a1aS2ff00M548x526S2ff00482x483S10e00498x496S10e50524x442S15a1a519x475S2d201522x492
profecía,"profetizar, visión, visualización, visualizar, visionar, imaginación, imaginar",650,AS10e00S2d201S10e50S15a1aS2ff00S17611S26506S15410S17619S26512S15418S2fb00S30007M573x554S2ff00480x447S10e00496x460S10e50522x406S15a1a517x439S2d201520x456S17611518x501S17619507x501S15418469x496S26506538x502S26512489x503S15410558x494S30007484x519S2fb00514x492
profecía,"profetizar, visión, visualización, visualizar, visionar, imaginación, imaginar",652,AS17611S26506S15410S17619S26512S15418S2fb00S30007M571x518S15410556x458S30007482x483S2fb00512x456S26506536x466S26512487x467S17611516x465S17619505x465S15418467x460
profesional,,315,AS11d13S2f000S22a07M524x524S11d13476x497S22a07511x477S2f000492x481
profesional,,600,AS15a18S17140S20800S26500S1f740S2a600S15310S20500S30007M544x574S15a18487x547S26500516x542S1f740514x520S17140492x532S30007482x483S20800504x559S2a600527x497S15310518x462S20500504x468
profesor,docente,338,AS20311S30007S20600M538x518S30007482x483S20311517x475S20600496x468
programa,,899,AS1f520S20602S22a04S15d09M522x523S15d09479x477S1f520487x481S22a04509x505S20602499x499
programa,software,919,AS1f510S21100S22a04S15d18M518x524S1f510498x477S15d18483x476S21100505x493S22a04505x509
programador,,922,M534x538S1f510482x464S15d18467x463S21100489x480S22a04510x523S11e10511x472S28805490x496S20e00512x507
Promo_Clase en Vivo de Viencias Sociais,,1140,
propiedad (matemáticas),,772,AS15a10S26502S2f700S15a18S2f900M527x523S15a18473x486S15a10515x496S26502495x506S2f900473x477S2f700495x496
proposición,"enunciado, declaración, afirmación, sentencia, postulado",1186,AS11502S26a06S20e00S1150aS26a12S22a24S2fc04M531x536S11502501x471S1150a470x464S20e00494x484S22a24493x501S26a06509x498S26a12475x493S2fc04492x525
proposición,,1187,AS11941S26a06S11919S26a12S20e00S22a24S2fc04M528x536S11919473x465S11941500x471S20e00494x484S22a24493x501S26a06509x498S26a12475x493S2fc04492x525
prosocialidad,prosocial,1210,AS14010S20500S30007S2df08S20320S2df06S20500S20320S2df1eM563x581S30007482x483S14010515x471S20500506x471S2df08542x465S20320504x550S20320485x550S2df06514x524S2df1e469x523S20500498x570
proteína,proteínas,1076,AS1761aS25100S20500S17616S25114M515x555S1761a487x483S17616487x502S20500505x495S25100486x445S25114485x522
proteína,proteínas,1077,AS1761bS25107S20500S17633S25113M535x535S25113465x510S17633488x498S20500507x506S25107509x466S1761b495x489
protocolo,"regla, reglamento, formulismo, etiqueta, formalidad",888,AS14712S20602S22a04S21410S15a28S2f900M525x530S14712490x486S15a28476x479S2f900476x471S20602515x485S22a04498x515S21410496x503
proyecto,"proyectar, planificación, planificar",653,AS14011S2b700S15d0aM522x528S2b700500x472S14011491x504S15d0a478x481
psicosis,,515,AS17d18S17d10S32b00S32a00S22114S22114S30102S17d40S2c300S17d44S2c315S36802S35010M570x559S32a00481x461S32b00481x441S17d18456x444S17d10517x444S22114456x434S22114514x434S30102482x509S17d40520x517S17d44455x517S2c300544x533S2c315432x530S36802480x520S35010495x540
psicosis,,516,AS30102S17d40S2c300S17d44S2c315S36802S35010M570x525S36802480x486S35010495x506S2c300544x499S2c315432x496S17d40520x483S17d44455x483S30102482x475
publicador de las buenas nuevas,"evangelizador, maestro de las buenas nuevas, maestro de la biblia, persona que enseña la biblia",625,AS1ed26S22a04S15a18S20500S14720S2880cS20500S14c40S14c48S2d720S26527S26520S26521M540x602S15a18483x468S14720499x487S20500498x462S20500484x502S2880c515x463S1ed26521x398S22a04523x429S14c40506x571S14c48461x570S2d720476x547S26520490x525S26521462x530S26527515x533
python,"Python, lenguaje de programación Python",861,AS18520S2ed0aS1000aS20500S22620S14c50S22620S14c58M538x547S18520485x454S2ed0a515x457S14c50504x512S14c58463x516S22620462x502S22620502x500S1000a477x473S20500503x478
python,"Python, lenguaje de programación",862,AS18520S2ed0aS20500S1000aM531x518S18520478x483S2ed0a508x486S20500496x507S1000a470x502
queso,,1068,M522x529S15a37489x506S2c503490x471S14c51478x496
Quibdó (Chocó),,63,M528x526S14c30504x473S14c38471x474S2ec26480x511
quince,15,406,AS1f701S2df0fS14c20M525x527S1f701475x483S2df0f487x503S14c20502x474
quinientos,500,387,M525x517S21600490x483S15001497x490S26506476x498
Quito,quito,1151,M521x516S17644484x485S10b41492x491S20600480x505
radio,hueso radio,993,AS11811S21410S21100S22a04S15808S2f900S37800M521x542S15808489x468S11811496x496S37800501x494S21100480x498S22a04480x515S21410479x534S2f900498x458
radio (matemáticas),,992,M526x524S1ed18475x485S1f420497x495S26506495x510S20700474x509S2f900488x476
rango (matemáticas),contradominio (matemáticas),703,AS15d41S15d49S20500S26506S26512S15d40S15d48M569x519S15d49476x495S15d41502x495S15d40550x492S15d48432x491S26506530x502S26512456x502S20500496x481
raro,"extraño, insólito",349,AS11a20S22114S1f720M523x520S11a20482x490S1f720503x504S22114477x480
rasgar una supercifie,,583,AS30c00S36110S14e10S21100S22a04S2f900S15a18M518x584S30c00482x483S36110492x503S15a18465x514S14e10481x524S21100471x549S22a04470x569S2f900465x505
ratón de computadora,,927,AS12850S2e50fS15a37M527x528S12850504x473S15a37473x481S2e50f500x505
Rayo,,29,M539x554S30d00482x482S10028461x476S10020524x477S2990c523x511S2990c523x511S29914464x511S2f710526x547S2f700466x547S2fb04493x539
raza negra,"negro, negra, niche",219,AS1c507S33200S2e300M536x547S33200482x482S2e300490x520S1c507511x506
receptor,,834,AS14c10S21100S26504S14c18S36d00S18512S21100S22a04M528x565S14c18474x452S14c10492x436S21100498x474S26504498x492S18512495x531S36d00479x520S21100514x530S22a04515x550
receptor,,835,AS14c10S21100S26504S14c18S36d00S18512S21100S22a04M529x536S14c18417x481S14c10435x465S21100441x503S26504441x521S18512494x493S36d00479x484S21100516x493S22a04516x513
recta (matemáticas),,981,AS19201S19209S20500S2fb00S26506S26512M547x514S19201503x493S19209472x493S20500496x486S26506532x495S26512454x495S2fb00493x508
recta normal (matemáticas),,736,AS10011S20e00S22a01S10a1aS10a1aS20500S10a11S10011S20500S10019M554x547S10a1a446x479S10011475x479S20e00465x464S22a01452x453S10a1a446x527S10a11474x521S20500461x512S10011533x490S10019513x497S20500518x489
recta numérica (matemáticas),,982,AS1eb20S23504S26506S19209S2f900M539x524S26506524x500S19209462x485S1eb20493x483S23504493x506S2f900467x477
recta numérica (matemáticas),,983,AS17630S21e10S26506S19209S2f900M533x517S2f900472x484S19209467x492S17630498x501S21e10496x490S26506518x502
recta tangente (matemáticas),,735,AS10011S20e00S22a01S10a1aS10a11S20500S10a1aM528x547S10a1a472x479S10011501x479S20e00491x464S22a01478x453S10a1a472x527S10a11500x521S20500487x512
recuadro (sobre video/pantalla),,502,AS10b10S20500S1dc28S2f900S23b04S20500M523x534S1dc28477x487S10b10507x505S23b04502x479S20500485x467S20500496x494S2f900480x522
red,,923,AS14c51S22b01S21400S20500S14c59S21400S22b17M536x531S14c51509x491S14c59465x491S22b17489x469S22b01487x469S21400492x502S21400492x510S20500494x520
reemplazar (matemáticas),,1094,M523x537S1ce41477x464S1ce49479x501S2c704502x503S2f900482x532
reflexionar,,605,AS30e00S35010S21410S10a01S2e500S10a09S2e514M535x518S30e00482x483S10a01507x456S10a09458x466S2e500497x423S2e514484x440S21410492x469S35010495x505
registrar,registrando,1114,M545x584S26f02531x543S20612517x547S15d18484x527S1f402506x522S35000469x483S34700496x483S21416506x557S2f900491x558
registro,,1113,M522x573S22a04509x549S21100497x559S15d18482x530S1f402504x525S32a20482x483
registro y control,,737,M559x551S10a5c495x473S1ed48477x487S22e04505x450S1ea47517x523S1ea4f460x522S27107532x511S2711b441x507S2fc00491x520
"regla de la cadena (derivadas, matemáticas)",,741,AS1eb20S22a04S2f900S1ed18S14c32S26502S14e32S20700S14c3aS26516S14e3aM586x550S1eb20495x450S1ed18469x469S22a04505x473S2f900470x463S14e32500x503S14e3a469x509S26502536x510S26516450x517S20700499x535S14c32555x506S14c3a414x512
reina (esposa del rey),,1232,M546x553S2ff00482x483S15311507x466S20600524x493S1a820524x510S21901510x531S22815518x538
reir,risa,260,AS10b11S34000S20e00S22f07M549x531S34000482x482S10b11505x510S20e00523x495S22f07528x480
reir,risa,261,AS10b11S34000S20e00S2e004M557x531S34000482x482S10b11505x510S20e00521x493S2e004536x500
relación (regla matemática),"relacional, relación",701,AS11551S11509S20500S26626S11531S11559S20500M564x524S11539436x492S11551455x492S26626487x499S20500539x478S11531539x497S20500452x477S11559520x495
relación parte todo,relación parte todo en fraccionarios,881,M546x547S1ed18488x457S1f017517x474S26505533x466S11509455x484S11521474x482S11501516x519S23621485x502S11529496x522S2f900490x453S20500461x468S20500530x513
relaciones sexuales,hacer el amor,242,M539x525S11529476x475S11521497x475S2f000518x500S2f010461x499S20500495x501S2fb04493x519
repetido,"muchas veces, frecuente, periodo, duplicado, copiado, reproducido, reiterado",957,AS18517S22a04S20612S15d18S21416M521x537S15d18480x463S18517502x475S20612492x500S22a04505x513S21416481x508
repetir,,952,AS11b10S2f404S15d09S2f900M520x530S15d09481x477S2f900494x470S11b10500x488S2f404498x520
República,república,1144,M524x528S15d09496x473S15d01480x474S20700494x513S2880e502x500S28816477x501
requerimiento,requerimientos,1273,AS10a51S22a04S2f710S15a18S2f900M525x528S2f710509x521S2f900475x505S15a18475x473S10a51492x479S22a04508x503
reservar,"asegurar, guardar",953,AS20352S2c300S20500S15d48S2f900M528x524S15d48472x486S2f900478x479S20352492x494S20500493x513S2c300502x477
respirar,,262,AS15d01S36d00S20500S33a10S33500M525x560S36d00480x526S15d01491x535S20500484x549S33a10474x477S33500477x488
responder,contestar,336,AS11a10S35000S21410S20500S26500M538x552S35000482x483S11a10494x522S21410523x533S20500526x517S26500523x496
responsabilidad,,597,AS36d00S18011S20600S18019S20600M543x525S36d00479x499S18011518x476S18019491x505S20600495x482S20600514x507
retardo mental,,60,M539x517S34900482x482S35750491x505S30f00482x482S18c01513x477S20500519x506S22703519x463
retroalimentación,devolución,839,M526x598S14c39478x528S14c31481x558S2e81c459x532S2e804511x562S22a00511x541S22a10461x511S2fc04477x587S33b00482x483
retroceder,,955,AS10b41S2f401S26504S2fc04S10b49S2f402S26514M528x537S10b41499x464S10b49473x474S2f401514x489S2f402483x497S26504511x516S26514481x522S2fc04495x488
rey (de España),,1231,AS15311S20600S2ff00M546x518S2ff00482x483S15311507x466S20600524x493
rojo,,578,AS10b11S20f02S26a02S21410S30004M530x564S30004482x483S10b11500x521S20f02493x526S26a02474x526S21410492x556
router,"enrutador, encaminador de paquetes",466,AS1ed40S1ed48S20500S10041S10049S20500M527x544S1ed40501x472S1ed48473x472S20500497x457S10049485x514S10041495x514S20500496x501
Rrom,"Rom, gitano",520,AS13301S17610S18d20S34500S35300M533x550S13301464x523S17610494x532S18d20510x524S34500468x482S35300497x483
rubio,"rubia, rútilo, rubicundo, blondo, blonda, catire, catira, mono",150,AS1bb10S30007S26504S21b00M535x517S30007482x482S1bb10514x466S26504520x498S21b00524x459
sábado,,37,AS1ce11S20600S36d00M521x524S36d00479x476S1ce11471x482S20600476x513
saber,conocer,340,M541x518S17f11514x485S20600503x470S30007482x483
salida,output,909,AS15719S22214S26b02S20350M535x516S15719486x495S26b02465x489S20350520x496S22214491x484
Samuel Herd,Samuel-Herd,1167,AS16f11S22215S16f19S22213S30007S21100S30001S21100M536x518S30001482x483S30007482x483S16f11508x469S16f19471x468S21100523x490S21100465x489S22215502x458S22213482x458
San Lucas,"Lucas, Evangelio de Lucas",176,AS1dc20S2031aS37706S20600M529x523S2031a495x508S1dc20476x476S37706471x508S20600507x493
Sanedrín,consejo supremo de los judíos,89,AS11851S11859S2d706S2d71eS2fb00S1ce41S1ce49S23100S23118S2fc04M536x571S11851501x472S11859465x471S2d706509x438S2d71e464x436S1ce41503x505S1ce49470x506S2fb00494x428S23100505x538S23118466x540S2fc04492x560
Santander (Departamento de Colombia),santander (departamento de colombia),1095,M522x535S15d16495x516S15451492x487S22632479x484S2ea06493x466
satélite,,1017,M522x532S11909494x484S11901478x481S20500497x469S28c24482x504
satélite artifical,,1016,AS1a011S2b730S2b735S2f900S15318S2f900M530x535S15318471x497S1a011473x465S2b735513x496S2b730491x496S2f900505x487S2f900473x530
secundario,,938,AS10001S22a03S10e01S21b00S2f710M531x531S10e01480x496S2f710482x524S22a03502x497S10001510x470S21b00470x505
sed,,263,M531x553S36a00482x477S1f002516x510S21100494x521S21410513x542S22a04494x538
sede,central,575,M538x544S20302523x496S2030a461x496S30e00482x483S35000482x483S22b04522x514S22b14461x513S2fb04491x538
seis,6,32,M511x522S21600489x478S10620490x488S2f900499x517
seis mil,6000,391,AS21700S10620S2df00S18010S20500S15d18M537x541S10620516x470S21700517x459S18010486x518S15d18464x501S20500482x530S2df00504x493
seiscientos,600,390,AS10601S21700S26506S15007S21700S26516M547x518S15007472x488S21700497x483S10601524x490S21700517x483S26516453x502S26506509x502
semántica,,613,AS18c01S20500S30007S2d207M555x518S30007482x483S18c01513x473S20500500x469S2d207532x498
semántica,,911,AS10e22S28136S15d0aS21414S2f900M539x527S15d0a462x483S2f900465x474S28136507x511S10e22474x512S21414466x503
semejanza (símbolo matemático),～ (símbolo matemático),686,AS10b1aS29902M530x508S2990e498x493S10b1a470x493
seña,"señas, señas de colombia, lengua de señas colombiana, LSC",1071,M523x527S14c09497x474S14c21478x474S21100496x503S2fb04496x521
señor (España),,1235,AS1cf10S20600S36d00M521x529S36d00479x471S1cf10470x484S20600473x518
sentarse,,264,AS11850S1155aS22a04S20500S21400M526x527S1155a473x508S11850503x500S20500492x492S21400489x506S22a04490x472
ser verdadero,"ser cierto, tener la certeza de, dar por verdadero, creer que algo es verdad",65,AS10001S33b00S20500S26507S1ce02S22b04S2f710M546x564S33b00482x482S10001500x511S20500491x519S26507517x509S22b04530x510S2f710532x499S1ce02515x542
servicio,,456,M540x528S15a37499x489S15a3f477x505S26c07520x472S26c11460x488S2fb00486x474
sesenta,60,388,AS21700S10620S26506S17610M529x519S10620472x492S21700472x482S26506496x504S17610513x503
setecientos,700,393,AS11001S21700S26506S15007S21700S26516M548x517S15007471x489S21700496x484S26506512x503S21700516x484S26516452x503S11001520x489
setenta,70,392,M528x519S17610512x503S21700477x482S26506495x504S11020472x491
si y solo si (símbolo matemático),⇔ (símbolo matemático),674,AS10e02S10e0aS27122M544x521S10e02514x480S10e0a456x481S27122494x482
siempre,,978,AS1ce02S23404M519x521S1ce02486x480S23404482x507
siete,7,33,M510x523S21600493x478S11020491x489S2f900497x518
siete mil,7000,394,AS21700S10620S18010S20500S15d18M526x541S10620498x469S21700499x460S18010496x518S15d18474x501S20500492x530
silencio,"silenciar, callar",970,AS10010S34e00S21410S20500M543x536S34e00482x483S20500531x509S21410528x524S10010509x506
silencio,,968,AS10010S33b00S20500M518x536S33b00482x483S10010486x506S20500506x522
simbolo,,1195,AS20320S22a04S15a18S20602M520x522S15a18481x493S20602496x498S22a04507x502S20320493x479
símbolo,operador,832,AS20310S20600S15d20S21410S2f900M522x528S15d20479x484S20310503x485S21410505x520S20600500x506S2f900487x473
símbolo indicador (Python),chevron (Python),902,AS14011S26706S26f00M540x515S14011461x491S26f00491x485S26706498x496
símbolo indicador (Python),chevron (Python),903,AS14011S26506M525x512S14011475x488S26506510x493
simplificar fracciones,,884,AS1ee10S22104S26506S22a04S1ee10S22104S26506S10b19S2f900M536x534S1ee10490x471S1ee10488x512S22104497x466S22104493x505S22a04506x499S26506521x480S26506520x517S10b19465x498S2f900471x523
sincrónico (1),sincronizar (1),659,AS14e02S26502S20700S2f900S14e0aS33500M524x566S14e02468x524S14e0a437x529S20700470x551S26502503x530S2f900439x518S33500476x483
sincrónico (2),sincronizar (2),660,AS14e0aS26516S20700S2f900S14e02S33500M556x566S14e02525x528S14e0a492x524S20700505x551S26516474x530S2f900543x519S33500476x483
sintaxis,,910,AS10040S10048S23524S26526M530x527S10040495x473S10048470x473S26526515x504S23524473x509
sintaxis,sintáctico,580,AS10040S23404S26702S2fb04S10048S23414S26712M547x538S10040519x462S10048484x463S26702501x498S26712454x498S23404510x513S23414461x512S2fb04495x532
sistema,,503,AS14e02S26a04S20700S14e0aM531x532S14e02500x468S14e0a470x473S20700505x499S26a04501x518
sistema binario,binario,1135,M524x534S17618476x499S2f900479x489S17610504x518S26a00497x501S10040504x467
sistemas numéricos,,1139,M535x524S14e0a466x487S2f900467x477S17430501x491S21f2b501x477S26506509x510
sitio web,"website, dirección de internet, WWW",499,AS18720S26806S23404M526x529S26806476x501S23404478x515S18720475x472
sociología,,448,AS12313S2ea06S19a09M528x523S19a09473x479S12313505x478S2ea06501x508
sombra (matemáticas),,1011,M529x532S15a10484x476S15a18471x476S20500479x506S2f900471x468S2880b502x483S15d30510x506
soñar,sueño,73,M560x518S31500482x483S10a11513x478S22b07536x461S21900513x468S20500497x469
Sordo,sordo,554,AS10011S2ff00S20500S20500M544x531S20500509x515S10011523x501S20500520x488S2ff00482x483
subalterna (matemáticas),"dependiente, depender",1217,M529x520S10051496x499S10059475x499S22214508x492S22214472x492S20500496x480
Subaru,,775,AS1ee10S1ee18S22104S22104S20e00S22104S22104S23600S23614S2fc04M548x533S1ee18477x471S1ee10499x480S22104471x467S22104483x467S22104509x476S22104521x476S20e00494x507S23614453x498S23600509x504S2fc04492x522
subcontrarias (matemáticas),,1219,AS10e20S26502S1c510S20500S10e28S26516S1c518M571x518S10e20556x483S10e28430x484S1c510505x487S1c518466x487S26502538x494S26516449x494S20500497x507
subdirectores,"vicerrectores, subjefes",644,AS1f502S26706S23404S2031aS37706M531x523S2031a498x478S37706473x479S1f502469x486S23404487x509S26706489x493
subtitulación (sobre video/pantalla),,501,AS21e02S11e02S26a06S2f900S1dc28M541x522S1dc28460x492S11e02493x485S21e02483x493S26a06527x487S2f900469x479
Sucre (Bolivia),,1156,M527x539S15a1a488x522S37609503x485S2031c494x486S2e00c474x462S20500517x528
supervisión de exámen,proctoring,785,M536x593S30a00482x488S14e02494x521S30307482x477S22b04520x492S21400521x481S2031a490x572S1a020499x551S20600514x582
tablero,pizarra,1085,M540x561S10021496x457S10029464x457S20500490x439S24402499x489S2441a461x488S20500492x524S1f420479x545S2480a512x545
tablet,"dispositivo digital, dispositivo táctil",931,M531x531S15d3a469x490S1c551483x470S27102516x491S20e00499x501S21400498x518
Taipei,,62,M525x523S1dc00501x477S1dc08475x477S20600490x512
Taliban,,825,AS11e20S2f710S27102S2f700M530x524S11e20470x476S27102501x480S2f700518x517S2f710487x517
taller,,814,AS10002S2d300S20700S10e48M538x526S10e48472x496S10002475x501S20700463x474S2d300499x479
tapa con bisagras,"levantar tapa (con bisagras), abrir objeto con tapa (de bisagras)",1111,M554x529S14e50506x480S14e58470x479S22a00514x514S22a10475x514S2c300528x501S2c311447x500S2fb00495x472
tautología,,1191,AS10e20S2480cS2f900S1440aM526x532S1440a475x488S2f900478x479S10e20509x469S2480c510x504
TEAMS,teams,1091,M532x529S20500522x492S37706469x497S1d200494x472S2df05506x505S2034a493x497
teclado (de computadora),,929,AS1ed50S26506S2fb04S1ed58S26512S14c50S22630S14c58S22630M551x542S14c50511x511S14c58468x510S22630506x497S22630462x497S1ed50506x459S1ed58469x459S26506536x464S26512449x463S2fb04494x483
tecnología,,1275,AS10e22S20500S28136S15a18M542x517S15a18458x483S10e22474x484S20500476x506S28136510x483
teléfono,,958,AS19a02S20600S34400M537x518S34400482x483S19a02517x489S20600507x471
teología,,344,AS11811S20500S30007S2b705S14710M559x518S30007482x483S11811515x478S20500504x465S14710545x450S2b705530x458
teorema (matemáticas),,1100,M536x567S2ff00482x483S17700515x479S17708464x477S20500483x470S20500506x470S25604520x502S25614466x504S10040503x537S10048480x537
teorema (matemáticas),,696,AS1d210S26504S20500S21410S15d28M521x531S15d28482x503S1d210480x470S20500509x507S21410506x523S26504507x486
terapia de lenguaje,,513,AS1d210S2ee00S21410S33b00M533x559S33b00482x483S1d210504x510S2ee00490x524S21410492x551
Terremoto,,3,M558x559S31300482x482S14c50515x518S14c58460x518S27102543x517S27112440x517S2fb04492x553
tésis,trabajo de tésis,443,AS1d210S15b08S25104M520x533S15b08481x483S1d210491x468S25104500x500
tesis (matemáticas),,692,AS15a51S15d39S21100S27103S15a31S22a04S20b00S15d39M526x548S15d39490x453S15a51500x461S21100495x479S27103475x486S15d39485x517S15a31495x525S20b00512x513S22a04513x495
texto,"escrito, manuscrito, documento",896,AS15801S26a06S20e00S15809S26a12S2fc04M527x530S15801492x470S15809473x482S20e00496x504S26a06513x490S26a12477x502S2fc04495x519
texto,"texto escrito, script",859,AS15841S26a06S20e00S15d09S21414M525x527S15d09475x474S15841495x486S20e00477x512S26a06494x500S21414476x500
Texto Escondido,"Closed Caption, CC",500,AS17e10S26a06S21100S21410S15a20M519x534S21410482x526S17e10496x480S26a06499x500S21100482x506S15a20481x467
The Linguist List,,370,AS1dc20S28905S1dc28S2891dS30a00S33b00S30300S1dc01S15a20S21100S22a04M549x651S30a00482x488S1dc20525x533S1dc28452x532S28905499x526S2891d475x528S33b00482x488S1dc01476x591S15a20472x604S21100493x617S22a04494x636S30300482x477
they (ellos inglés signado),,1128,M559x539S1d210519x511S19a00524x473S2d507539x497S32a10482x483
tiende (símbolo matemático),"x→a (símbolo matemático), X tiende a A (símbolo matemático)",1092,M524x534S1eb40500x515S1eb48477x507S20500505x500S26510478x491S1ee48477x466
Tierra,,35,M551x574S18551505x531S18559467x532S22913499x559S22915481x559S21100473x550S21100509x550S2d606526x506S14c51524x477S14c59448x479S31500482x482S2d61e450x507
título,"tema, cita, comillas",317,AS11020S21600S11028S21600M529x520S11020510x493S11028471x492S21600517x481S21600478x482
tocar,"tantear, palpar",93,M521x532S1571a487x514S20500482x496S1c551496x485S25900480x468
todo,"total, entero, conjunto, por completo",124,AS15d20S2ed0cS15d30S15d3aS20500M532x526S15d3a481x482S15d30486x493S15d20513x474S2ed0c509x503S20500468x498
tomar,beber,141,M540x541S16d40492x521S30004482x483S2c304513x510
tomate,,293,M528x522S16d48488x502S15d30509x479S26a02472x479S21400507x510S20e00490x485
tornado,,41,M550x584S33600476x482S18511520x505S22a00528x524S14c03517x558S2eb02518x541
Toyota,,776,AS19a20S2e104S30000M542x518S30000482x483S19a20486x461S2e104519x465
trabajo,"trabajar, empleo",604,AS20302S2030aS20600M522x517S20302479x502S2030a486x484S20600500x503
tractocamión,camión,1062,M557x544S21414519x435S21410520x463S26511473x430S20500523x449S26505516x473S16d10498x450S16d18488x444S2ff00482x483S19a10523x503S19a18449x503S23600518x527S23614442x527S2fc04492x526
traducir,traducción,245,AS15d51S15d39S2c504S20600M536x524S15d39464x476S15d51471x483S2c504493x499S20600492x482
traducir,traducción,258,AS15d51S15d39S20500S27106S15d31S15d39S20500M550x520S15d39450x487S15d51457x494S20500476x487S27106493x480S15d39513x488S15d31521x494S20500540x485
traductor,"traducción, traducir",512,AS15d51S2c500S20500S21400S15d39M537x528S15d39463x473S2c500497x504S20500471x507S21400468x522S15d51474x482
tráfico  vehicular,tráfico web,468,AS14b18S14b10S20e00S26a02S26a16M524x522S14b18498x483S14b10478x479S20e00494x502S26a02477x495S26a16510x495
tranquilidad,"quietud, sosiego, calma, reposo, paz",972,AS14c01S21100S22f04S14c09S21100S22f14S36d00S35000M530x600S35000481x483S14c01497x527S14c09472x539S36d00479x522S21100510x556S21100473x569S22f04505x572S22f14468x586
transcrição,"Transcrição, TRANSCRIÇÃO",595,
transmisión satelital,,1018,AS1a003S22c07S34d00S33630S2fa00S1a001S22c05M567x524S1a003437x496S22c07464x466S1a001539x488S34d00483x482S33630476x497S22c05507x466S2fa00498x454
transmisión satelital,,1019,AS1a003S22c07S34d00S33630S11901S11909S20500S28c24S1a001S22c05M567x528S1a003428x500S22c07454x471S1a001539x486S34d00482x482S33630476x497S22c05510x464S11909498x432S28c24489x452S11901481x429S20500499x417
trece,13,404,AS1f701S2df0fS18620M523x527S1f701478x483S2df0f490x503S18620505x473
treinta,30,382,AS18601S26506S17610M527x525S17610511x483S18601474x476S2df0f495x501
treinta y cinco,35,428,AS18601S2df0fS14c20M530x527S2df0f492x503S18601471x478S14c20507x474
treinta y cuatro,34,423,AS18601S2df0fS14420M530x528S2df0f491x504S18601470x479S14420508x473
treinta y dos,32,421,AS18601S2df0fS10e20M528x527S2df0f493x503S18601472x478S10e20513x474
treinta y nueve,39,427,AS18601S2df0fS21700S14520M531x531S2df0f491x507S18601470x482S21700514x469S14520506x479
treinta y ocho,38,426,AS18601S2df0fS21700S18b20M530x530S2df0f492x506S18601471x481S21700516x470S18b20510x478
treinta y seis,36,424,AS18601S2df0fS21700S10620M528x529S2df0f493x505S18601472x480S10620507x480S21700508x471
treinta y siete,37,425,AS18601S2df0fS21700S11020M528x529S2df0f493x505S18601472x480S21700512x472S11020509x480
treinta y tres,33,422,AS18601S2df0fS18620M529x527S2df0f492x503S18601471x478S18620511x474
treinta y uno,31,420,AS18601S2df0fS10020M528x527S2df0f493x503S18601472x478S10020513x474
tres,3,11,AS18620S2f900M509x519S18620491x481S2f900495x514
tres mil,3000,383,AS18601S20500S15d18M524x522S15d18477x478S20500492x511S18601498x486
trescientos,300,5,AS26506S21600S18b01M525x518S18b01497x490S21600492x482S26506476x500
tridemensional,estereoscópico,451,AS12411S2e109S12419S2e11fM532x537S12411494x464S12419468x471S2e11f471x502S2e109507x494
trigonometría,,1199,M522x529S1f70a486x509S11e21492x486S20500478x496S22225482x471
triste,tristeza,816,AS30f30S34100M518x518S34100482x483S30f30488x489
tuyo,"suyo, vuestro, vuestra",211,AS10050S37b06S2c600M517x524S10050502x476S2c600483x498S37b06501x512
tuyo,"suyo, vuestro, vuestra",212,AS10051S37b0bS2c602M518x522S10051483x478S2c602489x504S37b0b506x493
tuyo,"suyo, vuestro, vuestra",213,AS10059S37b03S2c607M518x521S10059488x478S37b03482x493S2c607488x503
Twitter,,463,AS1f410S22214S14409S20500M526x520S1f410475x489S14409498x481S20500494x509S22214474x480
UMB,Universidad Manuela Beltrán,538,AS18010S30007S20500S22a04S18011S36d00S20500S26507S20310S2f700M572x544S30007480x483S36d00479x540S18010513x483S20500505x471S20500503x525S22a04525x503S26507545x506S20310557x487S2f700559x474S18011516x517
UNAD,"Unad, unad, Universidad Nacional Abierta y a Distancia, National Open and Disctance University",792,AS1a001S36d00S20500S1ce10S29906M554x532S36d00479x482S1a001465x487S20500478x521S1ce10532x469S29906495x495
UNAD,"Universidad Nacional Abierta y a Distancia, Unad, unad, National Open and Distance University",519,AS1ce10S1a009S20500S29904M522x532S20500482x490S1a009479x502S1ce10495x468S29904508x496
UNAD,"Universidad Nacional Abierta y a Distancia, Unad, unad, National Open and Distance University",790,AS1ce10S29a06M527x515S1ce10473x485S29a06492x496
UNESCO,unesco,977,AS1a020S20600S17f18S2f900M521x526S17f18480x474S1a020501x497S20600496x482S2f900486x508
unidad,"todo, completo, unidad en fraccionarios",877,AS10041S28c04S10000S2ea0aS1ed18S21414S2f900M533x548S10000512x497S2ea0a508x533S1ed18468x458S28c04498x456S2f900468x452S21414469x483S10041493x481
unidad,"unidad numérica, unidad en fraccionarios",876,AS10000S2ea0aS36d00M544x529S10000523x478S2ea0a519x514S36d00479x471
unidad,,827,AS1f047S26500S15a18M520x526S15a18480x478S1f047497x496S26500497x475
unidades,,828,AS1f047S26706S26f00S15a18M534x526S15a18466x478S1f047483x496S26f00483x474S26706492x485
unión,"conexión, vínculo, coordinación, federación, confederacion, avenecia, armonía, paz",973,AS1ce10S20800S1ce4fS2f900M522x520S2f900493x480S1ce10500x485S20800493x489S1ce4f479x497
unión,"conexión, vínculo, coordinación, federación, confederación, paz",974,AS1ce10S20800S1ce4fS2f900S2d620M522x528S2f900492x473S1ce10499x477S20800492x482S1ce4f478x489S2d620493x516
unión,"conexión, vínculo, coordinación, federación, confederación, paz",975,AS1ce10S20800S1ce4fS2f900S2e752M522x527S2f900493x473S1ce10500x477S20800493x482S1ce4f479x489S2e752495x511
unión (símbolo matemático),⋃ (símbolo matemático),688,AS1ce10S1ce18S20a00S2f900M520x528S1ce10498x472S1ce18480x472S20a00492x506S2f900495x523
universal,universo,1215,AS1a001S2e734S1a00aS2e718S20500M528x530S2e734510x470S2e718472x499S20500518x498S1a00a490x510S1a001487x479
universidad,,789,M521x525S36d00479x476S1a001465x481S20600472x514
Universo,,20,M566x544S32107482x482S1a041512x455S1a049538x464S20500530x493S2e700542x502S2e74c521x512S2fb04537x538
uno,1,375,AS10020S2f900M508x519S10020493x482S2f900495x514
Uruguay,,1172,M546x566S11510516x508S2e000525x537S34700482x483
usar,"utilizar, emplear, explotar",956,AS1a010S2ea32S20e00S2031aS37706M536x523S2031a490x501S1a010494x477S20e00520x494S2ea32511x508S37706465x502
usuario,"utilizador, consumidor, cliente",962,AS1a010S20e00S2d500S2031aS37706S11e10S20e00S22a04S36d00M522x555S2031a475x469S1a010479x445S20e00505x462S20e00510x506S37706450x470S11e10492x525S2d500499x477S22a04509x523S36d00479x497
útil,beneficioso,932,AS15d00S26a00S15d08S26a10S22a20S34500M541x557S34500482x483S15d00521x511S15d08462x511S26a00514x543S26a10461x542S22a20495x528
uva,,294,M544x521S1d119492x429S1d110512x444S34400482x483S2c604525x464S1d401519x487S21410521x513
vaca,,347,AS1ed10S20500S30007S1ed18S20500S30001M540x518S30007482x483S30001482x483S1ed10514x470S1ed18460x468S20500524x497S20500466x494
vagina,,227,AS1dc21S30006S20500M542x519S30006482x483S1dc21512x483S20500522x508
valores,,647,AS18501S21100S22830S18536S21100S22930S30000M518x567S30000482x483S18501489x464S21100479x537S22830471x445S22930466x522S21100480x461S18536488x542
variable,variables,856,AS10e11S22230S22a04S10b49S2f900M532x533S10b49469x483S2f900476x508S10e11507x481S22620500x468S22a04516x518
variable (matemáticas),,771,AS15a50S23600S2fc04S15a58S23610S35810M536x570S15a50509x522S15a58469x541S23610455x521S35810482x483S23600497x553S2fc04485x540
variable matemática (matemáticas),,1099,M546x551S1dc20504x450S1dc28486x468S20500496x453S10009474x505S10021455x516S10027525x509S26526498x519S10001515x507S20500476x539S20500525x540
vecindario,,1012,AS15a11S15a19S20600S30a00S30351S1f430S26f00S1f438S2f900S2d820S34500M569x633S15a11527x499S15a19501x499S20600515x484S30a00483x448S30351495x435S34500481x530S1f438502x593S1f430528x600S2d820481x573S26f00529x619S2f900504x613
vecino,"vivir cerca, vive cerca",1045,AS1851eS20600S18516S20600S36d00S36500S1f438S26517S1f430S2f900S34500M558x595S2f900545x575S26517522x582S1f430529x556S36d00479x475S20600469x512S34500479x531S1f438506x568S36500482x435S1851e511x482S18516475x483S20600509x512
vecino,,1013,AS15a11S15a19S20600S30351S30a00S1f430S2f900S1f438S26517S34500M560x594S15a11527x499S15a19501x499S20600515x484S30a00483x448S30351495x435S34500481x530S1f438508x567S1f430531x555S2f900547x574S26517524x581
vecino,,1014,AS15a11S15a19S20500S30351S30a00S15a40S2880aS15a19S2f900M562x610S15a11526x540S15a19500x540S30351494x476S30a00482x489S20500520x525S15a19500x572S2f900502x599S15a40539x583S2880a540x566
vecino,,1015,AS15a11S15a19S20500S30a00S30351S10040S2880aS15a19S2f900M562x612S15a11526x540S15a19500x540S30351494x476S30a00482x489S20500520x525S15a19500x572S2f900502x599S2880a540x566S10040529x582
vector (matemáticas),,766,AS10001S2e104S1000aM533x526S10001493x474S1000a467x486S2e104510x498
veinte,20,381,AS10e01S2df0fS17610M526x525S10e01475x475S2df0f494x501S17610510x486
veinticinco,25,415,AS10e01S2df0fS14c20M528x526S10e01472x476S2df0f491x502S14c20505x475
veinticuatro,24,414,AS10e01S2df0fS14420M530x526S10e01471x476S2df0f490x502S14420508x474
veintidós,22,412,AS10e01S2df0fS10e20M528x526S10e01473x476S2df0f492x502S10e20513x475
veintinueve,29,419,AS10e01S2df0fS21700S14520M530x531S10e01471x481S2df0f490x507S21700512x470S14520505x479
veintiocho,28,418,AS10e01S2df0fS21700S18b20M528x530S10e01473x480S2df0f492x506S21700515x471S18b20508x479
veintiséis,26,416,AS10e01S2df0fS21700S10620M528x529S10e01473x479S2df0f492x505S10620507x481S21700508x472
veintisiete,27,417,AS10e01S2df0fS21700S11020M527x529S10e01473x479S2df0f492x505S21700511x471S11020508x480
veintitrés,23,413,AS10e01S2df0fS18620M528x526S10e01473x476S2df0f492x502S18620510x474
veintiuno,21,411,AS10e01S2df0fS10020M528x526S10e01473x476S2df0f492x502S10020513x475
velludo,,228,AS15742S20500S26a00S18541S1574aS20500S26a10S18549M535x537S26a00506x486S26a10468x486S20500512x526S20500484x526S15742504x504S1574a473x505S18541508x463S18549466x462
velludo,,229,AS15742S20500S26a00S18541M516x537S26a00487x486S18541489x463S20500493x526S15742485x504
Venezuela,venezuela,1146,AS10e20S2990cM508x534S10e20493x466S2990c493x502
ver,mirar,142,M545x529S31400482x483S28130525x466S10e10507x499S21410527x515S20500530x500
ver,mirar,151,M536x532S31400482x483S10001507x502S20500523x500S26600520x463
verde,viernes,579,AS10e20S27102M518x520S10e20483x484S27102503x480
verdura,,295,M535x532S10e01466x469S16d09489x497S37903484x493S25101494x469S20701512x487S37803484x493
vértice,,1221,AS1eb20S26502S10e0aS2f900M535x512S10e0a466x489S1eb20511x492S26502494x490S2f900468x507
vicerrector (1),"vicedirector (1), subjefe (1)",645,AS1f54cS22a00S10e50S2380aS2031aS37706M541x531S2031a484x516S37706459x517S1f54c477x469S22a00476x497S10e50526x480S2380a496x485
vicerrector (2),"vicedirector (2), subjefe (2)",646,AS10e20S26606S1f503S1f503S20500M525x541S26606495x475S10e20476x459S1f503476x500S20500504x505S1f503497x519
vida,"sustento, subsistir, apoyo",164,M535x527S12702505x512S1270a465x512S22a00520x475S22a10468x476S21100520x493S21100467x495S2fb00495x473
vida,"vivo, viva, estar vivo, estar viva",161,M551x553S14c30508x447S14c38471x448S26c02536x449S26c1a450x452S1851e516x511S25510478x485S18516474x512S25500514x484S20500478x542S20500517x541
video conferencia,,1084,M518x564S11e41465x523S1234a437x497S35000482x483S32411490x494S2f900440x487S2f900475x559
viejo,"vieja, edad avanzada, anciano, anciana, vejez, senectud, vetustez, ancianidad, tercera edad",99,AS20340S30004S20500S29904M525x558S30004482x482S20340494x519S20500513x512S29904511x526
viernes,verde,36,AS10e00S27102M518x520S10e00483x484S27102503x480
vino,,457,AS10e11S20500S2d300S33b00M568x541S33b00482x483S10e11501x511S2d300529x512S20500518x509
virtual,,807,AS1bb28S2df04S21b00S2f700S1dc28S2f900M533x529S1dc28468x493S2f900477x484S1bb28493x482S21b00503x472S2df04511x508S2f700521x492
visual,,1158,AS10e00S27100S10e08S2711cS2fc00S31400M544x561S2711c459x533S31400482x483S2fc00496x550S10e00507x499S10e08479x499S27100504x532
visualizar,"conceptualizar, desverbalizar",607,M546x518S31100482x483S17618486x458S15318452x452S22a06514x467S22a12469x459S15310531x461S17610495x464
vocabulario,,864,AS10e01S33b00S20600M540x542S33b00482x483S10e01497x512S20600518x512
Volkswagen,VW,777,AS18620S20600S21414S17619M522x522S18620502x492S20600500x478S17619479x482S21414479x504
Watchtower,,277,M517x515S18720483x486S1fb20502x496
WE (nos inglés signado),,1127,M541x518S36d00479x482S18617515x490S2d500492x492S1661f467x494
Yahweh,"Yahwé, Yawé, Yahveh, Yahvé, Yavé, Jehová, יהוה, YHWH, JHVH",178,M537x519S19a20477x499S11502507x504S2df00463x481
YEISSON,,487,M703x617S31400482x483S19a26609x475S33e00482x483S20500506x473S28904531x463S16d10574x486S2f000567x463S1b511516x488S1b543675x489S1b54b649x478S20600667x475S19a00509x570S2d104612x578S19200573x574S10000611x563S17610651x576S1322c680x576S16610545x575
yuca,,297,M528x527S18116473x515S20c00499x499S15e12482x489S25504499x473S25504515x473
zanahoria,,298,M532x542S36200482x483S20311508x501S23004507x524
zero copula,,1269,M528x555S26522487x490S1ce10493x446S20800490x446S26526490x478S1ce4f473x453S1ce4f473x509S2f900486x535S18011502x513S2f000507x535
Zeus (1),,1170,AS11a21S25107S11a29S25111S2fd00S35000S11a27S25105S11a2fS25113S2fd04M561x602S2fd04488x555S11a21532x494S11a29442x488S25107513x517S35000482x483S25111460x516S25113460x553S11a27535x575S11a2f437x566S2fd00488x528S25105512x558
Zeus (2),"Ζεύς (2), Δίας (2)",1171,AS20310S26500S14c10S2fb00S20318S26510S14c18S36d00S35000M543x534S36d00479x525S20310526x519S20318459x518S26500525x498S26510458x497S14c10520x462S14c18453x462S2fb00491x469S35000481x483
놀라다6_1_1,"놀라다6, 1",1244,M621x576S30306408x476S20500429x493S1ed10434x489S30306485x476S1eb00509x497S21b00518x489S20e00500x499S30306556x478S1ce20599x485S15d3a556x543S2df01599x524S26524585x561
놀라다6_1_1,"놀라다6, 2",1245,M526x600S36d03479x534S30106485x477S32114493x493S35730492x511S15d3a477x581S20500491x581S15d42487x558S26503513x583
놀라다6_1_1,"놀라다6, 3",1246,M548x535S30106482x477S30a30488x492S32416490x501S20500494x517S17610503x519S22500519x507S16c10528x490
놀라다6_1_2,"놀라다6, 1",1247,M567x575S30106433x477S15d20469x518S22e04475x557S30106518x477S36f03514x535S30e30524x494S10a10545x511S37d03539x517S22220529x509S37c06531x514
놀라다6_1_2,"놀라다6, 2",1248,M574x592S36d03432x535S30106439x475S30e30446x489S32416446x497S36110449x510S1ef10456x525S20500451x520S22a04474x545S21600460x520S36d03527x539S30106532x480S30e30538x495S32416542x502S36110542x513S1f548530x565S20500542x573S19200553x573
놀라다6_1_2,"놀라다6, 3",1249,M562x538S31a30441x496S2ff00438x486S36330447x507S30351449x476S36d01520x527S30102523x478S17620535x512S21b00543x504S32412528x495
놀라다6_1_3,"놀라다6, 1",1250,M623x584S30306400x478S20500424x495S1ed10426x491S30306485x476S14711506x543S14719477x543S20500496x539S30711565x478S32111573x492S14719567x543S10051593x563S26501582x569
놀라다6_1_3,"놀라다6, 2",1251,M591x602S30100421x480S32416428x496S34910436x512S20351436x544S20357423x562S21400409x580S30502452x484S26506466x556S26512423x588S2fb05451x584S30100544x475S34410559x511S17620556x510S16c20555x488S26500577x510
놀라다6_1_4,"놀라다6, 1",1252,M600x574S30306428x477S20500453x504S10a10457x509S37d06472x525S2e230454x542S30711532x478S30a30538x491S35730539x507S36d03531x526S1344b527x540S13441575x517
놀라다6_1_4,"놀라다6, 2",1253,M597x581S36d03425x530S30106432x476S30a30439x492S31630439x502S10020459x501S10008420x535S26502457x540S26516430x567S2fb05457x565S20500446x546S36d01533x529S30102529x478S1bb20576x494S32111539x496S36110541x513S37700584x517S20500560x500S26500578x476
놀라다6_1_4,"놀라다6, 3",1254,M522x547S30107486x477S36d03478x536S32111496x496S17420493x517S21b00507x508
베다3_1_1,"베다3, 1",1255,M628x578S30306482x477S36110491x510S1bb02485x518S21b00481x522S22f04603x564S15d5a566x553S20500571x543S15d51595x529
베다3_1_1,"베다3, 2",1256,M581x622S36d03422x532S30101426x476S31530433x501S22204445x494S15d0a423x558S20320447x568S21100429x567S37700455x583S22e00465x560S30300457x478S36110467x512S36d01536x534S30b00540x488S35730548x510S37601537x544S2034a545x551S20342545x571S3760c548x538S27002555x582
황홀1_1_5,"황홀1, 1",1239,M580x585S33200433x484S15600455x493S33500520x481S15d5a519x530S11500537x535S22a04543x570S22514558x534
황홀1_1_5,"황홀1, 2",1240,M545x611S14740400x518S17c39356x529S20a00379x540S26d06421x530S36300479x483S14c41503x546S14c49473x558S2dc27511x577S36d03480x530
황홀1_1_5,"황홀1, 3",1238,M586x568S31400524x483S1bb31562x472S1bb39506x514S33e10535x506S2e520543x526S2fc04548x557S30a00441x483S36320451x506S36d01442x527S11551461x543
황홀1_1_6,"황홀1, 3",1241,M609x626S30300403x478S30f30409x495S36110414x512S15d31428x548S15d39388x548S26f02427x575S26f16403x575S2fb04420x620S36d03477x530S30106484x476S30e30489x493S1eb00519x505S21b00520x495S20e00509x504S36d03555x538S32406558x488S30156573x476S36330569x509S15d3a557x568S1ce42579x554S26524575x601
황홀1_1_6,"황홀1, 4",1242,M574x585S30104427x479S35730436x511S32114434x497S15d3a418x566S18152424x552S20500430x566S2c300455x558S30104509x475S30104538x477S36330518x507S36330550x507S31630546x495S32114514x494
황홀1_1_6,"황홀1, 5",1243,M544x568S31400482x483S1bb31520x472S1bb39464x514S33e10493x506S2e520501x526S2fc04506x557