dic_gloss,synonyms,sid,FSW
1,,69,M507x512S1f502492x488
2,,634,M512x515S1dc01489x485
3,,186,M513x515S11e01488x485
4,,754,M514x515S14401486x486
4,čtyři,1755,L511x522S14400489x479S2f900497x517
5,,640,M513x514S14c01487x487
6,,580,M528x514S14c09473x487S1f500504x492
7,,101,M534x517S14c09467x483S1dc01511x487
7,,545,M538x518S14c09463x488S1dc2f499x488S2880b518x482
8,,567,M531x515S14c09470x486S11e01506x485
8,,988,M531x516S14c09470x484S11e27506x486
9,,521,M530x514S14c09470x487S14401502x485
10,,1740,M553x514S14c27504x486S14c2f467x487S22a06538x497S22a12446x498
17,,796,M534x532S2c305466x469S37703512x496S1dc40500x467S3770b499x510S20500504x503S1f502519x489
50,,1291,M513x529S14c01487x493S26500493x472S2f900500x524
1000,,87,M531x518S15d48470x488S20500489x482S18040500x503
2000,,987,M526x520S1dc02496x496S15d48473x492S20600491x480
_Honza,,268,M546x532S2ff00482x482S11011495x484S22101488x474S21100522x505S22a05533x518
_OTAZKA_,,273,M518x523S30a00482x488S30100482x477
_Tomas,,179,M546x544S31400482x482S33e00482x482S17d3e492x521S22f04511x529S22114511x519S2fb06540x521
_x,,510,
:,,1860,S38a00464x490
!,,1936,S38810463x495
?,,1896,S38900464x493
.,,1875,S38800464x496
(svět) strany,,1950,M522x518S15a1a478x496S15a10486x491S20600500x483
*,,5807,M574x531S1ce42511x509S1ce4a460x509S26b07530x495S26b11443x495S1ce50552x470S1ce58427x470
0 (UPOL),,5582,M518x560S17610490x544S34600482x483
1 (hodina) A (UPOL),,5514,M510x530S1f502492x470S2e200490x498
1 (UPOL),,3117,M508x512S1f502493x488
1. (pořadí) A (UPOL),,5510,M509x519S1f510493x504S22e00492x482
1. (pořadí) C (UPOL),,5511,M516x515S1f510501x500S22e01485x485
1. (pořadí) D (UPOL),"1. (třída, ročník) B (UPOL)",5512,M513x521S1f502493x479S22f04488x507
"1. (třída, ročník) A (UPOL)",,5513,M508x517S1f502493x493S21900494x483
10 (hodin) B (UPOL),,5578,M530x531S14c09471x469S14c01504x469S2e428486x498
10 A (UPOL),,5579,M530x514S14c09471x487S14c01504x487
10 B (UPOL),,5583,M527x526S1ce20505x496S1ce28474x496S22e20492x474S22204514x487S22204477x487
10. (datumy) (UPOL),10. (pořadí) C (UPOL),5575,M547x514S14c09454x487S14c01487x487S22b26517x496
10. (pořadí) A (UPOL),"10. (pořadí) D (UPOL), 10. (třída, ročník) (UPOL)",5576,M547x514S14c09471x487S14c01504x487S22f16454x489S22f02533x489
10. (pořadí) B (UPOL),,5577,M527x526S14c18474x495S14c10504x495S26927493x474
100 (UPOL),sto (UPOL),3249,M512x522S1f501490x500S2df0c488x478
100 B (UPOL),,5642,M531x512S1f502469x488S17610491x496S17610515x496
1000 A (UPOL),,5659,M522x515S15d18479x488S1f520494x500S20600500x485
1000000 (UPOL),,5516,M561x563S18250504x546S18258475x546S33b00482x483S29212440x549S2920a530x549
1000000000 (UPOL),,5515,M582x565S18250504x548S18258475x548S32a00482x483S29212419x551S29232444x551S2923a529x551S2920a551x551S35000482x483
11 A (UPOL),,5584,M525x518S1f502476x482S1f50a486x486S20600503x491S21404486x513
11 B (UPOL2),,5709,M520x520S1f526505x488S23702480x481
11. (datumy) (UPOL),11 (hodin) (UPOL),5585,M516x529S1f502498x471S1f50a485x489S22b04500x499S21404485x516
12 A (UPOL),,5620,M532x518S1dc02468x482S1f50a493x486S20600510x491S21404493x513
12 B (UPOL2),,5710,M524x520S1dc20500x489S23702476x481
12. (datumy) (UPOL),,5586,M517x529S1dc02483x471S1f50a485x489S21404485x516S22b04501x499
13 A (UPOL),,5621,M528x520S11e01472x480S1f502489x488S20600506x493S21404489x515
13 B (UPOL2),,5711,M524x520S11e20501x486S23702476x481
13. (datumy) (UPOL),,5593,M535x518S11e02466x483S1f50a486x486S21404486x513S22b26505x491
14 A (UPOL),,5622,M530x520S14401471x481S1f502491x488S20600508x493S21404491x515
14 B (UPOL2),,5712,M523x520S14420501x485S23702477x481
14. (datumy) (UPOL),,5594,M535x516S14402466x487S1f502486x484S21404486x511S22b26505x489
15 (UPOL),patnáct,2428,M529x516S14c01472x485S1f502490x492S20600507x497
15 B (UPOL2),,5713,M524x520S14c20501x485S23702476x481
15. (datumy) (UPOL),,5595,M535x517S14c02466x484S1f502486x485S21404486x512S22b26505x490
16 B (UPOL),,5624,M529x526S14c0a471x476S25524507x504S25524491x504S1f503507x474
16. (datumy) (UPOL),16 A (UPOL),5597,M526x528S1f540495x501S37806474x513S1f50a506x496S21404511x523S2c305488x473S20500485x499
17 B (UPOL),,5625,M535x525S14c0a465x476S1dc02505x477S25524486x503S25524502x503
17. (datumy) (UPOL),17 A (UPOL),5598,M524x538S1dc40497x490S1f50a509x506S37806477x521S20500484x508S2c305489x463S21404509x533
18 B (UPOL),,5626,M535x525S14c0a466x476S11e02505x477S25524486x503S25524502x503
18. (datumy) (UPOL),18 A (UPOL),5599,M524x537S11e40497x490S1f50a509x505S37806477x521S20500485x508S2c305491x463S21404509x532
19 B (UPOL),,5627,M535x525S14c0a466x476S14402504x478S25524502x503S25524486x503
19. (datumy) (UPOL),19 A (UPOL),5600,M524x538S14440496x489S1f50a509x506S37806477x521S20500486x508S2c305491x462S21404509x533
2 (hodiny) A (UPOL),,5522,M512x533S1dc01489x468S2e200490x501
2 (hodiny) B (UPOL),,5523,M528x517S1dc01473x487S2e408499x484
2 (UPOL),,3268,M512x515S1dc01489x485
2. (datumy) (UPOL),2. (pořadí) B (UPOL),5517,M532x512S1dc02468x488S22b06502x496
2. (pořadí) A (UPOL),,5518,M512x526S1dc10488x496S26900488x474
2. (pořadí) C (UPOL),,5519,M516x522S1dc10492x492S26901485x478
2. (pořadí) D (UPOL),"2. (třída, ročník) B (UPOL)",5520,M524x513S1dc02494x487S22f02476x488
"2. (třída, ročník) A (UPOL)",,5521,M512x520S1dc01489x490S21900495x481
20 B (UPOL),,5628,M522x515S1dc01478x485S17610506x499
20. (datumy) (UPOL),20 A (UPOL),5601,M512x526S1dc01489x496S26900492x474
200 A (UPOL),,5643,M512x528S1dc01489x473S2df0c489x507
200 B (UPOL),,5644,M535x515S1dc01466x485S17610494x499S17610519x499
2000 A (UPOL),,5660,M522x519S15d18478x488S1dc02492x495S20600497x481
21. (datumy) (UPOL),,5602,M523x519S1dc01478x481S1f502508x487S2f900510x514S2f900483x514
22. (datumy) (UPOL),,5603,M542x519S1dc01459x481S1dc01487x481S2f900465x514S22b06512x493
23. (datumy) (UPOL),,5604,M543x519S1dc01457x481S11e01484x481S22b06513x493S2f900462x514
24. (datumy) (UPOL),,5605,M530x515S1dc01470x485S14402499x493
25. (datumy) (UPOL),,5606,M544x519S1dc01456x481S14c01484x484S2f900462x514S22b06514x492
26. (datumy) A (UPOL),,5607,M540x543S1dc01476x458S14c09460x509S1f502492x512S2f900482x491S2e400511x510
26. (datumy) B (UPOL),,5608,M545x550S1dc01473x473S26900476x451S14c09455x518S1f520488x528S2e400516x517
26. (datumy) C (UPOL),,5609,M541x547S1dc01477x476S26900481x454S14c09459x520S1f502492x523S22b26511x529
27. (datumy) A (UPOL),,5610,M544x549S14c09456x522S1dc01473x473S1dc01488x519S26900476x451S22b26514x528
27. (datumy) B (UPOL),,5611,M543x569S14c09457x497S1dc20490x493S1dc01473x453S1dc50518x539S26900477x431S23c04520x508
28. (datumy) B (UPOL),,5612,M547x547S1dc01474x475S14c09453x519S11e01488x517S22b26517x526S26900477x453
29. (datumy) A (UPOL),,5613,M548x547S1dc01472x476S14c09453x520S14401486x518S26900475x454S22b26518x526
2sluchadla_potřebuje,,1977,M522x568S1dc09440x529S31400486x482S22a02475x555S36d03479x520S15d02464x535S20500460x557S33c10492x501
2sluchadla_radost,,1975,L530x568S1dc09450x530S31400486x476S33e10496x499S36d03479x514S15d02489x530S21100490x554S23100504x550
2sluchadla_to,,1976,L522x574S1dc09450x530S31400486x476S33e10496x499S36d03479x514S26501476x541S10051474x553
2sluchadla_vím,,1974,M551x566S1dc09450x536S31400486x482S33e10496x505S36d03479x520S10020523x491S20500525x477S25900537x474
2sluchadla_vpravo,,1978,L527x569S1dc01504x539S30e00480x476S36d03479x514
3 (hodiny) B (UPOL),,5531,M529x517S11e01472x487S2e408500x484
3 (UPOL),,2606,M513x515S11e01488x485
3 hodiny (UPOL),ve 3 hodiny,3146,M513x534S11e01488x467S2e200493x502
3. (datumy) (UPOL),3. (pořadí) A (UPOL),5525,M532x512S22b06502x496S11e02468x489
3. (pořadí) B (UPOL),,5526,M512x526S11e10489x496S26900489x474
3. (pořadí) C (UPOL),,5527,M515x524S11e10492x494S26901485x476
3. (pořadí) D (UPOL),"3. (třída, ročník) B (UPOL)",5528,M524x513S11e02494x488S22f02476x488
"3. (třída, ročník) A (UPOL)",,5529,M513x520S11e01488x490S21900496x481
30 (UPOL),,3173,M523x520S11e01478x481S26904507x502
30 B (UPOL),,5629,M524x515S11e01476x485S17610508x499
300 A (UPOL),,5645,M513x528S11e01488x473S2df0c491x507
300 B (UPOL),,5646,M537x515S11e01464x485S17610496x499S17610521x499
31. (datumy) (UPOL),,5614,M524x519S11e01477x481S1f502509x487S2f900486x514S2f900511x514
4 (hodiny) A (UPOL),,5537,M514x532S14401486x468S2e200494x500
4 (hodiny) B (UPOL),,5538,M530x517S14401470x488S2e408501x484
4 (UPOL),,5073,M514x515S14401486x486
4. (datumy) (UPOL),4. (pořadí) A (UPOL),5532,M532x511S14402468x489S22b06502x490
4. (pořadí) B (UPOL),,5533,M511x527S14410489x496S26900490x474
4. (pořadí) C (UPOL),,5534,M519x521S14410497x490S26901481x479
4. (pořadí) D (UPOL),"4. (třída, ročník) B (UPOL)",5535,M523x515S14401495x486S22f02478x490
"4. (třída, ročník) A (UPOL)",,5536,M514x519S14401486x490S21900490x481
40 A (UPOL),,5631,M514x526S14401486x497S26900492x475
40 B (UPOL),,5630,M526x515S14401475x486S17610510x499
400 A (UPOL),,5647,M514x527S14401486x474S2df0c493x506
400 B (UPOL),,5648,M538x515S14401462x486S17610497x499S17610522x499
45 (UPOL),čtyřicetpět,3257,M529x528S14400472x489S14c00506x488S2f900513x523S26500478x472
45 A (UPOL),,5568,M526x520S14410474x480S2f900477x515S14c10503x480S2f900510x515
5 (hodin) A (UPOL),,5544,M515x531S14c01486x469S2e200495x499
5 (hodin) B (UPOL),,5545,M529x517S14c01471x490S2e408500x484
5 (UPOL),,5596,M513x514S14c01487x487
5-Hands example,,768,M562x539S14c10539x503S14c18514x503S20500533x528S14c18439x492S14c10450x505S20500443x527S26620452x462
5. (datumy) (UPOL),,5539,M532x512S14c02468x489S22b06502x492
5. (pořadí) B (UPOL),,5540,M512x527S14c10489x496S26900493x474
5. (pořadí) C (UPOL),,5541,M519x520S14c10496x489S26901482x480
5. (pořadí) D (UPOL),"5. (třída, ročník) B (UPOL)",5542,M522x514S14c01496x487S22f02479x489
"5. (třída, ročník) A (UPOL)",,5543,M513x518S14c01487x491S21900491x482
50 A (UPOL),,5632,M513x525S14c01487x498S26900494x476
50 B (UPOL),,5633,M525x514S14c01476x487S17610509x498
500 A (UPOL),,5649,M515x526S14c01486x475S2df0c494x505
500 B (UPOL),,5650,M537x514S14c01463x487S17610496x498S17610521x498
50L,,2005,M518x559S14c00477x528S2ff00482x483S26900457x535
50P,,2006,M539x559S14c00516x528S2ff00482x483S26900496x535
55 A (UPOL),,5587,M529x518S14c01472x483S14c01503x483S2f900486x513S2f900517x513
55 B (UPOL),,5588,M526x529S14c10474x498S14c10503x498S26500479x479S26500508x479S2f900480x471S2f900510x471
6 (hodin) A (UPOL),6 B (UPOL),5550,M545x517S14c09456x486S1f520488x496S2e400516x484
6 (hodin) B (UPOL),,5551,M524x532S14c09476x469S1f502509x472S2e428488x499
6 (hodin) C (UPOL),,5560,M527x532S14c09477x469S1f502510x472S2e200507x500S2e218474x500
6 A (UPOL),,5615,M524x514S14c09477x487S1f502509x490
6. (datumy) (UPOL),"6. (pořadí) A (UPOL), 6. (pořadí) C (UPOL)",5546,M541x514S14c09459x487S1f502492x490S22b26511x496
6. (pořadí) B (UPOL),,5556,M523x525S14c18478x494S1f510508x510S26927496x476
6. (pořadí) D (UPOL),"6. (třída, ročník) B (UPOL)",5548,M541x514S14c09476x487S1f502509x490S22f16459x489S22f02527x489
6. (pořadí) E (UPOL),,5547,M523x526S14c18478x495S1f510508x511S26920495x474
"6. (třída, ročník) A (UPOL)",,5549,M524x518S14c09476x491S1f502509x493S21900510x483S21900484x483
60 A (UPOL),,5634,M524x524S1f502509x500S14c09477x497S26920498x476
60 B (UPOL),,5635,M524x530S14c09477x470S1f502509x473S17610495x514
600 A (UPOL),,5651,M526x526S14c09477x474S1f502509x477S2df0c505x505S2df14474x505
600 B (UPOL),,5652,M524x530S14c09477x470S1f502508x473S17610477x514S17610508x514
7 (hodin) A (UPOL),,5558,M532x526S14c09469x499S1dc20502x496S26b00505x474
7 (hodin) B (UPOL),,5559,M527x533S14c09473x470S1dc01504x467S2e428487x500
7 A (UPOL),,5616,M527x515S14c09473x488S1dc01504x485
7 B (UPOL),,5617,M543x539S14c09457x466S1dc20490x462S1dc50518x509S23c04520x478
7. (datumy) (UPOL),"7. (pořadí) A (UPOL), 7. (pořadí) C (UPOL)",5552,M544x515S14c09457x488S1dc01488x485S22b26514x494
7. (pořadí) B (UPOL),,5555,M527x526S1dc10503x496S14c18473x495S26927489x474
7. (pořadí) D (UPOL),,5553,M527x526S14c18473x495S1dc10503x496S26920490x474
"7. (třída, ročník) A (UPOL)",,5554,M528x519S14c09472x492S1dc01505x489S21900510x482S21900480x482
"7. (třída, ročník) B (UPOL)",,5557,M530x533S14c09474x470S1dc01507x467S2e200508x501S2e218471x501
70 A (UPOL),,5636,M527x526S14c09473x499S1dc01504x496S26920493x475
70 B (UPOL),,5637,M527x532S14c09473x472S17610492x516S1dc01504x469
700 A (UPOL),,5653,M529x528S14c09475x476S1dc01506x473S2df0c506x507S2df14472x507
700 B (UPOL),,5654,M527x532S14c09474x472S1dc01504x469S17610473x516S17610507x516
8 (hodin) A (UPOL),8 B (UPOL),5566,M531x526S14c09469x499S11e20502x496S26b00504x474
8 (hodin) B (UPOL),,5567,M529x533S14c09471x470S11e01504x468S2e428486x500
8 A (UPOL),,5618,M529x515S14c09471x487S11e01504x485
8. (datumy) (UPOL),"8. (pořadí) A (UPOL), 8. (pořadí) C (UPOL)",5561,M547x515S14c09453x487S11e01488x485S22b26517x494
8. (pořadí) B (UPOL),,5562,M527x527S14c18474x496S11e10504x497S26927490x474
8. (pořadí) D (UPOL),,5563,M527x526S14c18474x495S11e10504x496S26920491x474
"8. (třída, ročník) A (UPOL)",,5564,M529x519S14c09471x491S11e01504x489S21900511x481S21900479x482
"8. (třída, ročník) B (UPOL)",,5565,M531x533S14c09473x470S11e01506x468S2e200511x501S2e218470x501
80 A (UPOL),,5638,M529x526S14c09471x498S11e01504x496S26920493x475
80 B (UPOL),,5639,M529x531S14c09471x471S11e01504x469S17610491x515
800 A (UPOL),,5655,M531x528S14c09473x475S11e01506x473S2df14470x506S2df0c509x507
800 B (UPOL),,5656,M529x531S14c09471x471S17610471x515S17610510x515S11e01504x469
9 (hodin) B (UPOL),,5574,M530x532S14c09470x470S14401502x468S2e428484x499
9 A (UPOL),,5619,M530x515S14c09470x488S14401502x486
9. (datumy) (UPOL),"9. (pořadí) A (UPOL), 9. (pořadí) C (UPOL)",5569,M548x515S14c09453x488S14401486x486S22b26518x494
9. (pořadí) B (UPOL),,5570,M526x526S14c18474x495S14410504x495S26927491x474
9. (pořadí) D (UPOL),,5571,M526x526S14c18475x495S14410504x495S26920492x474
"9. (třída, ročník) A (UPOL)",,5572,M531x519S14c09470x492S14401503x490S21900507x481S21900478x482
"9. (třída, ročník) B (UPOL)",,5573,M532x532S14c09471x470S14401504x468S2e200512x500S2e218468x500
90 A (UPOL),,5640,M530x525S14c09470x498S14401502x496S26920491x475
90 B (UPOL),,5641,M530x531S14c09470x471S14401502x469S17610489x515
900 A (UPOL),,5657,M532x527S14c09472x475S14401504x473S2df14469x506S2df0c511x506
900 B (UPOL),,5658,M530x531S14c09470x472S17610470x515S17610511x515S14401502x470
A,,1837,M509x513S1f820491x487S2f900494x508
A,,455,M521x518S10e0c490x482S10002491x503S20500480x501
a 1,,2185,
a- (biol),bez,512,M570x574S1d110496x543S1d410541x540S1d118475x546S1d418429x544S26506527x556S26512456x559S34c00482x483
absence A (UPOL),,3562,M539x523S14c04510x477S14c0c466x477S22524507x510S22524462x510
absence C (UPOL),,3564,M534x548S30142482x476S34600482x489S15a10500x513S27102519x508
absolutní funkce (IMoTeSP),,968,M535x572S15b20495x535S15a1a507x477S15b38464x428S22b05477x452S22b07511x526S20500503x455S37806473x482S15a1a508x560S37806474x565
absolutní odkaz (IMoTeSP),,871,M569x559S1ce40506x440S1ce48485x446S2c304526x448S15310439x519S22132431x515S26506461x525S15d40483x502S22a04482x533S2f700484x551S15310512x517S22132504x513S26506531x523S15d40550x500S22a04550x530S2f700549x552
abstrakce (IMoTeSP),,872,M552x577S14c20529x449S14c28448x449S2df00523x426S2df18465x423S14c00502x449S14c08477x449S2fb04494x486S14c20495x522S2e601515x543
aby (UPOL),,3565,M526x567S10010510x537S2f900515x529S30d00482x483
adakemičtí pracovníci,,1743,
adaptace (IMoTeSP),adaptabilita (IMoTeSP),810,M536x520S15d48465x493S15d30485x491S20500479x480S26602506x496
adice (biol),přidat,2043,L525x516S18529484x497S18520500x488S20500476x490S26501488x484
adresa,"překlad, přeložit",360,M523x541S15a37488x460S11551496x470S20500480x461S20500479x501S15a37477x510S11531487x514
adresa,přeložit,52,M529x523S15a37478x488S11551486x498S20500470x489S20500482x478S2a208506x482
adresace sítě (IMoTeSP),,873,M555x622S20350502x416S20358480x416S22f03491x582S2fb04492x433S14c50531x378S14c58444x378S15d39482x461S15d37471x599S15d39490x509S11551488x469S20500471x460S20500483x498S10003506x564S26507517x400S26511470x397S11531501x514
adresář (IMoTeSP),,874,M520x540S15d38488x498S11950498x514S21100493x480S27100480x461
Afganistán (UPOL),,2805,M526x518S2ff00482x483S17e10503x473S2ea02485x457
afinita (IMoTeSP),,969,M554x550S10020503x451S10028446x450S22b05518x482S2fb04521x544S22b15473x491S10020539x511S10028502x512
Afrika,,5806,M562x518S34c00482x483S15d01507x494S23609527x473S2f700550x506
Afrika A (UPOL),,2806,M551x525S2ff00482x483S15d01499x502S2e500528x498
Afrika B (UPOL),,2807,M527x551S16c26506x487S18520473x449S18527487x524S2880d502x513S2880b502x463
Afrika C (UPOL),,2887,M553x526S2ff00482x483S15d01502x493S23603524x483S2f700530x519
agregace (IMoTeSP),,811,M557x571S15d48467x429S11502490x441S20e00494x461S26c00487x475S16002530x538S1600a442x559S20300489x554S20300492x538S22a02511x538S22a26472x557
agresivní (UPOL),,3566,M541x541S33b00482x483S32a00482x483S10a11509x486S10a19458x515S2df0d520x466S2df15452x499
ahoj,,346,M539x518S26500515x459S33e00482x483S15a11516x482
ahoj,,481,M549x518S25607525x451S33e00482x483S15a21513x473
ahoj (UPOL),,3567,M546x518S30007482x483S26507533x471S15d21516x480
AIDS A (UPOL),,2342,M529x523S1f520505x477S22b03481x489S2f900472x518
AIDS B (UPOL),,2344,M555x518S2ff00482x483S14c20504x454S2b700536x465S21400508x446S15850534x430
akcent,,1440,M519x524S1f540489x496S1f548481x500S20500509x510S26520487x476
akcie,,1203,M541x529S1ea10503x494S1ea18473x494S27200501x472S27214459x472S2fb04493x523
akcie2,,1319,M540x608S1ed20505x455S1ed28460x454S23c04517x392S23c1c459x393S22b06505x427S22b12464x427S2fb00489x484S18509470x589S18501497x582S26601469x541S26600493x528S26607515x538
akorát,"zrovna, v tu chvíli, přesně",1338,M528x539S1ce40506x462S1ce48471x461S22b24491x509
akorát A (UPOL),,3568,M534x532S1ce10512x502S1ce18466x501S26500514x480S26510473x480S2f900516x469S2f900475x469
akorát C (UPOL),,3569,M535x538S36500482x483S10010488x508S21100507x518S22a04522x520S31600482x483
akorát D (UPOL),,3570,M571x560S1ce10510x530S26906536x542S2f900560x547S33c00482x483
aktiva,,1442,M537x523S10010463x477S10012472x483S20602508x486S20500508x512S22b04521x491
aktiva,,1744,
aktivní (UPOL),,3571,M558x530S10030513x497S10038472x497S26600511x471S26610474x470S2e50c535x500S2e514443x503S2fb00492x501
aktualizace dat (IMoTeSP),,970,M520x529S1f748479x498S1f710500x500S2df24490x471S2fb04492x523
aktualizace sw (IMoTeSP),,1009,M529x520S23403477x488S1ea00506x480S2f700470x513
akutní A (UPOL),,2346,M563x559S2ff00482x483S1ee47538x529S1f447512x501S26501534x526
akutní B (UPOL),,2347,M540x587S34400482x483S15d39481x555S15d51488x564S26f07507x539S2f700528x536S20e00505x559
Albánie (UPOL),,2808,M531x518S2ff00482x483S16c10507x473S2e702506x455
ale,,145,M548x535S10020533x505S30a00482x482S2f900536x479S26500534x487
ale (UPOL),,3572,M547x557S10020529x527S26500533x518S2f900534x507S30b00482x483
alela (biol),,2042,L523x523S23004498x492S15a40481x478S1ed5e477x497
alena1,,2184,
alergie (biol),,2041,L527x530S15a5a474x518S1c551497x471S20500474x506S22a03487x497S22b07503x497
alergie (UPOL),háklivý (UPOL),2349,M531x526S1a711484x492S15a1a469x514S22a03492x477S22b07507x475S20500469x500
alespoň A (UPOL),,3573,M542x592S1ce10519x507S1ce18463x522S1ce30460x562S1ce38520x545S2a00a496x536S2a012479x553S34c00482x483
alespoň B (UPOL),,3574,M561x578S1ce10538x510S2a00a515x539S1ce38539x548S34c00482x483
algoritmus (IMoTeSP),,616,M522x549S14402491x485S1440a478x455S22b24490x519S22236510x451S22236513x451S22232485x483S22232482x483
alifatický (biol),,2040,L551x509S10052481x492S1005a450x492S20500476x492S29c0a514x492
alkohol,,1646,M518x542S33b00482x483S19a10471x498S22f24483x528
Alžírsko (UPOL),,2809,M563x552S2ff00482x483S15d02494x495S15d0a491x532S23600524x499S23610524x535S2f700534x522
Amerika,,2013,M530x540S14c0a470x480S14c02499x477S20700492x461S2e621487x506
Amerika,USA,30,M530x534S14c0a470x490S14c02499x487S20700494x519S2ea06487x466
Amerika (UPOL),,2897,M529x524S14c0a498x501S14c22493x477S20600471x493
Amerika A (UPOL),,2810,M524x529S14c02493x472S14c0a476x473S2e429487x500
Amerika B (UPOL),,2811,M525x523S14c02494x477S14c0a476x477S2eb5a488x507
amputace (UPOL),,2352,M522x577S36d00478x423S3790a457x426S3790f457x467S15d31452x424S26505474x443S21100479x429S17f50435x548S15d50438x500S36d00480x514S3790a460x513S3790f459x552S26500443x532S2f700430x536
anafáze (biol),,2039,L588x524S14e52501x498S14e5a467x498S26606536x503S26612434x502S15d10569x494S15d18412x495S26510418x477S26500568x476
anafylaxe (biol),,1852,M554x550S14e01507x458S14e09467x458S14c59480x524S1c551511x491S20500506x536S22a03502x512S22b07517x515S2b700535x450S2b711447x453
analogový (IMoTeSP),,724,M536x552S10018466x447S10012480x454S2930a474x516S20500469x450S10018464x520S10050521x522S22a06517x455
analýza (IMoTeSP),,971,M540x549S11851509x452S11859460x453S22c24493x490S22e13473x473S22e05509x473S22e13469x496S22e05515x496S22e05517x521S22e13468x519S2fb04495x543
analýza (UPOL),,4990,M531x531S11851500x469S11859470x469S29304509x490S2931c481x488S20612497x483
ananas,,2283,M546x557S1711f481x522S17117497x524S20500491x546S28918482x492S28900500x493S22b07502x467S22b11473x466S20500495x478S15d1f454x446S15d17523x444
ananas,,5745,M559x562S14c1f467x536S14c17509x536S14e10509x438S14e18469x439S22d00543x470S22d10442x472S21800521x517S21d00463x517S21d00468x485S21800516x484
ananas,,5798,M554x558S14c17515x532S14c1f458x532S14e10508x443S14e18469x443S21800467x521S21800508x520S21800465x488S21800512x488S22c00538x480S22c10446x481
Anděl,,5291,M559x572S31f00482x484S34610493x501S36b10482x481S20500495x470S18010450x523S18018520x525S22131538x538S22137446x538S37902511x531S3790a472x532
angína (UPOL),,2354,M550x539S2f700524x508S1ed0e487x513S23404513x519S36a00482x477
Anglie,,729,M550x524S36a00482x477S11553511x491S20600528x513
anglie 1,,2339,M554x560S36a00482x477S11553513x494S20600532x516S34c10497x496S1f509464x538
Anglie A (UPOL),,2812,M559x539S2ff00482x483S1e102490x507S2e200521x507S2f720547x514
Anglie B (UPOL),,2813,M551x526S36a00482x477S11553512x495S20600529x515
Anglie C (UPOL),,2814,M540x551S36a00482x477S11512510x512S26a04498x537S20f00497x523
angrešt,,2016,M523x559S2ff00482x483S1ce12479x460S1ce16493x519S22a00495x446S22a14495x544
angrešt,,5859,M522x553S34c00482x483S1ce02477x465S1ce0a492x519S22a00492x447S22a14493x538
ani A (UPOL),,3575,M542x541S30004482x489S1f510493x526S30142482x476S20500512x521S2f900529x511S26900526x523
ani B (UPOL),,3576,M548x524S20300493x509S2ff00482x483S20600523x512S26a04521x495
aniont (biol),,2037,L532x508S10002468x492S26606502x492
Anna Pangrácová,,2194,
ano,,75,M514x522S19a40486x477S23004488x504
ano,,9,M514x521S19a40486x478S22e04492x503
ano_dám,,1923,M531x598S18524471x583S1852c506x582S26620493x557S36d03479x530S30114483x477
ano-ano,,1989,L532x569S30100482x477S34a10495x509S19a10504x529S32101482x488S19a18462x549S2c420469x527
anoda (biol),,1941,M550x559S10004535x441S1000c452x441S1000a481x534S10000492x529S20500515x531S22b04534x458S22b14451x458
anoda 2 (biol),,1944,M559x564S10002529x457S1000a442x457S26500543x437S26510448x438S1000a473x538S10000482x534S20500506x530
anorganický 2 (biol),,2027,L518x524S10002486x496S10e0c483x476S20610484x513
anti,,2024,L519x523S10c08481x489S10c20502x501S26500505x488S26510485x477
antigen,,1947,
antiport (biol),,2035,L538x541S11532508x525S1153a475x506S36d00479x460S36d00480x537S26a00510x507S26a14476x521
antisymetrie (IMoTeSP),,972,M563x560S15d40498x451S2d610454x440S20500493x439S15d37538x453S15d3f439x453S10051497x531S10059466x532S20500493x514S10057542x529S1005f436x530S2d608524x519S2d610443x517S2d608514x442S15d48478x451
aplikace (IMoTeSP),,358,M537x516S20500483x496S15d48462x485S1ea00514x495
aplikace (IMoTeSP),,771,M527x522S15d08487x482S18010497x490S20500474x478S20500475x490S20500475x503S22a04510x507
apríl A (UPOL),vtip,2413,M535x524S10056466x500S1f130488x498S21000481x476S26f06521x484
apríl B (UPOL),,2414,M590x522S37506482x479S1ea10523x499S27000550x494
aproximace (IMoTeSP),,973,M534x545S17614466x492S15a11511x522S28a08492x480S15a17510x455
architekt C (UPOL),,3580,M528x538S37906474x529S20356513x523S1ce20472x462S23d0a479x499S23d0a491x488
architektura (IMoTeSP),,748,M534x541S37906466x534S15a1a507x529S1ce20478x459S23d0a481x499
Argentina,,2019,M556x550S14e01501x497S36d00479x522S36d00479x470S14e09435x461S22237453x451S22237450x454S2e201529x520
Argentina,,514,M549x525S36d00479x495S11800526x475S26b04522x507
Argentina (UPOL),,2815,M532x539S36d00479x462S14f19429x464S14e01500x489S23504495x521
argument (IMoTeSP),parametr (IMoTeSP),725,M534x584S15d48476x527S1ed40499x529S20e00498x551S22a04497x569S2a20a513x449S2a212465x449S10050517x417S10058467x416S2fb04494x486
arita (IMoTeSP),,217,M559x580S2a20a493x451S2a212441x451S2fb04466x574S2fb04469x485S1ed26442x523S21f2c537x523S1f540527x524S22a04442x553S22a04465x554S22a04488x555S26606459x542S10050500x419S10058442x419
Arménie (UPOL),,2816,M542x518S20600520x490S15451499x469S2ff00482x483
aromatický (biol),,2028,M523x577S14c12492x531S14c12488x423S15a1a483x465S2e706494x451S2e706496x562S15a1a485x512S22612477x424S22612479x533
aromatický 2 (biol),,2172,M525x550S14c42492x455S14c4a477x507S2ea0a500x483S2ea12476x535S22522479x451S22526509x503
asfalt (UPOL),,3582,M516x531S15a56489x519S15a52484x505S26600492x469
asi,,1855,L547x535S20600525x503S10010494x505S35000482x483
asi A (UPOL),,3584,M532x540S34c00482x483S10010491x510S20600510x516
asi B (UPOL),,3585,M545x592S30d00482x483S14c40519x536S14c48469x541S23004520x571S23014468x574S2fd00496x562
Asie A (UPOL),,2819,M565x520S31b00482x483S10b11520x496S10b19451x496S26a02551x492S26a16436x493
Asie B (UPOL),,2817,M525x518S2ff00482x483S21100495x482S1c501500x456
asistent,,1617,M516x524S15d39484x498S15d31493x501S22f20489x476
asistent A (UPOL),,3586,M515x542S15d39486x506S1f540499x504S20500488x531S21410500x532S26620490x469S2f900492x459
astma (biol),,2029,M529x515S18002472x485S22f04487x499S21100516x500
astma (UPOL),,2369,M553x520S36d00479x480S18002495x490S22f04512x504S21100540x504
atmosféra (UPOL),"ovzduší (UPOL), vzduch B (UPOL)",5324,M521x569S2ff00482x483S15d10499x507S15d18485x520S22f02474x507S22f16507x536S2fb00494x563
atom (biol),,2030,M520x597S34c00482x483S17614492x575S17610504x546S2e400486x564
atomický (IMoTeSP),,875,M527x557S1155f502x454S11557473x454S21600502x442S21600512x442S21600487x443S21600478x444S15d49472x520S14741490x536S20b00500x519
atomová (elektrárna) (UPOL),,5323,M537x548S15d58463x521S15d50518x521S15d40518x453S15d48464x453S28a08508x485S28a10476x485
atributy (ImoTeSP),,770,M522x558S10011480x449S20600459x452S15d08470x505S22b04492x528S18010480x509S20500512x505S20500512x519S36d00479x443
auto,"máma, jablko",2206,M537x607S14c02506x584S14c0a465x584S20300469x537S20302517x536S26500517x560S26510472x561S34c00482x483
auto,,208,M536x536S14c02505x513S14c0a464x513S20300468x466S20302516x465S26500516x489S26510471x490
auto,,5229,M536x559S14c01510x441S14c09467x441S25714466x481S25704516x482S20303465x538S20303513x538
auto (UPOL),fáro (UPOL),2998,M540x532S14c02509x509S14c0a460x508S26500520x490S26510464x490S20300520x468S20300464x469
auto A (UPOL),,3590,M541x528S20340511x472S20348475x472S28914475x493S28914460x495S2890c511x492S2890c526x496S2fd00490x522
autobus A (UPOL),,3588,M535x517S1600b503x494S15d21512x484S20710466x497
automat (IMoTeSP),,974,M529x548S2fb04491x542S14e01501x477S20700490x451S2891c483x502S28904500x503S14e09470x475
automatický,"automatické, automat",5784,M530x549S2fb04492x543S14e01502x478S20700491x452S2891c484x503S28904501x504S14e09471x476
autonomní (IMoTeSP),,812,M548x574S1ea50501x426S1ea58477x426S22b13466x451S22b05510x450S2fb04498x568S22a16460x548S16d10500x539S16d18481x543S20700488x520S22a02526x543S16050536x467S16058451x467
autor (UPOL),,4807,M528x532S15d38472x488S1ee20485x475S26504496x500S21100515x501S21414474x520S22204489x469S1f420488x517
autoritativní (UPOL),,3592,M549x601S20350510x541S20350471x541S22a06532x543S22a12453x544S22b04533x562S22b14451x560S2f900536x596S2f900453x595S32a00482x488S30124482x477
axiom (IMoTeSP),,698,M522x517S15d39477x483S1f721500x496S20500486x487
axiom v2 (IMoTeSP),,382,M518x580S15d39471x546S1f721494x559S20500480x550S33b00482x488S30300482x477
až A (UPOL),,3593,M546x605S1c520513x517S34c00482x483S25504525x553S1c550516x577
až B (UPOL),,3594,M553x623S1c520508x528S34c00482x483S25504519x564S1c550523x595S15d38511x590S20500504x591
až C (UPOL),,3595,M528x604S34c00482x483S11541504x575S11549489x577S11510509x518S25504509x552
až D (UPOL),,4983,M548x571S10021457x546S28b0a485x532S34c00482x483S10027527x541
B,,242,M522x515S1ce10500x485S1ce18478x485S20500495x486
B,,5728,M516x515S17610500x499S17614485x499S20500495x485
B,,584,M514x526S14720486x475S2df05490x502S2f900503x494
babička,,341,M532x565S2ff00483x450S16d20511x466S30004481x514S20310491x550S20500522x452S20500508x545
babička (UPOL),,3625,M532x545S30004482x483S20300493x519S20600468x517S37705508x526S26a00467x531
bačkory A (UPOL),,3095,M549x525S15d50517x498S15d58467x497S23504512x475S23514452x475S2fd00488x495S2f700494x477
bačkory B (UPOL),,3096,M524x520S15d57477x497S15351478x481S20600502x505
bagr (UPOL),,3626,M527x528S17940486x472S2a603473x495S2a603491x495S2a603510x494S2f900497x523
bakterie,,2047,M565x599S35000470x483S34c00494x483S15049512x570S15041463x572S26511442x549S26507552x548S22231456x565S22231454x563S22237530x563S22237532x561
bakterie (UPOL),,2370,M544x565S1ce40522x532S1ce48465x535S26500518x513S26510471x511S26500514x458S26510475x460S26510476x436S26500512x435S22200484x539S22200515x538S1d140514x480S1d148456x481S22204474x485S22200485x484S22204514x484S22200503x484
balkón,,1695,M537x614S20352473x584S20356509x572S37806488x590S37806477x579S20500462x579S20500527x582S36d00479x533S36d00478x610S34400484x482S22a24493x594
balkon A (UPOL),,3087,M542x594S34400482x483S20356515x555S2035e470x566S37906485x573S37906475x561S20500532x565S20500457x560S36d00479x523S36d00480x590
balkon B (UPOL),,4094,M562x524S20500495x477S1ed1c503x489S1ed14471x489S2761c438x496S27604533x496
balón A (UPOL),,3627,M534x535S15a50502x465S15a50487x465S15a30501x508S15a30488x508S2a212467x484S2a20a513x485
balón B (UPOL),,3628,M534x546S1f502490x522S15450490x478S37707466x539S22b07510x455S22b17508x509S2fb06519x487
banán,,5754,M537x583S35000468x483S34c00496x483S20302484x568S1ea11491x548S2c301476x527S2c307512x531
banka,,1623,M535x517S20350520x484S20350466x483S22f24490x503
banka A (UPOL),,3629,M550x517S1ed40500x483S1ed48473x483S23b04531x493S23b1c450x496
barel A (UPOL),,3631,M538x531S16e40511x470S16e48469x470S28a14462x495S28a0c521x495
barva,,310,M518x559S30004482x482S14c00489x528S22130484x520
barva A (UPOL),,2343,M518x545S30004482x483S14c00488x514S22620487x504
barva B (UPOL),,2348,M530x518S20350471x493S11951483x499S20e00489x485S26a04503x483
barva C (UPOL),,2350,M526x520S15d38474x490S11951486x501S22115507x480
barva D (UPOL),,2372,M540x529S1ce50518x471S1ce58461x471S23004514x510S23014464x511
bát se,,1400,M527x577S36d00479x524S34400483x482S20310512x544S20318472x544S20600489x533S2f804481x566
bát se A (strachovat se) (UPOL),,3492,M561x595S1000b461x558S10003509x557S26b06543x568S26b12440x567S32a00482x483
bát se B (strachovat se) (UPOL),,3493,M552x572S32a00482x483S1ed48449x511S1ed40526x510S25114454x539S25104526x539
bát se C (strachovat se) (UPOL),,3494,M518x532S32a00482x483S1ed06492x474S22b04492x502
baterie A (páka) (UPOL),,3850,M546x585S32a10479x482S33716511x500S20351487x540S37803502x555S2a40f518x542
baterie B (kohoutek) (UPOL),,3863,M526x608S15320506x544S15328479x544S33c00482x481S33712475x502S33716515x501S2a508505x575S2a500475x575
baterka A (UPOL),,2820,M533x553S20321498x447S20327490x449S20327482x513S14c20473x490S3770b468x528S37703511x464S3770b477x465S37903483x514
baterka B (UPOL),,2821,M518x518S2ff00482x483S20320491x476S26500493x458S14c20489x422
batoh,,335,M532x523S36d00479x477S15312507x485S1531a468x485S20600469x505S20600510x505S2fb04493x517
batoh (UPOL),,2822,M565x520S36d00479x480S20340521x504S20348470x505S20500488x507S20500508x507S22f04540x504S22f14440x506S2f700545x495S2f700443x494
bavlna (UPOL),,3634,M556x513S15410503x488S15448482x488S2e202522x490S2e21a444x491
bavlněný (UPOL),,3098,M516x515S17610500x499S17618484x499S20600488x485
bažant (UPOL),,3343,M571x530S36d00479x471S36d00479x519S10e19522x500S22b07547x481
báze,báze (biol),2048,M524x537S22a04511x492S20310502x464S20312502x522S3760a488x479S20500513x510S37706477x529
báze (IMoTeSP),,393,M514x537S15a16487x525S37800498x477S20300492x463S20500493x512S37709499x485
bedna A (UPOL),,3635,M537x532S19a11500x477S19a19470x478S20500492x494S20500492x468S23c04514x503S23c1c464x505
běh procesu (IMoTeSP),,975,M543x526S1521a457x505S15212512x506S26621474x474S22126494x503S22122505x503S22122501x503S22126490x503
běhat A (UPOL),,3344,M532x542S14c01504x492S14c2f465x483S3710f474x459S23004507x524S23014466x515S2fb00491x533
běhat B (UPOL),,3345,M518x602S32a10482x483S11851461x541S1185f449x553S26b05486x551S26b15461x574S2fb05497x582
běhat C (UPOL),,3346,M532x593S17004508x537S1700c476x538S26b04505x566S26b14472x566S2fb04496x587S34400482x483
Belgie A (UPOL),,2823,M529x536S2ff00482x483S20500504x505S20500485x505S10a00514x510
Belgie B (UPOL),,2824,M552x520S15d20509x493S30006482x483S20600530x501
benzín,,1636,M528x519S17648478x503S1f521487x490S28802506x480S20700472x482
benzín A (UPOL),,3636,M524x524S19a21502x477S22f03486x500S2f700477x517
benzín B (UPOL),,3637,M522x528S17648485x512S1dc03492x496S20a00478x495S28803502x473
beran,,244,M540x538S2ff00482x482S2eb00525x506S20320524x486
beran,,5778,M556x518S35000482x483S20320521x481S20320464x481S2eb00541x476S2eb10447x477
beran (UPOL),,3347,M556x518S35000482x483S20320521x481S20320464x481S2eb00541x476S2eb10447x477
berle (UPOL),,2373,M575x538S36d00479x463S2b711423x514S2b711441x514S3780a533x492S37802448x492S20318464x522S20310520x523S2b700556x514S2b700541x515S37803520x463S3780b449x464
bermudy (UPOL),,3099,M567x540S36d00480x461S36d00479x504S1801c518x510S18014455x510S21100495x517S27106552x500S27112437x499
Beroun (UPOL),,5325,M586x518S32a00482x483S10012522x495S2f000556x482S22a06560x505S2fb06580x497
Beskydy A (UPOL),,5326,M568x518S2ff00482x483S20310512x485S20318473x485S20320553x477S20322432x477S2df0f530x485S2df17450x485
Beskydy B (UPOL),,5327,M548x518S2ff00482x483S20320512x485S20328473x485S2df06528x471S2df1e452x471S20310520x453S20314465x453
beton (UPOL),,3638,M554x532S1ea30531x469S1ea38446x472S1ea50509x502S1ea58469x502S2a201516x479S2a219469x478S2f900519x527S2f900470x526
bez,,1095,M550x515S1ce48497x484S1ce40481x485S26612450x490S26606520x487
bez,,1103,M562x515S1ce40540x485S1ce48438x485S26506521x500S26512463x501S1d040497x484S1d048479x484
běž,ven,1356,M528x523S10004473x493S26900495x478S26500514x483
běž 2,,1387,M527x521S10003474x500S26907496x480S26507514x491S2fb03499x494
bez A (UPOL),,3639,M557x529S15201496x472S15209478x472S18507538x502S1850f443x501S22a13466x497S22a05520x498
bez B (UPOL),,3640,M534x544S34600482x483S15a10499x507S27102519x504
bezdrátový (IMoTeSP),,814,M533x639S26607511x592S1d518471x610S33500476x482S23602487x521S1d510490x605S15d10509x510
bezdrátový 2 (IMoTeSP),,813,M528x682S15d18465x522S26600501x616S33500476x482S23622488x522S2fb04491x565S1d518478x653S1d510498x649S15d10509x507S2fb04491x570
bezkontextový jazyk (IMoTeSP),,977,M524x560S1ce10496x415S1ce48478x415S20a00490x394S15a10506x503S2710e490x520S33500476x483
bezohledný A (UPOL),,3641,M541x531S33c00482x483S10010497x501S20600519x504S31500482x482
bezpečnost (UPOL),,2693,M536x518S11509465x491S11501481x491S26b04509x497S20f00510x482
bezvadný (UPOL),,3643,M538x521S36d00479x479S37802521x483S37806505x513S2035e491x506S26500475x506S2f900477x500
bezvědomí (UPOL),,2374,M538x600S29504513x520S15d39503x562S11521510x490S11531510x573S20500528x571S33c00482x483
bezvýhradný (IMoTeSp),"naprostý, úplný, bez připomínek",1714,M522x529S11549477x498S11541490x502S20e00497x484S26507509x470
bičík (biol),,2049,M550x599S10020534x533S2a500529x566S34800483x483S36d10479x524
bílá (UPOL),,2351,M581x522S36d00479x479S1f502510x490S20e00528x501S23504544x504
bílý (biol),"bílá, bílé",2182,M541x541S36d00479x460S1f502510x471S1f506511x517S20e00529x497S22a04512x498
bílý (UPOL),,2723,M554x524S36d00479x476S1f512512x486S20e00531x488S2e202520x504
bílý A (UPOL),,2857,M578x512S36d00479x489S1f512528x492S2b102550x489
bio (biol),,2050,M519x545S16c48482x507S17730499x509S22a00503x487S15430502x455S20700499x530
biologie (biol),,2051,M535x540S16d44466x495S22f00510x497S17736473x520S21000487x497S14c00466x460
bisexuální (UPOL),,3644,M531x526S15d39469x488S1dc40481x479S20500478x515S27202512x474
bit (IMoTeSP),,815,M535x523S15d48466x477S10041487x493S22b02505x491S20500486x479
blázen,,95,M535x517S2ff00482x482S21100494x481S10010520x482S23600481x462
blázen (UPOL),,2704,M538x518S2ff00482x483S21100493x478S23600481x460S10010523x480
blecha (UPOL),,3348,M541x520S20356506x505S37906467x510S10a12515x492S20500505x493S20500486x498S20500460x497S28802489x481S28802464x480
bledý (UPOL),,3645,M538x548S2ff00482x483S22e00521x497S1ed42517x522
blesk (UPOL),,5328,M541x556S10020525x483S29b0c523x517S32a00479x483S33950515x505
blížit se (UPOL),přibližovat (UPOL),2415,M528x620S34600480x483S36e10480x530S37220493x522S18040497x605S18048470x558S26600492x569S2f806516x559
blízko,blízký,349,M528x527S11501503x495S11509488x500S20500484x476S26b04499x474S20500473x476
blízko,blízký,58,M535x521S10002505x492S26b04482x479S20500466x479S10009491x491
blízko,blízký,681,M526x519S15d02499x494S15d0a484x500S20500474x483S26a04487x482
blízko (UPOL),,2825,M523x526S10002493x495S10049477x496S20500482x488S26b04496x474
blok (IMoTeSP),,816,M542x514S15d10523x487S15d18459x487S26520494x487
blokovat,"storno, zbránit",1192,M545x584S1ed46517x558S1ed4e461x557S33c00482x483S26600518x526S26610463x525S2f700533x538S2f700451x539
bod (IMoTeSp),,990,M530x522S15a18470x493S10012486x507S26502515x485S20500484x478
bohaty,,982,M563x567S1ea32502x540S1ea3a462x541S32a00473x479S33910515x501S22f04529x552S22f14428x553S26606533x540S26612420x542
bohatý A (UPOL),,3646,M542x524S1ea42515x476S1ea4a460x478S23004517x504S23014458x506
bohatý B (UPOL),,3647,M527x548S37108477x453S1f440482x471S22100479x479S1ee40480x526S37108473x513
Bohumín (UPOL),,5333,M537x541S20349484x520S20341493x504S20500479x511S26521464x499S26527474x468S2f700469x534S26525504x461S26523524x488S26522515x517S20500465x484S20500490x459S20500525x505S20500520x474
bohužel,,167,M529x559S36d00479x526S30f00482x482S17700509x542S21100495x545
boj,bojovat,2010,M519x523S14c19481x477S14c11493x477S20d00491x508
boj (UPOL),bojovat A (UPOL),2487,M518x581S32a00482x488S30c30489x493S30350495x477S20300492x559S20310498x566S26a20490x541
bojácný D (UPOL),,3648,M524x562S36d00479x533S35b04481x483S20300479x545S37805492x553S20600454x550
bojovat B (UPOL),,3495,M542x617S1ea20519x551S1ea30519x596S2330b490x569S30200482x478
bok (UPOL),,2375,M549x589S36d00480x524S36d00479x575S34400484x483S15a1c524x558S20612539x552
bolest A (UPOL),,2376,M544x576S32a00482x482S10042514x545S1004a463x558S28702479x539S28716490x560S34400483x483
bolest B (UPOL),,2377,M524x588S33200482x483S1dc02476x506S2b103482x538S1dc50500x558
bolet A (UPOL),,3496,M554x516S10002524x484S1000a447x498S28702495x487S28716474x500
bolet B (UPOL),,3497,M537x523S33100482x483S10012487x507S20e00524x495S26506522x509
bomba (UPOL),,4700,M508x530S20320493x471S25604492x491S2f900496x525
bomba na vařič (UPOL),,3058,M531x526S17050502x475S17058484x475S28913469x499S2890b506x498
borůvka,,5854,M518x538S34400482x483S18102486x494S22f04488x524
borůvky,,1689,M518x558S30004482x482S17101497x516S2e300493x531
bosý B (UPOL),,3649,M546x538S1f510511x523S1f518474x523S2f700493x525S2f203455x521S2f207529x522S37802458x496S3780a524x493S37809458x466S37801531x462
bota (UPOL),,5286,M522x543S2ff00482x483S20300493x510S20e00510x526S22a04495x528
boty,,2282,M534x551S2ff00482x483S36d00479x528S20500495x503S20500496x540S1f506519x509
boty (UPOL),,3100,M521x549S2ff00482x483S20500509x515S36d00479x532S20500496x538S20300493x510
bouřka,blesky,1342,M531x560S10050512x441S10058473x468S29b0c513x480S29b1c469x506S2f710472x553S2f710516x527S2fd04488x546
brada (UPOL),,2408,M530x544S30004482x483S10000487x514S20600508x519
BRAMBORA,,1773,M527x535S10059472x505S10631504x507S20f10483x465
brambory,,1792,M521x530S10b10483x469S10009453x480S36d21479x501S26a05499x509
bránit se (UPOL),hájit se (UPOL),3498,M538x614S32a00479x483S20320472x562S20320508x552S37104476x528S2ec30521x557S2ec14457x574
brát (UPOL),"vzít, vzít si",3499,M564x593S32405482x483S14c57538x526S20357499x572S26603517x553
bratr,,2215,
bratr,,836,M516x522S11550501x492S11558484x492S20600489x478
bratr A (UPOL),,3650,M537x521S11550500x491S11558483x491S20500495x479S22f02523x493S22f16464x491
bratr B (UPOL),,3651,M539x579S2ff00482x483S15a12490x490S20500472x487S10050506x549S10058489x549S20500499x534S22f02525x548S22f16470x547
bratranec,,1697,M534x605S1ed20508x552S1ed28468x552S2e300502x578S2e318474x578S34c00482x482
Brazilie,,284,M534x533S2ff00482x482S20300492x518S20600512x512S37706507x525
Brazílie (UPOL),,2826,M543x541S2ff00482x483S20500496x485S15d10524x482S24804523x513
Břeclav A (UPOL),,5329,M542x534S30005482x483S11811515x509S20600520x494
Břeclav B (UPOL),,5330,M565x558S30005482x483S11811514x510S21100521x494S2e20f535x531
březen,,5,M524x584S33200482x482S10001499x499S10058485x554S10012494x557S20e00477x550S26a00471x534
březen (UPOL),,2416,M524x585S33200482x483S10001499x500S10058485x555S10012494x558S20e00477x551S26a00471x535
břicho (UPOL),,2378,M522x533S36d00478x467S36d00480x529S14c02483x505S20602473x504
brigáda A (UPOL),,3653,M534x535S36d00479x466S14c02489x484S14c0a488x512S26500474x487S26510520x515S2f900521x506S2f900474x478
brigáda B (UPOL),,3654,M555x520S36d00479x481S14e02506x495S14e0a466x495S26500541x499S26510448x498S2f900541x490S2f900449x490
břitva A (UPOL),,3866,M539x545S30005482x483S19254518x491S21100519x513S22f04513x531
břitva B (UPOL),,3867,M540x566S30005482x483S10050520x500S21100521x534S22f04515x552
Brno,,1818,M547x517S30a00482x482S33e10492x506S10e01510x481S26a03526x473
Brno,,90,M556x517S10e02508x487S30a00482x482S26a02542x483S33e00482x482
Brno,brno,4758,M549x555S35000468x483S10e00534x491S2990c533x523S34400496x483
Brno (UPOL),,5331,M521x529S36d00479x472S10e01496x499S22f02478x502
bronzová (UPOL),bronz,2353,M529x520S1150a471x490S11540486x487S2c300503x481S21100511x506
broskev,,5848,M522x527S18151495x492S18139479x500S21410501x519S2eb32490x473
broskyňa,,1612,M522x569S14e20481x528S20500510x544S21400507x560S14f18477x553S14e04480x431S2b705501x493S14e38479x461
broskyňa,,1613,M526x569S14e38474x524S20500507x558S21400486x561S14e38475x461S14e04476x431S2b705497x493S14e20501x522
brouk (UPOL),,3351,M515x532S15450500x506S22622486x506S26600496x469S2fb02488x483
brousit (UPOL),,3655,M544x583S11549485x556S11551499x551S20e00509x543S26f07514x523S2f700501x533S32a00482x483
brousit A (UPOL),,3656,M543x586S35100482x483S11551498x560S20e00508x552S26f07513x532S2f700500x542S11559476x561
brož (UPOL),,3101,M521x516S36d00479x484S15301474x493S20500465x505
brutální (UPOL),"hrubý (UPOL), surový (UPOL)",3473,M546x574S32a00482x483S15530512x547S15538477x546S2eb00531x541S2eb10459x542
brýle A (UPOL),,3102,M621x518S31a00482x483S10053510x464S1005b469x462S2e306581x484S2e31e556x484S2b705607x489S2b714543x492
brýle B (UPOL),,3103,M550x518S31a00482x483S10053511x464S1005b467x465S2e507523x485S2e51f452x490
brzda A (UPOL),,3657,M508x527S20350493x474S25504494x494S2f900494x522
brzda B (UPOL),,3658,M517x536S20350502x483S20350484x492S22a10484x471S25504504x504S2f900505x531S2f900485x464
brzo,hned,1460,M534x561S35000482x519S1f400503x533S21600519x520S2f700517x554S33b00482x446S1dc10510x453
brzo A (UPOL),"brzy, včas (UPOL)",2417,M549x529S35000482x483S1f100520x495S2f700517x522S20500507x494S22104523x484
brzo B (UPOL),"brzy, málo, trochu",2418,M550x541S36e00477x460S1004a483x513S10040494x511S20e00520x509S26f04510x527
brzy,,730,M530x518S31400482x482S1f430499x503S20500493x504S26504516x483S1e430511x449
bude,,94,M542x522S2ff00482x482S15d40523x495S26500522x474
bude (UPOL),,2419,M545x536S30c00482x488S15d40526x509S26500526x490S30350495x477
Budějovice (UPOL),,5384,M547x539S30004482x483S10010486x509S20e00504x519S25500519x510S25500534x510
budík A (UPOL),,4060,M534x600S15a18480x550S10020496x567S20600496x548S27202515x560S33c00478x483S33a50517x503
budík B (UPOL),,4061,M556x584S33a50516x508S10020518x551S27202537x544S33c00478x488S30307478x477S32105478x488
budík C (UPOL),,4062,M555x580S33c00478x483S33a50517x503S15550517x546S27202536x540
budoucnost,budoucí,1259,M538x517S2ff00482x482S20500505x499S15d40512x478S2b900512x461
budoucnost (UPOL),,2420,M544x544S31500482x488S15d40525x517S26500523x498S30350494x477S26500523x464S26500523x481
budova (UPOL),,4552,M529x539S15d40502x473S15d48479x473S20500495x462S23d04502x505S23d1c471x505
Bůh,,487,M548x540S32107482x488S10010486x510S20500508x522S25707515x495S30107482x477S34600482x488
Bulharsko,,553,M551x525S17e10506x497S17e18471x498S33b00482x482S28813449x505S2880b531x504S22104470x488S22104519x487
Bulharsko A (UPOL),,2827,M550x527S36d00479x492S20310533x512S25100532x474
Bulharsko B (UPOL),,2828,M565x518S2ff00482x483S20320522x488S14c20516x435S26f00510x468S2f700553x474
Bulharsko C (UPOL),,2829,M549x529S33b00482x483S17e10500x503S2a209529x506
bunda A (UPOL),,3104,M541x533S36d00479x468S14c52508x479S14c5a463x481S2aa02513x510S2aa12469x510
bunda B (UPOL),,3105,M555x527S36d00479x474S20300540x489S20302449x490S2d500510x483S2d518461x509S20500489x502S20300495x512S20300499x499
buňka (biol),,2053,M583x518S1ee18476x489S1ee10503x489S1f418417x497S1f410554x495S26a12452x491S26a06535x490S22200537x482S22200453x483
buňka (biol),,2055,M569x516S1e411501x484S1e419480x484S1f410540x497S1f418431x497S26a06524x487S26a12462x489
buňka (IMoTeSP),,817,M549x565S20311501x436S20319479x436S14c58452x477S14c50525x475S22a05511x465S22a13475x466S14c50483x518S2eb32490x549
bus (UPOL),,3589,M553x532S36d00479x469S16c18523x476S16c10533x482S21400535x505S26504536x517
býk A (UPOL),,3352,M547x520S35000482x483S20320508x481S20320477x482S2d712450x497S2d70a518x496
býk B (UPOL),,3353,M518x518S2ff00482x483S1a020494x462S25500496x442
bylo,,17,M545x520S36d00479x508S15d00508x480S26904529x502
bylo,,1922,M562x543S31300482x482S15d00528x497S26904546x525
bylo,,274,M557x520S36d00479x508S15d00508x480S26b04530x502
bylo,,5840,M551x558S30d00477x491S30154485x477S30150495x474S36d00481x550S15d00511x520S26904535x540
bylo (UPOL),,2421,M557x551S32a00482x488S15d00524x507S26904541x533S30350495x477
bylo^,,1991,L548x526S15d00529x497S30e00484x475S36d03479x515S22604529x482
byt,"bydlet, bydlení, pobyt, ubytování",1308,M535x589S17d48490x568S16021512x485S30d00482x482S22e04518x515S18550505x574S20700501x546
byt (UPOL),,2907,M533x579S30d00482x483S16021509x488S18550507x564S17d48488x558S22e04514x517S20700515x544
C,,184,M513x515S1ed10487x485S2f900493x510
C,klasifikátor-C,1677,M510x518S16c10490x482S2f900497x513
C (UPOL),,3661,M513x514S1ed10487x495S2f900487x486
Č (UPOL),,2831,M520x554S16d10503x534S34500482x483
C A (UPOL),,5430,M509x510S16d10492x490
C A (UPOL),,5663,M509x510S16d10492x490
čaj,,5830,M532x529S34500482x483S19a10483x481S30007482x483S21100519x480S22b04516x499
čalouník (UPOL),,3659,M545x527S36d00479x473S16032518x515S1603a462x515S22114517x504S22114466x504
čáp (UPOL),,3354,M554x527S33200482x483S1ee10505x505S1f410525x467S26600538x490
čárka,,1626,M514x526S37b06494x501S2880d486x506S10c20497x474
čarodejnice (UPOL),,2572,M554x518S33310495x493S16d10494x487S26500521x496S20340539x497S2f710522x485S35610482x483
čas,,556,M526x524S3770b483x491S20600475x488S20357500x476S10a11498x498
čas,situace,153,M536x519S15d48465x487S1ce40485x482S20e00506x499S2eb00521x487
čas,situace,502,M537x519S15d48464x486S1ce40484x481S20e00505x498S2eb00522x487
čas A (UPOL),doba (UPOL),2422,M536x519S15d48465x487S1ce40485x482S20e00506x499S2eb00521x487
čas B (UPOL),,2423,M518x594S20337494x548S10031494x564S3780b471x562S20600471x559S34b00482x483
čas utíká,,540,M528x523S37806472x514S20356508x508S10003498x486S2f005486x477
časopis (UPOL),noviny,4309,M525x528S15d48476x480S20341503x473S20f00497x495S26b04498x510
časovač (IMoTeSP),,1010,M520x605S20343485x395S1005e479x406S2f700492x565S20343489x454S1005f488x450S20343487x518S10058492x511S20343489x578S2f700493x439S2f700491x502S10059490x584
časovač 2 (IMoTeSP),,1011,M522x593S15d39486x406S2f700491x559S15d39486x457S1005e478x415S15d39488x568S15d39486x512S1005f490x452S10059492x572S2f700493x442S2f700490x498S10058491x505
časový posun vpřed,,1108,M531x542S10042501x507S1004a469x519S2eb00504x469S2eb1c477x483S26520491x457S2fb04494x536
část,"částečně, podílový",1106,M528x530S15d39487x492S15d41505x507S26605471x470S21100500x470
část čtverec (UPOL),,4913,M524x531S10020501x470S10028484x470S23c1c476x504S23c04501x504
část kostky (UPOL2),,5707,M528x530S1ed40501x471S1ed48473x471S23d04501x496S23d1c472x496
část místnosti (UPOL),,4208,M544x516S1f540503x492S1f548485x492S27510456x486S27508520x485
část místnosti A (UPOL),,5661,M531x531S10001500x501S10009479x501S27608502x470S27610470x470
část místnosti B (UPOL),,5675,M530x526S19201501x507S19209473x507S27608501x475S27610470x475
části (UPOL),,2410,M538x528S15d39469x482S15d41462x473S20e00487x495S26f05489x498S26626508x474S2fb00511x488
části států (UPOL),,3034,M543x583S32a00482x483S15410528x531S15418469x547S20500489x554S20500516x535S20500512x555S20500474x528S20500489x536S20500506x524S2fd00496x577
částice (biol),,2056,M578x593S34c00482x483S1cf10506x547S1cf18468x560S2f900532x570S2f900458x588S29905535x554S29901439x562S2f900548x544S2f900567x559S2f900451x557S2f900431x579
čau (UPOL),nazdar (UPOL),3660,M539x518S30007482x483S11521512x478S20500502x470S22a07526x464S30d00482x483
CD,,306,M541x514S15d48459x487S19a12483x486S2a502508x491
CD A (UPOL),,4063,M539x520S15d38461x480S19a52481x480S2a502506x484S21410486x512
CD B (UPOL),,4073,M519x531S2ea06493x469S15d38481x493S21410498x523S1ce20497x488
cdrom (IMoTeSP),,991,M517x538S15a39482x510S19a51494x511S2a400491x461
čekat,"počkat, čekám, počkám, čekáš, počkáš",40,M534x537S20e00470x505S1dc40506x474S36d00479x464S1dc48471x474S20e00516x506S22f04509x523S22f14465x522
čekat,,4849,M542x617S20e00470x586S1dc40506x555S36d00479x545S1dc48471x555S20e00516x587S23404505x603S23414459x603S30d00483x483
čekat (UPOL),,2411,M542x582S1dc10518x523S1dc18458x523S22f04514x568S22f14461x568S34500482x483S20e00520x554S20e00468x555S36d00479x526
čekat B (UPOL),,3500,M542x529S14c57516x476S14c59476x472S23514459x509S23504502x511
čelenka A (UPOL),,3106,M547x518S2ff00482x483S1ec10501x477S1ec18478x476S2d511455x490S2d509528x488
čelenka B (UPOL),,3107,M544x548S30304482x477S1e140520x521S1e148461x522S22e00520x499S22e10463x501
celník A (UPOL),,3665,M537x511S15d02490x489S15d0a485x492S26512464x496S26506522x496
celodenní (UPOL),,3667,M528x522S1ce10490x479S1ce48473x479S20800487x511S2eb20513x490
cement (UPOL),,3668,M530x530S1ea01479x509S22c00514x478S27000470x487S2fb00500x470
cena,,1087,M539x529S11501514x502S11509461x502S26520482x471S26520499x471
centimetr A (UPOL),,5664,M523x531S2fb06517x476S1000a478x506S1f146494x502S26602479x469S20610479x488
centrum,,657,M515x531S20600493x494S14c22484x470S15d39492x508
čepice A (UPOL),,3108,M556x523S30105482x477S1ea40533x499S22e01516x485
čepice B (UPOL),,3109,M552x554S2ff00481x446S15d22505x442S21400537x443S2c300506x416S2ff00483x519S15d12496x520S20500527x527S26500525x506
čepice C (UPOL),,3110,M536x518S2ff00482x483S20310521x490S20318464x491S22a04523x472S22a14465x473
černá,,5839,M534x535S30e00482x483S34510489x500S15d00515x488S28903486x508
černá (UPOL),černý,2355,M544x536S34500482x483S15d00525x488S28903495x509
černý,noc,435,M544x542S2ff00482x482S28803512x518S15d00525x487S15d02483x523S2f710527x531
červ (UPOL),,3355,M541x536S10a51508x516S26701503x464S22205499x511S10a51468x468S10a51487x490S22205477x487S22205460x464
červen,jahoda,282,M534x610S2ff00482x483S10002498x513S26506515x531S20e00500x533S10a38492x584S10a52506x558S20600512x580
červen A (UPOL),,2424,M552x610S33b00482x483S10002501x509S26506512x528S20e00497x527S10a38496x584S10a52509x558S20610518x582
červen B (UPOL),,2425,M530x605S33b00482x483S10002500x509S20e00494x526S26506513x527S15d18484x561S11510490x575S20500508x575
červená,,1945,M529x555S34500482x483S27102478x515S21100497x522S10012499x513
červená,,5351,M528x553S34500482x483S10b11498x512S21100491x520S26502460x511S26506462x524S26502459x539
červená A (UPOL),červený,2356,M542x544S34500482x483S10b11496x511S26f06528x504S20e00527x489
červená B (UPOL),červený,2357,M524x544S34500482x483S10b11494x515S26f02469x504S20e00467x490
červenec,třešeň,187,M573x545S2ff00444x483S10002459x513S26506476x531S20e00461x533S33010514x482S10e14546x457S22a04560x493S21600459x504S2fb02445x521
červenec,třešeň,543,M575x545S2ff00443x483S10002459x513S26506476x531S20e00461x533S33010514x482S10e14560x473S22a04560x507
červenec A (UPOL),,2426,M574x556S33b00479x445S10002497x471S20e00491x488S26506510x489S33010480x521S11812519x518S23004549x533
červenec B (UPOL),,2427,M530x588S33b00482x483S10002500x509S20e00494x526S26506513x527S1ed10504x569
červený,,712,M552x534S34500482x483S10b11496x511S27102537x494S21100521x503
červený,červené,338,M560x536S21600497x503S10002497x512S26a06546x509S20e00530x514S2ff00482x482
česat A (si vlasy) (UPOL),česat se,3503,M558x530S30500482x479S1ea10522x485S23404521x516
česat B (si vlasy) (UPOL),"česat se, učesat se A (UPOL)",3504,M576x534S33b00482x483S1ea10522x486S2880b518x513S2880b537x513S2880b556x514
Česko,Český,400,M551x541S30004482x482S15d01489x518S20e00517x514S26a06537x510
česko,"česká , čechy, Česko",5206,M548x526S34500482x483S15d01506x502S26506533x512S20e00533x495
česky,český,68,M551x541S30004482x482S15d01489x518S20e00517x514S26a06537x510
český (UPOL),česko,2494,M533x542S30004482x483S15d01489x519S20e00514x512S26506518x524
cesta,,1085,M518x544S11548481x498S11540503x498S2dd26490x455S2fb00492x538
cesta A (UPOL),,3583,M534x535S15d40515x508S15d48467x507S26600515x466S26610472x467
cesta B (UPOL),,4774,M527x544S1ed2e473x518S1ed0e490x504S21400512x519S2dd06495x457
čestný A (UPOL),,3672,M541x559S30007482x483S18540512x487S18548466x524S2d200515x512S2d210477x536S33c00482x483
čestný B (UPOL),,3673,M521x520S36d00479x481S10a01478x494S20600454x497
cestování A (UPOL),,2833,M550x527S30004482x483S19a10522x498S2d706523x467S20500508x516S32a10482x483
cestování B (UPOL),,2834,M559x530S30004482x483S32a10483x483S19a10519x510S19a18521x448S2d706532x481S20500501x519S3770a520x465
cestovat B (UPOL),,2835,M526x539S36d00481x535S15d40507x506S15d48467x506S24820489x480S36d00477x461
cestovní pas A (UPOL),,3674,M526x534S15d48474x483S1ed40488x489S20e00491x514S28803498x466S28805506x514
cestovní pas C (UPOL),,3675,M544x540S36d00479x461S36d00479x510S11803500x502S1180b476x501S20500493x529S26904528x506S26914457x503
CH,,2277,M512x513S13510488x488
chalupa (UPOL),,4104,M541x604S30007482x483S11801514x481S2df0f521x510S34c00482x483S20500506x470S15d48480x550S15d40502x550S23904519x573S2391c462x574
chápat A (UPOL),pochopit A (UPOL),3505,M548x550S2ff00482x483S26504528x516S20320528x535S15020523x482
chápat B (UPOL),pochopit B (UPOL),3506,M543x528S2ff00482x483S15020518x497S20320523x461S26500523x480
charakter (IMoTeSP),,1024,M553x547S36d00479x454S1dc1f475x460S20600458x466S1ed26534x483S22b04534x517
charakter 2 (IMoTeSP),,1023,M546x552S36d00479x449S1dc1f475x455S20600458x461S14c20497x502S2e601517x518
chata (UPOL),,4105,M541x534S30007482x483S34c00482x483S11801514x481S20500506x470S2df0f521x510
chceš,"chcete, chtít, chci, chceme",5857,M546x536S30d00482x483S10a00500x510S20500519x508S26500532x504
chceš^,,1959,L534x539S10a00497x513S30e00482x483S20600512x508S30004482x483
chemie (biol),,2054,M549x532S19a50521x501S19a58452x507S2a500522x469S2a518458x474S2fd04492x526
chemie 2 (biol),"laboratoř+, laboratorní",2285,M543x533S2fd04492x525S1ea40519x506S2a500522x468S2a518458x473S1ea48459x512
chemie A (UPOL),,3676,M549x532S19a50521x501S19a58452x507S2a500522x469S2a518458x474S2fd04492x526
chemie B (UPOL),,3677,M543x533S2fd04492x525S1ea40519x506S2a500522x468S2a518458x473S1ea48459x512
chemie C (UPOL),,5371,M540x532S20350523x506S20358463x512S2a500519x468S2a518461x474S2fd04490x526
Chile (UPOL),,2836,M524x520S36d00479x480S1ce10502x490S20500489x505
chladnokrevný A (UPOL),,3678,M542x562S20340503x540S20348476x540S26a02528x535S26a16454x535S34600482x483
chlapec (UPOL),,3679,M520x518S2ff00482x483S18111496x488S20600460x484
chléb,,5735,M520x598S34700482x483S15d39480x550S15d32491x550S21100493x529S2df0e500x574
chléb (UPOL),,4554,M527x526S15d39474x491S15d33504x503S21100484x474S2d60e484x490S15a31504x477
chléb A (UPOL),,5370,M525x532S15d39478x495S17f33487x469S2d50a506x493S20500475x483S20500490x518S17f31494x511
chlubit se A (UPOL),vychloubat se,3507,M549x599S34600481x483S36d00479x532S11e10505x547S11e18472x546S20e00465x549S20e00523x550S2eb08534x551S2eb44446x551S2fc04494x588
chlubit se B (UPOL),urazit se,3508,M551x578S35100481x489S36d00479x533S11e10505x548S21100522x547S30150494x477S22a00538x545
chlubivý A (UPOL),,3687,M549x598S2fc04494x587S36d00479x531S11e10505x546S11e18472x545S20e00465x548S20e00523x549S2eb08534x550S2eb44446x550S35100483x483
chlupatý C (UPOL),,3356,M536x560S30003482x483S30005482x483S15210513x495S15218474x495S22f04511x529S22f14473x529S18510511x545S18518472x545S2f700497x521
chlupy B (UPOL),,3158,M552x530S37906484x522S20356523x515S15252463x502S22104449x512S22a07491x494S22a07517x498S22104503x511S18552506x470S18552537x471
chlupy B (UPOL),,3159,M576x528S36d00479x479S15201508x487S15209469x488S26f00536x494S26f10429x493S2fb00464x519S20500498x497S18500545x476S18508440x473S2fb00524x520S22a24496x513
chobotnice (UPOL),,3357,M555x542S37142472x458S15d50521x489S15d58453x488S23700516x521S23710445x521S2fd00484x510
chodba (UPOL),,4110,M538x588S34400482x483S15d10519x504S15d18462x504S25504519x535S25514468x535S15d40519x561S15d48461x561
chodit (UPOL),rande (UPOL),3623,M528x523S1f540504x499S1f548486x499S20500497x494S26a00501x478S26a10473x478
cholerik (UPOL),,3690,M550x518S32a10482x483S17610520x480S17618463x479S15218466x422S15210519x422S26f00510x459S26f10452x457S2f700494x464
Chomutov (UPOL),,5372,M537x539S11559464x514S11520522x461S22b03499x491S20500483x499S11551485x514
Chorvatsko,,598,M572x529S36d00479x472S14500507x488S20e00545x477S22b04544x499S22b06542x502
Chorvatsko (UPOL),,2837,M521x521S36d00479x480S14e01468x490S2330a439x491
choulostivý (UPOL),,3692,M536x574S1a711489x540S15a1a474x562S22a03497x525S22b07512x523S20500474x548S32c00469x483S34c00496x483
chov (UPOL),,3358,M522x532S11540507x501S11548479x502S2ec20495x469
chování,"chovani, chovat se A (UPOL)",1917,M556x541S36d00477x460S36d00481x537S18210483x473S18214468x502S2f900475x524S2f900511x524S26526491x519S26526527x519S2f900545x524
chování,,1746,M538x520S2892a509x485S22a24493x483S18106462x508S18112463x480
chování,slušný,1139,M574x536S15d10510x509S36d00479x496S20f00534x464S22b04537x490S22b04558x491
chování (Praha),,1140,M550x526S17116453x509S17112450x484S22a04488x474S22a10487x498S26526512x487S26526535x488
chránit (UPOL),ochrana,3510,M524x538S15a0b477x515S15a0d501x515S2df1e476x485S2df06503x485S15a2d501x462S15a2b476x462
chřipka (UPOL),,2435,M518x562S33100482x483S1e502491x503S22f04493x522S1ea00492x541
chromatida (biol),,2057,M537x528S10020480x498S10028464x498S20600467x483S28809494x482S10020522x473
chromozom (biol),,2060,M518x581S10020501x551S10028484x551S20600489x538S34400482x483
chromozom 2 (biol),,2061,M518x588S34400482x483S10e01475x540S10e09492x540S3770b475x566S37703496x564
chromozom 3 (biol),,2062,M518x583S34400482x483S10019482x552S10011494x553S20600488x540
chtít,"chci, chci2",1014,M540x540S26600524x489S30f00482x483S30004482x483S20500516x513S10a00498x514
chtít,"chtit, chceš, chci, chce",1863,M534x550S34100482x482S20500495x509S10a00499x524S26500520x531
chtít,chci,731,M528x536S10a00497x510S26500514x509S2ff00482x482
chtít A (UPOL),chceš?,3512,M527x542S10a00496x516S26500513x515S30a00482x486S30825492x479
chtít A (UPOL),chci,3511,M528x537S10a00497x511S26500514x510S2ff00482x483
chudý (UPOL),ubohý B (UPOL),3693,M519x520S17030481x488S27102504x480
chuligán (UPOL),,3695,M522x534S37909481x475S37906482x515S16d10486x503S21400491x529S20500479x522S26500496x485S20310497x466
chvilka (UPOL),chvíle,3089,M542x528S33b00482x483S1f137512x498S22113523x492S20600515x478
chyba,,1271,M526x527S10051496x505S10059473x506S22b04506x472S20b00491x486
chyba,,613,M520x530S10058479x500S10012490x471S20b00486x485S22b04504x490
chyba,vada,1145,M527x533S10051497x512S10059472x512S22a04498x467S20c00485x491
chyba (UPOL),,3548,M528x535S10059472x502S10051498x502S20b00495x484S22a04496x465S22a04495x520
chybět (UPOL),,3513,M528x531S10051498x510S10059473x510S22a04503x470S20c00489x489S22a04489x470
chybí (UPOL),,3563,M543x521S10059458x491S10051480x491S20600488x479S22c04510x479S22c04527x479
chyby,závady,1377,M542x521S10059457x491S10051479x491S20600487x479S22c04509x479S22c04526x479
chytit (UPOL),,3484,M541x539S14c40517x508S14c48487x507S26601505x481S26611472x483S20340489x461S20348460x462
chytrý A (UPOL),,3698,M557x602S30007482x438S10011518x445S32a10482x527S20500513x432S20301520x565S37703535x580S22f03508x577
chytrý B (UPOL),"inteligentní (UPOL), moudrý (UPOL)",3700,M545x518S30007482x483S1c510515x473S20600500x469
chytrý C (UPOL),,3703,M531x518S33c00482x483S30007482x483S16c10511x469S20500521x493
cibule,,1802,M590x556S2ff00482x482S23600551x539S18510517x498
cihla (UPOL),,4112,M588x600S36100482x483S1ed1c491x549S1ed1c562x549S1ed14533x549S1ed44462x549S20500557x536S20500485x536S27902564x576S27902493x576S2791a533x576S2791a462x575
cihla A (UPOL),,3706,M532x523S1ed1c501x478S1ed14471x478S27902508x498S2791a469x499
cihla B (UPOL),,3707,M534x526S1ed10498x507S1ed18471x506S27a16466x475S27a0e506x475
cíl,,1599,M521x543S15d38479x466S1c550491x469S20500498x456S26600502x513
cíl (biol),až,2033,M520x532S15d39483x482S1c551495x471S20500481x469S25a00503x502
cíl (UPOL),,2838,M521x536S15d39481x513S20500479x502S1c551496x498S25604498x464
čilý A (UPOL),,3709,M556x566S33f00482x483S20331509x540S20337470x540S2e515444x539S2e50d533x539
Čína,,206,M523x521S36d00479x480S10002479x487S21100479x506S22a06494x506S22a04510x506
Čína (UPOL),,2839,M524x530S36d00479x470S10002479x478S21100479x494S23d04497x496
činidlo (biol),,2063,M513x527S20310487x512S10050491x488S2ea20498x473
činnost,akce,1199,M527x536S10040512x492S10048473x492S2db16477x465S2db0e507x464S2fb04496x530
činnost (UPOL),akce,3514,M527x536S10040512x492S10048473x492S2db16477x465S2db0e507x464S2fb04496x530
cirkulárka (UPOL),,3712,M536x658S10002506x553S2eb00486x540S33c00482x483S17250510x637S17258469x638S26a00501x614S26a10464x614
číše A (UPOL),,4136,M518x590S34600482x483S14e01487x563S2ea0a488x545
čislice (IMoTeSP),,222,M547x603S2ff00482x482S1f510493x520S21a10522x491S21a10535x490S1ed10489x584S26500497x563
číslice (IMoTeSP),,995,M562x599S33b00482x482S1f510525x501S26500525x476S14c10520x439S21f10550x469S20500495x502S22a04526x584S1f046524x548
číslo_B (IMoTeSP),,419,M522x572S20318488x557S20310494x541S20500512x551S36100482x483
číslo_P (IMoTeSP),,253,M557x517S33b00482x482S1f510524x499S26500524x475S14c10520x439S21f00545x483S20500495x502
číslovky - příklady,,5146,
číšník,,5781,M554x549S34500482x483S15d37522x526S2ea06529x507
čísník (UPOL),,4765,M557x524S36d00479x510S15d36530x505S2df07530x476
číšník A (UPOL),,3714,M552x529S15d36525x510S2d507527x484S2ff00482x483
číšník B (UPOL),,3716,M550x521S19a40492x501S19a48451x500S28b2a506x480
číšník C (UPOL),,3718,M531x520S37809469x480S37806469x510S1ed42481x489S2c300505x480S20304500x505
číst,,1699,M527x523S15d37472x494S10e3f497x476S26605476x501S20e00498x498
číst,čtu,36,M518x585S15d39456x524S10e31463x530S32103482x482S20e00484x557S26505497x572
číst,čtu,612,M528x531S15d39472x470S10e31479x476S26a05507x510S20e00500x503
číst A (UPOL),,3515,M518x588S15d39456x525S10e31463x531S32103482x483S20e00484x558S26a05492x567
číst B (UPOL),,3516,M519x584S15d39456x525S10e51463x531S32103482x483S2dd09488x554
číst C (UPOL),,3517,M543x575S10040474x545S26806493x540S32406482x489S30356498x477
číst D (UPOL),,4577,M522x603S15d08469x533S10050481x539S22b04506x573S10050507x539S22b04480x573S32104482x483
čistý,,716,M547x521S15d02492x483S15d0a480x480S20500494x507S27100507x506S27114452x505
čistý (UPOL),,3111,M523x548S15d02489x468S15d0a485x471S15d0a485x525S15d02491x529S21100491x453S21100496x513S26506508x453S26512477x514
cit A (UPOL),,3719,M535x527S15d5a477x508S15d52489x497S21100473x491S21410520x498S2890e466x473
cítit,,1074,M518x592S36100482x488S30302482x477S15a12490x568S15a1a481x580S26602488x542S21100471x544
cítit,pocit,2322,M526x585S14c0a478x562S14c02495x554S21100465x541S26602481x530S30f00482x483
cítit A (UPOL),,3597,M533x545S33100482x483S14c52456x511S26706491x516S22532441x503S33530476x489
cítit B (UPOL),,3598,M526x537S33300482x483S10001505x507S20500495x501
cítit C (pocit) (UPOL),,3596,M518x592S36100482x488S30302482x477S15a12490x568S15a1a481x580S26602488x542S21100471x544
citron,,5846,M546x518S34800482x483S1ee20511x476S22134514x468
cizí A (UPOL),,3722,M540x518S30007482x483S11021511x472S20600489x469S36100483x483
cizí B (UPOL),,3723,M553x570S36100482x483S20300510x555S37806478x562S11820498x526S20e00524x543S26a06539x529
člen,,1265,M521x534S1ea0e500x510S1ea06479x511S20500494x499S22b24491x466
člověk,,686,M536x560S30005482x483S20310521x497S22b04519x530S20e00522x515
člověk (UPOL),,2586,M536x548S30005482x483S1f810518x501S20e00520x518S22a04520x533
člověk B (UPOL),,3724,M540x525S36d00479x476S15402488x494S2e500517x498S21100494x511
co,,379,M537x575S30100482x477S31400482x488S1ce30497x531S27102522x535
co,,5858,M552x581S1d530511x540S27102537x541S34400482x489S30150490x476S30154501x477
co,něco,138,M520x522S1ce30480x478S27102505x482
co (UPOL),,3599,M537x575S30100482x477S31400482x488S1ce30497x531S27102522x535
čočka,,550,M519x517S19222500x496S19208482x497S21100499x482
čokoláda,,2227,M521x521S20349483x500S10e41480x479S21100508x489
čokoláda,,471,M522x523S20300507x508S10e40502x477S21100487x493S37706478x515
cop (UPOL),,2436,M553x616S36d00479x530S1ea10530x526S1ea18511x537S29804535x553S2981c525x562S2fd00527x610S30102485x477
couvat (UPOL),couvat (auto apod.),3600,M511x541S15a50492x460S2de0a490x491
čpavek (biol),smrdět A (UPOL),2067,M532x559S17717509x502S2490c513x523S33400482x483
čpavek 2 (biol),"kyselý (biol), hořký (biol)",2068,M548x529S33400482x483S2e500525x502S15300506x503
CSS (IMoTeSP),,876,M588x516S1ed18412x483S1ed18464x485S1ed10491x497S1ed18536x483S1ed10562x494S2f900416x510
čtverec (UPOL),,2713,M535x524S10050502x477S10058485x477S24202513x498S2421a466x500
čtverec A (UPOL),,3775,M529x530S10a50501x471S10a58472x471S27902505x506S2791a472x506
čtverec B (UPOL),,4497,M535x530S10051500x471S10059470x471S24402502x497S2441a465x497
čtverec C (UPOL),,4754,M534x551S10050501x521S10020501x450S24402501x485S2441a466x485S10058484x521S10028484x450
čtverec D (UPOL),,5062,M529x531S10a20502x470S10a28473x470S24302502x502S2431a472x502
čtverec E (UPOL),,5077,M584x508S1ef10502x493S1ef18470x493S1f410555x493S1f418417x493S22a12450x494S22a06536x494
čtverec F (UPOL),,5079,M528x589S35b04482x483S10a20501x529S10a28472x529S24302501x560S2431a471x560
čtvereček (UPOL),,3762,M525x585S30d00482x483S1ed40499x537S1ed48473x536S24202498x561S2421a473x560
čtvereční metr B (UPOL),,5666,M528x546S15d39480x470S15d39478x510S1ed51485x455S1ed55472x520S21410493x538S21410513x466S20500505x477S20500503x525
čtvrtek,,137,M549x535S19a40501x498S19a48469x498S2e200504x465S2e218472x466S26712451x519S26706507x519
čtvrtek,,709,M573x538S19a50501x499S19a58469x499S26706531x501S26712427x503S2a508506x463S2a510471x461S2fb04492x532
čtvrtek A (UPOL),,2430,M551x612S19a50503x566S19a58471x566S26706509x587S26712453x587S2a500507x530S2a518475x529S2fb04493x606S36100482x483
čtvrtek B (UPOL),,2431,M547x535S20350511x502S26706505x519S2e200507x465S2e218475x466S26712454x519S20350477x502
čtyři hodiny,,650,M531x516S14401469x483S2e408502x483
čtyři měsíce,,129,M513x525S14450491x475S22f04488x511
ctyri-roky,,526,M523x516S14401477x484S2e800508x484
cukr,sacharid (biol),409,M533x524S1dc40491x477S20600511x506S20308493x509S37706468x516
cukr (biol),,2190,M527x521S20308486x506S1dc02474x480S20600505x504
cukrář (UPOL),,3726,M555x583S2ff00482x483S14c01501x504S14c09469x504S2240f501x527S22407476x525S22a24490x558S2fb04490x577S2fd00532x514
cukrovka (UPOL),,2437,M524x602S30004482x483S20304494x587S1dc02485x564S1dc01501x516S22a04503x550S20600470x578
cvakat zubama (UPOL),,2798,M541x517S14f18460x501S14f14459x484S20600494x495S20600519x495S2f700515x485
cvičit A (UPOL),trénovat,3603,M547x558S36100482x483S1fa10515x543S1fa18464x543S26f00507x524S26f10448x524
cvičit B (UPOL),tělocvik,3604,M540x523S15a56480x503S15a52492x485S26a06526x477S26a12461x496
cvočky A (UPOL),,3727,M543x526S1f502485x502S1f550497x495S20600469x494S20500457x494S26726501x475S2fb00478x482S37706460x518
cvočky B (UPOL),,3728,M521x532S36d00479x469S1f552500x480S20612492x495
cyklický (biol),,2069,M539x587S34800482x483S1001a475x552S10050504x557S2e401510x544
cyklický (biol),,532,M532x525S10012496x475S1001a468x480S2e408503x492
cyklický 2 (biol),,2070,M521x617S34800482x483S1ce48481x550S1ce10499x550S20800477x581S2e420486x584
cyklus (IMoTeSP),,192,M523x516S10002493x489S2eb00478x484
cyklus v2 (IMoTeSP),,1,M532x519S1440a467x494S10002502x481S2eb00499x487
cytóza (biol),,2095,M533x537S14c30468x465S14c38509x464S20330512x521S20338474x522S26504513x500S26514474x502
D,,164,M520x518S10018491x488S1ed10494x483S20500479x487
D,,182,M517x513S15a18484x486S16c10497x490
D,,2276,M508x523S10110492x478S2f900496x518
D (UPOL),,3662,M521x518S10018492x488S1ed10495x482S20500480x484
D_prohlizec,,1842,
D_souradnice,,1839,
dá-mi,"dát-mi, dá mi, dá-mi2",1703,M542x514S36d00479x487S15d32496x495S26523529x489
dá-mi,,1657,M542x524S36d00479x477S15d32496x485S15d3a481x505S26523529x479
dál,,1741,M520x528S15d03497x501S15d0b480x505S2c600495x472
daleko,,51,M521x515S28300499x484S10040479x484
daleko,,714,M555x557S2a508534x524S10040510x523S26700534x515S30e00482x482
daleko (UPOL),,2840,M535x566S10040520x536S28700519x507S35c00482x483
dalekohled A (UPOL),,2841,M549x519S2ff00482x483S16d10507x484S16d18473x485S2a312448x470S2a30a527x471
dalekohled B (UPOL),,2842,M565x568S31620482x483S16d10522x518S16d18505x508S2a302486x520S2a31a543x512S2fb00519x548
dalekohled C (UPOL),,2843,M570x573S31620482x432S16d10524x462S16d18508x449S2a202496x470S2a21a544x462S34800483x534S16d10529x546S16d18515x553S26607548x531
dálnice A (UPOL),,3751,M539x528S19a20502x489S19a00470x473S2fc00496x517S26f00499x473S26f14461x498
dálnice B (UPOL),,3752,M538x527S18008465x474S18020506x492S26f00498x474S26f14462x495S2fc00493x516
dálnice C (UPOL),,3753,M539x536S10e08475x464S10e20507x488S27000499x468S27014462x498S2fc00491x525
dálnice D (UPOL),,3754,M537x538S15a10509x485S15a18484x478S27000497x462S27014464x507S2fc00499x527
dálnice E (UPOL),,3755,M541x564S30300482x477S15d10522x513S15d18464x514S27020485x546
další,"""hop""",1432,M544x521S11502514x506S1150a456x506S2b820486x479
další A (UPOL),,3756,M523x526S15d39493x500S17f5a478x492S20e00511x514S26907500x475
další B (UPOL),,3757,M528x530S15d39487x504S17f5a472x496S20e00505x518S27007491x471
další C (UPOL),,3758,M547x583S19a40519x547S30300482x477S27002498x543S2f700520x573
dám-ti,,558,L522x521S18546479x495S26607500x479
dám-ti,dám-ti2,585,L526x541S1854f478x503S18547498x495S2b801498x460S2f900475x536S2f900515x477
dám-ti,dám-ti3,996,L535x545S15d00515x518S15d08465x518S15d30516x456S15d38465x457S26720492x480
dám-ti-to,,1614,L526x597S18547506x570S18548469x566S2b857498x543S32105482x483
dáma (UPOL),,3759,M559x534S2ff00482x483S1ce30515x503S2eb00544x502
daň,,214,M522x532S17d35480x508S15d31499x498S20700478x468S26503489x484
daň,doklad,1088,M526x525S22b03502x474S20700474x478S16007475x502S15d01483x501
daň z příjmu (UPOL),,3760,M533x524S16039467x498S15d30483x498S26602503x501S20700470x477
Dánsko,,600,M537x511S11e02462x488S29a06502x494
Dánsko A (UPOL),,2844,M536x534S17d3f472x508S15d31489x493S22b03512x467S20700464x494
Dánsko B (UPOL),,2845,M537x520S36d00479x481S11e02470x497S29906505x504
darebák (UPOL),,3475,M538x528S37906487x510S37909487x473S20300491x505S37805506x514S20600465x512S21400493x523S26a04462x496
darebný (UPOL),,3761,M526x574S37906475x556S37909475x519S26a04450x542S37805494x560S20600453x558S21400481x569S20312481x553S32a00482x483S33c00482x483
darek,,980,M522x525S1ce01478x502S15d39482x474S2c300496x488S20500487x481
dárek,,1641,M521x522S15d39481x480S1ce31480x478S2b700502x499S20500509x482
dárek (UPOL),,2462,M527x522S15d39475x481S1ce31474x479S2c300501x499S20500503x483
darky,,981,M530x525S1ce01471x502S15d39475x474S2c400490x488S20500480x481
dát,"dat, dám",1864,M541x518S15a00480x490S15a00506x481S26900525x491S26910459x500
dát,,1926,M530x520S18524470x505S1852c505x504S26620492x479
dát,dám,1363,M534x602S16f00510x518S16f08465x517S15d30510x576S15d38471x575S26920494x530S30300482x477
dát,dávat,1099,M513x528S15d00493x501S2c300487x471
dát A (mně) (UPOL),"dát mi, dostat",3605,M549x520S15d31526x481S26503514x499S20500499x509S36d00479x492
dát B (někomu) (UPOL),dát mu,3606,M542x515S15d30458x485S26706478x490S2f900531x510
dát C (někomu) (UPOL),,3607,M521x532S15d31496x500S36d00479x492S20500500x521S26601463x491S15d30445x469
dát D (obecně) (UPOL),,3608,M513x529S15d00493x502S2c300487x472
dát dvěma,,1209,M530x525S18534469x510S1853b491x493S26500484x476S26507517x488
dát mi,dát mi 1,1170,M514x523S15d32487x477S26504494x508
dát mi,dát mi 2,1179,M549x520S15d31526x481S26503514x499S20500499x509S36d00479x492
dát mi,dát mi 3,1107,M536x519S18530511x481S18538463x481S26524494x504
dát mu,"předat-mu, dát-mu, předat mu",1665,M531x527S15d30512x501S15d38470x493S2b727498x473
dát_krabice,,1894,M529x580S17214472x560S1721c512x560S26620494x534S30a00482x482
dát_mi,dostat,1869,M521x523S15a31479x483S15a31498x477S26524496x508
dát-mi-balík-peněz,,1705,M517x532S15d39483x504S16c10495x497S2b704503x467S20500501x521
dát-mu2,dát mu,1015,L531x520S18530506x505S18538470x505S28922482x481
dát-mu3,dát-mu,1078,M544x540S15d00525x506S15d08483x513S15d31492x460S15d3f457x477S26721485x482
dát-mu4,,1820,L523x523S1f437477x493S2b707498x477
data programu (IMoTeSP),,308,M534x585S14c39475x435S14c51476x416S20600512x431S15d08478x521S18010489x529S20500465x542S20500465x516S20500465x529S22b04500x555
datový proud (IMoTeSP),,772,M533x587S14c39481x445S14c51478x413S20600511x441S14410508x539S14418470x538S2fb04496x581S26c10467x515S26c08506x513
datum A (UPOL),,2467,M513x530S17736491x510S15536487x470S22f04487x490
datum B (UPOL),,2469,M525x596S35d04482x483S10001504x513S15d48475x565S10042489x581S20500500x563
datum C (UPOL),,2471,M576x596S35d04482x483S10001504x513S15d48475x565S10042489x581S20500500x563S26606521x578S1ce40554x564
davat,,986,M535x514S18231468x496S18237512x489S22100464x490S22100523x486
dávat,dávat-dávat,1446,L580x558S15d00561x531S15d08513x530S15d30561x472S15d38516x472S26720538x495S15d08421x530S15d00471x529S26720448x493S15d38420x472S15d30471x472S26722479x443
dávat mi (platit),,1173,M545x531S1ea12524x468S26a23510x496S36d00479x527
dávka (IMoTeSP),,997,M552x542S10019447x496S10011472x492S24609480x461S20500467x479S1ed26530x457S14b10529x489S22c04526x500
dávka 2 (IMoTeSP),,1016,M550x532S10019449x500S10011473x498S26607479x470S14b10527x467S22c04534x490
dávno (UPOL),,2479,M563x553S31600482x488S30350495x477S34c10497x508S15d00527x492S26604526x523S2f806552x514
dávno A (UPOL),,5100,M528x534S36d00479x482S15d08466x466S15d00479x496S26b00436x476S2fd04470x528S26b10501x505
dávno B (UPOL),,5102,M580x532S36d00479x526S15d00521x496S26b00553x505S26600539x493S2fb04542x526S30f00482x483
dcera (UPOL),,3764,M545x597S33010482x483S1d417520x503S20800524x490S36d00476x534S21100508x575S1d412503x542S22b04488x558S2f900491x592
dcera^,,1967,L532x586S30e00481x476S36d00479x520S1ce52482x564S1ce31486x527S20500508x561S2b700513x540
ddržet A (UPOL),,3694,M508x523S20300493x478S2030a493x493S2f920496x512
deaf,,392,M543x533S30006482x482S11510528x503S20500522x489
deaf,,456,M543x533S30006482x482S11510528x503S20500522x489S32102482x482
deaf,,520,M543x533S30006482x482S11510528x503S20500522x489S32106482x482
decidir,"decisão, decidido, deliberação, deliberar",5872,M547x579S30007482x483S10011515x487S20500508x474S25604518x518S15d3a507x546S20500537x550S1ea40518x558
decimetr A (UPOL),,5668,M532x523S10018501x491S1ef10503x489S20612488x486S22b04469x492S2fb00478x477
Děčín (UPOL),,5341,M574x531S1ce42511x509S1ce4a460x509S26b07530x495S26b11443x495S1ce50552x470S1ce58427x470
děcko,"dítě, malý",1270,M530x571S18220507x546S27102491x531S34c00482x483
dědeček,děda,156,M544x534S2ff00456x483S16d10466x491S30004508x482S20310518x519
dědeček,děda,180,M540x531S2ff00482x483S16d10523x473S26504525x496S20310524x516S20500495x506S20500495x487
dědeček (UPOL),,3765,M546x546S30004482x483S10a10494x520S26a04519x499S20600523x517
dědičnost (biol),,2101,M524x611S34700482x483S10002494x561S1000a471x570S2ea10480x586S2ea34502x581
dědičnost (IMoTeSP),,773,M538x548S10002508x473S1000a462x495S2eb00505x478S2eb44477x501S26620488x452S2fb04495x542
dědictví (UPOL),,3766,M577x553S36d00479x472S10002545x482S1000a523x495S2eb00562x504S2eb4c540x514S26620534x448S2fb04556x547
definice (IMoTeSP),,465,M538x537S30004482x482S1f540493x513S20600516x510
definice v2 (IMoTeSP),,194,M576x526S10018430x493S10e02488x488S1ed10433x485S11510556x496S10018499x493S15d18544x479S20500424x475S20500492x474S20500566x486
defragmentace (IMoTeSP),,1017,M554x530S1ed2e471x504S1ed26496x504S22b15445x485S22b03501x470S22b02524x504S22b03517x477
deka (UPOL),,2846,M544x529S1ce50522x499S1ce58457x496S2e738526x471S2e748468x471
deka A (UPOL),,5669,M513x521S19810489x479S22f04488x507
deklarace (IMoTeSP),,422,M531x523S37706475x498S18511501x477S37709470x499S20600483x478S1605a504x497
deklarativní (IMoTeSP),,670,M548x516S1000a452x497S15310496x488S26606518x491S22132487x484
dekompozice (IMoTeSP),,421,M548x594S14402490x437S1440a476x406S15420504x554S22232479x435S22232483x435S22236511x405S22b24490x465S22b11451x527S22b05524x570S22236515x405S15428479x545
děkuji,děkovat,119,M540x540S30004482x482S15d00494x513S20500478x519S26600524x489
děkuji,děkovat,415,M531x547S30004482x482S26600515x510S15d00494x520
dělat,"konat, udělat, dělat 2",1256,M523x534S1ea0e500x489S1ea06482x501S2ea34508x465S2fb04498x528S2ea10477x471
dělat,"pracovat, dělám, pracuji, dělá, pracuje",702,M534x516S20300494x483S20600508x498S20300490x501S37706509x489S37706465x508
dělat,,61,M537x529S20300493x503S37706512x492S2eb00479x471S20308497x484S37706464x510S2eb44510x497
dělat A (UPOL),"činnost, sloveso (UPOL)",3610,M541x529S1ea01496x476S37706516x480S2eb00477x471S2eb44508x497S37706459x508S1ea09479x503
dělat B (UPOL),,3609,M535x517S20300495x484S20600509x499S20300491x502S37706510x490S37706466x509
dělení (biol),,2118,L550x525S17614451x492S17110499x484S20500488x475S28906509x508S2891e462x510S17610534x488S17614489x493
děleno B (UPOL),,5670,M516x518S10c20499x496S2f900485x482S2f900485x496
děleno C (UPOL),,5671,M508x519S10e40493x489S2f900496x481
delfín (UPOL),,3360,M536x515S15d01513x492S28b02464x486
dělit (půlit) (UPOL),"rozdělit (UPOL), oddělit",3611,M556x509S15452444x492S1545a531x493S26506508x495S26512483x495
dělitelnost (IMoTeSP),,1001,M554x558S15a18481x418S10042498x428S20600489x384S26504494x401S36500482x483S1ce20505x528S15a18479x529S26906536x534
dělitelnost (IMoTeSP),,1012,M547x569S20500506x360S10002507x375S15a18481x535S30300482x477S36500482x488S1ce20498x531S15d18486x368S15d18485x419S20500507x426S10002506x439S2a208524x531S2f700529x562
délka boty (UPOL),,5358,M533x539S37800483x462S37803483x492S15a1b510x516S15b20488x481S20b00468x491S37d0b499x497
dělník,,353,M541x530S1f510510x469S1f518476x469S22b04511x500S22b14473x500S20e00529x478S20e00459x477
dělník A (UPOL),"dílna A (UPOL), práce B (UPOL)",3767,M539x528S36d00479x472S1f512524x486S1f512461x485S20e00509x486S20e00480x486S2b112465x505S2b103506x504
demokracie (UPOL),"veřejnost, veřejný",2492,M529x519S14c31472x492S2d708490x481
den,,355,M537x519S1ce40464x489S2890a485x482S1ce30515x488
den (UPOL),,2480,M528x515S1ce40506x485S26606472x499
denně (UPOL),,2483,M539x587S1ce40486x557S26506466x573S26506506x573S26506524x573S30105482x477S35a10493x509
deprese (UPOL),,3770,M541x522S14c02491x481S14c0a486x499S21410526x486S21100477x485S26a02460x478
děravý A (UPOL),,3112,M530x517S17618492x490S10051500x496S20a00471x491S22214503x484
děravý B (UPOL),,3113,M533x524S1ce48487x476S1f540496x500S20700468x490S22214512x502
děravý C (UPOL),,3114,M554x528S36d00479x473S10a03506x490S2e301531x505
derivace (IMoTeSP),,1002,M550x541S10020535x511S21600532x499S2ff00482x482
derivace 2 (IMoTeSP),,1003,M519x559S10018490x461S1ed10493x455S20500485x441S10019480x529S10011491x528S20500490x511
derivát (biol),,2077,M549x606S34700482x483S10a31498x559S10a28482x556S26605527x584
deset,10,2003,M529x518S14c00506x482S14c08471x482S2f900494x513
déšť (UPOL),pršet (UPOL),5342,M532x532S14c28468x468S14c20509x468S2fb04492x526S22a24484x508S22e24500x505
deštník,,203,M536x528S20302521x497S2030a519x513S22a00522x479S36d00479x489S2f900523x472
deštník (UPOL),,3115,M540x538S20300492x520S20302495x506S22b00495x472S2f900498x463S37805508x513S3780d461x529
destruktor (IMoTeSP),,696,M552x559S26902492x521S2f900541x452S15d40514x516S36d00478x472S2f700476x524S36d00479x555S15420516x440
desublimace (biol),,2078,M543x634S14c12512x609S14c1a451x609S20310501x552S20318485x552S22b00522x572S22a02517x555S22b10456x571S22a16464x554S20500495x538S2ff00482x483S22232507x607S22232504x607S22236482x608S22236485x608
detail,,241,M537x517S1ce40486x483S1ce48464x487S2c300511x491
detail,podrobný,1298,M530x529S1ce49495x502S1ce41507x499S20e00507x474S2a200479x471S26603469x502
detekce (biol),,2079,M530x596S34700482x483S14c42444x572S14c42499x571S20340457x551S20340511x550S26506480x571S26500441x557S26500496x558S2f700441x548S2f700496x549
detekce (IMoTeSP),,818,M520x544S15d20481x517S26600486x482S20322487x459S22104508x468S2f700507x455
determinant (IMoTeSP),,1004,M549x595S18110520x406S18118469x405S2fb04493x442S15d39477x488S1ed10494x558S20500503x488S2a20a528x423S10018491x565S1ea00487x497S37c1b477x494S37c1b478x495S2a212451x422
deterministický (IMoTeSP),,1005,M525x520S17614475x489S1002f490x490S26606495x479
děti,,1656,M539x519S15d50460x485S2fb06533x492S26606493x481S23004494x501
děti,,537,M582x571S15d50501x536S23504532x553S26606534x532S2fb06576x544S34700482x483
děti (UPOL),,2438,M533x519S15d50467x485S23004493x501S26606491x481S2fb06527x494
diagonála (IMoTeSP),,1006,M557x560S18110520x440S18118469x440S2a20a536x443S2fb04493x477S18118472x527S10050488x530S22c05495x525S2a212442x442
diferenční rovnice (IMoTeSP),,1403,M590x527S15310418x480S22242410x477S22a06436x488S18557449x484S28806461x515S15310485x477S22242478x474S22a06505x484S18557520x480S28806531x511S22242550x472S15310557x478S22a06575x483
digitální,digitalní,1872,M517x523S15a57494x500S1f036482x483S22204492x476S22204504x476
digitální (IMoTeSP),,765,M535x518S10018464x488S1f420470x494S26606505x494S22130485x482
digitální A (UPOL),,3772,M537x521S37906472x515S15a56510x509S15630492x490S26c02464x486S22612480x490S2fb00469x479
digitální B (UPOL),,3773,M549x522S13d30496x494S22114467x497S27102534x482S22104452x497S2fb00502x478
díl A (UPOL),,3774,M527x527S15d39476x487S15d41474x473S26505514x514S21100499x497
dílo,dělat,1234,M535x537S1ea01507x463S1ea09465x476S2eb00504x485S2eb44475x498S2fb04493x531
disjunkce (IMoTeSP),,327,M507x525S10e00492x495S26500493x475
disk (IMoTeSP),,1013,M521x528S15d37480x505S10004485x471S2eb36489x487
disketa (UPOL),,3777,M580x560S1ed40500x441S1ed48473x441S1f440551x447S1f448420x447S26512450x445S26506534x447S18520507x545S26500513x523S2f900514x515
diskriminace,,1200,M520x535S14c37493x509S14c51480x505S2df08491x464S21100493x488
diskriminant (IMoTeSP),,1733,M535x578S10018464x445S15300485x430S22242471x423S22242477x423S26606505x436S15d49476x492S1ea00484x502S20500500x493S10018486x548S1ed10489x543S20500476x539
disociace (biol),,2083,M566x515S16d40501x495S16d48482x495S2a20f521x489S16d30548x490S16d38434x485S2a217456x489
displej (IMoTeSP),,1007,M556x571S17d40505x429S17d48469x429S15208469x540S15200507x539S2441a443x439S17602507x507S17602471x507S24402523x439
disproporce,,1063,M542x546S27104502x454S26726485x476S27110457x456S18210506x507S18218469x521S2fc00497x535
distribuce (biol),,2084,M556x536S15450515x493S15458470x493S26500514x464S26507543x483S26510471x465S26511444x488S2fd04490x530
distribuovaný (IMoTeSP),,819,M564x542S20331506x505S20337475x504S26a07523x489S26a11459x488S14c30437x459S14c38540x458S2fb04489x536S2fb04495x536
dítě (UPOL),,3778,M563x536S18220521x506S27102548x496S2f900530x526S36d00479x465
divadlo (UPOL),,3794,M559x535S36d00479x465S15402505x504S1540a473x493S20500481x480S20500510x479S26a14441x494S26a04532x492S2fc00491x524
dívat se A (UPOL),,3613,M537x539S30300482x477S32410492x495S10001507x508S10009475x509S26600521x492S26610465x490
dívat se B (UPOL),,3614,M537x538S30300482x477S32410492x495S10001507x508S26600521x492
dívat se C (UPOL),,3615,M536x540S30300482x477S32410492x495S10e00493x510S26600520x500
dívat se D (UPOL),dívat se na mě,3616,M551x556S30304482x477S26603529x507S10e53505x526S32414491x495
divergnece (IMoTeSP),,1404,M526x520S18040495x484S18048474x479S26604495x490
divit se,,1690,M534x554S30a00482x482S10a00519x500S2e300506x527
divit se A (UPOL),divný,3617,M534x555S30a00482x483S10a00519x501S2e300506x528S35650490x505
divit se B (UPOL),být_překvapen,3618,M569x525S31a00482x487S36804479x487S12800512x487S12808465x485S26a00542x498S26a10438x501S30350496x475
dívka,holka,216,M541x527S20800525x490S1d417516x502S33010479x482
dívka,holka,93,M547x529S20800521x492S1d417522x504S33000476x482
dívka (UPOL),,3795,M543x528S33010479x483S1d417518x503S20800523x490
divoký A (UPOL),,3361,M533x518S30b00482x483S10020516x461S10028471x455S22f00508x441S22f10466x436S2fd00488x426
divoký B (UPOL),,3362,M567x518S30b00482x483S14c10519x467S14c18463x466S2e017438x466S2e00f547x466
divoký C (UPOL),temperamentní C (UPOL),4905,M572x535S31400482x483S14c20531x485S14c28450x488S22f11428x481S22f07551x471S2fd00490x529
DJ A (UPOL),,3796,M566x584S32a00483x483S31600482x483S15d59515x544S15d51460x544S26a07539x526S26a15477x560S2f900555x524S2f900493x579
dláto (UPOL),,3798,M541x522S15a57459x487S11550477x492S20e00487x486S2d300502x479
dlouhá tyč (UPOL),,3449,M552x561S17650502x544S17650488x544S26612455x545S26606522x543S32c00482x483
dlouhé vlasy (UPOL),,2439,M553x561S2ff00480x483S14c11505x480S14c19466x483S36d00479x539S22b04516x509S22b14468x511S15811523x539S15819453x542
dlouhý A (UPOL),,3116,M521x541S36d00479x460S37909469x462S37902471x501S15d32472x459S21100483x481S22b04486x501
dlouhý B (UPOL),,3118,M536x533S36d00479x468S17f32507x480S17f3a464x480S21100493x499S22b04517x501S22b14470x503
dlouhý C (UPOL),,3121,M543x571S36d00479x430S36d00480x479S17f32511x482S17f3a462x484S14c04520x540S14c0c470x539S22b04521x504S22b14474x506S21100496x502
dlouhý D (UPOL),,3800,M538x549S34600482x483S32107482x483S10000523x519S29808523x480
dlouhý E (UPOL),,3801,M586x522S10041501x492S10049479x492S10040571x492S10048415x489S20500496x478S28b12437x485S28b0a519x486
dlouhý F (UPOL),,3802,M521x532S36d00479x469S37809471x471S37802470x500S10003486x507S22b00488x480S21100476x495
dlouhý rukáv (UPOL),,3312,M521x532S36d00479x468S3780a463x470S37803464x502S20500486x513S20500470x493S15d32459x472
"Dlouhý, Široký a Bystrozraký",,5864,
dluh,,1062,M530x519S22114470x501S1f420501x504S22f04490x481
DNA (biol),,2085,M571x571S10e23496x478S10e09474x496S10e03541x430S24e37519x458S24e13455x523S10e29430x546
dnes,,499,M531x527S17f30515x474S17f38468x474S22a04514x510S22a14473x509S2fb04492x521
dnes (UPOL),,2511,M532x526S14c30507x474S14c38468x474S22f04507x512S22f14468x512
dno A (UPOL),,5672,M528x517S15d31472x491S2e400499x484
do,,1686,M519x515S10050481x485S26606489x487
do (UPOL),k (ke) B (UPOL),3803,M541x569S10050511x539S26607519x528S30307482x477S34400482x488
do A (UPOL),,3808,M508x528S10050493x498S26500493x484S2f900495x473
do-konce,,1618,M540x558S10050461x445S26606469x443S15d40505x524S15d5a477x529S22c04524x516
do-špičky,,1670,M531x520S18510487x480S18518469x485S26605509x498
do-tří-let,,930,M547x517S11e01501x485S2e800532x483S15d0a454x498
doba,období,1057,M541x558S21100497x475S1ce40499x443S15d48480x449S2f900495x551S22a04522x543S15d40522x511S15d48460x510S22a14465x542
dobře,"dobrý, dobře2",1437,L534x524S26620491x477S1d510513x487S1d518467x495
dobře,dobre,1919,M554x533S1ce10509x503S1ce18474x503S26500540x513S26510452x515S36d03479x467
dobře dobře,dobře,1398,M542x581S1ce21502x533S1ce29477x534S30114482x477S26a05521x557S26a13460x558S2fb04494x575
dobře_dobře_vlevo,,1997,L532x575S1ce10510x545S1ce18469x545S26b20486x534S32403482x483
dobře_vlevo,,1982,L546x566S33b00479x476S36d01479x513S1d510506x537S1d518475x537S26506531x550S26512457x550
dobrovolný,dobrovolník,1310,M521x527S1ce12468x485S36d00479x476S21200440x474S22b04453x497
dobrovolný (UPOL),prémie A (UPOL),3805,M521x529S36d00479x472S1ce12474x476S20e00480x499S22f04475x515
dobrý,dobře,331,M511x530S1ce10489x500S26500491x479S2f900492x469
dobrý (UPOL),"sangvinik (UPOL), správně A (UPOL)",2637,M511x531S1ce10489x501S26500491x480S2f900492x470
dobrý den (UPOL),pozdravy B (UPOL),3806,M525x533S1ce50495x467S2a00a475x499S1ce40503x503
docházet (UPOL),,3509,M583x573S26807528x505S10010490x543S20610513x546S30201482x478S33b10493x513S1001a480x545S26807508x503S26807546x508
dohadovat_se,,1963,M529x625S30d00483x482S36d03479x522S10010494x546S10018475x546S21100485x580S26d08502x578S26d18456x579S2d925471x605S35a04483x482
dohoda,dohoda2,1954,L565x581S10010506x549S10018485x551S20600492x548S2c500525x551S2c514435x556S32101482x483
dohoda,jednání,1068,M528x550S10009475x451S10021472x460S10001477x513S10027479x520S20b00515x462S20b00514x529
dohromady,,1631,M539x512S26502524x494S26516462x495S15410504x487S15418483x487
dokázat A (UPOL),povést_se,3619,M525x604S15d39483x571S30004482x489S15d5f493x581S22b04494x533S15d01502x515S20500515x507S30c30488x495S30354491x478S30350499x477
dokázat B (UPOL),vyhrát,3620,M535x593S15d39483x570S30350499x476S30354491x477S30c00482x489S20340466x546S14c40511x536S2890e484x558S20e00488x580
doktor,,2253,M538x571S20359489x550S1ce51486x532S20600516x550S34400482x483
dokument (IMoTeSP),,877,M526x574S15d49481x425S15d41503x436S20a00494x548S26a03479x459S17e36473x551S15d40477x518S22a04497x530S20e00495x451
dole (UPOL),,2847,M542x595S36d00479x570S2ff00482x483S10004527x546S22a04523x580
doma2,zůstat (někde),1309,M533x539S15d50507x497S15d58476x497S23200507x460S23210467x461S2fb00492x533
domácí (UPOL),,3363,M541x526S15d50515x475S15d58464x475S23004516x507S23014459x508S2fb00490x509
Domažlice (UPOL),,5343,M577x514S1ee10501x486S1ee18474x486S1f410548x493S1f418424x493S26a06531x487S26a12456x487
doména (IMoTeSP),,475,M515x535S14c38484x504S22a04491x484S20500505x521S15412484x465
dominantní (UPOL),samostatný A (UPOL),3630,M539x517S20350483x483S20350502x483S23b04520x488S23b1c461x488S2f900526x512S2f900462x512
Dominikánská republika (UPOL),,2848,M543x554S20600514x514S20600521x474S30000484x519S30004480x446S10100503x457S10000524x521
domluvit,domluvit_se,1901,M519x539S20500509x521S10008480x467S10020487x461S10000492x504S20500504x480S10028486x509
domluvit se (UPOL),komunikovat A (UPOL),3621,M578x583S11502503x558S1150a466x558S27204538x564S27210421x556S33c00482x488S30350495x477
domů,,653,M545x517S2ff00482x482S14c00521x482S26500526x460S18500521x442
dopis A (UPOL),,4639,M525x519S15d48475x481S20350490x489S20500495x508S26502510x490
dopis B (UPOL),,4640,M524x581S15d48469x543S20350484x551S20500489x570S30004482x483S2890c507x534S20340493x519S20500514x514
dopis C (UPOL),,4916,M525x519S15d18476x481S20350491x489S20500496x508S26502510x489
doplnit,"dodatek, zapsat",1066,M522x523S18520494x508S20500498x488S15d39478x476S26500508x483S15b29478x476
doplnit (UPOL),,4265,M518x522S20500488x507S18520493x478S15d39482x499S22e04482x486
doplnit A (UPOL),,5083,M552x517S18520492x502S18528450x502S26c10449x483S26c08491x483S26626522x501
doplňky A (UPOL),,3124,M527x517S18549492x498S18521474x484S20500481x499S26501514x490
doplňky B (UPOL),,3125,M561x524S36d00479x491S20500528x504S1ea44508x503S26904545x502S1ea40538x476
dopoledne (UPOL),,2512,M536x549S36d00479x452S14c0a466x470S14c02503x470S14c50512x518S14c58467x517S22a04516x499S22a14473x498S20e00468x457S20e00521x457
doporučit A (mě) (UPOL),,3664,M540x588S2ff00482x483S15d3a493x552S15d01507x503S15d32499x556S20500506x577S20500530x558S2a602514x526
doporučit B (mě) (UPOL),,3682,M532x521S20304499x506S1ce01479x480S20600510x493S37806468x512
doporučit C (někomu) (UPOL),nabízet A (UPOL),3683,M530x589S2ff00482x483S15d3a482x552S15d21507x503S15d30495x563S29504499x519S20500511x561
doporučit D (někomu) (UPOL),nabízet B (UPOL),3684,M527x521S20350494x506S1ce11474x480S20600505x493
doprava,silniční,1100,M542x532S10010502x502S10018482x496S2c500458x467S2c500502x468
doprava A (UPOL),,2849,M541x538S10010499x508S10018483x501S27200501x482S27214459x481S2fc00494x462
doprava B (UPOL),,2850,M545x538S15d31503x498S15d39458x488S27109518x476S27115470x501S36d00479x534S36d00479x463S2fd00489x485
doručení (IMoTeSP),,820,M543x518S15d3a458x499S14c40519x483S20310465x499S22b02485x497S20500468x485
dost,,546,M518x553S30004482x483S15a12487x521S22a00495x538S20500476x513
dostat (UPOL),,3685,M535x529S15d39483x506S14c40511x472S2890e484x494S20e00488x516S20340466x482
dostupnost (IMoTeSP),,879,M531x579S1ce20469x420S26500511x531S26606497x431S1ce20509x496S15420512x554
dotaz (IMoTeSP),,1019,M535x534S1ce02478x512S33b00482x483S26500521x495
doufat A (UPOL),"žádost (UPOL), žádat, toužit C (UPOL)",3686,M531x601S15408475x549S15400510x543S30100482x477S31430489x496S22f04506x578S22f14471x582S2fb04495x595
doufat B (UPOL),,3688,M524x583S31430489x496S2fb00488x527S30100482x477S11a20502x551S11a28474x553S26a00467x537S26a10497x535
dovnitř (UPOL),,2851,M526x527S15a56475x481S10050485x497S2c700503x473
dovnitř B (UPOL),,3811,M513x526S10050488x496S2c700490x474
dovolená,,1061,M547x542S15b21506x510S15b29471x510S2fb00491x536S22b15454x457S25920492x474S22b03519x457S22b03523x473S22b15452x474
dovolená A (UPOL),,2852,M544x522S15d03521x479S15d0b457x482S22f15479x501S22f03506x498
dozvědět se A (UPOL),,3689,M535x603S15d39480x580S20e00485x590S2890e481x568S30c00479x483S20340463x556S14c40508x546S33030511x493S10001514x506S22a04509x531S20500525x501
dozvědět se B (UPOL),,3691,M535x603S15d39483x580S20e00488x590S2890e484x568S30c00482x483S20340466x556S14c40511x546S22a04518x526S20500524x482S15d21507x486
drahý (UPOL),,3812,M548x572S33c00482x482S1ea42514x528S23504511x554S32a10482x483
drápy A (UPOL),,3364,M542x548S14c59460x471S1f031481x463S2c301516x453S14c59458x522S1f031477x504S2c301506x493
drápy B (UPOL),,3365,M542x527S10059458x506S1f031483x486S2c301516x474
drát (UPOL),,3813,M536x527S37906496x505S37809495x474S1ce02486x499S21410505x519S2e500464x495
Drbušková Jitka,,5804,
dřevo A (UPOL),,3814,M520x529S20350481x490S15d40498x479S20e00486x472S23004495x511
dřevo B (UPOL),,3815,M520x529S20356481x490S15d40498x479S20e00486x472S23004495x511
dřevo C (UPOL),,3816,M543x522S12850501x495S12858476x495S20500496x478S26a02529x495S26a16458x495
dřív,"dříve, driv",1913,M552x519S19a10511x499S20500542x505S36d00479x481
dřív (UPOL),,2513,M531x524S1f511510x488S20500516x513S36d00479x476
dřív2,včas,1306,M521x530S36d00479x470S20b00458x474S19a52486x502S26500480x479
dříve,dřív,554,M537x515S36d00479x485S19a40493x495S20b00524x497
droga (biol),,2091,M534x558S15d39467x446S1f502478x442S21100499x450S15d39468x523S1f502479x518S20600500x526S2f200495x541S20500524x526
droga (UPOL),,3474,M535x524S20337514x491S3780c489x507S1f531489x496S37a09487x476S20600466x507
droga 2 (biol),,2092,M533x520S37602495x481S20337512x482S1f531490x490S20600468x502
druh (UPOL),družka (UPOL),3817,M518x532S10a39482x485S10a50492x483S20800494x468S22a24494x517
druhý,druhá třída,233,M512x521S1dc01489x491S21800494x479
druhý,druhý2,1683,M522x521S1dc01499x491S26901478x478
družice (UPOL),,5344,M530x526S10000515x474S17a18471x494S2e907482x496
družstevní (UPOL),,4140,M528x520S1ea41500x481S1ea49472x481S2eb52484x504
držet,,1180,M560x513S20310545x488S36d00479x495S2f900549x508
držet B (UPOL),,3696,M558x530S36d00479x470S36d00480x526S2f920545x504S20310543x483
držet C (UPOL),,3697,M558x553S36d00479x493S36d00480x549S2f920545x470S20320543x447
držet D (UPOL),,3699,M508x531S20300493x470S2030a493x501S2f920496x520
drží-rybu,,788,L542x590S17f36485x574S17f3f521x538S30f00482x483S34410495x505
drzý A (UPOL),,3818,M544x546S35600482x483S20301504x510S20500519x503S37703519x524S22a03531x488S22a03495x527
drzý B (UPOL),,3819,M555x523S2ff00482x483S18510526x480S17c10504x501S26a00528x506
duben,,407,M555x517S2ff00482x482S16d10492x489S26500522x493S20310540x494S2f710523x482
duben (UPOL),,2514,M538x518S33100482x483S16d10495x489S26500522x496S20310523x477
duch (UPOL),duše,2515,M549x539S34600482x483S10000500x509S10008484x509S10600534x501S10608450x503S26507518x522S26511468x523
důchod,,1079,M526x528S15d59473x505S20500475x503S2d608488x472S1c511501x492
důchodce A (UPOL),,3820,M533x527S37909468x473S37906468x512S15a56506x506S1c512487x483S20500491x516S2b700512x473
důchodce B (UPOL),,3821,M545x523S37909455x478S37906455x517S15a56493x511S20500472x504S1c551483x483S28a0a509x481
duha,,444,M534x519S1ed21466x494S28a0a498x480
duha (UPOL),,5345,M518x572S1ed21457x547S28a0a482x535S34600482x483
důkaz (IMoTeSP),,4,M519x520S15d01484x497S15d28480x481S20600497x483
důl (UPOL),,5346,M518x617S15a1a485x548S10004500x534S22b04492x587S21100494x568S34600482x483
důležitý (UPOL),"cena, významný",2524,M532x526S11500511x495S11508477x496S26a10469x476S26a00505x475
dům,doma,448,M530x532S15d40500x468S15d48480x468S2391c471x502S23904510x501
dům (UPOL),,2630,M538x596S15d40500x543S15d48479x543S23904518x566S2391c460x566S34600482x483
duplikát (IMoTeSP),kopie,1428,M539x520S15d48462x491S16011482x497S18510514x500S22a06506x505S20e00479x481
dusit (biol),,2173,M532x538S36a00482x477S16d0e489x521S20a00514x512S34610493x495
důsledek (IMoTeSP),,717,M572x526S1ea37553x483S1ea3f428x479S28902521x475S2891a451x478S2fb04495x520S1ea50509x489S1ea58473x490
důvěra (UPOL),,5203,M532x588S2ff00482x483S14c20509x492S15d39490x561S20351495x567S22b04506x527S20500491x551S20500515x477
důvěřivý A (UPOL),,3825,M534x590S35b04482x483S15d21511x500S15d39488x564S15d31501x567S20500521x490S20500493x553S25504509x535
důvěřivý B (UPOL),,3826,M540x584S35b04482x483S14c40510x515S14c48472x528S2a203517x550S2a21b470x563
důvěřovat A (UPOL),,3701,M534x590S15d39484x564S15d21507x486S15d31499x567S30c00482x483S20500524x482S29604511x520S20500498x551
důvěřovat B (UPOL),"věřit, důvěra, věřit (UPOL)",3704,M532x589S30c00482x483S14c20509x492S15d39487x562S20351490x568S22b04503x526
důvod,,1096,M552x528S1ed27501x473S1ed2f474x474S22b13448x492S22b13459x504S22b05528x491S22b05516x503
důvod,,441,L551x575S1ec17499x548S1ec1f480x549S20500496x535S26606521x546S26612451x547S30f00482x483S34600482x483
důvod,účel,313,M545x525S1ed2f475x476S1ed27501x477S22b13456x500S22b05521x501
důvod (UPOL),"kvůli (UPOL), protože (UPOL)",3827,M545x524S1ed27500x477S1ed2f475x476S22b13456x500S22b05521x500
dva,,1828,L518x577S1dc00494x547S30a00482x483
dva,dvě,1655,M512x519S1dc01489x480S2f900494x514
dva měsíce,,170,M514x526S22f04489x512S1dc50486x475
dva roky,,891,M520x519S1dc01480x489S2eb00505x481
dva roky,dva-roky,88,M521x518S1dc01479x488S2e800506x482
dva roky (UPOL),,5238,M521x516S1dc01479x486S2eb00506x484
dva_dva,,1925,M544x523S1dc00456x478S1dc00520x477S26606486x492S2f900458x517S2f900525x518
dva_dva_dát,,1960,L539x538S1dc01516x498S1dc09461x499S26720493x463S2f900493x533
dva-dva,,1790,L568x561S2ff00482x483S30e00482x483S1dc09484x527S1dc01545x528S2f900521x556
dva-ne,,1763,L534x575S1dc01511x545S1dc09461x545S30a00482x489S30326482x476
dva-od-sebe,,1756,L547x515S1dc01503x485S1dc09476x485S22a06532x498S22a12454x500
DVD A (UPOL),,3663,M520x539S15d39480x505S19a51497x498S21410504x531S2e234498x462
DVD B (UPOL),,3828,M531x525S1ed10505x506S1ed18476x506S27916470x476S2790e507x475
dvě hodiny,,176,M526x519S2e408497x486S1dc01473x481
dveře (UPOL),,4144,M533x518S15d02488x497S15d0a468x499S26b07505x482
dveře otevřít otevřít otevřít,,1458,M534x573S15d02497x552S26520492x522S26911467x540S15d0a477x554S26907513x536S15d02497x493S26907515x481S26520491x478S26911466x427S15d0a477x495S26907511x428S15d02491x441S26911468x483S15d0a472x443
dvoj- (biol),dvojčata,2307,M515x540S1dc01488x468S1f40d485x519S22a04493x502S21600498x461
dvoj-dvoj,dva dva,1736,L543x559S1dc01457x450S1dc01520x529S21600466x442S21600530x521
dvojčata (UPOL),,3829,M515x540S1dc01488x468S1f40d485x519S22a04493x502S21600498x461
dvoje_dvoje,,1874,M545x518S1f036455x488S1f036528x488S26606485x502S22204462x482S22204535x482
dvojslovo (IMoTeSP),,483,M526x555S10e02477x452S15a20474x444S26506511x453S1ed16487x529S26500489x510
dvůr (UPOL),,4164,M538x570S10a17500x472S27a1a462x541S26b02502x440S26b16478x440S20500494x430S1f540501x519S1f548484x519S10a1f472x472S27a02510x541
dýchat (UPOL),"dýchání, brigáda",3705,M548x526S26a10452x505S14c02485x475S14c0a484x503S26a00521x475
dýchat výpary,dýchat-výpary,1719,M533x584S30e00482x482S14c30508x545S14c38469x553S28808509x519S28808521x521S28810483x526S28810470x526
dym (UPOL),,5347,M528x586S15450513x561S15458472x561S29808515x515S29810472x515S32a00482x483S33530476x494S31600482x483
dynamický (IMoTeSP),,774,M530x538S1ea18470x498S2e110471x461S1ea10504x497S2e100507x462S2fb04490x532
dynamický (IMoTeSP),,958,M541x528S1ea18470x490S2fb04491x522S1ea10501x490S27100501x472S2711c459x472
džbán (UPOL),,4156,M537x562S15e11517x438S15e10501x501S22a34507x468S22a33508x462S20341503x533S29f31507x472S29f39473x472S22a02500x485S22a16484x485S15e19463x438S22a35482x461S22a30485x468S15e18471x501S2f900509x557
džíny (UPOL),,3126,M535x539S14c02504x462S14c0a465x463S22b14513x490S22b04475x490S20302514x524S20302475x524
E,,1841,M519x508S14a20482x493S26506504x494
E,,399,M517x523S16c10497x498S18218483x508S20700494x478
E,,555,M524x521S1001a477x506S1ed10498x497S20700496x479
e-mail (IMoTeSP),,882,M548x555S1eb10516x444S1eb18465x489S1eb10518x532S1f010451x455S1f010455x540S1f018519x498S26602487x454S26602489x539S26616485x494
e-mail 2 (IMoTeSP),,880,M525x528S20357492x507S16d20475x495S26607498x472S21100512x493
e-mail 3 (IMoTeSP),,881,M527x516S14a20473x485S2e600498x483
e-mail A (UPOL),,3842,M523x520S16c18478x496S18010493x505S26900502x480
e-mail B (UPOL),,3843,M523x523S16c18478x477S18010493x486S26904499x505
e-mail C (UPOL),,3844,M533x535S20357512x498S16d20496x487S21100514x483S27103467x466S3770b495x513
efektivita (IMoTeSP),,664,M542x568S11549485x460S11541498x464S20e00505x446S26507517x432S1ce10520x538S1ce18458x538S26b20488x537
Egypt,,516,M539x519S15a37471x493S15a37516x492S16d10478x481S15c12520x499S20e00461x487S21100505x487S26503471x502
Egypt A (UPOL),,2853,M550x527S2ff00482x483S15d11509x481S15d19467x483S22b05526x502S22b13448x503
Egypt B (UPOL),,2854,M530x554S30004482x483S20300492x510S20500478x514S37705506x519S2d200486x531
ekonom A (UPOL),,3845,M573x537S36d00479x502S14c02508x514S2d606539x492S1ea00520x464S2ea32548x468
ekvatoriální (biol),,2175,M538x511S17614468x489S10012508x496S26706462x489
ekvatoriální 2 (biol),,2176,M525x514S16c18475x490S18210487x499S2d507505x487
ekvivalence (IMoTeSP),,727,M547x541S11502468x459S10e02517x525S22b06502x459S10e0a454x526S2f900496x508S26520495x516
ekzem (biol),,2166,M521x549S36d00479x451S37a09467x454S37806469x500S15052479x484S27106486x509S21100504x522
elektřina (biol),"elektrický, elektro-",2178,M522x586S30004482x483S11800507x518S11810475x559S15d48453x554S20500495x517S20500470x547S2890d493x551
elektřina (UPOL),,3847,M522x586S30004482x483S11800507x518S11810475x559S15d48453x554S20500495x517S2890d493x551S20600435x559
elektro (biol),elektrický,2086,M520x595S34700482x483S11810505x508S11810467x568S15d48448x552S20500466x549S22b03481x541
elektroda (biol),,2177,M531x523S10004515x478S1000c470x479S22a04518x508S22a14469x507
elektroda 2 (biol),,2180,M542x518S10002512x482S1000a458x482S22a04525x503S22a14463x503
eliminace (biol),,2181,M534x519S16c5e467x481S16c56489x481S28906505x504
eliminace (IMoTeSP),,1405,M528x567S1ed16476x432S15d21472x512S22e05496x527S22b05486x538S2fb05516x555S2f700475x558
email,,178,M530x523S14a21469x499S3780b485x493S26607482x477S20351509x478S20e00489x494
energetický A (UPOL),,3849,M519x575S37909465x526S37906465x566S20304502x560S20352468x523S2033e458x551S2aa02480x535S32a00483x488S30114482x477S20500453x527S20500443x554
energetický B (UPOL),,3851,M561x514S20331512x487S20339467x487S2e515440x487S2e50d538x486
energie B (UPOL),,5353,M529x525S37a09489x476S37906489x523S20500481x478S20500473x513S20352494x480S20342486x507S28804471x488
entropie (IMoTeSP),,1406,M542x584S30122482x476S15d09468x561S1f728480x567S20500477x548S14c20519x528S22a03502x551
epilepsie (UPOL),,2441,M567x611S35a04482x483S14c00504x502S14c08474x501S2b112472x539S2b103502x537S14c50525x567S14c58457x566S27102552x564S27116442x565S2f700460x604S2f700535x604
eskelátor (UPOL),,3852,M526x573S11559476x435S11551499x434S20600503x427S25620491x509S11559474x547S11551497x548
Estonsko (UPOL),,2855,M571x518S30005482x483S19a10522x495S20600549x506
Etiopie (UPOL),,2856,M552x524S2ff00482x483S1f510497x508S2e404523x484S2f900533x519
evoluce (biol),,2096,M575x578S34700481x483S10002545x525S1000a518x515S26720543x460S2ea00550x539S2ea44527x532S2fb04536x572S36d00479x542
Evropa B (UPOL),,2858,M522x514S16620478x491S2e500499x487
existovat A (být přítomen) (UPOL),,3710,M533x578S30114482x477S36110493x509S11820510x546S23303487x556
existovat B (být přítomen) (UPOL),,3708,M574x582S22237554x545S33600476x488S22237552x547S14c57535x555S30154488x477S30154500x477
existovat C (žít) (UPOL),"používat A  (UPOL), přežít (UPOL), užívat A (UPOL)",3713,M549x524S36d00479x498S1dc51508x496S1dc59463x495S20e00495x512S23400512x476S23410453x477
existovat D (žít) (UPOL),"zdraví (UPOL), jak_se_máš",3715,M565x526S23410436x474S1c501515x485S1c509458x484S20e00474x514S20e00510x514S23400528x474
existovat E (žít) (UPOL),,3717,M545x594S14c04518x549S22524513x581S33600476x483
expanze (IMoTeSP),,1020,M578x559S17d40508x529S17d48469x529S14e40552x517S14e48427x513S26506534x531S26512449x532S2fb04495x553S32a00482x482
expanze (IMoTeSP),,1407,M546x603S15440514x551S15448471x552S32a00482x482S22a07533x540S22a01453x539S2f800484x592S2fb04493x574
experiment,,2064,M535x551S1ce10507x503S1ce18465x520S2bf00516x469S2bf11465x486S2e700505x450S2e718480x466S2fd04491x545
exploze (UPOL),,5352,M545x581S32a00456x483S31600456x483S20312505x556S2031a483x556S37905489x570S3790d475x570S22c07492x521S22c11477x521S34600483x483S33b00509x483
exponenciální funkce (IMoTeSP),,1408,M526x532S37706474x510S15a1a499x506S10050485x502S28b07489x468
externí (IMoTeSP),,883,M527x508S10002472x493S26906509x492
F,,2275,M515x514S1d210486x486
F,,417,M523x517S1dc0c477x483S10002493x502S20500477x500
F,,528,M516x523S10028484x493S10e02486x492S20500492x478
fakt A (UPOL),,3853,M529x553S30300482x477S30004482x488S26500515x533S11510497x523S20500489x524S30d00482x488
fakt B (UPOL),,3854,M538x580S19a10510x536S22e04514x562S30d00482x488S30300483x477
fakulta (UPOL2),,5732,M558x538S34c00482x483S10012518x491S37901547x498S2e00f527x452
faleš,,1700,M534x531S20300491x502S10e20497x481S20500501x520S27202515x468S37706466x508
falešný,schválně,82,M545x539S30005482x483S10020517x509S20e00523x503S26a00518x486
falešný A (UPOL),,3855,M532x535S30f00482x483S15a10494x508S20600510x515
falešný B (UPOL),,3856,M548x568S10e30533x538S2a200507x534S2f900499x557S35c03482x483
farář (UPOL),,3857,M535x518S2ff00482x483S1ce11512x464S2ea35488x454
fax A (UPOL),,4419,M543x569S36500482x483S15d04502x542S15d0c480x542S2c601524x543S2c611458x543
fax B (UPOL),,4418,M521x569S15d04480x542S2c601502x543S36500482x483
fáze (IMoTeSP),,884,M522x521S11502478x506S2b901496x478
fázové rozhraní (biol),,2186,M536x563S15d3a494x463S15d40501x438S26604499x466S21100523x471S21100512x549S15d18491x524S15d12464x526S26606493x532
fén (UPOl),,4438,M559x518S2ff00482x483S1dc02529x489S25101512x468S25105530x454
fialová,,4576,M551x528S33100482x483S1ce02477x506S20e00539x500S2ea00522x490
fialová,fialový,116,M567x526S2ff00482x482S1f510523x503S14c40543x495S20500495x484S20500495x504S26500548x472S22a04523x484
fialová A (UPOL),fialový,2358,M527x535S33100482x483S1ce02480x510S2ea08512x510
fialová B (UPOL),fialový,2359,M553x549S30004482x483S1f510516x478S14c10513x518S20500494x471S20500495x522S26500539x532S22a04518x502S30000482x483
fii,ladný,1669,M518x570S30004482x482S10010487x504S21100488x537S22a04489x555
filamentum (biol),,2105,M552x579S1ce20501x546S1ce28479x546S26606522x561S26612448x563S34800482x483
filamentum (biol),,2296,M585x522S1ce02483x500S1ce28490x478S1ce20563x485S1ce00415x489S20500514x491S2844e443x500S2843a522x500
Filipíny (UPOL),,2859,M520x522S15759489x502S14012484x478S21100481x496
filozofie A (UPOL2),,5729,M534x518S2ff00482x483S10e01509x480S20500500x470S2df00513x458
filozofie B (UPOL2),,5730,M531x518S2ff00482x483S15801501x487S26a00504x469S22622491x478S2fb00494x460
filtr (IMoTeSP),,1409,M537x528S14407464x474S14401481x473S27101510x502S21100505x496
filtrace (biol),,2106,M548x599S14c51493x545S14c57483x546S27101521x573S21100516x568S34800482x483
filtrace 2 (biol),,2107,M523x600S34800482x483S14456468x567S14440501x569S22f00497x550S25940499x560S25940511x560
fimbrie (biol),,2108,M535x597S34800482x483S20359483x574S14c51494x571S22231484x558S22231482x556S27103508x555
finance,,660,M539x532S36d00479x469S11500504x481S21100525x484S22b04523x502
finance,finanční,1653,M521x532S36d00479x468S11500506x480S21100492x482S22b24490x502S11508475x480
finance (UPOL),,3846,M526x533S36d00479x468S11500510x481S11508476x481S21100494x482S22a14477x518S22a04513x518
Finsko,,235,M518x536S2ff00482x482S10a00475x510S20600491x518
Finsko (UPOL),,2860,M518x546S30004482x483S10a00498x520S20600473x518
Firefox,Mozilla Firefox,83,L526x553S20320474x498S14420504x447S28907495x483S37901480x513
firma,,1155,M535x529S1ed20503x496S1ed28470x496S2fb00492x523S22b06505x471S22b12464x470
firma (UPOL),firma B (UPOL),3184,M531x510S1ed20469x490S26606501x494
firma A (UPOL),,3858,M561x510S1ed20501x491S1ed28474x491S26606531x494S26612440x494
fix A (UPOL),,3859,M565x518S30007482x483S1ce10516x465S20500508x471S26a04538x477
fix B (UPOL),,3860,M522x563S10019481x451S10011491x451S20500489x438S1ea20479x530S26f06508x523
flash disk A (UPOL),,3861,M523x520S11932497x488S26f02478x480
flash disk B (UPOL),,3862,M520x525S11530490x495S26f00480x475
flegmatik A (UPOL),,3868,M531x529S10e41469x474S10e49506x475S3780b482x499S37803489x497S20500486x505S22a04490x472
flegmatik B (UPOL),,3869,M546x568S36d00483x531S1ce02475x546S20500507x549S26a00519x545S33c00483x482S33702475x499S33716516x500
flexibilita (IMoTeSP),,885,M591x534S15d48484x502S15d48412x507S15d48548x502S15d30435x508S15d30507x503S15d30571x503S20500427x489S20500499x485S20500565x489S36d01408x469S36d00481x466S36d03549x468S22a26461x506S22a26532x506
fobie (biol),bát_se,2209,M561x519S1000b461x482S10003509x481S26b06543x492S26b12440x491
fobie 2 (biol),,2210,M543x579S32a00482x483S1ed46524x553S1ed4e470x553
fobie2 (biol),"ochrana, zastavit, zarazit, zablokovat, blokovat",2222,M536x580S1ed4e461x543S1ed46517x542S32a00482x483S2f900520x575S2f900466x574
font (IMoTeSP),,887,M550x622S11551486x527S2ff00482x482S26606520x529S22130478x518S15d39469x592S1ea00481x601S20500497x588S37c1b470x599S37c1b469x598
forma (biol),tvar,2132,M518x609S36500482x483S15d48478x541S15d18478x582S1ed10491x547S1ed40491x588S20500499x532S20500500x576
forma (UPOL),,3870,M525x549S15d48477x457S1ed10499x465S15d18476x522S1ed40498x529S20500498x452S20500495x511
formální (IMoTeSP),,1410,M554x611S36d00479x389S15d10508x394S20e00508x424S22f04502x440S10040526x489S10048489x487S15d48495x566S1ed40515x570S22a04522x596S2a211477x466S2a209534x470
formát (IMoTeSP),,898,M522x556S15d19480x447S1ed47497x460S15d4f479x533S1ed11494x516S20500510x444S20500477x519
formátování (IMoTeSP),,899,M562x609S15d19479x395S1ed47493x408S15d4f475x465S1ed11491x451S20500506x390S20500478x452S10029475x574S10021498x575S26606532x576S26612438x577S2fb04495x603S15d19477x509S1ed47490x522S20500503x505
formulář (IMoTeSP),,900,M560x645S10029469x455S10021501x455S24402527x465S22b24537x613S2fb04495x508S33100481x414S33100482x551S1ea10505x600S1ea18469x613S26a20484x588S2fb04486x639S2fb04493x639S2441a437x465
formule (IMoTeSP),,685,M570x516S1ed28470x483S1ed20507x483S22b12431x487S22b06540x487S2fb04495x510
fosfo- (biol),fosfor,2196,M532x586S36500468x483S34400496x483S10018498x556S1f110501x555S20600490x539
fotbal,,2009,M514x531S1715a492x470S20350494x516S20c00486x484S22f00488x498
foto A (UPOL),,3871,M546x515S1ed18454x494S13410523x485S22114509x488
foto B (UPOL),,3872,M540x514S1ed10514x495S1ed18461x495S21900513x486
foton (biol),,2088,M523x526S17618478x506S11511494x499S22f03502x474
foukat (UPOL),,3822,M542x543S37704509x515S37707478x527S33500477x483S33702458x499S33706529x498S32a00484x483S20310494x509S20318500x519S21404501x538
fragmentace (IMoTeSP),,1021,M561x539S1ed16503x496S1ed1e479x495S22b07513x460S22b07528x468S22b06531x495S22b11467x462S22b11451x473S22b12439x496S2fb04492x533S2fb04498x533
frajer (UPOL),,3873,M566x526S36d00479x475S12701505x491S12709468x496S20e00467x490S20e00522x488S22f00541x483S22f10439x485
Francie A (UPOL),,2861,M528x561S30004482x483S15701499x518S2a603480x524S18501492x542S20500481x550
Francie B (UPOL),,2862,M549x523S30005482x483S1ce01519x500S2d200523x479
Francie C (UPOL),,2863,M540x518S30007482x483S20310517x480S26500518x463S11e10517x427
frekvence (IMoTeSP),,414,M528x526S10050471x481S27200488x474S26606495x498S2fb04501x520
fronta,,402,M527x541S14418472x458S14410480x506S20500482x493S26604511x511S26610511x460
fronta A (UPOL),,3874,M541x520S14418500x438S14410519x454S20500526x439S26604522x490S31500482x483
fronta B (UPOL),,3875,M524x550S14410500x465S14418477x451S20500503x453S2de0a503x500
Frýdek Místek (UPOL),,5354,M534x539S36d00479x461S1c502503x470S20e00511x503S2d301495x516
fungovat (UPOL),,3720,M555x574S34600482x483S30c30489x489S20331514x539S2eb4d530x550
funkce (IMoTeSP),,1411,M530x515S36d00479x486S37700479x490S1ed00473x491S20e00501x497S26506515x496
funkce (IMoTeSP),,936,M521x620S1440a478x380S10050505x382S26500504x415S1440a478x462S22236510x456S10050506x477S22a04508x512S1440a480x556S11500498x568S26904498x602
funkce (UPOL),,3876,M522x523S20320479x486S37702486x499S2e500499x478
fyzický,,1148,M544x534S36d00478x465S36d00479x530S1ed40518x472S1ed48452x471S22c24490x479
fyzický (IMoTeSP),,937,M544x701S30300482x477S11528515x522S11520472x524S11504472x587S1150c516x585S22b24494x556S22130512x654S22130512x660S14c50517x670
fyzika (biol),,2089,M553x522S31a00482x483S1d510519x477S2df02534x498
fyzika (biol),,2191,M532x541S36500482x483S20600510x515S11810492x514
G,,447,M525x517S1001a475x496S1ed10499x484S20500498x506
G,,5727,M523x520S20500513x487S1ed18477x481S10a10495x494
garáž (UPOL),,4439,M544x563S20350522x513S20358462x513S22b14468x533S22b04514x533S22b04528x533S22b14454x533S34c00482x483
gauč (UPOL),,4441,M559x540S15232528x485S1523a442x485S36d00479x460S36d00479x515S17d14443x525S17d1c536x525S22f04534x508S22f14442x508
gay A (UPOL),homosexuální A (UPOL),3877,M530x526S15d39493x503S1f540497x487S20500520x499S27202470x475
gay B (UPOL),"homosexuální B (UPOL), lesba B (UPOL)",3878,M529x542S30003482x483S30005482x483S11000507x515S20500519x506S20500478x510
generace,,1666,M551x527S36d00479x495S10002521x473S1000a498x479S26720519x482S2ea00536x492S2ea44497x502
generál A (UPOL),,3879,M529x561S36d00471x526S32103493x483S1155c477x504S20610464x535S26502470x547
generická funkce (IMoTeSP),,775,M544x536S14c18489x359S10001480x398S21100490x392S2d608488x382S33b00482x483S11510489x506S20600522x505
generovat (IMoTeSP),,776,M528x538S10002498x463S1000a473x479S2eb00512x486S2eb44471x502S2fb04497x532
genetika (UPOL),,2444,M561x545S36d00479x496S10002531x496S1000a512x502S2ea10517x520S2ea34542x519S26620522x456
globální (IMoTeSP),,113,M527x528S2e600478x490S14c01501x473S14c28472x497
gnosie (biol),,2100,M528x528S19a01473x506S19a09500x505S25100510x473S20e00495x489
gorila,,5822,M538x526S36d00479x474S20300504x487S20300480x487S20610504x505S20610460x505S2fd04486x520
graf (IMoTeSP),,1022,M523x525S10050477x495S22c06481x482S22c04502x474
grafika (IMoTeSP),,938,M528x533S15d0a471x505S1ea00505x468S2490c483x497S22a03489x480
gram (UPOL),,5674,M513x521S19800489x479S22f04488x507
gramatika,úvod,913,M543x521S1ce10498x478S1ce18479x478S2880a521x492S28812458x494S2fb04492x515
gramatika (IMoTeSP),,1412,M563x524S1ce40500x478S1ce48478x477S2e206524x489S2e212443x491S22a06548x493S22a12438x494S2fb04494x518
gramofon (UPOL),,4442,M531x587S10a51489x546S32a10478x483S33950517x504S23604492x570
granulárníEr (biol),,2109,M535x591S14e02468x434S37604465x409S20600472x463S20500496x463S26606505x441S37604469x545S17e50475x568S26a06507x564
Gruzie (UPOL),,2864,M560x531S36d00479x469S14c51506x493S14c59467x494S21100505x516S21100482x517S2e500537x491S2e518439x495
guma A (UPOL),,3131,M547x534S30005482x483S11011507x508S20600525x499
guma B (UPOL),,3880,M548x519S11002501x498S1100a473x498S20500496x482S26a12453x490S26a06534x492
guma C (UPOL),,3881,M522x527S1ea20478x493S27102507x487S2f700510x474
H,,107,M532x531S20500522x500S10010496x501S10018489x501S20500470x500S34700482x482
háček A (UPOL),,3882,M537x550S10a10522x496S2ff00482x483S22a04522x527S2f900523x545
háček A (UPOL),,4443,M555x549S10a10540x523S28802529x489S22b30544x496S32106482x483S2f900536x480
háček B (UPOL),,3883,M515x533S10a38485x483S10a10500x478S20800492x467S22a24490x518
háček B (UPOL),,4444,M521x542S10a38479x471S10a10506x504S28802496x471S22b30510x478S20500492x458S21410506x534
had,,5334,M562x569S10030513x539S34c00482x483S2e50b535x540
had (UPOL),,3366,M518x547S10030490x517S2e50b483x488S26600488x453S2fb06512x477
hádat se A (UPOL),,3729,M554x576S34c00482x483S30c30489x489S1e140530x538S1e148454x539S20612498x537S26f02511x536S26f16481x536
hádat se B (UPOL),nadávat B (někomu) (UPOL),3730,M552x575S34c00482x483S30c30489x489S1e127523x543S26f00512x528
hadice,,5089,M562x508S20350501x493S20358484x493S22c02520x492S22c16438x492
hadice,,5090,M562x508S20350501x493S20358484x493S22c02520x492S22c16438x492
hadice,,5091,M562x508S20350501x493S20358484x493S22c02520x492S22c16438x492
hadice A (UPOL),,3884,M526x524S1ea30474x476S1ea38475x503S27222507x482
hadice B (UPOL),,3885,M553x509S20350500x494S20350483x494S2991e447x491S29906521x492
hadice C (UPOL),,3886,M521x520S27102506x480S1ea30480x485
hadice D (UPOL),,4924,M551x508S20350501x492S20358484x492S29212449x493S2920a520x494
hadice E (UPOL),,5092,M562x508S20350501x493S20358484x493S22c02520x492S22c16438x492
halenka (UPOL),,3127,M561x522S36d00479x487S1ee0e513x495S1ee06468x497S1f430532x478S1f438438x478S2b700542x498S2b711445x499
haléř A (UPOL),,3887,M518x545S30004482x483S1f502492x514S20500478x513S2b103459x522
haléř B (UPOL),,3888,M519x545S30004482x483S10000487x515S20500509x515S22114472x520
hasič C (UPOL),,3890,M575x518S34c00482x483S1dc10524x482S2e230556x481
hasit (UPOL),,3731,M560x593S34600482x483S30c30489x488S1ea47521x539S1ea49503x572S22f04492x551S22f14535x579
hašování (IMoTeSP),,1413,M555x535S1f750511x511S1f758467x511S14c50511x476S14c58461x476S22240506x468S22240506x464S22240457x469S22240457x465S26507542x468S26511444x467S2fb04492x529
Havlíková,,2321,
Havlíková,,2334,
Havlíková,,2337,
hedvábí (UPOL),,3892,M540x563S18507521x536S1850f457x536S31500482x483S21100508x539S21100475x539
hele,,1889,M551x544S36d01479x456S14c29505x496S23014526x526
heslo,,646,M538x535S30004482x482S19a40485x515S26600522x485
heslo (IMoTeSP),,939,M530x563S2ff00481x438S14710492x432S2ff00482x526S22b06500x544S22b04491x456S14b10475x545
heterogenní (IMoTeSP),,821,M566x532S10019485x468S10011496x469S22b05518x506S22b13455x502S23703530x485S23715434x480S2fb04490x526
hezký (UPOL),pěkný (UPOL),3893,M530x587S2ff00482x483S1ee0e491x511S21100517x508S22a04498x539S1f402497x558S2f900503x580S33f00482x483
hierarchie (IMoTeSP),,1414,M556x534S20300515x466S20300474x467S14c04513x483S14c0c467x485S22b05532x510S22b13445x510S2fb04496x519
histogram (IMoTeSP),,1415,M575x595S30004482x482S30000482x482S10010486x476S20500510x473S20500511x513S18010504x574S18018467x574S23600536x571S23614426x573S2fb04495x589
historie,,1694,M561x557S2ff00482x482S11511521x527S11519507x530S20600539x523S26a04518x506
historie (UPOL),,5105,M520x569S30f00482x483S32a00482x483S14e00490x512S21900474x518S25504495x547S2fb02479x536S33716510x500S33712480x500
hlad,,472,M521x532S36d00479x469S15402488x480S20e00495x500S22f04489x518
hlahla,volat něco,1359,M560x524S16d10465x504S16d18435x503S35c00441x482S35c00497x482S34c00470x482S34c00524x483
hlas,,1292,M541x595S19a47495x517S19a4f476x527S36a00482x477S27100501x559S27114456x558S2fc00491x576S2f900493x590S34700482x477
hlas (UPOL),krk,3735,M524x545S36a00482x477S10001503x515
hlasovat,,1295,M555x542S2ff00482x482S14c20519x503S14c28455x495S23600516x466S2fb00492x528S2f900495x537S23614447x467
hlasovat A (UPOL),,3734,M558x541S2ff00482x483S23614447x468S15d20524x514S23600519x483S2fc00496x458S15d28460x501
hlasovat B (UPOL),hlásit se,3736,M560x536S2ff00482x483S23407531x486S15d20523x509
hlava,,323,M545x551S2ff00482x482S10001524x489S2e300521x524
hlava (UPOL),,2379,M541x518S30007482x483S10a11513x481S20600501x466
hlava A (UPOL),,2447,M545x554S2ff00482x483S10001521x490S2e600516x521S21404529x487
hlavička programu (IMoTeSP),,654,M547x537S1f010453x462S22b06490x462S14c0a507x480S22b14517x507S22136540x476
hlavně A (UPOL),především A (UPOL),3894,M554x518S31400482x483S1dc20520x485S2df06534x469S1f502515x454
hlavní,,1201,M546x517S31400482x482S1f502521x421S20500515x473S28400491x448S1e421516x488
hledat,,624,M538x524S10e00515x494S10e08472x494S2eb1e462x476S2eb06506x476
hledat A (UPOL),,3737,M598x635S10e00505x559S10e08477x560S2eb32566x535S2eb46531x535S10e00573x553S10e00439x553S10e08541x553S10e08406x554S2eb32499x541S2eb32434x535S2eb46398x536S2eb46466x542S26822476x619S32800482x488S30154494x477
hledat B (UPOL),,3738,M534x606S10e00508x575S10e08480x576S31900482x483S2eb46469x558S2eb32502x557S10e01505x501S22a04515x534
hlemýžď A (UPOL),,3367,M524x523S17059498x487S10e51476x479S2c602476x505S21410508x477
hlemýžď B (UPOL),,3368,M541x523S30104482x477S2d211455x444S2d200515x445S10050519x469S10058465x470
hlídat,"pozor, dát si pozor",293,M523x526S20300476x511S20c00495x506S10e20476x473
hlídat,"pozor, dát si pozor",460,M522x522S1f759500x495S10e20486x477S20600478x511
hlídat,hlídá,1603,M534x571S20318482x556S20c00506x553S10e20487x529S31000482x482
hlídat A (UPOL),voják,3739,M546x541S36d00479x459S19a10509x486S19a18509x508S22a00517x472S21100533x474S20500519x530
hlídat B (UPOL),,3740,M524x529S20300477x505S20c00496x500S10e20477x472S26a00497x515
hloupý,,430,M535x517S2ff00482x482S21100494x481S18500511x480
hloupý A (UPOL),,3895,M542x518S35500482x483S10000494x465S22f00517x477
hloupý B (UPOL),,3896,M561x518S35500482x483S10012531x487S2f400520x484
hluboký (UPOL),,3897,M548x582S31600482x483S10004528x514S2e208528x534S22b04509x540S2fb04520x576
hluchý (UPOL),,3898,M554x529S33000476x483S35400482x483S11510516x499S20500529x488S26902536x501
hlučný A (UPOL),,3899,M567x538S35c00482x483S15212493x514S26f00527x514S22622483x512
hlučný B (UPOL),,3900,M552x522S34c00482x483S19a10524x498S19a18447x502S2e017450x464S2e00f527x466
hlučný C (UPOL),,3901,M565x531S15d10530x497S15d18455x495S30300483x477S32a00482x488S31500482x487S26f12438x491S26f06551x491S2f700552x480S2f700443x481
hluk (UPOL),,3902,M568x519S34600482x483S19a10523x495S19a18447x499S26f11430x476S26f07538x476S2f700494x464
hmyz,brouk,5826,M526x527S15d38474x501S15350487x493S22520476x474S21100513x500S26500512x478
hned,,342,M558x591S26507528x550S20e00516x563S15d39492x557S2f700546x539S15d51500x568S34700482x483
hned,brzo,1459,M528x533S35000482x482S1f407507x494S21600519x483S2f700512x526
hned (UPOL),,2518,M533x526S26507503x485S20e00491x498S15d39467x492S2f700521x474S15d51475x503
hnědá,hnědý,154,M534x516S20300490x501S20300494x485S21100479x486S37706509x493S37706466x508
hnědá (UPOL),hnědý,2360,M534x516S20300490x501S20300494x485S21100479x486S37706509x493S37706466x508
hnědý,,1760,M534x516S20300490x501S20300494x485S21100479x486S37706509x494S37706466x509
hnědý,,5227,M524x530S20349478x509S20341477x471S21100481x493S2e732499x488
hněvat se (UPOL),zlobit se,3741,M528x564S20314464x549S20310512x548S25100510x507S30e00477x483S33816514x495S25110461x508S32a00477x483
hnízdo (UPOL),,3370,M546x512S17030501x492S17038482x492S20500495x499S2a205525x489S2a21d455x488
hnusný A (UPOL),,3903,M552x521S33200482x483S1dc11529x491S22114520x483
hnusný B (UPOL),,3904,M518x579S35b04482x483S32103482x483S14c10473x503S14c18460x530S25523484x543S22e23470x560S2fb05493x565
hnusný C (UPOL),,3905,M522x569S34400478x489S30126478x476S36d00480x529S14c02487x546S21100472x550S2e500445x541
ho/ji (UPOL),"mu, jjí, jemu",3840,M517x524S1c520484x496S26507504x476
hoblík (UPOL),,3906,M521x534S36d00479x467S19a40486x513S19a48450x514S26a11450x494S26a01485x491S2f900479x491S2f900444x492
hodina,,603,M525x519S1f502476x481S2e408496x486
hodina A (UPOL),"hodina (na hodinách), hodiny",2521,M553x518S2ff00482x483S2e10e530x445S10013523x490
hodina B (UPOL),"hodina (průběhová), za hodinu (UPOL)",2519,M525x519S1f502476x481S2e408496x486
hodina C (UPOL),"hodina (vyučovací), kurz",2522,M522x524S1004a479x497S10040491x494S20610488x477
hodina D (UPOL),,3172,M552x518S2ff00482x483S2e00f532x454S1ea12529x493
hodina za hodinou,,80,M525x519S2e608496x486S1f502475x481
hodinky A (UPOL),,3128,M526x522S20357502x478S3780b478x492S10051496x498S20600474x487
hodinky B (UPOL),,3129,M522x523S3780b478x493S20357501x478S1ce47491x492S20500481x492
hodiny A (UPOL),,3702,M532x585S37806476x568S2031b501x564S10a51499x549S20600475x554S34400482x483
hodiny B (UPOL),,4503,M545x534S34400482x483S1ea12518x511S2e10e524x466
hodit se (UPOL),,3280,M522x526S15d39478x503S15d40495x498S23404485x475S20500483x493
hodit se A (UPOL),"pasovat (UPOL), vhnodný",3742,M521x531S15d48456x502S15d30501x503S26a02486x504S20602476x505S36d00479x470
hodit se B (UPOL),,3743,M565x580S15d39524x553S1f420534x565S1ee20539x517S22a04549x545S20500526x543S32115496x495S30145477x478
hodit se C (UPOL),"moci, smět",3744,M523x536S11550508x506S2a203479x500S11541478x464
hodně,"moc, velké_množství",5786,M534x533S30004482x483S15a12475x519S21100504x519S26506519x518
hodnocení (biol),,2271,M546x524S11500454x476S11500510x476S11508475x476S11508531x476S2f700468x512S2f700523x515S26626491x508
hodnota (IMoTeSP),hodnota,666,M516x533S1600a484x481S18002498x468S22f04491x519S20e00497x503
hodný,,229,M521x516S36d00479x485S20600456x498S15d01480x493
hodný (UPOL),,3907,M521x564S36d00479x529S15d01477x541S20600457x551S34400484x483
Hodonín (UPOL),Kladno (UPOL),5357,M552x537S2ff00482x483S1ea10527x516S26b00525x495
Holandsko,,234,M556x517S33e00482x482S20500477x476S20500514x476S26506541x492S26512441x494S17d10528x475S17d18450x477S22104465x466S22104526x464
holicí strojek (UPOL),,4506,M540x539S33c00482x483S17e20517x504S21100526x523S24837505x516S2480e480x523S17e00460x504
holit (UPOL),,3908,M543x538S30005482x483S10a01515x508S22f03506x517S20e00525x492
holub (UPOL),,3371,M553x568S30004480x483S17011488x516S20500475x513S36d00479x536S1703e492x550S20500480x557S2aa02525x528
holý žaludek (UPOL),,2623,M562x534S36d00480x466S36d00479x530S1c502487x494S26a04518x506S21100549x509
homogenní (IMoTeSP),,822,M538x531S10050499x486S10058482x486S20500492x469S22a02523x503S22a16461x503S2fb04490x525
homosexuální C (UPOL),,3909,M525x530S1dc41476x470S1dc4f495x496S20600499x484S26a01478x509
Hongkong (UPOL),,2865,M521x521S34400482x483S15600505x499S22200482x475S22200493x474S22200505x475
honit (UPOL),,3745,M534x525S1f541489x499S1f54b466x503S28707512x476S28717490x477
hop (UPOL),,2621,M545x523S36d00479x477S11502515x494S1150a458x495S2c321483x500
hora A (UPOL),,5359,M553x532S14c11527x505S14c19448x505S25101502x483S25117473x483S20500496x468S2fb00493x526
horečka (UPOL),,2448,M551x538S36d00479x463S14c04505x507S14c0c476x507S22b20524x472S21100527x507S26904505x481S26914481x481S2fb06545x480
hoří (UPOL),,2866,M552x537S14c21499x511S14c01471x510S24e00506x477S24e34531x479S24e10448x478S24e44472x478S2fd00479x463S2f700506x463
hořký 2 (biol),,2201,M518x573S33400482x483S15300503x548S22a04504x531S15400502x504
horolezectví (UPOL),,2867,M577x553S15420535x518S15428460x528S2ff00482x483S2f900539x508S2f900462x521S2f900450x503S2f900544x486S2f900461x485S2f900530x473S22c20561x474S2fd00490x537
horší,,24,M530x527S11549469x500S11531505x500S2a200487x472S20b00470x491
horší,,892,M523x528S11549481x501S11551495x498S2a200500x471S20b00477x487
horší (UPOL),,3910,M543x523S11559458x498S11530528x490S11551480x497S2a200505x478S20b00467x484
hory (UPOL),,2868,M545x524S15d44456x497S29d0a470x476S15d40526x477
hory A (UPOL),,2869,M548x529S14c11495x472S14c19477x473S25101523x501S25117452x504
hospoda A (UPOL),,3911,M522x538S37909480x462S37906482x500S1c502482x475S21410497x465S20e00485x507S22f04479x524
hospoda B (UPOL),,3912,M540x525S37906461x509S20305495x503S1c502484x476S21410516x480S20e00482x513S22f04515x495
hotel A (UPOL),,2871,M536x537S15d10500x464S15a56495x525S37800505x489S37806465x529S37809464x498S37809507x491S20600514x513
hotel B (UPOL),,2872,M539x531S15a56493x513S37806462x518S37809499x499S10010502x470S26900523x478S2f900525x471
hotel C (UPOL),,2873,M537x530S15a56491x512S37806463x518S37809497x498S10e10499x470S26900521x479S2f900524x471
hotovo,,386,M525x512S15d39498x488S15d41502x489S20600474x490
hotovo,,410,M523x524S15d39495x501S15d41500x476S20600477x489
hotovo A (UPOL),,3913,M533x519S15d39497x495S15d40514x492S20600470x498S22f04468x481
hotovo B (UPOL),,3914,M553x544S15d39486x486S15d40502x480S20500486x477S22a04485x457S2a203502x520S2a21b472x520S15d50534x516S15d58448x517
hotovo C (UPOL),,3915,M575x522S15d59490x495S15d51480x489S26612446x497S26606523x502S15d50556x495S15d58425x493S21410479x478
houba,,4833,M513x537S15452488x463S1f540494x478S2e230492x505
houba (UPOL),,5071,M525x517S15350506x492S15358480x492S22214504x483S22214476x483
hrabat (UPOL),,3917,M535x534S1ea47516x466S1ea48489x488S26a23466x513
hrábě A (UPOL),,3916,M515x526S14e50486x474S26a04488x512
hrad,,263,M521x521S36d00479x480S15402470x488S20b00475x508
hrad,hrad 2,1429,M540x578S23a17476x422S23a0f505x421S16041517x462S16049463x463S36d00479x538S20b00482x565S15402477x546
hrad A (UPOL),,5482,M521x521S36d00479x479S15402471x489S20b00476x508
hrana (IMoTeSP),,1608,M519x515S10050480x485S26606489x485
hranice,,1182,M528x515S15a03477x486S26606498x496S15a0a472x503
hranice (UPOL),,3666,M529x523S3790e476x515S20302514x508S15d03485x499S21100472x497S26a06513x478S21400490x492
hranice A (UPOL),,5360,M554x521S15d02493x492S15d0a481x494S22b06524x498S22b12447x498S2fb04494x515S21100494x480
hrany (UPOL2),,5708,M541x551S15d18460x465S15d12474x449S15d08506x513S15d50520x513S20500461x453S20500521x500S21410526x543
hrát,hra,893,M541x538S18536512x463S1853e471x477S23604502x495S23610459x508S2fb04493x532
hrát na basu,hrát-na-basu,2020,M536x551S36d00479x547S36d00480x477S1530a478x449S1ea42515x518S27102497x506S22234478x469S22234478x465
hrát si,,48,M544x598S18536515x523S1853e474x537S23604505x555S23610462x568S2fb04496x592S33e00482x482S32105482x482
hrát si,,5376,M550x546S17736518x455S1773e459x473S22b14450x501S22b10464x500S22b14477x501S22b04506x480S22b00520x478S22b04534x479S2fc04496x535
hrát si (UPOL),,3746,M541x537S18536512x463S1853e471x477S23604502x495S23610459x508S2fc04497x526
hrb (UPOL),,2450,M533x518S17920468x500S17940513x503S28a0a485x482
hřbitov A (UPOL),,3918,M533x536S10019482x504S10011492x506S21410518x523S20500472x523S2c920468x464
hřbitov B (UPOL),,3919,M531x536S20500479x525S2c920470x465S21410516x520S19a18469x501S19a10486x511
hrdý A (UPOL),pyšný A (UPOL),3920,M548x575S36d00479x530S11e40525x526S22a00525x560S2f900511x547S21100510x558S30100481x477
hrdý B (UPOL),,3921,M521x558S36d00479x526S11512477x542S20e00462x546S22f00452x528S32a10480x483
hřeben (UPOL),,4508,M568x519S2ff00482x483S1ea00495x486S2890b522x492S2890b543x492
"hřeben, kartáč (UPOL)",,4507,M554x518S2ff00482x483S14e11512x468S22f05533x488
hřebik A (UPOL),,4509,M519x539S15d38481x467S15d38481x513S1f522504x461S1f502504x507S20500489x477S20500489x523S21400504x488S21400504x534
hřebík A (UPOL),,3922,M517x553S15d39483x462S15d39487x530S1f522486x448S1f502490x515S20500504x471S20500507x542
hřebik B (UPOL),,4568,M532x542S1ea10505x512S1f418484x504S26611473x479S21404513x537S26501519x500S26501502x484S26501486x467S2f900519x492S2f900486x459S2f900502x476S2fb01468x467
hřebík B (UPOL),,3923,M539x533S1f418461x490S1ea10487x512S26b01511x488S26621481x467S2fb00504x470
hřejivý A (UPOL),,3132,M544x525S34500482x483S16e01518x501S21404528x520S2e501521x472
hrnec (UPOL),,4522,M532x557S15d39480x463S1ed10492x469S2e906480x444S20302468x516S2030a517x516S26504469x534S26514518x534S2f900470x552S2f900519x552
hrob (UPOL),,3624,M534x527S22e04514x509S22e14471x509S17f40517x474S17f48466x474
hrob B (UPOL),,4702,M539x518S15d41516x485S15d49462x483S22a03510x504S22a15477x504
hroch (UPOL),,3372,M528x552S2ff00482x483S10010499x502S20500518x500S20500483x500S2d700480x538
hromada,"hodne, kupa, moc",983,M559x585S33910513x501S32a10475x479S28a0a523x550S28a12433x549S15451502x562S15459468x560
hromada,,1893,M525x524S14c39480x476S15051475x496S2a208502x494
hrozit (UPOL),"ty ty ty, upozornit A (UPOL), varovat A (UPOL)",4297,M588x538S10010524x508S30904482x479S27000548x519
hroznové víno,hrozny,5756,M518x540S2ff00482x483S20612495x482S1ce02479x518
hrubý A (svíčka) (UPOL),,5012,M518x587S32a00482x483S20500479x576S16c48480x553S16c56492x565S22b00499x531
hrudník (UPOL),,2380,M533x540S36d00478x460S36d00480x536S14c02502x471S14c0a468x471S22b04512x497S22b14474x498
hrudník A (UPOL),,2397,M521x517S36d00479x484S15d02470x492S20602460x493
hrudník B (UPOL),,2398,M533x521S36d00479x479S15d02505x488S15d0a472x489S20600511x510S20600473x510
hrudník C (UPOL),,2451,M525x529S36d00479x471S15d02490x477S22b04495x499S21100512x505
hruška,,22,M551x573S20e00533x520S30005482x482S13d10521x500S26504532x536S13f10522x558
hruška,,5770,M577x535S2ff00482x483S13d10503x500S13f10548x501S21100522x521S28806539x523
hrůza (UPOL),,3536,M547x537S36d00479x463S14c02486x477S14c0a491x512S2e501461x470S2e519524x510S21100513x500S21100484x501S2fb02471x508
hubený,,299,M518x600S32c00482x482S19210495x541S26604492x570
hubený,,722,M518x585S32c00482x482S19210495x534S19208472x559S26504492x570S20500494x555
hubený A (UPOL),úzký E (UPOL),2452,M539x581S32c00482x483S22b04521x551S19207520x522
hubený B (UPOL),,2453,M549x530S32c00482x483S1f540514x503S1f548470x501S2a603532x507S2a612450x506
hůl (UPOL),,2454,M584x536S36d00479x464S37803519x465S37809539x493S20310530x521S2b700549x509S2b700565x509
hůlky (pohyb) (UPOL),,5362,M560x530S20348460x509S20340526x509S36d00479x470S36d00480x526S2ea00545x504S2ea18441x504
hůlky B (UPOL),,5361,M538x568S2034a463x432S20342463x449S2034a511x520S20342511x503S22b04463x467S22b14511x538S20500528x514S20500481x443
husa (UPOL),,3373,M527x526S11538502x485S11550512x479S21414501x518S22114473x474S22110473x494
husté (UPOL),,2455,M525x590S15d49474x537S17840499x537S33c00482x483S21100498x550S21414464x559S26f03480x560
hustilka A (UPOL),,3924,M539x527S20359480x473S3770b462x486S1ea41497x483S26f01509x497
hustilka B (UPOL),,3925,M545x539S20300508x505S20300473x508S37802528x461S3780a457x464S22f14471x525S3770c521x492S22f04504x525S37704456x495
hustota (biol),,2202,M553x533S15310515x467S15410538x506S15418448x506S15318476x468S28917466x496S2890f511x495S2890f504x506S28917474x505
hustota (biol),,2203,M528x522S1815a481x510S17f41472x494S27103492x478S21100515x506
Hvězda,,5290,M559x654S10628463x535S10620516x535S20500495x535S22b05505x561S22b13475x561S24003531x586S2401b449x588S24002515x618S2401a464x616S20500499x643S31e00482x483S33f10490x504
hvězdice (UPOL),,3374,M534x528S10a21501x474S10a29467x473S24814477x498S2480c510x500
hvězdy A (UPOL),,5364,M621x553S1ee10453x531S22a06579x498S1ee10517x448S1ee10550x490S1ee18425x531S22a12471x456S1ee18489x448S1ee18522x490S22a12504x498S1f410560x455S1f410592x497S1f410494x538S22a06546x455S1f418443x456S1f418477x497S1f418380x538S22a12407x540S22a06482x539
hvězdy B (UPOL),,5363,M569x537S32100482x483S15520521x482S15528464x483S2f900450x527S2f900450x515S2fb00492x531S2f900539x480S2f900539x492S2f900539x504S2f900539x516S2f900539x527S2f900450x480S2f900450x492S2f900450x504S25604553x491S25614431x492
hvězdy C (UPOL),,5365,M550x548S10a20524x474S32100482x483S10a28447x488S2f900509x474S2f900522x487S2f900518x502S2f900532x511S2f900523x525S2f900474x483S2f900471x512S2f900463x498S2f900451x518S2f900465x531S2fd00489x542
hýčkat,,1692,M525x593S11520510x545S11528467x543S32103482x482S25924482x570S25924495x570
hyperlink (IMoTeSP),,940,M554x642S14e20529x497S2ff00482x482S22a04535x530S1ce21495x537S1ce39502x556S20800494x557S1ce29475x567S1ce31465x589S20800490x590S1ce39501x619S1ce21493x598S20800492x622
I,,1836,M508x521S10010493x479S2f900496x516
I,,375,M511x515S19210490x486S2f900498x510
ID (imotesp),,431,M539x523S19210460x495S10018510x493S1ef10510x490S20500505x476
identifikace (IMoTeSP),,1025,M525x588S1d450487x413S21600475x428S22a00489x404S2ff00482x483S1ce09498x505S1ce02468x525S2eb00504x530S2eb44484x544S2fb04497x582
identifikace (IMoTeSP),,1416,M536x549S15d39499x452S37c1b500x459S37c1b499x458S1ea10508x462S20500526x453S14c50498x518S2eb32463x523
identifikátor (IMoTeSP),,189,M538x557S19210462x464S10018508x460S1ef10509x457S20500502x442S15d48468x530S11002491x535S20500486x520
identita,,56,M523x510S19218477x490S20600501x499
identita (IMoTeSP),,644,M566x530S15d30547x486S15d38433x484S28902516x474S2891a456x476S15d30502x486S15d38481x486S20500497x470S2fb04492x524S2f700548x518S2f700439x515S37c10441x497S37c10490x499S37c10508x499S37c10553x499
imperativní paradigma (IMoTeSP),,204,M526x531S1000a473x469S14402495x475S22b04506x501S22232490x472
implementace (IMoTeSP),,777,M525x522S18500501x479S18508476x479S2eb20493x490
implicitní (IMoTeSP),,941,M536x603S33500476x420S34400480x420S20328521x476S37700527x490S26500521x453S2ff00480x545S15d20514x576S26500520x553
implikace (IMoTeSP),,1417,M543x521S10e02513x506S11502457x506S22a06496x507S26500524x487S2f900526x479
imunita (biol),"ochrana, ochránit, ochraňovat (UPOL)",2052,M533x536S15d03499x464S15d0b475x464S15d2b477x513S15d23502x513S2df06513x485S2df1e468x485
incident (UPOL),,3477,M533x575S14c11498x548S14c19478x548S20d00490x529S33c00483x483S33702467x500S33706520x500
index (IMoTeSP),,412,M541x525S19210458x501S10019509x495S10011520x493S20500519x475
Indie (UPOL),,2874,M537x518S2ff00482x483S21100495x479S19200516x483
Indonésie (UPOL),,2875,M545x509S11502456x491S29a0a489x493S29a0a510x494
infekce (UPOL),,2434,M536x578S1bb20512x550S1bb28466x550S22200516x542S22200474x542S26500514x516S26510472x516S26510470x425S1c120507x480S22204511x471S22200520x472S22204468x471S22200477x471S26500513x447S26510470x447S26500511x423S1c128464x480
infekce A (UPOL),,2456,M540x519S1bb20516x491S1bb28465x491S22200507x481S22200518x481S22200530x481S22210461x481S22200483x481
infix (IMoTeSP),,823,M523x538S1ed06501x512S15d40504x481S20700477x498S22a04503x461
informace (IMoTeSP),informace,824,M518x587S1ce02486x518S1ce0a469x537S2ff00482x482S2eb00503x538S2eb44457x552S2fb04482x581
informace (UPOL),,2876,M525x579S2fb04492x573S1ce02495x525S1ce0a481x545S2ea08510x545S2ea44464x548S30300482x477
inhibice (biol),"pomalu, pomalý",2250,M538x529S37901462x472S37906473x510S15d40519x494S20500492x498S20500478x498S20500505x498S26602482x513
inicializace (IMoTeSP),,1418,M541x605S1ce50507x412S1ce58473x400S27100501x394S27114459x434S2fb04495x456S15d38485x483S15d51497x491S21100499x515S26504498x532S15d0a484x582S18002497x569S21100514x574S22f04511x591
inicializace 2 (IMoTeSP),,1419,M526x561S22f04501x547S21100489x471S26504488x488S21100504x530S15d0a474x538S15d38475x439S15d51487x447S18002487x525
injekce (UPOL),,2367,M543x526S3790a458x477S3780f459x517S11e18520x475S13f18474x484S26502501x488
injekce A (UPOL),,2457,M535x525S11e00512x495S13f06466x476S26501492x497
inkluze (biol),v_tom,2251,M538x524S16c48462x485S15510523x483S17712473x476S26602489x488S20700471x509
instance (IMoTeSP),,1420,M539x570S15a50479x444S15a50493x444S20600481x430S15d18460x543S16011482x546S22a06507x554S18510514x549S15420520x493S26500521x531S2f900522x525
instituce,zařízení,1132,M533x540S1ce10508x491S1ce18475x490S23100507x460S23110466x462S2fc00492x529
instrukce (IMoTeSP),,557,M549x534S15d38452x488S10001465x504S20500472x496S28a0a484x481S1ed26530x495S22a04459x467
instruktor (UPOL),,3929,M546x547S17620507x514S17620476x514S14c20500x453S14c28474x454S21d10508x505S21d10462x505S26f00506x489S26f10454x487S26612460x530S26606513x528S2fb00494x541
integrál (IMoTeSP),,1421,M518x521S29a0c482x486S10050503x479
interakce (IMoTeSP),,750,M549x564S2ff00482x482S11501504x525S11509470x531S26c08522x518S26c18453x521S2fb04494x558
interfáze (biol),,2252,M558x645S15d48489x609S15d48488x484S15d40539x609S26602455x500S15d40497x496S34c00481x549S34800484x417S2f900497x640S2f900540x640
internet (IMoTeSP),,825,M537x539S1c510507x498S1c518464x499S2a500515x461S2a510468x460S2fb04492x533
internet (UPOL),,3930,M529x533S1c520499x495S1c508471x473S2df06504x468S2df12477x509
Internet Explorer,,65,L531x535S2e910469x465S1000a490x474S20320516x480S37900522x495
interpolace (IMoTeSP),,1422,M541x557S15d40485x530S20300482x486S37706458x492S26500484x508S22b17517x443S15d17494x466
interpretace (IMoTeSP),,631,M515x534S1600a485x498S26500501x519S20700494x466S18002498x485
interval (IMoTeSP),,513,M545x542S10018465x459S10011475x458S26706495x458S15d10511x515S15d18472x515S26500531x520S26510454x521
interval 2 (IMoTeSP),,614,M518x521S10049481x491S1f047495x485S20500484x480
invalidní,invalida,1120,M524x557S2eb40485x443S10009503x489S2eb04505x443S10001475x487S2fc00494x546S3780b478x514S37803492x511
invalidní vozík (UPOL),,2459,M567x532S36d00479x468S37702520x472S37709526x495S3770a467x470S37701468x493S26a10438x515S26a00538x516S20350517x517S20350467x517S14c50543x482S14c58438x481
inverzní funkce (IMoTeSP),,1423,M542x528S10e20457x472S10e00527x471S2f900459x506S26500457x513S26506495x487
iont (biol),,2119,L553x552S34400482x483S19210503x530S2e500530x525
iracionální rovnice (IMoTeSP),,1729,M555x580S11502445x419S26506478x419S15d49449x450S1ea00456x461S20500474x452S10050455x493S37700485x491S37700491x492S3770b496x501S3770b492x495S37d02485x516S37d0f488x522S37d0c492x520S22c06513x491S10019514x550S10011524x550S20500523x531
Irsko,,78,M530x540S14c40501x475S14c48470x487S26604505x510S21a2a493x460
Irsko A (UPOL),,2877,M531x548S14c40500x478S14c48470x452S26604499x518S26604515x518S21a1a495x468
Irsko B (UPOL),,2878,M537x546S30007482x455S15d11514x455S15d21513x509S30007483x511S20500504x443S20500503x499
Island (UPOL),,2879,M537x544S30004482x483S1f502491x520S20e00480x516S2b103509x518
Italie,,675,M520x521S29a04505x486S1ed26481x480
Itálie (UPOL),,2880,M539x566S2ff00482x483S1ed26520x504S29904520x534
iterace (IMoTeSP),,1424,M538x518S1ed1e462x481S1ed16482x481S29306497x504
Ivančice (UPOL),,5366,M535x522S2031a489x507S11820477x478S37707465x514S20c00507x499
Izrael,,622,M518x542S30004482x482S14c02482x513S22132467x510S22132474x510
Izrael,,708,M518x545S30004482x482S22522464x513S14c02481x517
Izrael A (UPOL),,2881,M518x537S15752480x519S30004482x483S22612469x519
Izrael B (UPOL),,2882,M518x530S30004482x483S14c10467x499S22610469x491
J,,240,M515x524S19a20487x504S2a20c484x476
J,,443,M512x515S1e020489x485
j (UPOL),,2891,M520x515S19a03498x485S22e02480x498
já,,1165,M538x521S36d00479x480S20500494x491S10044508x491S26604522x490
já,,162,M508x526S10054493x474S26504494x511
já,já-já,1466,L525x554S20600503x543S20600477x543S10044506x510S1004c480x510S36d00479x498
já,já-osoba,1675,M521x539S1ed0e486x478S22b04489x509S36d00479x462
já (osoba),,1219,M521x529S36d00479x480S1ed02496x472S22b04497x499
já (UPOL),,3931,M527x521S36d00479x479S10b43506x484S20500491x510S26504487x488
jablko,,601,M540x523S30006482x482S1f710520x491S21100521x509
jablko (biol),,2189,M536x520S30005482x483S21100522x489S1f810518x505
jablko b,,5808,M518x571S34600482x483S1543a471x548S2f900477x566
jablko pod stolem 2,,5832,M545x528S37906456x493S15a1a496x488S16c10504x507S28a0c528x473
jablko vedle nohy od stolu,,5183,M521x517S17644479x488S2f900505x512S16c10501x484
jádro (biol),,2058,M524x519S15d48477x490S19a50496x499S20600494x481
jádro (IMoTeSP),,1026,M508x522S17610492x506S26500493x487S2f900494x478
jahody,,466,M592x544S2ff00482x482S10002498x512S26506515x530S20e00500x532S10a38568x512S10a52566x486S20500557x514
jak (UPOL),jak často A (UPOL),3933,M533x543S30004482x488S30300482x477S1c500503x512S20e00488x523S22214484x538
jakao,,2311,M512x515S11e00489x485
jako,,158,M543x522S10e01518x479S10e09458x480S22a03505x494S22a15484x495S2fb04493x516
jako,,26,M532x540S10e31507x460S10e39468x460S10e41506x510S10e49468x510S22b24492x479
jako,,406,M544x523S10e31519x477S10e39457x481S22a03504x495S22a15483x496S2fb04492x517
jako,,408,M532x540S10e31507x460S10e39467x460S10e41506x510S10e49467x510S22a04512x492S22a14473x493S2fb04492x502
jako,,452,M535x542S10e31508x457S10e39468x457S10e41510x512S10e49465x512S28804507x486S2881c480x486S2fb04493x509
jako (UPOL),,3932,M544x528S11530529x472S11538456x473S22a03516x505S22a15470x505S2f900510x523S2f900480x523
Jamajka (UPOL),,2883,M526x530S15a57474x499S21100500x487S28c01501x470S15d47484x507
Jan,,201,M518x547S33b00482x483S10a00488x521S20500487x504S20500503x504
Japonsko,,676,M574x516S1e411501x483S1e419478x483S26506525x495S26512458x495S1f410545x501S1f418426x501
Japonsko (UPOL),,2884,M573x516S1e441498x484S1e449478x484S28806523x500S2881e453x502S1f440544x494S1f448428x497
JAR A (UPOL),,2885,M510x525S1f820491x475S22b04494x495
jaro,,290,M562x526S2d200483x489S11509437x488S11501454x488S20500537x473S11501537x488S11509521x488S21414462x518
jaro (UPOL),,2523,M541x539S2c730516x464S1150a459x461S21410498x531S20500479x500S11502482x514S11502482x462S21414498x481S1150a459x516
jas (IMoTeSP),,1425,M552x547S15300506x507S15308478x507S22a07519x497S22a11469x498S14c08529x473S14c00450x472S37200479x453S2fb04494x541
jasné,,1994,L560x586S36d03479x513S30d00484x477S20500493x541S1dc00536x520S1dc08433x518S1dc09477x556S1dc01496x556S28811463x537S28809511x537
jasno,,5816,M535x548S30a00482x483S1dc01501x509S1dc09476x509S22a07522x499S22a11465x499S2f700491x541
jasný,"jasně, světlý",1175,M535x547S30a00482x482S1dc01501x508S1dc09476x508S22a07522x498S22a11465x498S2f700491x540
játra A (UPOL),,2460,M581x532S36d00479x469S36d00479x520S1ea24528x511S1ea2c552x511S23208555x487S23210524x487S2fd00541x478
játra B (UPOL),,2461,M562x527S36d00478x474S36d00480x523S1c503511x497S20600540x515
jazyk,,166,M518x563S33b00482x482S1ed0e490x510S25904494x540
jazyk,,47,M519x568S33b00482x482S1ed0e490x510S22e04502x540S26500487x542S2fb04495x562
jazyk,národ,931,M533x536S33b00482x482S1ed0e490x510S26900517x518
jazyk (UPOL),,2463,M545x539S35700482x483S1ed0e492x513S26900529x521S1ea30522x498
jdete (UPOL),,4706,M542x531S15d40503x504S15d48458x503S22b17479x478S22b07518x483S22e26507x479S2fb00511x469
jed A (UPOL),"jedovatý A (UPOL), otravný B (UPOL)",2464,M547x529S35700482x482S30004482x483S19a52524x487S2d200521x463S20500501x518
jed B (UPOL),"jedovatý B (UPOL), otravný A (UPOL)",2465,M557x533S30004482x483S35700482x483S1ce01480x510S1ce22527x471S2d200531x497
jedináček A (UPOL),,3934,M513x525S10000495x495S2ea06488x476
jedináček B (UPOL),,3935,M523x524S1ce51477x497S27207490x476
jediný,jediný1,1401,M533x529S33b00482x482S1f502492x505S26500519x502S20500513x512
jediný (biol),,2140,M527x649S33b00482x483S1f502492x505S20500517x508S1ce50490x579S2a500487x616
jednoduchý,jednoduchý (biol),713,M534x536S1ce41511x464S1ce49466x465S22b04516x500S22b14467x500S2fb04492x530
jednoduchý (UPOL),skromný (UPOL),3936,M541x536S1ce40519x465S1ce48460x464S22b04518x499S22b14465x498S2f900521x531S2f900468x531
jednotka (biol),,2256,M512x560S1f502491x441S2f700491x553S2e004488x519S1ce40490x485
jednotka (IMoTeSP),,304,M512x559S1f502491x440S2f700491x552S2e004488x518S1ce40490x484
jedovatá látka 2 (biol),,2247,M540x607S1ea40512x576S1ea48464x574S27214455x553S27200500x550S34c00482x483S36d00478x525S36d00480x603
jedovatá látka A (biol),,2246,L537x524S1ea41509x505S1ea49465x477S26c00508x486S26c10464x502
jehla A (UPOL),,3937,M545x537S18548456x501S1ce40483x487S2890e504x507S2890e504x522S22f07505x481S1ce30523x463
jeho,"její, jeho1",739,M517x518S15d20498x491S26501483x482
jeho,jeho2,912,M519x516S15d20481x489S26507506x484
jeho,její,1149,M514x524S15d20495x497S26501499x477S26501485x479
její (UPOL),,3939,M561x527S15d20518x500S36d00479x474S26a07540x505
jejich,jeho-jeho-jeho,1275,M526x528S15d20486x501S26500493x473S26507513x479S26501473x479
jelen (UPOL),,3375,M559x518S2ff00482x483S11e21512x465S11e29456x469S25107533x446S25111437x446
jemný (UPOL),"milý B (UPOL), něha A (UPOL), příjemný (UPOL)",3940,M553x536S15201496x476S15207475x479S22a13463x503S22a05521x503S18530528x521S18538448x521S20500492x465
jemu,,1214,M517x524S1c520484x496S26507504x476
jemu,jemu 2,1439,M519x524S1c520481x496S26500492x476S2f700507x481
jemu (UPOL),,4655,M517x524S1c520484x496S26507504x476
jen,"jenom, pouze",951,M516x524S1dc40488x476S20500506x505S20308484x509
jenom A (UPOL),,3941,M523x534S20300505x519S37707482x527S10040508x488S20500496x506S22a04493x485S22b00504x467S2f700478x503
jenom B (UPOL),,3942,M534x529S35000482x483S1f502493x505S20500521x505S26500520x485
jeřáb A (UPOL),,3943,M530x545S10020482x515S10604510x455S2d205497x521S21600471x521S22b00508x489
jeskyně,,2025,M539x538S15417516x468S1541f461x468S2df00516x495S2df18461x497S22102513x464S22106480x462S22a04521x516S22a14464x517S2fd04489x532
ještě ne,,594,M524x573S34600482x491S15a48485x546S17740499x552S33500476x491S20600497x539S30152493x475S30156501x481
ještěrka (UPOL),,3376,M544x536S11e50521x505S11e58475x506S2bb00503x464S2bb10457x465S2fd00494x482
jestli (UPOL),"kdyby (UPOL), když (UPOL)",3945,M534x540S30004482x483S1ce02478x518S20600512x515
jet,,1358,M556x525S19a20513x505S35700482x482S26600540x492
jet A (UPOL),,2888,M556x567S36d00479x563S35700484x483S20340523x546S2ea00541x539
jet B (UPOL),,2889,M507x526S15a50494x499S26500493x475
jet C (UPOL),,2890,M542x529S11850512x472S11858461x472S23004517x507S23014458x511S2fd00488x516
jet na několik míst,jet-tam-tam,1395,M543x519S33b00482x482S19a20509x499S26501463x483S26500494x462S26507530x484
jet-lodí,,1588,M523x536S15d11500x513S15d19477x513S2c220479x465
jezdit A (UPOL),"jet, cestovat",3747,M567x526S19a20513x506S35700482x483S2d705538x495
jezdit B (UPOL),jet,3748,M533x579S15a50518x552S26600517x518S33c00482x483S33802473x498S33806514x498
jezdit C (UPOL),jet,3750,M541x589S33c00479x483S33806509x500S15d40522x562S26700520x515
ježek (UPOL),,3377,M533x520S15d18467x480S14402482x486S26a02519x483S20500483x509
ježek A (UPOL),,5394,M533x521S15d48468x480S14402483x486S20500483x510S26a02519x481
ježek B (UPOL),,5337,M532x521S15d48469x480S14c42483x483S20500484x510S26a02518x481
Jezis,,985,M529x540S1c518477x512S1c510494x461S1c51f471x460S1c517504x513
Ježíš,Marie,420,M531x542S1c518469x507S15d1f472x467S20500487x463S15d17505x519S1c510501x458S20500501x516
Ježková 1,,2230,
Ježková 2,,2255,
Ježková 3,,2268,
Jičín (UPOL),,5368,M543x543S20309506x472S20303477x502S37703460x487S37703521x487S37800541x475S37809461x457S22b23457x519
jídlo,jíst,459,M566x533S33e00482x482S1ea00511x512S26b04539x511
jídlo,jíst,895,M570x534S26b04543x512S1ea00515x513S34700482x482
jídlo (UPOL),potraviny A (UPOL),2399,M550x540S35700482x483S26b04523x519S1ea00494x519
Jihlava (UPOL),,5369,M542x518S30007482x483S10a10518x488S20610508x473S35700482x483
jiny,,250,M524x521S10051494x500S10059475x500S26506506x484S26512476x484S2fb00492x478
jiný,rozdílný,1817,AS20500S26507S26511M526x527S10058482x497S10050501x497S26507513x476S26511474x474S20500494x479
jiný (UPOL),,4053,M548x517S10059473x496S10051499x496S26912453x484S26906530x485
jist,,86,M566x533S33e00482x482S1ea00511x512S26b04539x511
jistě A (UPOL),"samozřejmě A (UPOL), určitě C (UPOL)",3946,M539x526S30300482x477S11501514x490S22f03501x505
jistě B (UPOL),,3947,M518x523S15d39482x498S20351489x502S22a04500x477S20500508x499
jistě C (UPOL),,3948,M541x572S19a40507x529S23504504x554S2f700488x557S34400482x483S31500482x483
jistý (UPOL),,3949,M519x539S15d39482x514S20351489x518S22a04500x493S20500508x515S14c51492x462
jít,,1597,M525x533S15d39475x495S11850485x506S26a07504x467S20e00498x482
jít (UPOL),,2893,M511x537S11250490x514S22610489x501S26600495x463
jitarabova,,1791,
jízdenka A (UPOL),,3950,M537x520S1e140500x488S1e148476x488S20500495x480S26a12464x492S26a06523x493
jižní (UPOL),,2886,M518x532S30004482x483S19a10468x511S20500497x521
Jižní Amerika A,,2896,M524x523S14c0a488x500S1f521502x478S20600477x490
jizva A (UPOL),,2466,M534x534S35700482x483S10001511x495S22a03501x520S21100521x489
jizva B (UPOL),,2468,M537x524S35700482x483S10011506x494S26506522x496S21100524x481
jizva C (UPOL),,2470,M519x544S35700482x483S10a0f493x510S22a03487x530S21100476x517
jméno,,1167,M529x517S2ff00482x482S1f520493x481S26606499x468S2df04496x449
jméno,,707,M547x517S30000482x482S1f710493x464S2330a521x459
jméno (UPOL),,3218,M551x518S2ff00482x483S1f510504x478S2330a525x471S2f700506x468
jméno B (UPOL),,4670,M541x518S2ff00482x483S1f510496x480S27102526x466
Jugoslávie (UPOL),,2898,M521x530S36d00479x470S15d1f473x484S22b05493x506S21100507x499
K,,124,M508x526S10e10493x496S26900492x474
K,,7,M521x521S10018491x491S10613493x479S20500479x492
K (biol),,2284,M509x527S10e10493x473S22e04492x509
K (biol),K (jednoruční_abeceda),2174,M509x526S10e40493x474S22e04492x508
k (ke) A (UPOL),,4186,M537x573S10630522x517S26504523x548S2f900526x568S35d04482x483
k (ke) C (UPOL),,4187,M526x538S15a06447x483S15a02466x498S26601488x516S37001474x463
kabát A (UPOL),,3133,M536x542S15d32509x523S15d3a464x523S15d14509x459S15d1c472x461S2df06511x496S2df1e470x494
kabát B (UPOL),,3134,M554x521S36d00479x480S14c02523x497S14c0a447x498S20300499x502S20304486x502S2d500510x488S2d518468x487
kabelka,,5833,M539x528S36d00479x473S19a10511x486S21100497x491S23100513x511
kabelka A (UPOL),,3135,M582x606S37802501x395S37809509x426S20310497x457S22a04514x459S36d00480x559S36d00478x519S1ed19522x543S1ed17545x567S26505569x593S26511512x532S22204563x567S22204546x547
kabelka B (UPOL),,3136,M586x592S36d00477x408S36d00479x500S36d00481x547S1ed19526x531S1ed17549x554S26511511x519S26505573x579S22204551x535S22204566x552S19a10507x414S23108535x412S21100540x427
kachna (UPOL),,3378,M524x566S11539479x450S11539479x539S11531498x495S11551497x449S11559477x495S11551497x539S20500500x435S20500499x481S20500495x526
kadeřnice (UPOL),,3951,M566x518S2ff00482x483S10e10520x478S10e18464x471S26a04539x483S26a14434x477S22214517x470S22214462x464S2fd00490x447S2fb00540x473S2fb00445x466
Kadeřnictví,,2211,
kadeřník,,5794,M566x518S2ff00482x483S10e10520x478S10e18464x471S26a04539x483S26a14434x477S2fb00445x466S2fb00540x473S2fd00490x447S22712524x455S22716467x447
kakat (UPOL),,2401,M528x519S1f540477x495S1f848473x483S20a10494x482S22f04498x505
kalendář (UPOL),,2526,M552x539S1ed58449x462S1ed50477x462S1ed58451x509S1f450523x524S26606505x464S2c300511x500
kalendář A (UPOL),,3952,M550x554S1ed10499x448S1ed18472x447S1ed18470x535S1f410518x539S26512451x451S26506532x452S2c400510x511
kalhoty (UPOL),,3119,M552x541S36d00477x459S36d00482x500S15d14466x496S15d1c492x496S20500475x529S20500494x529S20500525x530S20500542x530S26526510x507
kalkulačka A (UPOL),,3953,M542x524S15d3a458x491S14e50486x487S2ea06517x494S22620486x477S21414462x516S2fb07518x476
kalkulačka B (UPOL),,3954,M529x563S14e50471x453S22620471x441S2ea32504x453S2fb07500x438S20350473x541S2ea00493x538
kam,,5862,M561x552S12750517x522S12758469x522S34c00482x483S13f50532x496S13f58440x499S26500520x503S26510470x506
kam (UPOL),,2895,M515x539S11e20492x509S13f20486x461S26500498x487
kam?,,1811,AS11e20S26504S13f20M533x550S36d00479x450S11e20505x464S11e28471x464S26514473x505S26504515x505S13f20504x535S13f28463x534
kamarád,přítel,485,M521x515S36d00479x485S1ce12464x493S20600498x501
kamarád (UPOL),kamarádka (UPOL),3955,M518x552S34c00482x483S1ce11463x525S20600446x541
kámen,tvrdý,522,M521x516S1f740501x501S1f748479x501S20600489x484
kámen A (UPOL),,5373,M537x518S30007482x483S1f810519x482S20600503x468
kámen B (UPOL),,5374,M519x515S1f818481x500S1f810501x500S20600489x485
Kamila Havlíková,,2316,
kamión,autobus,1643,M560x528S36d00479x511S16c10530x491S16c18517x485S26505547x515S26511511x471
kamna (UPOL),,5303,M548x524S15d40501x477S15d48480x477S23d04521x489S23d1c452x490
Kanada,,551,M562x556S30005482x482S20301525x487S20302496x541S37703540x502S37706511x547S22b03518x515S20500512x512
Kanada A (UPOL),,2899,M530x520S36d00479x481S1f802515x500S20602499x496
Kanada B (UPOL),,2900,M547x541S30005482x483S20301510x503S20e00502x519S22a03531x493S22a03490x527S37703525x517
kanál (IMoTeSP),,826,M549x526S10012519x511S16d58473x502S26502496x506S26502451x506S20700473x475
kanál (UPOL),,5375,M523x540S15d5a478x494S10040480x510S26600486x461S21410508x499
kánoe do špičky (UPOL),,2905,M523x527S15d41500x504S15d49477x504S2d220485x474
kapacita (IMoTeSP),,316,M549x524S14c48450x476S14c40525x478S26a02506x487S26a16482x487S2fb04493x518
kapalina (biol),"kapučíno, cappuccino",2257,M525x524S10a11497x476S27004475x506
kapat (UPOL),,5284,M538x592S10a11510x544S27004488x574S32a00482x483
kapitál,,1202,M519x524S15d38480x498S1e102493x500S20500498x493S22a04500x477
kapitán A (UPOL),,3962,M531x532S37909470x468S28802482x487S1ea50500x478S22e04495x514S22e04474x514S37a06469x507S20356516x500
kapitán B (UPOL),,3963,M521x517S36d00479x483S16c10476x496S20500463x501
kapitán C (UPOL),,3964,M521x525S36d00479x475S37809472x477S37804472x508S1ed1c449x480S26906483x485
kapky A (UPOL),,2472,M529x518S10a51496x483S23504472x500
kapky B (UPOL),,2473,M522x517S1ee22491x483S22212517x496S22215478x493
kapky do očí A (UPOL),,2474,M570x518S32107482x483S10a11515x473S23004545x477
kapky do očí B (UPOL),,2475,M546x518S32107482x483S1ee22516x460S22215505x467S22212541x474
kapr (UPOL),,3379,M542x546S30900482x473S36a00482x481S1704c505x513S26a02528x509S20500511x535
kapsa (u košile) (UPOL),,3138,M521x519S36d00479x481S17f50467x490S22a04487x503
kapsa (UPOL),,3137,M544x542S36d00479x459S36d00480x503S15d03521x502S22a03506x524S21100519x528
kapuce (UPOL),,3140,M548x532S2ff00482x483S1ea43457x504S1ea4b527x503S23000523x483S23010452x482
karavan A (UPOL),,2906,M547x553S1060a481x464S10612498x467S20800495x447S26526531x464S16e21454x534S16e29521x536S28b0a476x511
Karel (UPOL),,2504,M540x528S2ff00482x483S11500500x494S11508485x494S11510525x472S11518458x471S2df05517x504S2df1d460x503
karence (biol),,2259,M562x620S2fd04462x614S19a10481x556S19a18437x564S36d00452x535S22f14438x594S22f04483x590S34c00438x482S34700464x483S34700526x484S35d00492x484
Karlovy (UPOL),,5385,M530x550S2ff00482x483S10e01501x493S10e09474x493S2df09509x526S2df11470x526
karotyp (biol),,2121,M530x687S34c00482x483S16c40510x554S16c48455x555S2f900515x579S2f900462x579S10058448x657S10050465x657S20500459x643S2d728483x657S20500486x635S20500512x640
karotyp 2 (biol),,2122,M555x627S22a04524x499S18500525x519S15700517x465S30000482x483S30004482x483S10050491x597S10058474x597S20500485x584S20500514x571S20500545x585S2d728499x589
kartáč (UPOL),,4526,M525x530S37804475x501S1f851478x494S26c0d505x470S17459505x514S21100495x484
kartézská soustava(IMoTeSP),,1728,M542x594S22c00509x405S22c06500x423S10050507x452S19a00457x497S22a04464x525S10019505x564S10011516x564S20500515x548
kartéztský součin (IMoTeSP),,1426,M523x519S10019478x489S10011492x489S20500503x482S26500509x493
Karviná A (UPOL),,5386,M521x526S10e30506x475S2a200480x477S22a04486x511
Karviná B (UPOL),,5387,M524x513S10a20477x487S26900508x495
kašel (UPOL),,2477,M531x524S36d00479x476S20300493x494S37705507x502S20612481x487
katalyzace (biol),"povzbudit, podpořit",2262,M535x534S15d38465x508S15d30516x508S29608512x466S29610471x467
kationt (biol),,2123,M522x587S1001a484x563S10010494x557S20600500x545S34c00482x483
káva,,4855,M528x532S34c00482x483S1ce10506x488S20600502x521
káva (UPOL),,3965,M540x532S30005482x483S1ce10518x492S20600498x521
každý den (UPOL),,2527,M640x528S30300482x477S31530491x497S1f510517x513S20500505x508S26500535x507S21f22519x486S21f22555x484S21f22593x483S26500572x507S26500611x507S1f510625x511S1f510588x512
kbelík A (UPOL),,4527,M557x537S36d00479x463S36d00479x517S2031c534x503S23100531x520
kde,,135,M551x558S27106536x515S27112453x518S15d30511x522S15d38471x522S30f00482x482
kde,,151,M550x564S31400482x488S30100482x477S15d30510x528S15d38470x528S27106535x521S27112452x524
kde,,311,M551x566S27106536x523S27112453x526S15d30511x530S15d38471x530S30a00462x482S32402501x482
kde (UPOL),,2919,M553x522S15d30513x486S15d38466x486S27106538x479S27112447x482
kdo,,1360,M514x529S19a20486x509S27102496x470
kdo A (UPOL),"koho (UPOL), komu (UPOL), někdo A (UPOL)",3966,M544x571S30300482x477S10020529x537S27202505x531S34400482x488
kdo B (UPOL),,3967,M561x565S19a20510x532S27102546x525S30300482x477
kdy,"čas, čas1",479,M533x517S15d48467x490S2c300507x493S1ce10487x483
kdy (UPOL),,3807,M546x566S15d48480x539S2c300520x542S1ce10500x532S30f00482x483
kdykoli A (UPOL),,3971,M533x583S36d00479x535S33c00481x487S1ce02476x550S20500510x552S26f00493x569S30900481x479
kdykoli B (UPOL),,3972,M539x583S30007482x483S11511514x484S11559486x558S11551509x556S20500509x469S20500500x541S25604517x523
kdykoli C (UPOL),,3973,M545x668S35300496x483S10000500x513S20e00518x521S22f04520x538S15d30508x642S26500507x618S36f00480x601S36f50467x598
kecat A (UPOL),plácat,3779,M597x520S36d00479x516S17b20538x480S22114557x483S22104585x483
kecat B (UPOL),"lhát, lež",3780,M542x540S35d04482x483S14c10481x509S20610508x515
Keňa (UPOL),,2908,M560x523S36d00479x509S1ea34529x502S27200520x478
keř (UPOL),,5064,M535x537S14c10501x506S14c18476x506S28b00515x465S28b18465x464
keramika A (UPOL),,4524,M525x520S10a32499x489S10a58480x494S20600475x481
keramika B (UPOL),,4530,M526x517S12828485x493S11832499x485S20600474x483
kilo A (UPOL),,5676,M520x537S10e30505x463S10e50487x507S2a201481x480
kilo B (UPOL),,5677,M509x526S10e10493x474S22e04492x508
kilometr (UPOL),,2909,M521x564S15d38481x458S15d38480x534S15d50489x537S20500495x524S26500503x437S17850495x471S21100502x454
kinetika (biol),,2102,M541x529S10004484x472S10000509x499S2ec06501x481S2ec42460x510
kineze (biol),,2071,M558x591S17618488x559S16c10493x556S17610542x558S17618437x559S28906514x576S2891e455x576S34800482x483
kino (UPOL),,3976,M537x527S14c20488x479S20300493x512S37806463x519S20500506x502S27202518x474
kk (UPOL),,3122,M542x525S10008463x494S10008514x495S10a03465x480S10a03516x481S20500459x476S20500510x476
kladivo (UPOL),,3977,M536x533S37806464x526S23504499x493S20300494x518S1ea40501x467
klamat A (mě) (UPOL),,3784,M552x589S10e00534x529S2a200529x561S35e14481x488S35e25509x503S35e32502x503S35c16494x508S30251496x478S30c30488x493
klamat B (mě) (UPOL),,3781,M542x545S35d04482x488S14c10481x514S20610508x520S30251497x478
klamat C (někoho) (UPOL),,3782,M543x545S34600482x488S14c10482x514S20610509x520S30350495x477
klamat D (někoho) (UPOL),,3783,M552x584S10e00534x524S2a200529x556S35e14481x483S35e25509x498S35e32502x498S35c16494x503
klasifikátor-C,klasifikátor-C-levý,1681,M510x517S16c18490x483S2f900493x512
Klatovy (UPOL),,5388,M570x567S1ea10496x546S2ff00482x483S26900503x527S26900529x527S26900554x527S2f700541x560S26706528x549
klauzule (IMoTeSP),,122,M570x541S1ed28470x459S1ed20507x459S22b12431x463S22b06540x463S2fb04495x486S10e00441x511S2da08465x524S2da08507x523
klávesnice (IMoTeSP),,258,M574x554S1ef40508x447S1ef48461x447S2fb04494x473S22b06544x446S22b12425x446S14c58474x509S14c50507x510S2310e540x513S23112448x512S22120511x501S22120511x494S22120471x500S22120470x494S2fb04495x548
klec A (UPOL),,3380,M543x524S14401496x476S14409477x476S22b13458x499S22b05519x500
klec C (UPOL),,3382,M530x535S14452496x465S1445a472x468S2a211471x492S2a209510x492S22a04516x520S22a14472x519
klek,"kleknout, klečet",1867,M523x581S15a37492x556S11014491x540S20b00510x568S31000482x482
klekne,,769,L534x583S11013508x525S30b00482x483S22b04493x524S20500483x550S15d39482x560
klepat A (UPOL),,3785,M562x577S33c00482x483S10a02489x557S27000522x559
klepat B (UPOL),,3786,M583x542S33c00482x488S30350495x477S27000543x524S20320521x525
klepat C (UPOL),,3787,M553x603S32a00482x483S30c30489x488S34610494x501S15d0a482x565S20300493x586S20610495x574S27000513x585
klepat D (UPOL),,3799,M556x572S32a00482x483S1ea40512x527S23504519x554
kleště (UPOL),,3978,M524x525S14c31495x498S21911482x493S21903506x488S21911476x486S21903512x482S2f700498x475
KLF banán na židli,,5771,M518x515S15d38483x489S17650502x485S2f900505x506
KLF hrozny v misce,,5774,M524x515S17f48476x486S15412499x488S2f900506x506
KLF jablko,,2340,M520x511S16c10500x490S16c18480x490
KLF jablko vedle jablka,,5003,M534x569S1543a480x554S15432509x526S22a04517x546S2f900518x564S34600482x483
KLF jahody na talířku,,5776,M520x521S15d39481x498S15412485x480S2f900509x503S20500489x503
KLF osoby (UPOL),,4272,M510x536S1ed26491x510S22c04491x465
KLF pomeranč vedle misky,,5775,M520x515S17f48503x486S15412480x486S2f900487x506
KLF_osoba_přijít,,1834,L526x521S10008474x480S2d619499x500
klíč (IMoTeSP),,1027,M514x525S1ea40487x504S2a508493x474
klíč A (UPOL),,3979,M513x530S1ea40488x471S2a500492x497
klíč B (UPOL),,3980,M524x509S20350476x493S23004499x491
klíč C (UPOL),,3981,M529x513S10e03471x488S23004504x495
klid (UPOL),klidný (UPOL),2405,M544x525S11559474x477S11551496x476S22b05520x499S22b13456x500S2f800479x514
klient (IMoTeSP),,827,M527x559S16d58473x539S1ce20491x520S16020496x481S1ce20494x440S26700511x468
klíště (UPOL),,3383,M529x531S20356514x506S37906475x512S1ce52472x490S2df08484x469S21100489x517
klky (biol),,2297,M528x526S10056473x492S10050491x496S29c0a491x475
klobouk (dámský),,3141,M579x524S2ff00482x483S10001498x493S10009479x493S2d711521x501S2d709550x501
klobouk (pánský) (UPOL),,3142,M557x518S2ff00482x483S15411508x474S22b03533x452S2f900520x498
klokan A (UPOL),,3384,M539x530S2fb00500x488S2bb10462x471S2bb00502x470S17950519x515S17958484x515
klokan B (UPOL),,3385,M542x536S11850519x509S11858477x509S2bb00502x465S2bb10459x468S2fb00498x482
kloub A (UPOL),,2478,M547x522S11002497x503S1100a476x507S37705523x511S37707453x515S27220484x479
kloub B (UPOL),,2481,M538x524S17918475x476S20310483x486S37702495x500S3770a463x485S2a502505x486
klouzat A (UPOL),"led, uklouznout",3788,M526x516S15d39474x485S15d40484x489S2a204503x488
klouzat A (UPOL),uklouznout,3789,M532x545S15d38468x496S11850480x518S11548510x456S2a205489x484S26500475x501S22a04512x489S2f700512x505S22200497x524S22200513x524S22204505x523S22204522x523
klub,,423,M518x593S16716488x548S16712493x530S26524493x578S32106482x482
klub,,428,M518x593S16716486x548S16712491x530S26524491x578S32102482x482
klub,,628,M512x537S16716489x481S16712494x463S26524494x511S2f700495x530
klub,,706,M518x604S16716488x548S16712493x530S26524493x578S2f700494x597S32106482x482
klub,,743,M518x604S16716486x548S16712491x530S26524491x578S2f700492x597S32102482x482
kluk (UPOL),,3982,M561x518S30007482x483S19a10512x470S2e230542x462
kluk A (UPOL),,4891,M529x518S2ff00482x483S20600507x473S14712498x487
kněž (UPOL),,3983,M523x557S36a00482x477S1ed10482x520S20500475x524S20500513x523S26606486x541
kniha,,752,M545x522S15d40500x492S15d48480x492S20500495x477S2a308522x486S2a310454x484
kniha (UPOL),,3768,M529x594S15d10502x535S15d18482x535S2e004508x563S2e01c474x566S34800482x483
knihovna (IMoTeSP),,778,M524x591S15d10500x435S15d18480x435S2e01c476x408S2e004503x408S2fb06517x542S14c3a485x567S22f04485x533S22f10485x549S2fb04493x468S14c52478x503
knír A (UPOL),,2482,M543x525S33b00482x483S10a11491x499S2880a521x500S21100527x482
knír B (UPOL),,2484,M531x539S33b00482x483S17e10506x498S17e18472x499S2a209511x515S2a211470x516
knír C (UPOL),,2485,M544x529S35700482x483S1ea00521x507S1ea08456x508S21100522x492S21100467x492
knoflík A (UPOL),knoflík (UPOL),3143,M521x532S1ce10496x478S36d00479x468S20612485x495
knoflík B (UPOL),,3986,M527x526S36d00479x474S10a02501x486S20612488x489
knoflík C (UPOL),,3985,M522x522S36d00479x478S10a02496x491S2e300469x487S21100492x508
knoflík D (UPOL),,3148,M521x527S36d00479x473S1ce02479x490S20612509x490
koberec (UPOL),,4544,M533x558S15a4a487x465S15a4a487x546S15a42487x452S15a52487x530S2e700517x443S2e744468x460S26600493x496S21400518x534
kočka,,2341,M554x523S34400482x483S1ce10510x486S1ce18468x486S26a12447x495S26a06540x496
kočka,jí,1853,
kočka (UPOL),,3386,M549x519S2ff00482x483S1ce10509x485S1ce18474x484S26a12456x492S26a06535x491
kód (IMoTeSP),,1028,M533x561S15d48468x452S11842490x459S20500488x440S11520496x508S11500518x507S2df04506x540
kodon (biol),,2124,M543x587S34400482x483S11e01518x557S26602488x569
kódování (IMoTeSP),,1029,M532x573S15d48467x437S11842488x444S20500484x428S11538480x520S11550517x521S2df24497x552
kódování (IMoTeSP),,374,M530x571S18517504x471S1851f471x470S20500493x430S28814481x444S2880c502x445S20500492x468S15a48477x544S11012503x553S20500493x551
koeficient (IMoTeSP),,1730,M508x528S10e10492x471S26904492x510
kohout  (UPOL),,3387,M534x523S30102482x477S10012504x499S2bb05502x459
kohoutek A (UPOL),,4545,M512x533S15420492x468S2a308489x497
kohoutek B (UPOL),,4546,M537x586S15420516x414S15428469x414S2a308514x443S2a310463x443S15428469x501S1f040496x506S26504496x526S2b705496x543S22a04496x571
kojit,,1255,M529x530S36d00479x493S26a00497x470S22110495x500S15202498x510
kolečko (UPOL),,3987,M564x584S10002534x418S2ea00522x417S1ea40523x555S1ea48459x556S36d00477x521S36d00481x580S26500532x542S26510457x543
kolejnice (UPOL),,5498,M523x531S1f056508x502S1f05e478x502S26600507x469S26610478x469
kolem A (UPOL),,2910,M524x602S16c48486x556S10040504x572S28a01495x536S30908482x479
kolem B (UPOL),,2911,M522x535S16c48479x500S15d40495x508S26600496x465S20e00510x504
kolíčky (UPOL),,4547,M541x517S22204513x485S22204530x485S22204496x485S13d50460x493S22204471x484S22c06496x492S2f900471x512S2f900530x512S2f900513x512S2f900496x512
kolik,,581,M553x564S14c00528x533S22230527x525S22230527x521S30a00482x488S30100482x477
Kolín A (UPOL),,5392,M515x512S13d20486x497S22214486x488
Kolín B (UPOL),,5389,M518x515S10e10482x485S26900502x497
Kolín C (UPOL),,5390,M523x545S30004482x483S10e10487x515S26900507x527S20500511x512
kolize (IMoTeSP),,828,M533x516S2030c502x501S2030c484x501S20b00495x485S37b06517x509S37b06467x509
kolo,,291,M524x533S2fb04496x527S2eb44476x500S2eb00509x491S20350508x467S20350479x476
kolo,,328,M530x534S12850507x466S2fb04493x521S2ea4c471x509S2ea00514x496S12858470x479
kolo,,5795,M525x516S10002495x495S2eb34475x484
kolo,,5868,M524x605S20350479x549S2eb4c476x573S2eb00509x564S20350508x540S34400482x483
kolo,jezdit na kole,3749,M534x533S11850507x467S11858470x467S23004509x504S23014467x506S2fd04491x527
kolo (UPOL),pneu A (UPOL),3823,M521x516S1ed3e480x488S2e800506x484
kolo A (UPOL),,3989,M532x532S11850505x469S11858473x468S23004507x503S23014469x503S2f700494x491S2fd00490x526
kolo B (UPOL),,3988,M539x515S20350503x487S20350482x494S2ea00524x486S2ea44462x490
koloběžka (UPOL),,4093,M526x527S15a50474x474S15d04497x479S26b04499x509
koloidní (biol),,2126,M532x604S34400482x483S14c52490x544S14c56473x571S22236507x570S22236504x570S22232485x542S22232482x542S27106517x564S27112460x538
kolonie (biol),,2065,M577x511S1eb48475x490S1eb40501x490S26512452x494S26506531x495S1ed48423x491S1ed40551x492
kolonie2 (biol),,2066,M550x522S1d040451x479S1d040489x480S1d040527x479S2f900453x517S2f900491x517S2f900529x516S26506471x495
kolotoč,,5796,M524x548S10004509x452S10008481x518S2eb02476x481S2eb46477x498
Kolumbie (UPOL),,2912,M531x539S37806469x532S37800510x495S15a06499x527S16c10497x475S20500496x512S3790a510x488S2f900503x462
komár (UPOL),,3388,M527x530S20356512x515S37906473x521S10b13491x492S20500478x508S22a04492x470
kombinace (IMoTeSP),,1469,M520x583S1ce48480x435S1ce10495x435S1ce10498x553S1ce40498x494S1ce48482x553S1ce18482x494S20a00490x416S20a00492x476S20a00492x536
komentář (IMoTeSP),,57,M555x518S15d0a490x337S20320495x347S20500521x350S15d0a489x401S20500522x407S15d20491x400S37700501x356S32107482x483S26500541x461S18520528x483
komentovat (UPOL),,4095,M555x538S34400482x483S20340497x521S27200515x519
komfort (UPOL),,5143,M545x579S36100482x483S1ce10510x549S1ce18468x549S27000505x528S27010455x528
komise A (UPOL),,3478,M535x524S15a20515x497S15a20472x495S22f00510x477S22f10466x477S2fd00488x492
komise B (UPOL),,3479,M552x532S33200482x483S10001506x502S2d200526x495
kompas (UPOL),,2913,M528x520S15d3a501x499S10040496x484S27202472x480
kompilátor (IMoTeSP),překladač,779,M529x523S15a37478x488S11551486x498S20500470x489S20500482x478S2a208506x482
komplement (biol),,2127,M534x581S15d39480x534S15d41493x540S27105507x555S21100506x525S34400482x483
komplementarita (biol),,2128,M540x624S14407462x523S1440f509x522S34400482x483S22a03523x558S22a15469x556S22a03526x577S22a15471x576S22a03527x595S22a15470x596S2fb04497x618S22c24495x564
komplikace (UPOL),,2486,M527x597S1100a472x542S11012500x542S1101a469x582S11002496x582S20500494x528S20500493x569S35000482x483
komunikace (IMoTeSP),,829,M541x572S16d18473x518S16d10513x519S27100501x541S27114460x543S2ff00482x483S2fb04494x566
komunikovat B (UPOL),,3790,M544x592S30300482x477S16d10516x539S16d18469x541S27100504x563S27114459x565S2fc04496x581
komunismus (UPOL),,2570,M559x530S34400482x483S20320526x503S26500545x503S2f700546x523
kondenzace (biol),zhuštění,2265,M561x606S34600482x483S15421537x531S15405444x583S15410504x557S15414487x561S22b03522x547S22b17460x568
kondenzace2 (biol),,2266,M549x560S14c5a459x500S14c5a451x459S14c52518x459S10a52486x513S22a00528x440S22a10462x440S22512502x460S22516484x460S23504458x542
kondenzovaný (biol),zhuštěný,2269,M575x567S17718476x552S17710497x552S20500491x540S34400425x482S34700482x482S34400539x483S35d00451x482S35d00508x482
kondom (UPOL),,4097,M529x528S11040499x473S11048482x472S27504505x504S2751c471x504
konec,,721,M522x527S11541498x490S11549477x500S20500490x472
konec,,889,M518x522S11541494x495S11549481x493S20500496x477
konec A (UPOL),,2528,M519x523S11541495x496S11549482x494S20500497x478
konec B (UPOL),,2529,M561x523S15d39481x496S15d41497x495S15d50542x495S15d58440x496S20b00494x477S26512462x501S26506524x500
konečná A (UPOL),,4098,M530x525S11549470x498S11541486x496S20500485x483S25603506x475
konev (UPOL),,4099,M530x521S19a04470x485S26602497x480S26606500x492S26602498x505
konflikt (IMoTeSP),,780,M539x535S10019484x483S10011496x482S22b01515x509S22b17461x511S20500494x465
konjunkce (IMoTeSP),,693,AS10e04S26500S2f900M508x529S10e04493x499S26500492x478S2f900493x470
konjunkce version 2,,767,AS10e04S26500S2f900S10011S20500S22a04S10000S30a00M508x529S10e04493x499S26500492x478S2f900493x470
konkávní (IMoTeSP),,1470,M531x538S10001483x473S10e08492x462S28f07486x491S28b04470x481
konkrétní (IMoTeSP),,830,M543x518S15d48458x487S10002478x502S26602513x502S20500478x482
konkurz,,1137,M518x562S15d0a491x534S10000494x532S15d0a490x487S10000501x470S22b04501x437S20e00482x454
konstanta (IMoTeSP),,492,M544x551S10e10513x521S35a04482x482S26500515x508S2f700532x514
konstantní (IMoTeSP),,1453,M534x526S37906494x518S15a42467x514S1004a503x478S26602466x475
konstantní (IMoTeSP),,1471,M535x571S10051496x445S10059478x444S22f07514x429S22f11466x428S1001a475x556S10050464x510S26806472x508
konstantní 2 (IMoTeSP),,1472,M529x533S26806479x467S10050471x469S15a1a487x521
konstruktor (IMoTeSP),,357,M559x556S15450539x464S26500513x519S28817469x465S2880f505x464S21600551x445S21600444x447S20348478x444S20340502x444S15458442x463S15420495x531
kontejner (IMoTeSP),,781,M531x584S14c3a487x475S14c52481x416S22f04487x441S22f10487x458S15d57468x546S17640515x564S22f02496x559S15440479x559
kontrakce (biol),stah,2270,M564x534S36d00479x467S36d00479x530S14c0a443x500S14c02533x481S20300494x485S20300494x502S26502514x484S26516476x503
kontrola,kontrolovat,2012,M527x525S14c38473x478S14c50474x494S21000504x494S26a00500x475
kontrolovat A (UPOL),kontrola,3792,M552x612S14c58491x555S14c50490x581S21000523x570S26f00512x552S30300482x477S21400513x600
kontrolovat B (UPOL),kontrola,3791,M552x602S14c38491x555S14c50492x571S21000523x570S26f00512x552S30300482x477
kontrolovat C (UPOL),,3793,M556x580S30300482x477S30c30489x493S10e50479x550S10e58506x546S2e600527x537S2e614444x539
konvergence (IMoTeSP),,1473,M526x539S18040495x468S18048475x462S26700494x480S2f800483x528
konvexní (IMoTeSP),,1474,M520x555S10e08480x454S10051483x455S10e08480x525S10051490x526S26506485x445S20500492x517
konvice (UPOL),,4548,M539x514S19a02519x486S19a04461x493S28902490x491
konzistence (IMoTeSP),,1475,M524x615S10058477x420S10051494x421S26500485x396S2f900486x385S20500495x411S10058477x518S10051492x515S2b700485x486S10050496x585S10058479x585S20500490x571
konzultovat,domlouvat,1661,M544x525S14e37500x496S14e39456x494S27103517x479S27117476x475
kopec,,155,M512x526S16e50488x506S2a208489x474
kopec A (UPOL),,5393,M565x572S18150505x543S18140553x543S28a0a512x523S32107482x483
kopec B (UPOL),,5356,M554x523S14c48447x492S14c40530x492S14c50464x492S20500463x482S28a0a490x478
kopírovat A (UPOL),kopie,3830,M519x538S15d5a483x462S17736493x518S15536487x480S23404482x499
kopírovat B (UPOL),,3832,M577x575S33c00482x483S30c30489x489S12820461x537S12828428x537S2f700446x568S26606489x540S26616489x556S12820554x537S12828524x537S2f700547x567
kopírovat C (UPOL),kopie,3831,M513x542S14c30488x511S17752493x458S15552487x497S22f00488x481
koprocesor (IMoTeSP),,469,M540x572S14c02509x427S14c0a460x445S26c00513x451S26c18461x430S2fb04491x473S15d39491x549S20500524x548S15412495x539
korále (UPOL),,3145,M528x529S36d00479x478S1ce10465x471S20500455x485S20500506x498S20500518x487S28a06482x512S20500486x498
Korea (UPOL),,2914,M569x525S2ff00482x483S15d11520x481S28805549x484S22a02549x501S18010520x510
korektnost (IMoTeSP),,1476,M534x521S1ce10512x491S1ce18465x491S26500493x488S2f900494x478
kořen (IMoTeSP),,643,M536x596S10013506x560S20350479x428S14c04474x447S22b14479x495S10c1a467x567S22134472x479S22134472x483S10c1a464x404S22f03492x575
koruna B (UPOL),,4100,M516x535S15451492x490S1795a496x515S20500485x503S22a04496x466
koruna C (UPOL),,4101,M542x523S30105482x477S15451507x474S2f900531x496S22a03529x462
koruna D (UPOL),,4102,M518x518S26606486x464S20610483x485S10010464x467S2ff00482x483
koš (UPOL),,4550,M530x535S37800482x466S3780c483x481S20319509x466S10011495x505S20500491x492S2a20c471x503S20500473x481
kosa (UPOL),,4103,M535x591S32a10482x483S33500476x483S20350499x538S20350479x562S27102459x551S27112520x529
košile A (UPOL),,3147,M530x537S36d00479x463S1ee06473x473S1ee0e504x472S22a14474x504S22a04511x504S1f400501x522S1f408467x522
kosmetika (UPOL),,4106,M545x553S30300482x477S34400482x488S18517518x507S1851f464x499S32b00482x488S22f04520x539S22f14456x534S2fd00487x537
kost A (UPOL),,2488,M537x555S30004482x483S10a00499x515S27206518x515S2f900488x520
kost B (UPOL),,2489,M543x531S12201457x472S12209514x470S37903479x492S3790b483x491S20610509x507
koště (UPOL),,4551,M546x552S2034a486x537S20342488x509S2d201508x502S2d201514x475S2d201520x448S2d211455x529S2d211461x502S2d211467x475S2fb00498x448
kostel,,254,M514x522S20600490x477S15a10502x495S15a18487x495
kostel,,467,M520x521S15d10501x494S15d18481x494S20600490x479
kostel (UPOL),,4108,M514x521S15a10502x494S15a18487x494S20600488x479
kostka (UPOL2),,4917,M535x529S1ed40502x471S1ed48474x471S24402502x496S2441a466x496
kostkovaný A (UPOL),,3149,M525x532S14450478x468S2330a476x502S14448503x490
kostkovaný B (UPOL),,3151,M555x546S1ee20468x460S1ee28445x460S1f420526x468S1f428502x466S22204453x457S22204477x458S22200515x455S22204524x456S22200534x457S22204543x457S28f2c491x492
koupat se,,1698,M550x558S20300473x488S20300511x488S21100473x509S21100513x508S23624481x526S36d00477x443S36d00480x554S37706525x495S37706448x495
koupat se (UPOL),,3833,M550x548S20300473x478S20300511x478S21100473x499S21100513x498S23604502x515S36d00479x453S36d00480x544S37706525x485S37706448x485S23614458x514
koupit,,1191,M512x533S1ea47493x505S2a200487x467
koupit,,174,M520x522S10040484x477S20300481x507S26904504x494
koupit (UPOL),,3835,M535x531S10030499x469S37800505x499S26904519x497S20300497x502S37806465x509
koupit A (UPOL),,3984,M532x524S15d18469x477S1ea10484x489S20500489x478S22e01513x505
kouř A (UPOL),,2915,M521x550S15450480x525S29808483x477S29509495x450
kouř B (UPOL),,4930,M517x532S15450500x505S22b00501x468S22622486x506S2fb01484x487
kout (UPOL),,4553,M521x537S15d48463x495S15d42479x479S20600454x482S36d00479x464S36d00479x533
kouzlo A (UPOL),,4109,M544x567S14c20521x437S14c28457x433S14c20515x536S14c28476x536S20320508x488S20320487x488S28d1c482x452S28d04495x452S22100512x506S22100486x504
kouzlo B (UPOL),,4111,M540x530S14c50516x475S14c58460x471S2e600490x495S2e618474x497
kov (UPOL),,4113,M528x531S20300504x516S1dc40504x484S37806472x523S20e00488x505S2a204483x470
kovový (UPOL),,4121,M528x534S20300504x519S1dc40504x487S37806472x526S20e00488x508S2a404482x466
koza,,1765,M518x578S35900482x482S20500496x511S14c02482x521S26504496x543S20304495x563
koza,,1766,M540x541S35900482x482S20500503x484S20500488x483S20500505x501S20500486x502S28804507x519S2880c480x519S11811515x482S11819462x480
koza (UPOL),,3389,M540x562S30004482x483S20300494x519S20500480x514S37805508x526S2d200490x539
kozačky (UPOL),,3130,M521x532S36d00479x470S37809472x469S37802472x500S15d32465x490S20500451x496
krab A (UPOL),,3390,M546x529S1ee46484x480S1ee4e455x481S26826479x513S22104458x472S22104489x472S22104506x471S22104520x471S22104471x472S22104534x471
krab B (UPOL),,3391,M546x532S16e01468x489S16e09490x489S2fb06540x505S22114455x504S22114506x502S26826486x516S20a00483x469
krabice (UPOL),,3341,M546x525S19a02500x477S19a0a481x476S27a02518x496S27a1a455x494
krabice_vlevo,,1890,M545x584S32a10482x482S1ed14460x546S1ed1c496x545S27a02517x553S27a1a436x555
krabice_vpravo,,1891,M568x580S32a10482x482S1ed14483x542S1ed1c519x541S27a02540x549S27a1a459x551
kraj (UPOL),,5391,M520x535S15d18481x468S1dc20495x465S21100505x499S22e04503x517
kráječ (UPOL),,4567,M523x522S15450508x497S15458483x497S26a10477x478
král,"kral, Václav, Vaclav",1856,M518x517S20500484x479S20600495x479S10010463x482S2ff00482x482S26606485x462
král,"rybář, upozornit, on_(ten), neslyšící, oznámit",1786,
král,,1332,M519x519S30000482x482S26606486x455S20600485x472S10010476x489S20500509x472
král (UPOL),,3258,M519x520S30000482x483S26606486x456S20600485x473S10010476x490S20500509x473
král_zamračený,,1794,M523x523S31000482x488S30304482x477S10010508x488S20600497x465S20500484x465S26506506x477
králík,,160,M533x517S30001482x482S30007482x482S11528468x454S11520516x454S22120511x442S22120464x442
králík A (UPOL),,3392,M531x518S30001482x483S30007482x483S11520513x458S11528475x458S22124509x446S22124469x447
králík B (UPOL),,3393,M526x518S30001482x483S30007482x483S11508472x460S11500510x457S22124504x448S22124468x448
Kralupy nad Vltavou (UPOL),,5395,M523x546S37809491x454S37806491x485S25504492x507S20312491x531S15512487x489S20500477x484
krásne (UPOL),,5396,M580x531S2ff00482x483S15220551x500S1ea10520x504S21a22543x488
krásný,"krásná, krásné, krása",2335,M582x527S15220552x496S2ff00482x483S21a22545x485S1ea10521x496
krásný (UPOL),město B (UPOL),4123,M571x532S31600482x483S14c20533x501S21a12525x492S2df06536x461S18507516x445S2fb06565x477
krást (UPOL),,3556,M552x539S16e48518x496S2df0a533x503S20310522x524S36d00479x461
kraťasy (UPOL),,3160,M541x550S36d00479x450S36d00479x487S18014458x507S1801c511x506S26a02521x522S26a16468x523S21100494x530
krátké vlasy A (UPOL),,2493,M538x518S30d00482x483S1dc21508x464S1dc29459x464S22203514x458S22201522x486S22205477x458S22207469x488
krátké vlasy B (UPOL),,2496,M545x529S2ff00482x483S1f100508x487S2c305518x505
krátký A (UPOL),,3161,M529x534S3790a471x466S37803471x504S17f32485x514S22a01516x506S2f900507x498
krátký B (UPOL),,3163,M546x542S36d00481x509S36f00479x458S36f50467x458S1801c516x527S18014457x527S22a00528x507S22a10461x506S2f900529x497S2f900462x498
krátký C (UPOL),,4157,M565x515S10040511x485S10048476x485S26602535x497S26616435x497S2f900536x488S2f900454x489
krátký rukáv (UPOL),,3311,M521x520S36d00479x480S3780a465x481S15d32455x482S21100472x506S26506485x490
KRÁVA,,5773,M587x518S2ff00482x483S19a28448x486S19a20521x489S20500516x485S20500473x486S2d606565x486S2d61e416x474S19a08443x455S19a00537x462
kráva,,5828,M547x518S34c00482x483S19a10519x491S19a18452x488S2df0f527x465S2df17451x464
kráva A (UPOL),,3394,M544x523S30104482x477S19a12521x483S19a1a461x482S2a21d457x456S2a205523x458
kráva B (UPOL),,3395,M564x523S30104482x477S16c27465x477S16c2f511x476S22a11457x467S22a07529x467S20321543x450S20321438x448
kravata A (UPOL),,3165,M524x548S36d00479x452S1ed0e491x490S1ed06488x522S22a00493x469S21100511x471
kravata B (UPOL),,3166,M521x538S36d00479x462S10e10494x470S29504497x507
křeč (UPOL),,2497,M546x542S11051494x497S1105b473x476S26505522x519S26511463x466S2f900535x537S2f900454x458
krém (UPOL),,4794,M533x515S37906467x496S1555a507x492S15a51476x485S21100467x501
křeslo B (UPOL),,4610,M561x540S15d04525x513S15d0c456x513S36d00479x461S36d00479x517S15d50525x481S15d58456x481S2b705547x499S2b714439x499
krev (biol),,2110,M527x521S37602473x479S10012480x506S27107500x480
krev (biol),krvácet z nosu,2168,M566x568S33100482x483S14c01513x509S14c07461x513S22b05542x527S22b05529x540S22b13435x531S22b13449x544S22521500x497S22527475x497
krev A (UPOL),,2498,M513x540S14c00490x473S22b04494x510S22620487x461
krev B (UPOL),,2499,M521x528S36d00479x473S3780a462x476S37804464x508S15831479x498S22611470x489S22a05505x514
krev C (UPOL),,2500,M521x538S36d00479x463S3780a461x466S37804461x498S10a51470x490S21100466x508S26c0b449x520
krev D (UPOL),,2502,M542x526S3780a463x477S37804463x509S10013476x493S27200502x506S36d00479x475
krev se rozlévá (UPOL),,2761,M532x600S32a00479x483S36d00479x588S14c03498x574S14c0b472x574S20300502x539S20300480x539S22a14481x558S22a04503x558S21100519x552S21100467x553
krev se rozlévá A (UPOL),,2791,M521x531S36d00479x469S3780a464x469S37803464x501S14c51464x475S22b04495x491S21100480x504
krev se rozlévá B (UPOL),,2792,M553x519S33c00482x483S14c10513x484S21100540x486S22a04539x504
křičet A (UPOL),řvát (UPOL),3836,M586x537S34700482x483S19a10515x513S19a18456x513S19a20558x506S19a28412x506S2e027437x503S2e00f541x503
křičet B (UPOL),,3837,M554x557S36320493x497S36a00482x477S10047502x511S1004f474x519S23407525x492S23411451x500S2fc04497x546
kriminální (UPOL),,3480,M521x528S36d00479x473S1ea01465x485S20500460x482S2a531448x503
kritická sekce (IMoTeSP),,1030,M529x586S15d16483x449S15d12484x413S11012501x524S1100a472x524S11002502x570S1101a474x571S20500496x514S20500495x561S26520513x430S2f900515x422
kritický A (UPOL),,4159,M537x578S10003480x555S1000b444x557S10001486x518S10009446x517S23010419x542S23000512x540S31500482x483
kritický B (UPOL),,4160,M555x564S1c520525x536S20500519x536S20500503x533S20500484x537S20500472x550S32a00482x482S33b00482x483
kritizovat (UPOL),kritika,3838,M560x600S10003503x577S1000b467x579S10001509x540S10009469x539S33c00482x483S23000535x562S23010442x564
křivka (IMoTeSP),,1477,M546x527S10028453x487S10050473x497S2880a482x486S29f07498x488S29f0b519x473
křivý A (UPOL),,4176,M525x627S15a52497x600S15a56498x615S2c100499x565S2c100493x532S35610482x483
křivý B (UPOL),,4177,M534x591S15a10519x527S35610482x483S29904520x559
křivý C (UPOL),,4178,M524x536S15a50477x464S28a0b494x475S15a40510x509
křižovatka (UPOL),,4179,M514x533S11050487x468S26e0a487x502
krk (UPOL),,2406,M522x540S35d04483x477S1ed0e486x514S22a04509x523S36a00482x477
Krkonoše (UPOL),,5397,M518x538S20600474x527S36a00482x477S1ed42496x501
krok (IMoTeSP),,152,M535x532S1000a464x467S11502485x471S22a04502x492S2da06519x503S11502488x512
krokodýl (UPOL),,3396,M535x532S14e38465x501S14e50467x469S23404498x490S23410498x507
Kroměříž (UPOL),,5398,M532x518S2ff00482x483S1f020503x488S2b704518x459S22236510x457
kroupy (UPOL),,5399,M536x538S1ce10513x463S1ce18464x463S22b04507x498S22b04520x498S22b14464x498S22b14476x498S2fd00487x532
krtek (UPOL),,3397,M550x527S17040474x475S17048511x475S26b12451x474S26b06532x473S37801512x495S37809481x494
kruh A (UPOL),,4828,M516x524S1df04490x476S2e806484x509
kruh B (UPOL),,5367,M527x516S10a51494x485S2e806473x501
kruh C (UPOL),,5349,M512x531S10050493x501S2e500489x470
kruh D (UPOL),,5483,M513x528S10a20487x502S2e300488x472
krumpáč (UPOL),,4180,M578x573S20310532x507S20318524x530S31600482x483S32a10482x483S2a622540x550S2a622561x550
krůta (UPOL),,3398,M518x587S30300482x477S18532494x529S24804493x559
krvácení z nosu (UPOL),,2505,M547x551S14c00520x486S33100482x483S22b04525x521S22620521x476S21400493x474
krvácení z nosu A (UPOL),,2581,M576x563S33200482x483S14c09520x499S14c01548x500S22b14557x533S22b04522x533S22620523x487S22620550x488
krvácení z paže A (UPOL),,2579,M536x576S37809471x533S3780f472x564S10011475x546S36d00479x530S27000496x547S33c00485x483S32a00485x483
krvácení z paže B (UPOL),,2580,M518x593S32a00482x483S33c00482x483S37809468x538S37701469x569S14c51463x541S22b05442x567S21100453x557
kšilt (UPOL),,3174,M523x528S20500477x480S10010497x498S2d700480x461S20500513x479S30001482x483S30007482x483
Kuba A (UPOL),,2916,M541x532S2880e491x520S2ff00482x483S20500484x504S20500531x502S15400513x503
Kuba C (UPOL),,2917,M545x519S34600482x483S17610507x503S26607523x483
kuchyň (UPOL),,4181,M527x511S1ea10473x490S26b00500x493
kuchyň A (UPOL),,4616,M540x600S34600482x483S1ea14517x555S2f005517x579
kudrnaté vlasy (UPOL),,2582,M564x525S32a00482x483S10a10529x490S10a18458x497S2ea00549x491S2ea44437x500
kudy A (UPOL),,2918,M527x533S15d3a474x495S15d40486x506S21100514x501S2dc0e502x467
kufr A (UPOL),,2920,M580x527S19a14524x507S36d00479x518S36d00480x474S22f04555x512
kufr B (UPOL),,2921,M595x555S37105475x464S1ed26572x489S1ed06563x483S26504573x522S26510566x465S22a04574x540S22a14567x446S20500585x476
kufr B (UPOL),,2922,M558x560S37105475x440S1ed26535x494S1ed06526x488S26504536x527S26510529x470S22a04537x545S22a14530x451S20500548x481
kulhat (UPOL),,3956,M550x580S36300482x483S10014467x550S1001c511x546S2ba00519x524
kulma (UPOL),,4574,M575x518S34600482x483S11502516x482S2d200549x476S2d200537x453
kultura,,114,M567x521S2ff00482x483S10012496x491S1001a474x506S2e800531x486S2e844452x488S26512430x497S26506552x497
kultura,,31,M570x535S2ff00482x483S2c300532x489S2d214443x491S26606540x509S26612425x490S10011508x490S10019470x505
kultura,,506,M533x537S2ff00482x482S10011506x488S10019468x507S29506502x522S29512463x491
kultura,,71,M530x577S2ff00482x483S10012497x491S1001a472x498S2e800510x517S2e844474x524S2fb04496x551S26506515x563S26512474x563
kultura,,756,M556x537S2ff00482x483S10012497x491S1001a468x506S2e800535x486S2e844443x489S2fb04493x531S26506541x521S26512437x521
kultura (UPOL),,5400,M554x577S2ff00482x483S10012499x512S1001a473x507S10020519x484S22e00537x496S2e734472x530S26506516x558S26512473x558S2fb04494x571S2e700516x530
kůň,,5734,M552x531S15a10540x489S34600482x483S30000482x483S30004482x483S20500495x470S20500497x520S2a602521x491
kůň (UPOL),,3399,M561x522S2ff00482x483S20500495x481S20500496x511S15a10527x482S2a602544x491
kupovat,,1672,M526x520S26b24474x502S20300506x505S10041505x480
kurz,účet,278,M526x517S10049493x487S10041505x487S20600475x483
kus A (UPOL),,5706,M519x522S1d540498x478S22f03482x501
kus B (UPOL),,5524,M522x519S1ea02501x482S1ea0a478x482S20600489x508
kůže (UPOL),,2490,M526x553S30004482x483S1f800494x508S29903484x525S21100513x517
kůže A (UPOL),,3156,M524x543S2ff00482x483S20300491x510S21100511x514S22a04493x528
kužel (UPOL),,5673,M515x544S15d38485x506S15250495x494S21414491x536S22a00496x475S18550486x456
kvádr (UPOL),,4525,M533x535S1ed40503x477S1ed48472x477S20500496x465S23d04506x501S23d1c468x501
kvadratická funkce (IMoTeSP),,1452,M533x533S37906467x516S15a4a506x511S15a40474x467S28f06476x496
kvadratická rovnice (IMoTeSP),,1735,M524x580S11502475x420S26506508x421S15d49480x451S1ea00488x461S20500505x451S20500489x489S10019479x503S10011489x503S1dc27475x550S22b07500x537
kvalifikace,"kvalitní, prima",1281,M544x545S1ce10522x483S1ce18455x482S2ee0a502x454S2ee12471x454S2fb00491x523S2f900494x540
kvalita (biol),,2272,M530x527S1d510508x474S1d518473x474S23004505x509S23014470x509
kvalitní (UPOL),speciální (UPOL),4182,M544x527S1ce10522x497S1ce18460x497S26b00517x474S26b10457x476
kvantifikátor (IMoTeSP),,266,M523x547S10e08491x453S10002493x461S20700502x509S1ef10493x527S1001a476x532
kvantita (biol),"množství, sklad, materiál, obsahovat A (UPOL)",2273,M525x550S14c39486x506S14c51484x487S23610479x533S22b04509x450S22b04476x450S22b00492x450
kvarterní (biol),"čtvrtá_třída, čtverý",2274,M512x522S14500489x491S21900494x479
kvést,"pučení, kvetení, pučet",5803,M562x618S35000482x483S22f00508x566S1563e467x575S22110536x585S15636509x587S22f10466x553S2fd04483x612S22110433x575S26620493x529
květ,květina,5792,M518x556S17736493x536S33100482x483S26500493x512S14c00488x480S21e00493x528
květen,,747,M538x628S2d200498x576S11509483x550S11501505x601S20500504x535S11501500x548S1bb00487x487S21410523x566S2ff00482x483S21b00497x472
květen,květina,106,M518x517S2ff00482x482S1bb00487x486S21d00491x472
květen A (UPOL),,2532,M521x543S36d00479x457S10003489x458S10001489x513S1000b459x458S10009466x513S29f0c487x477S29f14472x477
květen B (UPOL),,2533,M521x544S36d00479x460S29f14472x480S29f0c487x480S11503489x457S11501490x517S1150b462x457S11509466x516
kvetina,,319,M518x517S2ff00482x482S1bb00487x486S21d00491x472
květina (UPOL),,2531,M518x518S33100482x483S21d00491x471S1bb00487x487
kýbl (UPOL),,4183,M547x539S15a30488x512S15a30504x512S23d10455x496S23d08520x496S15a40533x462S15a48454x462
Kyjov A (UPOL),,5404,M559x531S26a02545x504S37902520x470S37703520x491S20311505x479S36d00479x470
Kyjov B (UPOL),,5405,M557x550S36d00479x450S36d00479x506S14c50504x473S14c58472x473S14c1c534x501S2b707525x486S14c14444x501S2b712450x486S22a04540x535S22a14448x535
kýla (UPOL),,2583,M567x535S36d00479x466S36d00480x514S12203521x506S26500553x512S2f900556x504
Kypr (UPOL),,2923,M582x520S1ee10498x496S1ee18474x496S20500493x480S28806529x505S2881e449x508S1f410553x501S1f418419x503
kyselina (biol),,2023,L518x559S2ff00482x483S2e300492x532S14e00490x502
kytara,,5381,M575x546S36d00478x482S36d00480x542S15032498x516S15008432x471S22130428x461S22130427x454S23700536x524
L,,345,M512x522S1dc20488x478S2f900498x517
labuť,,5811,M519x536S36a00482x477S22b00492x486S17e00496x521
labuť (UPOL),,3400,M517x563S11938485x526S11950495x526S21414485x555S26520492x501S2b720484x438S2c620488x469
ladění (IMoTeSP),,172,M527x588S1440a475x444S14402483x417S22126511x443S22122472x413S22b24487x472S11549475x558S11541486x561S20e00498x545S26a07506x531
laik (biol),,2288,M542x520S32a00482x481S33c10489x502S33806515x502S33802472x502S18020511x466S20500512x477S22100515x451S22100530x451
lak na nehty A (UPOL),,4607,M538x542S1155a462x527S1005a462x476S11952480x510S11952480x464S20e00509x466S20e00509x512S26a06524x459S26a06524x505
lak na nehty B (UPOL),,4608,M532x557S14c59469x470S1d451492x455S1d451488x510S14c59469x531S26a07511x444S26a07507x499
lak na vlasy (UPOL),,4609,M537x518S32a00482x483S10a00522x469S29802484x453S29806473x467
lakomý A (UPOL),,4188,M532x520S1f558468x501S1f550492x505S20e00487x492S26b00505x481
lakomý B (UPOL),,4189,M546x532S14e50520x470S14e58454x468S22a04528x508S22a14461x507S2f900530x527S2f900462x527
lámat A (UPOL),,3957,M559x618S32a10476x483S33806512x496S33c10483x503S20350420x552S20350437x552S20350473x546S20350490x546S20350519x555S20350537x555S2a209439x567S2a201412x567S2a201466x561S2a201515x572S2a209492x562S2a209539x571S26826467x602
lámat B (UPOL),,3958,M562x618S32a10476x483S33806512x496S33c10483x503S26826467x602S18548397x567S18526415x577S18548451x556S18548506x568S18526471x567S18526525x579S22b04435x556S22b04490x549S22b04546x557S20e00424x563S20e00479x553S20e00534x564
lampa A (UPOL),,4575,M541x593S20350522x525S22a04523x544S15250521x562S33b00482x483
lampa B (UPOL),,4614,M515x534S20337485x513S22a00489x495S15237488x466
lano A (UPOL),,2924,M539x552S20300493x489S20306491x503S37804507x497S37807461x512S29a00485x449S29914499x520
lano B (UPOL),,2925,M550x558S20302483x526S20306477x541S20350500x443S20350484x443S22c07493x492S29212450x443S2920a519x443S37705496x533S37707454x551
láska A (UPOL),,4192,M525x530S36d00479x471S1ed0d473x487S20500468x481S20500515x519S22a05499x507
láska B (UPOL),,4193,M521x540S36d00479x461S10b02491x483S10b0a450x485S28c0a485x504S21100476x490S28c12453x505S22a03488x525S22a15464x526
láska C (UPOL),,4194,M586x520S36d00479x480S17311520x498S17319501x498S26f20546x502
laskavý (UPOL),,4195,M535x600S26510521x579S33c00480x488S14c02475x549S14c0a477x577S30300480x477S26500447x548S37000474x533S20500464x553S20500510x584
látka (biol),,2129,M540x607S1ea40512x576S1ea48464x574S27214455x553S27200500x550S34c00482x483S36d00478x525S36d00480x603
látka (UPOL),,3891,M540x607S1ea40512x576S1ea48464x574S27214455x553S27200500x550S34c00482x483S36d00478x525S36d00480x603
lavina A,,5407,M539x573S14c58479x518S14c50515x507S2ff00482x483S25623497x549
lázně A (UPOL),,5382,M521x546S36d00479x454S14c0a481x486S14c02487x461S21100494x513S23624481x529
léčba (UPOL),,2715,M535x526S11549466x498S11541480x499S20e00493x488S26b07507x474
lecit,,33,M516x532S11548484x502S11502483x503S20e00494x488S26b00489x467
léčit (biol),,2130,M530x531S11549470x501S26b07502x470S20e00496x487S11541486x504
leden,,317,M593x513S15d5f407x490S15d31431x489S15d31570x487S15d5f546x488S15d57502x488S15d39477x488
leden A (UPOL),,2534,M568x558S19a00500x535S19a08471x535S23614427x541S23600529x540S34700482x483
leden B (UPOL),,2535,M532x527S15d41491x504S15d4f469x504S2dd0f501x475S2dd1f472x473
lednice,,5845,M561x596S34700482x483S20340509x539S20348475x539S2fb00494x559S2f700526x589S2f700456x589S26502527x539S26502546x539S26506526x556S26502526x572S26516457x538S26516439x538S26512457x555S26516458x571
ledviny (UPOL),,2584,M569x533S36d00479x468S36d00479x515S10033530x491S26a03548x512
lehátko (UPOL),,2927,M554x534S1ea41499x493S1ea49473x492S29211447x466S2920b528x507
lehkomyslný (UPOL),,4197,M556x617S30007482x483S10011518x490S15d31504x579S15d39467x577S2d215447x593S15d49533x562S2d204516x590S15d4f439x566S2f700492x609
lehký (UPOL),,4198,M544x515S15b00532x486S15b08456x487S2e513469x491S2e50b504x492
lék (UPOL),,2585,M519x517S15d39482x484S20341488x489S21100506x503
lékař,"doktor, docent",1083,M527x529S1521a488x509S20600505x494S22f04488x471S1ce12472x488
lékař (UPOL),,2365,M529x520S1571a481x502S1ce12472x480S20600507x490
leknout se (UPOL),,3959,M542x596S31a00482x483S34a10495x506S36d00479x534S20300521x565S20300473x566S20e00491x567S20e00508x567S2c645467x580S2c634525x579
lektor (UPOL),,4199,M563x552S17620444x514S17620478x513S26500477x484S26510443x485S26510525x484S26500549x485S26826473x536S21b00445x502S21b00482x502S21b00528x503S21b00553x505S14c20474x448S14c28437x450
léky (biol),,2103,M525x601S15d39482x557S34700482x483S20341504x580S21100487x585S2d502492x569S15d41497x550
Lenka,,177,M541x544S30005482x482S20e00513x511S14713521x517S26502495x530
Lenka Fiedlerova,,2310,
lepidlo A (UPOL),,4200,M548x544S34700482x483S1f110519x529S22114509x520S20600493x530S20500481x530S22104496x521
lepší (UPOL),,4202,M547x588S1ce20525x558S14c20522x504S22a00526x537S2f900515x563S35c00482x483
les,,451,M533x534S14c18467x465S37800477x495S14450511x503S2d60e484x493S20f00483x520
les (UPOL),,5338,M534x526S3780a503x490S20319513x474S37800503x488S14722495x512S2d60e469x488S20f00467x514
lesba A (UPOL),,4203,M552x523S33010479x488S30102479x477S1000f517x501S20600514x486S26a00511x470S2f700540x482
lesba C (UPOL),,4204,M548x527S1c512461x478S1c516507x492S37906488x489S37906467x510S22210452x502S22214527x493S20e00513x474S20e00469x515
lesklý (UPOL),,3175,M521x535S20359486x514S1c551496x495S20e00480x500S2a204487x465
lesknout se (UPOL),,3960,M519x535S20359484x514S1c551494x495S20500482x505S2a900497x465
let (UPOL),,3250,M528x511S19a20472x489S26606498x495
let_raketou,,5788,M533x529S15442508x514S10001501x490S22c21467x471
letadlo A (UPOL),letiště C (UPOL),4205,M550x527S19a50522x507S25600528x475S36d00479x474
letadlo B (UPOL),,4206,M559x528S36d00479x473S15d5f454x502S15d57519x505S25511436x481S25507540x484
letalita (biol),,2133,M541x576S16c47506x451S16c4f482x451S26902509x425S26916477x426S20500498x435S16c48459x550S15d40522x546S2a300498x508S15d50489x549
létat A (UPOL),,3401,M559x528S15d50522x473S15d58453x473S23714441x505S23704520x507
létat B (UPOL),,3402,M519x542S19a20487x522S29d00498x468S26700481x474S2fb00493x459
leto,,477,M533x539S2ff00482x482S20500495x504S20500495x484S1c501508x514
léto,,1815,AS1c500S20e00S22a00S20500M536x523S34400482x483S20e00493x502S1c500501x495S20500495x486S22a00523x483
léto A (UPOL),,2536,M566x518S35c00482x483S1f720520x489S2df05545x488
léto B (UPOL),,2537,M537x528S20500495x486S22a00524x491S1c500501x500S35c00482x483S26500523x474
letos,,394,M539x521S19a30511x479S19a38461x480S22a04518x505S22a14469x506
letos (UPOL),,2538,M535x521S19a30507x479S19a38465x479S22f04509x507S22f14468x507
lev,,1780,M551x517S2ff00482x482S14c20528x457S14c28450x454S2da02455x483S2da1a528x485
lev A (UPOL),,3403,M546x541S2ff00482x483S14e00510x483S14e08465x482S24813459x517S2480b525x517
lev B (UPOL),,3404,M528x524S37906473x487S14e02473x477S20356513x482S21100479x509S26606496x508
levá,,1628,M520x522S15d08501x495S26a01480x478S2f900495x495
levný (UPOL),,4213,M527x528S15a48473x490S15a40515x473S15a50487x494S20e00483x478S2a603504x505
ležet,leží,5350,M531x521S15a50470x483S2930a485x479S2f900471x516S2f900498x497S2f900520x497
ležet,leží,5401,M513x523S1535a488x478S22a04494x498S2f900495x518
ležet A (UPOL),,2926,M541x541S10030511x480S10038473x480S37800516x509S37800480x508S22a14528x511S22a04458x510S37104476x459
ležet C (UPOL),,3968,M522x543S15a52494x531S15a56481x518S30004482x483S20500512x516
ležet D (UPOL),,3969,M518x525S15d39482x502S11551491x476S20500487x510S22a04484x491
ležet E (2 osoby) (UPOL),,4625,M522x525S11550507x476S11558479x476S22a24494x510
Libanon (UPOL),,2929,M572x540S1ee10497x461S1ee18475x460S22a13459x479S22a13458x504S22a13462x526S22a05527x479S22a05525x502S22a05523x526S1f410543x490S1f418428x490
líbat A (UPOL),,4215,M561x559S1570b482x481S15721500x501S26a11465x465S26a05520x517S18509439x441S18527542x532
líbat B (UPOL),,4216,M518x549S2ff00482x453S15700491x471S21a02479x468S2ff00482x513S18501486x530
Liberec (UPOL),,5409,M566x523S20340551x482S20348435x489S20b00494x510S22a02532x483S22a16453x490S15249503x480S15241469x478S37807475x503S3780f490x502
líbit se (UPOL),,3228,M531x551S30114482x477S10000488x515S20e00512x523S22f04506x537
lichá čísla (IMoTeSP),,1479,M535x515S1f502465x491S1dc27475x484S2930a494x486
liják (UPOL),,5410,M551x576S30900482x479S32a00482x487S31600482x487S22b23516x542S22b23527x552S14c20528x508S14c28491x508S23023487x541
likvidace A (UPOL),,4219,M514x538S15d38487x497S15d50491x511S21100501x483S22a00500x462
likvidace B (UPOL),,4220,M525x522S10021475x478S22b05501x497S22b03497x498
likvidace C (UPOL),,4221,M543x523S15d0a457x504S15d40524x477S15d02489x504S2d501499x489
limit,max.,1266,M520x522S15a57479x478S15a51496x495S20b00507x483S22a00487x507
limit (IMoTeSP),,831,M517x531S15d51484x490S15d1a483x469S20500507x487S22a00488x516
limita (IMoTeSP),,1480,M546x523S1dc20455x478S1f110517x490S22a06493x490S2f800484x512
limonáda,,5790,M508x517S1f502493x493S21900494x484
lineární (IMoTeSP),,728,M523x533S10018476x492S10011489x503S22c07490x468
lineární funkce (IMoTeSP),,1451,M533x534S10027503x467S37906466x514S22d03467x497S15a4a506x510
lineární funkce (IMoTeSP),,1481,M533x537S10050518x462S22d03467x500S37806469x518S15a1a500x513
lineární rovnice (IMoTeSP),,1727,M524x556S11502476x443S26506509x444S15d49481x474S1ea00489x484S20500506x474S20500490x512S10019480x526S10011490x526
linka (IMoTeSP),,832,M534x528S1d510486x493S1d518465x499S26607512x472S20500478x486
líný (UPOL),,4228,M562x590S34200482x483S14c04519x559S14c0c462x558S26b12441x559S26b06544x560
liška,,1778,M521x540S14c2e374x517S27100416x520S36d00479x461
liška A (UPOL),,3405,M573x534S36d00478x467S36d00481x515S14c27530x493S27101546x508
list,,1223,M546x536S10001505x469S10009479x470S23d04519x464S23d1c454x465S23d02509x498S23d1a460x499S2fb04495x530
list (IMoTeSP),,641,M540x573S14404518x464S1440c461x466S1f750515x428S22a14468x448S1440c465x542S10003499x537S20600490x561S22a04520x448S1f758466x428
list A (UPOL),,5411,M531x534S37809476x467S37906476x498S11550505x492S22b02471x518S2035a516x491S20610469x505
list B (UPOL),,5412,M547x525S1ef48454x490S1f440518x510S20500483x476S29905487x495S22204520x502
list C (UPOL),,5413,M528x543S37809472x458S37906473x488S2035a513x481S11550477x481S20610477x514S22b06479x527
list papíru (UPOL),,4719,M527x531S1ce40498x470S1ce48477x470S24302500x502S2431a473x502
listopad,,620,M526x542S37700510x500S37706474x533S20356503x527S20500516x514S10000503x470S21800502x457
listopad A (UPOL),,2539,M527x542S37700506x500S37706474x534S20356499x527S20500512x514S10000499x470S21810499x458
listopad B (UPOL),,2540,M523x531S16f36503x505S10a40497x483S21810482x470S21400477x497
listovat (UPOL2),,5725,M521x526S15d3a485x475S10010506x488S2a300480x490
lišty,,434,M555x527S1f050526x474S1f058447x474S26604539x497S26614446x495
lítat hmyz,,5834,M546x617S14c41517x561S14c49443x537S22520514x541S22520444x520S2a100497x583S2a119452x561S36100482x483
literál (IMoTeSP),,175,M543x595S33b00482x482S1f502492x505S26500512x509S15d48472x565S20500492x562S11002494x575S26502528x581
Litoměřice (UPOL),,5414,M534x536S36d00479x465S36d00479x532S15d01477x474S37703495x492S15d09501x474S3770b484x492S20500524x484S20500467x484
litovat A (UPOL),,3970,M530x619S10030515x575S10038476x575S2db16480x548S2db0e510x547S2fb04499x613S30908482x479S31630489x496
litovat B (UPOL),,3974,M538x557S31630490x497S30908482x479S22a04521x513S22a14466x514S15410522x486S15418463x486S15310523x532S15318464x532
litovat C (UPOL),,3975,M563x522S30908482x479S31030488x493S35410493x511S20301512x481S20610529x496
Litva A (UPOL),,2930,M520x518S2ff00482x483S10e22478x480S26606490x461
Litva B (UPOL),,2931,M519x518S2ff00482x483S10e02475x486S26606489x462
loď,,2324,M523x530S15d41500x507S15d49477x507S26600505x471S26610486x471
loď,,2325,
loď (UPOL),,2901,M523x531S15d41500x507S15d49477x508S26620490x469
lodičky A (UPOL),,3176,M533x535S15a57467x512S15241483x492S20500468x494S2c600509x488S18541506x466
lodičky B (UPOL),,3177,M544x614S36e00477x525S1dc1c520x558S1dc14464x559S2da06513x585S2da16478x585S2fd00493x573S33c00480x483
logika (IMoTeSP),,1000,M566x644S30007482x482S20800475x572S2e201539x516S20800504x606S10011520x491S20800493x527S1ce20495x533S1ce28462x579S1ce20506x614S1ce00480x533S1ce08476x578S1ce00490x613
logika (IMoTeSP),,298,M566x626S30007482x482S10011518x492S2e201539x516S1ce48478x545S1ce10494x547S20800493x536S1ce18460x575S1ce40477x576S1ce10506x596S1ce48490x596S20800504x587S20800473x569
logo- A (UPOL),,2587,M549x530S34400482x483S10a00505x504S2e300526x503
logo- B (UPOL),,4229,M551x531S34400482x483S11800507x504S2e500528x502
lokální (IMoTeSP),,191,M517x520S15d28482x489S1c531492x479S21100501x506
loket (UPOL),,2588,M521x522S37809472x478S37704471x509S15d02465x494S36d00479x478S20602454x497
Londýn,,5623,M557x525S34400482x483S10011522x495S2f000536x489
Londýn,,5850,M584x518S34400482x483S10012526x495S2f000563x491
loni (UPOL),,2541,M538x568S36d00479x476S1f502509x491S36d00479x539S20e00524x480S1f520514x553S20500507x546S22a04525x494S36a10489x525S36a10491x462
lopata A (UPOL),,2932,M536x518S15d30517x488S15d50464x488S2a300487x482
lopata B (UPOL),,4230,M537x551S15d30518x454S15d50463x454S1ea48501x523S2a300489x450S2a310474x515S2fb00494x503
losovat A (UPOL),,3990,M526x517S1ce50474x484S23000501x499
losovat B (UPOL),,3991,M527x674S31600482x483S14c49467x544S14c34486x563S2ea36487x596S1ce50490x641S22e00510x656
Lotyšsko A (UPOL),,2933,M554x533S36d00479x468S1dc20514x480S20500544x499S22e04522x515
Lotyšsko B (UPOL),,2934,M536x544S36d00479x457S1ee10463x470S1f402521x515S22b05491x495
loučit se A (UPOL),rozloučit se A (UPOL),3992,M544x572S3080a482x444S30802482x512S20300488x489S20300467x486S20300494x557S20300513x553S26500530x551S26500507x486S26510476x555S26510449x482
loučit se B (UPOL),rozloučit se B (UPOL),3993,M526x524S16c0d480x484S15a0b475x477S20a00508x489S22f24482x510
loučit se C (UPOL),rozloučit se C (UPOL),3994,M572x523S30306482x477S14c20530x482S27102557x483
louka,,100,M560x563S11512483x523S26a02448x516S20e00466x522S14c12529x518S2e702535x548S2ff00482x483
louka (UPOL),,5415,M518x531S11512484x516S2ff00482x483S2d70e455x480S11550496x448
loupat A (ovoce) (UPOL),,3995,M557x615S14e38480x552S1e150509x548S33c00482x483S2d501538x579S2d501508x579S2d501523x579S26826495x599
loupat B (ovoce) (UPOL),,3996,M542x599S15436480x584S1c551487x558S26b05514x556S35700482x483S33b10493x508
loupat C (ovoce) (UPOL),,3997,M540x606S15314483x565S1531c502x564S1533e513x589S15336462x591S2a211461x566S2a209520x564S33c00482x489S30154495x477
loupat D (o pokožce) (UPOL),,3998,M569x587S15d57484x554S1d450493x559S20500476x570S2a20f521x558S2a20f546x561S34200482x483
loupat E (o pokožce) (UPOL),loupat se,3999,M567x537S34200482x483S1d451526x504S20500517x516S2a207544x494S36e00477x525
lovit,"ulovit, chytit",1347,M532x535S10048493x503S10040491x465S22e00515x475S22e10468x517
Lucembursko (UPOL),,2935,M527x517S1dc20473x483S2e501504x490
lump (UPOL),,4231,M542x527S37906491x511S37909491x474S20500476x516S37805510x515S21400458x519S16d10495x506S26500472x499S20310470x482
lupa (UPOL),,4232,M549x563S31620482x483S1ea10515x523S27100509x548
lustr (UPOL),,5076,M531x564S1f148470x467S1d440502x454S1d440502x536S1f148470x549S2891e470x438S28906502x437S2c607502x516S2c613470x516
lýza (biol),,2111,M548x534S16c40497x466S16c48475x466S2a203505x493S2a21b470x492S16c50528x512S16c58452x513
lžíce A (UPOL),,4618,M555x588S1ef40502x573S1ef48469x573S20500495x559S28807535x564S1f448445x546S1f440526x546S2881f445x564S34500482x483
lžíce B (UPOL),,4619,M544x567S1ea42498x521S2f000523x515S34500482x483S16c48478x546
lžička A (UPOL),,4620,M555x590S1f040502x575S1f048469x575S20500495x561S1f440526x548S1f448445x548S28807535x566S2881f445x566S35a04482x483
lžička B (UPOL),,4621,M544x544S1ea42498x521S2f000523x515S35a00482x483
M,,111,M519x521S15d10500x494S15d18481x479S20500502x481
M,,2278,M510x513S18d50490x488
M,,281,M512x523S18c10497x493S15a18487x478S20500500x481
M,,954,M511x508S18250489x493
má,"má-na, má4",1664,M532x530S22231482x482S14c51492x492S22231484x484S15d39469x469S26501519x517
má,"mít , máš",5844,M525x526S14c51498x500S22621486x487S26501476x474
má,má2,1184,M526x525S14c57489x483S26507474x512S22237504x476S22237506x474
má_být (UPOL),,5312,M560x556S30c00482x488S10010524x501S22e04523x538S2f700546x511S22e04543x538S30354489x477S30354500x477
Maďarsko (UPOL),,2936,M577x518S2ff00482x483S1ea21509x484S2d205544x481
magnet (UPOL),,4233,M551x637S32c00482x483S11002500x537S1100a474x536S20500497x524S26502536x537S26516453x538S13d20497x622S26500510x602S2f900512x591
magnetofon (UPOL),nahrávka (UPOL),4622,M538x527S10a20508x501S10a28466x501S2e508515x473S2e518462x473
majitel,,1644,M538x524S1dc04514x494S36d10479x477S1dc0c462x494S22a24494x490
majitel (UPOL),prezident A (UPOL),4623,M534x545S36d00479x456S36d00479x526S1df04511x494S1df0c470x494S21100520x512S21100467x512S22a04521x530S22a14467x530
Malajsie (UPOL),,2937,M541x518S2ff00482x483S15d10515x460S15d18463x470S23600502x437S23614456x446
malba (UPOL),,4239,M523x529S15d3a477x479S11530508x471S21414482x502S27e05507x507
malé vesnice,,1394,M544x578S35b00482x483S1cf41456x528S22a04468x560S22a04494x562S22a04521x563S26706483x549S2fb06538x553
málem A (UPOL),,4234,M550x573S18040501x547S18048478x552S20e00495x531S25900536x540S34600482x483S21400513x568
málem B (UPOL),,4235,M573x552S34600480x483S10010515x522S27000533x520S2f700549x541S36e00477x516
málem C (UPOL),,4236,M549x523S34600482x488S30300482x477S2b735523x463S18010519x490
maličkost (UPOL),,4237,M526x519S11539481x482S11551474x494S20600504x498
malíř (UPOL),,4240,M537x565S32100482x483S1ea10504x541S1ea18469x523S27110462x550S2710c497x522
málo,,1146,M518x542S33100482x483S22f03468x521S10011497x499S20e00482x516
málo,,42,M527x548S33100482x482S20e00496x521S22f03482x527S10011506x498
málo,málo2,994,L544x586S10049484x531S10041500x531S20f01510x554S26a05523x565S30b00482x483
málo (UPOL),málo B (UPOL),2589,M531x527S10049469x475S10041484x474S20f01497x494S26a05510x506
málo A (UPOL),trochu C (UPOL),4241,M542x531S33200483x483S10011507x501S22214521x500S30d00482x483
málo C (UPOL),,4242,M551x539S34200482x483S1f020522x524
málo D (UPOL),,4244,M526x511S17050474x491S2890a497x489
málo místa (UPOL),,3042,M523x525S20340500x498S20348483x498S20600489x514S36e00477x476
malovat,,1715,M553x585S11520526x529S23704514x564S2ff00482x482
malovat,malovat2,1718,M542x604S11520520x528S11558471x548S2ff00482x482S23204516x565S23210466x584
malovat (UPOL),štětec A (UPOL),4191,M520x529S11520492x472S23704481x508
malovat A (rty) (UPOL),,5114,M518x565S33c00482x483S10000494x508S2e506490x542
Malta (UPOL),,2938,M523x521S1ed0e471x493S36d00479x479S2330a497x491
malý,malá,1966,L518x593S18210489x543S22c04489x551S30b00482x483
malý A  (UPOL),nízký (UPOL),2590,M512x534S18220489x510S27102493x466S2f900493x529
malý B (UPOL),,4245,M552x570S17040511x540S17048479x539S26f02538x530S26f16458x530S35b04482x483
malý C (UPOL),,4246,M544x549S1f020515x534S35b04482x483
malý D (UPOL),,4440,M541x515S18140512x486S18148477x486S26a02527x486S26a16460x486
malý E (UPOL),,4858,M548x572S33b00482x483S15d48468x545S15d40513x545S26a02534x545S26a16452x545
malý F (UPOL),,5008,M549x571S35b04482x483S15d48467x544S15d40514x544S26a16451x544S26a02535x544
mám,,1183,M535x519S14c53509x482S36d00479x484S22233500x498S22233498x500
mám,,992,L540x553S15800514x527S30d00479x475S36d01480x515S22231508x518
máma,"maminka, matka",2330,M527x541S20500473x511S20500517x510S30005482x483S30003482x483S10010497x511S34c10497x501
máma (UPOL),,4249,M530x540S30003482x483S30005482x483S10010502x510S20500520x508S20500477x510
máma 2,,1782,M530x536S30005482x482S10010502x506S20500520x500S20500474x503
maminka,"máma, matka",285,M544x530S2ff00482x482S20500506x496S20500495x504S10a20518x504
maminka,"máma, matka",548,M534x532S2ff00482x482S20500518x496S20500495x506S10010519x502
maminka,,1847,M518x561S15d01491x531S20500488x550S32106482x483
manažer,řídit (něco),1224,M537x542S20330472x488S20330514x488S3780a463x504S37802520x503S26c09508x460S26c1b476x458S2fc00492x531
manažer (UPOL),,4251,M537x539S20330472x491S20330514x491S3780a463x507S37802520x506S26c09508x463S26c1b476x461
manipulátor (IMoTeSP),,942,M549x586S15d48458x540S10041478x556S26600476x507S15d48451x415S1ef46534x427S1ef40472x430S22a02508x432S20500473x415S20500485x543
manšestr (UPOL),,3178,M530x540S1f026470x461S22b04471x510S22b04493x510S22b04514x510S26706476x492
mapa A (UPOL),,2939,M539x518S15d38490x482S15d52479x498S20f00513x498S26a02461x491
mapa B (UPOL),,2940,M543x523S30006482x483S15d10518x496S33b00482x483S20600521x483
marmar,,5809,
marně se snažit,ne a ne,1348,M539x581S20301457x546S20301518x547S22f15470x560S35d04482x491S22f03505x560S30152491x475S30156500x481
Maroko,,2018,M522x524S2ff00482x483S15a02495x483S15a0a483x512S22f04455x485S22f10456x501
Maroko,,5380,M546x537S2ff00482x483S15d32487x469S15d3a486x518S23100518x474S2311c520x513
Maroko (UPOL),,2943,M557x546S2ff00482x483S15d02498x482S15d0a484x527S26b00530x484S26b10519x528
martext,,5810,
máš,"má, mám, mít",5853,M518x603S14c50487x572S22620485x558S26500491x535S35000482x483
masáž (UPOL),,4256,M544x521S1f550519x506S1f558460x506S26b00517x480S26b10456x480
maska (UPOL),,2542,M545x524S2ff00482x483S15000490x493S26a00518x509
maso,,247,M532x519S1f711469x495S15d09468x482S27120493x504S20800493x488
maso,,259,M529x521S26a20502x497S15d09471x484S20700496x480S1f941479x499
maso,,446,M531x521S17e07488x495S15d09469x484S20700494x478S26a20504x495
maso,,5463,M546x533S34c00482x477S36a00482x477S10b11509x512S20600524x501
maso (UPOL),,4712,M538x519S15d09463x481S1f741465x497S20800485x492S27120499x491
mast (UPOL),,2591,M520x517S15d39481x483S15d51490x494S21100507x490
materiál,"zásoba, obsah 2 (IMoTeSP), materiál (biol)",45,M528x525S14c37501x498S14c51499x476S20600473x495S22f04472x475S22f10473x511
materiál (UPOL),,2788,M520x543S14c39483x497S14c51482x477S23600481x457S23614481x526
matice (UPOL),,4257,M541x521S1f020491x506S21200459x505S22214461x494S26700525x479S2fb00505x488
matice 1 (IMoTeSP),,1482,M564x527S10a20522x501S10a28456x500S24402531x472S2441a436x474
matice 2 (IMoTeSP),,1483,M544x633S28b0c518x420S28b14469x418S15a11521x404S15a19463x404S33b00482x482S1f502492x506S21f23453x511S22b04495x603S14e20490x565
matka,"maminka, máma",1054,M529x546S10010512x516S31900482x482S20500519x502S20500472x501
matka,"máma, maminka",4839,M533x531S34c00482x483S10020518x501S20500520x497S20500495x520
matka,,894,M532x539S10010503x509S20500471x506S20500522x504S34c00482x483
matný (UPOL),,4258,M530x526S15d5a471x489S15d51482x495S27102515x486S2f700515x475
mávnout rukou (UPOL),,4885,M518x525S15d20483x475S22e04486x507S2f700506x512
mávnout-rukama,,1587,M531x539S15d20511x460S15d28470x460S22a24495x495S15d04512x512S15d0c470x512
mávnout-rukou,,1707,M516x543S15d20497x457S15d04496x516S22a04503x493S2f700484x498
max.2,maximum,1304,M520x552S15d1a479x448S15d12489x508S22b00489x476S2f730488x536S20500510x466
mdloby A (UPOL),,2592,M565x532S31600483x483S35b04482x483S14c01509x483S14c09466x486S2e501542x480S2e518441x489S2fd00487x526
mdloby B (UPOL),,2593,M564x518S35b04482x483S31600482x483S14c01510x485S2e500541x487
mě (UPOL),"index mě, mi",3839,M553x526S1c500523x474S26603511x497S20500495x515S36d00479x499
mechanismus (IMoTeSP),,967,M530x543S14e01502x475S20700493x456S2fb04494x537S28804516x502S28804502x502S2881c472x503S2881c486x504S14e09470x475
medicína (biol),,2293,M535x525S15a1a476x513S1ce12465x488S23404498x476S20610499x494
médium (IMoTeSP),,943,M563x597S15d39477x405S1ea00487x415S20500503x403S1ce10467x482S1ce18447x487S26500464x469S26500514x466S1ce10517x482S1ce18498x486S10029440x563S10021459x563S10029512x565S10021533x566S26506547x552S26506483x551S26512436x549S26512509x552S2fb04457x590S2fb04530x591S37c1b478x412S37c1b477x411
medúza (UPOL),,3407,M541x535S29307507x499S15651480x495S15551460x512S15551494x479S15651516x465
medvěd,,388,M526x540S1f701473x461S1f709505x461S37600488x477S2e620484x507
medvěd,,699,M525x538S3780b479x478S2e620483x505S37803489x479S20301475x463S20301504x463
medvěd (UPOL),,3408,M528x540S20301472x462S20303507x461S37803487x477S3780b482x475S2e620485x507
Medvěd má skvělý čich.,,5825,
měkký,,5793,M590x571S34200482x483S15231515x542S15239468x539S1853f421x543S18537571x544S22110543x547S22110443x544
měkký (UPOL),mokrý (UPOL),4260,M543x610S34200482x483S15231515x542S15239468x539S22f04517x571S22f14466x570S18531516x591S18539464x589
měkký A (UPOL),,5142,M541x529S17d14459x514S17d1c518x514S15232510x472S1523a459x472S22f04516x496S22f14459x496
melancholik (UPOL),smutný (UPOL),4264,M541x528S34100482x483S1ce01512x470S22b04525x494S21400490x523
Mělník (UPOL),,5416,M527x521S2034a490x503S20342492x486S21100474x495S26900511x480S26910509x503
meloun,,5855,M531x593S33b00469x482S34700495x483S15408468x524S15400492x524S23622479x554
membrána (biol),,2073,M544x575S18540515x560S18548458x560S34700482x483S2e20e510x537S2e216456x537
méně (UPOL),,4266,M550x521S17011524x482S17019451x480S22b03514x497S22b15462x495
menší A (UPOL),,4332,M566x517S15d40516x490S15d48468x488S26602536x494S26616434x493S2f900534x485S2f900453x484
menší B (UPOL),mladší (UPOL),4333,M545x562S18220522x524S22a04528x547S32105482x483
menší C (UPOL),,4334,M515x534S1f020486x519S1ee20486x474S22204489x467
menstruace A (UPOL),,2609,M610x582S30004482x483S14c52467x509S21100501x524S26606501x513S22622457x511S1f550542x567S26f04570x567
menstruace B (UPOL),,2610,M564x541S30004482x483S13f10535x522S12712478x518S26506516x523S20e00512x512
menstruace C (UPOL),,2611,M533x513S1f550468x495S2f700509x488S23404496x499
měřit A (UPOL),,4000,M574x515S1ea09473x493S1ea01501x494S20500497x486S26706532x497S26712427x497
měřit B (UPOL),,4001,M514x570S1ea48486x503S1ea13493x475S22c00497x430S22c14489x528
měřit C (UPOL),,4641,M562x551S1ea01501x530S1ea09473x530S20500497x527S32a00482x483S26606532x532
měsíc,,318,M512x525S1f550488x475S22b04495x495
Měsíc (UPOL),,5417,M536x537S1f420466x463S2890c495x482S1f455465x516S1ee26514x477
měsíc (UPOL),,2545,M512x525S1f550488x475S22b04495x495
měsíce (UPOL),,2546,M528x532S1f550472x469S22b04479x502S22b04512x502S22b04495x502S26606490x485
měsíce A (UPOL),,3153,M530x518S1f550470x483S22b04497x488S22b04514x488
město,buchta,339,M562x521S22a24526x497S15d48502x489S15d40543x489S15d42451x480S15d4a453x502S22a24437x499
město,buchta,589,M530x544S18040493x455S18048474x462S15d40511x517S15d48470x516S22a24494x526S22a24493x472
město,buchta,759,M530x557S22a24493x541S15d48470x530S15d40511x530S15d42489x442S15d4a485x463S22a24493x487
město A (UPOL),,4335,M543x523S36d00479x477S20350528x508S2ea32498x507
město D (UPOL),,2993,M531x551S15d48469x524S15d40512x523S15d42484x450S15d4a473x458S22a24495x535S22a24515x462
metabolismus (biol),,2134,M523x615S36d00478x541S36d00480x611S10c02495x553S10c0a467x588S2e608494x576S2e61c463x553S34700480x483
metafáze (biol),,2136,M537x645S1004a487x492S10040497x487S20600486x466S26622451x491S20500511x466S34700481x413S34c00484x552S15d40518x617S15d48468x618
metoda (IMoTeSP),,782,M537x602S15d18470x405S10e22494x413S20500494x397S15d18468x459S10e02491x470S20500489x454S2a212462x560S2fb04495x596S2a20a516x562S10050519x527S10058463x526
metr A (UPOL),,2944,M535x527S37906468x509S1ce50497x474S15a56508x505S20500498x514S20500465x516S28902466x480
metr B (UPOL),,2945,M558x515S1ea01501x494S1ea09473x494S20500495x485S28912442x494S2890a529x492
metr C (UPOL),,2946,M517x541S17148484x521S1ce20495x492S22b00496x459
metro (UPOL),,4336,M529x525S17159475x481S10040471x495S21414493x512S26600496x475S26600513x475
Mexiko A (UPOL),,2947,M553x518S2ff00482x483S10e03493x478S26b00526x479S2f700533x468
Mexiko B (UPOL),,2948,M544x518S33b00482x483S10001500x478S10009479x478S2d711454x480S2d709515x480
mez (IMoTeSP),,493,M537x516S15d18462x484S10012483x501S20500484x486S26502522x497
mezera (IMoTeSP),,662,M523x514S1c520477x486S22a06508x492
mezinárodní,,429,M526x536S11511501x475S11519473x475S20500495x463S29a1c479x501S29a04504x500
míchat,,4542,M534x578S33b00482x483S2eb12465x563S2eb36502x538S14c09473x532S14c0d504x511
míchat A (karty) (UPOL),,4002,M550x605S15403505x551S1540d489x582S23403521x534S32a10477x481S33806511x501
míchat B (obecně) (UPOL),,4003,M538x611S35300482x483S14c04480x546S14c08502x580S2eb36506x560S2eb12469x582
míchat C (vařečkou) (UPOL),hníst (těsto),4004,M542x610S30900482x479S30c30489x492S35830489x506S15d0a484x560S20303495x552S2ec33477x580S37804510x567
míchat D (vařečkou) (UPOL),,4005,M546x542S1ea03503x514S36e10480x459S2f005526x514
mikro (biol),mikro-,2294,M555x584S11539488x547S11551481x559S20600511x563S33b00446x482S35700475x483S34400519x483S32d30449x498S32d30468x499S32d30522x498S32d30540x499
mikroskop (UPOL),,2612,M537x579S31600482x483S17640500x525S17648499x541S2e002518x509S2e01a479x535S21414501x560
mikrovlnná trouba (UPOL),,4626,M537x578S10000513x530S2eb06505x563S33c00482x483
Mikuláš A (UPOL),,2547,M532x518S33b00482x483S15a10520x486S15a18467x486S23a0f502x446S23a17476x446S20500496x434S15a11501x423S15a19478x423
Mikuláš B (UPOL),Masaryk,2548,M540x573S33b00482x483S17b3e485x514S1773e492x553S21000520x510S22f04487x536
milost (UPOL),,3481,M525x534S15d0a476x468S15d02482x471S15d02485x512S15d0a477x515S2c600506x467S20500490x505
milovat,,535,M535x552S2ff00482x483S15d00507x518S20500496x505S15d08477x525S2eb0c520x500S2eb40463x506
milovat B (někoho) (UPOL),Valentýn,3254,M534x576S30004482x483S15d00506x525S2fc04496x565S15d08476x532S2eb0c519x507S2eb40462x513S20e00494x515
milovat C (UPOL),,5225,M535x577S30004482x483S15d09474x544S2fc04494x566S15d01503x530S2eb0c520x501S2eb40462x502S20e00494x515
miminko,,128,M536x593S15a32471x535S15a36509x546S37706480x551S37706497x540S20500466x547S26622473x559S26622473x577S26626497x568S32105482x482S33e00482x482
miminko,,270,M535x529S15a32470x471S15a36508x482S37706479x487S37706496x476S20500465x483S26622472x495S26622472x513S26626496x504
miminko A (UPOL),,4338,M563x549S19a20517x519S19a28455x517S2ff00482x483S26f02549x509S26f16438x507
miminko B (UPOL),,4339,M538x597S15a32471x534S15a36509x545S37706485x551S37706497x539S20500468x547S26622479x563S26622477x581S26626492x572S33e00482x483S20500527x533S21414523x559
mimo (UPOL),,3061,M531x524S17049469x496S17048497x490S20f00479x479S26a06517x477S21410493x516
minule A (UPOL),,2549,M564x530S2ff00482x483S10000526x483S26904548x512S22104546x493
minule B (UPOL),,2550,M564x549S2ff00482x483S10000526x483S26904548x512S22104546x493S1000a468x534S10002500x534S20500495x520S26507510x518
minulost,dávný,1696,M565x596S2ff00482x482S15d09513x528S15d01542x505S2eb30540x528S2eb14527x551S26624525x493S2fb04535x590
minulý týden A (UPOL),,2551,M614x555S2ff00386x492S10000430x490S26904448x520S22104447x500S1000a378x540S10002411x540S20500405x528S26507422x523S33b00446x462S34600521x463S35c00548x463S34800471x465S35d00495x463S34700548x504S35f00466x504S34800494x504S35d00522x503S35d00577x504S34800578x464
minulý týden B (UPOL),,2552,M562x576S33b00482x483S14c10526x513S1dc18502x515S27514515x552S27504538x552
mínus (biol),,2087,M521x511S10c40480x489S26506506x497
minuta A (UPOL),,2553,M558x553S33b00482x483S1f126530x524S22112551x511S20610498x524S22102551x539
minuta B (UPOL),,2429,M556x554S33b00482x483S1f137530x524S22113537x514S20600507x523
mísa A (UPOL),,4627,M553x530S17f30502x501S17f38483x501S20500495x487S28907522x503S2891f454x503S17f40536x471S17f48447x471
mísa B (UPOL),,4628,M564x542S17f30502x499S17f40547x459S17f38483x499S17f48437x459S20500496x531S28b07522x492S28b1f443x492
mísa C (UPOL),,4629,M549x596S17f30502x553S17f40532x529S17f38483x553S17f48452x529S20500496x585S28807522x562S2881f459x562S35a04482x483
mistnost,,680,M539x547S10010502x517S10018484x517S27608510x486S27506469x455S27600461x486S2750e508x454S2fb04493x516
místnost,,1151,M535x527S1f540501x503S1f548485x503S27a0e507x472S27a16465x473
místnost,,1461,M541x527S27a1a459x498S27a02513x498S10000502x472S10008482x472
místnost (biol),ohraničený_prostor,2286,M535x530S27a0e507x471S27a16465x472S10000485x500S10008504x500
místnost (UPOL),,2412,M535x524S10001500x494S10009480x494S27a16465x476S27a0e507x476
místnost A (UPOL),,2655,M540x521S1f540502x497S1f548485x497S27a16461x481S27a0e512x480
místnost B (UPOL),,3381,M539x524S1f540500x477S1f548482x477S27a02511x494S27a1a461x495
místnost C (UPOL),pokoj B (UPOL),5408,M529x531S10001500x469S10009479x469S27a02501x502S27a1a471x502
místo,místo1,108,M517x521S1c551492x479S2e832483x505
místo A (UPOL),,2949,M515x524S1c550485x477S2ea32487x509
místo artikulace,,2115,M524x583S36d00478x523S36d00477x579S36a00482x477S33110499x489S33030514x487S33040476x487
místo B (UPOL),,2950,M521x519S1ea02500x481S1ea0a479x482S20600489x508
místo C (UPOL),,4340,M531x524S16c46510x477S16c4e470x486S22b03490x500
místo D (UPOL),,4341,M521x532S15a50480x481S15d32494x487S21410479x468S22b03479x508
mistr,"perfektně umět, výborně",1354,M548x556S20301511x519S32a10482x482S22f03497x535S37703526x534
mistr (UPOL),,4342,M536x518S30007482x483S20e00497x469S15d11513x480S2d200510x455
mít,"být, existovat",5860,M535x576S33c00483x483S33550469x495S33540515x495S14c50506x545S22520503x533
mít A (UPOL),,4007,M518x585S15d02488x552S30114482x477S34a10495x511S26504495x538S20500497x574
mít B (UPOL),,4006,M545x566S15801515x547S33c00480x483S36d00479x528S22521499x535S30c30487x488
mít dost,mít-dost,2017,M556x539S30e00482x483S14712496x478S14754542x476S22a06523x479S22a12469x518S1471a489x517S1475c453x517
Mít rád,,5228,M521x545S15d32485x470S36d00479x456S20e00494x497S22b04492x515
mít rád,"milovat, oblíbený",2312,M533x539S20321494x503S34600482x483S20500521x507S30f30489x491S37703507x517S26500519x486S2f900521x473
mít-v-hlavě,myslet-na,1445,L533x518S30e00482x483S30007482x483S20600501x470S10c10512x489
mitochondrie (biol),,2299,M537x518S16c18464x483S10a20482x492S29c0a500x482
mitochondrie 2 (biol),,2300,M531x519S16c18470x485S1f010491x491S22200496x481S22210507x481S26606501x503
mitóza (biol),,2304,M526x556S1000a476x499S10002494x496S10002496x444S22b00494x455S2f900493x534S20500496x486S1000a475x541S22b14491x503S2f900497x449
mixér (UPOL),,4645,M525x576S1df00504x528S32a10479x483S33950516x508S2ea06500x561S2f720485x560
mládě,,1238,M545x530S33100482x482S12d00488x500S20e00522x495S22114519x510
mladý,"mladá, mladé",1197,M563x530S36d00479x472S19a01519x488S20f00529x469S36d00480x526S22a00550x484
mladý A (UPOL),,4343,M555x529S36d00479x471S19a01527x497S20e00512x505S36d00480x525S22f00505x487
mladý B (UPOL),,4344,M543x527S33200482x483S11900507x502S22214522x504
mlčet A (UPOL),,4008,M527x536S33c00482x483S10010486x506S20500517x508
mlčet B (UPOL),,4009,M531x525S35200482x483S18500505x510S22104519x500
mléko (biol),mléčný,2289,M538x625S33b00482x483S36d00479x529S14c02497x545S14c0a474x564S20300513x593S20300477x608S22a04513x572S22a14478x587S2fc04498x614S22a04525x572
mlha (UPOL),,5418,M532x567S14c50508x536S14c58466x536S2ea06507x519S2ea12466x519S31500482x483
mluvit,,911,M546x531S33b00482x483S14412500x507S26c08519x492S22612487x513
mluvit (UPOL),povídat B (UPOL),4010,M560x546S34600482x483S14c52485x518S22522472x514S27100520x522
mně,mě,1166,M553x526S1c500523x474S26603511x497S20500495x515S36d00479x499
mnoho (UPOL),,5000,M534x516S14c50510x485S2d700467x485
množina (IMoTeSP),,1454,M546x531S15a50479x470S15a50509x468S15a30510x504S28a0c529x483S15a30480x503S28a14454x486
mobil,,10,M531x541S10110512x496S30005482x482S20600509x530
mobil,,221,M529x531S10110513x496S30005482x482S20500502x520
mobil A (UPOL),,4646,M532x529S10010517x497S30005482x483S20500505x518
mobil B (UPOL),,4647,M514x524S1ea40486x484S2e732489x508S22210487x477
mobilita (IMoTeSP),,833,M532x538S18550507x506S18558468x506S2d620483x463S2fb04494x532S29222484x485
moc,"síla, moc 3",1239,M532x524S20300517x485S20300469x485S37700523x499S37700476x499S25920492x476
moc,,271,M534x531S30004482x482S15a12475x518S20e00504x518S26506519x517
moc,,652,M532x541S30004482x482S21100502x518S26506517x519S16012472x520
moc A (UPOL),,4345,M537x540S30004482x483S15a52476x518S21100506x517S26506522x516S2f700511x533
moc B (UPOL),,4346,M562x517S17050509x496S17058477x497S28a12439x485S28a0a526x483
močení (UPOL),,2403,M551x594S36d00479x525S36d00480x581S10004496x564S23404514x562S34500481x483
moci,"mír, moct, můžu, můžeš, může",39,M546x536S11550531x506S11558455x505S2881d474x499S28805504x498S11541501x464S11549475x464S2fb04493x527
moci A (UPOL),smět,4011,M548x615S11550533x585S2a203503x579S11541502x543S11549473x545S2a21b478x579S11558458x583S30104482x477S30c30489x494S34610493x506
moci B (UPOL),,4120,M548x615S11550533x585S2a203503x579S11541500x549S34610493x506S30c30489x494S30104482x477
móda (UPOL),styl B (UPOL),4347,M567x518S30007482x483S1d101511x462S1d401542x432S2c601539x462
model (IMoTeSP),,944,M542x514S15d18458x487S16011477x491S26506503x500S18510517x497
modifikace (IMoTeSP),,783,M533x566S1ea10508x460S1ea18471x461S2df00512x434S2df14468x436S11541486x539S11549474x536S20e00497x523S26a07504x509
modlit (UPOL),,4477,M522x519S15a10490x492S15a18478x492S20500485x481S2ea20507x494
modrá A (UPOL),"modrý, modré",2361,M518x534S30003482x483S11510468x504S20e00454x519S26607454x492
modrá B (UPOL),"modrý, modré",2362,M521x515S11520480x485S2e500498x487
modřina A (UPOL),,2613,M532x638S30003479x426S11510469x450S2b700451x453S20e00486x462S15302507x590S36d00479x579S2ff00482x540S20500496x590S20500469x607S20500508x627S22a04503x610S1530a457x593S2fd00475x625
modřina B (UPOL),,2614,M521x586S30003483x446S11510471x468S2b700450x470S20e00488x484S36d00479x556S15301473x563S2ff00483x519
modřina C (UPOL),,2615,M535x561S30003481x439S11510471x463S2b700451x470S20e00489x478S2ff00484x526S20500525x536S15300506x535
modrý,modrá,307,M518x533S30003482x482S11510466x503S20e00449x517S26a00443x501
modul (IMoTeSP),,1031,M526x520S17618483x504S16d11492x490S20500474x491S22a03513x480
moje,"můj, moje 2",903,M512x520S15d01489x497S20600489x480
moje,,190,M518x561S15d01491x531S20500488x550S32106482x483
moje,,671,M518x566S15d01488x536S20500485x555S32102482x482
moje,,733,M513x515S15d01490x485S20500487x504
mokrý,,1594,M526x520S18536511x495S1853e474x495S22114487x481
molekuly (biol),,2291,M561x619S33b00440x482S34400469x483S34700525x484S35c00497x484S1ce10519x533S1ce18474x541S2e500523x565S2e51b479x583S2fc04511x608
Monako (UPOL),,2951,M561x518S2ff00482x483S20320494x479S14c20538x427S22b07512x454
Mongolsko A (UPOL),,2952,M546x520S2ff00482x483S10a10509x494S26a02532x493S2f700532x480
Mongolsko B (UPOL),,2953,M545x522S2ff00482x483S10c10502x496S26904529x504S20e00530x489
monitor (IMoTeSP),,1032,M530x602S10e00491x502S20350487x587S31a00482x482S10e50493x566S23206510x564S2f700516x590
monomorfní (IMoTeSP),,288,M529x610S33b00482x482S1f502492x505S26500515x509S15d39479x581S1ea00490x589S20500504x580S37c1b480x588S37c1b479x587
monotasking (IMoTeSP),,1033,M534x623S10050499x392S2c600498x376S10058481x388S10058479x451S10051500x458S26501497x498S10058479x528S10051502x508S26501495x447S10050500x593S10058483x593S20500494x580S26502519x594S26516465x595
monouživatelský (IMoTeSP),,1034,M564x702S1f502493x504S33b00483x482S20500517x508S36d00479x571S1dc10505x585S1dc18469x585S20e00493x591S22f20488x576S1ed26545x641S22b04544x672
montér A (UPOL),,4351,M540x518S1000a461x488S10e40481x488S20700502x483S2c630503x500S2c630520x499
montér B (UPOL),,4352,M538x518S2c630518x499S10e40479x488S20700500x483S2c630501x500S1150a463x488
Morava,,96,M521x518S14c12466x495S36d00479x483S22122451x494S22122459x494
Morava (UPOL),,5419,M537x520S2035a518x496S20500486x509S22622463x481S37806487x503S37806505x496S14c52474x482
moře,,1340,M527x523S20348477x508S14c50473x476S20e00505x506S26a00500x486
moře A (UPOL),,2954,M526x524S20348479x509S14c50475x476S20e00508x508S26a00499x491
moře B (UPOL),,2955,M575x517S14c50511x484S14c58464x486S2d300536x492S2d311426x493
mortalita (biol),,2137,M558x658S34400482x483S15d40539x587S15d50505x587S2a300520x609S2d800459x579S2fb04495x652
most (UPOL),,4354,M529x528S1f540514x504S1f548476x503S2b700508x473S2b710472x474
motocykl (UPOL),,4355,M589x526S20350464x508S20350528x508S36d00479x475S2d300550x503
motor A (UPOL),,4356,M551x533S20331513x495S2eb43526x509S36d00479x467
motor B (UPOL),,3848,M522x522S10001501x492S2ea33478x479
motor C (UPOL),,3671,M558x520S20311522x480S20313460x480S22f03510x492S22f15474x492S2fd00492x514S37703536x493S3770b443x493
motorová pila A (UPOL),,4367,M548x653S32a10482x483S20348490x546S20340503x554S25900503x524S20348496x638S10002501x612S2f000478x612S21400533x617
motyka (UPOL),,4369,M519x518S17950488x482S23404482x504
motýl,,4832,M533x519S15d01481x496S15d09497x496S20a00492x481S22113514x483S22115468x483
motýl (UPOL),,3409,M531x519S15d01482x496S15d09496x495S20a00491x482S22121469x488S22127516x488
motýlek (UPOL),,3179,M577x538S36a00482x477S1f410501x520S1f418473x520S1ee10551x516S1ee18425x516S26512449x520S26506536x521S22204556x513S22204436x514
moucha (UPOL),,3410,M542x527S2ff00482x483S16c10522x502S26a02500x500S20310479x507
mozek  (UPOL),,2617,M536x523S30103482x477S10a11507x494S20600514x482
možnost (UPOL),příležitost (UPOL),4370,M578x528S11540451x475S11548423x473S22e04448x510S22e14424x510S22e04507x508S22e14483x508S22e04561x508S22e14540x508S26826493x479S2f700493x491S2fb00512x493
možnosti,schopnosti,1071,M526x540S11540494x501S11548475x510S26606496x460S23024474x475
mráz (UPOL),,4648,M529x605S20320514x546S20328471x546S20340514x590S20348471x590S28814471x564S2880c517x564S33b00482x483
mrkev,,5785,M532x597S33200482x483S10001503x508S10049480x565S22b04490x521S26a07511x549S20e00504x565S10001492x567
mrkev,,5869,M540x581S26a07519x533S10001500x551S10049488x549S20e00512x549S33b00482x483
mrknutí,,202,M518x517S31610482x482S33e00482x482S31420482x482
mrtvice (UPOL),,2618,M536x547S33b00482x483S18002501x471S22d04520x497
mrtvý (mn. č.) (UPOL),,2517,M573x531S15d30453x483S2a200428x481S2a200528x479S2a200478x470S15d30554x482S15d30506x475S26806483x515
mrtvý (UPOL),"zemřít, smrt, umřít A (UPOL)",2516,M523x515S15d30504x489S2a200477x485
mrtvý B (UPOL),,4371,M555x535S36d00479x466S19a11460x478S19a19516x480S20500529x472S20500464x476S37903481x494S3790b481x496S26504448x472S26514541x473
mrzet A (UPOL),,4013,M538x557S31630490x497S30908482x479S22a04521x513S15310523x532S15410522x486
mrzet B (UPOL),,4012,M563x522S30908482x479S31030488x493S20610529x496S20301512x481S36110493x509
mše (UPOL),,4372,M520x529S2ff00482x483S1ce00498x493S2a00a476x508
můj (UPOL),nás (UPOL),4373,M521x517S36d00479x483S15d02491x496S20500480x506S26504463x500
multitasking (IMoTeSP),,1035,M536x617S1f501514x396S21f23496x383S17e08473x494S14c00510x442S18502484x478S28803488x452S20700463x476S14c52495x568S14c5a470x593S22126504x592S22126510x592S22122488x568S22122482x568S26520491x553
multiuživatelský (IMoTeSP),,1036,M536x603S1f542496x418S21f22464x403S26500498x397S36d00479x479S1dc10506x489S1dc18468x489S1ed26517x557S20e00493x505S22f20487x489S22a04518x588
muset,,1911,M520x515S10010479x485S26900504x497
muset,,5131,M554x602S2fb04529x596S10010518x536S22e04518x573S22b04538x562S2f700540x546S31a00482x483
muset,musí,744,M560x561S30c00482x482S10010524x495S22e04524x532S22b04544x521S2f700546x505S2fb04535x555
muset (UPOL),,4014,M560x562S30c00482x483S10010524x496S22e04524x533S22b04544x522S2f700546x506S2fb04535x556
muset_2R,,1961,L529x542S10010514x459S10040514x512S10018472x458S10048472x512S22b24492x491
muset-přitakání,,5132,M534x615S2fb04509x609S10010498x549S22e04498x586S22b04518x575S2f700520x559S33300482x488S30114482x477
muset?,,5133,M551x602S2fb04526x596S10010515x536S22e04515x573S22b04535x562S2f700537x546S30100482x477S30a00482x488
musí,musí2,1764,M531x630S32101482x483S10010512x538S22a04514x579S2f700516x623S10040516x587
mušle A (UPOL),,3411,M544x519S17040501x486S17048483x486S20500495x498S2a310456x481S2a308521x483
mušle B (UPOL),,3412,M536x517S17038468x484S17050486x484S26b00509x485S21414464x509
muž,,15,M522x537S14712500x521S26602451x521S20b00484x522S30004482x483
muž,,1784,M520x526S2ff00482x482S15a12493x511S20e00475x512S26602442x510
muž,,5841,M521x518S34600482x483S14712499x486S20600493x471
muž (UPOL),,4253,M522x533S30004482x483S18210499x518S20b00484x519S26502463x516
muzeum A (UPOL),,4374,M569x526S11500459x493S11508431x494S26500464x474S26510435x474S26510490x475S26510538x474S26500512x474S26500555x474S26826494x510S2fb06553x493
my (UPOL),,4375,M574x524S36d00479x477S14c03513x498S2e806542x501S20500506x497
my dva,,173,M557x521S1dc40443x479S27200472x489S27100517x490S2fb04506x515
my dva,,246,M540x527S1dc27461x481S27206497x474S27106525x473S2fb04511x521
my dva,,896,M520x526S1dc40486x496S27100480x473
my tří,,635,M520x522S11e31481x478S2e832488x506
my_dva,my_dva2,1952,L574x546S2ff00482x483S1dc47524x523S27107547x498
mydlo B (UPOL),,4650,M520x520S1813a480x502S18151496x498S21100480x485S2ea32495x480
myš (UPOL),,3413,M523x531S15d39477x508S10040489x498S20e00511x509S28438485x469
myslet,,265,M562x517S2ff00482x482S15d11520x481S2eb01538x463
myslet (UPOL),"přemýšlet B (UPOL), rozmyslet A (UPOL), sen, snít, zdát se",4015,M570x522S30908482x479S32111491x494S22521516x478S14c01527x490S2e501547x468
myslivec (UPOL),,4376,M562x518S2ff00482x483S11510514x459S26b00535x464S2f700543x483
mýt A (něco) (UPOL),"mýt nádobí, umýt A (něco) (UPOL)",4017,M527x513S20348474x489S20340493x493S2ea34512x488
mýt B (něco) (UPOL),"mýt okno, umýt B (něco) (UPOL)",4018,M540x569S20320498x550S2e500517x542S30908482x479
mýt C (něco) (UPOL),mýt podlahu,4019,M532x534S20350513x467S20350470x467S2dd02514x495S2dd1a468x495
mýt D (si ruce) (UPOL),umýt_si_ruce (UPOL),4020,M537x528S21300487x472S16f59488x498S16f51495x488S2f005517x490S2f013463x508
mýt E (si tělo) (UPOL),mýt se,4016,M540x537S36d00479x463S1f702508x476S1f70a475x474S23604501x509S21100493x493S23614458x510S2fb04491x531
mýt F (si obličej) (UPOL),,4946,M528x543S2ff00482x483S15d08474x497S15d00507x497S23100502x526S23110472x526
mýt G (UPOL),,5072,M521x520S36d00479x481S20302491x502S2e500449x493S21100475x502
mýt H (UPOL),,5080,M526x526S37800493x474S37804494x506S15d22491x500S21100483x512S29500475x482
mýt se,,16,M523x533S36d00479x467S1f702508x480S1f70a475x478S23624480x516S21100493x497
mzda B (UPOL),,4377,M525x601S15d39482x557S34800482x483S20341504x580S21100487x585S2d502492x569S15d41497x550
N,,213,M513x529S15d18486x482S11510498x499S20500502x471
N,,2279,M511x513S11950489x487
n-tice (IMoTeSP),,582,M541x566S11950489x434S18140526x491S18148461x492S2a20a520x525S2a212458x526S2fb04498x560
na druhou (UPOL),,5667,M531x516S29a05498x490S1dc20470x485
na konci (UPOL),,2959,M522x531S11541495x502S11549478x504S20500494x486S25604506x469
na třetí (UPOL2),,5678,M512x533S11e20489x467S2920c497x502
na-sebe,,1449,L548x525S36d00479x498S1f510470x509S1f518513x509S2d608483x502S2d610483x513S20600452x496S20600526x496
nabídka,nabídnout,1207,M530x534S15d39470x506S15d31478x511S20500473x495S15d01507x466S22a03494x484
náboženství A (UPOL),,5421,M542x541S36d00479x460S14c12501x490S14c1a467x490S27100502x517S27114458x516S20500511x476S2fb04493x535S20500479x476
náboženství B (UPOL),,5420,M520x534S15d18481x478S15d10501x478S2ea20494x509S20500495x466
náčelník B (UPOL),,4381,M562x528S31400482x483S21100501x498S21100486x497S28806540x494S2881e446x494S11501522x500S11509455x501
nachlazení A (UPOL),,2619,M562x580S36d00479x524S33c00482x483S36d00480x576S14c02495x550S14c0a476x544S22b02532x555S22b16440x546
nad (UPOL),,4382,M523x526S18210500x508S18218478x511S20500491x495S28901493x475
nadávat A (mě) (UPOL),,4021,M558x575S34c00482x489S26f03528x530S1e101518x547S31a30489x496S30350496x477
nádoba tvar U (UPOL),,4528,M542x531S15d38483x491S15d30499x491S23d08515x470S23d10458x470S20500496x520
nádobí (UPOL),,4707,M519x522S15d39481x497S1ed20493x503S2e806484x478
nádor (UPOL),,2620,M525x556S10059476x473S10021495x475S2c301490x444S10001500x526S10059478x527
nadpis (IMoTeSP),,945,M545x608S1ed18462x393S14e20484x405S26a01493x571S1ed20484x500S1ed18455x500S26606515x505S1ed18456x570S10c10512x586S22a04492x441
nádraží A (UPOL),,4383,M522x515S15d18478x488S11012492x498S20600500x485
nafouknuté tváře,,2171,M518x518S32a00482x483
nafukovat (UPOL),,2956,M524x542S33500476x483S20302495x512S20304492x527
náhoda A (UPOL),,4385,M537x521S10000500x483S20300494x504S20e00486x488S37806463x510S22c00521x479S21400484x479
náhoda B (UPOL),,4386,M533x534S33200482x483S10001505x504S22b07509x479
nahodit (UPOL),,5104,M533x524S17420506x508S17428473x508S26b00506x477S26b10468x477S22214509x499S22214471x499
nahoře (UPOL),,2957,M523x520S10010478x481S22f00498x495S2f700505x513
nahoře (UPOL),,2958,M522x515S2f700504x503S22f00497x485S10020478x485
náhrada,"náhrada 1, rezerva",1379,M547x524S1dc02517x495S1dc0a452x496S22f02514x476S22f16470x478S2fb04493x518
náhrada,nahradit,1178,M553x524S10c41523x476S10c49447x482S22f15475x491S22f03506x488S2fb04493x518
nahradit A (UPOL),,4022,M548x525S1dc02518x496S1dc0a453x497S26a02518x475S2fb04494x519S26a16468x477
nahradit B (UPOL),,4023,M521x524S15d31498x501S15d59480x494S26601494x476
nahradit C (UPOL),,4024,M530x530S16c40510x474S16c48471x505S26604508x500S26610478x471
nahrávat - specifikátor (UPOL),,4074,M518x633S15d39493x610S34600482x483S15230488x539S18530487x601S22f04487x579
náhrdelník (UPOL),,3180,M530x576S36d00479x425S36d00479x525S15301499x553S20500490x565S10001498x459S10009479x458S22b03506x434S22b15469x434
náhrdelník A (UPOL),,3229,M521x522S36d00479x479S10011467x492S28906490x504S21100479x489
náhubek (UPOL),,3414,M546x522S32a00482x483S15400496x497S26603524x486
nahý B (UPOL),,3181,M522x540S20357486x519S1c551494x502S20e00478x513S28a0e484x461S28a06486x478
nahý C (UPOL),,3182,M535x537S36d00479x464S1c502507x473S1c50a466x473S21100492x511S22b14470x507S22b04512x507
nájem (UPOL),,4708,M532x611S17f12503x534S15d30513x585S22b04511x551S34c00482x483
najít A (UPOL),,4026,M526x592S1ce50504x541S22e00500x574S15809471x549S33c00482x483S1d050481x560S21400456x552
najít B (UPOL),,4025,M526x596S1ce50504x545S22e00500x578S1d050481x564S33c00482x487S30926491x478
nákladní (UPOL),,4387,M553x558S15d5f447x443S15d51476x469S22e04466x495S22e04492x517S22e04509x534S26805503x496S2fb00538x541S2f700540x551
nakupovat,,3,M525x522S10040479x477S20300476x507S26b04498x496
nakupovat A (UPOL),,4027,M547x531S10030487x469S37800493x499S27004507x494S20300485x502S37806453x509
nakupovat B (UPOL),,4028,M547x536S1ea17526x464S1ea1f453x466S26b02520x497S26b16464x496S2fc04491x525
nález (UPOL),,3482,M523x549S15d0a478x512S1d150492x521S1ce20501x451S22b00501x485
náměstí,,2112,M539x533S14c51512x488S14c57461x506S2eb0d496x468S2eb4f480x489
náměstí (UPOL),,4391,M541x533S14c50517x502S14c58465x497S2eb06503x483S2eb12459x481S2fd00485x468
námořník (UPOL),,4392,M557x568S30102482x477S11520520x504S21400542x521S24804520x540
namyšlený A (UPOL),,4393,M537x537S33200482x488S10001508x507S30100482x477S22b00521x482S35b04483x488
namyšlený B (UPOL),,4394,M537x534S33200482x488S22b00521x482S30100482x477S15d01506x511
nanést (UPOL),,4201,M528x517S15d3a473x498S1ea03473x484S21100496x492S26506513x491
naopak A (UPOL),,4395,M528x526S10002495x511S1000a472x475S2a602511x481S2ad01477x499
naopak B (UPOL),,4396,M549x534S10e52519x518S10e5a458x519S10e32514x467S10e3a451x468S2c300519x484S2c311459x486
naopak C (UPOL),,4397,M539x542S10040524x471S10048461x491S10050470x459S28a02494x463S22b16486x504S10058505x512
nápad,,50,M550x527S30100482x477S10011529x497S20500517x490S22a07535x478
nápis (UPOL),,3183,M521x526S36d00479x475S1ec0c471x495S26506497x496S21100497x512
náplast (UPOL),,2626,M527x524S18159495x488S11551500x499S2b705484x477S20500473x496S20500483x504
náprstek (UPOL),,4398,M533x526S10019485x496S1f040504x492S22a03496x474S2f900488x492S20700467x483
náramek A (UPOL),,3185,M523x523S20357502x477S3780b479x493S1ce51485x482S20800477x495
náraz,"bouračka, nabourat",5802,M523x530S14c39477x471S20311502x509S20b00483x487S26501493x500
narodit,,921,M535x536S36d00478x464S36d00479x501S15d32508x509S15d3a465x509S2fb04493x530S2b820482x474
narodit,rodit,919,M535x536S36d00478x464S36d00479x501S15d32508x509S15d3a465x509S26a00488x508S2fb04493x530
narodit,rodit,920,M535x536S36d00478x464S36d00479x501S15d32508x509S15d3a465x509S2fb04493x530S2b820478x473S2b820495x473
národnost B (UPOL),,5422,M525x533S36d00479x529S36d00479x468S15d39475x502S15d31502x502S2b700505x478S2b711476x478
narozeniny A (UPOL),narodit se (UPOL),2554,M545x533S15d39469x510S15d31511x510S36d00479x467S36d00479x505S2b731525x496S2b740457x495
narozeniny B (UPOL),,2555,M577x526S14c52460x480S14c5a509x502S37a06490x492S37a06461x513S21410480x475S2a536544x504S2a53e423x483
nasadit (brýle) (UPOL),,3187,M532x533S1d010507x468S1d018470x470S33c00482x483S25900518x508S25910472x510
nasadit (dámský klobouk) (UPOL),,3188,M559x518S33c00482x483S18510534x490S18518439x490S22a04543x469S22a14443x472
nasadit (hodinky) (UPOL),,3189,M538x562S20357488x439S3780b464x453S1f047479x452S2a209505x461S20357491x517S3780b467x532S1ea11483x536S21100463x440S21100466x529S2c304511x537
nasadit (motýlka) (UPOL),,3190,M538x563S36a00482x477S18510505x523S18518470x524S25901519x544S25911480x544
nasadit (panský klobouk) (UPOL),,3191,M560x553S30105482x477S15450541x528S15411506x473S28902531x466S22b00541x488
nasávat (UPOL),,3670,M546x605S1521c524x574S22f00521x555S18557523x521S34600482x483
nashledanou (UPOL),,4400,M521x538S11511496x511S11519479x510S20500494x496S20500495x462S28800506x474S28818483x474
násilí (UPOL),,3485,M529x532S20300511x496S37906471x502S10041508x469S25523491x513
následovat,podle,384,M513x532S1f548488x501S26620494x469S1f540498x508
nastavení (IMoTeSP),,946,M581x534S11512504x472S1151a469x513S2c500541x467S2c504419x507S2fb04505x528
nastavení (IMoTeSP),,959,M536x533S11512506x467S1151a471x508S2c520464x472S2fb04507x523S2fb04507x527
nastavit-ruku,,1704,M511x526S15d30492x475S26900489x508
nastoupit (UPOL),,4029,M537x519S15d37463x484S11830522x491S11850477x492S20500469x490S2a200495x481
naštvaný (UPOL),,4401,M550x525S34900471x483S32a00494x483S15400535x500S21600523x515
naštvat se,naštvat,637,M537x519S15400522x494S30c00482x482S35800482x482S33b00482x482S21600524x479
natáčky A (UPOL),,4709,M559x518S2ff00482x483S11502517x483S2a502518x459S26504507x465S2fb06553x462
natáčky B (UPOL),,4710,M550x545S2ff00482x483S10012520x494S1001a499x499S2e708535x512S2e74c499x520S22a20518x476S2fc00518x534
natáhnout (UPOL),,2767,M559x511S11002497x490S1100a475x494S26612442x495S26606529x491
nátělník (UPOL),,3192,M530x529S36d00479x471S1f002515x480S1f00a471x482S21100494x503S22a04473x514S22a14513x514
náušnice A (UPOL),,3193,M577x526S33000476x483S1d010554x495S1d018426x496S1ce10520x480S1ce18459x482S26501539x505S26517451x507S20800516x479S20800476x478
náušnice B (UPOL),,3194,M560x541S33000476x483S10b13530x499S10b1b453x499S26b00533x523S26b10445x523S2f700498x533
navíc,,1067,M520x526S18518495x484S18520485x475S20500479x484S26600501x496
navíc A (UPOL),,4664,M527x529S15d38473x503S18510502x503S28c00493x472
navíjet (UPOL),,4030,M535x519S1ea02489x483S1ea09465x498S2f000514x482
navléct zuby (UPOL),,2799,M562x533S18530488x518S18530512x516S34300482x483S2882e540x519
návrh,,1438,M521x532S19a52486x476S19a5a484x504S2c320464x490S36d00479x469
návrh (UPOL),,4348,M521x534S36d00479x467S1f510485x486S1f518469x517S20e00469x488S20e00488x519S22e00448x483S22e10501x516
navrhnout A (UPOL),návrh,4031,M564x529S36d00479x472S1f510509x487S1f514508x514S20500527x490S20500529x516S2c301536x474S2c311538x501
navrhnout B (UPOL),nápad,4032,M547x519S34a10495x508S10011515x489S20500511x477S31a00482x483S22b07512x452S22b03523x461
návštěva (UPOL),,4755,M539x526S1c521514x474S1c529461x474S2e501516x499S2e51b461x503S2fc00493x515
navštívit (mě) (UPOL),,4748,M543x618S15a4a500x569S18032512x530S18052512x588S2b704529x563S33c00482x483
navštívit (někoho) (UPOL),,4751,M547x612S33c00482x483S15a4a503x569S15d10509x585S2b700527x553S15d40509x526S20e00535x579
navzájem (UPOL),,4631,M541x532S15d31518x483S15d39460x500S21410520x469S2eb32484x480S2eb1a487x503S2fb04497x526
názor,posouzení,1069,M554x517S10021524x484S10029447x482S2fc00492x443S2ff00482x482S28c04495x469S28c1c484x463
nazout (UPOL),,5298,M526x525S15038474x476S15d50479x498S2d200500x498
ne,,1897,M527x577S36d03479x523S14c20487x539S27106512x537S31000482x482S22a22482x470S22a26500x470
ne,,21,M523x517S14c10500x486S2e200477x483
ne,,5130,M522x516S14c00499x485S2df0e478x489
ne,,571,L518x530S32403482x495S30352493x470S30356496x477S30352493x484
ne,,91,M536x570S14c10513x539S2e200490x536S30142482x476S30c00482x489S34100482x489
ne,nene,1850,M519x520S10020481x484S27206500x480
ne-ne,,1723,L536x574S32101482x489S30326482x476S15d20517x543S23602498x535
nebe (UPOL),,5423,M518x518S32100482x483S11520468x457S22b06487x468
nebezpečí,nebezpečný,1399,M529x523S11501490x496S11509475x495S20c00470x477S26b04502x478
nebezpečí A (UPOL),,4405,M553x563S11509482x536S11501498x536S26b04526x542S20f00527x527S33c00482x483S30b00482x483
nebezpečí B (UPOL),,4406,M521x561S33c00483x483S36d00479x525S15d10471x534S20600491x541S26a04441x540
nebo,,629,M524x521S10051494x500S10059475x500S26506506x484S26512476x484S2fb00492x478
nebo,nebo 2,934,M566x590S14c30519x548S14c38457x548S30a00482x488S26506551x565S26512432x562S30106482x477S2fb04498x584
nebo A (UPOL),,4407,M555x601S36f00480x527S36f50466x526S30105483x477S14c30531x570S14c38444x567S15740496x546S15748486x544S22a13471x573S22a05512x574
nebo B (UPOL),,4408,M519x524S30320482x477S33c00483x489
nebo C (UPOL),,4409,M519x524S30d00482x489S30342483x476
nebylo,,125,M546x557S36d00480x545S15d00509x517S26904530x539S30c00477x489S30142477x476
nechápat A (UPOL),,4033,M550x548S15020525x480S26504530x514S20320530x533S30342482x476
nechápat B (UPOL),,4034,M545x525S26500525x477S15020520x494S20320525x458S30342482x476
nechat,,1157,M527x528S15b29473x503S1812f477x504S26607505x472
nechat A (UPOL),,4036,M533x515S14c27467x486S26f00493x501
nechat B (UPOL),,4035,M546x524S14c57516x476S14c59465x476S23404509x510S23414455x509
nechat_toho,,1964,M540x579S14c20517x541S14c28466x541S33c00482x483S26920496x561
nechci,nechtít,5665,M560x543S30122482x476S10a00498x517S20500482x522S2df0e518x511S10a20534x499
nechtít,,5127,M548x544S30142482x476S10a00497x518S20500486x523S2df0e515x513S14c20525x480
nechtít (UPOL),,3197,M535x544S30142482x476S10a00497x518S20500486x523S2df0e515x513
něco (UPOL),,4410,M546x574S1ce30506x530S27102531x534S35610482x483
nedá_se_nic_dělat,,1955,L535x566S30b00482x489S14c30511x535S14c38472x535S30322482x476
nedá-se-nic-dělat,,1711,M555x576S15d30516x550S15d38465x550S26506540x557S26512444x556S30d00482x482
nedávno,,146,M570x534S30f00480x482S36d00479x530S15d00520x500S26b04543x510
nedávno,nedávno2,998,M536x573S26a02492x546S36110492x504S15a48510x546S15d40517x543S30d00482x483
nedělat,,1713,M542x617S1ea01514x543S1ea09472x556S2eb00511x565S2eb44482x578S2fb04500x611S30142482x476
neděle,,611,M520x544S20500495x455S15d18479x517S20500494x503S1f710500x470S1f718479x470S15d10500x517
neděle A (UPOL),,2556,M534x518S2ff00482x483S20610483x485S10a00519x489
neděle B (UPOL),,2557,M521x545S20500496x456S15d18480x518S20500495x504S1f710501x471S1f718480x471S15d10501x518
nedeterministický (IMoTeSP),,1484,M535x534S17618466x483S10050485x479S26606493x466S26606499x480S26606505x494S26605472x510S26605492x512
nedoslýchavý,,993,L572x518S18010521x494S31400482x483S2e200552x482
nedoslýchavý (UPOL),,4412,M572x518S18010521x494S31400482x483S2e200552x482
nedostatek,,2258,M536x621S35a00483x483S19a10508x557S19a18464x565S36d00479x536S22f14465x595S22f04510x591S2fd04489x615
neexistovat,,3711,M532x578S30122482x476S36110492x509S11820509x546S23303486x556
negace (IMoTeSP),,491,M529x518S10a20471x492S22b06489x482S22a04516x499
negace v2 (IMoTeSP),,697,M522x517S10050478x487S26606492x482S20318497x498
něha B (UPOL),"rozkoš A (UPOL), svádět C (UPOL)",4413,M550x577S36d00479x530S14c03496x545S21100530x563S34c00481x483S31600482x483S2c301524x534
něha C (UPOL),,4414,M542x582S1ce10520x552S1ce18461x551S26b00515x530S26b10459x530S31600482x488S30100482x477
nehezký (UPOL),nepěkný (UPOL),4420,M528x591S2f900501x584S1ee0e489x515S21100515x512S22a04496x543S1f402495x562S30a00482x489S30142482x476
nehty A (UPOL),,2627,M530x555S10059474x445S10051500x447S10051495x486S10051488x526S10e59476x484S14459471x527
nehty B (UPOL),,2628,M531x522S14c58482x491S10051501x495S20500501x486S20500490x478S20500477x483S20500469x493
nejde A (UPOL),,4421,M530x524S34f00482x489S1ce10501x493S20500520x511S30142482x476
nejde B (UPOL),,4422,M558x596S30126482x476S1ea30535x575S1ea38456x574S1ea20508x533S1ea28479x532S2a00a507x561S2a012482x557
nejhorší (UPOL),,4423,M567x583S11559482x558S11530552x550S11551504x557S2a200529x538S20b00491x544S31600482x483
nejlepší (UPOL),,4424,M567x540S30005483x483S1dc20502x510S20500519x509S1f502552x505S26506534x519S31600483x482S35b00482x482
nejmladší (UPOL),,4425,M540x570S18220517x529S22b04517x540S31600482x483
nejstarší (UPOL),,4426,M545x547S36f00473x537S20500500x527S22a07524x514S18000515x531S31600480x483
nejvýše postavený,šéf,1381,M516x551S1f502488x510S15d1a484x490S22b20490x450S22a00490x536S20500506x509
někdo B (UPOL),,4427,M546x519S2fb00493x483S2a508476x486S26706504x497S10e50455x481
někdo C (UPOL),,4428,M560x565S19a20514x538S27102545x525S30300481x477S36e00477x524
někdy (UPOL),,2558,M570x599S10e40491x545S30200482x478S2e100514x551S2e100547x551S26706522x583S35a10493x510
několik,,1678,M530x527S14c40471x473S1f540508x503S26501490x503S21f21500x473
několik (biol),,2309,M533x525S14c00510x494S1f502467x498S21f27479x476S22b06484x508
nelíbí,"nelíbit_se, nelibit_se",1904,M528x553S30142482x476S10000486x517S20e00509x525S22f04503x539
nelíbí2,nelíbí,1985,L529x546S30346482x476S34110492x512S10000486x516S30c30489x496S20f00503x521S22214506x537
nelíbit se (UPOL),,3195,M532x552S30142482x476S10000487x514S20e00508x522S22f04507x538
nemá,nemít,916,M537x518S30006482x482S15d00518x491S26500517x455S20e00518x476
nemá cenu,nemá-cenu,1716,M530x583S11501492x542S11509478x541S26905511x564S26913465x564S35000482x482
Německo,,28,M518x517S2ff00482x482S10010493x459S20500476x474
Německo,,5242,M570x532S33100482x483S20500495x499S1ce31520x509S22e04553x477S26500533x498S1ce50530x463
německo 2,,4271,M577x557S33200482x483S1ce01522x491S1ce50534x447S26500535x481S22e04560x460S11e09462x527
Německo A (UPOL),,2960,M545x534S30004482x483S1ce01482x511S1ce51522x457S26500525x517S22e04525x491
Německo B (UPOL),,2961,M518x518S2ff00482x483S10020494x464S20500481x475
nemít,nemá,1104,M536x522S26920491x442S15d00517x495S15d08464x495S20e00493x465S30002482x483S30006482x483
nemít A (UPOL),,4037,M555x529S26910448x509S15d00517x502S15d08464x502S20e00530x499S32b40509x498S32b30482x498S20e00458x498S26900539x509S30342482x476
nemít B (UPOL),,4038,M524x584S30342482x476S34610493x506S33802476x504S33806511x504S15d10504x513S27102504x544
nemít-tušení,vůbec-nerozumět,1660,M543x532S19a50515x498S19a58456x498S36d10479x469S23024488x514
nemoc,"nemocný, pacient",711,M520x524S11541496x495S20600494x477S11549481x497
nemoc,marod,1158,M518x531S11541494x504S11549481x504S20600489x487S22a04495x469
nemoc (UPOL),,2433,M525x523S11541501x496S11549486x496S22f04499x477S20600475x486
nemoci,,5135,M533x545S11520518x456S11528468x458S11530517x514S11538469x515S2a00b501x492S2a012479x491
nemoci A (UPOL),neznat A (UPOL),4039,M548x594S30126482x476S11508518x514S33c10489x508S11538455x564S11500465x511S11530533x561S2a00a509x549S2a012466x547
nemoci B (UPOL),,4040,M535x524S30342482x476S34f10495x508S33802478x505S33806510x505S1d510503x493S20500525x511
nemocnice,klinický (biol),2263,M523x538S36d00479x495S37909469x498S11500464x463S11502493x509S2330a465x501
nemocnice A (UPOL),,2629,M530x530S37909498x474S37804498x513S11502498x479S2330a471x471
nemovitost,,1329,M551x570S1ce30529x375S1ce38488x375S2f001527x422S2f011481x421S2fb04505x450S11000506x532S11008475x543S35a04482x483S35600482x483S26524535x527
nemovitost,nemovitost2,1101,M532x532S12208467x503S12200510x505S22c24493x467
nemuset,,5134,M542x608S2fb04517x602S10010506x542S22e04506x579S22b04526x568S2f700528x552S30126482x476S30e00482x489
nemuset,nemusí,4843,M537x596S30126482x476S1ea20511x535S1ea30514x575S2a00a488x552
nemuset (UPOL),,4041,M553x602S30126482x476S29614451x546S2960c538x548S1ea20528x522S1ea28451x520S1ea30529x581S1ea38452x577
nemůžu,"uuu, nemoci, nemoct",5335,M530x536S30146482x476S20500507x525S1ce10508x491S34610494x504
nemyslet,neuvažovat,1465,L533x524S30e00482x489S30007482x489S10c10512x493S20600511x480S30322482x476
nenápadný (UPOL),,4429,M535x664S15d39483x532S15d31489x541S15d31493x579S15d39489x588S15d39484x630S15d31490x641S35b04482x488S30300482x477S21100508x526S21100477x571S21100509x626S26507520x536S26507522x637S26501469x585
nenene,,1796,L518x524S30346482x476
není,,4842,M536x644S15d09490x550S1dc50498x557S1dc31513x614S2a00b493x586S20e00523x585S20e00478x584S30146482x476
neopatrný (UPOL),,4430,M549x587S20300503x566S11520499x535S37806473x573S26a00522x573S20c00520x556S30142482x476
nepárové tagy (IMoTeSP),,947,M548x525S26520493x485S10e02518x508S10e0a453x510S2f900494x475
neplatí,,1621,M518x586S30122482x476S15b29473x563S20500497x553S1ea41488x562
nepodmínečný (UPOL),,3486,M527x575S10028486x545S10002497x547S20e00464x542S26a04457x557S30142482x476
nepořádný A (UPOL),,4432,M546x585S1dc03516x538S1dc0a459x537S23604456x568S23610505x568S30142482x476
nepořádný B (UPOL),,4433,M560x616S1dc03497x556S1dc0a460x551S23604453x579S23610497x581S30142482x476S1dc01507x507S33200482x489S22a04512x541S26826510x600S2fb00485x604
nepotřebovat (UPOL),,1931,M535x631S20e00523x605S15d39484x546S15d39485x599S15d51504x547S26603491x570S26607512x590S20e00491x568S15d31496x608S30342482x476S35410493x513S30c30488x496
nepotřebovat^,,1979,L521x592S36d03479x514S30e00480x476S15d39454x565S15d51489x527S15d31491x569S20e00472x527S20e00477x574S2a10a460x540
nepotřebovat2,,1935,M529x579S30a00482x489S30150495x475S15d48480x552S15d02502x553S20500499x546
nepotřebuji,,1831,M527x535S2a10a474x481S15d39473x499S15d51504x466S15d31503x512S20e00484x468S20e00487x519
nepříjemný (UPOL),"odporný B (UPOL), protivný C (UPOL)",4434,M555x603S15201498x543S15207477x546S22a13465x570S22a05523x570S18530530x588S18538450x588S20500494x532S30142482x476S30b00483x490
nepřítel,,13,M518x577S20b00493x530S10019485x547S30126482x476S10011495x547
neprocedurální (IMoTeSP),,1485,M538x617S33b00482x482S1ce02478x511S26500518x506S15a50475x575S15a50511x574S22c12464x601S22c06496x584
nerez (UPOL),,4753,M562x537S30004482x489S10012486x521S21100519x522S2480a534x521S30126482x476
nerozumím,"nerozumět, nerozumet",1900,M537x570S30a00482x489S30146482x476S11500501x538S27102522x530
nerozumím,nerozumím2,1819,L549x528S30326482x476S10e01509x490S27102534x488
nervozní A (UPOL),,4436,M533x523S14c02483x488S14c0a478x500S21400488x478S26f02519x482S21100468x488
nervozní B (UPOL),,4437,M520x518S10012490x491S2ff00482x483S26606488x465S2a502483x441S2fb02473x454S21100472x473
nervy (UPOL),,2632,M532x530S14c59469x504S14c51482x499S26f01498x470S21100519x494
neschopnost (UPOL),,4656,M616x623S11540499x559S11548471x557S22e04496x594S22e14472x594S22e04550x594S22e14527x595S22e04599x595S22e14578x595S26826549x563S2f700541x616S2fb00560x577S30142482x476S11510504x500S22a04504x537
nese,nese2,758,L527x536S17f36473x520S17f3f506x490S26c22488x490S28820495x464
neslušný (UPOL),,5177,M547x580S36d00479x532S15d10528x533S20e00514x544S22f04521x566S30142482x476
neslyšet (UPOL),,4445,M578x586S30142482x476S33000476x489S10011518x507S20500530x506S34300482x489S2f700530x570S14c00553x511S22a06540x529S2e10e557x546
Neslyšící,,559,M539x523S32a10482x482S11510524x493S20500495x504S20500521x491
Neslyšící,neslyšící,262,M538x531S30006482x482S11510523x494S20500495x520S20500520x492S30004482x482
neslyšící (UPOL),,4446,M535x532S30006482x483S11510510x498S20500495x521S20500525x497S30004482x483
nesmí!,nesmíš!,1272,M518x576S31a00482x489S10051471x555S26706475x539S2f700482x534S30122482x476
nespokojený A (UPOL),,4447,M529x606S36d00479x536S30142482x476S11512494x551S1151a484x570S21100499x584S22a04516x576S22a14484x591
nespokojený B (UPOL),,4448,M532x590S30142482x476S36d00479x530S11e10509x535S11e18465x537S22a14471x574S22a04511x575S21100493x573
nést,,1598,M529x520S17f31503x480S17f35466x489S36d00479x516S2f900492x492
nést,nese,1605,M529x582S17f32484x535S17f36466x566S30d00472x482S37045471x521
neštastný (UPOL),,4449,M535x620S20300504x605S37806474x611S1ce27508x584S20500494x596S22a04494x572S22a00509x562S21b00512x582S14c20504x527S30142482x476
neštovice (UPOL),,2631,M539x540S36d00479x461S14e00506x474S14e08468x473S20500529x479S20500460x480S20500516x510S20500516x528S20500477x512S20500477x529
neterminál (IMoTeSP),,1486,M513x517S1ed10487x482S2f900495x512
netrpělivý A (UPOL),,4450,M522x595S30142479x476S36d00480x539S11511471x552S23404462x581S21100462x561
netrpělivý B (UPOL),,4451,M521x595S36d00479x532S20352471x543S21100470x562S23404461x581S30142480x476S35200480x490
neumět (UPOL),,4042,M539x589S30908482x479S20500511x486S10011517x495S19201513x540S19205482x563S22a04515x526S22b04508x559S20e00497x558
neutrální (biol),,2138,M526x593S11541472x549S11549502x549S37703491x570S3770b486x571S33b00482x483S22a04457x529S20500458x548
nevadit (UPOL),,4289,M574x621S10051500x570S10059474x579S23604535x575S20612501x584S30342482x476S23100445x581S2fc00495x550
nevědět A (UPOL),,4043,M565x524S26611436x477S30342482x476S1c500518x485S20500514x489S1c508452x486S20500478x489S26607543x476
nevědět B (UPOL),neznat B (UPOL),4044,M586x582S30c00482x483S23504549x564S19a50524x544S35830488x505
nevědomky,"bez vědomí, z nedbalosti",1243,M551x572S2d200525x544S1c502487x536S30000482x482S22b04495x505S20e00510x552S15d0a486x553
nevěrný A (UPOL),,4452,M525x607S17058486x540S10a31497x547S21414509x577S20500484x564S23401479x578S32a00482x483
nevěrný B (UPOL),,4453,M518x578S32a00482x483S1700a489x561S16e40490x545S26f02464x525S20500483x550
nevěrný C (UPOL),,4454,M526x596S10a39490x549S10a50500x547S20800502x532S22a24502x581S30142482x476
nevidět,,5126,M540x539S31400482x489S26500518x511S10000494x509S14c00516x473S2df08519x450S30126482x476
nevlastní,,1680,M523x532S36d00479x470S1c502495x469S20e00504x502S22f04498x518
nevlastní (UPOL),,4455,M521x572S36d00479x533S10011472x542S20600489x547S30142482x476
než A (UPOL),,4456,M511x526S15d20490x475S22e04494x508
než B (UPOL),,4457,M536x531S20300494x505S37806464x511S10020513x494S2c300510x469S21400494x526
nezaměstnanost A (UPOL),,4458,M532x602S15a04520x554S15a04467x555S36d00479x529S26f02503x550S26f16482x549S2f700493x595S30142480x476
nezaměstnanost B (UPOL),,4459,M541x584S14c30512x553S14c38464x552S2eb06509x533S2eb16459x533S35b04482x483
nezdravit A (UPOL),,4460,M582x555S15d00526x528S30142482x476S26f00542x530S2f700549x546S2f900552x518
nezdravit B (UPOL),,4461,M559x574S1ce50529x508S2a00a509x540S1ce40537x544S30142482x476
nežít (UPOL),,4462,M544x571S36d00479x545S1dc51508x543S1dc59463x542S20e00495x559S30142481x476S22f00519x524S22f10459x523
neznam,,633,M544x569S30126482x476S11511516x490S2960c520x517S11530529x539
neznat,,4841,M548x591S30126482x476S11508518x514S11530533x561S2a00a509x549S33c10489x508
nic,nula,1346,M526x596S1d510505x526S1d518473x526S2e600495x562S2e618470x563S34600482x482
nic A (UPOL),,4463,M555x572S15d39482x548S15d31495x549S20500494x533S26612442x547S26606525x550S30142482x476
ničení (UPOL),,2690,M577x584S35100482x483S20350475x536S20350459x536S2a211434x541S2a209492x538S26526541x541S26526562x540S2a211413x544S2a209514x542S2fb00534x570S20340508x566S20348428x569
nikdo,"nikdy, vůbec, žádný",401,M529x544S2ff00482x482S1f510493x520S26500515x513S20e00516x532
nikdy B (UPOL),,4465,M558x572S1c520511x535S1c528461x533S27102543x532S27112441x530S30142482x476
nit A (UPOL),,4466,M556x518S1ce48477x482S1ce10500x482S2a502523x497S2a51a444x496
nízký (UPOL),,2634,M512x526S18220489x475S22b04494x496
nízký A (UPOL),,4247,M517x525S18210494x495S17036483x508S22a04497x476
Nizozemí (UPOL),,2962,M548x529S2ff00482x483S17c10521x480S17c18462x481S28805528x508S2881d456x509S22204523x475S22204465x478
noc,,1273,M540x536S16c10520x467S16c18459x465S22b02488x485S22b16479x490S20311487x515S20319495x515
noc,,143,M539x526S15d09461x482S28903481x488S36d00479x522S2fb00492x474S15d01516x482S2891b492x491
noc (UPOL),,3804,M545x531S2ff00482x483S15d00526x487S28903497x498S2f900499x526
noc C (UPOL),,2559,M537x558S30c00482x483S22b03486x505S20310476x533S2f700477x551S16d10520x492
noha A (UPOL),,2635,M520x541S20f12508x461S15d59488x518S28806483x474S2880e481x460S2880e482x487S15d51486x504
noha B (UPOL),,2636,M553x533S30005482x483S11011509x507S2e201526x487
nonstop A (UPOL),,4467,M530x598S31600482x483S10002499x534S1000a478x549S2eb00515x565S2eb4c493x566
nonstop B (UPOL),,4468,M539x582S1ce10499x539S1ce48480x539S20800495x572S2eb20524x547S31600482x488S30200482x478S35b04482x488
normální,,1691,M525x524S36d00479x477S15d52469x485S20500472x501S20500515x502S22b06483x508
normální (UPOL),,3721,M522x528S36d00479x473S15d52469x485S20500472x498S20500511x498S26706480x512
Norsko (UPOL),,2963,M570x529S11550432x471S22e04431x509S22e04473x511S22e04513x510S22e04553x511S2880a451x491S2880a489x492S2880a532x491
nos (UPOL),,2638,M518x537S33200482x483S10000491x507S20500505x496
nosit (UPOL),,3226,M581x514S36d00479x487S19a10495x494S23604542x497S21100525x498
nosit A (UPOL),,5099,M539x525S1f814461x510S1f81c521x510S26600521x475S26610463x475
nosítka (UPOL),,2639,M538x541S36d00479x460S37802521x462S3780a462x462S37801461x493S37809528x494S20310522x524S20318463x524S23424482x527
nosorožec,,5820,M542x529S33100482x483S2d201516x501S20312492x509S37704507x516
nosorožec (UPOL),,3415,M536x569S33100482x483S20312491x509S20312497x528S37704512x535S37707468x516S2d221496x546S21400479x533
noviny,,509,M524x528S15d48475x480S20341502x473S20f00496x495S26b04497x510
noviny (UPOL),,4469,M521x520S15d39486x480S20350489x488S21100508x492S2f700509x509S26a04480x506
nový,"nové, nový 1",734,M520x535S15d48480x496S22a00503x465S20e00503x486S18032505x505
nový,nové,438,M527x526S15d48473x499S17f32498x503S20e00494x494S22a00493x474
nový,nový2,1018,L535x535S22b01465x466S15d09476x489S20e00498x477S15d01489x491S22b01511x511
nový (UPOL),"nová, nové",2560,M527x527S22a01473x474S15d09477x489S20e00499x477S15d01490x491S22a01514x513
nuda,nudit,5851,M544x530S31600482x483S15d00493x503S20600522x504
nudný (UPOL),,4470,M540x533S30004482x483S15d00494x506S20600518x513S31600482x483
nula,,5128,M559x535S1ce10508x504S1ce18470x505S29101531x486S29119442x489S15218473x467S15210507x466
nula,,5129,M541x523S10051511x502S10059459x500S2ed02509x479S2ed1a475x478
nula,,570,M522x531S1ce10478x468S2e400493x498
nula,nic,917,M546x533S1ce10515x468S2e419453x500S1ce18460x467S2e401517x499S2fb04495x527
nula (UPOL),,2624,M544x527S1ce10522x474S1ce18457x474S2e618476x493S2e600497x494
nula A (UPOL),,4997,M561x513S17610515x492S17618469x491S2e301538x490S2e319440x488
nutit,nutit-někoho,1682,M511x526S20348489x504S10040496x485S26520495x473S2f900499x521
nutit A (UPOL),,4045,M522x521S20348479x499S10040486x480S2eb20507x487S2f900489x516
nutit B (UPOL),trápit,4046,M521x520S20350484x505S20350491x499S20e00509x503S26f00480x481
nutný B (UPOL),,4471,M525x565S15d48480x537S18040494x550S20b00501x533S31600482x483S33c00482x483
nůž A (UPOL),tupý A (UPOL),2964,M528x531S10041507x501S10049492x501S27101472x470S21100492x491
nůž B (UPOL),,2965,M531x532S11541507x505S11549492x505S21100493x491S27101470x469
nůžky A (UPOL),,4399,M517x537S10e40483x507S22712485x482S26600501x475S2fb00489x464
nůžky B(UPOL),,4472,M527x508S10e02497x493S22714473x494
nůžky C (UPOL),,5215,M558x522S1f832508x491S1f83a477x491S26602528x479S26606528x492S26602527x505S26616442x480S26616442x506S26612442x493
O,,225,M511x521S1ce10489x480S2f900489x516
O,,405,M508x515S17610492x486S2f900493x510
o,"o-čem, o-čem2, o2",1662,M522x522S2e301479x499S14c21495x478
o,o-čem,1659,M516x526S15d09485x479S2e501487x499S14c21489x474
O (UPOL),,3468,M518x547S17610500x531S34400482x483
O neslyšícím králi,,5863,
o o o,,1357,M557x593S1cf40429x556S1cf40486x530S1cf40530x564S26505517x558S31900482x482S26507464x557
oba,,5865,M509x531S10e30492x501S26c02494x470
oba zmenšit,,1215,M543x557S16011517x442S16019456x474S22104506x457S22104478x489S17e10520x524S17e18458x542
občas A (UPOL),,2564,M583x573S30200482x478S34410496x509S1c550499x540S2920a547x541S2923a525x542S2f700521x566S2f700538x566S2f700554x566S2f700571x566
občas B (UPOL),,2565,M580x576S30200482x478S34410496x510S1c550511x548S2f700568x534S2f700559x546S2f700549x558S2bc01536x518
obchod,"krám, obchod 1",1159,M531x546S1f440499x531S1f448471x468S1f410502x468S1f418468x531S20500496x454S20500493x516
obchod,,517,M522x539S17748478x471S17710501x471S20500495x462S17718478x524S17740502x524S20500495x510
obchod (UPOL),,3539,M529x541S18510499x473S18548472x473S18540503x526S18518476x526S20500491x460S20500496x514
obdélník (UPOL),,3208,M577x510S1ed20502x491S1ed28476x491S26512455x495S26506533x496S1f420548x495S1f428423x495
obdélník A (UPOL2),,4966,M534x532S10a20502x468S10a28473x468S24402501x499S2441a467x499
obdélník B (UPOL),,5086,M572x510S1ed10501x491S1ed18473x491S1eb18428x491S22a06532x495S22a12453x495S1eb10548x491
obdivovat A (UPOL),,4047,M538x556S2e300510x529S10a00523x502S30908482x479S30c30489x493
obdivovat B (UPOL),"respekt, respektovat, uctívat (UPOL), úcta",4048,M540x522S3090c482x479S35410493x510S30c30489x493S18500516x493S18508455x507S28400517x461S28418458x475
obdivovat C (UPOL),"respekt, respektovat",4049,M574x523S3090c482x479S30c30489x493S35410493x510S1ea10520x496S23200548x503
obecně,"zvyk, obec",1147,M533x567S20b00481x518S20353495x530S3770b466x476S3770b479x545S20353484x459S15d31510x433S15d51500x531
obecný (UPOL),,2772,M529x537S20357472x516S16f30503x463S16f51476x500S28803484x478
obětavý (UPOL),"ochotný (UPOL), upřímný (UPOL)",4473,M532x597S36d00479x542S14c02478x551S14c0a471x574S20500504x578S20500465x560S26500452x553S26510518x579S33c00484x488S30300484x477S31600484x488
obilí (biol),obilný (biol),2292,M530x526S19a00502x474S19a08471x496S22f04499x512S20f00498x496
Objednat,,5226,M535x543S20359514x522S10041466x458S22b05482x486S20500507x513
objednat,,1701,M519x606S1ea48480x585S10010484x546S25504506x554S20500507x584S34400482x482
objednat,,5377,M532x537S10041469x464S20357511x516S22b05484x488S20500506x512
objednat,,59,M519x536S22b04482x465S20500509x515S20308485x521S10040489x490
objednat (UPOL),,3005,M528x530S20349481x509S10041483x485S20500472x507S22b03504x471
objednat (UPOL),,4050,M528x522S20349480x483S10040491x478S20500473x480S22e04511x504
objekt  (IMoTeSP),entita (IMoTeSP),89,M508x531S15420493x506S26500494x481S2f900495x469
objekt (na stěně) (UPOL),,4504,M508x526S15420493x501S26500493x482S2f900494x474
objekt (na stole) (UPOL),,4505,M508x527S15420493x474S22a04494x504S2f900495x522
objevit (UPOL),náhoda,4051,M522x588S10000507x558S20300498x567S20e00507x551S22b00506x514S2f700489x553S31a00482x483
objímat (UPOL),,4474,M528x587S30900481x479S17002498x552S1700a451x570S2d500471x548S2d518473x567S37102473x532
objíždka A (UPOL),,4475,M514x531S15d50492x504S2d706487x470
objíždka B (UPOL),,4476,M514x530S2d706487x470S10040486x500
oblast,,1330,M520x523S14c51493x476S2e806480x508
oblast (UPOL),,2818,M528x518S14c20473x482S2e400499x485
oblečení B (UPOL),,3198,M560x530S36d00479x471S20302530x493S20302458x493S28802504x490S28802505x507S2881a476x492S2881a477x506S37b05544x500S37b07443x500S2fd00489x524
oblečení C (UPOL),,5074,M553x528S36d00479x472S21100452x483S14c11499x483S14c19475x488S2ad03527x499S2ad03540x499S2ad12459x499S2ad12446x499S2fd00489x522S21100535x483
oblek (UPOL),,3199,M544x534S15d40520x472S24504526x503S36d00479x467
oblékat (UPOL),,3196,M538x549S36d00479x451S14c02498x477S14c0a463x473S22b04505x507S22b04522x507S22b14473x506S22b14456x506S21100511x463S2fd00485x543S21100469x459
oblékat B (UPOL),,3200,M536x554S30104482x477S20310519x480S20314465x482S22d04520x504S22d14465x504
oblékat C (UPOL),,3201,M546x553S36d00478x447S36d00481x500S20310531x536S20318464x538S22b00528x502S22b10462x503S21100477x518S21100515x518
oblíbený,"oblíbit si, mít rád",1334,M538x610S34600484x482S1dc18463x537S1dc10514x532S20e00495x549S36d00479x524S22b04494x565S2fb04497x604S2fb04491x604
oblíbený (biol),milovat A (obecně) (UPOL),2205,M537x614S34600483x483S1dc18462x538S1dc10513x533S20e00494x550S36d00478x525S22b04513x568S2fc04494x603S22b14472x572S31530491x492S33806512x499S33802476x499
obličej (UPOL),,2640,M571x525S2ff00482x483S2e600542x483S10b00524x487S21404525x520
obličej B (UPOL),,4666,M539x523S2ff00482x483S1ed0e490x497S22e04522x497
obnovení (IMoTeSP),,1037,M542x539S20350525x506S20350464x505S2fb04494x521S14c08458x461S2a216477x483S2a20e502x483S14c00519x461S2f700494x532
obočí (UPOL),,2641,M556x518S30d00482x483S10a11506x487S10a19466x487S2a208533x479S2a210446x478
obor (UPOL),,2643,M526x517S15d39496x494S15451502x483S20600474x487
obout A (UPOL),,3203,M564x536S20340466x491S20348437x491S20340549x489S20348520x489S2d225449x511S2d225531x512S26806477x464
obrana,,746,M529x536S1f720509x463S1f728471x477S2eb1c473x501S2eb38511x486S2fb04493x530
obraz,,352,M536x517S2ff00482x482S20500495x483S20500495x504S10000521x485
obraz (biol),obraz,2260,M536x530S34400482x483S20500495x483S20500495x510S14c00513x477S18500508x515
obraz (UPOL),,4238,M534x518S2ff00482x483S20500494x485S20500495x507S10000519x485
obrazovka (IMoTeSP),,1487,M544x526S10050507x496S10058477x496S2441a455x474S24402511x474
obrovský B (UPOL),,3926,M545x518S34400482x483S20500494x492S16c10525x493S2da06522x457S20310523x439
obrovsý A (UPOL),,4478,M592x517S14c40507x484S14c48462x484S26712416x495S26706537x493S2f900538x512S2f900558x511S2f900581x511S2f910444x511S2f910428x512S2f910408x512S2fb00487x505
obsah,obsahovat,1464,M524x606S17d08482x553S18002493x535S22f04486x592S21300489x571S34400482x482S33500476x482
obsah (IMoTeSP),,276,M525x523S14c20476x477S2e601496x489
obsah v2 (IMoTeSP),,482,M525x541S14c30474x491S14c50480x478S20600503x498S22f00475x460S22f14476x527
obsahovat B (UPOL),být přítomen,4052,M524x580S30153488x477S33600476x488S30153500x477S14c51483x554S22521470x541S30c30489x494
obsazeno A (UPOL),,2967,M529x521S15a49471x498S10e03477x479S22a04514x483S20700511x502
obsazeno B (UPOL),,2968,M542x543S22a14464x494S20350463x515S22a04521x494S20350521x516S14c50518x458S14c58458x459S2f900525x538S2f900465x537
obvaz (UPOL),,2642,M535x513S15a02492x499S15a06483x489S2ea00520x488S2ea44465x488
obvod (IMoTeSP),,703,M551x583S10021502x428S10029468x428S23c04528x421S23c02519x459S23c1a454x457S23c1c449x418S14c21497x557S14c29470x555S29a00487x521S29a18494x520
obyčejně (UPOL),"pravidelně C (UPOL), SZ č. 1, mít s někým poměr",2566,M556x584S35100453x482S35100483x482S33802445x497S33806543x496S20350507x545S20350469x546S23414457x570S23404495x570S35100513x483
obývák A (UPOL),,4756,M537x567S15d0a468x510S15d02505x510S29305505x533S2931d463x533S2ff00482x483
obývák B (UPOL),,4757,M535x531S2ff00482x483S1ce10513x498S21e00519x488S20600489x520
obývák C (UPOL),,5139,M534x531S1bb10513x498S2ff00482x483S21e00519x488S20600494x520
ocas (UPOL),,3416,M578x583S30105479x477S36d00479x528S36d00480x575S10027529x553S27101551x543
ochotný,,1129,M521x538S36d00479x503S1c302472x515S20500458x501S28130489x462
ochrana,chránit,1050,M524x538S15a0b477x515S15a0d501x515S2df1e476x485S2df06503x485S15a2d501x462S15a2b476x462
ochrnutý (UPOL),,2644,M530x543S36d00479x458S12850507x482S12858475x482S26504516x514S26514475x514S2f900519x537S2f900478x538
oči (UPOL),,2645,M518x535S20500487x498S10000494x505S20500507x497S31400482x483
od,,1685,M508x526S10030493x473S26904492x508
od (UPOL),,4481,M529x539S10a30514x483S36d00479x461S26504513x515S2f900513x534
odborný,,1092,M556x517S2ff00482x482S20500512x474S1c550517x477S2df00535x457
odborný,,5213,M548x518S30007482x483S1c510518x478S20600507x466
odborný (UPOL),,3776,M552x518S2df00531x453S20500508x470S30007482x483S1c510513x472
oddělení A (UPOL),,2647,M520x544S15d39481x462S15d39486x521S15d40495x457S15d42486x508S20500488x484S20500510x532
oddělení B (UPOL),,2648,M578x516S15d39422x490S15d39482x490S15d39545x492S15452428x485S15452489x485S15452553x487S20500438x505S20500503x503S20500564x505S26526460x498S26526522x497
oddělovač (IMoTeSP),,718,M551x518S18051502x482S18059475x482S26506536x486S26512450x485S2fb04492x512
odejít A (UPOL),"zmizet, odjet B (UPOL)",4054,M572x578S26606509x562S1e420488x548S1f420543x561S33c00477x483S32a40504x493S33806511x499S32416484x490
odejít B (UPOL),zmizet,4055,M524x575S26602469x557S1e400503x545S1f400436x557S33c00477x483S32a40504x493S33806511x499S32412484x490
odejít tam,běž,1393,M508x549S10004493x519S26500492x494S10050493x451
odezírat (UPOL),,4056,M574x553S34400482x483S11800517x502S2e300488x492S12b00493x535S13f00545x538S26500528x536
odjet A (UPOL),odejít,4057,M529x515S15d10489x485S15d56479x496S22e00512x494S20b00472x486
odjezd (UPOL),,2969,M519x523S22e00489x505S15a41482x478S17059493x482
odkaz (IMoTeSP),,784,M518x536S15d0a481x496S10050500x506S26600493x465S20500508x497
odklad (UPOL),,3488,M543x523S18040512x508S18048458x508S2b700515x477S2b711470x477
odkládání,,1634,M528x562S18040497x539S18048472x527S2b700503x510S2b711485x496S2b700500x482S2b711485x468S2b700499x454S2b711486x438S2fd04486x556
odkud,zdroj 2,1123,M527x581S1f436512x552S1f43e468x552S21100469x537S21100513x535S34600482x482
odkud A (UPOL),,2970,M541x527S1ee30516x477S1ee38459x478S26504525x508S26514471x512S22204521x474S22204470x475
odkud B (UPOL),,2971,M513x524S1ee30488x480S22204492x477S26504498x509
odkud C (UPOL),,4482,M544x573S1ee30519x550S1ee38462x551S22214512x540S22214473x539S34600482x488S30a00482x488S30300482x477
odkud D (UPOL),,4483,M545x538S1ee30515x466S1ee38459x464S1f430516x523S1f438456x522S2b714460x495S2b705523x492S22204521x462S22204466x463
odlet (UPOL),,4209,M518x538S15d38483x510S19a50490x518S21100496x495S2c600491x463
odložit A (UPOL),položit,4064,M553x604S35a06482x483S11517522x562S11519496x557S22e04536x585S22e14508x586
odložit B (UPOL),položit,4065,M530x520S15d50470x482S2f700476x513S2f700518x498S2890a492x480
odměna,,1287,M521x554S36d00479x447S1ce12465x532S36d00479x515S20500483x525S1ce02467x464
odměna,,1848,M526x519S36d00479x481S1ce42467x487S20500495x508S2c304499x488
odměna,,1924,M521x528S1ce12468x506S20500501x514S2c300476x482S36d03479x473
odměna (UPOL),prémie B (UPOL),4484,M521x554S36d00479x447S1ce12465x532S36d00479x515S20500483x525S1ce02467x464S20500482x453
odmíétnout B (UPOL),,4067,M549x572S3090b482x479S30c30489x493S33c10489x507S20300493x557S20320534x521S28439510x537S37806508x563
odmítnout,"odmítnutí, dál, další",1288,M522x527S15d39477x504S15b29477x504S20e00505x502S17f54484x482S26907503x473
odmítnout A (UPOL),,4066,M519x524S15d39481x490S17f51488x502S20e00481x479S26607497x476S22103508x494
odnést A (UPOL),,4068,M546x526S11530473x495S11538454x495S11530531x496S11538511x496S28b0a492x475S28b1a466x478
odnést B (UPOL),,4069,M565x605S15d30496x578S15d38473x578S15d30546x579S15d38522x579S33c00482x483S32416490x491S28b0a506x556S28b1a488x557
odpočívat A (UPOL),"prázdniny, volno",4070,M538x574S31630490x492S34610494x499S22520475x531S20500528x554S20500471x553S14c10504x543S14c18480x542S22520501x534S33600476x483
odpočívat B (UPOL),,4071,M556x626S33600476x487S30920491x478S34610494x504S31630490x496S11552493x556S11556493x578S21100528x557S21100475x580S22c04540x559S22c14459x584
odpočívat C (UPOL),,4072,M527x591S33600476x487S34610493x504S31630490x496S30928491x479S14c02496x565S14c0a481x568S20700495x551S2f402515x543S2f411481x545S2fc00494x533
odpoledne (UPOL),,2568,M544x530S34400482x488S1a700519x502S20500484x507S20500505x508S30350495x477
odporný A (UPOL),,4485,M518x586S30103482x477S35b04482x488S14c40482x531S14c48442x527S25503477x566S25513438x567
odpovídat (mě) (UPOL),odpovědět (mě),4076,M527x525S1150a474x490S11512492x483S2d204494x501S20e00482x475
odpovídat (někomu) (UPOL),,4077,M525x526S1150a476x505S11501499x499S20500492x489S26600509x475
odpusť mi A (UPOL),"pro C (UPOL), tolerance C (UPOL)",4486,M539x582S15d39486x549S1704f490x556S21100513x542S26507526x527S34b00482x483
odpusť mi B (UPOL),,4487,M531x617S20340510x543S20348479x542S14c40507x586S14c48472x585S22a04511x567S22a14479x565S32104482x487S30900482x479
odpuzovat A (UPOL),,4078,M537x577S32a00479x483S20320472x562S20320506x558S37104476x528S26500523x551S26510455x556
odpuzovat B (UPOL),"nesnášet, mít_odpor",4079,M525x567S26511459x554S26501512x513S35d04480x483S37104476x527S14c11478x508S14c1f467x532
odřenina (UPOL),,2649,M520x529S20357485x508S15d51484x493S28906480x472S20e00508x507
odstavec (IMoTeSP),,948,M519x527S21410481x489S17d10496x507S20b00483x474S15d28481x500
odtahnout A (např auto) (UPOL),"odtáhnout, tahnout, táhnout",4081,M566x572S32a00482x483S10602491x554S1061a474x557S20700486x536S26726524x553
odtahnout B (obecně) (UPOL),"tahnout, táhnout",4082,M550x519S20330535x501S20350500x502S26702501x482S26712451x503S2fb01473x486
odvaha,"hrdina, odvážný",1402,M527x553S36f00473x517S30f00480x482S20300476x538S2df01492x528S20b00461x538
odvážný A (UPOL),,4488,M527x554S36f00473x518S30f00480x483S20300476x539S2df01492x529S20b00461x539
odvážný B (UPOL),,4489,M521x521S2f900461x480S20304476x506S20500461x507S26500459x488S37200479x479
odvolání A (UPOL),,3489,M569x562S11520522x507S11528461x507S2ff00482x483S2df1b440x517S2df03540x515S11508430x532S11500554x532
odvození (IMoTeSP),,1488,M538x513S1ed1e462x487S1ed16485x487S28906509x497
offset (IMoTeSP),,302,M536x561S15a12464x438S15a1a466x482S26520471x453S10012506x546S22a02486x540
ofina (UPOL),,2650,M518x518S2ff00482x483S14520490x452S2c300485x426S14534459x418
oheň,hořet,5800,M561x540S14c10510x509S14c18458x492S24b38500x474S24b38539x473S24b3c520x484S24b40456x460S24b44440x475S24b44477x470
oheň (UPOL),hořet (UPOL),3733,M544x554S14c40512x523S14c48467x522S14c10507x447S14c18467x448S22530502x508S22530457x507S23600500x485S23614459x486S2fc00490x470
ohlednost (UPOL),,3642,M541x523S20300483x508S10e50486x477S20e00470x496S37707460x516S28a06505x486
ohlédnout,ohlédnout se,1849,M526x591S32804482x482S10e50491x524S2d50f506x519S37700496x552S10059467x570
ohleduplný (UPOL),,4490,M546x559S30a00482x483S18500520x489S18508454x509S2df0f526x460S2df07459x477S25524497x527S2fb04496x553
ohluchnout,ohluchlý,925,M550x530S2ff00482x483S16011527x478S16019450x478S18510523x508S18518453x509S22a04517x492S22a14470x493S2fb04493x524
ohnout (UPOL),ohnout se,4083,M564x579S20300520x564S20320520x515S37806487x571S37800527x530S20500533x553S35200482x483S32a40509x494S2c300538x534
ohnout nůž (UPOL),,2966,M546x519S1ea02500x481S1ea0a479x481S2a204523x490S2a21c455x491
ohon (UPOL),,2651,M539x567S30103482x477S20310520x497S26504521x516S14c10516x536S21400520x489
ohrada (UPOL),,3342,M531x525S15d00499x475S15d08480x475S2df12470x501S2df0a512x501
ohrada (UPOL),,3681,M527x561S17f00501x455S20500495x516S18128487x532S18120502x532S2d60a504x492S2d612473x492S20500494x440S17f08483x455
ohraničený-časový-úsek,,1684,M541x515S15d40522x486S15d48460x487S22a24494x500
okamžik A (UPOL),,4491,M541x550S10020526x520S34500482x483
okamžik C (UPOL),počkat,4492,M542x528S36d00479x473S1de10493x482S20e00519x495S23404505x514
okamžik D (UPOL),,4493,M536x587S15d50509x535S15d58470x535S23004511x569S23014464x568S2f700493x572S31600482x483
okamžitě,"okamžik, moment",1058,M571x518S35600482x482S1f410512x503S20500507x494S1dc40547x473S26503532x476
okno,,5866,M523x518S34400482x483S30000482x483S1f802476x466S22b06493x469
oko (UPOL),,2646,M541x534S30d00482x483S10000494x504S20600519x502
okolo,okolo2,1478,L537x527S10028503x497S10040522x474S10032464x502S2d800478x475
okraj (UPOL),,4379,M536x516S3790e469x508S21400483x485S15d03478x492S21100465x490S15a06509x504S26606502x489
okraje (IMoTeSP),,949,M539x581S1f020467x420S1f028497x460S26512471x461S26506504x418S1f02e462x533S1f026509x532S22a24489x566S2fb06533x437
okres (UPOL),,5424,M534x519S15d39477x496S1dc22466x482S22e06516x481S21100500x482
okruh (IMoTeSP),,950,M533x561S2f900494x463S15450517x438S15458466x439S10000518x531S2eb32490x518S22a24494x444S15458467x522
olej (UPOL),,4762,M521x518S15d48479x488S19a20493x498S21100503x483
Olomouc A (UPOL),,5425,M540x542S30005482x483S11510509x512S20600518x500
Olomouc B (UPOL),,5426,M534x542S30005482x483S11510509x512S21100521x498
omámit,,1269,M551x546S14c08452x480S14c00528x481S29005495x474S2901d476x474S35a04482x482S2fc00494x535
omezení,,1051,M526x563S1ce48481x448S1ce40503x449S20500499x436S26506510x490S26512477x489S2fb00495x505S15a40514x536S15a48474x534
omluvit se,"omluva, omluvit",197,M521x517S15d57479x483S15d51488x494S21100508x483
omluvit se,"omluva, omluvit",757,M520x524S15d51497x501S15d59479x477S21100505x488
omyl B (UPOL),,4494,M527x528S31400482x483S15d00493x501S20500517x511
on,"ona, ten, to",1865,M525x582S10057504x552S31500483x482S36d00479x531
on,"ten, ten2",1435,L531x522S10047500x492S10049469x492S26507518x478
on,on-dole,1629,L518x609S10c19469x557S22a05489x580S2f700493x602S2ff00482x483S32105482x483
on,on_L,115,M519x524S10041498x494S26501481x477
on,on_P,1392,M519x521S10047482x500S26507506x479
on (UPOL),"ona (UPOL), ono (UPOL)",4495,M525x524S10057476x494S26507503x485S2f900514x477
on A (UPOL),tamten,5438,M518x558S32402482x483S10012457x543
on_(ten),"""on"", tenhle, tenhleten",1857,M535x577S31500480x482S10057514x547S36d03479x525S10059486x551
on_(ten),"pohled_doleva_nahoru, klek, rád, dát_mi, sluchadlo, digitální, speciální, dvoje dvoje",1788,
on_dole2,,2002,M530x524S10057471x477S10059500x484S2f900495x519
on-palec,,2001,M534x567S32105482x483S1f500492x541S22f05513x546
ona,,501,M519x524S10041498x494S26501481x477
ona_dole,ten_dole,1972,M518x581S32403482x483S10003477x538S22f03462x560
oni,,1169,M512x530S10057491x500S26a07487x484S2f710494x471
oni,,933,M525x524S14c50501x493S2d600475x476
oni,oni2,1843,L544x563S35600482x483S10040523x533S2d700505x517
oni (UPOL),,2992,M527x519S10051473x498S2d708488x482
oni A (UPOL),,4496,M528x520S10051457x499S26501451x481S37106473x486
opakovaně (UPOL),,2567,M566x577S30200482x478S35110489x507S1004a488x562S10042519x562S20500514x548S2bc01528x515
opakovat2,,2090,M533x517S20330468x502S20350478x483S20e00521x492S23102499x484
opalování (UPOL),,4761,M567x518S32107482x483S11511525x491S25903538x471S25903548x481
opalovat (UPOL),,2928,M565x534S31600477x483S37104476x523S11511528x481S22f03544x467
opalovat se A (UPOL),,4084,M570x523S31600482x488S30929491x478S11511533x486S22f03549x472
opalovat se B (UPOL),,4085,M555x538S31400475x488S37100475x527S11511525x510S22f03534x492S30923480x478
opar (UPOL),,2652,M554x530S34400482x483S12801501x493S26507531x485S2f900543x478S20500501x519
opatrný (UPOL),"pozorný (UPOL), pozor (UPOL)",4498,M530x575S11520488x529S20300490x560S37806460x566S20600508x553S30d00482x483
opékat (UPOL),,3037,M526x539S1ea40477x469S1ea48474x513S2a500505x461S2a518503x506
Opera,,118,L524x515S2e300501x488S17610477x486
operace (IMoTeSP),,11,M548x532S14c0a458x496S14c02511x488S23604509x468S2fb04495x526S22122506x487S22122502x487S22126491x495S22126495x495S23610452x476
operace A (UPOL),,2653,M569x526S36d00479x475S1f540507x494S2b103541x503S20e00525x506
operace B (UPOL),,2654,M539x521S1f550511x479S1f558467x479S26b04512x503S26b14462x502S2fd00489x505
operace C (UPOL),,2432,M534x530S1ea50504x470S1ea58473x476S26b04507x500S26b14467x504S2fd00489x524
operandy (IMoTeSP),,642,M549x562S14c0a459x468S14c02512x460S1f01e470x533S1f016523x532S22122507x459S22122503x459S22126492x467S22126496x467S2fb04496x498S23604510x439S23610451x448
operátor (IMoTeSP),,403,M545x566S14c0a458x464S14c02511x456S20500495x532S11842498x548S22122506x455S22122502x455S22126491x463S22126495x463S2fb04495x494S15d48477x539S23610455x443S23604506x434
operátor (UPOL),,4499,M566x518S2d507546x476S1f010523x492S30004483x482S30006482x483
operátor binární (IMoTeSP),,952,M555x620S14c0a450x405S14c02521x402S22a04512x605S22a04475x604S22122511x399S22122506x399S22126482x404S22126487x403S2fb04495x429S15d48482x460S11842503x468S20500499x453S1dc01494x513S1f026474x568S23604516x380S23610444x387
operátor ternální (IMoTeSP),,953,M558x618S14c0a449x403S14c02520x400S22a04545x603S22a04511x603S22122510x397S22122505x397S22126481x402S22126486x401S2fb04494x427S15d48481x458S11842502x466S20500498x451S11e01489x512S1f026473x566S22a04474x602S23604516x381S23610442x382
operátor unární (IMoTeSP),,955,M555x619S14c0a450x405S14c02521x402S22a04493x604S1f026493x568S22122511x399S22122506x399S22126482x404S22126487x403S2fb04495x429S15d48482x460S11842504x469S20500499x453S1f502495x520S23610444x388S23604516x381
opět (UPOL),ještě,4500,M526x517S19a50498x483S2a20c474x489
opice (UPOL),,3418,M552x526S18509525x475S18501475x475S37903498x486S3790b488x487S26a04448x492S20600481x494
opisovat A (UPOL),,4086,M556x529S12850474x504S12858444x503S28b0a498x484S28b1a458x481S12850533x505S12858503x504S2fb00495x472
opisovat B (UPOL),zvědavý,4087,M547x521S33100482x486S1f010502x501S20500495x498S26f00507x471S20e00518x487S1f410504x451S32113489x490S30823490x480
opisovat C (UPOL),,4088,M534x582S35a04482x486S30823491x480S32113490x492S26f06520x542S20e00504x552S15d3a476x551S1f450485x565
oplatit (UPOL),,4089,M544x531S15d39485x508S1ea02456x486S1ea50521x470S28a06483x493S20e00495x515
oplodnit (biol),,2093,M522x537S20300499x506S3770b478x515S1ea40498x494S22a04509x464S20500510x484
oprava,"opravit, léčit, léčba",35,M530x530S11549470x500S26b07502x469S20e00496x486S11541486x503
oprava,,2327,
opravit,,5378,M528x522S11549473x494S11541490x495S20e00493x479S26507506x483S26507515x493
opravit (UPOL),oprava,4090,M541x531S11549460x482S27007504x495S20e00483x469S11541476x485
oprávnění,,1235,M518x527S15d01486x504S15d28481x488S20e00499x491S22f00493x474
oprávnění (IMoTeSP),,365,M531x540S11520514x461S11528470x461S2fb04492x534S22e14470x502S22e04514x503S22c24491x482
opustit A (UPOL),pustit,4091,M568x618S20319474x587S20317510x597S26517492x576S14c17541x555S14c19504x546S34400482x488S26507530x582S3082a490x477S32416490x496
opustit B (UPOL),,4092,M531x572S35a04474x488S3082a480x477S35e34489x506S10a20484x518S33a00515x503S22e04514x543S2f700516x565
Oranžová,,2331,M537x555S34400482x483S17606518x514S37700525x530S26500519x498S14c00514x465
oranžová (UPOL),"oranžová, oranžové",2363,M568x532S34400482x483S1c500502x504S20e00494x514S23400531x510
orat (UPOL),,4114,M544x610S33c00482x483S15d40525x583S28600518x515S2a400519x543
ordinální v2 (IMoTeSP),,615,M542x576S2890a513x521S15d40491x424S28902458x431S15d40491x516S15428491x551S15428492x456
orel (UPOL),,3419,M550x518S33200482x483S10a50521x486S2c300524x458
ořezávání (IMoTeSP),,1489,M520x554S14c29480x494S10e10500x524S11510500x446S22a00507x491
orgán A (UPOL),,2762,M534x542S2ff00482x483S10a00517x487S2e300511x515
orgán B (UPOL),,2763,M548x600S33c00481x483S36d00479x525S15401511x534S15409464x541S20500501x540S20500482x553S20500506x565S20500476x576S20500509x589S2fd00525x573
organický (biol),,2026,L536x546S10a00516x490S2e300513x519S2ff00482x483
organický 2 (biol),,2141,M535x600S34400482x483S1d510505x543S2e501512x573
organizace (IMoTeSP),,1038,M551x525S30007482x482S10a10536x499S2eb34519x480
originál A (UPOL),,3204,M522x527S11541494x499S11549479x500S20e00508x493S28b06478x474
originál C (UPOL),,3267,M541x519S1ce10519x489S1ce18460x489S27220480x481S2f700493x506
osa paraboly (IMoTeSP),,1726,M529x591S10040488x498S10050470x409S22c04487x549S28f06475x445
osahat (UPOL),,4775,M540x510S18540514x490S18548460x491S21100507x496S21100485x495
osamělý (UPOL),,4501,M563x553S10000520x523S35b04482x483S2ea32538x519
osel A (UPOL),,3420,M540x518S30001482x483S30007482x483S15d20515x473S15d28466x474S22120518x463S22120461x464
osel B (UPOL),,3421,M528x518S30001482x483S30007482x483S15a20511x461S15a20475x462S22120506x450S22120469x451
ošetření (UPOL),,2656,M529x535S11541487x505S11549473x508S28806472x468S28806474x480S28806475x492S20f12500x465S2f700517x481
ošklivý (UPOL),,4411,M518x526S33200482x483S1dc11474x496S22214455x504
oslava,,5261,M548x573S34400482x483S1ed27523x517S1ed2f453x516S22f03516x540S22f15464x539S2fb04492x567
oslava A (UPOL),,2569,M549x558S34400482x483S1dc18523x490S1dc10451x490S28230529x524S28248450x525
oslava B (UPOL),oslavovat,2544,M537x588S32a00477x481S33c10484x501S33806511x501S1ed20511x536S1ed28455x537S22f03507x562S22f15466x563S2fb04490x582
osoba,,1908,M510x532S1ed26491x467S22b04490x502
osoba,,605,M521x515S36d00479x486S1c502472x485S20600491x501
osoba,,683,M521x518S36d00479x482S1c502472x488S20600453x506
osoba,KLF_osoba,1065,M509x535S1ed26490x509S22c04490x464
osoba (UPOL),,2364,M510x533S1ed26491x468S22b04490x503
osoba A (UPOL),,4502,M521x518S36d00479x482S1c501478x490S20600453x507
osoby,dvě osoby,1093,M531x544S1ed26469x518S22c04469x467S22c04515x465S26506493x456
osoby (UPOL),dvě osoby,4311,M525x544S1ed26476x518S22c04476x467S22c04509x464S26506493x456
osová souměrnost(IMoTeSP),,1725,
ospalý (UPOL),,4510,M550x565S31500482x484S30602482x481S1ed10520x504S1ed18461x519S2a502517x527S2a51a462x544S2fd00501x550
Ostrava (UPOL),,5427,M521x523S36d00479x478S14c12466x499S22622455x497S20500479x485
ostrov,,1331,M525x563S20500502x545S10013475x447S2ef05505x437S15d38478x477S15d38480x537S10c12493x527
ostrov (UPOL),,2973,M550x554S15d38452x448S15d38451x528S10004465x516S20500474x538S10003483x446S2e406517x446
ostrý A (UPOL),,4511,M529x523S15a06472x511S15d40482x488S21100503x503S25907510x478
ostrý B (UPOL),,4512,M531x527S1000a469x500S10041487x497S21100502x495S25907512x474
ostýchavý (UPOL),,4513,M554x529S32104482x483S35300482x482S11501507x501S22e04537x511S20500539x495
osud,,340,M518x563S33100482x483S10000488x533S20500495x495
osvětlení (IMoTeSP),,1490,M546x545S16d48454x525S20311525x454S14c11471x497S22b03500x476
osvobodit,absolvent,1260,M537x543S20307480x497S20301500x496S3770b463x512S37703515x510S20500494x479S2df04508x461S2fb00490x537S26520493x457S2df1c470x461
otázka A (UPOL),,4514,M515x536S10a20485x465S29904499x494S2f900504x531
otec,,552,M526x519S30000482x483S30004482x483S10012496x486S20500472x479S20500472x508
otec (UPOL),táta (UPOL),4716,M528x518S30000482x483S30004482x483S10012498x486S20500472x483S20500471x507
otevřený (UPOL),,4515,M532x529S15d02494x492S15d0a480x493S20500495x518S2df08511x472S2df10468x472
otevřít (mrazák) (UPOL),,4649,M542x522S20350521x507S20358464x507S2b700509x480S2b705528x479S2b711472x480S2b704458x479
otevřít (okno) (UPOL),,4760,M527x521S15d0a474x502S15d02500x502S26900511x480S26910473x480
otevřít dveře,,439,M528x527S15d42495x495S15d4a483x508S26907509x474S20500471x501
otevřít krabičku (UPOL),,3763,M537x552S16f39471x449S16f39464x511S12820487x515S12850493x451S21410497x479S21410491x544S20500480x471S20500473x535S22e00520x455
otevřít noviny,,639,M555x542S1ea10532x517S1ea18444x518S2d604503x528S2d60c467x529S2fb00492x523S32103482x482
otevrit-dvere,,524,M514x535S1fb50485x464S1fb57488x513S26607492x494
otok A (UPOL),,2657,M523x526S1575a493x508S15451478x494S22a07498x483S2f900512x474
otok B (UPOL),,2658,M563x535S36a00482x481S32a00483x481S15410512x510S26506533x516S2f900552x520S30900483x473
otok C (UPOL),,2659,M521x516S36d00479x485S15401465x493S26500451x500S2f900452x492S20500492x503
otravný C (UPOL),,4516,M533x524S31600468x488S15d02479x478S20500466x483S30142497x476
otřes (UPOL),,2660,M530x590S32a00482x483S15550515x547S15558470x546S27126493x540S2f700493x583
Otrokovice (UPOL),,5428,M530x520S37907473x509S1ce42481x497S20319509x495S26500496x485S37900471x480
Ovce,,2212,
ovce,,1777,M521x540S2e500455x513S36d00479x461S10f02482x514
ovce (UPOL),,3422,M557x569S2ff00484x483S36d00479x565S10e31515x535S2ea00542x540S20e00505x550
ovlivnit (biol),,2183,M525x527S10040479x474S20300475x506S20500497x502S2eb44509x495
ovlivňovat (biol),,2099,M519x528S20310482x495S10050487x473S2eb20504x496
ovoce (biol),,2188,M534x530S32b10482x483S15410519x489S21100513x516
ovoce (UPOL),,3501,M535x526S32b10482x483S20310520x493S21100519x512
oxidace (biol),,2142,M545x587S18010502x571S18018462x572S22a07532x533S22a07524x556S22a11452x527S22a11461x551S34400482x483
oxidační (biol),,2032,L560x526S18111512x503S18119458x504S22a07533x490S22a07547x478S22a11441x474S22a11453x488
ozdoba (UPOL),parádní (UPOL),3577,M529x637S32a00482x483S33b00482x483S2031a507x558S20300502x525S37806475x564S2031a508x622S37806477x628S14c00499x591S20500519x611S26504502x541S21400488x609S21400486x530
oznámit,ohlásit,1047,M529x521S18551502x478S20600473x503S15d59497x498S26b04470x478
oznámit,oznámit více,1396,M550x532S18551491x468S20600459x492S15d59485x491S26626520x492S27004450x469S2fb04487x526
oznámit,rozhlásit,1361,M527x528S18520473x472S18528502x472S28a05491x498S28a1d478x498
oznámit,upozornit,1353,M532x513S15d59468x490S18541505x487S20600480x499
oznámit (UPOL),,4402,M533x520S15d59488x483S18511506x481S21414488x512S20600467x485
oznámit A (ohlásit něco) (UPOL),"ohlásit, připomenout B (UPOL), upozornit B (UPOL), poradit B (někomu) (UPOL), připomínat (UPOL), radit F (někomu) (UPOL)",4116,M532x513S15d59468x490S18541505x487S20610474x501
oznámit B (seznámit s něčím) (UPOL),seznámit se (s někým),4118,M519x551S11512445x519S1151a409x519S23704480x530S23710365x512S32402482x483
oznámit B (UPOL),"oznámit_tajně, upozornit_tajně",5437,M587x571S15d59523x548S18541560x545S20610529x559S32402482x483
oznámit B (UPOL),sdělit (někomu něco),5221,M514x522S18551487x478S2f720493x498S2f700493x515
oznámit_mě,oznámit_mi,1912,M532x516S20600507x505S18500477x493S15d09468x483S26a04505x489
P,,378,M521x516S10018492x486S1f010492x483S20500479x483
P (UPOL),,2778,M522x517S10018491x487S1f110493x485S20500479x483
pád (UPOL),,5502,M531x534S14c58471x503S14c50507x494S2c300505x467S2c310469x476
padání (UPOL),,2661,M568x571S32a00482x483S33c00482x483S11511516x489S11519461x495S2a209525x518S2a211460x522S2a209548x511S2a211440x514S2fd00491x547S11537540x540S1153f447x546
padat (na zem) (UPOL) B,,2662,M566x581S11504503x538S11532536x566S22e05515x548S33c00482x483
padat (na zem) (UPOL) C,,2663,M538x525S14c51511x476S14c5f476x477S25603501x501S25613462x499
pádlovat (UPOL),,2902,M521x543S36d00479x458S20301471x471S20305463x507S37804486x483S37803440x480S3790c440x460S22f03483x490S22f13478x522S2fb00500x518
pádlovat A (UPOL),,2903,M521x543S36d00479x458S20305451x507S20350473x475S37804480x488S37802440x480S3790c440x460S22f13469x522S23003473x494S2fb00490x523
paket (IMoTeSP),,834,M522x586S14c38479x444S14c50482x431S22f00484x415S22f14482x482S2fb06516x450S14c38479x548S1ed40490x567S26500500x541
Pakistán (UPOL),,2974,M521x523S10018491x493S1f010492x490S20600480x477
palačinka,,1770,M548x538S10002518x462S1000a451x463S2ec00511x497S2ec00487x498
palačinky,,1804,M543x530S10032513x471S1003a456x471S2eb24479x497S2eb24505x498
pálení  A (UPOL),,2664,M559x528S35000482x483S15d02495x506S20500482x517S2d200528x500S15d51536x472
pálení B (UPOL),,2665,M533x520S1ea49468x501S1ea41488x496S20e00483x489S2d200507x480
Palestina,,264,M509x518S1f502491x494S21800491x481
paleta (IMoTeSP),,1491,M532x677S11500491x505S33b00482x482S15d39484x565S11551492x568S20e00494x594S26a04486x610S15d39476x654S14c30483x646S21100513x654S2d508510x643
památka,,1252,M549x517S30007482x482S20500520x474S18210521x487S2df00528x456
památka,pamatovat,1263,M544x523S18527525x373S30303482x477S31400482x488S2df00498x373S20500514x481S18507506x493
památka (UPOL),,2989,M542x518S2ff00482x483S20500510x475S2df00521x460S18510512x487
pamatovat,pamatovat si,163,M540x517S30007482x482S18500516x485S20600517x469
pamatovat,pamatovat si,760,M536x518S30007482x483S17700516x480S20600503x465
pamatovat (UPOL),pamatovat si,4119,M542x518S30007482x483S18500516x486S20610508x472
paměť (IMoTeSP),,583,M542x518S30007482x483S20500512x475S18517523x484
pamět (UPOL),,3531,M536x518S30007482x483S18517517x487S20500510x472
pán (UPOL),,4517,M532x525S36d00480x476S36d00479x521S14c52483x487S20500491x511S20500522x512S26506503x509
Panama (UPOL),,2975,M539x522S15d02511x501S15d0a462x503S26b00512x479S26b10462x479
panelák (UPOL),,4795,M539x533S1ed40513x467S1ed48462x514S22c04509x491S22c00523x491S22c10476x467S22c14462x467
pánev A (UPOL),,4825,M515x519S1ea40486x498S22f00490x482
paní A (UPOL),,4518,M535x524S2ff00482x483S14c10489x475S22b04519x494S21100520x477S22510488x460
paní B (UPOL),,4519,M546x533S35000482x483S1ce40508x489S2d201520x510
panic,,149,M520x526S15d32489x474S15d3a480x479S20500495x499S27120481x511
panna,,67,M520x526S15d32489x474S15d3a480x479S20500495x499S27120481x511
paparsky (IMoTeSP),,1492,M528x529S14c13501x471S22233492x488S22b03472x505
papez,,161,M530x527S11549469x500S11531505x500S2a200487x472S20500472x489
papír,"list, arch, list 2",1089,M545x561S10050505x513S10058478x513S23d1c455x441S23d02507x478S20500495x442S20500494x482S2fb00494x555S23d04518x440S23d1a460x477
papír (UPOL),,5052,M553x544S30004482x483S1ee06489x515S1f406538x515S26a00509x527S20f00463x514
papoušek (UPOL),,3423,M550x535S23004525x517S10a50521x486S33100482x483
pár (biol),,2082,M515x534S1e430500x466S1f430485x519S22a04501x502
pár A (UPOL),,4520,M516x538S1dc01493x463S1f430485x523S22a04498x502
parabola (IMoTeSP),,1493,M530x555S10020469x444S15a1a503x543S28f06476x480S37706478x547
paradigma (IMoTeSP),,372,M530x555S15d08490x449S18010500x457S20500477x445S20500478x457S20500478x470S15d39471x525S1ea00481x534S20500498x527S22a04510x477S37c1b472x532S37c1b471x531
paragon A (UPOL),,4521,M532x521S15d48469x487S1ed40483x493S20e00490x480S28a04515x485
paralelní (IMoTeSP),,678,M535x534S14400465x485S14408509x485S26b00508x466S26b10466x466S2fb04489x528
parametr (IMoTeSP),,578,M521x525S15d28483x498S1ed00478x474S21410506x481S22a04507x495
parametr 2,,960,M546x565S15d48474x513S1ed40498x513S20e00496x534S22a04496x550S18140506x434S2a20a525x452S2a212453x452S18148478x434
parametr v2 (IMoTeSP),,592,M546x566S15d48474x514S1ed40498x514S20e00496x535S22a04496x551S18120516x434S18128467x435S2a212453x453S2a20a525x453
Pardubice (UPOL),,5432,M520x535S30004482x483S11512490x520S20e00476x517S26a00447x515
parfém (UPOL),,5138,M533x559S1d410479x531S20600454x539S2ff00483x483S20500496x496S1d117504x500S36d00479x523S22a03513x531
parita (IMoTeSP),,275,M525x558S14c58475x444S14c50483x462S26a00498x442S20e00502x455S20b00493x519S10012494x543S15b18479x529
park A (UPOL),,4555,M564x543S2fb04494x537S15d00525x497S15d08460x498S22114538x496S22114442x497S2ff00482x483
parkety A (UPOL),,4829,M535x533S11551508x508S11559465x508S26517479x493S26517479x480S26517479x467S26501508x493S26501508x480S26501508x467S20612495x467
parkety B (UPOL),,4830,M526x537S1ed57501x509S1ed5f474x509S20612495x464S26513480x492S26513480x478S26513480x464S26505507x464S26505507x492S26505507x478
parkovat A (UPOL),,4556,M548x526S15a50452x474S15a50468x474S22e04466x506S22e04499x508S22e04531x508S26806490x480S2f700504x493
parkovat B (UPOL),,3044,M534x519S16c48466x482S15d50483x490S22b04518x489S2f900505x491S2f900506x500S2f900507x510
parlament (UPOL),,5433,M550x534S14c58470x466S14c50504x466S2c614470x503S2c605513x503S14c04527x503S14c0c451x502
parník (UPOL),,4557,M562x528S15d02514x504S15d0a463x504S36d00479x472S2eb00547x495S2eb18444x496
párové tagy (IMoTeSP),,978,M615x543S10e02447x472S10e0a385x472S10e02585x472S10e0a519x472S15b20580x502S22b03551x519S26520425x459S26520560x457
pas (UPOL),,2666,M543x534S36d00479x466S36d00480x514S1e104501x503S1e10c474x503S26512454x504S26506528x502S21100526x519S21100464x520
pásek (UPOL),,5245,M561x510S1ed50501x491S1ed58473x491S26606531x494S26612439x494
pásek A (UPOL),,3205,M534x536S36d00477x465S36d00481x520S1ed04472x517S1ed0c500x517S2df01513x488S2df19461x491
pasivní A (UPOL),,4560,M530x593S11549506x532S11541465x534S37903484x554S3790b473x552S22a03491x532S20500480x561S33c00482x483
pasivní B (UPOL),jedno,4561,M556x567S30908481x479S32d10481x487S36d00479x528S1ce02480x545S26f00516x545
pásmo (IMoTeSP),,979,M537x562S10050482x448S22130482x437S26506509x456S15a10525x521S15a18462x522S2fb04496x556S26520493x517
pata (UPOL),,2667,M530x525S15d4f471x498S15d41492x502S20600495x487S20500520x487S2f700509x476
pátek,,200,M528x582S15d38474x546S15d50477x555S2890a499x546S34c00482x483
pátek,,464,M533x522S15d38467x488S2880a511x494S15d50487x487S20500485x478S21400492x517
pátek (UPOL),,2574,M528x519S15d38473x481S15d50508x483S2880a490x486S20500480x491S2f900517x514
páteř (UPOL),,2669,M510x536S1ed26491x465S22c04491x494
pátrat (UPOL),,3491,M551x588S2ff00482x483S11500502x498S11530509x558S11538480x552S22a04504x534S2e509528x557S2e511454x553S20500522x499
patro (UPOL),,4137,M532x580S35000482x483S15a4a487x568S15a42487x554S28a00515x525
páv (UPOL),,3424,M596x542S37103474x459S14420551x500S14428528x491S2c310508x478S2c305569x518
pavilon A (UPOL),,3425,M553x548S14452495x458S1445a471x461S2a211447x475S2a209532x478S36100482x483S22c14449x502S22c04537x506
pavouk (UPOL),,3428,M527x534S15a18485x467S15310493x509S37900489x493S22b00498x473S21100514x485S22512474x510
paže (UPOL),,2578,M521x520S37809490x481S3780f489x511S14c01491x486S20602479x485
paže A (UPOL),,2671,M521x537S36d00479x463S3790a460x466S37802461x504S15d01472x470S22c04481x495S21100468x498
pečovat A (UPOL),"opatrovat, starat se D (UPOL)",4124,M531x584S11520511x554S11528482x554S35700482x483S33b10493x507S26a00504x537S26a10475x537
pečovat B (UPOL),starat se B (UPOL),4125,M562x527S33b00482x483S35730490x505S14710508x505S14718478x505S20610439x497S20610522x497S26f00522x510S26f10437x510
pečovat C (UPOL),"vychovávat (UPOL), starat se C (UPOL)",4126,M535x575S34500482x483S11540503x540S11548479x540S2eb34519x541S2eb4c460x543
péct (UPOL),,4562,M537x532S15d39478x488S15d31500x509S26a11463x469S26a01516x486S2fb00496x473
Pelhřimov (UPOL),,5434,M531x546S1001a470x468S10050495x466S20500496x454S2900d508x501S10030482x516S1001a470x518S20500499x523
pěna (UPOL),,4831,M535x522S15450515x497S15458471x497S2ea02510x479S2ea1a466x479S22a20494x479
penále B (UPOL),pokuta B (UPOL),4563,M525x526S1ea47506x474S26903482x491S2fb03475x514S22b03490x502
pendolino A (UPOL),,4564,M543x518S2ff00482x483S17c10497x490S18510518x456S26600523x478
pendolino B (UPOL),,4565,M565x553S36d00479x448S18510535x477S18518521x473S21400521x463S20500545x459S26604538x494S22100553x503S17c10540x531
peníze,,1110,M518x519S1ea40495x498S21200482x481
peníze (UPOL),koruna A (UPOL),3207,M517x519S1ea00494x498S21200484x481
perfektní (UPOL),správně B (UPOL),4566,M521x529S11549482x502S11541497x502S2d201488x472S20e00480x492
peří A (UPOL),,3429,M521x530S1ce10499x500S1ce18479x500S26a00494x470S20e00501x486
peří B (UPOL),,4835,M530x530S1f418470x515S1d410501x502S20e00509x488S26a00501x471
peří C (UPOL),,4836,M530x524S1f418470x509S1f410501x509S20e00509x493S26a00501x476
perspektiva (IMoTeSP),,1494,M518x552S10e51488x495S2ff00482x482S17600436x536S25a03460x511
Peru (UPOL),,2976,M541x518S10e20505x461S2ff00482x483S22a07519x450S21400526x481
Pes,,2213,L545x550S14c20513x453S14c28465x451S25a04516x493S25a14470x494S21600537x474S21600456x470S20350519x534S20350471x535
pes,,1846,M549x519S2ff00482x483S1ce10509x485S1ce18474x484S26a12456x492S26a06535x491
pes,,2238,M532x629S14c58472x540S14c50508x540S34700482x483S22a14477x579S20350513x602S20350476x602S22a04514x580S2f900515x624S2f900478x624
pes,,5812,M523x577S30004482x483S18507503x512S18507504x550S36d00479x530S20500492x548S22a04491x528
pes A (UPOL),,3430,M540x536S14c50516x464S14c58461x464S22a04523x501S22a14466x500S20350524x521S20350467x520
pes C (UPOL),,3431,M538x578S30004482x483S15201490x512S18502523x549S36d00479x574S20500509x560S22a05502x541
pěšinka (UPOL),,2672,M558x575S30104483x425S18052508x405S26500520x420S30104482x529S14e11504x526S14e19467x530S28813443x537S2880b538x536S21100539x517S21100449x519
pěst (UPOL),,2673,M519x524S20300487x477S37809482x492S15d01496x489S20500505x480
pět hodin,,668,M530x516S14c01471x488S2e408501x483
pět let,,102,M523x516S14c01478x487S2e800508x484
pět měsíců,,689,M513x526S14c50489x475S22f04488x512
Petr Jakoubek,,5871,
petrklíč,,5801,M531x513S1ea32510x490S2853e470x488
pevný disk (IMoTeSP),,1039,M525x525S15d50474x475S10e02484x485S23704486x504
píchání (UPOL),,2674,M520x559S15d48476x530S10002490x544S20600497x529S30b00482x483
píchat (UPOL),,3938,M533x515S15d48489x486S1de02503x493S20600468x490
pila (UPOL),,4578,M528x562S10002498x544S2f000472x542S32a00482x483
pilka A (UPOL),,4579,M553x523S16c58448x484S15d40476x478S22c04537x481S27100496x480S2fb03521x499
pilka B (UPOL),,4580,M583x577S16c58478x538S2fb03551x553S22c04567x535S27100526x534S1ea50501x534S31600482x483
pilník A (UPOL),,4581,M525x526S11559475x497S11550497x496S26f00485x475S20500482x490
pilník B (UPOL),,4582,M542x543S10028458x513S1ce10500x476S2fa00485x494S2f700526x457S27002524x472
pilný,snažit se,169,M541x588S36d00479x584S20331518x560S20339461x560S2e60c512x525S2e614453x523S2fb00491x539S30d00480x482
pilný A (UPOL),,4583,M549x526S36d00480x475S36d00479x521S20340525x511S20348463x511S2e513456x485S2e50b522x486
pilný B (UPOL),,4584,M541x589S36d00479x585S20331518x561S20339461x561S2e60c512x526S2e614453x524S30d00480x483
pilot A (UPOL),,4585,M543x568S20340512x553S20348471x552S27100503x533S27110459x532S35000482x483
pinzeta (UPOL),,2675,M515x515S1ee10489x493S22204485x485S22204496x487
písek (spf) (UPOL),,5442,M529x519S14e50503x487S26604471x488S20612489x482
písek (UPOL),rezavý A (UPOL),2977,M532x520S15d38496x481S14e50506x483S20612488x483S26604469x488
pískat (UPOL),,5188,M521x539S33b00482x483S11501496x512S33716510x500S33712480x500
písmo (IMoTeSP),,1495,M533x515S11550467x485S26706491x498S22114481x488
pivo,,1783,M539x530S1f502524x470S1f504486x502S20300475x515S28803496x475S20500472x500S20500460x500
pivo,,257,M532x528S20340467x513S1f502517x483S1f504475x503S20500467x497S2a200492x473
pivo,,381,M530x520S20340471x505S1f500506x493S2df00487x479S20500474x491
pixel (IMoTeSP),,1496,M582x507S1f010501x492S1f018468x492S22a06536x494S22a12449x493S1f410553x492S1f418418x492
plačtivý A (UPOL),,4586,M542x534S35b04482x483S30f00482x483S10001509x504S10009472x503S22214521x508S22214458x509S20e00521x491S20e00465x491
plačtivý B (UPOL),,4587,M574x525S34800482x483S31500482x483S14520508x494S14528467x493S2b710429x502S2b710447x502S2b701536x501S2b701555x501
plakat A (UPOL),"brečet, pláč",4127,M543x547S31630490x492S34100482x483S10001508x499S10009474x500S23404506x533S23414465x533S20e00523x497S20e00466x499
plakát A (UPOL),,4588,M573x575S32106482x483S1f540549x511S1f548518x509S2fa00560x504S2fa00530x502S2fa00562x568S2fa00529x568S2ad03551x540S2ad13518x539
plakat B (UPOL),"brečet, řvát",4128,M555x526S34100482x483S31530489x493S14420510x494S14428470x495S2b801532x495S2b810448x496
plakát D (UPOL),,2941,M556x519S10021499x482S10029471x482S23c04533x492S23c1c444x492
plán (UPOL),,3579,M523x545S15d49477x521S15d49480x469S10e52493x474S20500500x455S20500504x517S10e02489x530
plánovač (IMoTeSP),,1041,M550x569S14c52514x534S14c5a461x535S22126491x533S22126496x533S22122509x533S22122504x533S20331510x448S20337467x443S27107523x431S2711b449x431S2fb04494x472S2fb04495x563S26520496x516S37b03524x464S37b0b461x459
plánovač 2 (IMoTeSP),,1040,M549x557S14c52516x444S14c5a458x445S22126490x443S22126495x443S22122511x443S22122506x443S20331508x530S20337469x522S27107522x513S2711b451x510S2fb04491x547S2fb04496x475S37b03523x545S37b0b463x537
plat,,1141,M529x544S15d39486x482S15d41506x466S21100474x457S26603474x470S20341470x500S37803485x514
platit,peníze,1938,M524x519S1e810485x498S21100511x481S22844475x485
platit,zaplatit,1130,M532x522S26507519x477S15d39468x499S20e00505x491S15b29468x499S1ea41481x498
platit A (mě) (UPOL),,4130,M520x526S26504491x511S15d39480x479S20e00493x496S1ea41492x475
platit B (někomu) (UPOL),,4129,M532x523S26507519x478S15d39468x500S20e00505x492S1ea41481x499
plavat (UPOL),plavání,4131,M549x515S15a50502x486S2e616452x486S2e60e516x486S15a58487x486
plavky (dvoudílné) (UPOL),,3210,M552x546S36d00479x454S1ee04471x472S1ee0c506x471S1ee0c504x521S1ee04475x521S26512452x471S26512457x523S26506535x471S26506537x521S22204513x541S22204481x539
plavky (jednodílné) (UPOL),,3211,M521x544S36d00479x457S14c04492x496S21100499x530S22e00493x475
plavky (pánské) (UPOL),,3212,M551x537S36d00479x463S1ee04474x512S1ee0c502x512S26506536x513S26512452x513S22204511x532S22204481x531
plazma (biol),,2072,M535x622S34c00482x483S14c50511x540S14c58459x540S28926485x574S2892e483x590S28926484x607
plazma (krevní) (biol),,2143,M521x532S37602484x493S14c04480x481S20339500x494S22234479x514S22234479x518S26c09497x469
plech (UPOL),,3591,M543x527S18532515x502S1853a469x501S27200503x474S27210457x473S2f700492x499
pleš A (UPOL),,2676,M536x523S30104482x477S34600482x488S1c551511x464S2e90a478x451
pleš B (UPOL),,2677,M562x523S35000482x488S30104482x477S1c502505x471S2c305535x477
plést (UPOL),,3293,M518x524S10011497x494S10019483x494S21200490x476
plést se (UPOL),"omyl, neumět",4132,M528x603S30201482x478S19c10493x496S19a00500x548S20300489x588S22a04506x531S2890e482x572S20e00508x583
plíce (UPOL),,2678,M531x525S36d00479x475S15d02504x484S15d0a469x484S21100469x508S23624484x508
plnění,,1102,M531x573S1ea01503x472S1ea09469x472S2eb00503x427S26507499x531S2eb44483x427S15a37473x547S1812f475x549S2fc00493x497
plnovous A (UPOL),,2679,M523x534S33c00482x483S15300476x506S28806492x522S20500513x506S20500464x503
plnovous B (UPOL),,2680,M539x573S30300482x477S15700502x509S15708481x511S18508473x558S23404502x540S18500506x558S23414464x542
plný,"naplněný, sytý",5733,M518x549S35000482x483S20b00468x510S15a52486x518S22a00484x534
plný,plný 1,1121,M537x542S1154a507x499S11550483x482S37906463x506S26606495x457S20e00475x457S37800489x510
plný,splnit,906,M537x515S20300491x496S37706462x503S10e40485x485S20e00507x488S26506522x487
plný (UPOL),,2979,M537x523S20304502x508S37906464x514S11550492x482S20e00510x492S26606507x477
plocha (IMoTeSP),,1497,M520x526S15d39490x496S15d51480x503S26607498x475
plocha (IMoTeSP),,1498,M524x526S15d09476x489S15d2f476x475S2e602491x497
plod (lidský) (biol),,2144,M522x699S36d00479x540S36d00479x594S14c04488x566S26500508x562S1ed26492x664S34400483x483S2f900494x694
plod (lidský) 2 (biol),,2145,M532x578S36d00479x422S36d00480x472S15d32468x449S15d3a505x439S37806494x461S37806473x452S27126451x439S1ed26495x544S2f900496x573
plomba A (UPOL),,2681,M536x543S30301482x477S35000482x487S1f510508x508S26500510x528S2f900525x514
plomba B (UPOL),,2682,M556x544S35000482x483S1f502515x520S1f520522x513S20610522x501
plošky (IMoTeSP),,1609,M549x522S1f010503x487S1f018470x487S26a06535x481S26a12452x480S22114504x477S22114472x478S22a23485x509
plus,,1663,M525x515S20500515x485S1001a476x489S10010487x485
plus (UPOL),,3120,M522x515S1001a478x491S10010488x485S20500512x486
plyn,,2036,M544x540S15230524x477S17710495x499S2ff00482x483S23f08514x512
plyn (UPOL),,4844,M529x630S33200482x483S10000490x504S1810a487x602S17430490x614S15230488x549S22a00494x583S21404514x625
Plzeň (UPOL),,5435,M541x555S30004483x483S1ed02491x529S36d00479x520S20500517x507S20500513x544S2a602524x520
po,,1128,M518x525S15d48481x498S15d40495x492S2890e489x474
po (UPOL),,2400,M521x522S15a49485x498S15d40502x495S2890e482x478S20e00480x495
po B (UPOL),pozdě A (UPOL),2575,M521x522S15d02491x478S15d0a479x490S25504508x500
počasí,,2014,M551x518S14c40511x483S14c48468x484S2eb08536x483S2eb10450x486
počasí (UPOL),,3841,M544x516S14c48473x485S14c40504x485S2eb10457x484S2eb08529x484
pochválit,chválit,63,M525x524S15d39475x496S15d51483x501S20c00481x476S2f900514x480
počítač,,333,M552x530S14c58469x485S14c50508x484S2fb04493x524S22240502x475S22240502x471S27112448x482S27106537x481S22240462x476S22240462x472
počítač (IMoTeSP),,325,M535x521S14c58469x490S14c50505x489S22240501x483S22240464x483S22240501x479S22240464x479
počítač (UPOL),,4686,M541x524S14c50513x493S14c58466x492S22520509x477S22520460x478
počítat,"matematika, účetnictví, výpočet",1193,M551x543S14c02516x458S14c0a457x489S23610448x466S23604512x490S2fb04493x537S22246490x485S22246495x485S22242508x457S22242503x457
poctivý,poctivě,626,M521x519S36d00479x482S10a01475x493S20600452x495
poctivý (UPOL),,4589,M521x568S36d00479x531S10a01475x542S20600452x544S30f00479x483S35200479x483
pod A (UPOL),,4590,M529x530S15a1a472x471S18010499x471S28d0c502x497
pod B (UPOL),,4591,M528x522S15a56472x491S15d30509x494S21410477x479S26602475x506
Pod stolem,,2338,M539x520S15a1a487x481S16c10502x499S37706462x486S26500525x504
pod stolem,,5827,M543x534S15a1a495x493S37906457x498S16c10499x466S28a0c526x480S16c10498x513
podařit se (UPOL),,4133,M522x601S15d39484x573S35010496x507S15d5f498x578S30004482x483S30c30489x490S20500489x581S22b04500x534S15d01499x511
podat,odevzdat,1164,M529x520S1ea10506x498S1ea18471x499S26521484x480
podat (UPOL),,3490,M554x546S1ea10523x484S1ea18484x484S25625511x510S37103474x455S22e25535x509S2fb04535x540
podat B (někomu něco) (UPOL),,4134,M533x522S17d5c467x507S26607488x478S2f700521x481
podat C (někomu něco) (UPOL),,4135,M551x528S17d44449x512S17d4c489x513S26607508x487S26617466x483S2f700539x478S2f700493x473
podatT,,1654,M531x522S1ea10508x501S1ea18470x495S26527505x477
Poděbrady (UPOL),,5440,M522x566S30004482x483S18500498x515S20500489x520S2e200502x534
podezřívat A (UPOL),,4141,M541x525S35b04482x483S30c30489x489S1f540512x497S21100527x492S22a04528x510
podezřívat B (UPOL),,4142,M532x528S35b04482x483S30c30489x489S19a11492x506S21100518x483S22a04519x500
podívá_doprava,podívat_se_doprava,1973,L531x531S10e52470x516S10e50516x470S2d50f490x491
podívat_se_doleva,,1795,L529x583S32105482x483S10e50514x553S22a02485x559
podívat-se-na,,1084,M532x536S30d00484x482S36d03479x525S10e00510x497S10e50517x441S26500518x477
podívej se na mě A (UPOL),podívat se na mě,4143,M547x587S31a00478x483S37104476x528S10001507x504S10009460x520S10053514x539S1005b467x547S20500518x568S20500472x576S20500498x501S26904531x524S26914441x540
podívej se na mě B (UPOL),,4145,M525x564S37104476x526S31a00480x483S10e54489x479S10e54492x534S2d702448x524
podlaha (UPOL),,4845,M514x527S15d52487x508S26600493x473
podle,podle2,1676,M518x532S15d38483x506S17d20494x468S18520493x517S26504498x491
podle (UPOL),,3053,M513x530S1f548488x499S1f540498x506S26620494x470
podložka B (UPOL),,4592,M548x533S15d50480x506S15d58501x506S26612455x510S26606518x508S36d10479x467
podložka C (UPOL),,4593,M529x565S10019493x457S10e11504x451S22a03486x452S21300488x435S10019486x535S17e11499x520S21300494x499S2e209475x516S2fb01471x436S2fb01477x503
podmínka,podmínky,1250,M526x520S10028485x490S10002496x493S26a04474x490S20e00480x480
podmínka (UPOL),,3518,M535x517S10028494x487S10002505x489S20e00472x484S26a04465x499
podnájem (UPOL),,4846,M544x575S2ff00482x483S15d21521x496S20500517x482S15d30524x549S25504524x523
podnik,podnikat,1098,M562x523S15d47531x500S36d00479x483S26b00535x477
podnikat (UPOL),,4594,M576x524S36d00479x476S15d10529x486S26b00549x493S2f700554x517
podobný,,157,M546x516S10e01521x483S10e09455x484S22f03505x493S22f15475x495
podpatek (UPOL),,3154,M522x541S15d58480x460S15230500x468S22a04506x506S18530497x526S21410479x492
podpis,,356,M531x517S15d09468x483S11501483x490S2880a509x491
podpis  B (UPOL),,3520,M541x515S15d3a460x495S18551473x491S27404506x498S26904525x497S20500472x486S2fb00513x486
podpis A (UPOL),smlouva (UPOL),3519,M538x515S15d3a462x496S18531474x491S27404502x497S20500474x485S26904522x496S2fb00511x487
podplácet B (UPOL),,4595,M604x594S36d10481x532S17059526x560S1ea40539x571S21410531x548S26f00564x578S21100529x580S32102468x482S32106496x483
podpora (biol),,2187,M545x527S1dc03515x474S1dc0b455x473S22f03503x497S22f15474x497S2fb04492x521
podporovat A (mě) (UPOL),,4146,M545x596S33c00482x483S1dc43515x537S1dc4b462x538S26f01507x557S26f17472x559S2fb04498x590
podporovat B (někoho) (UPOL),,4147,M526x576S33c00482x489S30c30489x495S1dc41503x546S1dc4f473x547S26f01493x524S26f11451x535S2fb00480x527S30920488x477S30924491x481
podporovat C (někoho) (UPOL),,4148,M541x592S30900482x479S14c30512x560S14c38472x561S2e60a508x529S2e612464x529
podprostor (IMoTeSP),,1499,M529x550S15d5a487x498S10050503x520S2b700510x487S1c550491x450S2eb32470x467
podprsenka (UPOL),,3214,M552x520S36d00479x481S1ed04476x501S1ed0c506x500S20500451x505S20500542x505S20500500x505S2d510464x490S2d508520x490
podsíť (IMoTeSP),,1500,M513x557S26700492x478S14c50488x443S10050495x527S15d5a486x496
podsíť (IMoTeSP),,835,M517x549S14c50493x451S20350497x519S26600497x487S15d58483x522
podtřída (IMoTeSP),,785,M550x562S14750497x452S14758481x452S20600484x437S22b05526x538S22b13450x538S15458466x499S15450511x498S22244459x529S22244459x532S22244504x528S22244504x531
podvádět (UPOL),,4149,M527x593S20300497x578S10e20495x549S37806465x586S27202471x541S20500517x570S33c00482x483
podvést (UPOL),,4431,M524x525S17058485x475S10a31496x482S21414508x512S22f00476x511S20500483x499
podvod A (UPOL),podvodník C (UPOL),3521,M524x526S20300509x511S10e20507x482S37806477x519S27202483x474
podvod B (UPOL),,3522,M532x537S30004482x483S15a10494x510S20600510x516S34600482x483
podvodník A (UPOL),,4596,M552x559S20301516x521S37703530x536S32a10482x483S22f03506x535S2f700495x552
podvodník B (UPOL),,4597,M571x611S16e48514x564S2df0a529x571S20310510x596S36d00479x528S35b04483x483S2df12455x569S2df12435x569S2df0a552x570S16e40468x563S20318471x594S2fd00490x555
podvýraz (IMoTeSP),,305,M542x528S10018457x490S15310475x474S22122468x472S22122462x472S22b06497x478S2c600504x497S10050527x498
podzim,,46,M561x527S20310546x476S20318510x476S26a02547x497S26a16512x497S2fb04530x521S14c02451x473S14c0a439x473
podzim,,468,M581x538S20310565x469S20318523x469S27102566x491S21600432x479S2fb04545x532S14c02465x489S14c0a418x489S20500434x514S20500473x515S26507483x464S26501419x462S21600474x479S27116524x490
podzim (UPOL),,2576,M548x560S20310513x507S20318473x508S26a02516x527S26a16474x526S2fb04496x554S14c02505x441S14c0a465x441S20e00473x470S20e00518x470S26506533x469S26512453x469
pohádka,,2214,
pohádka,pohádky,2267,M529x540S34400482x483S20600507x517S10010485x510
pohár A (UPOL),,4847,M528x557S15240508x443S15248473x474S22b24496x490S20340497x524S20348497x542S20500516x535
pohár B (UPOL),,4848,M525x543S15d40501x502S15d48480x502S20500495x532S22a10475x458S29a33501x473S29a3b478x473S22a00512x458
pohlavní styk A (UPOL),,4598,M530x524S20349487x503S10003500x491S20702486x476S22f03470x486
pohlavní styk C (UPOL),,4599,M526x574S15d0a499x555S15d52494x542S20a00476x552S26a02477x525S33c00482x483
pohled_doleva_dolu_otázka,,1990,M544x589S30a00482x482S36d03479x525S11555517x564S32115490x494
pohled_doleva_nahoru,,1866,M521x566S32101482x482S11551480x541S36d03479x524
pohled_doprava_dolů_levá_ruka,,1882,M527x584S32105479x482S11559500x559S36d01479x531
pohled_doprava_dolů_otázka,,1899,M544x589S30a00482x482S36d03479x525S11555517x564S32115490x494
pohledávka,,1213,M512x518S15d00493x491S22124488x482
pohodlný (UPOL),,4600,M540x535S14c50511x486S14c58466x470S23600501x465S2361c460x506S2fc00498x524
pohotovost (UPOL),,2683,M522x517S15d39480x494S15d41478x483S20600500x506S2f700508x497
pohovka A (UPOL),,4850,M540x535S36d00479x466S36d00479x531S14c50516x485S14c58459x485S22a04522x520S22a14465x520
pohřeb (UPOL),,4601,M566x530S36d00479x526S19a10518x502S19a18512x479S20500506x492S2c821543x470
pohyb,,5757,
pohyb (UPOL),,2404,M548x547S36d00479x459S37802520x460S37805503x483S37809470x461S3770b470x472S20311496x473S20319480x465S29f0d521x504S29f15466x506S2fd00492x541S36f58525x454S36f54538x455S36f54464x458S36f58452x457S2fb00493x514S22e06510x495S22e12473x494
pohyb v roztoku (biol),,2179,M532x552S14c52500x452S14c5a470x488S22522486x448S22526500x484S27102517x476S27116468x512
pojď-pojď,,1829,L518x528S32402482x483S15d31436x505S22115415x488
pojišťovna (UPOL),,2774,M516x518S15d39484x488S15451492x483S20500503x507
pojišťovna A (UPOL),,2775,M521x518S15759490x498S15451492x482S20500480x493
pokladna A (UPOL),,4602,M533x536S20300505x521S37806475x528S10e40502x492S20500523x509S28906471x482S2890e468x465S2890e468x501
poklička A (UPOL),,5121,M533x522S15548468x496S1f850491x501S28a02497x479
poklička B (UPOL),,5120,M535x527S15548466x500S14c50488x496S28a02499x474
pokoj A (UPOL),,4856,M532x539S1000a469x524S10002502x524S2d706502x495S2d71e472x495S10001501x462S10009480x462
pokožka (UPOL),,2734,M523x525S15d59487x495S15d51500x502S26507492x476S21100477x488
pokožka A (UPOL),,2735,M522x527S3780a478x473S37805478x505S15d51482x504S26506507x495S21100492x491
pokračovat (UPOL),,4150,M529x521S15d39472x498S27007492x479S20e00494x508S17f54472x482
pokud,kdyby,1619,M532x538S30004482x482S1ce02477x516S20600510x515
pokus,,1436,
pokus,,1800,
pokusit se (UPOL),"zkusit, zkouška",4151,M542x546S34600482x483S10001509x509S10009470x509S2d606520x493S2d61e458x494S2fb04494x540
pokuta A (UPOL),penále A (UPOL),3523,M524x538S15d48477x489S1ea11495x493S20e00498x484S28803503x462S28805504x518
pole (IMoTeSP),,579,M562x552S1ed10517x524S1ed18461x525S2ff00482x482S26500548x527S26510444x528S2fb04496x546S2f900550x546S2f900445x546
pole B (UPOL),,5441,M530x526S19209473x507S19201501x507S27610470x475S27608501x475
poledne (UPOL),,2577,M518x530S20300498x493S1de02483x471S22f24493x516
poleptání A (UPOL),,2685,M598x526S1c331557x477S1c339447x482S1c131509x477S1c139402x481S26516428x491S26506534x485S26506583x485S26516476x489S22200470x480S22204481x479S22204422x507S22204506x503S22200542x475S22204551x474S2fd00487x520
poleptání B (UPOL),,2686,M522x580S15d59488x548S15d59490x464S17c31486x424S22204485x421S22201506x446S15d51499x557S20611478x532
polévka,,1769,M538x545S10010523x455S15a37462x503S11531490x518S20f10475x469S2eb00522x495
polévka,,1793,M533x544S11512503x504S36a00482x477S26b00498x526
políbit A (UPOL),,4603,M518x572S32103482x483S34f00482x483S18508453x536S18520475x540S20e00474x523S26c08474x557S2f700506x559
políbit B (UPOL),,4604,M552x535S34f00482x487S30900482x479S18517509x505S20e00522x493S26c02537x508S2f700539x496
políbit C (UPOL),,4605,M554x522S34f00482x487S30900482x479S2f700539x499S20e00522x498S18501500x482S26c00527x476
police (UPOL),,4857,M548x550S14750501x528S14758485x528S26606518x534S26612451x534S2ff00482x483
policie,,79,M522x541S30004482x482S13f00493x518S22114495x534
policie A (UPOL),,3524,M522x535S30004482x483S13d40493x520S22114465x519
politika (UPOL),,4638,M547x523S10011498x493S10019482x493S20500497x478S27100507x486S2711c454x488
položení (UPOL),,4254,M550x578S15d50462x530S22a04470x562S22a04505x563S22a04537x562S26806495x533S33c00482x483
položit (květináč) (UPOL),,4606,M523x529S15440508x471S15448477x471S25524493x500S2f900494x524
položka (IMoTeSP),,786,M532x536S10b11502x477S26500486x463S26500486x483S26500486x502S22b04468x483S2fb04477x530
Polsko,,277,M521x522S36d00479x494S20500483x479S20500509x479S1f702480x502
Polsko A (UPOL),,2981,M528x519S36d00479x482S1f802469x501S20500487x506S20500518x504S26506500x504
Polsko B (UPOL),,2982,M522x521S36d00479x480S18501467x489S20500474x508S20500512x508S26506490x507
Polsko C (UPOL),,2983,M524x518S1f502477x491S21900478x482S37805492x509
polyformní (IMoTeSP),,81,M570x558S10021504x441S10029469x441S22b06540x443S22b12430x443S2e20f527x462S2e217444x461S2fb04493x466S15d39467x528S1ea00479x537S20500493x531S37c1b468x535S37c1b467x534
polygon (IMoTeSP),,1501,M558x517S1dc17469x484S1dc1f499x483S1f410529x491S1f418441x488S26506523x498S26512456x501S20500495x506
polynom (IMoTeSP),,1455,M565x557S10019448x456S10011461x456S20500460x442S10019435x527S1f503470x531S26500549x501S26606496x535S11504550x522S21f23456x521
polynom (IMoTeSP),,1502,M536x526S10018464x496S15300485x479S22242473x474S22242477x474S26606506x485
pomačkaný (UPOL),,3215,M541x606S15411507x395S1541f460x447S15411514x551S1541f489x582S15419481x476S1541d507x504S22a03501x410S22a03501x567S22a17508x578S22a17474x441S22a05494x495S22a11507x490S20351484x417S20339488x428S22104495x395S22104483x457S22104504x475S22104529x499S22104505x549S22104484x575
pomáhat (UPOL),,3587,M541x517S15d32478x492S15d3a459x491S22b00507x487S22b00525x487S20e00476x483
pomáhat B (UPOL),,4630,M521x530S15d39481x481S15d31492x481S26524490x506S36d00479x526S36d00479x470
pomalu,pomalý,569,M530x534S37606469x466S20500499x521S20500487x509S20500474x496S15d02503x501S26602489x488
pomalý (UPOL),,4632,M521x530S36d00479x471S3780a464x472S37804464x502S15d02488x499S20500484x519S20500471x513S20500459x508
pomeranč,,5746,M540x521S15d39460x498S19d50481x480S20500468x484S2c305513x486
pomlouvat,,351,M536x534S37606464x466S20500487x516S20500478x507S20500468x498S10a51503x508
pomlouvat (UPOL),"pomluva, drby",4153,M545x591S33100482x483S37a06476x569S37801468x538S20610483x559S10a20504x504S10a50519x565S22e04499x531S26602485x571
pomoc (UPOL),,2703,M517x524S15d39483x501S15d31494x501S22a20492x477
pomoci,pomoc (biol),301,M516x526S15d39484x500S15d31493x503S22a20500x474
pomoci jemu,,1220,M516x528S15d39484x502S15d31493x505S25520494x472
pomoct A (někomu) (UPOL),,4152,M519x529S15d39481x506S15d31496x504S26620493x471
pomoct B (UPOL),pomoct mě,4327,M520x531S15d39480x481S15d31497x481S22b04492x501S20500495x469
pomoct_mi,,1969,M521x613S11511494x555S11519483x552S26624493x583S20500510x548S36d01479x521S30a00479x482
pondělí,,165,M535x517S2ff00482x482S20500495x483S20500495x504S15a10523x486
pondělí (UPOL),,2594,M550x518S2ff00482x483S20500495x484S20500495x505S15a10521x479S22b04534x487
ponožky A (UPOL),,3213,M523x547S15d59478x465S15d51494x461S15d59483x524S15d31500x522S20500482x453S20500488x513
ponožky B (UPOL),,3216,M521x513S1ed3e480x487S2ea00506x488
popisovač (IMoTeSP),,957,M523x519S15d3a477x493S18550480x504S20500489x481S26506508x499S20600500x481
popisovač (IMoTeSP),,964,M525x525S15d39475x502S18550486x510S20500476x492S26507512x488S20500497x476S20500486x484
popohánět A (UPOL),,4154,M538x597S2e612461x534S14c30509x565S14c38469x566S2e60a505x534S30300482x477S31310492x493S33c10489x507S26620492x532
popohánět B (UPOL),,4155,M548x590S34500482x488S30150495x477S15d04507x563S15d0c481x563S26900532x550S26900532x531S26910459x553S26910459x534
pořád (UPOL),,2595,M528x588S3090c482x479S1ce10498x557S1ce48480x558S20700510x541S2eb28491x531
porada A (UPOL),,3525,M544x601S35000482x483S15d01515x537S15d09471x548S27100504x564S2711c465x575S2fb04499x595
poradit A (mně) (UPOL),"připomenout A (UPOL), radit A (UPOL)",4161,M520x518S15d59480x495S18502484x482S20610486x506
poradit C (někomu) (UPOL),"učit (někoho), radit E (někomu) (UPOL)",4162,M538x536S18557505x509S18559463x487S26f07508x486S26f17473x465
poradit D (někomu) (UPOL),"vysvětlit, vyjasňovat (UPOL)",4163,M556x577S36d01479x522S20600505x535S1dc11514x547S1dc19495x547S30e00479x483S23407527x533S23411473x536
pořádný A (UPOL),,4635,M546x520S15d40504x481S15d48454x481S2fb00492x514S2880a524x484S2881a476x488
pořádný B (UPOL),,4636,M518x551S36a00482x477S35300482x477S26506490x537S20500477x536S20500508x538S18501486x516
porod (UPOL),,2688,M561x532S36d00479x468S36d00480x519S15d40508x501S15d48474x502S20500526x519S20500465x521S2d200535x505S2d210438x505
poroučet A (UPOL),"úkol, nařízení, nařídit, rozkaz",4165,M528x525S15d39473x489S20500482x480S15b29473x489S24004502x476S2f900515x520S10051486x502
poroučet B (UPOL),,4166,M562x606S30500482x479S10026532x566S10003478x585S22e03509x568S33c10489x505
port (IMoTeSP),,956,M569x560S15d48481x443S15d48477x533S20500503x439S28802461x516S22b02539x457S22b02431x533S10002503x457S15d01485x527S20e00483x509
port (IMoTeSP),,961,M566x524S15d49476x499S15d01502x478S20500497x512S28802475x475S22b02536x508S22b02434x501S10002501x508
Portoriko (UPOL),,2984,M525x548S15a57482x452S15a57483x509S10e41495x465S10e4f495x523S20500475x452S20500476x502
Portugalsko (UPOL),,2985,M540x529S10b00490x483S2ff00482x483S21100527x481S22b04524x499
porušovat B (UPOL),,3527,M557x530S1ea09463x493S1ea01491x492S20500486x487S23500499x471S23510444x470S26826507x514S2fb00535x498
posadit (UPOL),"posadit se, sednout si",4167,M531x598S30300482x477S15d28479x548S15d20508x548S22e04514x579S22e14477x580
posbírat,,1637,M555x538S15d38485x512S17d20444x478S18520487x518S17d20489x463S17d20532x479S26505474x497S26504491x490S26503518x503
poškození (UPOL),,2689,M537x603S10059473x540S10051497x540S20f10497x568S23504498x585S35100482x483
poskytnout A (UPOL),dát,4168,M538x598S15d39482x558S15d0f498x575S20500494x558S26900522x571S30300482x477
poskytnout B (UPOL),věnovat,4169,M526x569S15d37491x535S1712f510x549S20e00495x542S26507508x529S34500482x483
poskytnout C (UPOL),,4170,M542x604S1dc41519x550S1dc49462x551S23415468x572S23403511x574S2fb04496x597S30300482x477S33c10489x508
poslanec A (UPOL),,4637,M575x533S36d00480x467S36d00478x511S14c03504x507S2b701517x482S1ea02535x483S2ea00560x483
poslat A (UPOL),,4171,M524x533S20320476x518S14c20501x467S26507491x500
poslat B (UPOL),,4172,M529x536S20320472x521S14c20506x465S26507496x498S16f4a474x503
poslouchat,,1971,L587x518S2ff00482x483S16036560x495S18536521x487S26a02541x486
poslouchat A (být poslušný) (UPOL),,4174,M575x583S15d39484x560S15d40498x556S21100520x561S27100535x562S35b04482x483
poslouchat B (něco) (UPOL),,4175,M591x532S3082a492x478S17b36563x504S18536525x497S26f02545x492S33000476x488
poslouchat C (hudbu) (UPOL),,5078,M557x524S33c00482x483S18507538x497S1850f442x497S22a02520x494S22a16464x494S20500517x482S20500472x482
poslouchat D (UPOL),,5318,M582x522S30806482x478S16027559x471S18520521x506S26a03543x489
posloupnost (IMoTeSP),,1503,M544x528S20300456x513S1f502466x499S21f21466x479S14c00521x473S22a07503x496
posloupnost programu (IMoTeSP),,511,M544x526S1440a455x473S22b14455x496S22136488x473S11502514x493S2920c498x492
posmívat se A (mně) (UPOL),,4207,M548x600S35d04482x483S11544512x551S1154c480x552S26f00508x584S26f10463x586
posmívat se B (někomu) (UPOL),,4210,M522x598S35a04479x483S36d01480x532S11541497x565S1154f472x573S26f01483x540S26f11447x559
pospíchat  (UPOL),"rychle, honem, spěchat A (UPOL)",4211,M533x527S26f07489x474S20e00491x499S15d39467x493S2f700521x475S15d51475x504
postava (UPOL),,2754,M577x587S30105482x477S1e140553x526S1e148508x525S21100537x538S22b24536x557
postel,,185,M536x530S11540510x470S11548475x470S2b844464x506S2b835515x506
postel,,396,M522x547S10e40507x452S10e48477x452S22a20492x496S26624490x517S2fb04492x487
postel,,5867,M536x597S11540510x537S11548475x537S2b844464x573S2b835515x573S34400482x483
postel (UPOL),,4624,M525x534S11540510x467S11548475x467S2b824487x501
postfix (IMoTeSP),,837,M526x533S1ed4e473x502S15d40507x506S22b04505x468
postižený,,1230,M529x539S10008514x475S36d00479x462S10000468x472S22f24488x510S2fb04490x533S2fb04496x533S20e00493x494
postupovat (UPOL),"postup, schody",4212,M531x534S11559469x509S11551488x509S20500493x500S22a07504x495S22a17488x485S22a07518x482S20500506x482S22a17501x469S20500520x467
posunout (UPOL),posunout (např. skříň),3602,M572x560S35400482x483S30c30489x489S15d40527x533S15d48459x533S26606542x539S26616481x539
posunout B (UPOL),,4214,M537x525S18048463x510S18040506x510S26600518x476S26610468x476
potit se A (UPOL),,4222,M524x518S35d04482x483S15a12465x488S31210490x486S20e00512x475S26606494x488S2f800485x461
potit se B (UPOL),,4223,M535x568S30300482x477S1f540514x499S1f548470x513S22f04510x531S22f14467x544S2fc05498x553
potkat,,20,M546x530S11521495x486S11509479x489S20500495x469S26601524x508S26615455x472
potkat A (UPOL),,4224,M546x531S11521495x487S11509479x490S20500495x470S26601524x509S26615455x473
potkat B (UPOL),,4225,M549x522S11511496x495S11519478x495S20500495x478S26602519x494S26616451x494
potlesk,,283,M547x541S2ff00482x482S14c10524x469S14c18455x470S2e200527x508S2e218455x509
potom,,389,M523x521S20600490x479S11551496x496S11559477x496
potom A (UPOL),,4642,M519x512S1f420490x497S22214481x489
potom B (UPOL),,4643,M526x528S11559475x503S11551496x502S20600503x492S22f04501x473
potom C (UPOL),,4644,M541x528S34400482x483S15a10506x501S20600519x503
potom já,,1433,M541x523S11502511x508S1150a461x508S2b825491x477S20500496x512S36d00479x491
potomek (IMoTeSP),,787,M518x530S16c28481x483S2c600499x469S10050503x500
potřást rukou (UPOL),,4975,M543x571S30104482x477S15d40524x544S22f04493x552S2f700499x540
potřeba (UPOL),,5214,M528x515S15d48473x487S20600495x485S18040497x500
potřebovat,potřeba,450,M528x515S15d48473x487S20500495x485S18040497x500
potřebovat,potřeba,595,M528x515S15d48473x487S20600495x485S18040497x500
potřebovat (UPOL),,3961,M523x515S15d48478x487S20600500x485S18040492x500
potřebovat B (UPOL),,4226,M529x573S30a00482x483S20500499x540S15d48480x546S15d02502x547S33c10489x503
potvrdit (UPOL),,4227,M518x596S20351497x574S20b00490x557S15d39486x573S30c00482x490S30154495x476
poukaz (UPOL),,3463,M571x510S1ed40501x491S1ed48476x490S26512455x494S26506531x496S1eb40547x490S1eb48429x490
pouštět páru (UPOL),,4931,M552x588S17630524x572S23400515x553S32a10482x483S15430526x521
používat,"používá, žít, žije",928,M538x529S36d00479x508S1dc51508x506S22f20489x470S20e00495x489S1dc59463x505
používat,"užívat, využívat",1645,M528x523S15d39494x500S17f02499x488S20e00488x477S26a03472x485
používat B (UPOL),využívat,4243,M525x529S15d39491x484S17f02496x472S20e00496x491S26f03475x499
povaha (UPOL),,4218,M542x534S36d00479x467S20320511x482S20326474x489S37703520x495S3770b461x502S22f04510x510S22f14474x512S2fd00494x528
povedlo se,"povést, povede",1322,M530x609S15d39482x580S15b29483x579S15d5f497x586S15d01502x509S31a00482x482S20500520x502S22b04499x532S30004482x482
pověsit A (UPOL),odložit,4058,M586x561S1ea10561x506S1ea18532x507S22b04570x531S22b14533x531S33c00482x488S32416489x496S30356497x477
pověsit B (UPOL),odložit,4059,M571x588S32a00482x483S10a39524x530S10a10533x528S20700553x527S22b24533x558
povídat A (UPOL),"povídat si (s někým), mluvit (s někým)",4259,M549x538S17d10511x476S17d18466x475S22104509x465S22104452x463S22114523x465S22114466x463S27102519x493S27112470x494S2fb04496x532
povídat C (UPOL),,4261,M546x530S33b00482x483S10012499x512S2ea08531x505
povinnost,"povinnost 1, závazek",1376,M531x523S15d48469x478S10041490x493S20500489x479S2890a502x480
povinnost,povinnost2,1075,M527x522S10049474x492S10041485x491S2890a498x478S20500472x491
povinnost (UPOL),,4651,M527x533S15d38474x487S10041488x503S20500497x499S24104499x467
povodeň (UPOL),,5499,M541x544S14c58459x513S14c50504x513S22b00508x480S22b10463x480S26607519x456S26617474x456
povolání A (UPOL),,4652,M537x532S30004482x483S19a10473x512S26600521x493S20500504x520
povolání B (UPOL),,4653,M529x518S17d48473x503S20700471x482S15d03490x491S26902511x502
povolení,,1365,M545x531S1dc03515x469S1dc0b455x470S22b24493x501
povrch (UPOL),,2687,M527x529S15759491x472S15d51504x477S21100493x495S2710d474x503
požádat,,1160,M519x521S15d38480x479S10a50493x495S20500502x481
pozadí (IMoTeSP),,1504,M516x533S22c04494x491S15d02489x467S15d0a485x496
požadovat,"požadavek, žádost, žádat",1177,M522x521S15d48477x479S10a40495x495S20600500x480
požadovat A (UPOL),,4262,M526x524S15d28474x482S10a00487x498S20500507x494S26f04486x477
požadovat B (UPOL),,4263,M532x516S15d38468x485S10a50471x490S20610498x492
pozdě,později,395,M536x516S15d02476x484S15d0a464x497S2c300510x492
pozdě B (UPOL),,2596,M524x578S33b00482x483S15d32497x559S25504499x538S15d01496x513
pozdravy A (UPOL),,4654,M573x547S30300482x477S15d00527x518S26a00546x524S2f700553x540
pozítří,,1345,M556x517S30006482x482S1dc40521x480S26500542x467S20e00542x488
pozítří,,377,M559x527S30005482x482S26a00532x485S1dc40516x497S20e00536x504
pozítří (UPOL),,2597,M557x518S30006482x483S1dc40521x475S26500543x467S20e00544x485
poznámka,zapsat,1077,M531x529S15b09469x506S1f457510x495S22b03494x470S20500482x506
poznat (UPOL),,4267,M538x549S2ff00482x483S11520522x489S2df02519x525
pozor,,461,M540x523S20300489x508S20c00512x509S10e20493x476S37706460x514S26500517x484
pozor,,505,M524x523S1f759502x495S20c00476x510S10e20488x477
pozvat (k sobe) (UPOL),,5119,M537x535S18218464x465S18210472x487S2d226488x507S26625515x502S2fb04512x529
práce,"pracovat, udělat, udělat2",38,M528x515S20300497x484S20600471x490S20300497x500S37b06481x507S37b06512x491
práce (UPOL),,3217,M532x516S20302493x484S20302494x501S37706507x490S37706470x509S20600468x494
Prachatice (UPOL),,5443,M519x529S21410504x521S22a00505x472S20500491x476S15d38482x491S15450504x492
pračka (UPOL),,4919,M535x595S32105482x483S10030517x540S2ee0b516x573
pracovat,,336,M524x510S20600502x494S20348476x491S20340483x495
pracovat,,688,M521x516S20300479x483S20600499x494S20300479x501
pracovat A (UPOL),práce,4268,M551x570S20610517x557S20348490x551S20340497x555S33c00482x483
pracovat B (UPOL),vyučit se,4269,M547x526S36d00479x474S1f502510x485S20e00521x481S22e04530x506S22e14457x508S1f502478x486S20e00469x482
pracovitý,těžká práce,529,M540x560S20300492x527S20c00512x538S20300492x545S35300482x482S31000482x482S37706505x534S37706464x552
Praha,,27,M536x534S19a48465x467S19a40508x467S22b14470x497S22b04514x498S2fb04493x528
Praha,,334,M531x534S1f548470x466S1f540516x466S22b14470x497S22b04514x498S2fb04493x528
Praha,,404,M531x534S19a4a469x467S19a42511x467S22b14469x497S22b04513x498S2fb04492x528
Praha,,427,M531x532S20340516x469S20348470x469S22b14470x492S22b04514x493S2fb04492x526
praha,,5838,M540x578S34c00482x483S19a02519x517S19a0a461x519S22b04524x547S22b14458x548
Praha A (UPOL),,5446,M528x530S20342512x471S2034a472x471S22b04512x490S22b14472x491S2fb04492x524
Praha B (UPOL),,5444,M536x532S19a48465x468S19a40508x468S22b14471x492S22b04514x493S2fb04493x526
Praha C (UPOL),,5445,M529x534S1f540513x467S1f548471x467S22b14471x495S22b04513x495S2fb04492x528
přání,"prani, přát si, prat si",1862,M526x524S1ce00504x476S1ce08474x476S2f900479x519S2f900510x519
přání,,1397,M535x524S1ce00465x494S1ce08513x494S26620491x480S2f920510x476
přání (UPOL),,2598,M579x621S1ce38426x541S1ce30452x541S22a04460x576S22a14426x577S1ce30557x543S1ce30504x533S1ce38531x544S1ce38478x533S22a14533x578S22a14482x571S22a04564x578S22a04511x572S26826483x605S30201482x478S31530490x498
prase,,1833,M518x553S30a00482x482S16d10496x504S2e500489x526
prase (UPOL),,3432,M522x519S15d41499x496S15d49478x496S20600490x482
prášek (UPOL),,2366,M520x518S15d39480x484S10051490x497S21100507x483
přát,"přát si, blahopřát",1364,M527x525S1ce08472x495S1ce00505x494S26a20486x475
pravá noha od stolu,,5831,M547x518S20500537x443S17640523x433S17648516x427S2ff20476x483S22b04522x455
pravda,"funkce 2 (IMoTeSP), opravdu",159,M534x532S33b00482x483S11510489x502S26500520x498
pravdaL,,1996,L532x534S11510489x504S20500519x507S26600516x475S32403482x483S33b00482x483
pravděpodobnost (IMoTeSP),,1042,M534x581S31000482x482S35600482x482S14c50510x527S14c58465x530S2a528489x548
pravdivostní (IMoTeSP),,737,M532x534S33b00482x482S11510489x503S26600516x504
prave,,199,M528x517S15d39472x490S15d31481x494S20600506x484
právě,,1993,L521x569S34400483x481S30150496x468S15d39479x546S15d31493x546S20600478x535S36d03479x522
právě A (UPOL),,4657,M518x575S30300482x477S34c00482x488S15d39480x552S15d31491x552S20600480x538
právě B (UPOL),,4658,M548x564S30300482x477S15d00529x537S2c601522x504
pravidelně A (UPOL),,2600,M547x591S1000a480x545S10040490x543S20610513x546S30201482x478S33b10493x513S26826492x575
pravidelně B (UPOL),,2599,M547x573S1000a480x545S10040490x543S20610513x546S30201482x478S33b10493x513
pravidlo,zásada,1217,M527x521S15d08487x482S18010497x487S20500474x479S20500474x500S22a04507x506
právník,,5849,M538x606S35000482x483S11520520x531S11528472x533S22e04521x576S22e14467x575S2fb00495x600S22b24496x555
právo,,751,M531x530S11520515x470S11528471x470S22b24492x500S2fb00493x482S22e04514x504S22e14470x503
právo (UPOL),,4659,M531x530S11520515x470S11528471x470S22b24492x500S2fb00493x482S22e04514x504S22e14470x503
pravý (UPOL),,3157,M530x534S11520515x466S11528470x467S22e04513x503S22e14472x506S22b24492x504S2fb00494x488
praxe A (UPOL),,2691,M521x532S10049480x501S10041496x502S20600497x489S22f04496x468
praxe B (UPOL),,2692,M559x515S1f840500x499S1f848482x499S20600491x485S2d517460x496S2d517442x496S2d50f523x496S2d50f539x498
prázdný (UPOL),,2622,M520x520S1595a486x502S1c551495x480S21100480x483
přechod (IMoTeSP),,1515,M524x520S17618476x480S10050486x490S26606494x486
před,před (místně),1457,M519x524S2b704489x500S15d0a482x475S15d02492x479
před,před (časově),1650,M529x516S15d48496x489S15d40510x486S28902471x485
před (chviličkou) A (UPOL),,3088,M528x540S15d0a486x500S15d02490x503S26f04488x526S36e10480x461
před (chviličkou) B (UPOL),,3090,M559x582S26f04519x568S18210524x546S36e12475x533S30300481x477S31310491x493S31530488x501
před (UPOL),,2402,M516x525S15d0a485x475S15d02489x478S2b704495x501
před 14 dny (UPOL),,2605,M551x536S1f502520x480S14420529x464S14a20536x521S26504534x500S36d00479x483
před B (UPOL),,2601,M529x522S15d48496x495S15d40510x492S28902471x491S20500506x478
před C (UPOL),,3093,M548x581S26504529x566S18210525x546S36d03479x531S30300482x477S31310492x493
před D (UPOL),,3150,M528x514S26602472x496S15d10509x487
před hodinou A (UPOL),,3091,M528x528S1f502496x472S2e73e491x496S20356513x513S37906473x519
před hodinou B (UPOL),,3092,M525x519S1f502476x481S2e400496x486
před měsícem (UPOL),,3094,M522x544S1f550497x475S22b04506x514S26504507x494S36d03479x456
pred-dvemi-roky,,105,M532x531S36d00479x497S1dc02494x507S2df08508x469S20500522x501
předám,,2000,L535x534S1ea10512x513S1ea40511x466S1ea18465x512S1ea48467x466S26720493x477
předat,,1064,M529x524S18535471x505S1853d502x497S26527493x476
předat,,1986,L535x534S1ea10512x513S1ea40511x466S1ea18465x512S1ea48467x466S26720493x477
předat,pověřit,1124,M528x524S1ea18471x503S1ea10505x503S2b720485x476
předat,předat2,1638,M523x518S15d38477x492S26527510x483S18520479x498
předat,předat3,1642,M530x525S1ea19470x474S1ea17509x497S2b727503x474
předat květiny (UPOL),,3171,M527x525S17440473x491S17439477x509S20500495x503S26627505x476
předat kytky (UPOL),,4184,M514x537S18540488x496S18548486x522S2b720488x464
předat kytky (UPOL),,4185,M514x537S18540488x496S18548486x522S2b720488x464
předat mi,,1241,M533x520S1ea10510x499S1ea18468x497S36d00479x487S26623496x480S20500494x507
předat mu,,1242,M532x523S1ea10509x502S1ea18467x500S26627501x477
předbíhat (UPOL),předběhnout,4270,M519x521S1f548482x490S1f540492x497S2d707492x480
předek (IMoTeSP),,963,M524x529S15428491x480S10600508x471S36d00479x510S26604508x499
predevcirem,,219,M545x546S2ff00481x482S1dc10521x485S20500494x503S36d00479x524S20500493x535
předevčírem A (UPOL),,2603,M538x526S2ff00482x483S1dc40474x489S20500495x504S2d509519x511
předevčírem B (UPOL),,2602,M521x547S2ff00481x483S1dc40473x489S20500494x504S36d00479x525S20500493x536
predikát (IMoTeSP),,1505,M541x537S20310526x404S20318474x405S2f900503x424S33b00482x483S1ed0e490x511S1ed26521x473S26500518x505
predikát 2 (IMoTeSP),,1506,M562x580S20310519x382S20318479x381S28812452x384S22232469x467S26500512x471S1ed26495x554S26500521x543S2880a540x385S33b00481x441S14412476x466S2f900524x531S33b00482x525
předjíždět (UPOL),,4660,M528x600S15a50496x544S15a58491x573S2d80e457x559S21404504x585S37102473x530S32d10478x483
předloni (UPOL),,2604,M541x570S36d00479x476S1dc02494x489S36d00479x539S20e00524x480S1dc20517x540S20500507x546S22a04525x494S36a10489x525S36a10491x462
předložky (UPOL),,4661,M524x523S1ed26505x477S1ed2e483x478S2890e477x508
predmet,,380,M520x522S1ce30481x478S27102505x482
předmět A (UPOL2),,5731,M542x584S1ce30512x528S1ce38466x528S2e513459x561S2e50b515x561S35000482x483
přednáška,"mluvit, povídat",5779,M526x543S33b00482x483S14c12495x508S22622479x517S26a00449x503
přední levá noha,,2317,M524x518S20500453x467S2ff20476x483S17640468x468S17648464x459S22b04459x486
přednost,předem,1195,M521x574S1150a485x475S2df0a502x427S20500484x437S11514504x458S1150a478x533S11504499x544
předpoklad (IMoTeSP),,618,M529x562S26a04471x533S15d0a493x439S20e00480x519S10028482x532S10001496x528S15d02502x444S26504510x465
předpřítomný čas,,1745,
představit se (UPOL),,4273,M546x531S36d00479x469S15d43516x475S15d4b461x474S21100533x491S21100457x494S22b04513x501S22b14472x500
představit si A (UPOL),představa,4274,M541x566S31600482x488S14c10518x503S14c18459x504S2a20c516x537S2a214460x538S30150495x477
představit si B (UPOL),představa,4275,M583x524S31600482x487S30921490x479S1eb10512x504S1eb18489x504S1ee10557x502S1ee18440x502S26506540x506S26512467x507
předvolání A (UPOL),,3528,M517x523S10020502x478S26903484x504
předvolání B (UPOL),,3529,M517x524S11520502x477S26903484x505
prefix (IMoTeSP),,838,M523x521S1ed4e504x480S15d40500x494S28802477x485
přehled (UPOL),,4349,M534x517S20300498x502S37806467x509S11531480x483S26606504x484
přehlídka (UPOL),,4350,M540x534S11812508x472S1181a460x509S26602470x467S26606474x477S26616493x504S26612493x517S22614503x490S22614476x525S2fb06534x495
přehrada (UPOL),,5447,M540x528S15b20521x473S15b28468x473S37d0b532x489S37d03461x489S22b03505x504S22b15472x504
přejet A (např. člověka) (UPOL),,4276,M546x598S11549486x559S15a51523x575S32a00482x481S2dd07487x544S33630476x497
přejet B (obecně) (UPOL),,4277,M546x598S2dd07487x544S15a51523x575S32a00482x481S15a57487x561S33630476x497S33c10489x503
přejet C (obecně) (UPOL),,4278,M528x606S33c00482x488S30251495x477S15d49490x576S15d41505x583S20e00514x564S26601481x558
překládat (UPOL),"překlad, přeložit",4279,M536x535S15a37472x476S11551480x486S20500464x477S20500476x466S2a401503x507
překonávat A (UPOL),,4280,M531x590S31000482x483S33310496x496S35830488x505S15d09493x561S15d41508x567S20e00517x550S23401494x536
překonávat B (UPOL),"vydržet, zatnout zuby, překonat, zadržet",4281,M521x598S35200482x488S30250497x477S36d00479x539S20352479x550S21100496x568S22b04478x568
překročit A (UPOL),krok,4282,M517x531S15a50483x488S15a50504x504S2b800494x470
překročit B (UPOL),,4283,M528x516S15a0a473x504S10e13477x484S2c300502x493
překvapení,být-překvapený,1427,M547x536S30d00487x482S36d03478x525S1eb10514x499S1eb18472x501S1dc10523x439S1dc18466x440S26620499x447
překvapený (UPOL),,4662,M542x539S30d00482x483S1eb40508x520S1eb48467x519S26500521x500S26510464x497S1de40520x464S1de48458x464
prelozit,,251,M528x525S15a37480x490S11551488x500S20500472x491S20500484x480S2a508507x476
přemýšlet,,609,M562x539S30007482x482S10011514x488S2e201535x509
přemýšlet A (UPOL),,4284,M559x542S10a11509x490S31600482x488S2e201532x512S30251497x478S33b10494x513S35750489x511S35740509x510
přemýšlet B (UPOL),"sen, zdát se, rozmyslet A (UPOL)",4285,M570x522S30908482x479S2e501547x468S22521516x478S14c01527x490S31630489x496S33f10490x508
přemýšlet C (UPOL),,5234,M570x522S30908482x479S32114490x494S22521516x478S14c01527x490S2e501547x468S35b04482x487
přenos (IMoTeSP),,966,M541x592S14c16487x473S14c12478x409S2fb04487x586S14410509x552S14418466x546S27100501x533S27114459x528S23100486x433S23118486x453S2fb06527x442
přepínač (IMoTeSP),,839,M559x582S1470a495x458S15d40494x429S37800499x456S27206515x419S1ed10509x550S1ed18466x550S27a0e531x528S27a16442x528S2fb04496x576
přepínání (IMoTeSP),přepínat,1517,M520x534S1470a481x504S15d40480x475S37800485x502S27206501x465
přepnutí (IMoTeSP),,606,M508x541S10e50493x458S10e30492x511
přepychový (UPOL),luxus,4665,M550x543S36200482x483S30f00482x483S1c510520x479S1c518445x515S2df17448x483S2df0f530x449
Přerov (UPOL),,5448,M537x535S2ff00482x483S15d10500x502S27102522x495
přerušení,,1253,M531x544S1ea49475x507S1ea41503x502S20500495x494S2fb00496x538S2a208503x455S2a210469x457
přerušení (IMoTeSP),,568,M520x537S11559480x484S11550503x507S26700497x463S20e00508x485
přerušit (UPOL),,4286,M548x514S1ea01500x493S1ea09472x493S20500496x489S22e00531x487S22e10452x487
přes (biol),hyper,2224,M520x526S15a5a480x514S17120481x493S2c300494x474
přes A (UPOL),,2986,M531x521S15a06470x487S15d41481x492S2c300505x479S21100512x507
přes B (UPOL),,2987,M524x532S15d3a476x495S15d40487x505S21100509x502S26600508x468
přesměrování (IMoTeSP),,789,M543x537S1470a456x485S15d40464x510S26606483x470S15d26516x464S26600462x474
přesně (UPOL),přesný,3152,M527x532S1004a473x487S10010487x492S20500493x469S26904511x504S2f700515x525
přesný,,5783,M515x523S1004a485x495S10010497x493S20500505x477
přesouvat položky do dalšího období,,1171,M591x522S15d18409x477S16020429x480S18550460x492S28806445x501S16020490x480S18550512x494S16020540x480S18550566x493S28806553x510S28806497x509
přestat (UPOL),,3889,M541x536S17c20521x471S17c28463x469S22104523x464S22104464x464S22a04524x499S22a14467x499S18520516x521S18528460x520
přestávka,,1254,M511x541S1ea27490x513S27206488x459
přetečení (IMoTeSP),,562,M536x621S30007482x482S18517517x490S20500514x473S1470a485x568S2b701497x564S18120494x592
přetrpět,,1980,L521x599S30d00482x475S36d03479x514S14c52482x525S20352497x584S22b04498x550S21100485x555
přetrpět_vlevo,,1981,L522x601S36d01480x515S21100484x557S14c52481x527S20352496x586S22b04497x552S33b00478x475
přetypování (IMoTeSP),,790,M522x562S15d39485x440S1ea00497x447S20500512x437S1ea20481x541S1ea08478x532S2df24485x506S37c1b485x446S37c1b486x447
prezident,,5530,M539x588S35000469x483S34700495x483S36d00479x527S36d00480x584S10052455x561S10050524x549S2d708481x544
při B (UPOL),,4667,M533x527S1ee26511x479S1f426467x478S2880e489x515S22204517x474
"přibrat A (někoho, něco) (UPOL)",přijímat (UPOL),4287,M564x593S32405482x483S14c57538x526S20357499x572S26603517x553S20357484x555S26613501x535S14c59521x509
přibrat B (ztloustnout) (UPOL),tloustnout,4290,M550x601S32a00480x483S14c14514x563S14c1c468x563S36d00478x529S36d00481x597S26506535x564S26512457x565S30c30487x488
přibrat C (ztloustnout) (UPOL),,4291,M552x524S32a00482x483S15418466x498S15410519x499S26512448x505S30c30489x488S26506537x505
příbuzný (UPOL),teta (UPOL),4668,M532x535S11520517x466S11528468x467S2990c517x503S29914472x502
pridat,,272,M527x520S18557508x481S1855f481x493S20500472x499
přidat,"víc, navíc",4288,M521x526S18518496x484S18520486x475S20500480x484S26600502x496
přidat (UPOL),,4669,M529x519S20302496x499S18520485x482S20500516x491S26500515x504S37706471x506
přidat víc (UPOL),,5192,M561x588S1811a485x559S18520480x548S20500509x554S26500499x572S20500548x554S20500527x554S33c00482x483S26500523x573S26500547x573
pridavat,,416,M524x515S15a56492x503S18520475x485S20600502x489
přihlásit se (UPOL),hlásit se,4292,M577x527S11520537x483S2ff00482x483S27206558x487
příjem,"zisk, výnos",1114,M521x529S15d39479x488S15d41498x471S2d602488x492S1f502506x505
příjem,výplata,126,M525x601S15d39482x557S34800482x483S20341504x580S21100487x585S2d502492x569S15d41497x550
přijet A (UPOL),"přijít B (UPOL), dostavit se, přinést A (UPOL)",4293,M572x535S10010557x486S10014499x499S28f02511x465S36d00478x465S36d00480x531
přijet B (UPOL),"odjet, přijít A (UPOL)",4294,M513x524S10020488x494S2c300487x476
příjezd (UPOL),,2988,M527x531S10a10512x470S28a03473x489S22e03495x502S2fb00475x525
přijít,,1350,M519x527S10000504x473S26603481x505
přijít,přijít2,1750,M508x532S10000492x467S26604492x502
přijít C (UPOL),,4295,M536x537S10010521x492S10014463x505S28f02475x471S36d00478x463S36d00480x533
přijmout,přijmout 2,1441,M534x540S14c58466x459S14c50510x460S20350517x525S26624493x491S20350469x525
přijmout,souhlas,1136,M539x540S14c58481x459S14c50515x471S20350484x525S26623481x493S20350461x521
příkaz,,1262,M538x542S15b29461x507S10041479x512S2890a488x483S26607516x457S20500475x494
příkaz (IMoTeSP),,476,M547x527S15a49452x474S10011478x497S20500467x490S1ed46528x481S2890a488x477
příklad,"reklamace, například",1632,M522x527S15d48478x494S15d31498x504S20e00503x490S22f00497x473
příklad,například,1948,M520x603S15d48476x571S15d31497x580S20e00495x564S22f00488x547S31400482x488S30302482x477
příklad (IMoTeSP),důkaz 2,1336,M516x532S20e00490x485S15d01493x505S15d28490x505S22f00484x468
přikrývka A (UPOL),,4921,M522x538S36d00479x462S20500485x467S20330507x523S20338480x523S25900507x497S25910481x497S20300503x480S20308483x480S20500506x467
přikrývka B (UPOL),,4922,M528x532S36d00479x468S15d02488x473S15d0a486x487S20500518x480S20500473x494S25920494x509
příloha,,1652,M537x520S17e38463x504S15d30486x492S26602507x504S20700465x479
primární (IMoTeSP),,1043,M521x537S1f502506x463S1dc20479x476S2a204496x501S2f710500x530S22a00508x489
primitivní (IMoTeSP),,791,M533x536S1ce40511x464S1ce48466x465S22b04511x500S22b14472x500S2fb04492x530
přímka (IMoTeSP),,1448,M540x522S10028460x492S10042477x492S20500471x478S26606510x491
přímka (IMoTeSP),,1519,M533x518S10028467x483S1005f484x488S26706491x482
přímo (UPOL),,4671,M535x533S15d10516x506S15d18465x506S26900517x479S26910471x479S26620493x481S2fb00495x468
princip (IMoTeSP),,840,M537x702S30004482x482S1f510492x518S26500509x518S20300493x590S20300497x575S20600470x579S37706512x582S37706464x596S1600a485x656S18002497x639S22f04491x688S21100497x672
přinést B (UPOL),,4296,M565x605S15d30496x578S15d38473x578S15d30546x579S15d38522x579S33c00482x483S32416490x491S28b02506x556S28b12488x557
priorita (IMoTeSP),,793,M534x521S11500519x491S11508467x490S26a20490x478
priorita v2 (IMoTeSP),,792,M525x536S11502494x464S1150a474x472S26604509x506S22a04510x488
priorita v2 (IMoTeSP),,965,M526x528S11502496x484S1150a474x492S2890c500x499S20500488x472
případ (UPOL),,3530,M557x535S14c50511x504S14c58469x503S15d40538x468S15d48443x466S2a201514x477S2a219465x477
připravovat A (UPOL),"připravit, příprava",4298,M550x529S1d550497x472S1d558451x472S26506501x503S26516455x515S26516473x515S26516491x515S26506518x503S26506535x503
připravovat B (UPOL),"připravit, příprava, uklízet A (UPOL), úklid",4299,M558x528S15d40487x472S15d48442x473S26506499x500S26506529x500S2f700546x503S26516457x514S26516483x513S2f700498x517S2f700486x504S2f700515x503S2f700446x518S2f700472x517
přirážka (UPOL),,4672,M532x519S15d48468x481S18510482x498S20500492x486S28801512x499
příroda,příroda 1,1248,M520x548S15d0a479x503S20330485x533S22b00484x495S15230481x452S20e00508x511
příroda (UPOL),,3435,M530x545S16c48470x507S17730488x509S22a00495x530S22a00496x487S15430495x455S20700512x510
přirozený,"příroda, přirodní, přirozený (biol)",905,M520x564S15d0a479x487S20330485x517S22b00484x479S15230481x436S20e00508x495S37800491x532
příslovce A (UPOL),,4673,M521x528S10008483x498S10004479x473S2ea36496x483S2ea12496x501
příslovce B (UPOL),,4674,M521x528S10008483x498S10004479x473S2ea36496x483
přísný A (UPOL),,4675,M524x582S20310500x528S20318484x528S20500495x546S20500496x571S28914474x549S2890c509x548S30f00482x483
přísný B (UPOL),,4676,M542x569S17600524x494S14c00519x538S22a04525x518S33200482x483
přísný C (UPOL),,4677,M553x573S17600524x494S14c09514x546S22a04525x518S33200482x483S14c01527x546S20500531x534
příště,,588,M516x521S10002486x506S2b700483x480
příště A (UPOL),,3164,M530x525S1004a471x496S2c300504x476S1002f501x495S20500493x500
příště B (UPOL),,3162,M518x521S1002e488x506S2c300483x479
příští týden A (UPOL),,3167,M535x559S14c40471x501S1dc40500x506S30300482x477S2b801512x533S2b811479x532
příští týden B (UPOL),,3168,M533x567S14c40459x536S1dc40499x537S30300482x477S2cc00514x524S2cc10478x527
přístup (IMoTeSP),,1520,M518x529S15a0a483x497S15a40492x502S26600490x471S2f900507x490
přítel,"holka, přítelkyně, partner, kluk, partnerka",2315,M517x529S1f540502x505S1f548483x505S26a20486x471S20500495x491
přítomný,"přítomnost, účast",249,M534x525S14c04508x475S14c0c469x477S22134466x513S22134466x518S22134502x512S22134502x517S22a24494x494
přítomný,má,663,M513x529S26500493x470S14c50488x498S22230487x493S22230487x489
přítomný,má,908,M525x524S22237494x487S26507512x476S22237492x489S14c57475x497
přítomný A (UPOL),,4678,M535x583S14c04512x534S14c0c461x532S22514513x566S22514464x570S33c00482x483
přítomný B (UPOL),,4679,M526x576S14c04503x531S33c00482x483S22514504x563
příznak (IMoTeSP),,64,M533x570S15d09478x445S10a21490x445S20500481x431S20308471x516S20300514x516S15200466x538S15208513x539S26524494x529
přiznat (UPOL),"přiznání, slibovat A (UPOL), slib",4300,M518x571S33b00482x483S11500490x504S2df08489x538S26506495x557
pro,,1229,M533x535S10003503x494S1000b467x496S2df1e468x465S2df06500x465S2fb00491x529
pro A (UPOL),,4681,M537x531S10009488x469S10021486x480S2df06517x470S2df12464x471S2fb04491x525S21100492x507
pro B (UPOL),,4682,M533x541S10003503x500S1000b467x502S2df1e468x471S2df06503x472S2fb00491x535S20500494x506S20500490x460
problém,,322,M531x548S11852504x458S20500496x453S1180a469x465S1185a469x521S11802500x533S20500493x510
problém,problém2,1854,L530x598S35600482x483S11012503x529S1100a474x530S11002503x572S1101a473x571S20500497x545S20500496x587
probudit někoho A (UPOL),budit,4301,M523x527S2035a488x491S16f52481x474S20700505x487S27120477x512
probudit někoho B (UPOL),budit,4302,M559x544S1ea50536x478S36d00479x457S27106544x504
probudit se A (UPOL),,4303,M538x545S31f00483x456S31a00482x510S1ee18463x512S1eb10509x470S1eb18467x470S1ee10512x511
probudit se B (UPOL),,4304,M543x562S31f00483x456S31a00482x510S1ed40517x485S1ed48459x486S1ed10515x542S1ed18461x543
proč A (UPOL),,4683,M522x525S15d48479x475S15d41494x490S22214489x520S20e00490x505S22204512x520
proč B (UPOL),,4684,M519x535S15d48481x465S15d41496x480S22204494x511S20e00492x495S26504503x509S2fb00496x529
proč?,,1812,AS15a18S15a12S21200S27100M531x577S30d00482x482S15a18476x534S15a12495x544S21200497x563S27100491x522
procedura (IMoTeSP),,1508,M527x580S1440a477x419S10050505x420S26600505x452S1440a472x514S10050510x515S22b04511x550S22246503x510
procento,,1153,M542x541S1ce01458x459S1ce01515x518S22b05487x488
procento,procent,2004,M531x538S1ce10469x462S1ce10509x499S22a05489x499S2f900471x496S2f900512x533
proces (biol),,2139,M524x623S34700482x483S10002494x561S1000a471x570S2ea10480x586S2ea34502x581S26520491x539S2fb04493x617
proces (IMoTeSP),,1044,M537x519S15810511x491S15818464x493S22230509x484S22230469x484S22230509x480S22230469x480
proces (IMoTeSP),,841,M547x516S14c12516x490S14c1a454x488S22136486x484S22132507x484S22136491x484S22132502x484
procesor (IMoTeSP),,687,M519x527S14c39493x500S20500480x499S22a04494x491S15412489x474
prodat,,440,M524x520S20302491x505S10002476x490S20500509x500S26900508x480
prodat (UPOL),,4305,M525x520S20302490x505S10002475x490S20e00508x501S26906507x480
prodávat,,690,M529x520S20302485x505S10002470x490S20500503x500S26b00502x480
prodávat (UPOL),,4306,M526x530S20302490x515S10002475x500S27006508x470S20e00510x514
prodej,prodat,1055,M516x541S26906490x483S20343484x520S21100491x458S10001495x511
prodlení,oddalování,1135,M533x537S17102493x497S1710a467x497S2b700487x462S2b710468x463S2f720521x466S2fc00485x526
prodloužit A (UPOL),dlouhé,4307,M541x520S15d48459x493S15340479x495S20500473x480S2980a497x501
prodloužit B (UPOL),dlouho,4308,M543x520S15d48458x492S15340478x495S20500474x481S2d808497x498
profese (UPOL),,4685,M537x557S1dc20512x457S1dc28465x459S1dc04512x514S1dc0c466x514S22e04520x493S22e14464x494S36d00478x444S36d00481x553
profesor,,1616,M535x578S2ff00482x482S1dc20511x496S1dc28465x496S1dc0c467x548S1dc04510x548S22a24493x529
program (IMoTeSP),,572,M527x531S15d08487x472S18010497x480S20500474x468S20500475x480S20500475x493S22b04506x501
prohlížet (UPOL),,2990,M557x532S11550486x468S11558451x468S23004484x501S23014444x503S2fd00464x526S26826507x483S2fb00517x501
prohlížet A (např. časopis),otočit list,4310,M523x576S15d39460x550S1ea51468x552S2a208500x548S32103482x483
prohlížet B (např. lidi) (UPOL),,4312,M562x597S10e50487x545S32400482x487S30512493x479S22e04487x578S22e04515x578S22e04545x579S26506502x579S26506530x579
prohlížet C (obecně) (UPOL),prohlídka,4313,M537x614S11550513x526S11558474x526S2fc04495x588S26826480x598S2e601508x557S2e61b465x559S32400482x483
projekce (IMoTeSP),,1510,M512x549S20320492x534S14c50488x452S26600491x495
projekce sql (IMoTeSP),,1511,M552x555S14c20529x444S14c28448x446S2f900534x479S2f900454x479S22b03508x472S22b15470x473S1ed26503x509S1ed2e480x509S22a24494x540
projíždět C (UPOL),,2995,M560x550S32a00482x483S15d08452x499S15d00530x498S27014446x531S27004520x532
proměnná (IMoTeSP),,564,AS10e10S2e200M510x532S10e10492x467S2e200490x500
promenna version 2,,766,AS10e10S2e200M510x532S10e10492x467S2e200490x500
promítat (UPOL),"film, filmovat, natáčet",4314,M534x517S15d18467x484S1ea01491x488S2eb34518x485
promlčení,,1127,M566x567S16011500x503S18528541x552S28b05496x530S30d00482x482
pronájem,"nájem, podnájem",1156,M545x586S17f11518x493S30d00482x482S22b04519x517S15d30520x560
propisovačka A (UPOL),,4687,M512x516S1f501489x494S21900498x485
propisovačka B (UPOL),,4688,M542x509S1f450459x494S2dc08493x492
propouštět A (UPOL),,4315,M577x545S15636424x513S15636450x513S14c30423x460S14c38449x461S26500454x495S26510429x495S26500557x495S26500505x489S26510533x494S26510480x490S26826496x529S26832455x536S15636476x509S15636501x509S15636528x512S15636553x513S14c30527x461S14c30475x456S14c38553x462S14c38501x456
propouštět B (UPOL),propustit,4316,M538x531S14c37484x469S15636463x515S15636489x515S26517474x497S14c39512x471S26507499x496
prosadit se,osobní růst,1221,M513x533S15d10494x506S15b1a486x497S22a00493x468S2f700494x487
prosím,"prosit o něco, buď tak hodný",4158,M541x529S30006482x483S15a10519x485S21100515x515S22a04528x514S33c10490x502
prosím,buď tak hodný,132,M534x548S30005482x482S15a17511x503S21100501x522S22a03489x534
prosím,buď tak hodný,897,M543x572S30006482x482S15a10519x489S21100518x519S22a04518x537S2f804505x561
prosinec,,55,M521x532S3770b485x510S37703498x510S15d41479x491S27207488x467
prosinec A (UPOL),,3169,M533x538S3770b468x516S1d039487x496S15d41471x486S27207480x462S37703490x505S20a00515x507
prosinec B (UPOL),Vánoce (UPOL),3170,M544x538S15d41500x477S15d49477x477S20500494x462S2470b509x498S24713457x498
prosit,,1355,M535x527S15a18486x500S15a10500x492S21100494x478S23100509x473S23118465x475
prosteřadlo (UPOL),,4923,M544x533S1ce04519x467S1ce0c459x470S2c314456x502S2c305517x500S2f900463x528S2f900525x526
prosteřadlo (UPOL),,5095,M544x553S1d404521x447S1d40c456x447S2e804521x480S2e81c465x480S1d450513x516S1d458457x516S2f900527x548S2f900461x548
prostitutka A (UPOL),,4689,M583x524S36d10479x477S1ea30529x498S2e50b556x501
prostitutka B (UPOL),,4690,M525x590S15d49474x537S17840499x537S33c00482x483S26f03480x560S21414464x559S20e00498x549
prostitutka C (UPOL),,4691,M520x541S1eb26480x460S1eb26480x517S1ed26480x488S22c04504x483S2f700508x473
prostor,plocha,1118,M517x528S14c51490x502S2e83e483x471
prostor (IMoTeSP),,794,M517x523S1c550487x477S2eb0a484x508
prostor (IMoTeSP),,962,M517x528S1c551492x473S2eb0a483x513
prostředí,,1236,M535x516S14c51508x490S22121500x484S2f700475x508S2eb32465x485
prostředí (IMoTeSP),,797,M530x523S15d39469x500S1c551480x476S2eb32498x502
prostředky (UPOL),,3809,M526x523S14c39500x496S14c22489x478S20600475x499
prostředky počítačové (IMoTeSP),,1045,M535x570S14c50506x438S14c58468x438S22230504x432S2e608506x537S2fb04495x532S2e610465x537S22a24493x466S1ce38471x505S1ce30510x507S22230504x429S22230467x432S22230467x429
protahovat A (obecně) (UPOL),,4318,M563x585S30251497x477S15340501x560S20500495x545S2980a519x566S35d04482x488S15348482x560S29512446x566
protahovat B (obecně) (UPOL),protahovat D (prodlužovat) (UPOL),4317,M563x585S15d48481x558S15340501x560S20500495x545S2980a519x566S35d04482x488S30251497x477
protahovat C (obecně) (UPOL),,4319,M568x577S30251497x477S29512444x563S20500495x545S2980a524x562S1ea08477x556S1ea00499x556S35a04482x488
protest (UPOL),,4705,M549x522S10003519x501S1000b452x501S22e00517x480S22e10467x479
proti,,236,M539x516S10002509x501S1000a461x501S26502501x483S26516480x483
proti,odpuzující,2320,M540x571S1ec26521x548S1ec2e462x548S26500522x523S26510466x523S35000482x483
proti (biol),,2146,M518x531S10c20501x509S10c00483x502S26620496x470
proti (někomu),,1280,M519x543S1c528480x488S26607497x457S2f730489x527
protiklady (UPOL),,4692,M597x511S10e0a469x493S10e22498x492S28436531x489S28412434x491S10e02567x493S10e2a403x493
protivný A (UPOL),,4693,M527x591S30b00482x483S33200482x483S10011506x504S25504507x538S1f540507x567
protivný B (UPOL),,4694,M527x604S30b00482x489S33200482x489S10011506x510S25504507x544S30126482x476S20300504x589S10040508x558S20b00492x576
proto,,1008,L538x576S31600479x475S36d01479x515S15d39499x553S15d31515x551S20600508x537
proto (UPOL),právě,5696,L538x584S31600479x483S36d01479x523S15d39499x561S15d31515x559S20600508x545
protokol (IMoTeSP),,842,M544x573S15d08490x428S18010500x436S20500479x430S20500479x438S20500479x446S11501512x505S11509464x506S27204504x537S27210455x536S2fb04495x567S22a04509x455
protolýza (biol),,2147,M535x641S34400482x428S10018487x452S10010498x454S26620519x449S34700483x537S28b2a479x597S11530490x610S11538452x611
protolýza (biol),přenos,2044,M518x589S11530490x538S11538450x541S2ff00482x483S28b2a470x569
proton (biol),,2148,M532x581S1001a485x555S10010494x551S34400482x483S20600510x541
provaz A (UPOL),,4695,M556x513S17740501x498S17748480x498S20500496x488S29212444x496S2920a525x497
provaz B (UPOL),,4696,M574x520S2e734522x480S1ea0a483x497S1ea02500x484S2e710464x487S26612426x492S26606544x489
provázet (UPOL),,2996,M525x525S17859489x504S1ce51482x476S20500476x497S26620509x477
provokovat (UPOL),,3434,M526x532S20348505x517S10041505x490S20e00491x505S2853f474x468S20e00478x505
provokovat A (mě) (UPOL),,4320,M523x526S20348502x475S10043493x480S20e00487x477S26f03477x496
prozradit A (UPOL),,4321,M550x535S30804482x479S1811a487x508S17520490x518S26507517x515S15220530x488
prozradit B (UPOL),,4322,M523x563S35b04482x483S30c30489x489S26707492x516S18510490x548S15a1a489x527
pršet,,5813,M532x528S14c28468x473S14c20509x473S22e24500x510S22e24480x510
prsten,"svatba, ženatý, vdaná",2011,M525x530S14c5a476x506S1d450496x497S21302493x486S26502494x471
prsten (UPOL),"vdaná B (UPOL), ženatý B (UPOL)",3219,M529x526S14c5a472x502S1d140499x497S21300508x475S26502485x477
prsty A (UPOL),,2698,M518x519S14c01492x492S22621482x481
prsty B (UPOL),,2699,M514x521S14c50486x490S22620488x479
průdušky,,1717,M521x527S36d00479x473S18002500x478S21100470x513S23604456x494
pruh (UPOL),,4680,M562x519S1ed50502x498S1ed58475x498S20500495x481S26612438x502S26606532x503
pruhovaný (svisle) (UPOL),,3220,M536x531S36d00479x469S1f002521x482S22e04518x513S22e04498x513S22e04475x513S26602480x483
pruhovaný (vodorovně) A (UPOL),,3221,M541x529S36d00479x471S1f102470x478S26606490x485S26606490x499S26606490x513S21100470x508S22c04525x487
pruhovaný (vodorovně) B (UPOL),,3222,M539x525S1f020462x475S26706497x476S26706497x492S26706497x509
průjem A (UPOL),,2700,M572x555S36d00482x445S36d00477x494S15804509x476S1580c479x476S23005527x495S23015490x503S14c05546x518S14c0b512x529
průjem B (UPOL),,2701,M572x622S37001474x524S1f540525x562S20302521x551S37807489x561S2f720560x606S23404519x608S20f00520x591S20e00546x591S32a00477x483
průměr,průměrný,1186,M522x542S26c1a477x457S2fb00491x536S26c0a507x458S15a50481x494S15a50503x493
průmětna (IMoTeSP),,1512,M527x587S1765a498x413S10050504x432S26600504x466S1765a496x557S15d42494x534S22b04511x557S37706473x420S37706472x564
průnik (UPOL),průhledný (UPOL),4435,M529x529S26700513x487S14440492x497S21000484x472S1440a471x494
průsečík (IMoTeSP),,1456,M539x556S10011494x455S10019482x455S20500494x443S22b01515x489S22b17461x487S10019477x525S10050499x526S26500513x526
průsečík (IMoTeSP),,1513,M541x566S10019484x434S10011496x434S22b01517x462S22b17459x464S10019480x513S10050504x536S26500498x518S2f700511x525
průvod (UPOL),,4697,M530x578S14c5f473x533S14c51503x543S21404508x573S33c00482x483S2ca20445x506
průvodčí (UPOL),,2997,M523x532S14c08477x468S1f549492x491S20710489x517
prvek (IMoTeSP),"jediný, jediný2",1507,M512x538S1ce50490x462S2a504488x496S2f700490x531
prvek 2 (IMoTeSP),,1514,M541x523S1f016458x494S26500462x478S26500491x477S26500521x477S26806476x489S2fb06535x488
první,,2323,M527x531S1f520474x516S1f540512x469S22a07498x498
první (UPOL),,2702,M526x517S1f502474x484S26606496x491S37804488x500
pryč,odmítnout,1932,M526x520S26600510x479S15d39477x497S20e00501x490S15d04473x486
psát,,195,M526x527S15a37473x502S20e00497x488S26a07505x472S1d441500x502
psát (UPOL),kancelář A (UPOL),2714,M527x521S1ea50483x491S15d39474x481S26f06513x481S21100498x480
psát A (UPOL),,3769,M532x522S21100469x487S26f06518x482S15d08478x486S1ce20491x478
psát B (UPOL),psát na tabuli,4323,M540x536S1ea20474x514S2ff00482x483S29c0a503x519
psát C (SMS) (UPOL),,4324,M529x523S1ea40501x478S2ed00512x500S22244471x489
psst (UPOL),,4895,M518x538S34600482x483S10010486x508
psychika A (UPOL),dušičky (UPOL),2705,M578x518S10053516x485S30003482x483S30005482x483S1005b464x488S26511451x477S26507534x474S10a52552x444S10a5a423x445
psychika B (UPOL),,2706,M570x518S30001483x483S30007482x483S10053511x461S1005b469x462S26511456x448S26507532x448S10a52544x419S10a5a430x419
pták,ptak,1877,M518x533S30004482x482S1f420471x518S22114455x508
pták (UPOL),,3369,M518x525S30004482x483S1ee20459x503S22114451x494
pták A (UPOL),,3459,M518x523S2ff00482x483S1f420475x504S23004447x505
ptát se,,1810,AS1d030S22b04S1d040M546x551S2ff00482x482S1d030498x489S1d040504x521S22b04530x501S34410497x506
ptát se A (mě) (UPOL),,4325,M521x571S33c00480x483S1ce02475x510S36d00479x535S1ce02475x549S20500509x513S20500511x549S22a04492x530
ptát se B (někoho) (UPOL),,4326,M535x532S33c00482x483S1ce02477x510S20500509x513S26500521x509
puchýř (UPOL),,2707,M523x529S15d59477x471S15330497x486S22a05510x515S21414494x516
půjčit (UPOL),,2999,M516x526S1ea0f491x498S2eb32484x474
půjčka (Morava),půjčit (Morava),1150,M517x522S1ea0f496x494S2eb33483x478
půjčka (Praha),půjčit (Praha),1301,M524x524S15d31501x501S22b01476x475S2f710479x506
půl,"pul, polovina",1921,M521x515S20500511x487S1004a478x489S10040488x485
půl,"část, fáze (biol)",133,M524x598S15d39485x573S15d41479x560S26505498x585S21100511x567S34c00482x483
půl,,1754,M519x535S1000a480x510S10040489x505S22b04496x465S20500509x497
půl,,1953,L521x535S10049480x505S10041492x505S20500511x505S22a04492x483S2f700492x466
půl (UPOL),,2980,M525x525S15d39477x488S15d41476x476S26505512x512S21100499x498
půlit (UPOL),"dělit, krájet",3612,M528x528S15d39474x484S15d41473x472S2710b501x502S21100496x494
půlkruh (UPOL),,2892,M523x532S10a50497x506S28a01478x468
půlnoc (UPOL),,3237,M553x526S1eb20528x507S1ee20524x456S21e00526x499S26a00526x483S33b00482x483
pulzovat (UPOL),,2708,M528x530S37809473x474S37805473x504S10051490x509S27102495x470S2f720516x482
punčocháče (UPOL),,3223,M533x564S36d00479x437S36d00479x489S15204484x519S1520c455x519S22a20473x500S22a20520x497S26506509x523S22614486x554S22614458x555
puntikovaný A (UPOL),,3224,M538x538S36d00479x463S10b00507x478S10b08469x492S20500528x478S20500472x478S20500487x493S20500514x507S20500521x527S20500478x527S20500495x511S2fd00491x530
puntikovaný B (UPOL),,3225,M537x537S36d00479x464S1ce10515x464S1ce18464x477S20500501x475S20500480x480S20500519x500S20500519x521S20500482x508S20500481x526S2fd00494x518
pustím,,604,L533x546S14c40509x456S14c48467x455S17640513x530S17648475x530S26720493x489S2f900495x479
pustit,,1462,M535x607S20310515x591S20314465x592S14c40511x533S14c48460x533S26520491x566S2f700491x587S34600482x482S2f900492x558
pustit,,1753,M537x613S20318466x598S20310519x598S26620492x571S14c10514x535S14c18463x537S34400482x482
pyšný,,457,M541x529S30100482x477S33100482x488S20500495x501S10012497x514S2b700522x493
pyšný B (UPOL),,4701,M538x543S30100482x477S33200482x488S10001506x513S22b00522x489
pytel (UPOL),,3000,M536x542S14c40512x511S14c48464x510S28900521x476S28918468x475S20340503x458S20348487x458
Q,,507,M519x526S1ce18482x474S10011498x496S20500504x482
R,,1844,M514x537S11a20487x463S27206495x497
R,,563,M528x524S14c19473x497S14c11502x497S20700492x476
r (UPOL),,2832,M548x560S2f700531x519S11a20508x530S26d06529x531S35d04482x483
rád,"chtít, přát si, dát, co",1787,
rád,"rad, mit rad, ráda, mít ráda",1868,M526x580S15a02487x534S22b04496x550S21100513x554S32101482x482
rád,"rád2, mít rád",1861,M524x594S22b04494x564S21100511x568S36d03479x528S31600480x482S15a02486x546
rád,mít rád,168,M521x617S15d02488x548S36d00479x541S22b04495x587S21100496x569S34c00483x483
rád (UPOL),,3227,M527x536S36d00479x464S15d02489x476S15d0a480x496S22a24497x521S21100514x517
řád A (UPOL),,4138,M527x523S20612473x477S15d08486x481S18010497x489S22a04505x508
řád B (UPOL),,4139,M532x569S1f740511x432S1f748469x432S1f740512x480S1f748469x480S2ad02515x451S2ad13473x451S2f900476x498S2f900512x498S15d08487x527S18010498x535S20612474x523S22a04506x554
rád?,,1895,M522x583S22b04492x553S21100509x555S15a02486x533S30a00482x482
řada (UPOL2),,5679,M555x520S15d03498x494S15d0b481x497S22b06525x499S22b12446x499S20500496x481
řádek,,1111,M524x524S15d18475x497S1f110495x509S20e00499x494S26500498x475
řádek (IMoTeSP),,1532,M540x510S1ed20461x490S26706498x494
radiátor A (UPOL),,4944,M526x530S1ed06475x470S22b04474x500S22b04492x500S22b04510x500
řadič (IMoTeSP),,497,M558x534S20337518x485S20331463x484S27107531x466S2711b446x468S2fb04495x508S36d00479x530
rádio (UPOL),,4945,M579x518S2ff00482x483S15410521x489S2c500539x491
radit B (mně) (UPOL),,4328,M541x536S17600470x464S17600508x465S15500510x510S15508471x508S26f04501x487S26f14460x487
radit D (někomu) (UPOL),učit (někoho),4329,M543x534S17600458x518S17600500x517S15500528x472S15508483x467S26f07504x494S26f17463x490
radit G (UPOL),,4634,M544x533S17620501x517S17620457x515S15520529x468S15528480x467S26f07507x495S26f17460x489
radost,,295,M521x603S15d02487x525S36d00479x519S33e00481x482S23624480x586S15d0a488x546S21100493x570
radost,radost2,798,L529x557S36d00479x498S15d02485x514S23120486x540S21100516x540
rak (UPOL),,3433,M536x523S10e50521x493S10e58464x492S22704523x481S22704467x477
raketa (UPOL),,4107,M557x577S10010527x505S37800534x535S37806490x571S15a56521x565S3790a536x525S22a20527x490S2f900528x481S32100482x483
rakev B (UPOL),,4703,M519x562S17038481x451S17050499x451S20500493x463S20500495x514S17038484x541S17038484x500S17050502x541S17040501x500S20500497x551S21410500x438S21410499x489S21410502x529
Rakousko,,37,M535x527S11011465x482S11019507x483S37600489x504S21800470x472S21800515x472
Rakousko A (UPOL),,3001,M546x530S11011456x481S11019516x480S37803479x500S3780b491x499S21900455x471S21900532x471
Rakousko B (UPOL),,3002,M526x515S1ce50474x485S2ea02501x498
rakovina A (UPOL),,2709,M539x528S10e50516x497S10e58467x498S26500520x472S26510465x472S22212534x494S22216509x495S22212487x496S22216462x495
rakovina B (UPOL),,2710,M554x528S10e57512x498S10e5f465x490S26a11447x472S26a07533x479S2fd00492x480S22215512x489S22211537x507S22213478x484S22227454x501
rám (UPOL),,5108,M561x568S1ed20501x432S1ed28473x432S22b06531x435S22b12440x436S1ed26542x471S1ed2e440x470S1ed24473x549S1ed2c501x549S22b04542x501S22b14443x500S22b02530x549S22b16440x548
rámce (IMoTeSP),,1521,M529x551S15d20479x449S22b14495x521S26602471x448S1ef10500x448S1ef07497x492S15d20485x511
rámec (IMoTeSP),,500,M540x533S1ed10503x466S1ed18469x466S23d04513x489S23d1c461x490S2fb04493x527
ramena A (UPOL),,2711,M546x517S36d00479x500S17f11514x495S20610512x483
ramena B (UPOL),,2712,M550x520S36d00479x501S17f11516x497S17f19455x498S20610516x482S20610450x481
ramínko (UPOL),,5109,M543x556S10a3a484x461S10a20493x457S20500505x445S1ef20502x506S1ef28470x506S22b32477x532S22a04529x541S22a14458x541S22b32502x532S29f32518x526S29f3a457x526
Ráno,,1768,M537x525S36d00479x521S2d508500x476S15d1a458x491S2d500478x475S15d12510x491
ráno A (UPOL),,3239,M557x523S34c10497x509S30300482x477S14c20513x490S26607535x476S14c28463x491S26601444x479
ráno B (UPOL),,3240,M525x582S34c10497x509S30300482x477S15d02496x563S15d0a473x563S2a20f502x540S2a217474x540
ráno C (UPOL),,3238,M557x523S34c10497x509S30300482x477S14c20513x490S26607535x476
řasenka (UPOL),,5116,M560x545S1750a484x417S10004493x396S21000490x377S22a00494x357S31e00482x455S10012505x471S10012491x526S31e00482x510S2f000539x466S2f000525x521
rasterizace (IMoTeSP),,1522,M538x584S14420477x415S2330a476x451S10050462x554S26500463x538S26500480x542S26500493x532S26500505x513S26500519x528S29b06488x552S2fb06532x547S14422505x451
rastr (IMoTeSP),,1523,M529x533S14420472x467S2330a471x503S14422498x501
ratare - av,,5769,
reakce (IMoTeSP),,843,M518x539S10001494x509S1470a482x502S26604489x463S26600502x462S20500506x502
reálný (IMoTeSP),,370,M530x541S11520514x459S11528470x459S22e24490x495S11504515x511S1150c470x511
reálný čas (IMoTeSP),,525,M530x579S11520515x422S11528470x421S15d39479x556S1ce50488x549S21100510x565S22e24491x460S11504514x479S1150c472x477
reálný čas v2 (IMoTeSP),,148,M534x559S14c04508x441S14c0c469x443S22134466x479S22134466x484S22134502x478S22134502x483S22a24494x460S15d39466x535S1ce50477x529S21100500x545
recept,,1776,M534x585S18517515x523S1851f472x522S15d09485x433S15d11495x431S20500485x415S20500509x415S20500497x415S22b03477x459S23603499x547S2360b465x555
receptor (biol),,2149,M518x643S20312487x628S14c1e478x562S20316490x612S26504490x591S33b00482x483
Řecko A (UPOL),,3003,M552x529S34500482x483S12b20523x514S22214519x506
Řecko B (UPOL),,3004,M519x531S1000a481x505S10040492x501S20600495x489S22f04494x469
ředitel,,2015,M562x522S36d10479x490S19a51517x490S19a59458x489S27107535x480S27115439x477S20500506x503S20500482x504
ředitel,,5835,M564x586S34700481x483S36d00478x525S36d00480x582S19a51522x553S19a59456x552S27109537x531S27115435x536
ředitel,,5836,M564x586S34700481x483S36d00478x525S36d00480x582S19a51522x553S19a59456x552S27109537x531S27115435x536S2fd00490x569
ředitel (UPOL),,4389,M561x526S20500481x505S19a51516x491S19a59457x490S27107534x481S27115438x478S20500505x504S36d00480x522S36d00478x474S2fd00487x496
redukce (IMoTeSP),,74,M567x536S17f11540x464S17f19433x467S22a15452x481S22a03523x493S22a03537x479S22a03508x505S22a15479x506S22a15465x493S2fb04493x530
redundance (IMoTeSP),,1046,M543x559S10058456x455S10050475x455S20500469x441S10c20462x537S26706485x541S26500459x519S26500489x517S26500519x517S2fb06537x538
reflexivita (IMoTeSP),,1524,M520x523S10050498x493S17618481x492S2900c497x476
registr (IMoTeSP),,764,M542x606S30007482x482S20500512x474S18517523x483S1f026518x555S22a04520x591
řeka (UPOL),,4378,M528x542S15d40509x515S15d48472x514S2dc06510x459S2dc16483x459
reklama,důkaz,1318,M528x524S15d01475x500S15d28471x497S20600506x478S26503483x476
reklama (UPOL),,4704,M516x532S20e00490x485S15d01493x505S15d28490x505S22f00484x468
řeknu_dceři,,1968,L521x591S30b00483x479S15a57451x568S36d00479x518S18551464x558S20600444x556
rekurze (IMoTeSP),,1525,M514x524S10018485x494S10011490x492S2ea36489x476
relace (IMoTeSP),"kontext (IMoTeSP), kontextový jazyk (IMoTeSP)",844,M578x536S14c48422x496S14c10555x493S1ce10496x491S1ce48479x491S20a00492x465S22b16448x507S22b02521x504S2fb04493x530
relativní odkaz (IMoTeSP),,1526,M563x572S1ce40516x428S1ce48460x429S22a24493x466S15310450x534S22242441x528S22242437x528S22b06474x538S15d10544x519S22b03520x548
rentgen (UPOL),,2717,M534x524S1f840516x477S1f848466x477S2e620487x491
replikace (biol),,2150,M526x611S10e08464x579S10e00471x578S20500471x565S2890a485x561S10e00511x581S34700482x483
reprezentant (IMoTeSP),,1527,M517x551S1f502499x449S1ce10495x521S26504497x504S22104483x526
republika A (UPOL),,2509,M533x531S20350484x469S20350504x469S27117467x489S27105506x489S2fc04492x520
republika B (UPOL),,2510,M577x525S1ee20455x476S1f020484x483S1ef20516x484S1f120548x485S1f120424x481S26806473x509
republika C (UPOL),,2830,M535x528S20350504x513S20350483x513S27111466x486S27107508x486S2fd00489x472
řešení (IMoTeSP),,267,M539x543S11851508x458S11859460x459S22e05513x476S22e05515x498S22e05511x517S22e13472x473S22e13470x495S22e13475x516S22c24493x482S2fb04495x537
řešit,vyřídit,1371,M561x516S10010499x486S10018483x486S21100491x483S2c500521x491S2c510439x492
restaurace,,314,M535x532S10e0a465x469S10e02505x468S2e600505x485S2e618466x486S2fb04494x526
restaurace (UPOL),,4711,M528x527S11902503x480S1190a473x480S20500495x474S2e501504x500S2e519476x500
řetěz (UPOL),,3186,M569x530S1ce10453x470S1ce30432x471S1ce18479x470S1ce38500x470S1ce30526x470S1ce10547x470S26806471x514
řetězec (IMoTeSP),,127,M568x529S10019476x499S10011501x498S22b06520x500S22b12449x500S10020553x484S21600443x472S10028432x483S21600550x473
řetězec v2 (IMoTeSP),,332,M569x528S10019478x498S10011503x497S22b06522x499S22b12451x499S11520554x485S21600438x472S11528431x484S21600554x472
revoluce (UPOL),,2571,M533x536S14c20499x493S14c00472x475S21410477x465S2df06513x477S2df12467x502S21414503x528
řezat (UPOL),,4330,M560x594S32a10482x483S15d40508x538S20350485x564S27100502x571S22b04544x564
řezat B (UPOL),,4713,M528x548S15d48472x492S15d40509x453S22e04507x483S22e04506x506S22e04505x530
rezavá A (UPOL),"rezavý, rezavé",2381,M519x548S30004482x483S10012489x515S22010468x520S26606473x532
rezavá B (UPOL),"rezavý, rezavé",2382,M532x522S15d38469x478S15050477x482S20612505x480S26704516x480
rezerva,"rezervní, náhrada, náhrada 2",1240,M548x523S10002518x505S1000a452x506S26a02518x476S26a16471x477S2fb04495x517
rezerva (UPOL),,5240,M529x535S11549488x508S10e42499x511S22b04497x465S20700471x486
rezerva (UPOL),,5241,M533x523S14749468x502S10e42480x507S22b03509x478
rezervace,"rezervovat, bazar",2021,M519x525S14748482x503S10e04481x476S20700501x500S22a04504x481
rezervovat,"rezervace, zajistit",1190,M524x525S11549475x498S10e04489x476S20700506x499
rezervovat (UPOL),"rezervace, bazar",4331,M523x524S15a49477x501S10e04488x476S20700505x499
režim (IMoTeSP),,321,M536x603S15d38488x418S15d41491x424S26501464x397S20e00480x412S15d38486x493S15d40497x497S20e00500x482S26500499x462S15d38485x572S15d47485x580S20e00509x567S26507523x552
rezistentní,"odpor, proti, zablokovat, nepromokavé",5262,M537x570S1ec26518x546S1ec2e461x547S35000482x483S26500519x521S26510464x526
rezoluce (IMoTeSP),,692,M556x536S10027535x463S1002f444x463S10050500x506S10058483x506S22a03513x495S22a15469x497S20500494x491
rezolventa (IMoTeSP),,651,M553x583S26500515x539S22a15474x454S1ed26512x557S22a03519x449S10027532x416S1002f447x423S10058487x465S10050505x465S20500500x449
řídit (UPOL),,3944,M529x537S20340502x491S20348482x478S26d08502x463S26d10472x498S2fc00492x526
řídit A (auto) (UPOL),,4357,M554x607S20301506x557S20307471x586S28918462x559S2890c523x575S28914445x560S28900539x572S32a00482x483
řídit B (obecně) (UPOL),manažer,4358,M546x521S20330510x501S20330475x506S27103519x479S27111454x485S2fc00492x479
řídit C (obecně) (UPOL),"vést, vedoucí",4359,M527x526S20359474x502S1d451482x485S20500494x515S26627505x475
řídítka (UPOL),,4714,M578x522S20350518x507S20350465x506S36d00479x478S27100538x506S2711c420x506S2fb00493x510
říjen,,478,M525x593S1d440496x559S1d448469x565S1d440496x490S20600485x554S2ff00482x482S22f04484x538
říjen (UPOL),,3241,M538x590S1d440509x556S1d448482x562S1d410509x490S20600498x551S3090c482x479S22f04497x535S33210496x497
říká-oznámit,"říct, rict",1859,M521x591S36d03479x530S15a27489x568S17729475x552S20600493x556S32105482x482
řízení (IMoTeSP),,1533,M548x539S20330512x511S20330473x511S36d00479x535S36d00479x462S27107521x490S27115454x493
RNA (biol),,2151,M546x546S10023504x476S10007473x506S28707524x455S28713454x524
Robin,,742,M546x539S20349455x462S12940477x473S26505507x502S11e40523x509
robustní (IMoTeSP),,845,M564x520S20340514x489S20348471x489S2880a533x479S28812446x479S2f700552x497S2f700436x499S2fb04494x514
rodiče,"rodina (Morava), příbuzní",1283,M529x561S11520514x483S11528471x484S29a0c512x438S29a14474x438S2fb00493x529S2f730496x545
rodiče A (UPOL),rodina B (UPOL),4715,M533x535S2990c515x503S29914470x502S10e20518x467S10e28468x466
rodina,,495,M538x551S17d47496x462S17d4f480x461S20500495x448S18501503x517S18509474x517S20500496x517S2d612462x493S2d60a515x493S2fb04494x545
rodina A (UPOL),,4717,M535x537S15251501x464S15259471x465S18501501x518S18509475x518S2d612465x496S2d60a512x495S20500495x518
rodit (UPOL),,4718,M556x532S36d10479x469S15d14466x504S15d1c513x505S2d210440x508S2d201530x507
roh (UPOL),,3081,M528x521S20600506x486S15d40491x494S15d4a472x480
rok,,538,M523x521S1f502487x480S2e800508x479S20300478x506
rok,,5755,
rok,,795,M538x520S20300490x505S1f502492x480S2e800511x482S20500528x498S37706462x512
rok,rok1,503,M518x516S1f502482x490S2e800503x484
rok A (UPOL),,2562,M518x516S1f502482x490S2e800503x484
rok B (UPOL),,2563,M555x524S1f502519x498S2e800540x492S36d00479x477
rok C (UPOL),,2561,M518x520S20300482x496S1f502503x496S2e80c485x488S20500483x480
rok-za-rokem,,286,M518x516S1f500482x486S2eb00503x484
Rokycany (UPOL),,5449,M548x528S1f540514x499S2e800533x496S36d00479x473
roleta (UPOL),,5107,M512x539S1ea10488x461S22c04496x487S2f900498x534
rotation examples,,1748,M561x533S24d00443x470S25000539x467S10050439x502S10000545x503
roura A (UPOL),,4572,M529x521S17640513x498S22a00514x479S15d19471x498
roura B (UPOL),,4573,M522x523S15b38479x496S17640506x496S22a00507x477
rovina (IMoTeSP),,1528,M527x513S15d09488x488S15d21473x490S22b06497x493
rovina (UPOL),,2978,M547x514S15d50479x487S15d58500x486S26612454x491S26606517x489
rovnátka A (UPOL),,2718,M541x531S2ff00482x483S20500487x499S20500504x499S11802514x495S26506493x517
rovnátka B (UPOL),,2719,M536x547S30003482x483S1ce10502x516S1ce18479x517S20500495x503S30005482x483S26512468x532S26506521x530S33b00482x483
rovné vlasy (UPOL),,2720,M540x537S34400482x483S15d10521x477S15d18461x477S22b04518x507S22b14465x507
rovnice (IMoTeSP),,1450,M588x517S15310419x486S15310537x487S11502474x493S26606439x491S22242528x483S22242411x483S26506509x494S26606558x493
rovnice s neznámou ve jmenovateli (IMoTeSP),,1734,
rovnice v podílovém tvaru (IMoTeSP),,1724,
rovnice v součinovém tvaru (IMoTeSP),,1731,
rovnoběžný (IMoTeSP),,1732,M545x521S10012455x478S1001a454x506S22c26503x492
rovnost (IMoTeSP),,43,M533x508S11502467x492S22b06503x492
rovnost v2 (IMoTeSP),,364,M537x507S11502464x492S22a06501x493S22a06522x494
rovný (povrch) (UPOL),,4720,M522x531S15a56480x519S15a52478x506S26600484x470S21400507x509
rovný (směr) (UPOL),,4721,M551x532S31500482x483S15d10497x498S26700535x481S26900523x498S2fb04525x526
rovný A (UPOL),,5118,M528x528S15d39481x497S15d51472x505S21100491x479S26607506x473
rozbíhat (UPOL),,4723,M561x573S32a00482x483S15d47513x548S15d4f470x550S26611447x523S26607539x523
rozbít,,1710,M534x521S18508467x494S18500493x494S22c04518x479S20500488x480
rozbít,rozbít2,999,L521x547S20350479x496S20350502x532S14c20498x453S22c04501x487S20500486x482
rozbít (UPOL),,3337,M526x527S18548475x497S18540500x494S22a04503x474S22a04504x512S20e00489x480
rozcestí A (UPOL),,4722,M528x530S15d40509x503S15d48473x502S27307513x471S2731f472x472
rozchod (UPOL),rozvedený (UPOL),4724,M546x518S1f549500x497S1f541480x497S20500496x482S26912455x500S26906528x500
rozčilený A (UPOL),,4725,M543x524S33c00482x483S20310528x509S20318460x509S25100525x468S25110457x469
rozčilený B (UPOL),,4726,M549x557S33c00482x483S11512495x522S1151a479x531S23411455x509S23407520x507S21404478x552
rozčilený C (UPOL),,4727,M546x551S33c00482x481S36a00482x481S30900482x473S11510494x521S20600513x520S20500536x520S2f700521x534
rozdat,,359,M535x521S1ea40503x500S1ea48471x499S2d600464x487S2d608506x488S2fb00491x479
rozdělení_buněk (biol),,2302,M559x529S16c18487x493S17610498x497S21000491x472S17618441x497S17610543x493S28906512x510S2891e459x514
rozdělit,,1668,M536x520S10049464x490S10041475x489S27224497x501S2d728495x479
rozdělit (biol),,2223,M561x528S15442440x511S15444480x472S1544a536x513S1544c504x473S28905504x502S2891d469x500
rozdělit si,rozdělit_si,1463,M525x535S17d30502x493S17d48475x493S2b701505x465S2b704480x511
rozepnout (UPOL),,3295,M522x601S36d00479x526S33c00481x483S1ce02478x549S22b04494x571S21100509x561
rozhlásit,rozšířit,1362,M553x529S17618505x472S17610480x471S28a05491x494S28a1d478x494S14c50529x497S14c58448x498
rozhodnout (UPOL),,4360,M538x544S15d10519x495S15d18460x493S23d0b488x506S2ff00482x483S23d13484x506
rozhodnutí,rozhodnout,1131,M539x542S15d10520x493S15d18461x491S30d00482x482S23d13486x504S23d0b489x504
rozhraní (IMoTeSP),,847,M534x528S14702478x485S1470a507x496S22b06504x473S22b12466x505S2fb04492x522S37706478x502S37706500x491
rozhraní 2 (IMoTeSP),,846,M548x524S14702490x479S1470a491x493S22b06518x477S22b12453x495S2fb04492x518
rozkaz,"nařízení, úkol",1245,M527x524S15b29472x491S20500481x479S10051485x501S24004501x475S2f900514x519
rozklad množin (IMoTeSP),,1529,M553x592S15420502x424S22b11449x515S15428477x439S15428482x540S22b07523x408S22b13448x461S22b05529x568S15420509x552
rozkládat mapu (UPOL),,2942,M555x520S15d10500x493S15d18481x493S20500495x480S2e202521x497S2e21a445x498
rozkoš B (UPOL),,4728,M576x547S34f00482x488S31600482x488S30100482x477S1c510528x487S1c518443x498S2ea00561x492S2ea18424x501S2f804484x536
rozkoš C (UPOL),,4729,M560x523S34c00482x488S31600482x488S30101482x477S1ce20520x472S1ce28455x482S2ea00545x476S2ea18435x490
rozlišit (UPOL),rozlišovat,4361,M525x526S15d39487x503S15d41502x493S27103475x474S20e00490x511
rozmyslet B (UPOL),váhat,4362,M541x586S2ff00482x483S10020519x510S10028471x523S2e602508x547S2e41e459x557S2fc04495x574
rozptyl (IMoTeSP),,848,M522x576S14718486x487S14710490x491S14410489x545S14418478x423S27100477x465S27114478x523S2fb06516x494
rozptyl (UPOL),,4730,M545x535S18540484x520S18548456x520S26901465x493S26900484x490S26907501x494S15241519x466S26606470x466
rozptylování (IMoTeSP),,1530,M545x589S16c20486x443S2a200487x410S20350510x574S20358476x573S26620492x545S14c57519x520S14c5f455x520
rozptylování 1 (IMoTeSP),,1531,M526x528S14c51499x502S14c59475x499S22a02494x486S22a16499x472
rozsah (IMoTeSP),,312,M518x522S10019481x492S1ef17492x485S22503506x478
rozšířit se,rozšířit,927,M549x546S20350503x513S20350480x513S14c50525x454S14c58452x456S26507511x489S26511472x489S2fb04494x540
rozšiřovat (UPOL),,2696,M544x543S20350496x528S20350479x528S26511466x508S26507513x509S14c50517x472S14c58457x472S22620518x458S22620456x460
rozsvítit (UPOL),"světlo, lampa",4363,M549x562S35700482x483S20351527x493S15251522x536S22a04530x518
roztáhnout nohy (UPOL),,2446,M568x533S10a50499x507S10a50486x507S10a20432x468S10a28542x470S28911463x477S28909509x477
roztok (biol),,2152,M540x584S10a50501x417S23004481x435S14c12509x509S14c1a460x509S28a26482x536S28a2e480x551S28a26481x567
roztrhaný A (UPOL),,3230,M533x595S18548479x559S18540507x559S22a04512x535S22a04512x580S20500499x544S35100482x483
roztrhaný B (UPOL),,3231,M549x544S36d00479x457S15301476x470S20800469x482S22b05499x492S2f900521x520S20301528x523
roztrhaný C (UPOL),,3232,M540x603S36d00479x529S20302484x559S20304501x574S22a15516x589S22a01471x543S37706515x582S37706460x566S32a10486x483
rozumět,"rozumím, rozumíš, samozřejmě",1667,M544x524S10e01501x494S30124482x477S23603515x481
rozumný A (UPOL),,4731,M546x526S23603517x478S30124482x477S11501504x499
rozumný B (UPOL),,4732,M560x518S10a20512x483S30007482x483S20500525x474S26900544x491
rozvod (UPOL),,4733,M529x527S15a52501x488S15a5a472x487S22e13477x508S22e05510x508S20500497x474
rtěnka (UPOL),,5113,M515x547S1cf0a486x507S10020496x517S21300487x488S24e38488x454
ruce,,248,M533x534S14c21467x466S14c29506x472S20e00494x495S20e00486x509S22a05503x505S22a13473x518S2fd04490x528
ruce,,484,M530x536S14c11499x464S14c19470x479S20e00505x512S20e00500x492S22a15517x522S22a03488x503
ruce,,661,M532x527S14c00509x496S14c08468x496S26a20489x486S2f700493x473
ručička A (měření) (UPOL),,4540,M510x531S10020491x469S26d06491x504
ručička B (měření) (UPOL),,4541,M516x526S10000493x496S2eb32484x475
ručička C (měření) (UPOL),,5093,M528x523S37706473x514S2035a498x508S10020488x478S23206508x478
ručička D (měření) (UPOL),,5094,M526x530S10002496x471S1000a474x480S2ea00511x490S2ea44474x499S2fb04494x524
ruka (UPOL),,2721,M513x524S1585a487x493S15d50489x497S20600488x476
rukáv (UPOL),,3233,M554x586S37809455x415S37802454x447S37802531x525S37809538x554S17242446x430S1724a534x534S22c04473x434S22c14520x543
rukavice (UPOL),,3234,M529x562S14c58477x444S14c50496x438S14c50501x516S14c58480x510S21414482x479S21414507x554S26504500x473S26514487x545S21100516x475S21100471x543
Rumunsko A (UPOL),,3006,M521x546S30004482x483S21100480x516S11501496x519
Rumunsko B (UPOL),,3007,M572x528S15211494x486S15219474x486S20500493x517S20500492x472S22a12451x505S22a06531x503S18510547x501S18518429x499
rusko 2,,3097,M523x560S33200482x483S20500505x496S10001502x501S1dc09465x530
Rusko A (UPOL),,3008,M524x536S33200482x483S20500504x496S10001503x506
rust,,599,M510x539S15d50490x512S26700494x461
růst A (UPOL),růst (např. člověk),4365,M567x542S15d50529x515S36d00479x458S22c00534x468S2f806556x471
růst B (UPOL),růst (např. květina),4366,M514x531S15a5a487x512S19217486x505S25100487x470
růst C (UPOL),,5450,M525x536S2031a500x521S37706475x528S19210502x514S21100510x500S25100507x464
rutina (IMoTeSP),,587,M524x570S15d39492x457S15d31501x460S22a20508x431S15d08490x523S15d12490x515S20500476x522S20500476x533S20500476x543S22a04497x555
různé,"druh, jiné, druhy",2261,M546x541S10029464x496S10021496x496S26726475x525S23507500x459S23511454x460S2fb06540x507
různě,různé,1194,M543x555S26626502x481S10058481x507S10050512x507S23714457x465S2fc00493x544S23700504x445
různoběžný (IMoTeSP),,1722,M564x553S10011496x463S10019484x464S20500496x447S22b01517x496S22b17461x495S10011543x523S10019437x521
různý,,326,M524x521S10051494x500S10059475x500S26506506x484S26512476x484S2fb00492x478
různý,různý-více,142,M580x535S10051497x487S10059479x487S26506510x471S26512480x471S2fb00496x465S10059419x514S10051438x514S26512419x499S2fb00436x494S26506451x499S10051550x513S10059532x513S26506563x498S26512532x499S2fb00549x494S2d628486x522
různý (biol),,2199,M581x535S10051498x487S10059480x487S26506511x471S26512481x471S2fb00497x465S10059420x514S10051439x514S26512420x499S2fb00437x494S26506452x499S10051551x513S10059533x513S26506564x498S26512533x499S2fb00550x494S2d628487x522
různý (UPOL),,2345,M547x574S10051494x553S10059475x553S2fb00492x531S26712451x538S26706505x538S32a00482x481S33630476x497
různý A (UPOL),,4734,M555x568S10051502x547S10059483x547S33900475x495S26712459x532S26706513x532S33c00490x483
různý B (UPOL),,4735,M546x601S10050508x571S10058475x571S23700507x543S23714454x543S26612456x523S26606513x521S2fb00492x530S34600482x483
růžová (UPOL),"růžový, růžové",2383,M534x561S34600482x483S14c00488x530S22520484x518S26600518x529
ryba,,1335,M534x525S15a06494x513S15d41491x491S23702465x476S37704510x509
ryba A (UPOL),,3010,M535x532S15d41512x509S27203484x470S26601467x492S2fb01466x468
ryba B (UPOL),,3417,M519x533S16d36481x506S15d40482x477S37800489x501S27102504x467
rybář,"rybar, lovit, ulovit",1858,M545x533S10049499x503S10047471x503S22e20528x504S36d03479x467
Rybář 10_ŽP,,1827,
Rybář 11_ŽP,,1747,
Rybář 4_JV,,1749,
Rybář 5_ŽP,,1822,
Rybář 6a_JV,,1797,
Rybář 6b_JV,,1798,
Rybář 6c_JV,,1799,
Rybář 6d_JV,,1803,
Rybář 6e_JV,,1805,
Rybář 6f_JV,,1806,
Rybář 6g_JV,,1821,
Rybář 7_ŽP,,1824,
Rybář 8,,470,
Rybář 9_JV,,1830,
rybaření (UPOL),,3009,M539x539S1ea10516x461S1ea49480x518S2ea10462x514S25604523x488S2fb00519x529
rýč (UPOL),,4736,M524x541S15d30502x515S26a00497x496S2a300477x459S2f900505x480
rychle,"honem, pospíchat, rychlý",888,M533x526S26a07499x483S20e00491x498S15d39467x492S2f700521x474S15d51475x503
rychlost (UPOL),,4739,M516x542S1bb30484x474S20350490x503S21e12494x459S2f700504x459S37709488x518
rychlý A (UPOL),,4737,M533x526S26a07499x483S20e00491x498S15d39467x492S2f700521x474S15d51475x503
rýma (UPOL),,2722,M550x561S33100482x483S1ea00524x540S1e101525x490S22f04525x522
rýsovat (UPOL),,4741,M537x535S37906465x517S37909464x479S1ce20479x466S28805479x497S28805502x497S26626485x519S2fb06531x508
rýt (UPOL),,4415,M569x631S15d30543x577S33c00480x483S26500544x557S26510520x588S2a200527x534S2a210504x564S2f700557x562S2f700530x595S37100475x524S20357521x610S2fb01509x550
S,,361,M527x516S1ed10501x497S1ed18474x485S20500503x485
S,,397,M508x513S20320493x487S2f900494x508
S,,518,M517x519S19820488x496S1980a483x481S20800507x483
s,s-něčím,1651,M528x522S15d48472x477S1f417491x492S22103500x486S26502513x498
S (UPOL),,5429,M522x521S19802499x480S19828499x498S20a00478x491
šablona (IMoTeSP),,799,M532x563S14c39501x536S14c51468x436S26505497x465S22104472x469S20351510x480S22a04514x509S14c5f506x532
sáček (UPOL),,3927,M531x540S1ce40498x499S1ce48477x499S20500495x529S28d00507x466S28d18470x465S20500496x460
sádra (UPOL),,2724,M519x531S3780a482x470S37805481x501S15430491x491S26606489x515
sádra B (UPOL),,4742,M529x540S1ea01471x519S2d200503x515S2d200502x487S2d200501x460S2f700480x489
sako (UPOL),,3235,M518x525S1f550483x475S24504500x494
šála (UPOL),,3236,M537x551S36a00482x477S15a01514x518S15a21470x515S2df00495x530
sám,,425,M522x520S1f512474x505S36d00479x481S20500477x489S20500512x490
sám,sám 3,1370,M510x530S10000495x500S26500495x481S2f700490x501S2f900497x470
sám (UPOL),,3534,M521x521S36d00479x479S20500479x491S20500508x491S1f512477x504S26506499x507
sami (oni),,1324,M562x578S10001474x421S10009516x422S26907521x509S26911462x510S3780b491x446S37803490x446S26506547x425S26512453x427S10007532x524S1000f438x525S37703463x541S3770b516x541S2fb00498x486S2fb00493x572
samotný,sám,92,M516x526S10000491x496S2eb32484x475
samozřejmě B (UPOL),jasný,4744,M543x562S35700482x483S1dc02499x536S1dc0a476x538S20500496x531S22e11464x521S22e07524x519
šampon (UPOL),,5141,M558x518S2ff00482x483S15450543x473S22f03518x475
šampus,šampaňské,5791,M529x535S20300471x520S1ea11478x502S1f502514x465S21c00483x494S22a07498x488
šance (UPOL),,2725,M568x530S11540463x498S11548432x497S11540553x500S11548517x499S22e24447x490S22e24532x490S28a2a476x470
sandále (UPOL),,3269,M526x531S15a59474x477S1f057490x482S21100503x470S26b05498x503
sanitka A (UPOL),,3560,M578x519S2ff00482x483S15210535x488S15218446x487S2e200558x486S2e218424x487S22402525x481S2240a441x479
sanitka B (UPOL),,2726,M548x521S2ff00482x483S10000527x489S10008458x491S2ea06523x471S2ea12450x472
šátek (UPOL),,3270,M553x594S36a00482x477S34500483x477S1ea06487x571S10011504x524S26506538x574S2e700491x530S26512459x574S1ea0e508x571S1001a460x539
satelit A (UPOL),,4969,M521x545S1542a480x487S15420485x455S15404485x506S22e00504x508S20500503x464S37b00493x478S37b00491x529S21400500x478
satelit B (UPOL),,4974,M509x524S15404493x499S22e00492x477
šaty,,5084,M549x570S34500481x483S1ce0a468x543S1ce02505x541S36d00479x531S20e00528x558S20e00458x558S2d200523x512S2d211452x514
šaty (UPOL),,3271,M546x546S1ce02502x496S1ce0a467x497S36d00479x455S20500536x498S20500456x499S2d201515x523S2d210465x523
Saudská Arábie (UPOL),,3011,M533x518S16c10513x466S2ff00482x483S2e702508x449
sběrnice (IMoTeSP),,1534,M548x545S14c50515x454S20350520x516S26f04508x494S14c58461x454S20350465x518S26f14452x495S2fd04491x539
scházet se A (UPOL),,4745,M545x561S1f540495x537S1f548479x537S28902516x541S2891a448x544S33c00482x483S32103482x483
scházet se B (UPOL),,4746,M550x530S14e52502x502S14e5a469x504S2a300527x470S2a318451x470
schéma (IMoTeSP),,1540,M573x518S1ef10501x395S1ef18466x395S22a06535x397S22a12448x398S1f410544x393S1f418421x395S16020516x433S18520503x491S26504513x468S2ff00482x483
schodiště (UPOL),,4999,M524x533S11559476x507S11551496x508S25220487x468S20612514x468
schody (UPOL),,4995,M535x533S11559465x508S11551484x508S22a07511x499S22a07522x487S22a17489x481S22a17500x468S20500493x498S20500504x488S20500514x477
schopnost (UPOL),,5278,M576x533S11540451x468S11548425x468S22e04449x504S22e14425x504S22e04504x504S22e14480x504S22e04559x504S22e14535x504S26826504x477S2f700494x526S2fb00521x492
schopný (UPOL),,4747,M617x614S11540500x550S11548472x548S22e04497x585S22e14473x585S22e04551x585S22e14528x586S22e04600x586S22e14579x586S26826550x554S2f700542x607S2fb00561x568S22a04505x528S11510505x491S2ff00482x483
schovat,uložit,1284,M522x528S15a51495x505S15a57477x489S2c702496x471
schovat A (UPOL),,3272,M527x591S15a57477x553S15a51489x568S2c602504x540S21100504x557S30303482x477
schovat B (UPOL),,3273,M554x529S15d57510x471S15d39506x506S2f900450x475S2f900447x507S21410539x475S2d71c463x512S2d70c468x479
schovat se (UPOL),"schovávat se, skrývat se (UPOL)",4531,M532x567S31620482x483S15a10503x512S15a18490x503S26a16487x532S26a02498x540S21400473x514S21404517x527
schválně2,"záměrně, úmyslně",1317,M549x533S30005482x483S10018514x503S20e00523x503S22f04524x476
schvalovat A (UPOL),"souhlasit A (UPOL), schválit",4532,M533x537S14c58467x464S14c50509x463S20350516x522S26504514x500S20350471x522S26514472x501
schvalovat B (UPOL),"uznávat, uznat (UPOL)",4533,M544x625S30c00482x489S30350495x477S11511512x494S11518465x514S2df0c523x526S2df14465x548S22b04512x541S22b14480x562S11550518x574S11530476x595
sdílení (IMoTeSP),,849,M517x514S15d00483x487S26900501x493
sdružení,kolektiv,1094,M523x526S2eb22483x474S1ea0e502x503S1ea06480x502S20500476x493
sebevražda A (UPOL),,3533,M575x529S36d00479x499S20310560x472S20318497x514S20500517x516S26504533x503S2df01534x474
šedá,,5829,M559x518S34500482x483S30007482x483S19a01515x481S20e00513x477S26a06545x485
šedá A (UPOL),"šedý, šedé",2384,M534x518S30000482x483S14c1e471x468S21100494x488S22522458x464S26606504x472
šedá B (UPOL),"šedý, šedé",2385,M550x518S30007482x483S20e00511x476S19200514x491S26f06536x474
šedá C (UPOL),"šedý, šedé",2386,M573x518S30007482x483S20e00507x469S1ce10515x468S26f04533x483
sedět (UPOL),,4534,M538x541S36d00479x460S36d00480x511S15d50517x487S15d58466x488S22a04525x518S22a14466x519S2f700525x534S2f700467x534
sedlo B (UPOL),,4749,M519x592S1ee26484x499S1ee0a484x472S20500509x493S2c610482x442S2c605491x532S1f426487x563S1f40a481x409
sedm,,2318,M530x519S14c09470x481S1dc01507x481S2f900492x514
šéf (UPOL),,4380,M532x526S1f502490x502S15a1a484x489S22b20516x474S21414469x516S20500477x502
šéf A (UPOL),,4750,M529x553S26904511x496S12750510x461S12758475x462S26914478x497S13f02514x524S13f0a473x522S36d00479x447S36d00480x528
šéf B (UPOL),,4752,M521x530S36d00479x487S12702444x470S26504459x489S20500458x519S13f00458x507
segment (IMoTeSP),,674,M514x526S15d1a486x507S15d12487x473S26520495x495
segmentace (IMoTeSP),,619,M532x542S15d1a469x492S15d12470x458S22c24497x478S26520516x466S26520517x490S26520518x513S2fb04505x536
sekačka A (UPOL),,4763,M539x538S14420497x497S14428479x503S21410501x530S26b02521x499S26b16461x504S26520490x477S2fb00490x463
sekačka B (UPOL),,4764,M546x557S20350516x441S20350472x441S26500515x419S26510472x420S10002496x539S1000a478x533S2ea00531x532S2ea44458x529S36d00479x396S33c00483x483
sekat (UPOL),,4368,M522x609S32a10482x483S20340499x573S20348480x544S22f04497x595S22f14472x563S2fb00477x586
sekera (UPOL),,3012,M529x515S15d40471x486S23504492x490S2f700502x508
sektor (IMoTeSP),,1535,M521x522S15d39480x494S10b51491x501S20500491x478
sekundární (IMoTeSP),,1536,M529x515S1f501507x491S1dc02472x491S22a02498x485
sekvenční (IMoTeSP),,136,M537x525S11502507x510S1150a463x510S2da26491x475
sekvenční přístup (IMoTeSP),,1537,M526x531S15a0a475x502S15d40483x504S2de06505x470S22a04489x478
selekce (IMoTeSP),,1538,M547x546S1d020517x510S1ce20525x455S1ce28453x454S1d028456x510S26500525x492S26510464x490S2fd04488x540S2f700491x497
selektor (IMoTeSP),,715,M517x524S11502487x476S28a0c483x488
sem,,1937,M521x531S36d01479x470S10004479x501S26904505x502
sem,,1939,M520x577S30908482x478S10004481x547S26904504x547
sem (UPOL),,4766,M532x528S36d00479x472S28803512x490S22a04513x513S10b13491x498
semafor (UPOL),,4767,M532x575S20300475x425S20300474x507S14c00469x463S26504475x444S26504475x525S26504477x560S21b00491x453S21600492x487S21b00492x528S21600489x548S21b00493x564S22d04516x471S2fb00509x459
sémantika (IMoTeSP),,362,M534x586S14402482x448S1440a465x416S22b24485x475S22122473x446S22126498x413S1440a466x542S2e607478x546S14c20511x555
seminář,porada,523,M548x586S33b00482x482S15d01508x506S15d09473x529S27104508x536S27110467x557S2fb04499x580
Senegal (UPOL),,3013,M548x579S36d00475x422S36d00484x518S20303492x434S20302476x464S20304500x529S20302517x562S37704507x449S37707453x468S37706492x569S37705514x536S22a03502x455S22a13464x478S22a05484x532S22a15535x565
separace (IMoTeSP),rozdělení,1539,M551x515S18012502x485S1801a483x485S22b12449x493S22b06521x493
sériový (IMoTeSP),,625,M517x530S26a20489x470S14418482x491S14410495x499
server (IMoTeSP),,850,M590x558S15d40499x443S15d48479x443S23904517x464S2381c465x467S20350517x530S20358463x529S14c50566x517S14c58410x520S22a06541x532S22a12437x533S2f700538x547S2f700444x550S2fb04492x552
sestra (UPOL),,2766,M534x521S2ff00482x483S15b10509x494S15b18481x493S20602524x493S20602468x495
sestra A (UPOL),,4768,M518x585S10050500x555S10058482x555S20600487x541S34700482x483
sestřenice,,2219,
sestřenice,,2231,M531x654S10050503x554S10058482x554S1ed17493x626S20600490x533S2a208508x601S34700482x483
sestřenice (UPOL),,4769,M550x514S1ed10524x493S1ed18451x493S2e500498x486S2e518479x487
setkáváme-se-s,setkávat-se-s,1625,M542x531S31a00482x482S10001508x501S20600520x492
setkávat_se_s^,,1957,L542x525S30e00484x475S36d03479x514S10001509x493S20600520x489
sever (UPOL),,3014,M516x521S15a1a484x494S15a10496x480S20600494x510
Severní Amerika A (UPOL),,3015,M524x524S1f502488x500S14c22477x476S20600502x497
sex,pohlavní styk,1814,M544x535S11518467x505S11510516x493S23704505x464S23710456x473
sex (UPOL),"erotika (UPOL), pohlavní styk B (UPOL)",2727,M547x530S11540515x500S11548463x499S23710454x470S23704508x471
sex B (UPOL),,4770,M518x520S20350482x503S15d40499x493S20600483x481
sex B (UPOL),,4771,M518x520S20350482x503S15d40499x493S20600483x481
seznam,"pravidlo, seznam 2",1277,M525x522S15d00489x481S20500475x477S20500475x489S20500475x501S18010495x485S22a04503x507
seznam,seznam 3,1386,M525x523S15d30490x478S20500474x476S20500475x488S20500475x500S18040494x484S22a04502x508
seznam (IMoTeSP),,694,M532x522S15d18467x481S18000502x484S20500489x477S20500490x489S20500490x502S22a04513x507
seznam (UPOL),,2894,M526x522S15d08484x480S18010496x487S20612475x478S22a04506x507
seznámit se (UPOL),,4772,M519x551S11512445x519S1151a409x519S23704480x530S23710365x512S32402482x483
shlédnout (UPOL),přelétnout pohledem,4122,M518x610S32300482x488S30822490x477S11551481x565S23704449x589
signál (IMoTeSP),,1541,M528x508S1f410499x493S22110472x491
SignWriting,,366,M529x540S14c48471x461S14c40503x460S14c58471x509S14c30505x509S22a24493x493
šílenství A (UPOL),,3535,M536x518S32a00482x483S33b00482x483S30000482x483S2e501488x454S20310521x480
silně psát,,4851,M548x575S15d3a488x540S1ea50494x552S26a06534x548S20e00521x555S31000482x483
silnice A (UPOL),,3581,M533x542S20352479x481S20356506x503S37906468x510S37906493x490S26a06503x458S26a12481x515
silnice B (UPOL),,5453,M532x540S15d48468x513S15d40513x513S2dc1e473x461S2dc0e511x461
silný,"silně, intenzivní, intenzivně",1341,M529x579S20301474x533S20301508x533S31900482x482S35000482x482S26520495x553S2f900496x574
silný (UPOL),,2728,M551x571S34200482x483S20305514x533S20301469x534S37703529x549S3770b452x548S2f900497x525S26a20488x535
silný A (UPOL),,3274,M537x593S32a00482x483S36d00479x528S1ed40511x536S22b04515x563S21100502x557
silný B (UPOL),,3275,M521x587S32a00481x483S36d00479x523S3780a465x524S37802464x555S1ed10465x513S26600475x541S21100488x554
silný C (UPOL),,5295,M533x585S20349469x541S20341512x540S22a24494x562S2f900495x580S33c00482x483
Silvestr (UPOL),,3243,M555x521S12d00532x491S21910533x480S36d00479x480
šíření,,1152,M562x548S20350505x508S20350479x509S37702512x523S3770a474x524S14c57536x452S14c5f438x452S26607513x480S26611466x481
šířit (UPOL),,2440,M541x528S26611460x474S26607519x472S14c50507x497S14c58477x497
šířit A (UPOL),,2616,M545x537S20350501x522S20350482x522S14c50521x463S14c58456x463S26511472x501S26507516x502
šířit B (UPOL),,5508,M543x568S14c59479x542S14c51496x540S26607521x530S26611459x531S32a00482x483
šířka (IMoTeSP),,1558,M509x528S1f016491x499S22116502x471
široký A (UPOL),,4776,M542x581S32a00480x483S36d00479x577S14c32511x550S14c3a459x548S2f900529x571S2f900459x569
široký B (UPOL),,4777,M556x532S36d00479x469S15d40537x495S15d48445x494S2f900536x527S2f900451x526
sirotek,,1082,M540x541S34500482x482S15a01517x509S20500494x511S2e601484x507
sirotek (UPOL),,4778,M548x532S34400482x483S15d01499x509S2e500525x504
síť (IMoTeSP),,851,M538x548S20350519x518S20350466x519S14c50514x452S14c58463x453S26520492x489S2fb04495x542
situace (UPOL),,4779,M536x518S15d48465x489S1ce40484x483S21100504x499S2ea00521x493
sjednocení (IMoTeSP),,1542,M556x541S14c20533x459S14c28444x459S2f900450x493S2f900539x494S22b03509x482S22b15474x483S14c20499x509S14c28486x510
skákat A (UPOL),,4535,M518x532S14c38483x501S11842491x469S20600491x518S22f04488x487
skákat B (UPOL),,4536,M526x532S14c38474x501S11842482x469S20500481x516S22a04479x486S2bb01493x494
skála (UPOL),,5454,M538x557S1f818482x459S1f810502x459S20500496x444S15810502x504S15818473x504S22b13463x533S22b05514x533S22620502x492S22620474x492
skalár (IMoTeSP),,1543,M529x609S10e08473x396S10012475x391S10050498x491S26500493x467S10e08472x464S10e08473x553S1ed16510x583S26500512x561
skaut,"skauti, skauting",5777,M557x557S18c20518x527S2df06537x515S34c00482x483
skelet (biol),,2074,M522x520S11019494x492S11011479x494S20600487x480
skelet 2 (biol),,2075,M547x608S11802489x543S1180a476x566S36d00479x533S26a06533x536S26a12445x560S20e00518x544S20e00462x568S36d00480x604S2ff00484x483
skenner (UPOL),,4780,M536x526S15a56489x478S10040498x483S21410521x475S21100483x494S27102465x486
sklenice A (UPOL),,4523,M519x520S15d38481x480S1ed10493x485S20600494x509
sklep (UPOL),suterén (UPOL),5001,M534x608S10004518x545S22b04518x578S2ff00482x483
sklo (biol),skleněný,2287,M525x518S30000482x483S26606495x478S21100499x466S20300474x478
sklo (UPOL),,3426,M528x518S30000482x483S1f502481x469S26606498x469S21100497x458
sklo A (UPOL),,4759,M529x518S2ff00482x483S20300482x486S26606499x485
škoda,"ztráta, ztratit",1289,M539x526S14c02508x476S14c0a460x475S2a203510x505S2a21b465x505
škoda (Morava),škodlivý,1187,M530x528S20349486x507S26503517x483S26503504x471S10031496x496S20f00470x473
škoda (Praha),,1189,M529x551S14c30503x487S14c38470x486S2a204506x448S2a21c473x448S2f920490x540S2fb00488x526
skola,,309,M533x528S18002477x498S36d00479x472S2d305489x504S37607460x474S20700477x480
škola,,1739,M521x533S18002475x475S36d00479x467S2d305465x509S37607460x469S20700483x493
škola,,188,M533x528S18002477x498S36d00479x472S2d305489x504S37607460x474S20710477x480
škola,,363,M560x534S18002485x492S20500476x477S20500490x477S20500504x477S2d205488x510S2d205507x510S2d205527x510S36d00479x467S3770b458x469S37902458x490
škola (UPOL),,2530,M527x527S18002479x479S36d00479x474S2a30d498x489S37909468x476S21000478x512
Skotsko (UPOL),,3016,M559x530S36d00479x471S37902521x473S37703520x490S20320509x479S26a02545x503S37a00519x474S20602524x505
skříň (UPOL),,3601,M553x524S11540502x476S11548482x476S23d04526x488S23d1c447x490
skříň B (UPOL),,3865,M532x597S23c04509x570S23c1c467x569S11540501x538S11548482x538S34800482x483
skript (IMoTeSP),,1544,M543x580S15d39456x453S10051469x461S20500462x437S22b07486x435S1ed16516x420S14c20514x511S22b04517x550S22240509x504S22240509x500
škrtit A (UPOL),škrtit někoho,4537,M535x580S35610482x483S16c40512x551S16c48488x551S26a00508x533S26a10480x533S2f900495x575S2f900514x575
škrtit B (UPOL),dusit se,4538,M533x527S35d04482x474S36a20490x507S20700515x511S16c0a488x507S16c02491x503
skrz,"přes, skrze, projít",5332,M526x534S1440a474x510S14440504x503S20e00493x492S26600505x467
skupina,"oddělení, obor (IMoTeSP)",1161,M528x517S15d39472x494S20600506x492S15312475x484
skupina,,533,M540x564S32102482x482S15d39486x541S20600518x544S15412490x530
skupina,,610,M518x528S14c39492x501S22a04494x490S20500481x505S15412488x473
skupina,,704,M525x522S14c39474x495S15412475x479S20600503x496
skupina,,749,M541x564S32106482x482S15d39485x541S20600519x543S15412489x530
skupina (biol),,2153,M535x585S15412485x551S15d39481x562S20600513x565S34600482x483
skútr (UPOL),,3066,M582x555S20350523x539S20350466x540S32a00482x483S2d300543x531
skvrna (UPOL),,2729,M523x531S36d00479x470S10a01495x503S2e300472x504
slabika (IMoTeSP),,593,M537x566S10049463x437S10041476x435S20e00497x459S26505511x471S1ed16518x540S26500522x518S2f900524x509
slabý A (UPOL),,4781,M523x517S20350479x502S19210477x483S20600501x496
slabý B (UPOL),,4782,M516x515S19220485x496S22214495x486
sladký (biol),,2198,M519x547S36100482x483S10000486x513S22a04506x532S21100506x516
slavnost (UPOL),,4783,M583x518S2ff00482x483S1dc50518x467S1dc58456x468S2d300544x467S2d311416x469
šle (UPOL),,3276,M545x541S36d00480x505S12b02512x502S12b0a471x502S26504531x509S26514453x504S22104515x534S22104473x534S36d00478x459
slečna (UPOL),,4784,M562x529S1ce40520x496S33000476x483S2ea00547x504
slepé střevo (UPOL),,2786,M546x606S36d00479x573S2ff00486x483S1f117506x556S2480b525x582
slepice A (UPOL),,3436,M518x589S15d38470x558S2ff00482x483S20500495x505S1f420463x506S1f450484x574S20600492x558S25504480x528
slepice A (UPOL),,3437,M518x589S15d38470x558S2ff00482x483S20500495x505S1f420463x506S1f450484x574S20600492x558S25504480x528
slepice B (UPOL),,3438,M536x612S2ff00482x483S20500495x498S10010495x502S15d39489x573S10041501x582S2a504515x558S20500490x563S22a04495x539
slepý (UPOL),,2787,M564x518S2a602547x480S11501514x480S20500502x479S20500502x500S31600482x483
sleva,levný,1299,M525x569S15a48475x463S15a40513x455S2a200492x431S21100487x473S22b04493x497S15a50503x542S15a48481x541
slib,,1225,M512x528S16f20488x490S16f0a490x490S20a00490x472S2f900493x523
slibovat B (UPOL),slib,4539,M512x528S16f20488x490S16f0a490x490S20a00490x472S2f900493x523
slintat (UPOL),,2779,M538x567S36500482x483S10000497x507S10008488x506S22f04500x539S22f14475x541S20600516x507S20600463x509S2fd00488x561
slon,,1779,M527x555S35900482x482S16d14482x503S2c205500x514
slon,,566,M547x517S2b900521x484S2ff00482x482S16d10492x490
slon,,5819,M518x561S33100482x483S17610492x507S2b002494x525
slon A (UPOL),,3439,M540x518S2ff00482x483S16d10492x492S2bd00521x481
slon B (UPOL),,3440,M550x518S2ff00482x483S16d10492x492S2c300524x488S2d200520x459S20312526x439
sloučit (IMoTeSP),,1518,M559x531S16012532x472S1601a442x470S18512498x506S1851a482x506S28803503x481S2881b475x481
sloup A (UPOL),,4612,M516x538S1f146501x509S22c30508x471S28902485x462
sloup B (UPOL),,4613,M510x532S1f146491x503S22b00494x469
sloužit,služba,1706,M521x525S15d37485x502S15d40502x492S21100479x477S26c00494x474
sloužit (UPOL),"poslušný, poslouchat, sluha, služba",4549,M576x593S15d39485x570S15d40499x566S21100521x571S27100536x572S30300482x477
slova (UPOL),,3458,M514x528S1ed26490x502S26a00487x483S2f900495x472
Slovensko,,658,M546x517S30000482x482S10001502x450S10009478x450S2d600457x447S2d608517x448
Slovensko (UPOL),,3017,M537x523S2ff00482x483S10001500x492S10009480x493S2d711461x470S2d709508x470S20500495x467
slovesa (UPOL),,3277,M549x523S1ea0e504x477S1ea06480x488S2f000528x484S2f010451x492S2fd00494x517
Slovinsko (UPOL),,3018,M513x526S11500492x496S2ea32488x474
slovo,,117,M510x526S1ed16491x500S26500494x483S2f900495x474
slovo,,914,M510x528S1ed1e491x502S26500494x479S2f900497x471
slovo (IMoTeSP),,141,M519x513S1ed16482x487S26500505x493
slovo-co?,,902,M540x611S1ed1e469x541S30a00482x488S1ce30518x537S27106525x571S30100482x477
složit (UPOL),,3278,M553x525S15d30534x483S15d38448x484S2a300504x476S2a318471x477S2fd00486x519
složitost (IMoTeSP),,1545,M535x559S20330520x452S20330465x452S22a20494x442S2f900496x463S1851f480x500S18517502x500S2920c504x528S29214484x528S20500498x488S20500496x526S20500496x539
složitost (IMoTeSP),,1546,M535x513S20330520x497S20330465x497S22a20494x487S2f900496x508
složka (IMoTeSP),,597,M560x556S10018439x459S10018440x526S15310458x444S22122450x443S22b06484x450S1ed16460x526S26500482x516S26500512x515S26500540x516S26706496x533S2fb06554x533
sluchadlo,,1871,M554x517S33000476x482S10a20528x488S2880c520x489
sluchadlo,,1929,M544x542S33000476x482S10a20518x488S36d01482x531S20500534x473
sluchadlo,sluchadlo2,1516,L560x519S30006482x483S10a20515x493S21100534x487S2880c548x493
sluchátka (UPOL),,3797,M556x526S32a00482x483S33000476x483S15410524x487S15418459x487S20500517x514S20500475x515S26502541x493S26516439x495
sluchátko (UPOL),,2443,M547x518S33010479x483S10a20514x487S2c305520x466
sluchátko A (UPOL),,5085,M555x518S15410522x489S15418463x489S33c00482x483S22a02540x496S22a16445x496S20500513x477S20500477x477
sluha,"služba, sloužít",1905,M528x527S15d39472x473S15d41483x479S21100515x513S27105496x495
sluha,,1351,M532x579S15d37481x556S15d40498x547S21100480x532S26c00500x529S34600467x482S34c00496x483
sluha_O,,1825,L520x616S15d09486x585S15d10495x589S21100493x566S27100480x546S30a00482x483
slunce,,5817,M539x518S34600482x483S10001518x487S2e400486x484
Slunce (UPOL),,5455,M571x523S34600482x483S10b00524x488S21404524x518S2e400542x485
Slunce A (UPOL),,5348,M556x518S34600482x483S11511521x491S22f03535x478
slunce_svítí,,5818,M551x549S34600482x452S10001516x458S2e400486x453S35700482x513S11511526x508S22f03520x528
slunečník (UPOL),,3019,M560x518S20304492x385S20304489x400S22b00492x350S37705507x393S37707467x409S14c50504x447S14c58476x447S28a13443x468S28a0b530x466S34800482x483
slušet A (UPOL),,3279,M569x620S30145477x478S18550544x550S18538524x555S20500536x539S15238544x589S15250545x486S22a04547x527S22a10546x569S30b00486x487
slušet C (UPOL),,3281,M563x578S15d39522x551S1f420532x563S1ee20537x515S22a04547x543S20500524x541S32106486x487S30145477x478
slušný (UPOL),"elegantní (UPOL), poslušný A (UPOL)",3286,M547x524S36d00479x476S15d10528x477S20e00514x488S22f04521x510
služba (UPOL),,2684,M527x532S15d39473x481S15d41473x468S21100492x496S27105500x506
slyšet,slyšící,1391,M542x527S30006482x483S10020520x497S20600520x483
slyšet,slyšící,1933,M551x549S33000475x482S10010512x498S20600529x494S36d01482x538
slyšet (UPOL),slyšící,4571,M557x533S33000476x483S10010505x503S20610523x494
slyšet A (UPOL),slyšící A (UPOL),4785,M561x531S33000476x483S10020520x501S20600528x498S20500551x498S30d00482x483
slyšící B (UPOL),,4786,M563x526S33000476x483S30d00482x483S10a10517x500S20610529x488
smát se A (UPOL),smát_se,4826,M531x587S34000482x487S30928492x479S11800515x516S27102516x547
smát se B (UPOL),"smát_se, veselý",4827,M573x535S33e00482x483S18010509x506S18018460x506S26f06559x494S20e00541x506S20e00445x507S26f12427x495
smazat,,490,M518x520S20320482x492S27102503x480
směna,,433,M523x541S1f731502x459S1f739477x459S26502494x483S26516495x493S26506495x509S26512494x519S2fb04495x535
směr (UPOL),,3020,M508x525S15a10494x498S26900492x476
směrovač (IMoTeSP),,852,M557x584S1ed10509x436S1ed18464x436S27a16443x416S27a0e529x416S2fb04492x461S1470a488x570S15d40494x550S2dd06492x508S23706511x511S2fb04509x552
směrování (IMoTeSP),,853,M520x539S15d10483x512S2dd06479x462S23706499x464S2fb04490x505
směrovky A (UPOL),,4787,M585x569S36d00479x525S15720523x542S22114545x548S22104573x548S32d10483x483S33500476x483
směrovky B (UPOL),,4788,M524x561S36d00476x529S15728459x534S22114429x546S22104415x546S33500476x483S32e20482x483
směs (biol),,2125,M536x612S2eb36502x568S14c08477x563S14c03509x539S2eb12489x597S34700482x483
smět,,5137,M561x530S1ce40512x470S1ce48467x471S28805516x504S2881d466x507S1ce50539x498S1ce58439x500
smetáček (UPOL),,5106,M557x520S1ea0b443x486S1ea50534x487S22b02474x489S2a50c508x481S2fb04497x514
smlouva,,1060,M524x528S15b09475x483S18520491x489S20500483x471S2f700512x518S23f03492x507
smlouva2,podpis,1300,M528x524S15d39471x487S15b29471x487S18501485x479S2f700516x512S20500477x475S24003495x499
smrad,,608,M522x565S33400482x483S18507503x508S29204497x534S2f700479x546
smrad (UPOL),,5355,M523x579S30c00482x483S33410493x496S18507504x509S2920c508x538S2f700507x572
smrdět B (UPOL),,4942,M529x562S30c00482x483S33410493x495S33c10489x503S15a10517x503S27102500x522
smrt (UPOL),,4791,M534x528S36d00479x472S19a11460x481S19a19506x482S20500520x478S37803481x497S3780b482x498S20500465x475
smůla,,1998,L553x558S32405482x483S20301516x521S34410495x505S23103503x535S37703531x536
smůla A (UPOL),,4792,M557x555S34600482x487S20305520x519S30900482x479S37703535x532S22f03512x534
smůla B (UPOL),,4793,M537x519S10012486x504S2ff00482x483S20e00492x492S26506522x502
smutný,,519,M533x528S34100482x483S1ce00511x466S22a03476x514
snažit se (UPOL),"rychlý B (UPOL), temperamentní A (UPOL)",4738,M538x534S20330522x519S20330473x519S2e60b504x487S2e613464x488S36d00479x466
snažit se A (UPOL),,4943,M539x607S36d00479x537S14e02505x552S14e0a466x552S26606509x591S26612467x591S21100513x580S21100476x580S30c00484x483S35830490x504
snažit se B (UPOL),,5016,M538x599S20330522x584S20330473x584S2e60b504x552S2e613464x553S36d00479x531S3090c481x479S30c30488x493
snazit-se,,494,M541x586S36d00479x582S20331518x558S20339461x558S2e60c512x523S2e614453x521S2fb00491x537S35300481x482
Sněhulák,,5289,M577x611S2ff00495x483S15042449x521S1504a546x524S20500507x518S31a30502x492S34d10502x504S34d10509x506S34d10517x505S28f0c514x557S28d14485x523S28f14475x557S28d0c519x522S36d03469x494S1f500504x471S37a00461x494S37a00460x537S37608443x478S37601461x456S37609450x457S21600510x535S21600509x550S21600509x568
sněžit (UPOL),,5456,M540x539S14c58465x474S14c50511x474S22630506x462S22630460x462S22b04515x509S22b14469x509
sníh,,4840,M559x561S36d00479x439S1f502509x446S2d200533x445S20e00520x442S14c50521x501S14c58473x500S22630521x491S22630464x490S22b03513x537S22b13465x535
sníh,sněžit,5814,M556x565S36d00479x435S1f502509x442S2d200530x441S20e00520x438S14c50512x497S14c58472x498S22630508x486S22630468x486S2eb34514x532S2eb10479x532S2fd04492x559
sníh (UPOL),,5406,M518x524S2ff00482x483S16010492x480S20310498x509
snížit,méně,1056,M543x553S18218477x538S18210503x538S20500497x524S22b04527x506S35600482x482
snížit (biol),hypo-,2225,M546x525S16e18454x475S16e10523x477S22b03510x500S22b15464x501
snížit A (UPOL),,5018,M527x585S18214495x570S18210504x523S35800482x483S22a04503x532
snížit B (UPOL),,5017,M544x560S18218460x519S18210521x517S35800482x483S22b14470x530S22b04520x529
snižovat,"ubývat, zmenšovat, klesat",1278,M522x544S18137483x520S18111498x456S25104477x469
šnůra (UPOL),,3021,M549x516S1ce20499x484S1ce28478x484S26612452x499S26606519x500
šňůra (UPOL),,5002,M551x548S1ce20500x518S1ce28478x518S22b06521x531S22b12449x531S34600482x483
sobec (UPOL),samostatný B (UPOL),4190,M521x536S36d00479x465S20500479x477S20500508x477S1f512477x490S26506500x491S1f512505x521S26512483x520S20500510x509S20500480x510
sobecký (UPOL),,4796,M544x532S15058456x469S15050518x470S22a14463x507S22a04526x508S2f900526x527S2f900464x526
sobota,,2305,M521x531S37a00478x470S1f702470x478S20e00472x501S36d00479x469S23604458x514
sobota,,672,M521x531S1f702457x478S20e00459x501S23604445x514S36d00479x469
sobota A (UPOL),,3245,M518x548S20500473x504S14c52485x520S22522471x516S30004482x483
sobota B (UPOL),,3244,M521x532S37a00478x470S1f702470x478S20e00472x501S36d00479x469S23404461x518
socha,,2097,M531x537S1f540515x463S1f548471x464S2930c517x495S29314470x496
socha (UPOL),,4633,M532x532S1e240510x468S1e248469x468S29904512x500S2991c477x499
šok (biol),,2038,L553x518S10e20513x483S2ff00482x483S2df00532x488
šok A (UPOL),,2730,M564x518S34600482x483S1ea10517x468S26d03537x451
šok B (UPOL),,2731,M548x518S34600482x483S2df00527x480S10e20511x484
Sokolov (UPOL),,5457,M558x518S30007482x483S11520520x480S20500508x472S25607534x468
sol (biol),,2076,M529x593S1ed48469x551S14c51502x552S22231496x546S22231494x544S2e732496x577S34400482x483
souběžnost (IMoTeSP),,1547,M540x577S10050504x438S10058487x438S20500498x423S10051510x556S10059461x556S27300498x525S27318488x524
soubor (IMoTeSP),,854,M538x545S2fb04494x539S2d60a515x487S16059477x455S18552499x511S1855a482x511S20500493x498S2d612462x487S16051502x455
současně A (UPOL),,4797,M540x522S15d48461x478S1f427480x492S20500482x478S2880e493x493S1ee26518x495
současně B (UPOL),"spolu C (UPOL), s (se) (UPOL)",4798,M534x515S2880e487x487S1f426467x485S1ee26512x489
součin (IMoTeSP),,1738,M538x514S15d18461x487S10012475x499S2c300512x491
soud,,1279,M528x533S20343496x487S10041507x474S3780b472x503S20500496x475S20500476x502S26603471x467
soud B (UPOL),,3537,M532x523S20500474x504S3780b477x493S20500491x488S10051502x499S20359502x478S28803468x481
soud C (UPOL),,3538,M554x535S1ea50528x465S1ea58448x470S22e04537x490S22e14447x496S28b02488x469S28b1a468x470S1ea50473x492S1ea58503x491S37703491x513S3770b487x512
soud D (UPOL),,4800,M531x523S20500476x504S3780b479x493S20500493x488S20359504x478S1ea51503x496S28803470x481
soudce B (UPOL),,4801,M537x529S36d00479x472S11501503x487S11509474x486S21100494x515S22a13466x508S22a05524x510
souhlasit B (UPOL),,5021,M518x596S30114482x477S1ee0e490x523S1f40e498x567S22a04499x552S22106486x529
souřadnice,,1838,
souřadnice (IMoTeSP),,1548,M534x535S10018471x464S10012466x470S22b10467x505S22b02504x467
soustava (IMoTeSP),,60,M520x529S1851f481x484S18517501x484S20600489x471S22a24495x514
soustředit_se (biol),,2306,M533x606S15d48471x569S15d40514x567S26600512x533S26610476x535S2fb04494x600S30300482x477
soustružník (UPOL),,4802,M582x576S10002522x559S1000a462x559S2f000561x556S2f010435x555S33500476x483S34f00482x483
soutěž,"soutěžní, konkurence",1303,M549x598S1f502471x573S1f502510x574S23614452x547S23600510x547S36100482x483
soutěživý A (UPOL),,4803,M561x522S1f540502x479S1f548483x479S27200521x486S27214439x487S2fc00492x511
soutěživý B (UPOL),,4804,M561x528S1f502514x504S1f502469x498S23600510x472S2361c453x473S2fc00495x490S37806529x519S37806439x515
sova (UPOL),,3441,M547x518S2ff00482x483S10a00506x492S10a08480x492S2e300524x490S2e318452x491
Sova ve dne spí a v noci loví.,,5824,
sp1,,1053,M541x569S34600482x482S14710527x503S2f900499x564S33500476x482S27102497x518
sp10,,1389,M542x614S11511513x485S30007482x482S11557498x566S11551513x564S20b00496x553S28a0c525x521S2f800503x603
sp2,,1086,M527x632S17e48473x613S18050497x617S23404478x573S34500482x482S20700488x591
sp3,"fi, to-jde, jde-dobře, lze",1091,M529x605S36510482x488S2a208506x537S1ce20504x563S2f900507x600S30105482x477
sp4,fi,1222,M527x584S30305482x477S36510482x488S19a20486x564S26507514x538S26900491x545
sp5,,1258,M530x524S34f00482x489S30346482x476S20500520x511S1ce10501x493
sp6,"""haf""",1231,M550x554S36a00482x477S1ed0e491x524S20b00516x512S2f720520x538S36510482x477S26504536x511
sp7,"omezit, nedat",1282,M532x579S1fb10517x548S35a05482x482S2f900520x574
sp8,,1366,M527x526S18241502x475S18249477x483S20e00489x499S26a03474x505
sp9,,1369,M514x522S37602486x478S26506499x508S20310496x484
spálit (UPOL),,2733,M528x525S1ea49473x506S1ea41495x501S20e00486x495S28908513x475
spalničky (UPOL),,2736,M539x536S36d00479x464S14e00508x475S14e08468x474S20500458x482S20500529x482S20500474x509S20500475x525S20500512x509S20500513x524
Španělsko A (UPOL),,3024,M522x558S36d00479x442S36d00480x530S1ea01480x450S1ea11476x537S20500467x455S20500462x545
Španělsko B (UPOL),,3025,M521x591S36d00479x555S2ff00480x483S1ce50454x534S1ce58406x534S27220420x572S2f700434x561
spát,,1809,AS17d10S18510M547x534S2ff00482x483S17d10518x485S18517519x507S22a04534x505
spát A (UPOL),,5040,M550x535S2ff00482x483S17d10526x495S18510525x520
spát B (UPOL),ležet B (UPOL),3022,M536x555S30908482x479S31600482x487S15a19496x532S15a17513x506
spát C (UPOL),,4617,M539x533S2ff00482x483S15210519x483S18510511x518
spát D (UPOL),,4914,M537x528S30908482x479S15a17514x505
špatný,špatně,586,M532x557S33100482x482S23f03509x521S15a12487x545S15a11502x495S34100482x482
špatný (UPOL),,4805,M538x565S33200482x483S15a11504x501S24003510x526S15a12490x553
speciální,"specialní, specielní, kvalitní, speciální (biol)",1873,M529x571S1ce10507x521S1ce18470x522S2f900482x561S2f900511x561S2f900482x566S2f900511x566S36100482x482
speciální,,1368,M538x520S1ce10516x490S1ce18462x490S27220480x479
specifikace (IMoTeSP),,800,M545x516S1ce10523x486S1ce18455x485S27220480x489
špendlík (UPOL),,4806,M534x527S15d48467x497S10002481x512S20610488x494S26726472x474S2fb06528x483
špička (UPOL),,2904,M516x542S1e441491x510S1f410484x459S2a600499x488
špinavý A (UPOL),,3283,M530x521S15d38470x479S14c50480x488S20e00509x490S26a04503x507
špinavý B (UPOL),,3284,M562x530S33300482x483S10010492x500S21100523x497S22f00537x494
splnit (UPOL),,5041,M537x526S20304502x511S37906464x517S11550492x485S20e00510x495S26606507x480S2f700511x475
spojení,"souvislost, vztah",909,M559x549S14c20536x518S14c09441x450S1ce20495x488S1ce09475x483S20800495x466S2fb04479x527S26501515x519S26515460x478
spojení,souvislost,1185,M533x564S14c20510x533S14c09468x436S1ce20497x484S1ce09477x479S20800497x462S2fb04481x523S26500511x515S26514475x462
spojit (biol),,2301,L573x529S1ce10500x473S1ce48481x472S20a00492x514S14c10550x471S14c48428x472S26602522x486S26616451x486
spojitá fuknce (IMoTeSP),,1549,M560x568S14c10537x450S14c48440x450S1ce48480x451S1ce10497x452S20a00490x432S22a02520x467S22a16463x468S10050462x538S22134471x537S22b06486x549
spojka (IMoTeSP),,32,M570x520S14c40546x489S14c18430x487S1ce48478x490S1ce10500x489S22a02527x504S22a16459x505S20800495x479
spojky (UPOL),,4808,M531x522S1ce10509x479S1ce48488x479S20800505x512S26516470x494
spokojený A (UPOL),,4809,M529x607S36d00479x537S22a14484x592S11512494x552S1151a484x571S21100499x585S22a04516x577S33f00481x488S30104481x477
spokojený B (UPOL),,4810,M532x595S21100493x578S36d00479x535S11e10509x540S11e18465x542S22a14471x579S22a04511x580S30104479x477S33f00479x488
společný,"společně, společnost",531,M518x527S2eb12486x474S15d39483x498S15d51489x504
společný (UPOL),,3285,M519x524S15d39481x500S15d51496x501S2eb52483x476
spoléhat (UPOL),spolehlivý,5042,M542x561S15d39478x534S15d31492x538S20500503x527S30007482x483S15d21519x487S22a03515x516
spolehlivost (IMoTeSP),,856,M542x580S15d39482x552S22a03513x523S20500506x546S30007482x482S15d21519x494S15d31492x557
spolehlivost 2 (IMoTeSP),,855,M517x531S15d39482x476S15d31492x481S20500507x469S25900493x508
spolehlivý (UPOL),,4812,M542x561S15d39478x534S15d31492x538S20500503x527S30007482x483S15d21519x487S22a03515x516
spolu,,2313,M546x568S1f417500x538S34400482x483S22103511x528S26502531x549
spolu,spojenec,1109,M535x544S1ea40512x508S1ea49464x491S26515493x455S26501513x473S2fb00491x538S20500470x457
spolu (UPOL),,3622,M514x527S1dc40490x497S26c08486x473
spolu A (UPOL),,4337,M513x521S1dc27490x491S22714487x479
spolu B (UPOL),,4813,M551x526S36d00479x490S1ee40526x474S26504532x502S1f440493x511S20500486x515
spolu D (UPOL),,4814,M532x515S1ee26469x486S1f426517x486S26506492x495
spolupráce B (UPOL),,4815,M547x549S1ea01492x456S37706512x460S1ea09475x483S37706455x488S2e734471x451S2e718506x482S1ea01501x528S1ea09473x528S20500496x521S26502532x534S26516454x533
spona do vlasů A (UPOL),,3287,M581x523S26502539x487S13f10506x488S12710558x472S30102482x477
spona do vlasů B (UPOL),,3288,M558x523S30102482x477S1273c543x435S13f3b517x479S26503538x469
spor,,723,M560x557S30c00482x482S10019485x527S10011496x527S27120521x532
spor A (UPOL),,3541,M518x573S10011492x542S10019479x543S27121463x526S30b00482x483
spor B (UPOL),,3542,M537x536S10011496x481S10019482x481S22b17463x511S22b01513x512S20b00493x465
sporák (UPOL),,4417,M538x531S1ea50509x470S1ea58468x470S2a308515x495S2a310463x495
sport A (UPOL),,3289,M559x514S1f540500x486S1f548483x486S27200519x494S27214441x495
sport B (UPOL),,3290,M540x529S36d00479x472S19a52515x479S19a5a466x479S20500484x496S20500508x496S26a00513x514S26a10466x515S2fd00491x523
spotřebovaný,vyčerpaný (biol),2046,M530x597S15d38488x552S15d50492x570S33b00482x483S21100517x566S26500515x546
spravedlivý B (UPOL),,4816,M555x545S36d00479x456S17a20502x468S2880c511x488S20320501x514S27102526x505S2f720543x515
správně (UPOL),spravedlivý A (UPOL),2793,M536x530S1ce10514x500S1ce18465x500S26500518x481S26510471x480S2f900517x470S2f900474x470
sprcha (UPOL),sprchovat se,3834,M566x518S2ff00482x483S15551511x478S17441546x451S22f03531x465
sprostý (UPOL),,4817,M542x514S15a57458x489S15a51472x491S20e00487x486S23504505x491
sraz (UPOL),,3526,M551x523S14e52500x495S14e5a467x497S2a200528x477S2a218449x477
srážka,strhnout,212,M518x625S33b00482x483S30c30489x488S15d49469x563S20e00495x575S22b04479x570S15051473x533S20351480x604
srážka B (UPOL),,4818,M539x557S32a00482x483S20300500x542S20300485x542S20500495x528S37705515x549S37707461x548S26502524x535S26516458x536
srážka C (UPOL),,4819,M588x568S34c00471x483S32a00494x483S14c52557x544S14c5a418x541S14e52499x542S14e5a475x542S26502536x547S26516453x548S20500494x529
srdce (UPOL),,2476,M521x517S36d00479x483S1c501485x489S20600462x506
srdce A (UPOL),,5336,M521x528S36d00479x472S10003489x478S1000b458x479S21100481x478S28838469x500S28830495x500S28832470x499S2883a487x499S22a03488x514S22a15475x514
srdce-plesa,,343,M521x565S33e00482x482S36d00479x521S32107482x482S15d09475x542S15d01479x541S26a00476x527
Srí Lanka (UPOL),,3026,M535x524S15d48465x481S1dc18481x476S2c300509x483S21100490x510
šroub (UPOL),,4820,M516x532S1f446487x503S21100485x492S26500485x469S2fb06510x476
šroubovák (UPOL),,4821,M562x538S11550520x492S36d00479x463S2a30a540x490
srpen,,398,M520x543S1ea02479x498S26b04481x525S37604487x456
srpen (UPOL),,3246,M521x544S1ea02480x498S26b06500x517S37604488x456
stačit A (UPOL),,5045,M518x542S30004482x483S18010487x523S20500486x511S20500507x510S26506485x528
stačit B (UPOL),dost,5043,M518x553S30004482x483S15a12487x521S22a00495x538S20500476x513
stačit C (UPOL),hotovo,5044,M575x522S15d59490x495S15d51480x489S26612446x497S26606523x502S15d50556x495S15d58425x493S21410479x478
stahovat (UPOL),,2746,M533x612S30f00483x483S36200482x483S14c30509x525S14c38467x525S22a03509x564S22a15479x564S15330510x587S15338480x587
stále (UPOL),pořád,3247,M533x576S3090c482x479S19a00504x556S2e608504x524
stalo (UPOL),,3725,M538x525S10059463x492S10051489x491S20500482x477S22d04522x475
stan,,488,M529x535S15d49471x481S15d41505x481S20500494x464S22b13471x502S22b05505x502S2fb04492x529
stan (UPOL),,3027,M539x527S22b13461x503S22b05515x503S15b30501x474S15b38487x474
standardní (IMoTeSP),,801,M521x520S14c12464x497S20500480x485S20500510x486S36d00479x480S22a06498x501
stanice (IMoTeSP),,857,M554x538S36d00479x462S22a04540x514S2f900541x533S15450539x483
starší (UPOL),,2695,M545x517S36f00473x507S20500500x497S22a07524x484S18000515x501
start (UPOL),"začátek B (UPOL), začít",3319,M528x521S1ea41500x501S1ea49472x502S20500495x494S22e00509x480
start (UPOL),,2972,M528x521S1ea41500x501S1ea49472x502S20500495x494S22e00509x480
starý,věk,205,M559x515S20600523x484S18000529x500S36d00479x501
starý (UPOL),,3202,M548x527S36d00479x507S20600515x494S18000518x512S26a04511x473
starý A (UPOL),,3291,M544x533S2ff00482x483S1ed0e491x507S26b04517x515
štastný (UPOL),štěstí (UPOL),4822,M531x546S20300500x531S37806470x537S1ce27504x510S20500490x522S22a04494x494S22a00510x489S21b00508x508S14c20507x454
stát,,1949,M526x523S20349505x478S20500477x499S10e41496x489S20500489x487S3780b481x493S26503475x483
stát,,542,M530x534S37606469x466S26502491x488S20500491x513S20500478x500S10e02500x508
stát,stojí,1601,M532x524S10000517x475S10008469x479S22a24495x501S2f900496x519
stát,stojí,1607,M538x520S1dc40514x490S1dc48465x490S36d00479x480S26524494x491S20500496x509
stát,stop,1606,M540x554S30f00482x482S15d20520x527S26500526x506S2f900528x497
stát,stát (země),411,M529x524S20500472x504S3780b478x494S20500482x494S10e02489x491S26503492x509S20353508x476
stát (UPOL),,2495,M525x523S20500476x504S3780b479x493S20500493x488S11541501x496S26503494x508S20353504x477
stát (UPOL),,3028,M526x530S37906486x508S37901475x471S11540508x500S20500515x489S20500489x495S28802494x480
stát se,"stalo, chyba, špatně, vadit",1339,M534x523S10051490x493S10059467x493S22c04518x481S20500484x476
statečný (UPOL),,4823,M540x560S33c00489x482S33900474x499S36d00485x528S20300481x543S20340525x537S2df01498x536S20b00464x544
statický (IMoTeSP),,802,M550x536S10050503x480S10058484x480S20500496x463S2e601521x500S2e619450x502S2fb04495x526
stav (IMoTeSP),,1550,M508x512S17610492x487S2f900493x507
stav (IMoTeSP),,858,M533x533S10010514x480S10018469x481S21600525x467S21600467x468S22a24492x518
stavba (UPOL),,4824,M547x565S15a56483x542S15a52498x535S21100488x523S15a52509x500S15a52503x448S15a56485x456S15a56495x494S21100501x435S21100519x484S22d20454x473S22a05534x447S22a13478x494S22a05527x535S21414492x557S21414513x516S21414497x471S2fb03460x530
stavět (UPOL),,5098,M523x554S15d12496x525S15d1a478x511S20e00488x498S20e00505x482S20e00505x515S22a10488x480S22a00505x497S22a10488x447S22a00505x464S2fd04487x548S20e00488x465
štědrý (UPOL),,3248,M551x580S36d00479x523S36d00480x576S1c502502x544S2d201525x554S34500484x483
Stefan,,763,M579x517S30007482x482S20310520x480S14c20556x464S2df00532x459
stěhovat,"přemístit (něco), přeložit (někam)",1251,M527x547S26627499x452S2892a487x489S18519472x528S18511500x514
stěhovat se (často),,1328,M527x545S27625486x454S2932a480x487S18519472x526S18511500x512
stěhovat se A (UPOL),,5004,M536x527S18550511x511S18558464x512S28a02471x489S28a1a493x489S2fc00493x474
stěhovat se B (UPOL),,5005,M592x534S18551431x485S1855f409x506S18550504x486S18558473x486S18557573x507S18559543x486S2892a445x466S2892a525x466
stejny,,530,M520x523S10050505x493S20500495x477S10058479x493
stejný (biol),,2303,M517x525S10050502x495S20600490x476S10058484x495
stejný (biol),více stejných,2200,M565x540S10050503x482S10058485x482S20500498x461S10058532x510S10058435x503S10050550x510S10050454x503S20500447x485S20500546x494S2d728482x524
stejný-člověk,,1468,L535x532S1ed26516x506S22b04517x474S10057486x475S10059466x478S20600474x468
stěna B (UPOL),,5007,M547x514S15a20501x487S15a28487x487S22b12453x494S22b06517x494
Šternberk A (UPOL),,5458,M576x532S34500482x483S10010519x493S21404519x527S23604537x505
Šternberk B (UPOL),,5459,M573x519S34500482x483S1ea01520x490S21404529x514S2e500550x485
štěstí,,442,M545x538S1ce20523x461S1ce58455x508S14c50485x504S20500476x514S22a03510x496
štěstí,,636,M559x524S1ce10537x492S1ce18440x494S14c57489x493S14c5f488x489S20500499x476S26502516x506S26516469x508
štěstí,,984,M558x521S1ce10536x487S1ce18441x488S14c5f477x483S14c39498x480S20500497x510S26502515x501S26516468x503
štětec B (UPOL),,4859,M564x518S32100482x483S1ea10529x495S27208524x470
stěžovat si (UPOL),,3543,M521x523S36d00479x477S14e02490x498S20e00475x508S22f00468x490
štíhlý (UPOL),,2737,M555x585S32c00482x483S36d00479x525S15d40517x548S15d48472x548S28b04535x536S28b1c449x541
stihnout (UPOL),cíl,5050,M535x529S15d39465x506S20500471x513S1c551510x472S25604490x483
stika A (UPOL),,3442,M531x604S14e38480x562S14e50505x561S21410511x596S27020475x539S34c00472x482S36500493x483
stika B (UPOL),,3443,M540x602S14e38489x560S14e50514x559S21410520x594S27020484x537S36500483x483S32a00482x483
stín (UPOL),,5460,M518x578S30102482x477S22b03467x554S11511482x530S32103482x488
stmívat,,1590,M545x538S2ff00482x482S15d01522x480S15d09454x484S22b03502x495S22b15474x496S2f804481x527
stmívat (UPOL),,5461,M547x551S30c00482x483S15d01524x498S22b15472x512S2f804482x540S15d09453x498S22b03504x512
stojí,,1602,M535x579S10000520x530S10008472x534S22a24498x556S2f900499x574S31000482x482
stop,,6,M513x541S15d1a486x459S15d10491x514S20b00490x479S22a00490x494
stop (UPOL),zastavit,3326,M566x567S15d20533x540S30908482x479S26f00526x522
stopa (IMoTeSP),,1551,M522x525S15d39478x502S1ed50489x496S2ef01504x474
stránka (IMoTeSP),,432,M525x532S15d48475x467S1ed40499x467S22b04497x502S20e00499x488
stránkování (IMoTeSP),,684,M527x526S15d49473x474S1ed40501x481S22f04498x512
strašný A (UPOL),,4860,M521x575S36d00479x537S14c02486x551S21100473x556S30142482x476S34400482x489S2e601440x541
strašný B (UPOL),nelíbit se,4861,M529x552S22f04504x538S10000486x516S20e00510x524S30142482x476S30f00482x489
strategie (IMoTeSP),"plán, plánovat, strategie 2",1307,M523x550S15d49477x515S15d49480x463S10e52493x468S20500500x449S10e31489x520S20500504x511
strategie (IMoTeSP),,648,M533x545S15d48466x459S10e12503x469S20500489x454S15d18467x518S10e02500x526S20500490x512
stráž,,1600,M525x585S36d00479x528S31000481x482S19a10497x533S19a18496x565S23120471x559S21100477x543
střecha A (UPOL),,4569,M545x529S15d19476x485S15d11501x485S20500495x471S22b05521x505S22b13455x505
střecha B (UPOL),,4570,M537x531S15b30502x480S15b38487x480S20500495x470S22b05513x507S22b13464x507
střed,centrum,41,M517x532S14c39491x505S14c22482x469S20600491x493
střed,centrum,632,M515x528S20500498x511S14c22484x473S15d39491x505
středa,"knedlík, Eva",300,M542x523S2eb4a458x507S14e39477x477S2eb02510x484S15451489x497
středa A (UPOL),,3251,M543x536S36100482x483S20610509x525S1ce01479x510S30004482x483
středa B (UPOL),,3252,M517x541S1545a487x480S15436487x506S2eb02484x460S2eb46485x525
střední (UPOL),,2738,M523x524S15d39477x491S1f521500x490S20600496x513S21410508x477
Střední Amerika A (UPOL),,3029,M534x527S1f502496x501S1f522496x475S20600511x494S37807466x518S37807502x474
střeva (UPOL),,2739,M532x596S36d00479x523S36d00480x592S29204491x529S29204488x558S1ec00509x529S33c00483x483
strhnout,,1648,M524x534S14e11496x466S15d48476x469S22a04500x497S1f710500x519
stříbrná A (UPOL),"stříbrný, stříbrné, stříbro",2387,M547x542S2ff00482x483S14c10524x511S25100527x477
stříbrná B (UPOL),"stříbrný, stříbrné, stříbro",2388,M602x532S36d00479x468S36d00480x507S14c04508x501S20e00534x519S22a00532x500S1ea04531x480S26600553x472S27004562x484
střih A (UPOL),,4862,M536x545S10e40512x515S2dd06508x470S2d701470x477S1ea48482x516S22212531x494S22203529x468S22204489x465S22205465x474S2fb00504x455
střihat A (UPOL),"střihat_látku, střihat_papír",5051,M531x535S1ea48470x474S10e40501x505S26700502x466S22726521x478
střihat B (UPOL),střihat_si_nehty,5053,M527x563S10059477x466S10e40502x466S10e41490x531S10e29473x538S2d507496x453S2d500480x524S22717504x438S22710484x512
střihat C (UPOL),"střihat_si_vlasy, sřihat_vlasy",5063,M545x523S30201482x478S10e10519x492S28a01500x464S22727518x453
střihat D (UPOL),střihat_(žívý_plot),5065,M553x517S14c18448x486S22720489x483S26702476x491S10e12523x493
střílet A (UPOL),"střílet_z_pušky, puška",5101,M533x582S32a10476x483S30251490x473S14e3f438x547S1e241508x554S21901517x543S33900513x508S31110489x488
střílet B (UPOL),sřílet_z_pistole,5110,M553x582S32a10476x483S30251490x473S31110489x488S1e241508x554S21700518x547S33900513x508S22e00536x555
střílet C (UPOL),střílet_z_pistole,5111,M544x579S32a00457x488S30251470x478S31110469x493S11540494x549S22e00516x560S34600482x488S33b10467x511S33b00508x488
střílet D (UPOL),střílet_z_bazuky,5112,M563x548S32a10478x483S31110491x488S33900515x495S16c10525x509S16c18520x519S26500534x495S37004474x538S21400548x512
stroj (IMoTeSP),,1552,M525x536S14e11497x489S14e19475x485S20700495x463S28804498x514S2881c483x514
stroj (UPOL),,4773,M524x540S14e01496x481S14e09476x481S20700489x460S28904499x510S2891c485x511
strojírenství A (UPOL),továrna A (UPOL),4863,M541x543S1ce20518x458S1ce28462x473S1ce30459x513S1ce38519x496S2a00a495x487S2a012478x504
strojírenství B (UPOL),,4864,M543x540S14e01498x481S14e09478x481S20700491x460S28904501x510S2891c487x511S28904515x510S28904528x511S2891c473x511S2891c458x511
strom,,4834,M537x532S14c18480x468S37800490x498S14750523x499S28804507x509S20f00463x516S28804494x510
strom,,5837,M520x576S34400482x483S16c40495x534S16c48483x531S27120481x561
strom (IMoTeSP),,14,M549x538S22b05505x483S20350485x462S20350501x462S22b13474x483S14c0d452x509S14c05523x511S2fb04493x531
strom (UPOL),,5462,M541x538S15a12482x526S14c18482x463S37800492x494S37806509x532S20500479x513S2e218460x463
strop (UPOL),,5009,M544x518S32100482x483S18010500x473S26600504x439S21410529x480
struhadlo (UPOL),,5010,M526x532S20318474x469S20317499x478S22b04495x502S22b04510x502S2f900476x487
struktura,,5799,M522x541S14c41496x514S14c47478x513S25120492x459S20700493x496
struktura,,915,M517x564S14c08484x460S14c20492x470S20700493x436S14c38484x524S14c50493x533S20700491x507
struktura (IMoTeSP),,741,M520x536S18517501x477S1851f480x477S20500505x464S20600482x463S22b24491x506
strýc,,2217,
strýc A (UPOL),,4865,M518x562S30004482x483S1ed0e491x518S20500479x514S20500495x551S22a04478x532
strýc B (UPOL),,4866,M554x520S11811502x495S11819475x494S20500497x481S2e501531x490S2e519447x490
student,,120,M542x517S2ff00482x482S10012509x479S27200502x453
Student Agency C (UPOL),,4867,M555x518S17050528x494S17058457x494S2ff00482x483S2c300529x464S2c311449x462
studovat,,376,M542x517S2ff00482x482S10012509x479S27200502x453
studovat (UPOL),studovat A (UPOL),2506,M558x538S2ff00482x483S10012518x491S2e00f527x439S37901547x498
studovat B (UPOL),učit_se,5123,M580x564S1ea10511x533S1ea18467x534S34600482x483S27004540x546S27014421x545
stuha (UPOL),,4868,M526x547S11501500x453S11509482x464S2ea00506x492S22b13475x523S22b05502x522S2ea4c489x493
stůl,,5787,M549x514S26612451x494S26606519x494S15a50502x487S15a58485x487
stůl,,5870,M550x560S26612451x544S26606520x544S14750502x538S14758485x538S34600482x483
stůl (UPOL),,4941,M550x511S26612451x495S26606520x495S14750502x489S14758485x489
stůl noha levá,,5163,M527x530S17648483x487S1764c483x471S20500473x481S38301484x507
štvát (UPOL),"naštvat_se, naštvaný",5124,M538x525S30c30489x488S32a00482x483S15400523x500S21600511x515
stydět se A (UPOL),"stydět_se, stydlivý, stud",5193,M542x576S11503515x551S30201482x478S11501506x504S20500519x496S22b04508x530S31930489x495
stydět se B (UPOL),"stydět_se, stydlivý, stud",5195,M536x569S33f00486x488S20500526x504S37049471x525S30251500x477S2e230515x537S19200510x515
stydět se C (UPOL),"stydět_se, stydlivý, stud",5194,M545x573S33f00482x483S1150b465x545S11509469x501S20500520x491S22b04514x527S31930490x491S11501507x499S22b14483x525S11503518x548
stydlivý A (UPOL),,4869,M545x577S33f00482x488S30105482x477S11501504x502S20500522x497S22b04511x531S11503518x552
stydlivý B (UPOL),,4870,M556x534S33f00482x488S30105482x477S19200506x515S20610522x505
suchý,"uschnout, ztvrdnout",348,M569x520S15210430x489S15218549x486S20500493x480S20318482x504S20310499x504S26502525x503S26516458x504
suchý (UPOL),,4871,M558x516S14c40534x484S14c48443x485S26502517x499S26516465x499S20340499x499S20348482x499S20500493x485
suchý zip (UPOL),,3292,M543x644S1150a481x553S11502499x551S1150a479x629S1150a479x594S26503503x527S26503499x575S26503502x610S35100482x483S21400528x553
sud A (UPOL),,4872,M544x539S15d40519x462S15d48461x462S28b14456x494S28b0c524x495
sudá čísla (IMoTeSP),,1553,M542x518S2930a501x484S1dc27482x482S1dc09458x488
sukně (UPOL),,3123,M541x540S36d00479x461S36d00480x507S11503463x499S1150b512x500S22a13462x526S22a05528x525
sukničkář (UPOL),,4873,M556x588S20300499x551S16e41493x534S20610522x542S37807467x558S26f03521x558S33c00490x482S33900475x500
sůl,,1801,M559x536S20610525x506S35d00482x482S14c20490x505
šum (IMoTeSP),,1559,M548x531S14c12517x475S14c1a453x500S22c02460x478S22c16497x504S22242510x469S22242506x469S22246484x497S22246488x497
Šumava (UPOL),,5509,M530x542S30004482x483S11942504x512S20e00488x518S22202461x503S22206462x517S22202461x530S27102469x502
Šumperk B (UPOL),,5464,M535x518S33200482x483S1ef10505x495S1f410505x444S26500521x462S20e00522x480
surf (UPOL),,3030,M551x545S15d50508x487S15d58458x488S2d400508x522S2d410448x522S37140471x456
sušák (UPOL),,5097,M558x552S1ee50486x454S1ee58451x454S26726516x460S22204443x448S22214454x448S22214487x448S22204509x448S1ea50482x531S1ea58457x531S2a208488x505S2a210452x505
sušit (UPOL),suchý,5196,M561x599S14c40537x546S14c48446x547S26502520x561S26516468x561S20340502x561S20348485x561S20500496x547S34600482x483S2f804483x588
suverenní A (UPOL),,4874,M563x541S2ff00482x483S18510538x489S17c10507x502S26a07527x502S17c18476x507S18518442x482S26a11456x494S2fd00491x535S36700482x483
suverenní B (UPOL),,4875,M566x580S36d00479x526S12701505x542S12709468x547S20e00467x541S20e00522x539S22f00541x534S22f10439x536S2fd00488x574S36700484x483
suverenní C (UPOL),,4876,M521x563S36d00479x528S20300474x539S26600457x512S20500460x544S35b04483x483S37804488x546
svádět A (UPOL),,4877,M534x581S36710482x483S14c20485x536S14c28449x535S2e501511x542S2e519424x539S2fd00467x575
svádět B (UPOL),,4878,M518x599S31600482x488S30103482x477S10031467x527S1003f432x533S26a05486x550S26a15455x562S2fd01489x580S21903434x522S21903459x527S2fb03443x553S2fb07486x532
svádět D (UPOL),"podlehnout, SZ_podlehnout",5219,M559x611S35905482x483S31930489x491S14c40497x537S14c48477x538S14c50535x580S14c58439x575S2891d466x575S28905505x575
švadlena,,5230,M546x578S34500482x483S1ce40508x542S1ce48476x548S20e00496x552S2e20c526x520
švagr (UPOL),,4879,M534x533S36d00479x468S15d1f478x479S21100499x497S2360b505x503
sval A (UPOL),,2740,M562x537S2ff00482x483S1f502491x512S21100509x521S23604523x520
sval B (UPOL),město C (UPOL),2741,M532x528S37809469x479S37804471x511S17710484x472S22c04516x479S17210487x487S17710491x510
svářeč (UPOL),,4880,M554x594S1000a485x579S1dc40503x535S23004529x549S2f700539x536S32a00482x488S31600482x488S30104482x477
svatba,"manželství, manžel, manželka",1374,M516x548S15d39485x465S15d51493x467S20500504x452S15d31493x523S15d57486x525S20500497x511
svatba (UPOL),"manžel (UPOL), manželka (UPOL), vdaná A (UPOL), ženatý A (UPOL)",4252,M516x548S15d39485x465S15d51493x467S20500504x452S15d31493x523S15d57486x525S20500497x511
svatba B (UPOL),,4881,M538x524S15d0a482x497S15d02491x500S20500494x491S21400462x505S2e800523x492S20500494x477
svátek (UPOL),svátky (UPOL),2507,M535x526S36d00479x475S37a03478x479S10001485x481S20e00473x487S22d05498x483
svatý A (UPOL),,3253,M523x556S36100482x483S1ce01496x533S2330b488x511
svatý B (UPOL),Valentýn,3255,M564x523S30201482x478S1d410535x476S2ea35521x490
svatý C (UPOL),sv.,2501,M530x522S15d51475x487S2d708491x478S20500471x511
svazek (IMoTeSP),,1554,M536x514S15a20503x486S15a20488x486S2df06516x488S2df1e465x490
svědění A (UPOL),,2742,M521x569S30a00482x483S15859492x550S14f14477x538S2710a451x524S2f720453x503S21100468x531S36200483x483
svědění B (UPOL),,2743,M604x568S30a00482x483S14f14500x552S23604551x551S2f720592x550S21100535x551S36200482x483
svědomí,,1052,M521x525S36d00479x487S10a01477x499S20600441x475S26504449x499
Švédsko,,85,M519x543S15a56492x531S17d51483x508S20800480x531S20e00493x495S18551483x458S22f00487x478
Švédsko A (UPOL),,3031,M519x544S17f5a487x525S15222482x506S18552497x456S22f00494x487
Švédsko B (UPOL),,3032,M541x543S11e20509x457S11e28459x458S26904515x496S26914461x501S13f20512x527S13f28459x528
svěrák A (UPOL),,4882,M552x523S14e52499x497S14e5a469x496S20500498x478S26502537x504S26516448x503
svěrák B (UPOL),,4883,M545x552S20350497x453S2e700519x448S15440508x516S15448477x516S2f900508x547S2f900481x546S26502530x523S26516456x519
svěřit A (UPOL),,5222,M552x585S33b00482x483S10001505x509S10009476x508S10050537x554S10058452x555S20500518x508S20500471x506S28905508x546S2891d470x547S28905502x557S2891d476x557
svěřit B (UPOL),"prozradit, říct",5223,M558x586S17520499x516S17528479x515S33b00482x488S14c50534x555S14c58442x553S30350495x477S25605507x539S25613468x539
švestka,,5847,M545x534S34500482x483S2880e485x521S21100509x520S11911517x509
svět,,1759,M529x529S11551502x471S11559471x471S28914476x499S2890c510x500
svět,,239,M529x529S11551502x471S11559471x471S28914476x499S2890c510x500
svět (UPOL),,3033,M527x528S11551500x473S11559473x473S2a202475x498S2a21a503x499
světlá (UPOL),"světlý, světlé, světle",2389,M545x553S30a00482x483S1dc01500x508S1dc09475x508S22b07521x494S22b11454x494S2f804480x542
světlé (UPOL),,2744,M535x528S1dc02498x502S1dc0a475x504S20500495x496S2a207465x473S2a21f512x473
světlo (spf) (UPOL),,5339,M554x535S1150b477x510S11503496x507S11500539x465S11508446x466S28909509x480S28911463x481
světlo (UPOL),,4173,M552x557S20359449x488S20351530x488S36100482x483S22a04533x513S22a14454x513S15251525x531S15259448x530
svetr,,5662,M542x572S36100482x483S10011495x542S10019484x542S21100496x527S2e201515x533S2e219460x534
svetr,,5780,M551x588S36100482x483S21100520x562S15d1e500x534S27102536x521S2711a455x548S21100478x537S15d16480x562
svíčka,vosk,72,M531x530S11531479x503S27107504x470S11549468x501S21100498x491
svine,,735,M518x545S33100482x483S20500495x496S19a02496x501S22a03475x531S2f700481x521
svírat (UPOL),,2745,M542x524S17620500x500S17600484x500S37705514x509S37707460x509S2c300516x478S2c315459x477S22204503x491S22200486x519
svlékat A (UPOL),,3294,M537x535S1ea02464x512S1ea0a516x512S37707484x509S37704492x507S28b11473x465S28b09489x465S2fb00493x520
svlékat B (UPOL),,3296,M561x518S36d00479x482S20300507x503S20304482x503S28a12443x492S28a0a525x492S37705520x510S37707458x510
svlékat C (UPOL),,3297,M533x542S36d00478x458S36d00481x508S20306470x505S20308511x505S37702464x482S3770a520x481S22a04512x525S22a14471x527
svoboda,svobodný,1218,M547x522S1ce01501x498S1ce09472x499S36d00479x497S2df08526x481S2df10459x478
svobodný A (UPOL),,4886,M544x519S1ce01500x495S1ce09471x496S2df10456x482S2df08523x481
svobodný B (UPOL),,4887,M580x528S1d148476x491S1d110497x494S20700495x472S26a12456x496S26a06532x501S1d410551x497S1d448420x494
Švýcarsko,,627,M514x532S11020486x469S2330a488x502
Švýcarsko (UPOL),,3035,M514x531S11020487x469S2330a488x501
SW,,1826,
symbol 2 (IMoTeSP),,1555,M530x521S15a48471x494S11002484x500S20500480x479S26502515x500
symboly kontaktů,,2192,M617x508S20500383x497S20800435x495S20b00484x494S20e00547x495S21100604x493
symetrie (IMoTeSP),,1556,M574x514S15d40499x486S15d48478x486S22b06521x493S22b12447x493S15d30555x487S15d38426x488
sympatický A (UPOL),,4888,M564x590S36d00479x537S14c02501x553S14c0a471x558S26a00537x554S26a10440x558S2fd00493x584S30144483x477
sympatický B (UPOL),,4889,M535x545S30004482x483S1ed0e490x519S2e200515x513
sympatický C (UPOL),,4890,M559x532S30104482x477S10a00506x506S20610525x500
symport (biol),,2154,M545x588S10e32515x573S10e3a456x573S34700482x483S26b00510x551S26b10462x551
syn,,2218,
syn,,3652,M527x589S1ce52480x533S22b04495x559S36d00479x522S36100482x483S21100514x553
syn,,3680,M527x589S1ce52480x533S22b04495x559S36d00479x522S36100482x483S21100514x553
syn (UPOL),,4892,M521x530S1ce52482x474S36d00479x470S22b04496x500
synchronizovat (IMoTeSP),,1557,M551x569S18010509x451S18018476x451S18010505x554S18018472x554S23600506x430S23614463x470S22a02536x553S22a16450x554
syntaxe (IMoTeSP),,659,M530x612S22a04497x597S14c0a477x388S22b24496x447S22126514x389S22122482x417S15d18479x573S18000484x579S20500469x566S20500469x579S20500469x593S15d18478x507S22122487x417S22126519x389S10012498x521S14c02499x423S20b00500x504
Sýrie (UPOL),,3036,M533x593S33200482x483S11511506x501S23904511x531S15d38494x556S11551506x568
systém,"složitý, složený (biol)",1789,M523x536S18517502x465S1851f482x465S20602496x499S20500496x525S22b04507x498S22b14477x499
systém (IMoTeSP),,198,M520x539S1851f480x477S18517501x477S22b24491x509S20500508x462S20600485x461
sz1,,181,M569x529S15252503x504S1525a464x474S22132491x497S22136503x471S2d606547x480S2d612430x501S2f700547x510S2f700435x489
sz2,,462,M529x524S12b10499x509S12b18472x487S22114503x499S22114473x476
sz3,,701,M540x548S14c50516x516S14c58464x517S32100482x482S22e20492x521
T,,2280,M522x513S1ea10499x492S20700478x488
T,,330,M515x524S10018492x494S10012485x492S20500487x476
tabák,kouřit,1647,M539x532S11500493x502S33b00482x482S26a07518x498
tableta (UPOL),,2368,M561x534S2ff00482x483S1e631521x491S1ee0e489x507S27004521x516
tabulátor (IMoTeSP),,337,M553x519S15d18448x492S15d10468x492S22a06488x498S2f700487x488S22a06513x499S2f700513x487S22a06538x498S2f700537x487S20500462x480
tabule B (UPOL),,3928,M568x532S11502508x475S1150a468x484S32a00482x483S22c24552x482S2a532520x496S2a536445x499S2fb00498x526
tabulka,rozvrh,577,M526x534S14450501x466S14448474x493S2330a500x504
tác (UPOL),,5013,M561x540S34c00482x483S14c36530x516S26600530x489
tady,,279,M531x529S1000c470x472S10004516x471S22a04510x508S22a14477x508S2fb04492x523
tady (UPOL),,3038,M537x527S10004521x473S1000c464x475S22a14471x511S22a04524x512
tahat (UPOL),,5282,M537x535S1ea41487x485S1ea3f464x466S26a05516x498S26a15488x510S2fb05520x523
tajný A (UPOL),,4893,M536x673S35b00482x483S15d10500x507S22b04499x537S15d48488x582S15d10505x574S15d40511x643S15d18491x637S21100523x575S21100478x639S22a04523x594S22a14480x658S2f700502x615
tajný B (UPOL),,4894,M527x598S16c48485x559S20700494x583S17712496x550S36700482x483S15701498x514S22a04498x531
tak,,1984,L549x570S31400482x483S33b10492x508S14c38449x535S14c30525x535S22a05511x544S22a13473x545S2f900515x564S2f900470x565
tak?,,1940,M539x606S31300480x489S36d00479x540S30350493x476S14c30515x572S14c38475x575
také,,5782,M533x527S10050501x484S10058484x490S20500493x473S22a03520x490S22a17468x513
také (UPOL),,4897,M541x524S10050504x494S10058483x494S20500497x477S26502526x509S26516460x510
taky,"také, stejný, stejné",228,M516x524S10050501x494S20600489x475S10058483x494
talíř A (UPOL),,5014,M517x539S15d39483x516S10004497x482S2ef05497x461
talíř B (UPOL),,5015,M527x538S2d612475x493S2d60a503x493S17f33501x462S17f3b479x462S17f31501x517S17f39474x517
tam,,2329,M524x525S10b57477x495S2b707499x475
tam,,561,M546x542S10050528x512S30a00482x482S33e00482x482S26500532x494
tam (UPOL),,3039,M523x521S10b20478x495S22b07499x479
tam (vpředu),"on (vpředu), ona (vpředu), ono (vpředu), to (vpředu)",1337,M531x578S10c50491x545S31300481x482S35000482x482S2f900519x573S26500517x549
tam A (UPOL),,4789,M525x508S1f500476x493S26506510x494
tam B (UPOL),,4790,M523x508S1f508499x492S26512478x494
tam vlevo,,1589,M518x520S10051488x499S26501482x479
tam-dole,,112,M549x550S25505530x531S32105482x482S1001b516x510
tanec (UPOL),tancovat,2543,M534x614S32a10482x483S17752487x531S17736485x574S2eb32487x550S2eb16485x599S2fc06523x574
taška (UPOL),,3298,M566x531S36d00479x470S36d00480x522S20310524x516S37709533x494S22f04541x516
tata,,103,M536x517S2ff00482x482S20500495x483S20500495x504S10a10521x486
tata,,710,M535x517S20500494x505S2ff00482x482S10012505x488S20500495x484
táta,,5340,M532x529S10012502x485S30000482x483S34c10497x501S30004482x483S20500499x470S20500504x518
tato-doba,,1688,M525x523S26c0a510x478S10041497x493S15d48476x477
tautologie (IMoTeSP),,591,M521x589S1f540487x502S22c04485x529S10050496x430S10058478x430S20500490x411S26500507x523S26500507x542S26500507x561S2fb04498x583
taxi B (UPOL),,4899,M520x528S15d48481x487S1dc50496x484S22214499x472S20500497x517
taxi C (UPOL),,4900,M514x516S1ea10486x495S22900487x484S21100501x484
tázací výrazy (UPOL),,4901,M544x557S33c00482x483S1ce02477x510S20500509x513S1ce0a487x535S26607522x489S26617515x516
tě (UPOL),,4250,M515x531S1c520485x503S26500494x480S2f900494x470
technika (UPOL),technik (UPOL),4699,M522x542S15d48478x469S10e22491x476S15d18479x515S10e02492x523S20500495x459S20500497x510
technologie (IMoTeSP),,1560,M526x587S15d48476x421S10e22496x426S15d18476x470S10e02494x479S20500495x412S20500495x466S15d48474x515S10e22491x522S20500493x509S15d18474x560S10e02490x567S20500492x553
tečka,,1627,M509x526S26500493x511S10c20492x474S2f900494x501
téct (např. voda v řece) (UPOL),zurčet,5283,M520x608S32a10482x483S32413488x492S14c51493x544S14c5f494x581S2bb10453x554S2bb00455x521
ted,,454,M531x529S1000c470x472S10004516x471S22a04510x508S22a14477x508S2fb04492x523
teď,"dneska, letos",2245,M543x577S19a00457x534S19a08515x534S34700482x483S22a04524x561S22a14462x562
teď,"letos, dnes, dneska",5861,M544x586S19a30454x545S19a38516x544S22a04524x570S22a14461x571S34700482x483
teď,,560,L518x592S22a04490x577S10004494x544S32403482x483
teď (UPOL),,4902,M531x540S10004514x486S1000c469x487S36d00479x460S22a04518x515S22a14465x515S2f900519x535S2f900468x534
těhotenství (UPOL),,4903,M521x521S36d00479x479S14c03493x495S20500479x505S26500478x487
těhotná,,738,M521x533S14c04491x496S36d00479x489S36d00479x529S26500495x466
tekutina (biol),,2249,
tele (UPOL),,3446,M534x532S36d00479x469S1c502506x471S1c50a466x471S20500507x495S20500482x495S20602508x508S20602482x506
telefon,,223,M536x518S2ff00482x483S19a02516x490
telefon (UPOL),"telefonovat, volat B (telefonovat) (UPOL)",4115,M536x518S2ff00482x483S19a02516x490
televize A (UPOL),,5019,M518x531S10008497x501S10e02488x487S22f04491x469S20500482x502
televize B (UPOL),,5020,M543x513S15420511x488S15428474x488S22f02529x488S22f16457x488
tělo,,1595,M537x530S1e140513x470S1e148463x470S21100493x482S22b04491x500
tělo (UPOL),,2409,M546x534S36d00479x470S1e140522x467S1e148456x470S21100496x489S22b14467x502S22b04521x504S2fb04494x509
telofáze (biol),,2155,M553x568S14c10530x433S14c18447x432S20310517x473S20318471x474S22a03522x456S22a15465x458S15d10531x541S15d18455x540S26500530x524S26510460x522
tema,,207,M534x522S10e20518x491S10e28470x492S21800516x478S21800467x479
tema,,679,M532x522S10e20517x490S10e28469x492S21600519x478S21600473x480
tenisky A (UPOL),,3299,M532x528S1ea40505x473S1ea48476x473S23004507x501S23014469x499S2fd00489x522
tenisky B (UPOL),,3301,M523x538S15a50478x469S1ea41495x462S26904498x486S1e343498x507
tenký A (UPOL),,3303,M540x593S36d00479x528S35b04480x483S1d440511x531S1d448463x530S21100495x544S22b24494x563
tenký B (UPOL),,3304,M521x599S36d00479x534S3780a463x536S37802463x567S1d410470x530S26600478x564S21100492x574S35b04480x483
tenký C (svíčka) (UPOL),,5011,M523x533S1f048478x501S1f056495x504S20500513x498S22b00498x467
tepláková souprava (UPOL),,3305,M543x549S36d00479x452S14c52505x466S14c5a467x467S2aa03507x494S2aa12472x496S2aa12474x526S2aa03513x522S20500531x489S20500467x488S20500533x511S20500468x517
Teplice (UPOL),,5466,M522x535S36d00479x465S15d02486x479S21100496x501S23604483x518
teplo (UPOL),,5465,M548x528S2ff00482x483S15d01499x504S2e500525x501
teploměr (UPOL),,2747,M521x527S36d00479x474S10b02478x483S3780a464x477S37804465x508S37a00479x479S20800468x497S26516461x513
terciální (biol),,2248,
terciální (IMoTeSP),,1561,M527x523S11e02473x500S1f502512x477S21f02490x478S22a03499x490
Terezín (UPOL),,5467,M542x540S36d00479x460S1ce02500x486S1ce0a470x490S20500475x473S20500515x473S27100502x516S27114458x514S2fb04492x534
term 2 (IMoTeSP),,1562,M524x522S11e01499x478S10000487x492S20600475x486
term 3 (IMoTeSP),,1563,M534x528S11e01477x484S10000465x498S20500465x490S28902505x472
termín,,1620,M530x576S15d48448x547S10002467x561S2ff00482x482S10001509x516S2880d500x552
termín (UPOL),,3256,M527x571S15d48455x542S10002474x556S35a00482x483S10001504x513S2880d507x547
terminál (IMoTeSP)T,,1564,M515x513S1f010486x488S2f900499x508
těšit se (UPOL),,5285,M536x615S35800482x483S36d00479x533S14e02504x557S14e0a467x558S26a12471x588S26a06522x588S20f02507x589S20f02488x589
tesit-se,,255,M540x596S36d00479x525S14e02504x539S14e0a466x539S21100508x571S21100481x571S26a06526x567S26a02462x567S2fb04494x590S33e00483x482
test,,2193,M557x524S36d00479x520S36d00479x477S20317517x498S37905517x478S3770b535x488
test 1,,1610,M620x668S35300571x482S14f18480x542S14e38565x534S35300479x481S14e50591x533S14f14480x524S21400598x568S2b705491x568S14f18395x545S14f18481x631S14e20485x596S14e38567x613S14e20595x613S21400602x648S20500498x649S3770b475x646S20500578x646S21400507x621S35300393x483S14f14394x526S2b705586x581S2b705408x571S14e20402x600S20500410x634
test 2,,1611,M545x542S14e3f454x479S14e51471x457S2b706497x484S14e3f496x510S14e10520x495S20500525x531
test3,,1615,M534x534S15e18506x524S14e04467x467S14e38466x500S2b706496x475S14e20509x492
teta,,2216,
text (IMoTeSP),,391,M512x534S22b04492x504S14e20487x465
text v2 (IMoTeSP),,745,M513x530S22a04494x515S14e30487x470S15d28488x484
těžké^,,1958,L522x568S30e00484x475S36d03479x514S20330478x553S20330507x553S22b20493x524
těžký,,1247,M533x579S30f00482x482S20330469x547S20330518x546S22a20494x540S2f800484x568
těžký A (UPOL),,4906,M533x580S30f00482x483S20330469x548S20330518x547S2f800484x569S22a00520x526S22a10471x527S33c00482x483
těžký B (UPOL),,4907,M530x519S20357488x498S20331492x482S21410471x488S21100517x485
Thajsko (UPOL),,3040,M536x549S33200482x483S10002506x503S2d200510x526
ticho,,109,M518x551S33b00482x482S20500495x503S10010486x521
ticho (UPOL),,4908,M537x538S34800482x483S10010487x508S20600515x513
tisíc,,1679,M526x514S15d48475x486S18040495x499
tisíc A (UPOL),,5580,M531x515S15d18469x488S18010483x500S22a02516x500S20500490x485
tisíc B (UPOL),1000 B (UPOL),5581,M515x519S18020485x504S26900493x482
tiskárna A (UPOL),,4909,M523x520S20330478x504S20350478x485S20600498x498S21414497x512S26a20496x480
tkáň (biol),,2156,M541x523S1d510481x477S1d518460x478S2e926481x508S20600507x491S20500531x491
tlačit A (např. auto) (UPOL),"strkat, odsunovat",4080,M547x568S32a00482x487S30c30489x492S30920490x479S14c20507x536S14c28478x537S26500533x545S26500533x527S26500533x510S26510460x544S26510459x510S26510459x527
tlačit B (např. auto) (UPOL),,5299,M547x561S32a00482x487S30c30489x492S30920490x479S20320510x546S26510459x527S26500533x545S26500533x527S26500533x510S26510460x544S26510459x510S20320488x546
tlačítko (IMoTeSP),,1565,M573x538S1ef10500x461S1ef18468x461S22a06535x464S22a12449x465S1f410544x461S1f418427x461S10020499x508S22104470x511S22100484x512
tlak (UPOL),,2503,M521x540S17918493x492S22a20496x471S20300501x502S37702508x516S3770a480x500S2f900497x461
tlak A (UPOL),,2633,M540x528S37909479x474S37804479x511S14c01514x473S15402475x486S26502501x482S20800460x489
tlesk,,1467,M521x575S31500479x482S36d03479x521S15d09479x548S15d21490x552S20500493x532
tloušťka čáry (IMoTeSP),,1566,M553x515S10050447x485S22c06468x496S1f010524x496S22110516x485
tlumočit A (UPOL),"tlumočník, tlumočení",5300,M521x531S36d00479x469S20300477x476S20306475x500S37704492x484S3770b454x509S20500462x478S20500463x499
tlumočit B (UPOL),"tlumočník, tlumočení",5301,M521x531S36d00479x469S20300477x476S20306475x500S37704492x484S3770b454x509S20500462x478S20500493x502S26500447x475S26510503x496
tlumočník A (UPOL),,4910,M521x531S36d00479x469S20300477x476S20306475x500S37704492x484S3770b454x509S20500462x478S20500463x499
tlumočník B (UPOL),,4911,M521x531S36d00479x469S20300477x476S20306475x500S37704492x484S3770b454x509S20500462x478S20500463x499S26500447x475S26510446x497
tlustý,,387,M540x563S32a00480x482S20340511x540S20348475x540S2880a518x521S28812460x522S36d00479x559S2fb04492x528
tlustý A (UPOL),,2748,M572x581S32a00480x483S36d00479x577S14c32511x550S14c3a459x548S22f04547x556S22f14431x557
tlustý B (UPOL),,2749,M518x622S32a00482x487S30300482x477S15532485x544S28806487x563S28806488x594S2880e485x578S2880e489x610
tmavá A (UPOL),"tmavý, tmavé, tma, noc A (UPOL), tmavě",2393,M542x538S30c00482x483S15d01519x492S15d09459x491S22b03486x503S22b15490x503S2f700494x531
tmavá B (UPOL),"tmavý, tmavé, tma, tmavě, noc B (UPOL)",2394,M537x548S30c00482x483S22b03486x505S22b15489x505S2f700495x536S16d10520x492S16d18463x492S20310476x533S20318511x532
tmavý A (UPOL),,2750,M542x579S2ff00482x483S14c01516x512S14c09454x511S22c15480x530S22c03478x527S20301461x557S20305511x558
tmavý B (UPOL),,2751,M544x536S15d01521x466S15d09457x464S22c03487x481S22c15478x479S15d02490x517S15d0a481x517
tmel (UPOL),,4912,M537x531S20302493x515S37807463x522S1f550502x506S20500492x500S2d300479x470S2d200511x470
to,to-vlevo,574,M519x524S10041498x494S26501481x477
to,to-vpravo,1630,M520x521S10047481x500S26507507x480
to,to-vpředu,935,M508x526S10040493x496S26500493x475
to (UPOL),,3632,M516x517S10b51486x484S22a04485x502
to-slovo,,901,M540x523S1ed1e459x497S10012510x495S26502485x490S2f700490x477
točit (UPOL),,3669,M523x515S10030477x485S2e300500x485
tolerance A (UPOL),,4925,M583x582S36d00479x526S14c02507x541S14c0a467x545S32a00482x483S27100543x542S27114424x546S2fd00493x576
tolerance B (UPOL),"respekt, vážný A (UPOL)",4926,M545x518S33c00482x483S18500521x486S18508455x488S2df17455x456S2df0f522x457
Tomas,,344,M547x530S17f30516x470S17f38467x470S23600508x506S23614452x505S2fb04492x524
topení (UPOL),,4416,M515x519S1ea40486x498S26a00488x482
topit (UPOL),topit (v kamnech),5302,M515x519S1ea40486x498S26a00488x482
topit se (pod vodou) (UPOL),potápět se,5304,M516x538S1500a485x473S11500487x472S22b04489x508S22620484x462
topologie (IMoTeSP),,859,M550x559S20350501x440S20350483x440S14c50526x466S14c58449x466S2881d471x463S28805504x463S15d39480x529S1ea00492x538S20500506x531S2fb04494x489S37c1b481x536S37c1b480x535
tornádo (UPOL),,5484,M570x641S2540c497x547S2e906490x536S10000475x551S31900482x483S34600482x483S2d806536x574S10000520x611S2f000518x587S2fb05540x608S33716510x499S33712480x499
toto,to,929,M523x585S10050506x555S26a00496x539S32104482x482
toto,toto 2,1115,M518x598S15d39481x533S10050494x568S26a00490x553S32104482x482
toulavý A (UPOL),,4927,M541x577S10000526x547S2f004521x520S34600482x483S26502502x562S2fb01511x544
toulavý B (UPOL),,4928,M529x553S10000504x475S37800510x505S3780a512x505S37806472x543S20300503x538S2f004502x448
toust,,1771,M558x516S20350477x483S20330513x501S22f04441x483S22f10533x500
toužit A (UPOL),toužit (moc chtít),5305,M540x545S26600524x494S30f00482x488S30004482x488S20500516x518S10a00498x519S30150495x477
toužit B (UPOL),"snít, přát si",5306,M570x522S30908482x479S2e501547x468S22521516x478S14c01527x490S31630490x495
traktor A (UPOL),,4929,M562x521S1ed3e523x494S2e800547x489S1ed36459x492S2e818438x489S36d10479x479
tramvaj A (UPOL),,4932,M541x544S26600525x457S11810525x494S36d10479x512
tramvaj B (UPOL),,4933,M542x542S11800526x495S26600526x458S36d10479x510
transkripce (biol),,2157,M526x519S10e08475x487S12820481x482S2d604497x506
transkripce 2 (biol),,2158,M535x523S12820502x477S12828466x477S2d724496x509
translace (biol),,2159,M531x520S10e08469x485S10e20474x489S10e00516x490S2df04491x496S20500486x480
translace 2 (biol),,2160,M565x527S10e20502x476S10e00550x476S10e08435x474S10e28480x476S2df04525x506S2df14455x506
transport (biol),,2244,
transport (IMoTeSP),,1567,M527x525S11538472x491S11530508x495S22c27494x475
transport (IMoTeSP),,863,M553x536S11538433x506S11530478x505S36d00479x464S22c26511x514
transport (UPOL),,4388,M549x573S11530491x538S11538456x540S26626519x540S26626519x557S33c00482x483
transport 2 (IMoTeSP),,860,M555x530S15d30486x503S15d38435x504S36d00479x470S22c26513x508
transport 3 (IMoTeSP),,861,M560x552S11538433x490S11530487x491S36d00479x448S22c26516x487S22c26518x523S22c26517x505S2f700525x545
transport 4 (IMoTeSP),,862,M559x543S15d30486x490S15d38435x491S36d00479x457S22c26517x479S22c26517x497S22c26517x514S2f700524x536
tranzitivita (IMoTeSP),,1568,M524x536S10058477x506S10051494x509S26800479x463S27308503x483S2730f499x466
tráva (UPOL),,5452,M528x525S14408472x485S14400484x481S26607506x475S21404474x520
tráva A (UPOL),,5451,M548x518S19200502x499S19208478x499S21100494x482S23600509x482S23614453x482
trenýrky B (UPOL),,3307,M549x560S36d00478x440S36d00480x488S1801c519x487S18014455x488S20500469x506S20500526x505S20500529x547S20500472x549S2a612471x521S2a602527x521
třešeň,,5843,M548x529S33010479x483S34710491x505S11811522x484S23004523x511
tresne,,25,M580x545S2ff00443x483S10002459x513S26506476x531S20e00461x533S33010514x482S10e14560x473S22f04555x508
trest,"pokuta, trestat, potrestat",1290,M525x526S1ea47506x474S26903482x491S2fb03475x514S22b03490x502
trest,,296,L512x529S1ea10489x472S2f700493x522S2880d488x498
trest (UPOL),,3487,M518x519S1ea40495x481S22f03483x498
treti,,134,M513x522S11e01487x492S21800495x479
trh,burza,1090,M536x544S14c57504x506S14c5f463x495S27107509x464S27115467x457S2fc00487x533
trh A (UPOL),tržnice A (UPOL),4934,M547x530S14c50505x492S14c58471x499S27107520x471S27115453x475
trh B (UPOL),tržnice B (UPOL),4935,M570x528S35d00482x483S11811529x483S23004528x510S2f700558x511
trhat (pinzeta) (UPOL),,4837,M599x521S35000482x483S1f110519x506S20500521x492S1f410570x506S22a06552x507
trhat A (látku) (UPOL),,5307,M549x600S20350534x585S20300503x541S33400482x483S30c30489x486S36110493x506S20500498x561S26605520x557S26611462x532S20300486x541S26605507x559S26611465x519S20500498x573
trhat B (ovoce) (UPOL),česat (ovoce),3502,M567x595S32100482x483S1543e441x504S15436534x498S20330540x567S20330451x572S22b04533x524S22b04551x524S22b14441x530S22b14459x530S2fd04492x589
trhat C (papír) (UPOL),,5308,M538x609S18502501x558S33c10489x502S20500496x598S30c30489x489S2ff00482x483S20500496x585S26604522x574S26610474x535S1850a484x558S26604506x574S26610458x535
tři roky,"3 roky, tři-roky",924,M523x516S11e01477x486S2e800508x484
tri-hodiny,,575,M529x516S11e01471x484S2e408500x483
tri-mesice,,315,M514x526S11e50486x474S22f04489x512
tri-roky,,480,M523x518S11e01478x483S2e800508x486
třicet,,5797,M519x524S11e00482x476S22e04502x506
tričko (UPOL),,3310,M522x554S36a00482x477S10011480x524S28806500x533S21100467x529
třída (IMoTeSP),,803,M513x522S16050501x495S20600488x478S16058487x495
Trinidad (UPOL),,3045,M543x525S1ea42517x476S1ea4a461x478S23004518x507S23014457x507S2fd00488x507S2f700492x518
trochu,,2295,M526x519S11539481x482S11551474x494S20600504x498
trochu,trošku,1813,AS10047S1004fS27101M544x530S27101517x504S1004f494x488S10047473x488S20e00495x507S36d00479x471
trochu A (UPOL),,4936,M549x590S36e00477x523S1004a482x562S10040493x560S20e00519x558S26f04509x576S30201482x478S31530489x498
trochu B (UPOL),,4937,M555x529S30f00482x483S1f010526x514
troj- (biol),trojčata,2308,M515x543S11e01490x469S21800486x458S22a04499x503S13f07492x513
trolejbus (UPOL),,4938,M542x548S2dd06526x452S10e20525x496S36d10479x516
trošku (UPOL),"trošičku, za chvíli A (UPOL)",2608,M549x590S36e00477x523S1004a482x562S10040493x560S20e00519x558S26f04509x576S30201482x478S31530489x498
trpaslik,,682,M561x518S2ff00482x483S20500498x468S17d12494x454S2880a514x445S18517542x475
trpělivý A (UPOL),,4939,M521x590S36d00479x527S20352471x538S21100470x557S23404461x576S30220481x478S35500481x488
trpělivý B (UPOL),,4940,M521x592S21100461x558S36d00479x536S11511470x549S23404461x578S35600483x488S30220483x478
třpytit se B (UPOL),,3314,M576x513S36d00479x490S1c501521x487S20500508x502S2d200550x487
truchlit (UPOL),smutný,5309,M533x530S34100482x487S1ce00511x470S22c03474x497S3092c489x479S31430488x496
truhlář (UPOL),,4947,M557x526S19a0a478x479S19a02502x498S26b01529x493S26b11444x475S21400479x506
trvalý,trvale,1181,M542x521S15a50508x479S15a50459x480S26726500x505
trvat,,98,M544x514S15d48456x486S15440481x489S2930a503x495
trvat B (UPOL),trvalý,5310,M547x514S15a50502x486S15a50453x487S2921a466x489S2920a516x487
tuberkulóza A (UPOL),,2803,M554x532S36d00479x469S12b40511x488S12b48461x487S22224509x479S22224474x480S20500510x504S20500480x504S20500480x521S20500510x521S22224522x526S22224522x511S22224459x509S22224459x525S20500544x490S20500448x489
tuberkulóza B (UPOL),,2804,M551x519S36d00479x481S12b40509x501S12b48464x500S22224506x492S22224481x491S20602541x495S20602451x495
tubulus (biol),,2298,M551x563S34600482x483S16d20479x543S16d28501x543S26606521x547S26612446x545
tučňák,,5821,M540x528S36f45472x473S36d00472x524S15a57517x493S15a51450x493S2fd04482x511
tudy dozadu,tudy-dozadu,1752,M530x512S1000a470x488S2d619503x491
tudy-dál,,726,L565x546S15d3a505x512S2d619538x525S36d00479x498
tuhnutí (biol),,2243,
tuk (biol),"vosk, svíčka+KLF",2197,M532x530S11541480x503S27107505x470S11549469x501S21100499x491
tunel (UPOL),,4948,M541x552S15a48474x525S15a48482x516S21410498x527S20500460x522S28f0a487x480S2a208501x448S2fb01484x466
Tunisko (UPOL),,3046,M518x518S2ff00482x483S15a20495x464S20500480x475
tupý B (UPOL),,4949,M530x518S2ff00482x483S21100493x493S15d01507x495
Turecko,,44,M518x517S2ff00482x482S20600467x477S1ed10492x474
Turecko (UPOL),,3047,M539x518S2ff00482x483S1ed10488x474S20600517x480
turistika A (UPOL),,3050,M538x526S15d39462x501S11851471x506S20e00494x492S26a07505x477S2f700526x474
turistika B (UPOL),,3049,M558x516S36d00479x488S20340512x501S20600534x502S26a00531x485
turistika C (UPOL),,5469,M535x528S15d39466x503S11851475x508S20e00496x493S26c09505x477S2f700523x472
Turnov (UPOL),,5470,M558x518S30007482x483S10110519x473S2e200538x473S21100511x473S34600482x483
tušit A (UPOL),,5311,M524x591S21100462x570S2a23c475x564S15a12497x567S15a1a482x579S30201482x478S34610494x505
tušit B (UPOL),,5313,M541x540S34600482x483S31630489x491S19a20513x487S20e00514x510S22a04514x525
tužka,,1816,AS10003S21100S26705M525x540S37606482x459S10003495x468S21100496x493S26705475x509
tvar (IMoTeSP),,508,M524x548S15d48476x456S1ed10498x464S15d18475x521S1ed40497x528S20500497x451S20500494x510
tvar křeslo (UPOL),,4611,M543x539S17302523x494S1730a457x495S2ff00482x483S2a602526x515S2a613457x516
tvar ovál (UPOL),,5066,M515x537S10020495x507S28d32486x466S28d36486x482S22a02490x463
tváře (UPOL),,2752,M560x528S2ff00482x483S10011521x498S10019457x497S2e710438x502S2e700545x501
tvoje,,1918,M525x519S15a20474x480S26500495x494S26500511x494S2f700504x512
tvoje,,73,M517x525S15d20484x498S26500490x475S2f900506x484
tvoje_vpravo,,1903,M511x517S15a27488x483S2f900491x512
tvrde-pracovat,,230,M514x525S20310492x474S20318492x510S20c00486x493
tvrdohlavý (UPOL),,4950,M542x590S30f00489x481S10011521x488S20500518x475S22b04517x520S20310516x559S20318500x559S20600503x579S33c00489x481S33900475x500
tvrdý (UPOL),,4479,M519x515S1f840501x500S1f848482x500S20600491x486
tvůj,,8,M517x525S15d20484x498S26500490x475S2f900506x484
tvůj A (UPOL),,4951,M515x531S10a20486x505S26a00488x482S2f900496x469
tvůj B (UPOL),,4952,M514x530S2f900495x470S26a00487x483S15d20488x503
tvůj C (UPOL),váš (UPOL),4953,M510x530S2f900498x470S15d20491x503S26500496x481
tvůj_vpravo,,1962,L548x573S30d00483x475S36d03479x515S15d20503x546S26607526x541
ty,,367,M508x525S10040493x495S26500494x475
ty,,673,M508x525S10040493x495S26500494x475
ty (UPOL),,4954,M508x532S2f900494x469S26500492x480S10050493x502
ty_vpravo,"ta_vpravo, to_vpravo, ten_vpravo",1884,M510x515S10027489x485
ty_vpravo,,1906,M521x537S10047487x504S36d03479x463S2f900493x532
ty-nevíš?,nevíš?,989,L549x533S30d00478x481S36d01480x522S1c500519x463S20500506x470S10031489x407S26601510x435S30352486x473S30356494x468
týden,,1264,M523x565S2ff00482x482S14c48467x497S1dc40499x501S25924486x533S2fb00486x559
týden,,5805,M614x555S2ff00386x492S10000430x490S26904448x520S22104447x500S1000a378x540S10002411x540S20500405x528S26507422x523S33b00446x462S34600521x463S35c00548x463S34800471x465S35d00495x463S34700548x504S35f00466x504S34800494x504S35d00522x503S35d00577x504S34800578x464
týden (UPOL),týden,3259,M542x536S14c40466x505S1dc40505x506S30300482x477S26600526x494S26610454x493
týden2,,1286,M535x567S1dc10511x490S14c18465x490S31400482x482S20500515x480S20500474x480S25924492x529S2fb00488x561
týdny (UPOL),,3324,M539x536S14c40471x501S1dc40500x506S30300482x477S26500525x500S26510456x499S26500525x484S26510456x482
týdny zpět (UPOL),,2607,M577x561S14c18524x490S1dc10550x493S2ff00482x483S2b915557x529S2b905532x530
tygr A (UPOL),,3447,M536x526S36d00479x475S11002473x486S1100a502x511S21100504x487S21100486x512S26506521x486S26512469x512
tygr B (UPOL),,3448,M565x541S2ff00482x483S1ce10508x482S1ce18470x483S26612443x498S26606528x497S27100525x513S27110439x513S2f700495x524S2fb04492x535
týkat se (UPOL),"háklivý, alergie",5314,L527x530S15a5a474x518S1c551497x471S20500474x506S22a03487x497S22b07503x497
tým (UPOL),,3476,M528x520S1ea41500x480S1ea49473x481S2eb52485x504
typ,,1907,M519x518S15d39482x482S1e841490x482S20b00496x505
typ,,904,M516x522S15d09484x494S1ea00493x501S20500493x479
typ (IMoTeSP),,256,M518x516S15d39482x485S1ea00491x495S20500508x486S37c1b483x492S37c1b482x491
typ (UPOL),styl A (UPOL),2753,M523x519S15d39477x496S22a03510x482S20500483x483S1ea01487x497
týrat A (UPOL),,5319,M522x612S20348498x597S10041498x570S20e00484x585S28538500x532S20e00471x585S32a00482x483
týrat B (UPOL),,5320,M523x595S20350486x580S20350493x574S20e00511x578S26f00482x556S32a00482x483
týrat C (UPOL),,5321,M593x605S33100482x483S26606560x578S22e04499x531S10a50532x566S10a20504x504S10a50473x565S26616500x578S2f700549x598S2f700565x598S2f700581x598S2f700485x595S2f700501x595S2f700515x595S32a40509x493
U,,150,M524x515S1e410501x485S1e418477x485
u,,1987,L518x530S26b04486x470S15d02491x506S15d0a483x511S20600489x495
u,,1988,L520x529S20610484x494S15d02492x505S15d0a484x510S27004480x471
u A (UPOL),,4955,M528x620S34600480x483S36e10480x530S37220493x522S18040497x605S18048470x558S26600492x569S2f806516x559
u B (UPOL),,4956,M538x587S34600481x483S32105481x483S26507504x566S18047517x558S18049479x566S36f09474x538
ubližovat (UPOL),,5322,M524x541S20348503x526S10041503x499S20e00489x514S28538491x460S20e00476x514
ubohý A (UPOL),,4957,M534x517S36d00479x484S21100492x500S18540508x502
ubohý C (UPOL),,4958,M522x587S36d00479x528S34600486x488S30200486x478S1de52480x536S20500486x556S23404474x573
ubrousek B (UPOL),,5022,M528x548S2ff00482x483S18531501x494S2e528491x521S18539472x494
úbytek (biol),,2117,L536x530S18010506x472S18018464x471S22a03517x498S22a03518x516S22a15471x499S22a15470x516
učeň (UPOL),ročník,4959,M531x526S37906475x509S37809474x479S18012484x493S26b04489x475S20500470x515S37806499x503
učesat se B (UPOL),česat_se,5402,M562x535S14e10525x484S23404525x521S36b00482x482
učesat se C (UPOL),česat_se,5403,M554x547S36b00482x482S22b04521x517S1ea10524x489S22b04538x517
ucho,,354,M524x530S11520476x487S28a0a487x469S23a03502x492
ucho,,649,M556x520S30006482x482S2ef00538x492S10001520x490
ucho,,762,M524x535S11520476x482S28a0a487x464S23a03502x487S2f700503x528
ucho (UPOL),,2442,M547x528S10011518x498S33010479x483S20600525x488
účinná látka (biol),,2242,
učit,,373,M531x518S18550506x503S18558469x503S26a20489x481
učit (UPOL),,2508,M550x522S18550482x507S18558453x507S26510536x479S26826474x492S26500450x479S26510467x479S26500486x479S26510502x479S26500520x479
učit A (UPOL),,4960,M550x522S18520483x507S18528453x507S26510536x479S26826474x492S26500450x479S26510467x479S26500486x479S26510502x479S26500520x479
učit B (UPOL),,4961,M557x524S18520504x508S18528469x509S26510480x476S26500543x476S26500526x476S26510444x476S26500509x476S26510462x476S26612455x492S26606517x490
učit C (někoho) (UPOL),,5436,M543x591S34600482x483S18520510x539S18528471x540S28906513x559S2891e463x561S28906514x574S2891e463x576
učit se,,12,M548x522S2ff00482x483S18500519x486S26a04521x508
učit se,,70,M547x517S2ff00482x482S18500519x484S26a04520x465S18508458x484S26a14460x467S2fb00493x466
učit se (UPOL),,2520,M547x518S2ff00482x483S18500519x485S26a04520x466S18508458x485S26a14460x468S2fb00493x467
učit se B (UPOL),učit_se,5122,M548x522S2ff00482x483S18500519x486S26a04521x508
událost (IMoTeSP),"náhoda, překvapivý",1569,M516x537S10000501x507S20300492x516S20e00501x500S22b00500x463S2f700483x502
udělat,,383,L533x535S1ea11505x466S1ea19468x482S2eb00508x488S2eb1c477x503
udělat,vytvořit,1233,M525x520S18510500x481S18518474x481S2eb20494x488
údolí (UPOL),,5471,M540x535S15b20521x466S15b28468x466S22b03503x497S22b15474x497S37d03461x482S37d0b532x482S20500496x524
Uganda (UPOL),,3051,M523x514S15d38478x487S1f040489x499S20600501x486
uhasit (UPOL),"skončit , ukončit",5439,M532x541S17b20506x460S17b28474x459S18520507x526S18528468x524S22a04513x495S22a14476x496
Uhersko (UPOL),,5481,M555x521S34600482x483S1ea20508x500S2df05534x497
uhlí (UPOL),,5383,M535x516S15d4a466x487S17c40486x488S22214491x485S20e00506x496S26a06521x489
uhlík (biol),,2241,
újma,,1708,M537x529S14c00514x498S14c08463x498S18500509x471S18508467x471S26520494x489
ukázat,,1133,M520x542S15b18483x497S10001493x512S20500480x477S26627498x458
ukázat A (UPOL),"ukázat_někomu, ukakovat (něco) A (UPOL)",5472,M514x541S15d28486x500S10001493x511S20500500x500S26620493x460
ukázat B (UPOL),"ukázat_mě, ukázat_mi, ukozovat (něco) B (UPOL)",5473,M522x524S15d08479x477S10021492x492S20500500x480S26524488x509
ukázat na ně (UPOL),,4217,M531x516S14c5f469x489S28a0a495x484
ukazatel (IMoTeSP),,549,M536x522S20500478x511S10012484x503S15428464x479S28a02500x480
ukazovat,,2,M542x544S12d40511x480S12d48468x481S23704503x456S23710458x455S26726500x528
ukazovat,,320,M542x528S12d40511x497S12d48468x498S23704503x473S23710458x472
ukazovat,znakovat,719,M534x532S12d40510x501S12d48467x502S23208508x468S23210466x468
ukládat (knihy) (UPOL),,4543,M554x517S15d18446x483S15d10470x483S26500493x483S26500512x483S26500531x483S26706499x501S2fb06548x495
ukladát (UPOL),,4915,M519x529S15d58485x480S15d50482x494S2f900485x472S2f900489x524S21410504x513
uklízet B (UPOL),stírat (např. podlahu),5474,M527x531S20350474x470S20350510x471S2dd0a509x492S2dd12474x492
uklízet C (UPOL),vytírat,5475,M529x540S1ea37505x486S1ea38481x519S27107502x460S27117471x490
uklízet D (UPOL),"mýt_okno, umývat",5476,M548x524S20320506x485S2e500525x477S20320482x486S2e50c452x483S2fc04496x513
úkol (UPOL2),,5726,M565x542S30007482x483S10011517x488S21100510x471S2e20f535x515
ukončit,"uzavřít, uzávěrka",1316,M533x536S1ea40510x500S1ea48467x498S2df00511x463S2df18468x464S2fb00491x530
Ukrajina (UPOL),,3052,M566x552S34600482x483S1ea50543x531S2df05535x488S22b04550x502S1ea10509x494
ukrást A (UPOL),,5477,M552x539S16e48518x496S2df0a533x503S20310522x524S36d00479x461
ukrást B (UPOL),krást,5478,M527x590S21100491x545S11541491x563S11519477x563S2d501469x548S32a10474x478S33900516x503S33c10480x496
ulice (UPOL),,4967,M533x533S15d48468x506S15d40514x506S26610472x468S26600513x467
umělý (UPOL),,3155,M522x526S2a00a479x505S11520507x475
umělý A (UPOL),,4838,M534x609S34600482x483S11520519x504S11528466x520S2a00a508x540S2a012466x554S2fb04493x602S11530519x568S11538466x579
umělý B (UPOL),,4968,M530x547S2a00a497x526S11520515x491S34600482x483
umět,,5136,M551x518S2ff00482x483S15a01514x484S2c307526x474
umět (UPOL),,5479,M543x518S2ff00482x483S15a01507x490S2c307518x476
umírat A (UPOL),,4970,M555x586S32105489x481S33c00489x481S33900476x501S15d30536x560S2a200507x558S2f800498x541
umírat B (UPOL),,4971,M555x589S36d00486x530S33c00488x486S33900473x504S30900488x478S15d01482x540S15d09513x541S37803499x558S3780b487x559S20500531x553S20500477x553S26504541x534S26514464x537
umístit A (UPOL),stěhovat_se,5480,M540x522S18511489x492S2890a511x479S18519461x503S2891a460x487
umístit B (UPOL),přenést,5589,M522x552S2891a448x498S2890a485x498S15440482x517S15448440x518S36d00480x448S36d00479x548
umřít B (UPOL),"zemřít , mrtvý, smrt",5590,M529x528S36d00479x472S14c01465x484S14c09503x483S37703486x506S3770b485x505S20500468x508S20500515x508
umřít C (UPOL),"mrtvý, smrt, zemřít",5591,M555x535S36d00479x466S19a11460x478S19a19516x480S20500529x472S20500464x476S37903481x494S3790b481x496S26504448x472S26514541x473
úmyslný (UPOL),,4972,M571x587S10040512x540S20348506x572S2d301532x541S20e00531x568S35a04479x483S37102473x528
umýt_ruce,,1915,M522x548S15a01493x509S15a27480x510S20e00494x535S22a12477x535S15a07481x452S15a21495x456S20e00491x478S22a06507x477
umýt_si_hlavu (UPOL),,5592,M589x524S30804482x479S36b10482x486S15010525x490S15018449x493S27100549x486S27110408x489
umýt_si_obličej (UPOL),mýt F (si obličej) (UPOL),5680,M544x555S2ff00482x483S15d08474x497S15d00507x497S23614458x529S23604505x528S2fb04496x549
umyvadlo (UPOL),,5023,M546x521S15d38481x495S15d30501x495S28a1f455x480S28a07516x480
umývat A (UPOL),,4964,M572x510S20350514x494S20350473x495S2ec32532x492S2ec4a428x490
umývat B (UPOL),,4965,M572x516S20350514x500S20350473x501S2ec32532x498S2ec4a428x496S2fd00488x485
únava,unavený,5852,M531x629S34600481x483S36d00479x524S14c00502x536S14c08469x536S2a602510x573S2a613469x573S14c01505x601S14c09465x602
únava,unavený,5856,M535x617S34600481x483S36d00479x520S14c00507x525S14c08471x526S2a602514x562S2a613472x561S14c39466x589S14c31509x590
unavený,,1593,M530x605S15d00510x539S15d08462x540S22a24490x559S15d30511x579S15d38463x578S2f900491x581S30a00479x482S36f04473x521
unavený (UPOL),,4973,M530x614S15d01504x536S15d09462x536S36f04473x522S15d30511x588S15d38464x587S2f900491x597S30a00479x483S22e04507x566S22e14466x566S34600479x483
unie,"společnost, společnost2",656,M529x523S1ea49472x483S1ea41501x483S20500495x478S2e85e484x507
uniknout (UPOL),utéct,5681,M521x528S15d50480x501S15d5a479x494S20e00509x492S26607497x472S21414503x517
uniport (biol),,2161,M520x520S10e32486x505S27100480x480
unitř (UPOL),,3144,M527x518S15d0a473x499S10004486x482S22f04502x493S21400507x482
univerzita,,534,M542x517S2ff00482x482S10012509x479S27200502x453
univerzita,Univerzita,5075,M559x518S34600482x483S10001517x486S10009462x485S27604530x486S2761c439x486
unix (IMoTeSP),,864,M595x523S1dc10405x476S1dc18430x476S15d18471x478S11510483x493S19210518x489S10019563x484S10011574x483
unor,,667,M555x580S2eb36512x530S2ff00482x482S22a04517x505S18552486x532S18536490x555S2fb06549x542S2eb12518x560S15212483x491
únor (UPOL),,3260,M536x632S34600482x483S2ea46489x604S2ea02511x583S18536507x607S18552503x567S22b04502x532S15200498x492
upadnou C (UPOL),"spadnout, pád",5682,M566x581S15d38493x553S11532536x566S22e05515x548S33c00482x483S11504503x538S20500501x565
upadnout A (UPOL),"spadnout, pád",5683,M556x603S33c00482x483S11502493x552S11530541x573S2a209527x554
upadnout B (UPOL),"spadnout (např. sklenice), pád",5684,M573x561S33c00482x483S16c26552x508S16c20518x540S2a201524x513
upadnout D (UPOL),"spadnout, pád",5685,M545x594S32a10482x488S30350495x477S12800521x504S12808454x507S12830522x570S26904526x541
uplácet (UPOL),podplácet,5686,M577x519S21100504x505S17059499x481S1ea40512x492S36920497x497S26f00537x499S36920504x497S36920490x497S21410504x468
úplatek (UPOL),,3532,M538x535S1ea42478x493S17058498x475S21100476x517S26502463x493S37900501x495S37906498x500S21410497x466
úplatek A (UPOL),,3544,M538x534S1ea42478x494S17058498x476S21100463x505S37906498x501S21410497x467S2c602493x516
úplatek B (UPOL),podplácet A (UPOL),3545,M546x530S1ea42486x498S17058506x480S21100471x509S37906506x505S21410505x471S26f02455x490S2f700471x496
upozornit,volat_někoho,1883,M521x523S15a57478x476S23014496x505
úřad,"psát, písemně, písemný",1076,M528x527S26a07507x472S15b29472x498S1ea10485x506S20e00498x488
úřad (UPOL),,3546,M528x518S1ea50482x493S15d39473x483S21100497x482S26a06514x491
úřad (UPOL),,4976,M530x518S1ea50481x494S15d39471x484S21100495x483S26a06516x491
uragán (UPOL),,5485,M530x597S2540c497x547S2e906490x536S10000475x551S31900482x483S34600482x483S33712480x499S33716510x499
úraz,,1122,M545x539S36d00479x471S10044511x485S1004c479x484S22e04528x461S22e14452x462S2fc00497x528
úraz (UPOL),,2755,M560x583S34600481x483S36d00479x522S10b03498x533S10b0b463x545S2ad03528x546S2ad03542x545S2ad12447x548S2ad12434x547S20f00534x531S20f00431x532S2fd00486x577
uražený A (UPOL),,4977,M557x577S34600482x483S10a01501x525S10a09471x525S10a00542x551S10a08446x549S27704532x521S2771c450x519
uražený B (UPOL),,4978,M545x583S30100482x477S36d00479x536S1ce31500x560S20e00519x553S22a00532x547S22100530x568
urazit_se A (UPOL),,5688,M553x542S34600482x483S10a08471x516S2b801530x507S10a00511x515S2b800445x507
urazit_se B (UPOL),,5687,M549x543S34600482x483S10a00508x517S2b801526x507
urazit_se C (UPOL),,5689,M542x573S34600482x483S1ce01509x550S14c01516x509S22a00523x537
určitě,potvrdit,1320,M521x569S15d39478x455S14c51494x430S15d39478x546S20351489x547S20b00480x526
určitě A (UPOL),,4979,M533x524S15d39481x497S20351489x503S22b03509x476S20500468x501
určitě B (UPOL),jasně,4980,M532x522S1dc01498x492S1dc09483x492S20500498x479S22a11469x484S22a07519x482
úrok,,1321,M538x546S20600490x478S2fc00492x535S23100512x453S23110470x454S1f502485x496S1f502501x496S3770b462x514S37703515x514
úrok 3,,1261,M513x532S18540487x517S29300489x467
úroveň (IMoTeSP),,753,M540x526S18010500x503S18018468x496S23600501x483S2361c461x474S2fb04494x520
úroveň 2 (IMoTeSP),,463,M546x528S18010513x504S18018457x495S23600507x485S23614454x471S2fb04491x522
Uruguay (UPOL),,3054,M522x516S11520479x484S2e501499x489
USA,,238,M530x534S14c02499x492S14c0a469x488S2e75e488x467S20700490x519
USA,,449,M530x532S14c02499x491S14c0a469x487S2e852484x468S20700488x517
USA C (UPOL),,3055,M564x539S2ff00482x483S1ea21509x485S22b04548x509S22a06540x494
USA D (UPOL),,3056,M527x571S1dc20498x429S1dc28475x429S1dc28473x478S1dc04497x492S1dc04503x541S1dc0b487x547
úsečka (IMoTeSP),,1570,M540x521S10018459x479S10041466x483S10010525x481S22b06482x483S2f900459x514S2f900528x516
úsek (biol),,2170,M525x524S15a48476x478S15a40512x476S22a04512x508S22a14475x509
úseky (UPOL),,3242,M580x545S15a48479x466S15a40508x466S22a04510x498S22a14478x497S15a48540x459S15a48420x456S15a40567x458S15a40446x456S22a14539x493S22a14420x491S22a04567x491S22a04448x490S26826494x529S26836453x536
ušetřit (UPOL),šetřit,5690,M536x582S34500482x483S1d510505x553S1d518484x550S26f00496x526S20f00503x541
ušít A (UPOL),,3315,M570x584S18548481x548S1ce40508x534S2890e529x554S2890e529x569S22f07530x528S1ce30548x510S32a10482x483
ušít B (UPOL),šití B (UPOL),3316,M517x535S1ed50488x490S1ed58484x516S26920484x466S26920501x466
usměvavý (UPOL),veselý A (UPOL),4981,M550x542S33e00482x483S17810504x513S17818472x515S23411450x498S23407521x496S2f700495x535
usmívat_se A (UPOL),"smát_se, veselý",5691,M570x531S33e00482x483S18000509x506S18008460x506S23406556x493S20e00541x506S20e00445x507S23412428x494
usmívat_se B (UPOL),"smát_se, veselo",5692,M518x561S33f00482x483S11800503x520S27102484x521
úspěch,,1742,M551x518S15616509x498S15616456x486S14d10516x440S14d18461x426S22b00519x462S22a04507x474S22b10469x448S22a14454x465S2ff00482x483S2f700539x476S2f700487x458
uspořádaný (IMoTeSP),,426,M549x531S15d40504x470S15d48452x472S29306508x500S29316461x504S2fb04495x525
uspořádaný (UPOL),,2794,M556x520S15d40504x481S15d48444x481S2920a464x491S2921a525x488S2fb00492x514
ústa (UPOL),,2756,M518x554S33e00482x483S10011491x510S28806492x542
ústava,,1323,M535x542S11551505x506S11559469x505S22c05502x457S22c13465x460S20500495x490S2fb00491x536
ústní,ústně,1174,M533x550S34a00482x483S10a20507x504S2e607481x521
utahaný (UPOL),,4982,M531x625S35b04476x483S36f04473x525S15201502x541S15209457x541S22e04509x573S22e14456x573S14c24508x594S14c2c453x594
utáhnout pásek (UPOL),,3206,M540x535S36d00478x465S36d00480x522S1ed04481x516S20301503x496S22a06525x495S37b04519x510
úterý,,413,M546x547S19a12524x487S2ff00482x483S2a500525x514
úterý (UPOL),,3261,M543x560S19a12522x501S34600482x483S2e200523x528
utíkat A (UPOL),"běžet, běhat, běh",5693,M532x543S14c01504x490S14c2f465x481S3710f474x457S23004507x522S23014466x513S2fb03491x531
utíkat B (UPOL),"běžet, běhat, běh",5694,M544x545S37100475x455S20310510x500S20314475x509S2eb08529x497S2eb44450x505S2fc04496x534
utírat (UPOL),,4480,M530x534S20350515x466S20358471x466S2dc02515x485S2dc0a473x485
útok (UPOL),,3483,M538x526S19a10510x506S19a18470x506S26601492x475S26611462x480
utratit,,1649,M536x521S1ea31508x502S1ea39464x502S2d70f504x478S2d717469x478
utřít (ústa) (UPOL),,5096,M528x550S2ff00482x483S18531501x494S18539472x494S26c2a493x523S20500488x511S20500504x510
uváznutí (IMoTeSP),,1571,M540x518S1061a460x500S10002510x483S2d900475x483S10602480x503
uvažovat (UPOL),"úvaha, názor",5695,M558x540S10021528x483S10029436x513S2fc04498x529S31000482x483S2e600505x487S2e61d471x497
uvedeno,,1622,M520x524S15d20480x494S18500496x509S20500503x495S26504500x476
uvedeno,uvedeno2,1624,M521x525S15d00491x475S18520496x488S20500478x488S26500490x510
uvědomit_si (UPOL),nápad,5697,M537x521S32107482x483S10011516x491S20500515x479
úvěr (Morava),,1311,M535x558S1ea0f490x454S37803505x475S2eb07465x441S1ea0f490x530S21200464x519
úvěr (Praha),,1312,M533x567S15d31510x461S22b01480x433S2f710496x485S1ea0f493x539S21200467x529
úvěr2 (Morava),,1314,M536x568S1ea0f491x439S37803506x538S2eb07471x499S1ea0f491x515S21200464x433
úvěr2 (Praha),,1313,M524x561S15d31501x538S22b01476x512S2f710488x553S1ea0f497x455S21200477x440
uvidět,,1604,M530x531S31a00482x482S10001509x501S20500519x494
uvidět A (něco) (UPOL),"vidět, koukat",5698,M534x539S26610464x486S10009471x509S26600518x483S32400482x483S10001508x500
uvidět B (se_s_někým) (UPOL),,5699,M518x518S11521443x482S11509427x485S20500443x465S31410482x483S26616395x488S26602472x492
uvidíme,,1970,L538x525S30a00479x475S36d01479x514S20500517x486S20500528x487S10001505x490
uvnitř (UPOL),,5115,M510x530S10050493x500S2c600491x471
uvolnit (UPOL),"volný, volně, svobodný, osvobodit",5700,M560x539S1ce28441x461S1ce00501x497S1ce08476x497S1ce20538x462S2df0e519x488S2df16459x490S2fb04492x533
už,,1870,L521x524S15d39480x493S15d40490x497S20500510x498S22a04508x477
už,,623,M514x521S15d39485x497S15d41491x498S20b00488x479
už (UPOL),,4984,M520x566S15d39487x535S15d41497x543S34600482x483S20500472x541
uzávěr (IMoTeSP),,1572,M524x546S16047501x471S1604f476x471S22102506x453S22106489x454S16c10497x525S16c18481x522
uzavřený,uzavřený okruh,1208,M550x534S16c48479x468S16c40492x466S16c46529x507S16c4e450x505S2df06513x478S2df1e457x481S2fb04491x528
uzel (IMoTeSP),,371,M561x564S10013531x437S1001b438x436S22b03503x459S22b15470x458S20500493x483S1ce10496x534S1ce18476x534S20700488x516
uzel (UPOL),,3340,M533x552S20302504x451S20300488x461S20331494x506S20330482x521S2e734517x448S2e710472x459S22a07513x496S22a13467x538
území,,1249,M529x570S20312506x468S20350499x463S2a508496x429S14c50505x539S2eb32471x547
užívat B (UPOL),"užívat_si, blahobyt",5701,M564x586S31600481x483S33c10488x501S37554496x470S36d00479x529S1dc10505x537S1dc18471x538S20e00534x553S20e00456x555S2eb08549x542S2eb10438x545S2fb04494x580
uživatel (IMoTeSP),,350,M558x566S36d00479x435S1dc40504x442S1dc48471x442S22f00533x453S22f10443x453S20e00539x469S20e00450x470S1ef40458x516S22b04472x536S2fb04491x478
úzký A (UPOL),,3318,M536x598S32c00481x483S36d00479x527S15d40517x534S15d48467x536S21100492x543S22b04517x568S22b14470x567
úzký B (UPOL),,3330,M521x591S36d00479x527S3780a462x528S37802462x559S16c51463x526S22b04480x555S21100468x551S32c00483x483
úzký C (UPOL),,3331,M536x605S32c00482x483S16c02515x530S16c0a471x530S22b04518x557S22b14474x555S20300520x590S20300475x589
úzký D (UPOL),,4985,M529x597S32c00482x483S22b04508x567S15d40510x535S15d48476x536S22b14481x567
uznat,"uznávat, vážit_si",1920,M546x546S30a00482x482S18500520x488S18508454x495S28108526x510S28110461x517
V,,139,M508x520S10e00493x481S2f900494x515
V (UPOL),,2776,M519x566S10e00504x536S36500482x483
v (ve) (UPOL),,5207,M521x601S34600482x483S1600a487x553S21100496x569S17f03499x537S22f04490x587
v tom,v-tom,1383,M516x541S1600a484x489S18502495x479S20700489x458S17d20493x526S26500500x505
v-budoucnu,,1709,M519x531S10001498x501S2bb00481x468
v-době-do,,922,M515x539S15d4a484x461S10c50498x517S26500493x491
v-době-do,,923,M520x539S15d4a483x461S10c50497x517S27100480x491
v-této-době-do,,926,M521x612S15d4a484x534S10c50498x590S27100481x564S32104482x482
vadit (UPOL),"vada, postižení",5702,M527x525S10059474x477S10051497x476S20e00495x494S23404484x511
váha (UPOL),,5162,M543x524S15d30511x498S15d38471x498S23610458x476S23604504x476
váhavý A (UPOL),,4986,M540x602S35b04482x489S10020518x526S10028470x539S2e602507x563S2fc04494x590S2e61e456x573S30342482x476
váhavý B (UPOL),,4987,M546x548S35b04482x489S30342482x476S10010491x518S20610512x521S2f700519x535
Valašské Meziříčí A (UPOL),,5486,M538x518S30007482x483S18017518x472S20600493x471
Valašské Meziříčí B (UPOL),,5487,M539x518S30007482x483S15d10520x485S20600505x472
válec (UPOL),,3864,M577x554S32106482x483S16c40557x487S16c48527x487S22c24544x512
váleček,válet (např. těsto),224,M543x519S20350522x504S20350464x504S26a00516x482S26a10458x484
Valerie,,720,M516x538S10e20498x478S29b0b484x503S15a06489x463
valná hromada,,1325,M569x557S14c0f440x358S14c07542x353S3770a531x381S37702463x381S15b0f449x366S15b07538x361S1545a476x438S15452517x438S2d600516x345S2d618457x345S2fb00494x399S15d09471x534S15d01508x519S33c00482x483S23100524x475S23114452x478S20500518x506S20500474x510
valuace (IMoTeSP),,77,M569x564S20318482x467S10000491x458S1ed20505x531S1ed28470x531S20e00489x451S2fb04491x558S22b06539x536S22b12431x536S22f07499x437
vana (UPOL),,5024,M522x535S1151c507x496S11514479x496S2c600503x465S2c611479x465S2fb04493x529
vanoce,,104,M539x549S1ce50516x450S1ce58470x450S20500499x485S2881c483x482S28804520x503S28804527x527S28804511x482S2881c473x502S2881c461x522
Vánoce,,445,M542x535S1ce40507x464S1ce48474x464S20500496x470S2941d459x498S29405503x498
Vánoce,,5288,M551x605S2ff00482x483S33e10492x506S31430489x495S1ce20521x519S1ce58455x518S24002511x552S2401a457x553S24102512x576S2411a451x577S20500494x564S20500496x590S20500496x534
Vánoce,,602,M540x534S15d57473x478S15d5f502x478S20500494x466S29405501x497S2941d459x497
vařič A (UPOL),,3057,M534x529S15430516x503S15438472x504S22f00509x481S22f10466x480S2fd00491x471
vařit,,390,M512x524S1ea50489x503S2ee08488x475
varovat B (UPOL),"hrozit, ty ty ty",5703,M583x543S10010519x508S30904482x479S27000543x519S10018471x511S27010424x525
vasokonstrikce (biol),,2162,M557x571S1ce10503x429S1ce48476x430S28706525x443S28712444x444S22104495x542S17b10505x509S17b18479x508S17618491x553S17610496x555
vasokonstrikce 2 (biol),,2163,M533x585S17610484x569S17618479x567S17b10493x523S17b18467x522S22104483x556S37604476x415S20332509x446S1ce50482x420S28706501x434
vata (UPOL),,5140,M552x526S30102482x477S1d410523x492S21100521x512
Vatikán (UPOL),,3059,M508x522S10e00493x492S2f900495x486S2f900494x479
váza A (UPOL),,5029,M535x530S15e11515x470S15e19466x470S22a31483x493S22a37508x494S22a16485x517S29f31508x504S29f39474x504S22a34508x500S22a34486x500S22a02501x517
váza B (UPOL),,5030,M527x533S15e11502x508S15e19478x508S29f31508x481S29f39473x481S22a34508x477S22a34485x477S22a36488x497S22a36504x497S22a11478x468S22a07509x468
vážný B (UPOL),,4988,M532x612S34c00482x483S22b03492x582S22b15484x532S20310517x574S20318468x523S21400452x526S20352473x597S2035a510x553
včela A (UPOL),,3450,M544x527S2ff00482x483S20500498x510S20500508x500S28807510x507S1ce10522x478
včela B (UPOL),,3451,M553x533S37906447x524S20356487x518S10011532x476S10014467x494S20500454x512S29d02475x468
včera,,19,M533x546S2ff00481x482S1f544518x497S20500494x503S36d00479x524S20500493x535
včera,před jedním dnem,2319,M569x532S1f540512x506S30005482x483S20e00525x494S2c405530x508
včera A (UPOL),,3262,M533x547S2ff00481x483S1f544518x498S20500494x504S36d00479x525S20500493x536
včera B (UPOL),,3263,M532x538S2ff00482x483S1f544494x514S20500495x504S2d509513x515
vchod A (UPOL),,5025,M513x544S1474a487x509S15d40494x517S26600491x457S21100492x491
vchod B (UPOL),,5028,M531x613S17f1a483x565S1df04488x583S2c600512x554S33c00482x483S21100517x583S10050491x534
vdova,,1080,M545x669S1f52a492x589S36d00478x576S20500470x587S1f502490x645S26600490x540S33010479x482S1d410516x490S20900506x517
vdova (UPOL),vdovec (UPOL),4989,M527x521S36d00479x480S1f552492x495S20e00514x509S22e00510x488
vdovec,,1326,M539x674S1f52a493x594S36d00479x581S20500471x592S1f502491x650S26600491x545S21100526x493S35600482x482S15a12505x516S26602466x510
vdovský,,1327,M521x565S1f52a493x485S36d00479x472S20500471x483S1f502491x541S26600491x436
ve (UPOL),,4896,M528x521S15d0a473x485S17f03488x479S22a04513x506S21100515x488
věc,"nábytek, zboží, věc 2",890,M546x527S1ce30513x477S1ce38463x474S2f002525x508S2f003453x505
věc,,2113,M539x531S1ce40517x470S1ce48462x470S2e508510x504S2e510465x504
věc (UPOL),"nářadí A (UPOL), součástka A (UPOL)",2789,M536x531S1ce30503x469S1ce38471x471S2e513464x508S2e50b509x506
večer,,2254,M560x518S34700482x483S15d01520x477S15d09459x476S22f03539x458S22f15442x458
večer,,630,M540x528S30000482x483S20500514x477S20500513x517S10010525x475S30004482x482
večer A (UPOL),,3264,M518x518S2ff00482x483S20500495x482S20500494x507S10010481x477S22a04503x493
večer B (UPOL),,3265,M598x542S36500482x483S1ee10572x517S1ee18397x518S1f418471x523S22104561x506S22104519x506S22104541x506S22104433x504S1f410493x527S26702530x521S26716422x522S22104411x505S22104454x503
večer C (UPOL),,3266,M543x559S36500482x489S30350495x477S15d01520x520S15d09459x522S23403506x528S23415468x530
věci,,1228,M562x523S1ce30508x477S1ce38473x477S2fb04493x517S2e60c533x480S2e614438x481
věci (biol),,2131,M539x586S1ce30514x529S1ce38468x529S2f002518x567S2f003467x566S34800482x483
věda (biol),logie,2104,M553x521S2ff00482x483S10011527x491S2e20e519x471
vědět,,1125,M550x581S30103482x477S10021509x494S20500512x479S22e05531x475S10050524x551
vědět A (UPOL),vím,5705,M538x586S30105482x477S10021508x495S20500511x480S22e04514x522S10014505x544S30c30490x494S20500503x575
vědět B (UPOL),víš,5704,M549x567S30105482x477S10021508x495S20500511x480S22e05512x518S10050534x537S31310491x493
vedle A (UPOL),,3060,M531x516S15a48469x484S15d40483x489S2890a502x488
vědro (UPOL),,5488,M558x521S36500482x483S11502499x506S2d201532x498
VEJCE,VAJÍČKO,1772,M566x546S30004482x482S20610532x507S10600489x520
vejce,,655,M518x536S2ff00482x482S10a00475x510S20600491x518
vejce (UPOL),"Finsko, Dejvice",3300,M536x539S30004482x483S10a00497x513S20600514x512
vejít,,1751,M527x521S15d57474x485S10051496x500S2c602504x479
vejít dovnitř,,66,M526x529S15a56474x481S10050484x499S2c700503x472
věk,starý,665,M562x515S20600526x484S18000532x500S36d00479x500
vektor (IMoTeSP),,1573,M527x518S10e08474x488S10002477x485S22a02512x483
veličina (biol),,2240,
Velikonoce,,130,M522x522S1fb47479x501S23603493x479
Velikonoce,,5772,M574x582S2ff00482x483S14c01514x521S14c09460x519S22531501x506S22537469x504S22c05541x549S22c13429x547
Velikonoce (UPOL),velikonoce,2336,M513x536S1ea47494x465S23502488x499
velitel (UPOL),,4991,M521x517S11502472x495S36d00479x483S20500470x506S22214447x497
velký,,1591,M545x513S15d10526x486S15d18456x486S26520493x494S2f900495x486
velký,velké,541,M545x526S14c40507x475S14c48467x476S26606515x510S26612454x509
velký (biol),,2290,M562x516S14c40503x485S14c48475x485S2890a533x499S28912438x497
velký A (UPOL),,2757,M515x536S18020485x521S22e00490x496S22b00491x464
velký B (UPOL),,4992,M546x584S36500482x483S15d40527x534S15d48450x533S23004521x566S23014450x566S2f700489x569
velký C (UPOL),,3043,M560x516S14c40502x484S14c48475x485S26606530x497S26612441x497
velmi (UPOL),,4993,M537x533S30004482x483S18210482x518S21100506x517S26506522x516S31600482x483
velryba (UPOL),,3452,M537x530S15d01514x487S27103500x504S28b02463x471
ven,vyhodit E (UPOL),5749,M527x523S10004473x493S26900495x478S26507514x483
ven (UPOL),,3062,M524x520S10001477x490S2f700509x480S26906506x492
věnec (UPOL),,4994,M546x551S1ed20501x463S1ed28476x462S1ed2c475x532S1ed24502x532S28b14455x485S28b0c526x484S20500496x449S20500495x518
Venezuela (UPOL),,3063,M518x526S10e20482x486S27102503x486S2f700506x474
venkov,vesnice,23,M527x533S36d00479x467S22f04501x519S20e00508x503S15402502x478
venku B (UPOL),,5507,M515x529S10010500x499S10018485x499S20602495x472S22212508x473S22216487x474
věnovat,,369,M542x569S15d37491x534S17121509x553S20e00516x523S26507529x510S34500482x482
věnovat se,,1352,M536x515S15d40517x488S15d48465x488S26520494x485
ventilátor A (UPOL),,5026,M555x543S14410532x487S33500476x483S23204529x523S31500482x483
ventilátor B (UPOL),,5027,M567x518S31500482x483S33500476x483S14412504x458S26d08540x459
veřejnost,,1134,M554x585S31400482x482S18001508x495S20e00520x473S22a03541x473S15d31477x562S15d37511x562S2d608492x538
veřejný,,1206,M526x521S15d31474x498S2d608497x480
věrný A (UPOL),,4996,M518x600S10a39473x553S10a50483x551S20800485x536S22a24485x585S30114482x477
verze (IMoTeSP),,804,M508x548S20300492x508S26500493x487S10e00493x452S37700498x523
veselý,,474,M570x526S33e00482x483S18000509x506S18008460x506S22f06556x500S20e00541x506S20e00445x507S22f12427x501
veselý B (UPOL),,4998,M571x530S14c10523x496S14c18452x494S33e00482x483S2e200551x498S2e218427x497
vesmír (UPOL),,5503,M535x582S2034a491x567S10020496x535S20500483x555S22b07511x511S32107482x483
vesnice (UPOL),,2994,M551x530S36d00479x486S14e52513x470S20f00523x499S26a00524x516
vesnice A (UPOL),,5144,M534x531S36d00479x470S14e02503x472S20e00513x501S22f04506x517
vesnice B (UPOL),,5145,M540x538S30005482x483S20e00520x494S26a00513x478S14e10510x507
vesta (UPOL),,3332,M550x526S36d00479x475S1f510526x483S1f518460x482S2a203527x505S2a21b451x505
věta,,49,M522x520S10018479x490S10011483x488S26606492x480
větší A (UPOL),,5148,M564x514S15d48475x486S15d40506x486S28a12437x497S28a0a528x496
větší B (UPOL),,5149,M558x518S32107482x483S36500482x483S18010528x479S26b00528x457
veverka (UPOL),,3350,M535x533S2ff00482x483S22f14471x519S22f04510x518S20e00520x485S20e00469x485S17910508x499S17918474x499
veverka A (UPOL),,3349,M549x539S36500482x483S11850522x490S20500506x504S23004524x521
veverka B (UPOL),,3453,M535x533S2ff00482x483S22f14471x519S22f04510x518S20e00520x485S20e00469x485S17910508x499S17918474x499S36500482x483
vězení (UPOL),,3547,M526x534S20301474x491S20307505x489S37803490x504S3780b480x504S26520492x475S2f900493x466
vezmeS,,1983,M534x570S18530509x555S18538462x555S26623494x532S30f00482x483S35000482x483
vhodný,"hodit se, přizpůsobit",1674,M526x520S15e19475x495S15e11488x486S26503513x479S20500481x483
vhodný (UPOL),,5150,M537x583S15e11497x548S15e19484x558S22f03516x532S20500492x547S30124482x477
ví,,1840,L536x522S2ff00482x483S10020520x492S26500522x474S20e00507x473
více,,1276,M528x535S11551501x499S11559472x498S22e00505x466S22e14477x482S2fb04491x521S2f900494x530
více (UPOL),,5151,M524x535S11504507x492S11559476x500S22e00507x466S22e04477x482S2fb04493x529
vichřice (UPOL),,5489,M531x580S2ec06491x532S33716510x499S11510503x550S31900482x483S35000482x483S33712480x499S32a00482x483
video A (UPOL),,5031,M515x536S17f02486x465S17f52486x517S25604493x483
videt,,573,M551x576S32104482x482S10e58468x532S10e50515x532S22e00534x543S22e10446x543S22a20493x540S2fb04492x570
videt,,740,M551x574S32104482x482S10e58468x532S10e50515x532S22e00534x543S22e10446x543S22a20493x540S2f700491x567
vidět,"vidí, uvidět",932,M543x536S31400482x482S10000495x506S20600521x495
vidět,,436,M518x536S31400482x482S10000495x506S20500501x497
vidět,,5125,M532x533S31400482x483S26500518x505S10000494x503
vidět,,669,M518x538S32403482x482S10000489x506S26603464x516
vidět,,99,M552x537S32405482x482S10000510x507S26605530x511
vidící (UPOL),,5152,M527x556S30124482x477S31a00482x488S10001506x508S10009473x508S26504510x541S26514476x541
vidíš,,1995,L531x534S34400482x483S20500518x499S26600515x468S10010495x504S32403482x483
vidle (UPOL),,5287,M559x562S1f859442x541S1f837465x527S2a227536x439S26527524x462S1f839470x475S1f857482x449S2a227490x487S26527478x511
vidlička (UPOL),,4920,M522x516S15d18479x489S10e12492x498S20600500x485
Vietnam (UPOL),,3064,M570x524S2ff00482x483S15d11513x476S15d19462x477S18010520x508S18018451x509S22a02551x504S22a16439x502S28805550x483S2881d436x482
víkend,,231,M532x523S2fb00492x476S36d00479x512S15d08469x496S22114506x486S22114468x486S15d00512x496
víkend (UPOL),,3302,M564x543S2fb04494x537S15d00525x497S15d08460x498S22114538x496S22114442x497S2ff00482x483
vila (UPOL),,5032,M537x546S15d00518x519S15d08462x518S36500482x483S22220518x513S22220463x512
vino,,237,M523x527S37b06507x501S37b06476x519S20300493x494S20300493x512S26920492x473S21100510x506
vino,,489,M526x523S1d440497x495S1d448473x495S20500494x493S22f04487x476
vino,,647,M520x518S20300480x503S20300486x486S21100505x501S26920504x481
vínová (UPOL),"vínový, vínové, víno",2395,M527x522S20340476x479S20348473x495S21100493x488S26902509x483S26916492x506
vír (vodní) (UPOL),,5505,M527x631S34600482x483S24e04492x573S15210489x538S18532492x606S32104482x483S22604517x579
vír (vzdušní) (UPOL),,5506,M569x573S34600482x483S24e04534x515S15210531x480S18532534x548S32107482x483S22604559x521
virion (biol),,2237,
virus (biol),,2239,L572x539S20351503x495S20357480x494S37803518x509S3780b455x509S26607521x478S26611459x477S14c50548x461S14c58429x461
viset A (UPOL),pověsit,5714,M569x555S10a20543x495S22b04543x525S2ff00482x483
viset B (UPOL),pověsit,5715,M524x531S22b24486x501S10a39477x473S10a10486x471S20700506x470
viset C (oběsit_se) (UPOL),pověsit_se,5716,M553x529S30103482x471S20301512x508S22b07529x490S36a10490x516
vitamín (biol),,2236,
vitamíny (biol),,2045,M548x588S36500482x483S10e00528x527S2e500525x561
vítat (UPOL),,5717,M540x522S3090c482x479S28400517x460S28418458x474S18500516x492S18508455x506S31110494x494
vítr,fouká_vítr,5815,M522x562S34600483x483S22f16504x537S15d10496x508S22f02471x508S15d18482x521S33802478x497S33806509x499
vítr (UPOL),,5490,M523x580S2ea06498x532S33716510x499S11510503x550S31900482x483S33712480x499
vizualizace (IMoTeSP),,1574,M538x525S20358461x475S20350523x475S14c01510x498S14c09461x498S2d224483x478
vklad,"vklady, peněžní vklady",1274,M565x549S10612539x461S1061a434x462S1f502550x452S1f502434x453S28a03501x460S28a1b464x458S28a1b457x471S28a03508x471S10603504x515S1060b469x516S1f503513x513S1f50b469x514S2fc00494x538
vláda,,1702,M555x531S20357470x504S20351506x504S36d00478x468S26c18443x511S26c08528x504S36d00480x527
vládnout,zvládat,1333,M557x563S20337472x527S20331508x527S2fb04494x557S35000482x482S26c08530x527S26c18445x534
vlajka,,220,M537x539S15d02471x488S10018500x509S37903498x499S20500504x494S27200464x461
vlajka stoupá,,590,M548x536S15d02482x485S10018511x506S37903509x496S20500515x491S27200476x463S26620453x488
vlak,,218,M518x532S15d48481x476S2eb00503x468S11540498x502
vlak,,539,M520x536S15d48479x464S2eb00505x504S11540502x469
vlak (UPOL),,4384,M535x523S15d48465x481S11540488x493S23004510x489S2f700518x477
vlákno (IMoTeSP),,1575,M520x525S1ce10498x494S1ce18480x495S26600494x474
Vlastimil Chlumský,,2195,
vlastní,,645,M521x517S36d00479x483S10011476x487S20600492x490
vlastní,vlastni,1902,M521x521S10b51473x500S20600482x489S36d00479x480
vlastní (biol),,2031,M521x517S36d00479x483S10011476x487S20600492x490
vlastní (UPOL),"soukromý (UPOL), vlastnost (UPOL), svůj (UPOL)",2732,M521x520S36d00479x481S10011472x490S20600489x495
vlastnost,,677,M527x519S36d00479x482S1dc11477x489S20600505x499
vlaštovka (UPOL),,3454,M557x585S36d00480x560S2ff00478x483S1155a527x552S22a05537x571
vlasy (UPOL),,2371,M528x518S36500482x483S1ce11505x462S2f900499x474
vlevo A (UPOL),,5153,M514x525S26a10487x475S14c08490x494
vlevo B (UPOL),,5154,M526x524S1f50a511x500S28811502x476S1f508475x476
vlevo C (UPOL),,5155,M519x519S10041498x489S26501481x481
vlevo D (UPOL),,5156,M534x530S15d40515x503S15d42467x471S2750e498x475
vlk,,1762,M540x532S2ff00482x482S15216509x512S26602474x516S20316451x515
vlk (UPOL),,3455,M528x532S30004482x483S15252460x511S26506495x518S2035e513x516
vlna (UPOL),,5157,M533x550S15410507x450S15440507x525S15448479x458S15418478x517S2c300507x488S2c304468x490
vlna (UPOL),,5504,M540x591S2d101504x517S2d111466x517S14c50505x560S14c58467x560S32a00482x483S33716510x500S33712480x500
vlnité vlasy A (UPOL),,2758,M559x542S33c00482x483S14c11510x483S14c19462x483S2a501534x514S2a519438x512
vlnité vlasy B (UPOL),,2759,M541x543S32a00482x483S15511514x484S15519457x487S29214459x512S2920c526x512
vlny,,1343,M527x613S14c50503x582S14c58467x581S31400482x482S34c00482x482S2c720498x547S2c721473x547
vlny,,1430,M533x602S14c50509x571S14c58474x571S31400482x482S34c00482x482S2d110464x528S2d100496x527
vlny,,1431,M550x609S14c20498x578S14c28452x577S31400450x483S34c00450x483S34610506x500S2c211452x529S2c200489x530S30c00495x482S32a40522x494S33540533x491
vloni,,110,M563x519S36d00436x484S1f500464x494S36d00521x482S20500480x490S1f502548x495S20500542x488
vloni,,121,M528x529S36d00479x471S1f502505x481S20500518x477S2ef02502x510
vloni,,183,M577x521S36d00436x482S1f502466x497S36d00521x480S20500459x492S1f520553x487S20500540x489
vloni,,193,M533x526S36d00479x502S1f500509x511S2df08508x474S20500522x506
vloni,,527,M535x525S36d00479x475S1f500504x510S20500505x503S20500488x490S1f522496x486S2a601518x496
vložky A (UPOL),,5034,M556x522S1ef40503x507S1ef48469x507S1f440525x479S1f448444x479S28807536x496S2881f444x497S20500496x492
vložky B (UPOL),,5033,M515x529S15d50486x471S26904499x502S22a04485x502S2fb04492x523
vnímat_zvuk,slyšet,1934,M554x520S33000476x482S17e16539x495S17e1e446x497S26502526x492S26516460x493S21700540x488S21700454x490
vnitřní (UPOL),,2458,M516x533S1600a485x482S18052501x467S21100496x501S22f04490x519
vnitřní A (UPOL),,2760,M548x578S2ff00480x483S36d00479x574S10004505x536S22f04523x553
vnučka,,2221,
vnuk,,2220,
vnuk A (UPOL),vnučka A (UPOL),5158,M521x538S36d00479x462S1ce52479x485S2b700453x476S20e00471x476S36d00479x534
vnuk B (UPOL),vnučka B (UPOL),5159,M521x538S36d00479x462S1ce52479x485S2c300453x476S20e00471x476S36d00479x534
voda,,289,M518x546S30004482x483S14c12481x518S22132470x514
voda (biol),,2204,M518x556S30004482x483S14c12481x518S26606488x540S22522466x513
voda (UPOL),,3065,M518x544S30004482x483S14c12481x517S22622470x518
voda B (UPOL),,3633,M518x541S30004482x483S18111493x519S20600469x516
vodí mě za nos A (UPOL),,5160,M540x518S34600482x483S19a11505x486S30007482x483S2df0f520x458S20500512x476
vodí mě za nos B (UPOL),,5161,M523x518S1a020493x465S34600482x483S20500513x477S26500494x447
vodík (biol),,2235,
vodítko (UPOL),,3456,M559x542S36a00482x481S30900482x473S1ce10511x501S20500505x531S22b07535x483
vodka (UPOL),,3406,M543x534S36a00482x477S1ce10521x500S22112511x508
vodorovný (UPOL),,4196,M549x514S15a50503x487S15a50488x487S26612451x495S26606519x495
vodorovný A (UPOL),,4529,M527x514S15d50474x487S26606497x495
voják (UPOL),,3824,M521x558S36d00479x540S10a10495x512S20500482x513S20500496x547S2ff00485x483
voják A (UPOL),,5164,M537x518S2ff00482x483S17f11510x491S20500515x479
volat A (někoho) (UPOL),volat_na_někoho,5718,M548x523S36500482x483S15a10510x496S15a18478x496S20600526x505S20600454x507
volba (UPOL),,5165,M512x542S1d051489x514S1ce21488x458S22e00494x490
volné,"volný, volný 2",1388,M557x538S1ce58442x462S1ce41492x493S1ce49477x493S1ce50535x461S26507521x488S26501464x493S2fb04489x532
volno (UPOL),,3457,M565x536S1ce40512x506S1ce48464x506S1ce20543x465S1ce28435x466S2a205535x497S2a21d444x498
vonět (UPOL),"vůně, voňavka",5719,M524x561S16010492x494S33100482x483S22a03486x518S36d00479x533S1ce12467x539S20600502x548
vousy (UPOL),,3444,M541x526S2ff00482x483S1ce10501x488S1ce18479x488S2df11459x502S2df09520x502
vousy A (UPOL),,3445,M577x535S2ff00482x483S2880b557x515S28813514x515S1ce40546x487S1ce48524x486S20500494x502
VPP,,53,M539x510S10059461x489S10051482x489S2df08518x489
vpravo A (UPOL),,5166,M514x525S14c00488x494S26a00487x475
vpravo B (UPOL),,5167,M526x524S1f502475x500S1f500502x476S28809479x476
vpravo C (UPOL),,5168,M520x519S10049481x489S26517507x481
vpravo D (UPOL),,5169,M534x530S15d48467x503S15d4a507x470S27516479x475
vpředu (UPOL),,3067,M510x528S10020494x498S2b700491x473
vrabec B (UPOL),,3460,M546x546S30004482x483S10a10496x520S26a04519x502S20600523x519
vrásky A (UPOL),,2764,M560x518S31500482x483S15002510x490S1500a462x490S22620517x481S22620456x480S26512444x497S26506545x497
vrásky B (UPOL),,2765,M518x518S31500482x483S14e02471x469S22622462x470S26606488x455
vrátit (mě) (UPOL),,5720,M527x528S11557502x494S11559475x473S26923474x509
vrátit (někomu) (UPOL),,5721,M533x524S11503506x499S1150c467x477S26927493x480
vrátit mi,,1162,M523x527S11550508x473S11558478x473S26924493x509
vrátit mi,vrátit mi 2,1367,M527x527S11557502x493S11559475x472S26923474x508
vrátit mu,,1244,M535x519S11503508x494S1150b466x493S26920493x480
vrátit mu,vrátit-mu2,1633,M533x523S11503506x498S1150c467x476S26927493x479
vražda A (UPOL),,3549,M522x522S20310507x478S25503490x495S2f900478x517
vražda B (UPOL),,3550,M528x523S20300503x508S11540500x478S20500518x498S37806473x516S2b700479x485
vrchol (IMoTeSP),,1721,M521x523S10011500x493S10019478x493S20500494x477
vrstva (IMoTeSP),,867,M522x524S17718478x509S1ce10499x494S26a00495x476
vrstva 2 (IMoTeSP),,865,M527x523S18518473x508S16c10501x494S26a00500x477
vrstva 3 (IMoTeSP),,866,M523x519S18018476x504S18010493x499S26a00495x482
vrtat (UPOL),,5468,M518x629S20340492x544S20348486x568S2f900486x601S2f900486x589S2f900486x613S32a00482x483S25624500x589S2f700494x622
vrtulník A (UPOL),,5171,M541x613S1f50a497x589S10e12482x562S27000478x539S22b27517x566S2fb00526x551S32a10479x483S33716512x499
vrtulník B (UPOL),,5172,M540x612S1f50a496x588S14c12480x559S2fb00525x549S32a10478x483S33716512x499S22b27516x564S27000477x537
vsadit_se A (UPOL),,5722,M531x530S1ea17510x502S2a200504x470S15d48469x483
vsadit_se B,podat_ruku,5723,M510x518S15d40491x482S2f900491x513
vse,,227,M529x541S15d29476x459S15d21501x459S15d31500x518S15d39476x518S2890c514x485S28914471x485S2fb00492x497
vse,,695,M546x534S2a20a525x484S2a212453x484S14c51500x465S14c31501x507S14c37476x507S14c59473x467
všechno,,1113,M546x551S14c20507x449S14c28466x448S28914453x480S2890c531x481S15a30499x512S15a30485x512S2fb04491x545
všechno (UPOL),,2771,M535x549S14c21500x451S14c29478x451S28914466x479S2890c520x480S18529476x510S18521501x513S20500496x538
všechno A (UPOL),"celý (UPOL), globus (UPOL2)",5170,M534x543S14c51497x457S14c59476x457S14c31498x516S14c39477x516S28914467x485S2890c519x485
všeobecný kvantifikátor (IMoTeSP),,147,M523x515S10e08492x485S10002493x493S20500476x491
všichni,,1296,M518x524S14c50494x493S2e80a482x476
všichni A (UPOL),,5173,M548x529S36d00479x471S14c03501x503S2f004528x503S20e00507x490
všichni B (UPOL),,5174,M571x528S36d00479x473S14c51520x502S2f004551x504
všichni C (UPOL),,5175,M557x529S36d00479x472S14c51486x503S2ec32517x505
všimnout_si (UPOL),,5724,M567x524S36500482x483S1ea20517x503S2c300541x495S21100525x488
vstát (UPOL),vstávat,5736,M537x521S15d38463x479S11830522x494S11850479x492S2a200497x479S20500472x491
vstup (IMoTeSP),,705,M519x528S1470a481x496S10044504x472S26504498x513
vstup (UPOL),,3461,M523x525S1470a477x495S11540487x495S2b700504x487S21100491x475
vstup (UPOL),,3462,M523x525S1470a477x495S11540487x495S2b700504x487S21100491x475
vteřina A (UPOL),,3308,M529x534S20359497x489S3780b472x504S10051475x487S26507484x473S26506500x467S26505516x476
vteřina B (UPOL),,3309,M527x521S26505514x489S26506498x480S10021473x500S26507482x486
vůbec (UPOL),"nic B (UPOL), nikdy A (UPOL)",4464,M533x541S2ff00482x489S1f510493x526S26500519x503S20e00520x522S30004482x489S30142482x476
vůbec B (UPOL),,5176,M535x536S30142482x476S20600513x520S20303489x515
vůle,,1138,M535x584S36d00479x524S15d1f478x529S22b05511x560S34600480x482S21100499x547
vůně,,576,M524x560S16010492x493S33100482x482S22a03486x517S36d00479x532S1ce12467x538S20600502x547
vy,,260,M514x529S10041487x499S2d608485x471
vy (UPOL),,5178,M522x540S10041501x510S20500495x460S2df06502x470S2df1e478x471S20500495x494S10049478x510
vy (UPOL),,5184,M522x540S10041501x510S20500495x460S2df06502x470S2df1e478x471S20500495x496S10049478x510
výbava (UPOL),,5179,M523x547S14c38484x497S14c50484x472S23604477x454S23610477x530S21410508x495
výborný A (UPOL),,5182,M542x518S34f00482x483S1ce10520x469S22200523x460S26500522x503
výborný B (UPOL),,5180,M520x524S1ce10491x494S26f00480x476
výborný C (UPOL),,5181,M532x515S1f550468x487S22e00497x485S22b04516x485
vybrat,,1268,M522x560S15d18478x445S15d18479x506S14c00499x439S20300500x513S26604502x476S37800506x528
vybrat (UPOL),vybírat,5737,M517x542S1d150484x514S1d520494x459S23000492x491
výbuch (UPOL),,4698,M530x593S32a00482x483S20311475x548S20319509x547S37803492x561S3780b483x560S22b11487x528S22b07493x526S2fb00495x587
výbušný A (UPOL),,5491,M538x572S31000482x482S22b11466x528S33712481x500S33716509x500S32a00482x482S11512496x554S1151a478x557S22b07514x527S20500496x540
východ,,1951,M523x523S15a08485x496S15a1a478x499S2c305496x478
východ A (UPOL),,3068,M522x525S1700a479x508S17000488x494S22a00494x476S21400507x502
východ B (UPOL),,3069,M524x515S17001498x495S28a0f477x486
východ D (UPOL),,5036,M533x591S15d0a486x538S10004497x561S2c600514x536S33c00482x483
východ E (UPOL),,5039,M532x526S15a1a469x509S10014481x474S2d205499x502
východ F (UPOL),,5035,M558x565S1ee20482x543S1f420529x550S22a06513x551S33c00482x483
vychovatel A (UPOL),,5185,M515x541S2035a500x526S10e20495x496S20500486x526S2a500492x459
vychovatel B (UPOL),,5186,M526x523S2035a511x508S10e20506x478S20c00474x503
vyčítat (UPOL),"nadávat (někomu), vynadat B (někomu) (UPOL)",5738,M552x597S34c00482x483S30c30489x489S1e127523x543S26f00512x528S20357507x549S20611499x570
vycpávky A (UPOL),,5191,M538x519S36d00479x503S17e00509x491S22214506x482S22204528x482S20500520x508
výčtový typ (IMoTeSP),,596,M545x552S2fb06539x460S26500474x448S26500501x447S26500527x447S26706486x462S18017518x527S1801f455x526S26520491x521S15420456x452
výdej (biol),,2167,M526x545S20337486x524S20331503x505S26500505x486S26510485x500S14c31500x455S14c39475x470
vydělávat,,1384,M514x529S15d38485x472S17f42485x474S26a04486x515S20e00494x501
vydělávat (UPOL),,5739,M520x530S15d38484x471S17f42484x477S20e00493x500S26f04480x516
vyděšený_pohled,,1928,M518x521S30500482x479S32415491x495S34710494x508
vydírat (UPOL),provokovat,5740,M527x612S20348506x597S10041506x570S20e00492x585S2853f475x548S20e00479x585S35b00482x483
vydržet A (UPOL),překonávat,5741,M521x585S35200482x488S30250497x477S36d00479x539S20352479x550S21100499x555S23404467x571
vydržet B (UPOL),"překonat, zatnout zuby",5742,M539x522S36100482x483S14712491x508S20700521x506
vyhláška,,4852,M557x621S2ff00482x483S18510506x492S18518471x492S18520532x457S18528448x458S2d50f519x468S2d517461x469S15d20478x587S14712498x590S21400504x582S20602466x587S22a04504x606
vyhláška (Morava),,1385,M563x522S33b00482x482S18500508x504S18508467x504S2d610448x492S2d608520x491S18520538x506S18528437x507
vyhnout_se A (UPOL),obejít,5743,M518x604S15d40499x577S35a00482x483S2d70e487x545
vyhnout_se B (UPOL),"navzdory, proti předpisům",5744,M565x588S32a00478x487S20301502x567S20321544x561S2df0f523x559S33806509x507S30251492x475
výhoda,,1658,M519x572S18537500x506S1853f475x522S2ff00482x482S22a24493x547S2f900494x567
vyhodit,,5748,M527x525S20300473x510S2b801496x476S20500495x505S2f700515x491S10040477x477
vyhodit,vyhodit 2,1168,M549x535S37706451x514S20301513x465S14c01472x487S20306480x507S22a03498x484S22a03463x521S37703527x479
vyhodit,vyloučit,1297,M533x565S20343487x435S2034b512x436S25a03492x456S20343480x529S20b00495x510S37703488x530S2f900492x560S15241467x506
vyhodit A (UPOL),,5187,M512x539S20310492x461S14c40488x508S25504493x481
vyhodit B (UPOL),,5197,M518x566S2034a494x551S14c40494x435S20340499x536S20500482x542S22a00500x516S20310499x497S25504500x471
vyhodit C (UPOL),,5198,M525x578S34600482x483S33712480x498S33716510x499S1bb20504x550S21b00508x539
vyhodit D (UPOL),,5747,M527x525S20300473x510S11540476x478S20500495x505S2f700515x491S2b801496x476
vyhovět (UPOL),pomoct (mu),5750,M523x527S15d39478x504S15d31493x502S26627501x473
vyhrát,"výhra, získat",1294,M530x531S15d37483x489S15b29483x489S15241504x468S20e00507x500S2c603469x483S20341471x510
výjimečný C (UPOL),,5199,M531x573S10020514x543S24e00510x510S33c00482x483
výjimka (IMoTeSP),,805,M530x520S18049470x484S16051487x480S28906501x505
vykašlat_se A (UPOL),,5751,M582x522S33200482x483S35830488x506S1ed10505x486S1ed50556x503
vykašlat_se B (UPOL),,5752,M571x529S34600485x483S33812480x498S10a20504x499S10a50545x503
vykopnout,,1999,L520x526S20300505x511S21b00508x475S1bb40499x484S37706481x518
výlet A (UPOL),,3070,M535x541S20300498x480S37806466x486S14c22487x460S20a00515x481S20300499x526S37806468x533S20a00517x526S1782e499x504
výlet B (UPOL),,3071,M557x541S2ff00482x483S1dc02527x493S1dc0a446x492S26b04528x523S26b14442x521
vymazat,,1112,M520x519S15d18480x481S1f710500x485S26504499x504
vymazat,vymazat 2,1373,M517x516S20316496x501S20312502x485S21100484x488
výměna (UPOL),,3540,M541x525S1ea41495x485S1ea49479x503S2ec30524x476S2ec1c459x485S2fb00488x478
výměna A (UPOL),,4918,M527x534S10002497x467S1000a475x476S2eb00512x487S2eb40474x496S2fb04494x528
vyměnit A (něco) (UPOL),,5758,M522x526S10e50479x496S10e30507x495S2a208488x474
vyměnit B (něco) (UPOL),prohodit,5759,M545x519S18550520x503S18558456x504S28b02487x481S28b1a472x482
vyměnit C (něco) (UPOL),"měnit, směnit",5760,M529x532S18514472x498S1851c504x478S2b804484x469S2c711496x503
vyměnit D (se s někým) (UPOL),prohodit_se (s někým),5761,M531x514S10e12470x499S2c301505x487
vyměnit E (se s nělým) (UPOL),"prohodit_se (s někým), vystřídat_se",5762,M533x532S10002503x486S1000a467x514S2b804480x469S2c711492x503
vyměňovat,,1635,M530x524S15d31507x493S15d39476x493S2eb32489x508S2eb16470x477
vymlouvat A (UPOL),vymlouvat_se,5763,M546x542S33b00482x483S10012499x512S2ea08531x505S1001a470x520S2ea48450x517
vymlouvat B (UPOL),vymluvat_se,5764,M538x540S10e30519x460S10e38464x461S2a300515x497S2a318463x497S2fd04489x534
vymýšlet (UPOL),vymyslet,5765,M551x518S2ff00482x483S1eb10516x485S1ee10525x458S21d00501x477
vynadat A (mně) (UPOL),"nadávat (mně), vyčítat (mně)",5766,M564x586S33c00482x488S26f03528x530S1e101518x547S31a30489x496S30350496x477S20301512x558S20610530x575
vypadá,"vypada, vypadat",1885,M538x529S2ff00482x482S14c00490x498S26500523x501S1ce00516x465
vypařování (biol),,2234,
vypínač A (UPOL),,5088,M520x525S1f722494x505S2b301480x475
vypínač B (UPOL),,5087,M520x521S1f741490x499S27100480x479
výplata,výplata 1,1117,M520x569S1f440491x448S21100480x432S22a04491x524S15d30492x543
výplata,výplata 2,1305,M525x548S15d30474x453S21100488x519S1ea3f506x520S25a01491x485
výplata (UPOL),mzda A (UPOL),4248,M522x540S1ea00495x461S21100479x463S15d30503x514S22a04503x489
výplata B (UPOL),,4663,M525x601S15d39482x557S34800482x483S20341504x580S21100487x585S2d502492x569S15d41497x550
vyplňování (IMoTeSP),,1576,M553x580S10050501x550S14c5f447x423S20350506x474S2c600489x518S20350476x474S14c57527x421S26507514x449S26511471x451
výpověď,,1163,M548x545S2ff00482x482S1c510518x496S1c518451x495S2df0c516x522S2df14466x521S2fb04495x539
vyprávět (UPOL),vypravovat,5767,M547x533S16009481x467S16001494x468S18507528x501S1850f454x506S22f13469x489S22f05509x486S21100529x471S21100457x474
výpravka A (UPOL),,5189,M513x543S1ea10489x458S1ea40488x522S22b00497x491S2f900499x483
výpravka B (UPOL),,5190,M512x515S1ea50489x485S2f900500x510
vyprodáno (UPOL),,5200,M549x573S20339496x549S20350492x558S26607527x518S21100513x540S33c00482x483
výraz (IMoTeSP),,1577,M532x522S10018467x492S15310483x479S22232475x478S22232471x478S26606502x483
výraz-M,,1880,L518x518S35600482x483
vyrážka (UPOL),,2802,M537x561S14e08473x503S14e00504x502S2ff00482x483S20500527x509S20500467x508S20602514x537S20602482x537S2f700497x537
vyřídit,vyřídit 2,1372,M538x550S10010498x506S10018482x506S27100498x488S27114461x489S21100491x505S2fb04491x544S26620491x450
vyřizovat,,1687,M561x533S10010499x503S10018483x503S21100491x500S2c500521x508S2c510439x509S2d827485x466
výroba,"vyrobit, děje se",1097,M541x529S14e01497x502S14e09474x499S28910472x472S28908513x474S20600489x477S28908526x475S28910458x473
výroba (UPOL),,5431,M537x525S14e09471x496S14e01496x498S28808513x476S28808525x476S28810463x475S28810475x475S20500500x482S20500489x482
výročí (UPOL),věc,2525,M565x525S1d538474x477S1d530503x476S2fb04494x519S2e60e532x484S2e616436x485
výrok (IMoTeSP),,1578,M542x538S33b00482x483S1ed0e490x512S1ed26523x489S26500523x516
výrok 2 (IMoTeSP),,1579,M540x608S33b00482x482S14412479x504S26a00513x512S22232474x503S22232471x503S26500495x566S1ed26493x582S2f900497x560
vyrovnaný,"úroveň-stejná, vyrovnaný 1",910,M525x533S18210487x498S18218475x495S26500491x518S26514486x467S20500515x491
vyrovnaný,,1172,M536x529S18210478x493S18218465x491S26a14472x470S26a00474x515S20600514x493
vyrovnaný,vyrovnaný 2,1380,M540x536S18210495x479S18218483x481S23a17459x498S23a0f518x498S20500495x465S2fb04493x527
vyrovnat,,1070,M542x540S18210494x509S18218481x490S23600503x463S2fc00487x529S23614458x459
vysávat (UPOL),,4963,M518x581S32103482x483S1ea41489x562S1ea4f458x547S27101482x536S27111436x531
vyšetření,vyšetřit,1105,M524x538S14c19475x485S14c11498x482S20a00490x463S2c320492x515
výskyt (IMoTeSP),,1580,M517x535S14c50486x479S22240483x465S22240483x469S26500491x520S2f900492x513
výskyt (UPOL),,2697,M529x583S20300490x557S3780c459x566S10020500x535S20e00517x553S22a00516x535S33c00482x483
výskyt A (UPOL),,2768,M541x519S10020497x481S22f00516x496S20300490x503S3780d459x510
výsledek (biol),,2135,M542x581S33b00482x483S22f00517x549S10000497x545S20300492x565S37707468x574S20600517x568
vysoký,vysoké,347,M522x517S24d00498x482S10010479x485
vysoký (UPOL),,2769,M543x540S10000522x510S36d00479x490S29808530x460
vysoký A (UPOL),,2770,M521x516S10010479x486S24e00500x485
vysoký B (UPOL),,5201,M552x518S11810531x483S36500482x483S26b00525x461S32107482x483
výstava,,5753,M559x527S11500482x496S11508441x497S2da04519x493S2da34501x496S2da14470x474S2da3c453x476
vystoupit,,1596,M527x518S15d39474x482S11850483x491S2880a505x489
výstup (IMoTeSP),,18,M519x530S1470a480x493S10050504x500S26500500x471
vysvětlit,,1992,M550x576S36d01479x521S20600505x534S1dc11514x546S1dc19495x546S30e00479x482S22f07529x528S22f11478x536
vysvětlit (UPOL),,4404,M543x522S1dc01497x492S1dc09477x492S20600487x478S23011457x478S23007517x479
výtah (UPOL),,5037,M515x530S12820488x506S22b00486x471S22b04499x471
vytvořit (UPOL),,4403,M526x520S18510501x481S18518475x481S2eb20495x488
vyvracení (IMoTeSP),,1581,M550x559S1ed10504x440S1ed18469x440S22a06535x444S22a12450x444S14c07479x498S14c21491x503S2df22488x535
vyžehlit (UPOL),,3333,M527x517S20350512x493S26602473x484S26602473x501S26606475x493
význam,"hodnota, cena",907,M532x521S10e00517x490S10e08467x491S26a20487x480
význam,"hodnota, důležitý, cena, cenný",886,M530x523S11500515x492S11508469x493S26a20488x477
vyzout (UPOL),,3334,M540x536S20310515x487S20318469x488S37702461x465S3770a524x466S2d200514x512S2d210464x513
vzácný (UPOL),,5202,M531x525S11500510x494S11508476x495S26a10470x475S26a00504x475
vzadu (UPOL),,2670,M575x535S30106480x477S36d00479x529S1f510529x520S26a04548x520
vzadu A (UPOL),,2668,M578x532S36d00479x528S30106482x477S10b00531x506S26a04551x517
vzdálenosti A (UPOL),,3072,M560x538S11007485x510S11021505x496S21400518x526S26607525x474S26607538x485S37102473x462
vzdálenosti B (UPOL),,3073,M528x545S15d02488x491S15d0a478x501S26a07501x470S26a13473x524S37102473x455
vzdát,,1257,M533x531S20350515x469S20350471x469S14c50509x500S14c58466x498S22b24492x483
vzduch A (UPOL),,5492,M519x541S2ff00482x483S15d10500x507S22f02482x516
vzdy,,617,M525x519S19a40497x482S29008475x492
vždy (UPOL),vždycky,3313,M533x589S3090c482x479S19a00504x559S2e608504x527S31530489x498S2f700512x582
vzhled (IMoTeSP),,1582,M529x616S31a00482x482S10e00493x501S26500515x509S15d49459x566S10e31471x574S22a04470x601
vzhled A (UPOL),,3335,M550x606S15d00531x519S22e04530x553S22b04530x576S30105482x477S33c00482x489
vzhled B (UPOL),,3336,M537x592S30104482x477S15d32510x532S15d3a465x532S22b04518x562S22b14470x561
vzít_si,,1930,M530x524S18524470x477S1852c505x477S26624493x494
vznik (UPOL),vzniknout,2491,M559x522S20350544x498S20350441x500S20330482x479S20330504x479S2a214460x494S2a20c515x493
vznik A (UPOL),,5493,M551x524S14c50527x493S14c58450x493S20330507x477S20338479x477S2a20c502x496S2a214476x496
vzor (UPOL),,4740,M517x538S15d28485x502S17c00500x505S21404483x533S26500502x486S18500491x463
vzor A (UPOL),,5204,M517x535S15d08488x466S17c20500x474S18520492x520S26504499x500S20500483x468
vzor B (UPOL),,5205,M539x517S15d18461x487S17c10474x495S18510514x502S22a06496x503S20500483x484
vztah A (UPOL),,4558,M559x550S14c20536x519S14c09441x451S1ce20495x489S1ce09475x484S20800495x467S2fb04479x528S26501515x520S26515460x479
vztah B (UPOL),,4559,M560x529S37001474x472S14c02500x488S14c0a470x493S26a01539x488S26a11443x493S2fc00495x518
W,,280,M510x522S10e08490x492S10e00495x492S20500495x478
Wales (UPOL),,3074,M521x516S14420479x485S26900505x497
WC,,226,M514x521S1d020491x491S26500485x479
WC (UPOL),,5038,M512x515S1d020489x485
webové stránky,www,34,L525x586S20600475x540S10e08481x554S10e00486x556S36500482x483S20500499x540S26526510x568
windsurfing (UPOL),,3075,M558x530S20320529x515S20320477x515S26f00518x496S26f10464x496S37104476x471
X,,473,M516x523S10019484x493S10011495x493S20500495x478
x (UPOL),,4898,M518x516S10019483x486S10011494x485S20500508x484
Y,,131,M514x520S22a04493x505S19a00486x480
Y,,486,M512x540S10000487x478S10e08497x461S22a04488x525S21100488x509
Y (biol),,2120,L514x536S19a00486x465S22c04493x494
Z,,269,M518x536S30004482x483S20300493x521S20500475x515
Z,,292,M525x524S37604475x479S3760c492x476S20300506x509S20300480x506
Z (UPOL),,2777,M518x528S36100482x483S20300493x513S20500479x514
z (ze) (UPOL),,5147,M518x597S36100482x483S10a30494x543S26504495x573S2f900497x592
za (UPOL),,3082,M525x526S15d4a476x507S10042495x506S26a02496x474
za 14 dní (UPOL),,3323,M520x532S14401482x502S1f502505x508S14a00481x468S26500481x488
za A (UPOL),,5208,M532x517S15a0a468x505S17f20473x483S2b700495x488S22e04515x492
za B (UPOL),,5209,M531x518S10000486x482S15a0a470x506S2c304504x487
za C (UPOL),,5210,M524x520S15d0a476x484S15d02491x501S2d506504x480
za chvíli B (UPOL),"trochu, trošku, málo, malý",3325,M552x554S30201482x478S1f020523x539
za D (UPOL),,5211,M525x530S15d0a475x487S10026495x515S10002481x470S2d506504x490
za měsíc (UPOL),,3327,M521x532S1f550497x468S22b04504x488S1f540480x508S26600485x482
za rohem A (UPOL),,3080,M519x532S15d40500x505S2d807482x469
žába (UPOL),,3464,M541x560S25500525x503S25510478x503S25510475x440S25500523x441S11e20517x530S11e28475x530S13f20512x481S13f20461x481S22104492x534S22104513x535S22100459x471S22104473x471S22100511x470S22104521x469
zabavit,přivlastnit si,1176,M522x548S14c37484x522S14c51478x452S22b04485x480S2f700502x494S20350485x513S20500512x529
zabít (UPOL),,3551,M508x526S20310493x475S25504494x496S2f900495x521
zabránit,zablokovat,1188,M523x625S20325471x559S20320508x563S3780b447x575S37808514x576S26620491x532S2f920489x614S35600482x482
zabránit (UPOL)?,"ochrana B (UPOL), zablokovat (UPOL)",2694,M539x593S1ed46520x566S1ed4e461x567S26500523x547S26510465x545S2f900522x537S2f900467x534S33c00482x483
začátek,začít,458,M512x536S26504498x521S15d38488x464S15d50492x475S21100498x505
začátek,začít,536,M508x532S15a30491x467S15a50496x469S26504493x517S21100494x501
začátek A (UPOL),začít,3317,M516x540S26504484x507S15d38484x461S21100484x490S17b50498x468S18550491x525
zachod,,515,M528x516S15d02485x489S36d10479x484S21100515x493
záchod A (UPOL),,5046,M522x538S36d00479x463S36d00480x534S18032499x470S22a04495x505
záchrana (UPOL),,2870,M553x524S14c30529x493S14c38447x492S28917471x496S2890f503x495S20330505x477S20330482x476
zachvát (biol),,2233,
záchvat (UPOL),,2780,M546x523S20351505x496S20357473x497S26c0a531x495S26c1a454x496S2f720493x478
záclona A (UPOL),,5047,M544x575S14c00521x487S14c08456x487S29938525x521S2990c523x543S29934462x521S29914463x543S2ff00482x483
záclona B (UPOL),,5048,M554x563S2ff00482x483S14c02520x483S14c0a449x483S28839449x522S22a34544x540S22a04541x548S28831538x523S28935524x509S28937455x510S22a30449x539S22a14446x547
zácpa (UPOL),,2781,M522x612S36d00480x608S35500478x483S14c02489x529S14c0a477x537S22a24494x560S20302491x587S20306495x574
zácpa A (UPOL),,5212,M527x589S35b04482x483S15d5f472x566S15d51504x565S26721456x531S2f900472x531S2f900493x556S2f900483x543
záda (UPOL),,2449,M547x518S37101475x483S10b00504x492S20600525x492
zadarmo,,144,M516x521S15d37488x490S15d51493x498S21100483x480
zadarmo2,zdarma,1302,M524x528S15d39476x497S15d51483x505S21100482x475S26607502x473
žádat (UPOL),,3552,M534x526S14e00507x475S14e08466x476S22f04509x510S22f14469x512
zadek A (UPOL),,2782,M533x521S15d18467x489S15d02485x485S20500481x480S20500486x508S28c0c512x493
zadek B (UPOL),,2783,M533x524S16c26512x477S16c2e467x476S2ad13472x501S2ad03513x501
zadní kapsa (UPOL),,3139,M538x532S15d24513x505S36d00479x469S36d00480x508S21400511x497S22a04525x517
žádost,"žádat, doufat",1285,M529x525S22a24494x510S15400514x478S15408471x475
zadržet (zatknout),,3553,M563x535S1e147535x504S1e140497x477S1e148473x477S1e14f438x510S2d507525x490S2d51f446x492S20500491x465
zahájit,"odstartovat, začít, zahájení, start, začátek",1375,M535x519S1ea50489x496S1ea58466x496S20500485x481S22e00518x501
zahlcení (IMoTeSP),,868,M518x612S32a00481x540S2ff00482x425S20310494x471S20318490x487S16c48483x591S16c40493x587
zahrada (UPOL),,3469,M534x538S10010519x507S10018467x508S26620488x463S27220479x500S2fb06505x479
zahrada A (UPOL),,5049,M512x527S12820489x473S2e500489x500
zahraničí,,1382,M525x516S15d03485x484S15d0a476x493S26a06511x489
zajímat se (UPOL),,2991,M521x564S36d00479x528S19a52473x534S20600455x553S34600483x483
zajimavy,,243,M531x559S36d00479x524S19a40488x539S20600509x532S34600482x482
zajistit,"zaručit, rezerva, rezervace, záruka 2, zástava, záruka, zajistit 2",1126,M529x535S11549488x508S10e42499x511S22b04497x465S20700471x486
zákaz,,1198,M532x518S10010517x488S10018468x488S26b20489x482
zakázaný A (UPOL),,5217,M512x529S10020493x472S2330b488x507
zakázaný B (UPOL),,5218,M529x526S10010514x496S10018472x496S26b20487x475
základ,,1116,M523x534S20300508x465S20300506x519S37700513x479S37706477x527S22a04507x504
základ,základní,1142,M514x552S20300493x448S37800499x462S15d1a487x520S20500496x541S22a04494x499S37709501x470
základní sybmoly tvary ruky,,2116,M561x514S15a00493x487S20300439x495S17600545x494
zákon,předpis,1154,M523x518S15a20488x483S18111499x482S20500476x499S20500477x484S22a04503x503
zákon,zakon,1909,M522x515S15b18478x488S15a51499x485S20500488x487S20500488x503
zákon (UPOL),,3554,M526x514S15a20488x486S15a52499x490S20602474x490S21400507x508
zakrýt_si_ústa,,1914,M518x532S33b00482x482S15a00494x505
žaloba,,1210,M530x593S11558484x437S11551492x437S26a00482x406S20e00488x422S1ea10507x546S1ea18470x546S22e00492x575
žaloba,,1211,M530x593S11539475x439S11551489x438S26a00482x406S20e00488x422S1ea10507x546S1ea18470x546S22e00492x575
žaloba (UPOL),,3555,M533x530S15810497x504S2ff00482x483S26507520x500S22611491x495
žalovat,,1878,L529x532S11551489x502S11539471x505S20e00500x487S26a07508x469
založit,zakládat,1204,M545x615S35600482x482S14c50521x583S14c58459x584S20330513x539S20330477x538S28810483x564S28808503x563S2fb00494x608
založit,založit 1,1048,M550x590S35600482x482S2fb04493x558S20350478x574S20350510x575S20330535x534S20330449x534S2a20c506x522S2a214471x522
založit A (UPOL),,5216,M551x590S35600482x483S20350536x567S20358449x567S20330507x543S20330478x543S2a20c509x562S2a214468x562
založit B (UPOL),,5233,M590x564S14c40513x533S14c48468x533S26712422x543S26706541x542S2f900541x559S2f900560x559S2f900579x559S2f910453x559S2f910434x559S2f910414x559S2fb00494x554S32a00482x483
žaludek (UPOL),,2625,M522x533S10b02494x504S36d00479x468S36d00480x529S20602481x501
žaludek A (UPOL),,2784,M525x534S36d00478x466S36d00481x530S1c501500x496S20602486x498
žaluzie A (UPOL),,5054,M530x537S11502483x464S1150a471x484S2b222474x504S22b24514x497S2fb04503x531
žaluzie B (UPOL),,5055,M534x535S11508466x465S11520494x465S2e024478x499S22b26504x503S2fb04494x529
zámečník (UPOL),,5220,M529x529S11559471x504S11550493x499S20e00501x488S26a07508x472
zámek (UPOL),,5224,M552x517S10a16526x490S22e02504x488S10a12474x490S20700449x483S20348465x502
zámek A (UPOL),,3076,M521x517S36d00479x483S15401471x494S20500462x503
zámek B (UPOL),hrad (UPOL),3077,M521x518S36d00479x482S15401476x495S20500463x504S26500461x486
zaměřit se (na něco),soustředit,1196,M530x543S2fb00493x537S15b28475x496S26601508x456S26617470x456S15b20512x496
zaměstnání,,1073,M537x518S17d48471x503S20700463x482S26602507x502S15d03484x492
zametat (UPOL),,4962,M555x548S19a02490x487S19a0a493x520S21410471x497S27000515x492S27010445x525S26520497x453S2fb00497x473
zamračeno (UPOL),,5494,M584x537S31000482x483S14c57558x506S14c51498x506S14c59473x510S14c5f415x510S22b02525x509S22b16443x513
zamračený (UPOL),,3771,M542x585S31000482x483S15200519x504S15208463x504S22a04524x541S22a14464x540S15400527x560S15408462x560S2f700495x544
zamračený A (UPOL),,5231,M518x585S31000482x483S15200488x505S15400491x560S22a04493x541
zamračený B (UPOL),,5232,M529x532S31000482x483S10010510x502S10018475x502S22204519x493S22204471x493
zánět (biol),,2164,M536x560S18517504x501S1851f476x500S33b00482x483S28a0c519x523S28a14465x524
zánět (UPOL),,2785,M538x545S33200482x483S18500503x501S2480b517x521
západ,,2022,M522x522S15a1a479x510S15a20486x492S2c300496x478
západ A (UPOL),,3078,M527x523S15a06484x511S25503473x492S17021488x480S21410512x478
západ B (UPOL),,3079,M518x517S17021492x484S25503483x498
zapadnout (UPOL),,4799,M519x528S17748482x478S18520494x487S20500503x472S2b700499x505
zapálit (UPOL),sirka,2573,M540x533S1ea48461x512S1ea51484x503S1ea50517x467S26607496x481S20e00475x495
zápalky (UPOL),,5056,M531x530S1ea59470x511S1ea32497x498S20e00486x499S2d300492x470
zapalovač (UPOL),,5057,M522x581S1f502488x557S21900489x548S32a10478x483S33950516x504
zápis,,1072,M523x564S15d0a477x436S15d0a477x535S20320481x446S15d20476x537S37900488x459S20b00510x541S20b00508x442
zaplatit,zaplatit2,1640,M529x523S26501471x478S15d38490x497S20e00484x491S1ea41501x500
záplava (UPOL),,5500,M552x538S14c58466x507S14c50511x507S22b00515x474S22b10470x474S26606522x462S26612449x462
zapnout (UPOL),pustit (např. televizi),4364,M508x529S1f540493x505S26500494x485S2f700495x472
zapnout spacák (UPOL),,3023,M521x526S36d00479x475S1ea44492x505S22e00491x484
zapojit (UPOL),,4353,M551x516S20350501x500S20350483x500S20500493x485S26602521x500S26616449x498
zapomenout,,1808,M565x523S2ff00482x483S18517546x496S23a05509x467S14c02483x478
zapouzdření (IMoTeSP),,806,M526x531S16d18485x511S16f22475x494S21300498x468S2c300500x490
zaražený pohled,,1881,M521x539S31100482x489S30354496x475S36d00479x535S32404482x489
zaražený pohled2,,1898,M521x541S30a00482x488S30304482x477S36d00479x537
zarazit_se,,1835,L535x610S14e50509x555S14e58463x555S26524494x587S2f900496x605S31400482x483S34900482x483
zarazit_se,,1927,M533x589S31a00482x482S34710493x505S14e50507x540S14e58472x540S26524496x574
zari,,123,M526x524S22f24487x510S15420511x476S15428474x476
září A (UPOL),,3321,M552x526S15420474x474S15428448x474S22a04473x508S22a14452x507S22a04539x511S22a14518x511S26826478x494
září B (UPOL),,3320,M529x524S15420510x477S15428476x478S22f14472x510S22f04504x510
září C (UPOL),,3322,M540x526S15420513x474S15428471x475S23604501x506S23610460x509
zařízení - specifikátor (UPOL),,4075,M532x535S1ed10502x516S1ed18472x516S20500495x503S27a16469x472S27a0e504x472S20500495x465
zařízení (IMoTeSP),,808,M546x528S16d10505x494S16d18478x494S27a16454x473S27a0e518x474S2fb04494x522
zařízení 2 (IMoTeSP),,807,M532x536S16d18468x516S22a02491x464S26500507x500S22a02491x521S22a02490x493S26500507x476S1ea42511x511
zařízení A (UPOL),,5082,M535x533S1ce40509x487S1ce48470x503S23100509x467S23118466x482
žárlivý A (UPOL),,5235,M529x536S30004482x483S19a00487x516S21100516x510
žárlivý B (UPOL),,5236,M536x536S30f00482x483S15300494x510S2e500513x509
žárovka (UPOL),,5058,M558x534S15435520x511S34500482x483S2fb00534x455S2e006519x464S22b00542x471
zarovnání (IMoTeSP),,1583,M537x519S15d10518x485S15d18464x486S23626492x480
záruka,,1216,M530x528S15d59486x505S15d51507x473S20600469x503S22f04484x488
záruka (UPOL),,5237,M523x514S15d00477x487S26a00496x487S2f700503x507
zásah,přístup,1267,M521x539S1470a479x480S15a40484x512S26700483x460S21100508x476
zasahovat,,1212,M527x526S18249477x483S18241502x474S26a03473x505S20e00486x499
zašít A (UPOL),šití A (UPOL),3338,M525x532S18548476x483S1ce40503x469S2e50d501x505
zasnoubit (UPOL),snoubenci (UPOL),3282,M568x515S1ea38545x487S1ea30432x488S2a200519x487S2a218457x486
zásoba A (UPOL),,5239,M535x531S15d39466x508S17f51465x482S21410467x470S26726493x510S2f900492x503S2f900508x503S2f900524x503
zásobník (IMoTeSP),,761,M550x543S14c50451x457S14c58450x495S22b24481x487S26520536x495S26520518x495S26520500x495S2fb04487x537
zastavit (UPOL),ukončit,3732,M530x539S17b20508x461S17b28477x461S18520505x524S18528471x524S22a04512x495S22a14476x495
zástavka A (UPOL),,5243,M531x537S36d00479x463S1dc10506x471S1dc18470x471S20500521x502S20500470x502S2b710474x514S2b701506x514
zástavka B (UPOL),,5244,M531x529S36d00479x472S1dc40506x479S1dc48470x479S26504507x514S26514479x514S20500521x510S20500469x510
zastoupit,"místo, zástup, místo2",1205,M520x524S15d31497x501S15d59479x494S26601493x476
zástup (UPOL),,4390,M521x524S15d31498x501S15d59480x494S26601494x476
zástup lidí (UPOL),,3041,M521x577S32a00483x483S36100482x483S14c5f452x536S14c51470x529S26605499x555
zástupy,,1671,M555x533S36d00479x525S14418514x490S14410533x502S26621489x477S26621500x466
zasunutý (UPOL),,4255,M550x538S15d38451x499S15d50460x497S20500462x484S21414457x530S26520464x463S26520500x462S26520536x464S26726496x505
zásuvka (UPOL),,5059,M522x524S11521495x499S26501480x484S2f900479x476
zatáčka A (UPOL),,5246,M513x541S1ed30487x459S28c00492x482S1ed36494x515
zatáčka B (UPOL),,5247,M515x537S1ed46496x511S1ed20485x463S2d60e489x485
zataženo (UPOL),,5501,M553x528S31000482x483S14c51496x499S14c59474x502S22b02523x502S22b16444x503
zatim,zatím,2007,M520x520S18221481x489S18237498x480S20600498x509
zatím,,1378,M522x516S17148493x485S16f10498x492S20600478x505
zatím (UPOL),,5297,M525x517S18520476x484S20600503x494S17709479x497
závada (UPOL),,5248,M523x532S10059478x469S10050503x468S20e00505x502S22f04498x518
zavázat (UPOL),,3306,M556x540S1ce40498x470S1ce48472x460S2e700521x474S2e744458x476S26506526x523S26512461x525S2f900545x527S2f900445x529S1ce48478x510S1ce40501x510
zavázat uzel (UPOL),,3209,M536x556S15d02488x450S15d0a482x454S2e734520x445S2e718464x450S20331494x506S20336490x528S22a07513x496S22a13476x542
závěs (UPOL),,5081,M559x556S1ed27522x444S1ed2f454x444S22b04530x477S22b14456x477S1ea20502x534S1ea28476x534S22b02529x539S22b16442x540
zavinění,,1226,M530x510S1ed20469x491S26606500x494
zaviset,,385,M521x536S10651490x480S10639479x480S2f900492x531S22a04491x512S20800488x465
zaviset,,498,M521x523S10612495x488S22a04506x508S20800488x477S10630479x491
závislý (UPOL),,5296,M522x531S10a20496x486S10a3a478x482S20800498x470S22a24494x516
závistivý A (UPOL),,5249,M521x535S36d00479x466S19a11461x487S20500481x473S2e201486x505
závistivý B (UPOL),,5250,M521x534S36d00479x466S1ce11475x473S20e00484x504S22f04478x520
zavolám,,1965,M518x584S30e00482x483S11520454x492S11500471x554S26605443x540S2df00436x518S2f700427x539
zavolat,přivolat,1390,M520x526S10011499x496S2df01480x485S2f700485x474
zavolat (UPOL),spojit se (např. telefonem),4117,M555x518S14c20531x484S1bb20534x436S26500535x467S2ff00482x483
zavolat si někoho,,1832,M607x527S11520592x440S2f700584x490S26603548x486S2ff00482x483S2df00573x467S11500526x497
závora (UPOL),,5251,M532x551S1000a469x464S10000517x449S10002502x500S1000a469x500S1000a469x536S10000517x521
závorka (IMoTeSP),,565,M537x538S10050520x462S2a20a516x494S2a212463x494S10058465x462S2fb04495x532
zavřený (UPOL),,5252,M582x511S15d2e419x492S15d26555x492S15d0a473x492S15d02501x492S2df00531x490S2df18449x490
zavřít (UPOL),,5103,M553x514S15a28487x487S15a20501x487S2df0c517x493S2df14462x493S15a10541x487S15a18447x487
záznam,"zaznamenávat, záznam 2",1315,M552x608S15b08480x391S15b08479x436S37703504x464S37703499x410S15a21486x447S37703503x532S20321484x397S37703507x586S15b08480x510S15b08481x558S20321487x517S15a21489x569S20b00447x396S20b00449x438S20b00457x515S20b00457x560S22b04534x417S22b04536x551
záznam,záznam 1,1227,M526x524S15d38487x480S18520499x485S20500474x476S20500474x488S20500474x500S26504512x509
záznam (IMoTeSP),,1584,M532x539S15d39468x516S16050486x461S18550477x524S22114506x483S26a04477x493
zaznamenané položky,zaznamenané-položky,1639,M525x522S15d08487x479S18520498x486S22a04512x507S20500474x479S20500474x488S20500474x498
zbožňuji tě (UPOL),,5253,M526x576S32a00482x483S35b04482x483S14e00501x513S20e00494x546S14e08473x513S26520493x561
zbytecny,,54,M516x529S20310501x493S20308483x514S20500487x501S26c06483x471
zbytečný B (UPOL),,5254,M562x614S33c00482x483S15d01501x551S15d09477x551S15d4f440x591S22b05521x570S15d47539x590S22b13457x571
zdarma,,1712,M526x520S15d39475x489S15d51481x497S21100500x492S26507513x480
zdarma A (UPOL),,5255,M526x520S15d39475x489S15d51481x497S20e00501x495S26507513x481
zdarma B (UPOL),,5256,M515x524S15d39485x492S15d51492x501S21100486x477
zdobit (UPOL),,3578,M538x532S18517519x468S1851f463x480S20500510x476S20500480x484S20500518x496S20500477x506S20500519x517S20500477x521S2f700498x501S2fd00492x512
zdravi,,171,M537x543S1c501507x504S1c509465x504S20500504x532S20500486x532S20e00494x484S2ad01509x476S2fb00492x469S2ad01524x477S2ad10477x476S2ad10461x476S36d00479x457
zdravi,,252,M539x537S1c501507x498S1c509465x498S20500504x526S20500486x526S20e00494x478S28808511x471S28810476x471S28810460x471S28808527x471S2fb00492x463
zdraví,jak se máš,607,M542x517S1c509458x483S20e00495x505S1c501517x483S22f20488x489S36d00479x483
zdraví (UPOL),,2773,M539x520S36d00479x481S1c501514x487S1c509457x486S22f20486x490S20f00486x508
zdravit A (UPOL),,5257,M528x518S15d00472x491S2f900496x483S26f00488x493S2f700495x509
zdravit B (UPOL),,5258,M523x536S1ce20501x465S2a00a477x495S1ce40501x506
zdroj,,1232,M527x526S26605505x504S10a31485x474S10028472x474
zdroj (IMoTeSP),,870,M549x571S20350499x428S20358482x428S14c50525x450S14c58450x448S28805503x445S2881d471x445S2f700490x464S2fb04488x477S22f03475x531S10b12492x518S14c58450x540
zdroj 2 (IMoTeSP),,869,M549x610S20350499x391S20358482x391S14c50525x413S14c58450x411S28805503x408S2881d471x408S2f700490x427S2fb04488x440S10000523x482S21600526x476S10b12487x554S22f03470x564S14c58450x579S26504524x517
zdrojový kód (IMoTeSP),,809,M525x600S15d08485x403S18010495x410S20500475x420S20500475x400S20500475x410S14e00490x463S15d08484x479S20e00504x495S22a04500x510S10001498x570S15d08484x558S20500507x563S21410489x548
žebra (UPOL),,2790,M533x529S36d00479x471S21100492x515S14e02501x485S14e0a468x484S28806511x513S2881e467x515
žebřík (UPOL),,4743,M543x559S15220505x519S15228471x528S21600507x507S21600476x513S20320505x489S20320477x495S21600507x458S21600479x458S21b00507x470S21b00478x470S22d00527x463S22d10458x467S2fd00485x442
zeď (UPOL),,3427,M547x514S15a20488x487S15a20501x487S26612453x494S26606517x494
zeď B (UPOL),,5006,M544x530S36d00479x519S15d10525x503S26600523x470
zedník (UPOL),,5266,M516x537S1ea13490x509S26900484x487S22b00500x475S2fb00492x464
žehlička (UPOL),,5259,M524x520S19a50496x487S27102477x480
zelená,,2314,M546x533S36100482x483S19a50518x513S26a00518x502
zelená,,2326,
zelená A (UPOL),"zelený, zelené",2390,M536x547S11512506x521S26f02474x507S20e00493x516S30004482x483
zelená B (UPOL),"zelený, zelené",2391,M520x518S19a50488x498S26f00480x482
zelená C (UPOL),"zelený, zelené",2392,M523x520S19a00495x488S26f02477x480
zelený,,878,M536x569S19a50504x549S26f00496x533S36100482x483
zelený,zelená,303,M522x544S11512492x524S26a02459x517S20e00477x522S2ff00482x483
želva A (UPOL),,3465,M532x516S15d58496x489S15d50482x485S2f400522x493S2f402469x487
želva C (UPOL),,3466,M527x521S16c5a473x482S1f540475x497S2c600499x479S21100514x482
zem (UPOL),,5117,M524x534S17f39498x510S1f811492x489S20500498x523S21410477x503S26d08489x467
země,,1757,M529x524S20500472x504S3780b478x494S20500482x494S10e02489x491S26503492x509S20353508x476
země (UPOL),,5497,M521x526S1f810484x497S26d08479x474S20500495x515S1f839500x497
zemědělec (UPOL),zemědělství B (UPOL),5265,M573x537S36d00479x502S14c02508x514S2d606539x492S1ea00520x464S2ea32548x468
zemětřesení (UPOL),,5496,M558x572S32a00481x483S33716509x499S14c50516x532S14c58460x532S2710a543x529S27116442x528S2fb04492x566
zemřít,umřít,418,M523x515S15d30504x489S2a200477x485
zemřít (UPOL),,5260,M523x514S15d30504x488S2a200477x486
žena,"zena, dívka, divka",2008,M540x528S33000476x483S20800512x518S1d540519x488
žena (UPOL),,2445,M541x521S33010479x483S1ce10519x484S20800513x511
zeptat se,"ptát se, ptaní",5842,M530x552S1ce42500x530S26502475x531S34700482x483
Žid,,84,M518x545S30004482x482S22522464x513S14c02481x517
židle,,5768,M555x562S34500482x483S15a12458x529S15a1a512x540S37906483x533S37906474x546S20500513x518S20500471x551S2fb00527x519S22a24542x531
žiletka (UPOL),,5060,M538x567S2ff00482x483S10a00517x505S21100518x535S22f04513x553
zima,,547,M525x600S30c00482x482S35000482x482S20310510x536S20318477x536S27102510x555S27116477x555S2fb04494x594
zima,,736,M531x532S20310515x468S20318472x469S23602514x487S23616470x489S2fb04494x526
zima (UPOL),,3328,M526x600S33310496x491S36100482x483S20310507x536S20318474x536S26f02512x554S2fb04491x594S26f16471x554
zima A (UPOL),,4615,M541x522S20348478x478S37701515x493S26a02527x478S26a16460x478S20340508x478S37709479x493S2fb04493x516
Zimbabwe (UPOL),,3083,M531x522S18510470x479S18518504x479S20600509x495S37803492x492S3780b476x492
zip (UPOL),,3339,M521x537S36d00479x464S1ea44479x516S22b04488x483S22b00502x480S22b00475x479
zip B (UPOL),,5263,M521x535S36d00479x465S1ea44483x514S22b00492x480
žirafa,,1781,M518x543S2ff00482x483S16d02489x526S26800492x469
žirafa (UPOL),,3467,M518x540S2ff00482x483S16c02489x520S22c00492x469
žírný (biol),,2165,M536x593S34500482x483S15350520x567S15358466x567S26500522x544S26510469x544S22232513x567S22232510x567S22236483x566S22236487x566
zit,,297,M576x520S1dc51509x481S1dc59460x481S2ad01547x482S2ad10424x484S2ad10439x484S2ad01563x483S20500477x508S20500512x509S2fb04491x511S20e00492x489
žít,"používat, používá",918,M538x527S36d00479x506S1dc51508x504S22f00503x472S20e00508x490
žít,"živý, živnost, život",1081,M549x524S36d00479x479S1dc40506x494S1dc48469x494S20e00527x495S22f00524x476S22f10449x477S20e00460x497
zítra,,2226,M536x524S20e00522x494S1f510520x509S26500521x475S30005482x483S1f540521x447
zítra,,287,M531x524S20e00518x485S1f540516x500S26500516x464S30005482x483
zítra (UPOL),,3329,M567x526S2ff00482x483S1f540513x502S2c300541x490S20e00525x495
Živnost,,1049,M528x542S36d00479x505S1dc48473x512S1dc40504x512S21100488x460S21100507x458
život (UPOL),,4811,M555x520S36d00479x481S1dc40506x490S1dc48468x490S20e00534x506S20e00451x504S22f00530x487S22f10444x485
živý (UPOL),temperamentní B (UPOL),4904,M567x564S22f10436x535S22f00542x531S36d00479x527S31400481x483S1dc52510x534S1dc5a463x534S20e00541x552S20e00451x552
zjistit (biol),najít,2081,M528x546S15d59473x523S1d151496x514S22b00497x482S1d451501x455S2f700516x503
zklamaný (UPOL),,5264,M518x549S30908482x479S10e00492x496S22e04491x531
zkoumat (biol),,2080,M540x533S11851509x468S11859461x469S22e05514x486S22e05516x508S22b24494x492S22e13473x483S22e13471x505S2fb04494x527
zkouška,"zkoušet, zkušební",1293,M529x582S2890c512x541S28914475x541S2fb00491x576S10001508x508S10009471x509S30d00482x482
zkusit,"zkouška, pokus, zkusit 1",1237,M542x545S33b00482x482S10001509x508S10009470x508S2d606520x492S2d61e458x493S2fb04494x539
zlato,"zlatá (UPOL), zlatý, zlaté",1892,M561x564S19a20501x537S19a28469x537S34c00482x483S2e61a437x534S2e602528x535
zlato (UPOL),,5267,M537x526S19a20509x474S19a28463x474S2e500501x499S2e518476x499
zlepšovatel A (UPOL),,5294,M532x539S1ce20510x509S1ce28469x509S21b00515x496S22b20493x473S21b00515x483S21b00515x471S21b00478x496S21b00478x484S21b00478x472S2fb00493x461
zlepšovatel B (UPOL),,5293,M543x529S11549457x499S11541473x502S20e00489x496S22b27518x493S27007487x472S2fb07531x477
zlobit se,,1349,M523x605S20314481x590S20310508x586S25120493x544S30e00482x482S35000482x482
zlobit se,,1434,M531x573S20314470x558S20310512x556S2e208511x520S30e00482x482S35000482x482S2e210466x523S22a00514x513S22a10470x515
zlobivý (UPOL),Zlín B (UPOL),5281,M532x559S30c00482x483S20310515x544S20318470x544S25100514x507S25110468x507S33c00482x483
zlomenina A (UPOL),,2795,M540x572S20350501x546S20350484x546S2a211460x549S2a209520x548S33b00483x483S33500476x483
žloutenka A (UPOL),,2796,M559x518S2ff00482x483S19a10521x487S28707537x468
žloutenka B (UPOL),,3561,M570x560S2ff00481x443S31400484x522S19a10521x445S19a10518x525S20500504x537S28806522x548S2e200550x441
žlutá (UPOL),"žlutý, žluté",2396,M543x536S19a10515x516S2ff00482x483S25100521x486
žlutý,žlutá,1845,M545x518S19a10517x488S36100482x483S28700523x459
žlutý,žlutá,76,M550x548S19a10522x489S2ff00482x483S2e200525x516
zlý,,1758,M544x517S34100482x482S20310524x498S20318461x498S24d00520x454S24d00457x455S30c00482x482
zlý,,210,M544x517S34100482x482S20310524x498S20318461x498S24d00520x454S24d00457x455S30c00482x482
zlý A (UPOL),Zlín A (UPOL),5279,M521x527S15d48480x484S20310505x490S20e00497x474S22e04504x509
zlý B (UPOL),,5280,M518x534S30c00482x483S10010488x504S21900484x503
zmačkaný (UPOL),,5317,M551x590S14c59449x507S14c31525x563S14c51523x411S14c39450x470S1f839486x441S1f851493x440S1f831493x536S1f859485x535S22a03512x429S22a17476x460S22a01512x553S22a15474x524S20500494x427S20500495x522
zmatek,"zmatený,-á,-é, zmateny",1886,M546x589S35a04482x482S14c08487x540S14c03519x516S2eb12499x574S2eb36512x545
změna (IMoTeSP),reorganizace (IMoTeSP),1143,M521x531S2df20482x469S1ea07485x497S21100508x488S1ea21479x510
zmenšit (biol),,2059,M562x534S15448483x509S15440503x509S15449438x468S15420547x467S22b03517x486S22b15454x489
zmenšit (biol),,2169,M554x565S15404447x436S15420539x540S15410508x483S15414488x483S28408517x509S28414467x455
změny (UPOL),,2716,M526x536S1ea07482x501S1ea21474x515S2e200480x464S26526511x514S2fb00509x506
zmizet,bam,1344,M589x576S33b00512x483S1e420502x545S1f420560x559S1f428403x559S26612433x560S26606528x560S35000452x483S34c00482x482S1e428474x545
zmizet (biol),rozpustit,2034,L552x528S15730496x486S15738487x487S20500494x473S22a05520x494S22a13469x495S18530527x512S18538449x513
značka (UPOL),,3810,M523x518S15d18477x482S11012496x489S20500501x507
značka A (UPOL),,5268,M533x519S15d18467x492S11012486x499S23102516x492S20500486x481
značka B (UPOL),,5269,M532x519S15d08473x482S11050483x491S20500468x482S26c0c505x504
značky (UPOL),,3048,M523x518S15d18477x482S11012496x489S20600498x507
znak,,5379,M550x514S15a48451x487S11042523x496S26602490x496S20500472x497
znak,symbol (IMoTeSP),700,M520x521S15a48480x494S11002493x500S20500489x479
znakopis,,209,M529x539S14c40472x463S14c48504x462S14c30505x508S14c58471x508S22a24494x495
znakovat,,140,M527x540S14c40503x459S14c48473x468S2eb00509x499S2fb04494x534S2eb44474x508
znakovat,,1888,M526x541S11e40503x458S11e48473x470S2eb44479x509S2eb00506x498
znakovat,,215,M531x539S12d40508x461S12d48469x469S2eb00509x498S2fb04494x533S2eb44474x507
znakovat,,324,M542x528S12d40511x497S12d48468x498S23704503x473S23710458x472
znakovat,,4853,M576x574S12d40508x543S12d48465x544S23704537x553S23710421x549S33e00482x483
znakovat,,4854,M577x568S12d40509x537S12d48466x538S23704538x547S23710422x543S2ff00482x483S35000482x483S33500476x483
znakovat^,,1956,L545x581S30e00482x483S11e40509x551S11e48470x551S23700506x530S23718453x530
znamená,,1737,L534x597S2ff00482x483S15d39467x569S1ea40476x576S20500493x567S10001513x495S22b03498x535
znaménko IMoTeSP,,755,M524x556S10018487x459S10012482x465S20500483x444S10012476x541S26506509x541
znásilnění (UPOL),,3557,M557x610S14c40503x579S14c48463x579S26607519x554S26617481x551S20340542x535S20348502x533S33b00482x483S32a00482x483
znat,,504,M541x517S11511516x486S20600511x472S30007482x482
znát,znamenat (Brno),1720,M543x517S2ff00482x482S11511515x487S20600521x472
znát,znat,1910,M538x523S30a00482x488S11501510x493S20600516x485S30350494x477
znát (UPOL),,4884,M538x518S34c00482x483S30007482x483S11511513x484S20600507x470
zneužití A (UPOL),,3558,M519x608S15d38474x542S1ee20489x544S1f420490x593S26a04489x572S20500461x555S30142482x476
zneužití B (UPOL),,3559,M527x583S15d39484x542S16e02499x538S20e00511x554S26a04500x569S30142482x476
zničení (biol),destrukce,2098,M556x534S14c50532x482S14c38444x484S20330493x495S20350484x483S2d600514x466S2d614460x521S21100508x482
znovu,"znova, opakovat, opakování, opakovani",1887,M565x534S36d01479x466S1f950501x500S1f938491x519S26c06535x500S20e00553x506
znovu A (UPOL),,5277,M528x524S19a50500x476S1f730473x481S2a20c484x496
znovu B (UPOL),,5270,M525x520S2035a501x505S20350510x487S20e00494x488S26c02476x480
znovu C (UPOL),,5274,M524x526S15d39496x474S1f851502x476S20e00492x498S26c03476x508
zobrazení (IMoTeSP),,1585,M558x529S15d18441x472S16011461x474S22a06487x482S20310504x481S14c02527x506S2d205523x478
zobrazovat,,1509,M536x593S22a04509x414S20300488x419S20312493x408S37706463x425S26504509x432S15d02484x436S26504472x508S20312489x489S22a04472x492S15d02491x493S15d0a483x514S20312502x552S15d02498x574S26504522x567S22a04523x552S15d0a485x556
zodpovědnost,,496,L522x574S36d00479x524S30a00486x483S11532471x559S11552472x531S20500472x547S2a601446x541
zodpovědnost,zodpovědný,1144,M521x559S36d00479x442S36d00479x518S20500480x451S20500482x527S2f710494x482S11511494x532S1151f494x452
zodpovědný A (UPOL),,5275,M521x525S36d00479x475S11502476x510S11512476x485S2a601455x490S20500477x497
zodpovědný B (UPOL),,5316,M543x643S30103482x477S11501494x518S11509482x576S11501494x576S20500487x523S20600477x562S25504502x549S30004482x488S14c50504x612S14c58473x612S26506528x623S26512458x623S21400470x598
zoufalý A (UPOL),,5315,M527x580S35b04482x483S14c38473x533S14c30503x533S2e852483x564
zoufalý C (UPOL),,5276,M531x585S2eb52484x569S35b04482x483S14c30507x535S14c38470x535
zpátky (ke mne) (UPOL),,3084,M532x529S11557507x485S11559484x471S26903492x510S26913468x490
zpátky (ode mne) (UPOL),,3085,M533x529S11533491x504S1153d468x485S26907514x492S26917487x471
zpátky-tajně,,1916,M528x604S35b04482x482S18104473x550S1810c516x550S26624495x574
zplodit (UPOL),,5273,M518x542S20342499x527S1ea10495x459S1ea40495x506S25504504x485S20b00482x519
zpráva (UPOL),,4096,M527x527S15d39493x473S17f31501x483S20e00490x497S26a03473x506
způsob (IMoTeSP),,261,M549x545S33b00482x482S10001509x509S10009470x508S2db06533x513S2db1e449x512
žralok B (UPOL),,3470,M551x531S2ff00482x483S10a42507x500S20500503x520S26506536x500
žralok C (UPOL),,3471,M509x538S15a10497x511S2dd0e491x463
zrcadlo A (UPOL),,5061,M563x524S2ff00482x483S15d00522x488S2e200543x488S21404521x519
zřetězení (IMoTeSP),,1586,M550x515S1ed26501x489S1ed2e481x489S2890d523x486S28915451x486
zřítit (UPOL),,3086,M533x532S14c11484x469S14c19468x468S2df00492x499S2df14469x501S2fb00489x526S22b24517x495
zřítit A (UPOL),,5272,M526x539S14c18475x467S2fb00495x533S14c11500x461S24e3c505x491S24e14477x503
zrušit,,1059,M521x542S20600489x458S1ea20498x516S26e03489x479S15b09479x519
zrušit,zrušit 2,1246,M526x524S15d28474x481S1ea00489x477S2330b490x502S20e00514x504
zub (UPOL),,2407,M544x530S36100482x483S10a01508x504S20600522x493
zubař (UPOL),,2797,M554x521S2ff00482x483S1ea01508x495S2ea00539x496
zubař A (UPOL),,5271,M543x530S34600482x483S20600521x493S10a01508x504
zubní kartáček (UPOL),,5067,M550x532S36100482x483S10c10509x507S23102533x506
zubní pasta (UPOL),,5068,M533x516S1ea1a468x493S1f504489x493S22206490x484S22a06518x494
Zubří (UPOL),,5495,M552x531S34600482x483S1ce10508x487S20500504x520S2e200532x486
zustat,,453,M530x525S15d50503x476S15d58477x476S22f04505x510S22f14470x511
zůstat,zůstat_sám,5789,M545x577S11800530x502S11808458x504S36300482x483S22c04529x535S22c14457x535S21900456x484S21900527x483
zvědavý,David,245,M541x518S33100482x483S1ef10506x493S20500495x495S26a00514x462S20e00519x477S1f410504x440
zvednout,,1592,M529x522S17f31503x482S17f35466x491S36d00479x518S2f900488x496S22a20487x477
zveřejnit,,1443,M542x533S20337497x511S20331484x512S14c3f457x469S14c37515x466S26507501x493S26511486x496
zvětšovat se (biol),,2094,M526x515S1f446475x486S22106494x486S1ed46507x489
zvířata,,1693,M544x592S2ff00482x482S19a00456x533S19a08516x497S37c18532x504S37c18464x540S37c18465x539S37c18531x504S2e00f521x525S2e017460x558
zvíře,zvířata,5823,M569x518S30007482x483S19a10512x475S19a18462x474S21100543x475S21100446x476S23604530x493S23614432x493S30001482x483
zvíře A (UPOL),,3359,M537x518S19a12516x488S19a1a465x489S30001482x483S30007482x483S20600515x477S20600465x478S2e017465x438S2e00f513x438
zvíře B (UPOL),,3472,M523x520S20300508x505S37707486x512S10e20502x480S20600477x499
zvláštní,divný,1119,M551x568S1f503517x460S30e00481x448S20500512x443S1f527519x546S2df00530x433S30e00483x516
Zvoneček,,5292,M542x552S28b0c510x486S28b14470x483S24002508x526S2401a458x525S21414493x542S28a32484x474S1ce22478x448
zvonek,,1785,M515x517S1f550486x502S26a00488x483
zvonek B (UPOL),,5069,M551x518S33c00478x483S33950516x502S1ea13527x490S26d08524x468
zvonek C (UPOL),,5070,M514x517S1f740493x502S26a00487x483
zvracení A (UPOL),,2800,M530x578S2ff00482x483S1ce10498x490S2a602513x523S1ce40501x548
zvracení B (UPOL),,2801,M570x587S30104482x477S1ce10501x493S1ce18483x507S22b05513x527S22b05526x520S22b15499x538S22b15488x545S2fd00544x518S1ce40548x542S1ce48521x557
zygota (biol),,2232,M525x544S1ea10502x456S1ea48475x523S22b04496x479S20500478x511S1ea40492x513