dic_gloss,synonyms,sid,FSW
1,,328,M508x512S1f502493x488
2,,331,M511x515S1de01490x485
3,,334,M512x515S11e00489x485
4,,338,M511x516S14400489x485
5,,2946,M512x516S14c00489x485
6,,2269,M523x516S14c00500x485S1f502478x492
7,,432,M528x517S14c00505x484S1de09473x487
8,,433,M528x516S14c00505x485S11e09472x486
9,,434,M526x516S14c00503x484S14408475x485
10,,322,M536x520S1d420507x492S1d428465x492S22214507x480S22214475x481
11,,1151,M513x527S1f502493x503S2d200487x473
12,,1106,M513x530S1de00488x500S2d200487x470
12,,2249,M515x515S1de20493x485S21c00486x486
13,,1107,M512x524S11e20489x494S21b00494x477
13,,2293,M514x531S11e00487x501S2d200488x470
14,,1108,M511x522S14420489x491S21b00494x478
14,,3558,M513x531S14400489x500S2d200487x469
15,,1109,M512x522S14c20489x491S21b00496x478
15,,3557,M513x531S14c00490x500S2d200487x470
16,,3553,M527x530S14c00504x499S1f50a476x506S2d200501x470S2d211473x470
17,,3554,M529x532S14c00506x499S1de09474x502S2d200503x468S2d211471x468
18,,3555,M529x532S14c00506x501S11e09473x502S2d200502x469S2d211472x469
19,,3556,M528x531S14c00505x499S14408477x500S2d200501x469S2d211472x469
20,,1260,M513x532S2c301487x468S1de01489x502
21,,1271,M524x531S1f502477x506S2c301498x470S1de01501x501
22,,1270,M525x531S2c301499x470S1de01475x501S1de01502x499
22,,2268,M526x515S1dc01475x485S1dc01503x485
23,,1272,M529x531S11e01472x501S1de01505x500S2c301503x469
24,,1273,M530x530S14400470x499S2c301504x471S1de01506x500
25,,1274,M529x531S14c00471x500S2c301503x469S1de01506x501
26,,1275,M539x531S14c00476x499S1f502461x507S2c301513x470S1de01516x500
27,,1276,M545x531S14c00478x498S2c301519x469S1de09455x501S1de01522x499
28,,1277,M546x530S14c00481x499S2c301520x470S11e09454x500S1de01523x499
29,,1278,M544x530S14c00481x499S2c301518x470S14408457x499S1de01522x499
30,,1261,M513x531S11e01488x501S2c301487x470
40,,1262,M514x530S14400487x499S2c301488x470
50,,1263,M513x531S14c00488x500S2c301487x470
60,,431,M527x530S14c00501x499S1f502479x506S2c301501x470S2c310473x470
70,,1264,M528x532S14c00503x499S2c301502x468S1de09478x502S2c310472x468
80,,1265,M529x531S14c00504x499S11e09475x501S2c301503x470S2c310471x470
90,,1266,M528x530S14c00502x499S14400474x499S2c301502x470S2c310472x470
100,,1267,M508x517S1f502493x493S21900494x483
200,,1268,M511x525S21900496x475S1de01490x495
300,,1269,M513x523S11e01488x493S21900493x478
800,,3356,M528x527S15000503x485S12208472x489S21900506x474S21900479x474S2fb04493x521
900,,3357,M526x526S15000501x485S14508474x486S21900503x474S21900477x474S2fb04493x520
2013,,2292,M562x533S15a37481x510S18251482x482S20500470x509S1de01438x471S11e20532x468S2d200536x504
2014,,2585,M547x533S1dc03486x479S15a37454x503S20500469x522S14420523x468S2d200521x504
-,,2920,M506x502S37c16494x498
",",,2914,S38702496x463
", vejica",,750,S38702496x463
;,,2916,S38902493x464
:,,2917,S38a02490x464
: dvopičje,,1546,S38a02490x464
!,,2915,S38812494x470
! vzklikaj,,1704,S38812494x470
?,,2921,M510x516S29f3c491x485S21600496x508
? vprašaj,,751,S38902493x464
.,,2913,S38802496x464
. pika,,749,S38802496x464
(,,2919,S38b02493x476
),,2918,S38b06493x476
1 000,,1695,M528x517S18050498x502S20500506x484S15a39473x488
1 000,,1701,M520x528S15a37484x505S18251496x472S20500481x499
1 000 000 000 bilijon,,1702,M532x518S15a48469x491S14722486x501S20500483x483S2ef02514x498
1 000 000 000 milijarda 1,,1699,M523x519S18010493x504S15a48477x486S26500507x482S21100493x483
1 000 000 000 milijarda 2,,1698,M522x533S18251498x484S15a37478x510S26507494x467S21100479x478
1 000 000 milijon 1,,1700,M535x522S20500476x479S2ef02517x497S10052481x500S15a48465x495
1 000 000 milijon 2,,1696,M515x541S20500485x516S15a37492x518S10014498x485S2ef04494x459
1/3,,3909,M524x531S1f502477x507S11e00501x501S2d200492x470
2/7,,3910,M540x530S1de01461x500S1de09493x500S14c00517x498S2d220503x470
A,A,1886,M509x508S1f820491x493
abstrakten,,228,M563x518S2ff00482x483S10011516x487S14c20540x469S20500511x474S2e409534x438
administrator,,229,M563x537S22b04544x498S1c550491x469S1c558452x463S2fc04479x498S23600489x520S1ed26544x466S23614438x511
adrenalin,,3603,M544x533S14c52513x508S14c5a457x509S22622503x506S22626489x507S22a00525x484S22a10466x485S2f800484x467S21100509x486S21100481x486
advent,,3489,M528x592S16c0c503x534S16c04476x534S20500494x523S2d60a505x572S2d612473x572S26932503x563S26932496x563S34c00482x483
adventni čas,,3488,M552x537S16c0c478x479S16c04451x479S20500470x464S2d60a480x517S2d612448x517S26932478x508S26932471x508S15d39518x483S10051504x464S21100539x467
Afrika,,231,M540x524S21410523x457S2ff00482x483S22b04523x494S16c02519x469
agresivnost,,232,M534x545S2f900477x508S15021506x456S10008466x515S25603484x480
aids,,233,M525x538S1a000489x509S2ff00482x483S20500515x515
ajda,,526,M546x538S22f12499x513S1f820454x493S22214490x481S20500510x463S22f06519x513S22214521x481S1f410517x492S1f418484x492
ajvar,,1301,M554x577S10012484x521S27102499x537S1d450523x518S22f04529x550S21100481x545S30004482x483
akademija,,521,M567x536S2e501439x509S22b12489x474S38612433x464S20311440x487S1ed28494x494S1ed20535x494S22b06537x474
akrobacija,,234,M529x548S10002499x533S1000a472x518S2fc00496x453S2ec00514x482S2ec4c475x468
aktivnost,,236,M537x533S20330514x467S20330472x468S2e60b503x504S2e613463x504S2fb04492x491
aktualno,,237,M538x526S10e00516x474S10e08469x474S26c10463x510S2fb04492x505S26c00511x511
alarm,,239,M571x543S33010479x483S10011522x502S20500517x483S10010553x475S25100553x510
alba,,3490,M632x576S15a10463x533S15a18448x533S22b20454x496S2ff00482x483S18001512x501S23600512x526S21100498x528S14c01597x514S14c09565x515S22b04600x545S22b14576x545S21100619x562S21100560x561
Albanija,,529,M535x522S14c01472x495S22620465x479S20800496x490S22620509x478S14c09504x494
album,,241,M591x571S31500482x483S2df1c550x550S22204480x521S13f00508x528S13f08462x529S26500521x503S26510467x503S15a10571x514S15a18556x514S2df04570x549S22204512x521
aleluja,,3006,M537x599S15d02433x539S32110491x493S15d01507x518S15d09470x518S20e00416x533S15d0a400x539S2ad01441x562S2ad10407x563S2ad01456x566S2ad10396x568S20e00432x533S30004482x483S25e00521x481S25e10464x482S2fb04421x593S2fb04486x542
ali,,242,M525x539S2a206504x497S2fb04493x533S10030508x461S10038477x461S2a21e476x498
alkohol,,243,M518x573S34400482x483S1f540493x520S2b704484x549S2b704501x549
alkohol,,349,M518x552S34400482x483S1f510494x537S26a00487x520
Alpe,,1302,M548x518S24609498x453S11811523x476S11819449x477S24611460x454S2ff00482x483
altruizem 1,altruism,1920,M521x533S2c310466x482S36d00479x468S17600481x517S21c00466x508S21c00486x508S17600461x517
altruizem 2,,530,M521x541S14c30474x473S36d00479x460S14c38446x473S17600477x524S26500479x507S17600450x525S26510451x507
amater,,531,M575x531S1dc01455x499S20e00477x519S2b801459x471S36d00479x469S20302533x485S20304533x502S20600553x498
ambasada,,244,M561x518S16020521x467S28907536x460S20322546x442S20324437x441S16028466x468S2891f437x458S30001482x483S30007482x482
ambulanta,,507,M521x553S11500468x491S21410461x465S22b06463x528S37601479x448S36d00479x448S21100446x529S22b04468x523
ambulanta,,773,M589x553S11500467x490S22b06463x527S36d00479x447S22b04467x523S22b06559x498S37601478x448S1ed20558x469S1ed28528x470S22b12525x498S21100445x528S21410460x465
Amen,,117,M513x521S15a10501x494S15a18487x494S20500496x480
Amerika,,1303,M549x533S20600491x521S2ff00482x483S15a10518x506S26a03528x488
Amerika,,246,M532x539S14c02501x494S14c0a469x498S2e428486x461S20700494x524
ampak,,248,M541x524S10010520x494S2f900528x466S26500527x473S31a00482x483
Andora,,1304,M516x525S1d440485x475S2e832484x509
Andrejev križ,,3381,M562x540S2034f439x500S20341469x498S2ea01489x518S11521535x476S11529514x475S20500534x461
angel,,249,M551x517S18220448x492S18228528x493S2fb04493x511S36d00479x488S22220449x483S22220530x484
angel,,61,M560x516S18010442x501S18018529x500S36d00479x504S22120440x485S22120538x487
angeli,,3269,M591x524S18020442x509S18028529x509S36d00479x513S22120440x494S22120538x496S1ed26571x477S22f04566x510
angleščina,,4196,M527x585S30004482x483S1e101486x519S2e200489x553S2f900516x516
angleški jezik,,1305,M552x543S11554493x489S36a00448x477S20600478x524S10a00528x517S30004516x480
Anglija 1,,510,M541x536S11554526x488S20600511x525S36a00482x477
Anglija 2,,1056,M520x539S1001a490x468S10010498x462S27102501x499S21100480x513
Ankaran,,1055,M537x518S10b20519x478S30007482x483S26a00510x461
anketa,,250,M534x585S1d452438x540S15a36440x573S2ee01413x547S2b700515x521S1d402485x521S30004482x483
anketa,,290,M547x518S1d452444x456S15a37449x494S2ee00437x481S2ff00482x483S1d402519x490S2b700523x465S20500496x503
antika,,511,M529x518S14410491x451S2ff00482x483S2b705515x460
ap,,2840,M565x535S15715471x484S2fb04494x529S20500494x465S26606504x509S26612470x509S18514435x487S1851c540x486S1571d502x483S2f900540x514S2f900453x515
aparat,,512,M532x534S14c01499x488S14c09474x485S20700491x467S2891a469x519S28902503x518
apartma,,514,M551x531S15a11477x482S15a19449x482S20500469x469S22a13459x514S22a05480x514S26912507x515S15a39512x473S26906533x514S15a31527x477
apetit,,532,M538x559S1ea01509x514S1ea09466x526S2b804519x474S2b815466x489S34000482x483S2fc04495x548
apostol,,3311,M545x537S1c518459x508S1c510483x471S26520530x463S1c517493x512S1c51f456x475S1f548530x485S1f540530x513
apostol,,515,M552x537S15a40523x474S15a48466x474S36d00479x464S21100450x523S22b14464x505S22b04521x505S21100539x521
apostol,,516,M560x533S1f541538x498S1c510468x467S26521510x475S1f54f523x486S1c51f441x471S1c518444x504S1c517478x508
apostol Pavel,,3930,M588x533S1f541510x498S1c510440x467S26521482x475S1f54f495x486S1c51f413x471S1c518416x504S1c517450x508S10350542x483S1dc20564x483
apostol Peter,,3931,M597x533S1f541500x498S1c510430x467S26521472x475S1f54f485x486S1c51f403x471S1c518406x504S1c517440x508S15d48530x494S1ea22552x493S2ef01579x496
april,,509,M549x575S33110500x493S10b00523x513S22234523x502S2ff00482x483S25e04523x545
arbitraža,,1542,M566x590S11540416x535S11548388x546S23604408x513S23610368x524S2fb04407x584S30000482x483S14c52535x470S14c5a439x480S22622521x471S22626471x477S26602491x443S26616479x459
aretacija,,533,M572x537S1ed40477x501S1ed48428x502S26602468x484S26616433x485S20500460x526S37600534x498S26520540x463S20321521x483S20327551x484
Argentina 1,,997,M537x524S1f838464x491S1d401511x500S23404500x477
Argentina 2,,1052,M543x530S14e01505x485S36d00479x471S23404506x516S21100489x516
arhitekt,,1053,M548x538S15a56490x526S37806459x531S1d420452x463S23d0a466x497S1ed26529x478S22b04529x508
arhiv,,3832,M535x552S17d4a478x466S15a10478x495S26f00466x529S26806472x536S26616475x449S20710501x486
arhivirati,,3833,M535x552S17d4a478x466S15a10478x495S26f00466x529S26806472x536S26616475x449S20710501x486
asfalt,,534,M524x533S1f838480x518S1f850480x500S21200476x482S26600508x468S1f850506x500S1f838506x518
astma,,535,M542x535S1de51512x489S1de59459x491S21400514x513S21400469x515S22f04515x465S22f04462x466S2f900495x530
ateist,,536,M586x562S15d02486x519S22f04561x491S22106473x525S22b06487x546S1d440557x509S1d448525x517S30004482x483
Atene,,1051,M518x521S20602508x484S1f522486x479S15a36482x509
atmosfera,,1050,M578x534S1dc20465x489S1dc28423x489S20500441x523S20500465x522S23000464x466S23010422x466S15a56540x506S37906502x511S1ed20512x488S28b0a534x472S20500503x498
atmosfera,,539,M572x529S1de51472x494S1de59429x496S21400478x522S21400443x523S22f04476x475S22f04429x476S15a56545x517S37806511x522S1ed20532x495S28b0a519x472
avgust,,2108,M525x538S18620475x463S22b04505x498S2fb04490x532S14c20502x462S22b14477x497
avgust,,2114,M518x585S15000490x520S22b04494x555S30004482x483
Avstralija,,1047,M529x541S21b00512x499S21b00479x499S2b700502x471S2b711478x471S1bb50508x512S1bb58472x513S2fb00490x459
Avstralija,,1048,M530x526S15a56471x482S18150478x497S2c300504x474
Avstralja,,2261,M540x535S2ff00482x483S14701519x485S2df0a518x511S20600511x470
Avstrija 1,,1046,M541x527S37600488x504S11009506x484S11001466x483S21803526x474S21801459x473
Avstrija 2,,1045,M537x518S21d00519x460S1bb10515x475S2ff00482x483
avtist,,3445,M569x555S2ff00482x483S15d40523x486S15d48458x486S22b04549x525S1ed26550x487S2fb04493x541S26902512x522S26916470x522
avtizem,,3444,M542x557S2ff00482x483S15d40523x486S15d48458x486S26b02515x522S26b16466x522S2fb04492x551
avto,,1191,M541x537S20301511x463S20305470x463S23607512x497S2361b460x496S2fb04491x531
avto,,971,M541x532S20301511x468S20305470x468S23607512x502S2361b460x501
avtobus,,1044,M574x542S20301478x478S20305437x478S23607479x512S2361b427x511S2fb04460x527S17310539x479S17318524x472S26511507x458S26505561x501
avtobus,,3993,M541x537S30004482x483S18210489x522S20600519x512
avtobus,,3994,M541x536S26605519x514S17318481x485S26611459x465S17310498x491
avtocesta,,1659,M573x551S20301478x477S20305437x477S23607479x511S2361b427x510S2fb04458x545S1ce40551x465S1ce48519x466S21b00528x450S21b00555x450S26620540x506
avtocesta,,3920,M529x538S10e00506x467S10e08476x462S26c18471x499S26c08502x508S2fc04493x527
avtonomija,,592,M550x530S22a04453x499S20330534x474S1f502451x471S2fb04513x524S20330491x474S2a206529x492S2a21e489x493
avtor,,591,M551x538S1ed26532x462S2fb04475x504S22b04531x495S20330451x487S2a206494x507S2a21e449x509S20330499x486
avtoštop,,590,M512x524S1f500488x477S22f06489x499
Azija,,588,M523x518S1f820492x483S2d804477x503
B,B,1887,M507x511S14720493x489
babica 1,,2240,M540x589S1e150447x530S33010479x483S1ea10517x506S20800524x492S1e158415x530S22f04452x566S22f14410x567S2fb04436x583
babica 2,,1660,M562x555S1ec0e465x532S2f900470x522S1ea10539x507S30004457x483S33010502x482S20800547x494S2c300487x528
badminton,badminton,1802,M547x521S1f817520x468S37900524x481S2c400507x439S2ff00482x483
bahati se,,1059,M535x618S10e36465x531S10e3e505x536S2eb00508x586S2eb4c480x575S35600482x483S2fc04491x559
balkon,,1060,M533x530S1ed00506x470S1ed08468x470S27604504x502S2761c468x502S20500495x490
banana,,1061,M532x547S1ea08482x526S1ea52491x499S2c300488x453S2c302469x471S2c307507x472
bandera,,3491,M518x558S15d0a482x524S15d40491x478S37602496x503S20500493x547S2a43c483x453S2fa00490x443
Bangladeš,,1754,M527x525S15a30482x477S26602473x509S22a04513x507S15320512x475
Bangladeš,,4215,M590x527S36d12436x474S15d31482x486S20500478x509S26503503x506S36d12522x473S15050564x477S22a04572x512
banja,,1062,M585x540S20300485x494S20308443x482S21100515x476S21100415x462S23604474x474S23610431x461S2fb04462x516S18130559x482S18138542x482S20500553x516S28907560x513S2891f530x513
Banja Luka,Banja Luka (BiH),1755,M545x532S1f502519x469S1f502469x470S21100456x503S22f04505x503S22f14471x503S21100532x502S2fb04493x526
banka,,1662,M575x531S1f436560x479S21100556x470S19a52508x487S36d00479x478S20600507x520
bankrot,,1064,M559x530S18530460x479S21100442x476S1f540535x470S1f548504x471S2a201539x507S2a219495x507
bar,,1663,M510x531S14710494x469S2e230491x499
baraba,,1063,M533x531S26602503x515S3780b468x486S17610513x495S21c00500x501S15a19489x470S21410514x482
baraba,,1664,M529x534S26702481x518S3780b472x485S17610512x496S15a19497x466S21b00501x499S21410514x483
barva,,408,M537x531S1d450506x469S1d458467x469S22f04512x507S22f14464x509S2fb04492x525
baterija,,1665,M525x535S17d48475x466S11500481x486S22f00476x521S20700507x467
bati se,,851,M531x567S14c10508x522S14c18471x522S20600470x556S20600509x556S31a00482x483S34410496x505
baza,,1690,M520x522S15a37485x478S15a31497x487S20601480x503
bazen,,1067,M577x546S1ed00461x486S1ed08423x486S27604459x518S2761c423x518S20500450x506S15a50519x483S15a50541x483S2d610500x467S2d608540x468S2d608548x457S2d610491x455
beačiti,,1680,M524x554S18130503x447S18116495x485S37800505x475S27102501x514S21400477x475
beda,,3351,M538x535S20357486x465S21100525x497S15033484x498S3780b462x480S22a07512x485S21407472x523
beda,,409,M536x539S20323490x462S21417473x526S15033487x502S3780b465x477S21100523x504S22f07504x484
bedak,,1666,M575x569S2ff00482x483S10011517x488S20500512x472S15a36548x557S37601559x522S20300552x507S20b00535x541
beg,,1668,M526x537S15a06474x463S15a14505x481S2d200500x514S21404504x471
begunec,,1669,M542x555S15a06458x478S15a14490x497S21404489x488S1ed26523x446S22b04522x477S2d300479x532
Bejrut,,1670,M516x530S1ed26493x471S2d60c485x502S2d604487x517
bela nedelja,,4084,M554x549S2e300525x485S2ff00518x483S10b00525x523S17801482x501S21100460x528S23604475x526S30005447x483
Belgija,,1671,M551x531S2ff00482x483S14710517x505S26607529x477S20500502x520
beljak,,1673,M599x593S2e806555x522S30005482x483S18136557x560S18152557x542S21100482x532S1f701510x507S23604501x532S2e84e554x577S2fb06593x548
belo,,4085,M549x543S21100495x528S30005482x483S23604510x526S17801517x501
belogardist,,1675,M543x532S1ea01488x511S1ea09457x511S20600477x497S1ed26524x469S22b04523x500
Belorusija,,1676,M516x527S10049485x497S10041495x497S2e752487x474
beluš,,1677,M534x541S10008498x511S13d52492x482S22f00488x460S20a00466x507S22210513x505
bencin,,1678,M520x521S1f521498x499S22f03481x480
Benetke,,1679,M540x537S20350525x481S20358461x482S36d00479x464S2eb20497x505
Beograd,,1632,M545x548S2ff00482x483S1ec10518x508S26a04518x534S20600521x495
berač,,1681,M552x551S18131460x490S18137472x501S22b04532x484S27103492x525S21401448x479S1ed26533x450
beračiti,,2271,M536x536S18131477x475S18137489x486S21401465x464S27103509x510
berilo,,3222,M550x533S15a18512x481S15a10533x481S2df1c507x512S2df04529x512S20500524x467S15a37459x484S10e31450x468S27e0c476x500
Berlin,,1682,M539x518S30000482x483S20350523x481S22e00522x459
Bern,,1683,M530x535S15050504x504S15058470x504S26510475x482S2f900509x475S26500508x482S2f900476x474S2fb00492x465
bes,,1684,M541x518S1ce40514x460S1ce48465x459S30c00482x483S26500515x440S26510471x439S21b00517x424S21b00473x424S2f900530x426S2f900458x426
beseda,,398,M510x523S1ec26491x500S26500492x478
besede,,3210,M520x523S1ec26492x500S26f00480x477
besedilo,,3933,M534x524S26505521x511S21401487x477S15a31467x491S15051493x483
besedilo,,397,M546x532S1ec26455x488S21401498x478S15a31493x509S26500457x468S26505533x509S19a51508x482
besedilo,,775,M558x535S26706448x470S1ec26448x494S15a37491x512S15051515x488S26a00443x465S26505545x517S21401504x484
besen,,1685,M540x531S11511494x456S11558462x501S30000482x483S11519481x457S11550525x501S30c30489x490
besen,,2262,M541x518S11511494x456S24e05519x480S30000482x483S11519481x457S24e1d457x481S30c30489x490
bežati,,1687,M528x540S15a06472x460S15a14500x484S21404499x474S2d300489x517
bezeg,,1686,M587x588S23608508x528S1f701513x505S30005482x483S21100492x530S10008572x558S15031559x531S20500555x559
bidizem,,3874,M534x522S1d431467x479S1d439509x479S37600488x499
biftek,,1691,M564x609S10012491x519S30004482x483S27102507x538S21100487x551S15a36537x545S15a50543x551S2a208538x581S20600537x531
bik,,1694,M529x545S1ec0e491x522S33100482x483S20800519x511
bil,,2900,M543x528S36d00479x498S15a00530x482S26504529x513S22204531x472
biljard,,1703,M528x530S15a57472x470S1ea02507x507S26501496x492S2f900497x483
bilo,,1705,M549x518S2ff00482x483S18100532x489S2b704535x447S2b704519x447S22214524x479
binkošti,,3149,M560x587S16019477x538S16011505x538S2e736487x443S20500496x524S22a06524x572S10c12487x463S22a12460x574S20500497x562S2ff00482x483S18510535x553S18518444x553S10b37411x485S2b103393x510
binkošti,,3917,M594x587S16019477x538S16011505x538S2e736487x443S20500496x524S22a06524x572S10c12487x463S22a12460x574S20500497x562S2ff00482x483S18510535x553S18518444x553S17600578x476S22b03546x497S21c00571x490
biologija 1,,1708,M510x526S14720491x474S2df02491x502
biologija 2,,393,M513x522S14710493x478S2ea32488x507
birma,,673,M528x559S11510513x512S26502513x545S30005482x483
biskvit,,1709,M542x536S15a37459x511S1f521464x482S2ea32463x464S15a37515x513S15a37495x513S26527529x491
bistvo,,3231,M527x534S17d48473x519S18542488x488S22f04483x466S20a00509x509
bistvo 1,,1710,M546x518S20500508x473S1dc21516x486S35000482x483
bistvo 2,,1712,M531x532S17d48469x517S18051485x490S22f04486x469S20700513x517
bivati,,1713,M566x542S1dc40435x489S1dc48468x488S20700515x527S26502548x476S20500439x524S20500480x523S17d48513x503S18051541x495S2c301465x459S2c310434x459
blagajna,,1714,M606x536S36d00479x471S19a52505x480S20600503x512S1ea02579x488S1ea0a552x496S26c00579x465S26c18545x475S2fc04570x525
blago,,1720,M521x537S2fc04492x526S2ea44479x493S2ea00505x498S15a02494x477S15a06480x463
blagor,,3322,M607x576S1ce10513x516S1ce18469x517S30c00482x483S2fb00569x500S22f10548x512S2fb04493x570S18001581x536S18009551x536S20e00584x563S20e00565x564S22f00582x511S26a00508x551S26a10469x552
blagor,,3512,M556x558S2880d527x533S15a36491x545S1ce40534x498S14c50488x522S20500476x547S35000482x483
blagoslov,,201,M515x532S15a10492x468S22b04490x502S22b06485x506
blagoslov z Najsvetejšim,,3672,M515x534S20302489x483S20306489x466S22b24489x504S22b26485x507
blagosloviti,,3513,M544x532S15a10463x468S22b04461x502S22b06456x506S1ea10500x471S23504497x500S26506529x494
blagosloviti,,762,M515x532S15a10492x468S22b04490x502S22b06485x506
blagoslovljena voda,,3784,M547x564S19a00519x515S20e00522x499S26a06524x537S30005482x483S22b04458x527S22b06453x530S15a10459x496
blato,,1721,M534x562S35600482x483S17e14466x547S2fb00493x526S17e1c511x546S22214511x535S22214469x536
blato,,2273,M541x602S35600482x483S18514465x549S22114463x534S22114512x524S1851c513x535S2fc04502x591S23100515x557S23118467x573
blaženi,,3783,M527x533S15a10480x469S22b04477x503S22b06473x507S1ed26508x467S22b04508x502
blazina,pillow,1803,M550x552S17d10451x537S17d18416x537S22214453x523S22214418x524S15a19510x509S15a17527x512S30908482x479
Bled,,1724,M542x528S19a50510x472S19a58462x473S2eb4e459x500S2eb3a510x499S2fb04493x522
bled,,1725,M542x551S1ed06523x483S25004520x515S2ff00482x483S21410525x472
bleščati se,,1728,M563x558S1ce40496x484S1ce48474x490S2fb04492x525S21b00437x550S21b00555x442S22c07515x458S25843528x460S2e243462x512S22c13445x518S2e247512x474S25843449x529
blisk,,1727,M518x545S10020496x455S24703483x494S2f900483x540
blitva,mangonel,1729,M534x535S14720466x500S1f540514x486S1f548497x497S22f04509x466S20e00508x523
bližati,,3103,M537x530S1150a486x494S11502507x481S20600484x470S26a17464x509
bližina,,3133,M529x519S1150a478x504S11502499x491S20600471x482
bližnji,,367,M547x537S1150a457x522S22b04527x495S11502477x511S26a04486x486S1ed26528x464S20600454x506
blizu,,366,M529x519S1150a478x504S11502499x491S20600471x482
blok,,1730,M532x522S1ed20503x479S1ed28470x479S26606502x506S26612468x506
bluza,blouse,1731,M531x543S1d402503x471S1d40a469x471S20500513x498S20500513x531S20500479x498S20500479x532S2fb00492x457S22a04511x513S22a14478x514
bo,,84,M535x519S15a40522x492S2ff00482x483S26500521x472
boben,,3352,M533x544S1ea41505x456S1ea49468x473S23100507x488S23110468x505S2fc04497x533S2f900515x509S2f900476x527
bodi,,119,M535x518S15a40522x490S2ff00482x483S26500521x471S2f900522x463
bodica,,1732,M521x523S15a19479x478S10001498x493S20b00508x481
Bog,,3069,M544x556S2ff00482x483S22a00531x468S22a04494x541S1533e487x521S10000525x490S32110490x490
Bog,,333,M544x556S2ff00482x483S22a00531x468S22a04494x541S1533e487x521S10000525x490
Bog,,3869,M518x556S2ff00482x483S1533e487x521S22a04494x541
bogastvo,,1431,M533x532S1ea01505x468S1ea09468x469S23004508x498S23014471x499S2fb04494x526
bogastvo,,1467,M521x533S36d00479x468S15002466x478S26500477x518S2f900478x509
bogastvo,,412,M523x542S11501497x475S11509479x477S20500496x458S2df10477x511S2df08502x511S2fb04491x536
bogastvo,,985,M552x534S11501497x484S11509479x486S20500497x467S2fb04495x528S11528448x475S11520537x474S26506525x514S26512464x515
bogat,rich,1799,M524x544S11501497x472S11509479x474S20500495x457S2fb04492x538S2df10477x509S2df08503x509
bogato,,3169,M524x544S11501497x472S11509479x474S20500495x457S2fb04492x538S2df10477x509S2df08503x509
bogokletje,,3870,M571x556S2ff00461x483S1533e467x521S22a04474x541S33b00503x482S10a00513x520S10a20540x519S2c300545x493S30c30510x489S2f900549x483
bogoslovec,,4106,M570x554S1f010541x512S26506553x531S36a30521x506S2ff00512x474S15d40490x498S30005453x474S2b900479x530
bogoslužje,,3221,M586x583S2ff00482x483S22a00531x468S22a04494x541S1533e487x521S10000525x490S15d38552x521S15d40565x536S26c08559x568S21100542x569
Bogu,,3250,M550x556S2ff00482x483S10000525x479S22a04494x541S1533e487x521S22f00525x456
Bohinj,Bohinj,1734,M521x525S20301474x490S36d00479x476S20600473x514
bojevati se,,1736,M544x528S20337476x507S20351477x494S20331505x507S20357505x493S20b00457x514S20b00531x515S22a04480x474S22a14509x473
boks,box,1737,M535x529S2f900495x488S20341514x507S36d01479x471S26501503x496S20349485x508
bolečina,pain,670,M535x539S2e50d512x502S2e515466x502S2fb04494x533S10b39468x462S10b31513x461
boleti 1,,1738,M536x534S14c02498x486S23700497x513S36d00479x467
boleti 2,,1018,M536x538S2e50d513x501S2e515465x502S2fb04493x532S10b31510x463S10b39468x464
bolezen,,671,M518x523S11549483x496S11541494x496S20600490x477
Bolgarija 1,Bulgaria,1739,M518x544S2ff00482x483S14c41478x517S22621464x507S2f900506x519
Bolgarija 2,,1740,M548x521S16010520x494S2c300522x468S20310525x449S33100482x483
bolha,,1741,M517x526S10a51484x506S2b900485x474
Bolivija,Bolivia,1742,M518x536S1a320491x507S2ba00483x465
bolj,,1411,M535x537S11557469x478S20601466x464S11531491x488S2a201515x514
boljše,,1625,M547x529S2d200521x481S1ce01519x506S30005482x483
bolnik,,3775,M549x530S36d10479x497S20304488x508S21100505x509S1ed26530x470S22b04530x500
bolniško maziljenje,,3776,M583x541S36d10479x460S20304488x471S21100508x471S15d39537x467S1f557558x483S22b03539x500S22b05543x499S21100570x512S21100537x527
bolniško olje,,3871,M563x521S36d10479x486S20304488x497S21100505x498S1f521539x480S2e736538x505
bolnišnica,,1230,M615x537S36d00479x467S37606477x469S22b06495x501S22b04500x498S11502484x480S1ed20583x479S1ed28555x479S26606585x505S26612553x505S21100527x501S20500576x463
bolnišnica,,1743,M602x527S36d10479x486S21100484x498S20302500x497S1ed20574x489S1ed28541x489S26606572x511S26612539x511S20500565x474
bolnišnica,,1744,M572x522S36d10479x490S1dc31524x488S2b707547x479S20500509x507
Bologna,Bologna,1745,M519x551S15a10505x449S37900510x476S15a56482x488S20600484x505S26a02505x524
bomba,,1756,M561x552S18137464x528S18152464x512S20600440x534S2f900550x486S37600516x509S20321504x496S20321532x496S22b06516x478S22b12513x460S2f900500x466S2fb00522x448
bombardirati,,1746,M544x586S20352505x513S20356481x522S35300482x483S23604505x557S23610465x569S2fc04495x542
bombaž,,1747,M567x538S18218434x498S18540541x497S2ef02503x519S2ef11473x463S26506521x492S26512463x493S15310502x488S15348483x489S20500496x468
bon,voucher,1748,M546x531S1f436531x482S21100529x470S1ed40490x492S1ed48459x492S26606491x515S26612454x515S20500481x476
bonbon,bonbon,1749,M523x556S35300482x483S10600489x530S21900492x521S20e00511x514
Bonn,Bonn,1750,M549x518S31410482x483S10e22519x488S20600507x470
bonton,,1751,M518x550S10000487x520S2ff00482x483S20500495x484S20500496x506
bonton,,395,M541x554S10000524x488S30000482x483S22b04524x524S21410526x477S30004482x483
borba,,1753,M517x525S20307496x504S20321494x494S26a20489x476S20500483x505
borec,,1801,M532x535S20307481x514S20321479x504S26a20474x486S20500468x515S1ed26513x466S22b04512x496
borovnice,blueberries,1758,M606x568S28903515x517S15a00526x485S2ff00482x483S26932543x514S15a37554x524S10a51573x535S21100564x554S21410524x474
borza,,1759,M526x548S15a20488x490S10011505x507S21410509x540S26930503x478S27d0f474x453
bos,barefoot,1760,M547x532S1781c482x473S17814453x473S22a04492x503S22204459x492S22204493x492S10c50525x468S22f04522x503S22a14457x503S2fb04475x526
Bosna in Hercegovina 1,,1099,M532x546S2ff00482x483S15a10520x487S2e734516x521
Bosna in Hercegovina 2,Bosnia and Herzegovina,1761,M534x542S2ff00482x483S14720520x489S2e734517x517
boter,,1762,M541x536S18150499x507S18158459x506S2b711464x472S1ed26522x464S22b04522x495S2b700488x473
božanstvo,,2983,M585x557S2ff00482x483S22a00531x468S10000525x490S14c50558x526S2e83a553x505
božanstvo,,3514,M579x556S2ff00482x483S22a00531x468S22a04494x541S1533e487x521S10000525x490S14c50552x505S2e832547x540
božati,,1763,M527x542S15a50489x473S28a05485x512S28905500x507S2f800474x458
božič,,445,M538x534S14c11512x479S14c19463x483S22b13478x510S22621502x466S22b05505x509S22627478x466
božični čas,,3872,M589x543S14c11461x471S14c19412x475S22b13427x502S22621451x458S22b05454x501S22627427x458S15d39495x488S15d40570x482S15d48542x482S10051490x476S21100522x488S22a04570x517S22a14549x517S2fb04558x537
Božja beseda,,3778,M570x556S2ff00482x483S22a00531x468S22a04494x541S1533e487x521S10000525x490S1ec26551x496S26500552x468
božjast,,1764,M545x554S2ff00482x483S10e21515x481S20500505x471S2960c528x520S26930527x516
Božje usmiljenje,,3779,M567x594S36d00525x519S10011530x529S10019502x529S28a03512x565S28a1b512x565S26932545x561S26936507x561S2ff00434x483S10000474x487S22a00483x466S1533e440x522S22a04446x541
Božji,,209,M545x555S25507526x470S1533e488x521S15a20522x494S22a04495x540S2ff00482x483
Božji grob,,3781,M630x563S2ff00482x483S22a00531x468S22a04494x541S1533e487x521S10000525x490S15a15550x514S15a1d607x513S22a03595x539S22a15575x539S2fb04583x557
Božji navdih,,4142,M602x555S25507491x470S1533e453x521S15a20487x494S22a04460x540S2ff00447x483S30007517x483S14c20579x439S10001552x486S26103559x465
Božji Sin,,3780,M580x557S2ff00482x483S22a00528x467S22a04495x542S1533e487x521S10000521x490S1d452548x508S22a04553x542S21100567x542
Božji služabnik,,3782,M601x572S2ff00482x483S22a00531x468S22a04494x541S1533e487x521S10000525x490S15a30555x514S15a40562x525S26a00553x558S21100536x558S1ed26582x491S22b04582x523
brada,beard,1765,M518x536S2ff00482x483S15636489x520S20500476x516
bralec,,3223,M539x538S15a37470x491S10e31461x475S27e0c489x513S1ed26520x462S22b04520x493
braniti,,262,M527x537S20322512x471S20320477x464S2fc04495x490S2eb40474x498S2eb0c511x505
braniti,,321,M532x529S20322507x476S20320469x471S2ce15475x486S2ce05514x491S2fc04489x474
braniti se,,4026,M559x543S1c502507x458S1c50a462x468S2fc04494x532S23704503x498S23710456x503S21100546x502S21100441x506
brat,,2341,M509x526S11550494x496S22702492x474
brat,,634,M518x524S10050503x494S10058483x494S20500496x477
brati,,977,M526x532S15a37484x485S10e31475x469S27e0c503x507
bratje,,3197,M538x534S10050483x504S10058463x504S20500476x487S1ed26518x466S22f04513x499
bratranec,,892,M525x523S10051495x478S10059475x478S22a24495x508
Brazilija,Brasil,1766,M542x555S35300482x483S14710523x492S2490c523x519
brcati,,1767,M532x533S2f900515x504S20305490x491S26901513x514S37703474x475S20357493x468S3780b469x481S20500470x488
breg,,2274,M514x538S15a1a487x526S25544488x511S25600491x463S15a20493x497S25540497x511
breg,,2277,M547x559S15a1a520x547S25544521x532S25600524x484S15a20526x518S25540530x532S35000482x483
breskev,,1769,M543x534S30005482x483S18510518x509S20f00500x522S22214521x497
brez,,537,M536x547S17802497x521S30004482x483S22106485x526S26506521x524
brezdomec,,1770,M621x574S17802495x521S22b04602x538S22106484x525S30004482x483S15a11569x524S15a19543x525S22b13544x549S22b05569x550S20500563x509S1ed26602x505S26506516x523
Brezje,,3777,M558x540S15a01452x498S15a07486x498S37600469x517S20600442x484S20600499x483S2fb00473x473S15a10546x493S15a18532x493S22b20537x460
brezmadežno spočetje,,3873,M531x536S36d00479x471S36d00479x532S14c02500x500S14c0a474x503S26520495x480S15d0a433x485S17600441x496S21c00446x483S22a00444x514S11549373x481S11541386x481S20e00383x465S26507408x504
brezplačno,,1771,M554x536S20e00510x490S21100446x465S15a37515x497S15a51505x504S26607532x514S1ea07473x484S22844464x468
brezposelnost,,1772,M592x575S17802495x520S20700556x560S22106484x526S30004482x483S17d18549x538S14750578x532S26506517x523
brezposelnost,,1773,M583x587S17802494x521S2eb42550x571S22106482x525S30004482x483S10000568x535S10008547x535S26506517x523
brezrokavnik,,1775,M537x523S15a18525x478S15a10464x478S36d00479x494S21100505x507S22a24490x508
brezžični,,1776,M606x578S26612542x562S20500570x524S22106484x526S30004482x483S1d440574x529S1d448544x529S26506514x523S26606576x562S17802494x521
brisača,,1779,M580x594S15a00488x495S15a00501x495S2ff00482x483S10b20551x517S10b28530x517S24302553x556S2431a522x557S20500546x547S20500547x583S23120488x527
brisati,,1183,M517x527S20320491x473S2e606484x498
britev,,1780,M554x536S2ff00482x483S11802521x497S22f04529x522S21100513x522
briti se,,1800,M517x525S20307496x504S20321494x494S26a20489x476S20500483x505
brki,,1781,M535x546S33100482x483S1f010506x503S1f018464x503S2880b514x526S28813469x526S22e36492x521S22e32507x521
Brno,,1782,M550x569S2ff00482x483S14010520x493S27102535x529
bron,,1783,M546x545S1ce40498x478S1ce48474x492S28109524x456S2811d455x522S2fb05502x513
bron,,2264,M566x559S1ce40496x474S1ce48472x488S2fb05500x509S26507522x466S26513463x520S1ce27539x442S1ce09434x536
bruhati,,1785,M536x546S30004482x483S14c32480x522S2b701517x514S30d30487x491
Bruselj,,1786,M529x520S1ea01501x499S1ea09471x499S20600488x480
buča,,1787,M529x544S15020504x457S15028471x457S2a20a506x506S2a212472x506S20500493x500S20500494x533
bučka,,1788,M563x531S15440505x490S15448480x490S26606502x469S26612468x469S18510538x498S18518438x500S20500496x520
buden,,1789,M549x518S31a00482x483S22200501x487S22200490x487S1f410520x491S1f418453x492S22200525x480S22200468x482
budilka,,1791,M526x533S1ed18474x483S10a10509x467S26a02512x506
budilka (za gluhe),,1790,M526x523S1ed18475x504S18500502x489S22210503x477
Budimpešta,,1792,M546x516S18148454x487S28e3a475x484S18150534x487S22b06501x499S26930471x511
Buenos Aires,Buenos Aires,1793,M524x525S15a48477x498S10003494x493S20600482x475
Bukarešta,,1794,M527x573S15a1f479x529S35000482x483S22b05498x549S21100514x541
bunda,,1795,M523x541S1ea09477x509S20500494x530S1ea01495x496S22c00491x460S21100477x476
bungalov,bungalow,1798,M606x542S15a00466x497S15a00522x497S36d00479x512S22214518x489S22214461x487S15a11580x476S15a19556x476S20500575x459S23a04580x500S23a1c553x499
burja,bora,1796,M551x575S2ff00482x483S14720528x490S2a30c523x516S2eb32519x559
butarica,,4172,M545x541S14e10489x470S14e18455x471S28801489x509S28819461x510S26930497x530S26930456x531S22620488x459S22620456x460S2fb04479x535S20310530x483S26500531x466
butec,,1797,M595x570S2ff00482x483S10011519x487S20500510x474S37601558x513S20310551x500S15a36548x558S22a04553x480S20500585x543S2f900568x547
C,C,1888,M509x510S16d10492x490
Č,,1808,M544x520S35d00482x483S16d10524x500S22214523x489
Č,,1885,M511x515S22214490x485S16d10492x495
čaj 1,,1868,M549x550S30005482x483S10602522x516S20e00522x501S21700512x515S26506534x536
čaj 2,,1924,M519x537S16d44482x517S1d451494x485S22f04494x463
čakati,,1869,M532x539S1dc40469x509S1dc48508x509S2eb0c512x468S2eb14474x469S2fb00495x461
čakati,,3257,M527x530S11510507x470S11518479x470S22f04502x505S22f14473x505S2fb04492x524
čaplja,heron,1870,M577x537S1f410458x522S33100458x483S22204449x515S26600491x507S30007507x482S1f410541x485S22204536x476S2d604548x504
car,,3904,M518x557S20310494x527S20600490x546S30304482x477
čar,splendour,1871,M537x518S33e00482x483S17600521x474S17601464x474S26504523x493S26504465x493S22100522x461S22100465x461
Carigrad,Constantinople,1831,M525x518S20500515x474S14720494x468S2ff00482x483
čas,,3953,M552x530S2fb04522x524S22a14511x505S21100448x479S15d39468x483S10051460x471S15d40533x472S15d48504x472S22a04533x504
čas,,652,M523x519S21100477x490S15d39500x496S10051492x482
čas med letom,,3876,M579x538S22a14539x512S26507461x501S15d48532x477S22a04560x512S2fb04548x532S21100512x483S15d39485x483S15d40560x477S15d39422x479S15d51438x482S20e00441x463S10051480x471
časopis,newspaper,1872,M558x534S15a37449x511S17651450x489S22a04450x467S21c00442x482S1ea40529x511S1ea48494x512S2890a529x486S28912490x487S2fb00516x474
čast,honor,1873,M543x540S24e4c461x510S18510518x485S18518456x486S24e34517x508S30007482x483S30001482x483
častnik,officer,1874,M521x525S36d00479x516S11554476x495S26502474x475
Čateške toplice,,1875,M518x572S16d10456x521S2e300455x544S30004482x483S15a01493x520S2e300491x545
CD,CD,1804,M528x521S1ed40502x502S1ed48473x502S26c28489x480
če,,527,M523x524S10039478x494S20601478x476S10051493x494
če,,528,M540x542S1d402512x516S2ff00482x483S20602495x518
čebela,bee,1877,M588x541S26506495x527S1f410482x506S22104484x494S2ff00445x483S26502573x527S2ff00520x483S1f410558x506S20500552x513S20e00476x514
čebula,,2761,M519x540S2ea4c482x499S2fc04493x529S2ea08503x495S15340504x461S15348481x467
Čeh,Czech,1930,M565x569S26a06519x542S15d00519x509S20e00519x495S30005482x483S1ed26546x509S22b04546x539
ček,cheque,1879,M546x533S1f436531x481S21100529x467S1ed40489x493S1ed48456x493S26606490x517S26612454x517
cel,all,3396,M536x539S10057465x509S10051480x510S20500474x497S28f0a482x461
čelada,helmet,1880,M549x518S2ff00482x483S18152485x468S2c305522x465
celibat,,3516,M597x532S15a52486x481S36d10479x468S22f04489x503S18050567x485S18058531x485S26504571x509S26514539x510S2f900574x527S2f900540x527
celibat,,3517,M578x530S15a52451x484S36d10444x471S22f04454x506S2f900521x519S2f900540x519S1ea48496x485S1ea40555x486S26902557x512S36d10515x470S26916502x514
celina,continent,1822,M560x551S20500462x537S22e36464x501S20500464x449S11550470x466S28d0c472x506S22e32471x501S11558450x466S28d14440x507S15020512x456S26500519x493S26500546x505S26500517x536S23f03521x512
Celje,,1134,M512x528S16d10491x473S2e300489x501
čelo,,1881,M548x518S1ef10519x485S30000482x483S2d608487x468
celo leto,,3397,M555x539S10057446x509S10051461x510S20500455x497S28f0a463x461S19a20525x483S22b06525x462
celo noč,,1823,M525x529S15a56475x483S18120484x500S2e900507x471S22e30508x486
Celovec,Klagenfurt,1824,M550x536S1ed10521x506S36a00482x477S20e00510x524S26a00523x485
čemu,why,1882,M539x574S18530506x526S18538470x526S30f00482x483S26a00512x549S26a10465x549S2fb04493x568
cena,,1825,M527x518S1ea41499x499S15a37482x491S20601473x483
cenik,,1826,M551x539S1ea41475x498S15a37458x490S20601449x482S18520503x462S26500517x483S26500517x503S26500517x523S22d04535x489
center,,3985,M528x528S15d39477x505S1c552473x472S20600506x492
centimeter,,1827,M522x510S16d10479x490S14b50499x494
cepljenje,,1832,M537x534S26602507x518S21416488x482S13f10507x488S22204510x478S36d00479x467S37604479x467
Cerkev,,3178,M540x549S15a10476x489S15a18460x489S26516502x525S22b20466x451S2fb04512x543S15440525x490S15438500x490S26502525x525
cerkev,,156,M514x532S15a10502x505S15a18487x505S22b20493x468
cerkvena hierarhija,,4121,M532x536S15a10484x509S15a18469x509S22b20475x472S18210509x521S22a00519x501S22a00519x483S22a00518x465
cerkveni dostojanstvenik,,3875,M546x532S15a10469x505S15a18454x505S22b20460x468S15a00496x504S28438491x470S1ed26527x470S22b04526x502
cerkveno sodišče,,3518,M590x551S15a10425x486S15a18410x486S22b20416x449S11540497x474S11548456x482S23604485x507S23610443x520S2fc04480x540S1ed20564x489S1ed28532x490S22a06567x515S22a12544x515S20500555x475
cerkveno sodišče,,3519,M557x551S15a10458x486S15a18443x486S22b20449x449S11540530x474S11548489x482S23604518x507S23610476x520S2fc04513x540
cesar,,4107,M553x518S30000482x483S16d10529x470S2d608524x494
cesarstvo,,4108,M588x565S30000482x483S16d10529x470S2d608524x494S14c50559x512S2e83a556x549
česati,,1925,M541x518S20310521x482S2ff00482x483S22f04516x463
češčenje,,3785,M582x542S15a10570x515S15a18556x515S20500571x499S2f900559x504S30007482x483S18510516x486S24e34525x510
česen,garlic,1927,M557x529S13f10506x489S13f18470x484S22204515x475S22204482x471S2ef01539x482S2ef11444x480S26506506x515S26512481x515S20500495x498
Češka,Czech republic,1929,M538x569S26a06519x542S15d00519x509S20e00519x495S30005482x483
češnje,cherries,1931,M552x536S10e14526x476S33010479x483S27204512x517
češplja,plum,1932,M620x569S2ff00482x483S11510510x509S2480b511x545S26512563x553S26506583x553S20500577x540S22204592x515S22204559x515S13f10591x527S13f18541x528
cesta,,540,M528x540S1ce40506x510S1ce48473x510S26600506x471S26610478x472S2fb00492x461
čestitati,,1928,M520x527S15d41495x504S2360c481x473
cestnina,,1828,M547x540S1ce40487x510S1ce48454x510S1f436527x508S26600488x472S21100534x489S26610459x472S2fb00476x460
četrtek,,1933,M552x560S30005482x483S26a06536x533S20e00520x497S21700516x512S10602526x512
četrti,,341,M512x529S14420490x471S2df00488x508
četrto,,3239,M528x519S14408472x484S10021498x498S20500499x482
cev 1,,975,M534x533S1ce50503x483S1ce58478x483S22b06504x517S22b12467x517S20500497x467
cev 2,,1203,M533x526S20500495x475S22b12468x510S22b06503x510S17650502x490S17654482x490
čevapčiči,grilled special grind meat with spices,1934,M529x525S15a37472x475S10051480x488S2f001508x505S20500476x500
čevljar,,3482,M549x544S20301476x457S20307506x458S37600489x472S24e34505x502S24e34528x502S24e4c475x502S24e4c451x503S2fb04494x538
čevlji,,1935,M528x532S15a57476x509S15a43473x489S2d709499x476S21100475x470S26932495x469
čevlji,,1936,M525x524S11549478x497S11541501x488S20601475x476
čez,over,1937,M532x527S15a57469x474S18151489x492S2b702507x477S21401512x515
cigara,,1284,M550x518S26507537x471S1ce20520x488S33b00482x483
cigareta,,1283,M546x536S26a00519x487S10e00515x506S33b00482x483
čigav,whose,1938,M542x560S30004482x483S10000488x530S26500528x499S15a20529x522S2f900495x521S30c30489x489
Čile,Chile,1939,M521x524S36d00479x477S1ce11469x487S21e03460x506S2f900478x519
cilj,,1833,M513x543S15a37489x520S1c551488x483S20500487x515S22a04495x458
čin,rank,1940,M521x536S36d00479x518S26602451x465S20610465x525S10a54466x484
cingulum,,4122,M567x547S22b04535x517S1ea09515x462S1ea01539x472S36d10479x453S2ed21531x493
čip,chip,1941,M522x523S11539479x496S11551495x495S20500488x478S2f900503x481
Ciper,Cyper,1834,M551x533S1dc21480x489S1dc29449x489S1f420522x494S2d604508x520S20500474x519S20500473x468
čistilka,scrubwoman,1942,M539x581S11541451x534S20e00460x519S11549429x528S26a07472x560S33010479x483S1ea10516x507S20800524x493
čistiti,,782,M532x531S11541490x484S20e00501x469S11549469x477S26a07511x510
čisto,clean,1943,M531x526S11541489x491S20e00498x474S11549469x483S26607509x504
čistost,,3520,M535x533S11541495x494S20e00504x477S11549475x486S26607513x511S2f801465x468
čitalnik,reader,1944,M539x548S10e00461x453S2480c463x491S15a37503x497S15a51494x507S26c09521x528
civil,,1921,M534x530S15a10513x482S36d00479x470S22f04509x516S21100492x516
član,,1295,M521x534S15a48479x480S1ed40495x487S22e04502x516S20e00493x467
članek,,1945,M515x530S15a18485x492S19a11487x470S22b04499x500
članek,,3934,M514x523S22e04492x505S19a20486x477
članstvo,,4070,M550x530S15a18450x492S19a11452x470S22b04464x500S16c48493x501S18511522x475S28a13515x501S26932548x496
člen,,4077,M528x526S22214472x475S16d10474x485S16d20502x485S26606498x510
člen,,4139,M528x527S22214472x474S16d10475x485S16d20504x485S26606498x511
človek,,1248,M545x519S2880a523x507S1f410515x485S30000482x483S22204518x475
človek,,841,M547x518S1ee11454x476S1f410518x483S30000482x483S2880a491x468
čokolada,chocolate,1946,M533x529S1e140500x472S1e148473x472S26606503x513S26612468x513S20500495x502
čoln,boat,1947,M515x539S18130503x498S18138485x498S26620491x462S2f900495x534
cona,zone,1835,M558x549S14c50530x518S2e832526x495S36100482x483
copati,slippers,1836,M522x530S15a37499x507S11504500x471S20601479x507
čopič - mali,,1948,M526x521S11551494x496S15a49474x479S22234500x484
čopič - veliki,,1949,M563x526S1ea40534x505S36d00479x474S23600524x480
črka,letter,1950,M515x518S1f110486x503S26500499x482
črka A,A,1805,M541x518S34c00482x483S1f820523x502
črka B,,1806,M539x518S35000482x483S14720525x495
črka C,C,1807,M540x522S36100482x483S16d10523x502
črka D,D,1809,M540x519S35d00482x483S10110524x489
črka E,E,1810,M539x518S34700482x483S14a20524x501
črka F,F,1811,M545x518S36500482x483S1ce20523x487
črka G,,1812,M555x518S35d04482x483S1df26525x499
črka H,H,1919,M553x527S11502523x512S35800482x483
črka I,I,1813,M510x513S19221491x487
črka J,,1917,M567x522S33f00482x483S19220546x503S2a20c528x486
črka K,K,1815,M553x518S14020524x485S35d04482x483
črka L,L,1816,M549x518S1dc20525x488S35c00482x483
črka M,,1817,M546x518S18d50526x492S33b00482x483
črka N,N,1818,M546x518S11950524x491S35d00482x483
črka O,O,1819,M541x518S17610525x501S34400482x483
črka P,P,1820,M542x519S10350522x489S35000482x483
črka Q,Q,1914,M566x518S1ee56544x491S35d04465x483S34600500x483
črka S,,968,M537x518S20320522x501S36100482x483
črka Š,,27,M560x522S20320523x501S2df02541x498S34500482x483
črka T,T,1883,M552x523S35d00482x483S1de02522x501
črka U,U,1903,M540x518S11520525x486S34600482x483
črka V,V,1905,M540x518S10e20525x486S36500482x483
črka W,W,1907,M540x518S18620522x487S36500482x483
črka X,X,1912,M584x518S10a20558x491S33f00446x483S36100518x483S35d04482x483
črka Y,Y,1910,M552x518S19a20524x495S33f00482x483
črka Z,Z,1884,M565x518S10020525x488S2450a534x479S36100482x483
črka Ž,,28,M570x518S11520526x485S2450a539x481S34500482x483
črkovati,,1350,M529x534S1f720472x499S22620499x467S26606499x518S14e20500x482
črn,,797,M543x551S15a00525x486S28903511x523S2ff00482x483S22e32540x518S21410524x474S2f700531x544
Črna gora,,1952,M589x559S15a00523x487S28903512x518S2ff00482x483S22e32540x514S11851558x539S23c05556x514S21410522x476
Črna gora,,1954,M548x518S11810525x488S33010479x483S26a00521x468
črv 1,worm,1234,M524x533S15a40476x487S10a50492x507S21810493x493S26500510x467S21100495x469
črv 2,worm,1961,M532x529S10a51499x509S21811486x489S26601468x472
čudež,,3786,M573x573S31a00482x483S22200524x482S2fb00493x469S1f410512x495S1f418457x495S22200463x481S15d0a546x513S10000548x525S22a00549x558
čuditi se,,64,M541x539S31a00482x483S22200524x482S2fb04493x533S1f410512x495S1f418457x495S22200463x482S26500527x516S26510458x516
čudno,,1955,M544x601S14c08471x553S14c00509x552S30346481x476S21600478x541S26500514x585S26510475x586S21600516x540S20e00532x549S20e00460x550S36d00479x530S31a30488x499
čudno,,4173,M541x539S31a00482x483S22200524x482S2fb04493x533S1f410512x495S1f418457x495S22200463x482S26500527x516S26510458x516
čudno,,4174,M541x539S30346482x476S22200524x490S26500527x524S1f410512x503S31a40502x500
čudno,,4175,M537x561S31a00482x483S15300520x487S15308464x487S21410520x475S21410465x475S25604521x517S25614463x518S2f900525x551S2f900467x551S2fb04493x555
čudovito,wonderfully,1958,M522x538S16f21495x491S16f08479x483S20a00492x462S27220483x519
cunami,tsunami,1922,M527x546S14c20504x515S14c28474x515S2c320487x486S26620490x454
čustva,,4210,M521x543S36d00479x457S21100475x529S18552495x494S22f24490x528S1855a495x465
čustvo,,1957,M521x545S15a57422x522S1d451429x493S20800415x517S22b20427x456S18552494x495S36d00479x484S22f04484x528S21100468x528
čutiti,,1956,M520x545S15a57488x522S1d451495x493S20800481x517S22b20493x456
čuvati,,1960,M530x577S37803494x547S10e21473x529S3780b480x544S20601463x555S10e57505x520S35d00482x483
cvet,,1042,M518x545S33100482x483S17630492x529S21c00497x520
cvetača,cauliflower,1837,M593x567S20500553x484S17630493x530S22e30526x529S33100482x483S14e10568x535S14e18524x536S28901558x500S28919531x500S22e30573x528S21c00498x520
cveteti,,2368,M518x545S33100482x483S17630492x529S21c00497x520
cveteti,,2369,M532x559S21c00522x501S17630467x514S21c00471x502S17630516x515S2ff00482x483S28911472x534S28909505x534
cvetje,,1043,M518x545S33100482x483S17630492x529S21e00493x520
cvetna nedelja,,1041,M539x545S2e300509x484S10b00509x519S2ff00503x482S33100461x483S17630471x529S21c00476x521
cviček,cvichek - sort of slovenian wine,1923,M531x531S1ed10470x511S14010502x501S2c300502x470
D,D,1889,M508x515S10110492x485
d.o.o.,,579,M533x515S10110467x485S17610492x499S17610517x499
da,,146,M551x539S19a40523x496S23004524x521S33e00482x483S22814490x471S31a30489x490
da,,147,M549x542S22e04527x524S19a40521x502S22804495x471S2ff00482x483
da,,152,M551x541S19a10523x498S33f00482x483S22804496x471S22e04529x523
da,,2247,M550x561S19a10522x518S2ff00482x483S22804495x468S22e04527x543
da,,2577,M514x523S19a10486x478S22e04490x505
daj,,2977,M514x526S1ea02489x475S2c304487x502
daj,,95,M551x556S32107482x483S20500494x545S2c304524x522S15a32487x527
daj mi,,756,M516x544S1ea30484x457S1ea52487x521S2c304489x488
daješ,,2988,M519x526S1ea02488x474S2c404481x502
daleč,,578,M511x534S10040490x504S28700495x467
daljinec,remote,1962,M522x522S1f940488x483S2eb36478x506S21912516x478
Damask,,1963,M518x547S33b00482x483S22204484x522S13f50483x532
dan,,258,M515x526S1ce10492x475S2890a486x511
dan vernih duš,,3877,M581x533S1ce10426x467S2890a420x503S1d440497x481S1d448465x488S22f04504x519S18542552x487S22f04540x519S21100568x519
danes,,96,M534x522S15a31506x479S15a37471x479S22f04509x508S22f14466x508
Danska,,2225,M524x524S11e02483x477S29906492x508S21100476x510
dar,,2976,M531x533S1ea02497x510S2c307506x482S1ea0a470x510S2c317474x481S2fb00496x468
daritev,,3137,M531x535S1ea02506x512S2c300505x480S2c311469x481S1ea0a474x512S2fb00491x465
daritev,,3258,M529x547S18100514x518S18108475x517S2c300503x489S2c311471x489S15d30509x454S15d38471x454
daritev,,3878,M530x535S15d00511x508S15d08471x508S2c300503x478S2c311472x478S2fb00492x466
darovanje,,3792,M529x528S15d30510x502S15d38471x502S2b700502x472S2b711479x472
darovati,,576,M533x529S15a07469x506S15a01510x506S2c311468x472S2c300506x472
darovati,,94,M535x540S15a30475x461S15a30512x461S26500511x493S26510474x494S15a01512x516S15a07465x517
darovi,,3078,M562x548S15a07439x525S15a01480x525S2c311438x491S2c300476x491S1000a511x503S10620541x495S20a00520x482S2f000540x527S2f013511x452
datelj,,580,M532x525S2f900496x475S13f18469x510S13f10503x510S22214504x499S22214476x499S20500496x483
dati,,1838,M513x527S1ea02488x504S2c300487x473
dati,,2978,M531x535S15d00503x508S15d08470x508S2c307506x484S2c317478x481S2fb07513x466
dati,,3174,M539x532S26213462x493S26203489x499S1ea01511x476S1ea0a482x469S2fb04464x526
dati,,3791,M530x535S15d00511x508S15d08471x508S2c300503x478S2c311472x478S2fb00492x466
datoteka,,581,M527x533S18218473x467S37900476x481S18510498x483S20602481x483S20500481x508S22b04511x503
datum,,1964,M533x525S15a57467x499S18051493x476S26507520x497S21100505x511
datum,,3625,M533x526S15a57467x500S18051493x477S26507520x498S21100505x512S21401493x475
datum,,575,M534x523S15a37466x500S21100507x504S26507521x491S18051493x477
davek,,583,M549x527S15a57484x502S15a41509x489S2b702524x474S21100458x473S1f436451x498S21401530x508
davi,,1965,M535x543S36d00479x457S1d402503x472S1d40a469x472S20e00517x531S20e00477x531S2c300509x502S15a31430x478S15a37399x479S22f04430x514S22f14396x515S2c311470x502
DDV,VAT,1966,M533x516S10110468x486S10110492x485S10e00518x485
debel,,1967,M554x539S14c0a466x480S3760f534x490S37607447x490S14c02504x480S22f20490x461
debelo,,1968,M514x521S17310490x501S26a00487x480
deblo,,2367,M524x541S14c28477x472S17d02507x484S37900488x499S22b04508x511S20a00506x460
deblo,,585,M557x564S14c10453x475S37601464x505S15a37458x541S22b00535x482S22b10502x483S2e230454x437S15040531x515S15048497x516S2f900444x544
deček,boy,1840,M558x531S2ff00482x483S10052521x490S2f001537x511
december,,1969,M539x535S14c20491x466S14c28462x467S2fb04482x501S10e20524x467S22b04523x505
december,,586,M521x529S10111475x484S36d00479x472S20600473x518
dedek,,1058,M539x533S1e158466x468S1e150509x468S22f04514x506S22f14461x506S2fb04493x527
dedič,inheritor,1841,M538x539S1000a467x495S10010475x490S22b04518x491S26726463x523S20500467x476S20600480x476S1ed26519x461
dediščina,heritage,1842,M552x534S1000a514x486S10010522x481S1ea0a448x488S26726510x514S20500514x467S20600527x467S23024460x516S1ea02475x488
dedovanje,inheritance,1843,M559x542S1000a445x498S10010453x493S20600458x479S26726441x526S20500445x479S1000a495x500S10002514x504S2eb07535x475S2eb43507x468S26527542x458S2fc04513x529
deflacija,deflation,1844,M543x539S1ea41483x492S15a37466x484S20601457x476S18310517x462S22a04530x486S22a04530x505S22a04530x524
dejavnost,,1845,M535x535S20300513x465S20302472x465S2e60d506x488S2e615465x488S2fb04493x529
dejstvo,,402,M522x525S20601503x475S15d39478x497S15d31492x502
dekagram,dekagram,1847,M516x541S10049484x494S10041495x494S22a20493x469S2f900493x460S20500495x530
dekan,,3521,M589x546S1f010511x512S26506523x531S36a30491x506S2ff00482x474S15d59566x523S1f502565x498S20500555x523
dekle,,189,M544x533S33010479x483S20800524x492S1d447519x508
del,part,1848,M530x526S10049471x487S10041484x487S20e00471x474S28109508x503
delati,,462,M520x516S20600480x495S20302505x484S20300505x501
delavec 1,worker,758,M538x532S20600462x511S20302487x500S20300487x517S22b04518x502S1ed26519x469
delavec 2,worker,1849,M544x549S1ea52481x508S1ea5a456x493S2eb00490x468S2eb4c459x452S2fc04472x538S1ed26525x458S22b04524x489
delavka,,1850,M541x561S20600432x541S20302458x529S20300458x546S33010479x483S1ea10518x506S20800525x488
delegat,,1851,M520x530S10018481x493S10010489x500S26627498x470
deliti,share,1852,M532x528S15a37485x492S15a41502x472S20611468x477S26707501x497
delivec obhajila,,3935,M626x557S33b00482x483S1d402521x466S22b06524x500S22b04528x496S18116565x545S1ea12569x515S2c300568x484S1ed26607x490S22b04607x521
deljenje,,1853,M521x526S15a18479x495S10c10500x504S20602492x475S22a04508x479
delnica,,1856,M548x539S10049456x499S10041469x499S20e00453x482S28109490x516S1f436529x478S21100535x461
delničar,shareowner,1970,M549x539S10049454x499S10041467x499S20e00451x482S28109488x516S1ed26530x462S22b04530x494
delo,,3166,M520x516S20600480x495S20302505x484S20300505x501
delodajalec,,1857,M563x541S20602437x514S20302452x509S20300452x526S1ea02507x516S1ea0a480x517S26900513x493S26910480x494S1ed26544x459S22b04543x490
delovno mesto,,1858,M539x519S20602462x492S20302477x487S20300477x504S20310524x496S20318505x496S20600512x481
delovodja,,1859,M537x538S20602463x509S20302478x504S20300478x521S15a57514x515S1d452506x490S20800505x513S26520514x463
demokracija,,1503,M536x542S10001476x459S10009510x458S37600491x483S2841e465x523S20500497x505S28406503x523
demokratično,,1504,M528x555S10001473x446S10009507x445S37600488x470S20500494x448S26612484x539S26606486x526S2df08506x498S2df10474x499
demokratično,,3386,M536x542S10001476x459S10009510x458S37600491x483S2841e465x523S20500497x505S28406503x523
demonstracije,,1502,M514x528S20300493x496S20300493x513S26a20487x472
denar,,554,M523x524S22844491x479S21100477x477S1ea07498x496
denarnica,,1505,M551x535S18050521x520S21100450x465S17d48502x514S22f04506x489S1ea07471x483S22844466x466
deseti,,347,M526x534S14c20503x466S14c28474x467S2df00502x502S2df18478x501S2fb04491x528
desetnik,corporal,1971,M521x525S36d00479x502S1f444459x501S22204480x520S26502456x475S21100478x475
desnica,,3183,M527x536S14c00504x465S37800515x495S10009489x506S20600473x500
deveti,,346,M525x535S14c20502x467S14420477x466S2df00501x503S2df18475x503S2fb04491x529
devica,,3206,M539x570S11541441x536S20e00450x519S11549421x528S26507464x557S33010479x483S1ea10516x509S20800526x495
Devica Marija,,33,M563x533S2fb04525x527S11549437x492S20600538x467S11541451x491S20e00457x477S26507477x515S15a01504x483S15a07540x483S37600521x502S20600507x468
dež,,1648,M547x538S15050520x478S15058454x479S22f04522x515S2ff00482x483S22f14453x517S2fb04494x532
dežela,,1984,M520x528S14c50489x473S2ec32480x511
dezerter,,3388,M599x528S36d00479x480S20300506x493S20500510x514S18159541x492S18151573x495S26501557x473S21404584x523
dezerter,,3389,M600x532S36d00479x487S20300506x500S20500510x521S15a57544x494S15a41576x496S2d202549x469S21404585x524S20b00561x514
dezerter,deserter,1983,M573x553S36d00479x447S20340505x456S20500508x475S15a56536x473S15a14552x490S2d200547x530S2f900554x523
deževnik,plover,1985,M616x553S15050519x472S15058454x471S22f14453x514S2ff00482x483S10a51583x533S21911570x520S26501560x510S22f04520x512S2fb04495x533
dežnik,umbrella,1986,M515x533S20306499x518S20302499x502S20500485x513S22b00499x468
dežuje,rains,1989,M547x562S15050520x498S15058455x498S22f04522x537S34100482x483S30c30490x491S22f14455x538S2fb04494x556
dežurstvo,,400,M524x527S36d00479x474S3790a460x475S1ed00478x484S26506492x512S21100474x513S21410509x490
diagnoza,,1990,M562x539S11549443x501S11541464x512S20601438x491S1d459505x500S1d451537x500S22a00541x476S22a10512x477S2fb00524x462
diakon,,3522,M563x539S19a01468x485S36d00479x476S22c05494x505S21100487x525S1ed26544x461S22b04543x493
diakonska štola,,1975,M527x532S19a01468x478S36d00479x469S22c05494x498S21100487x518
diaprojektor,slide projector,1991,M531x525S11502470x509S26502483x489S26510517x475S21c00521x498S17620515x509
dieta,,1992,M586x568S1ea00494x522S33b00482x483S26500497x550S15a40556x516S15a48535x516S26a04538x554S26726544x545
digitalno,,3829,M538x543S10050511x457S10058473x469S2490a502x495S24912463x507S2fc04497x532
dihati,,1256,M536x532S1de29464x495S1de21505x495S2f900513x526S2f900474x527S23004511x468S23014464x468
dihati hitro,,538,M548x589S1de51480x524S1de59433x526S33930532x508S2f900445x553S33a30541x509S2f900488x551S34400452x480S33a30524x509S2f700530x489S23004483x570S23014435x571
dijak 1,,1105,M549x537S15a43483x493S20700484x522S22b04530x496S36d00479x485S1ed26530x464S37908479x486
dijak 2,secondary school child,1993,M533x531S37602468x470S10051495x510S20601472x498S2aa02505x479
dijaški dom 1,,1994,M566x533S37602435x467S10051462x507S20601439x495S2aa02472x476S15a11542x483S15a19515x483S20500533x467S22b05542x508S22b13516x509
dijaški dom 2,,1995,M580x534S15a43484x491S20700485x519S22b13533x507S36d00479x486S15a11557x483S15a19532x483S20500551x467S22b05556x506S37900479x488
dikmnikar,,901,M557x542S15a4a460x515S21b00444x461S21b00445x529S22d00490x489S17730457x490S17730456x459S21b00444x496S17730457x524S20300522x509S20302522x493S22f24517x528S21510542x504S2fb00522x480
dim 1,smoke,900,M531x534S15a0a469x510S21b00500x472S21b00501x521S22d00515x475S21b00501x496S17430476x467S17430477x492S17430477x518
dim 2,smoke,1996,M513x540S15050487x509S25308488x460
dimnikar,chimney sweeper,1997,M555x549S15a0a446x494S21b00477x456S21b00478x505S22d00490x459S21b00478x480S17430453x451S17430454x476S17430454x502S20341518x489S20349525x507S20500545x499S22f24518x535
dinja,,1999,M593x584S1f740477x517S30004482x483S21100455x541S22f04471x539S1ef40564x554S1ef48529x554S28907563x510S2891f533x510S20500558x573S22204567x544S22204547x545
diploma,,399,M525x530S22a13475x509S20337484x491S22a07512x479S2fb04495x524S20357494x489S20500491x471
direktno,,2299,M517x524S15b00483x497S2c307492x476
direktor,,2000,M527x532S20356479x517S23114473x494S2fc00491x469S20352507x512S23100501x488
dišati,,2306,M528x539S2ff00482x483S26606498x523S31630489x490S33110499x491S11512493x505
dišati,,2308,M518x567S2ff00482x483S33110499x493S11810493x520S26a00487x553
disciplina,,403,M534x531S15a43511x470S15a4b466x471S25524502x509S26726487x500S25524484x509
diši,,2309,M533x542S33100475x483S10001512x512S20500495x501S33a30518x496
diši,,2310,M525x536S33100475x483S11512488x521S20500495x501S33a30518x496
diskont,,2302,M580x546S1ea02479x491S1ea0a449x502S27103496x468S27111421x479S2fc00462x455S15a48545x491S15a50562x497S20e00558x478S22f04555x532
diskusija,,2298,M541x545S10010507x496S10018479x484S23600502x469S23614459x456S2fc04493x534
diskvalifikacija,,2303,M525x522S15a48476x484S1bc47491x484S21c00519x479S2f900490x517
distrofija,,2338,M558x548S37606443x457S16c40454x473S20800452x453S18116494x500S1811e529x499S22a04536x520S22a14500x519S2fb04517x542
divji,,2311,M549x518S2ff00482x483S1bc10517x466S1bc18463x467S22a11451x444S22a07536x443S21c00528x457S21c00466x457
divji kostanj,,2312,M599x555S2ff00482x483S1bc10515x466S1bc18464x466S22a11454x442S22a07535x441S15a57547x524S1bb21563x497S21415586x517S20601561x536S21e01556x489S21c00526x456S21c00468x458
dizel,,2314,M516x527S1ce40492x474S2eb32484x511
dlaka,,2315,M531x544S15a57508x489S3790b476x505S18552487x493S26507469x472S26507487x456S22215475x482S20e00472x522
dlan,,2316,M517x522S15a37484x478S15a51494x490S21100487x508
dlančnik,,3449,M524x535S15a1f477x499S10011499x505S26a04497x466S20e00488x490
dlesni,,2317,M520x569S36510482x483S10001499x522S26506498x555
dnevi,,3063,M522x539S1ce10491x462S28b0a478x499S28b0a478x519
dnevna soba,,1867,M593x572S26912550x556S30007482x483S2df04521x513S11537547x526S1153f566x525S26906573x556S10121515x485
dnevnica,,2318,M579x558S1ea38549x537S21100566x517S10121514x486S30007482x483S2df00523x508
dnevnik,,3839,M547x533S30007482x483S10121517x487S2df00526x512
dnevno,,1866,M547x533S30007482x483S10121517x487S2df00526x512
dno,,2319,M526x533S15a37475x467S15a31485x479S21100489x519S2e733504x502
do,,2320,M516x525S10020485x476S26606486x509
do zdaj,,2904,M574x538S19a30546x487S19a38509x487S2fb04534x532S22f04548x514S22f14510x514S10049426x481S10041450x481S20500443x463S26606456x513S2f900488x518
doba,,2321,M548x526S15a37470x479S10051457x474S21100453x493S15a40536x477S15a48510x477S22a24522x511
dober,,2359,M541x518S26500521x465S1ce10519x488S30005482x483
dober tek,,2323,M525x524S11831500x493S15d39484x476S20601475x505
dobiček,,2324,M549x531S1d452521x481S36d10479x470S21100520x517S22a04536x515
dobiček,,4018,M521x529S1d452466x479S22a04481x513S21100465x515S36d00479x471
dobiti,,1202,M520x530S15a32481x502S20500492x519S26603498x471
dobričina,,2325,M579x551S22b04560x521S1ce01520x494S33d00482x483S1ed26560x490S25604531x520
dobričina,,2853,M568x550S22b04549x520S1ce10520x487S33b00482x483S1ed26549x490S20500503x497S26500522x464
Dobrna,,2854,M528x523S15d02476x477S23604472x506S21100515x508
dobro,,2516,M511x530S1ce10489x500S26500491x480S2f900492x471
dobro,,3263,M541x518S26500521x465S1ce10519x488S30005482x483
dobro,,354,M511x527S1ce10489x497S26500491x474
dobro (ocena),,1423,M523x527S15d39500x504S20b00477x506S11e41483x473
dobrodelnost,,2326,M566x541S10001485x483S10009462x483S28c13462x516S28c0b479x515S36d00479x474S15a00554x486S15a00534x486S2b720537x459
dobrota,,2327,M549x556S1ce01522x498S33b00482x483S25604533x526S20500505x500
dodati,,2328,M524x522S1ea01496x501S28901477x478
dodatno,,3498,M517x557S15a06484x528S18510490x502S37900511x517S23502496x457S22a00504x444
dogajanje,,2329,M541x539S10000512x476S10008471x462S23600502x512S23614460x498S2fb04491x533
dogodek,,2170,M515x528S15a06488x494S10000486x498S22a00493x472
dogodki,,3064,M515x526S15a06488x492S10000486x496S22f00487x474
dogovor,,2297,M544x587S35d00482x483S27104504x548S27110454x557S1ea10508x519S1ea18469x528S2fc04493x576
dogovor,,3430,M539x604S33b00482x483S10001507x521S10009473x523S27114463x571S27100499x558S2fc04495x593
dohodnina,,2330,M549x527S15a57484x502S15a41509x489S2b702524x474S21100458x473S1f436451x498S21401530x508
dojenček,,2331,M524x534S18130512x467S18138478x467S2d824478x504S2d82c476x519
dojenček,,2342,M537x535S18137515x473S1813f463x466S3780e484x493S3780e484x485S2d624489x504S2d62c487x522S2f900496x470
dojeti,,4131,M568x518S30007482x483S14c20545x435S18510517x484S26503531x465
dojiti,,2343,M532x532S37805473x514S18136503x520S18502483x481S36d00479x469S20600493x496
dokaz,,401,M525x522S20601506x478S15d39476x490S15d51487x499
dokler,,2332,M545x528S10050456x480S26606455x512S15d0a494x489S15d40526x472S22a04526x513
dokument,,2333,M525x522S17d34475x501S15a30513x495S20710476x479
dolar,,2334,M528x530S15a0a473x479S18540502x481S20700477x498S22214503x471S26a06514x503
Dolenjska,,2335,M580x524S10001478x494S36d00479x484S2d200503x499S15a50560x496S2e832548x476
Dolenjska,,3914,M561x535S10101480x476S2d200481x509S36d00479x466S14c50536x483S2e732536x519
Dolenjske toplice,,2336,M548x578S10001452x537S36d00453x527S2d200477x542S2e300520x551S30004512x483S15d00525x520
dolg,,109,M528x529S1ec28472x471S22f06514x495S1ec20503x471S22f12473x496S2fb04493x523
dolg,,2337,M528x536S1e220506x464S1e228474x464S26a06513x496S26a12473x496S2fb04493x530
dolgčas,,1186,M521x543S15a01498x520S30004482x483S20600470x516
dolgo,,405,M517x549S20e00503x503S10050502x468S37800489x482S26604501x519S10050483x452
dolžnik,,110,M548x534S1ec20487x492S22a06493x521S22b04529x498S1ec26529x466S1ed28453x492S22a12458x521
dolžniki,,163,M547x526S1ec20489x491S22f04522x511S22a06491x513S1ec26526x475S22a12461x513S1ed28453x491
dolžnost,,4005,M522x526S1d422479x475S22f04481x512S21100509x512
dom,,2095,M536x526S15a11502x490S15a19477x491S20500496x475S22a05523x511S22a13465x512
doma,,2820,M526x534S15a11500x482S15a19475x483S20500493x466S22b05502x509S22b13475x510
domišljav,,4001,M536x542S33100482x483S10b11506x503S20e00519x486S22a00521x527
domov,,2171,M547x518S2ff00482x483S1dc21517x485S26500523x463S1f410510x438
domov,,2441,M548x528S2ff00482x483S1f410519x493S26500534x513S22204535x481
dopisnica,,3431,M545x545S19a10487x504S19a18455x504S20500480x488S26506490x531S26512466x531S17620529x486S21c00534x476S26500530x456
dopisovanje,,3432,M532x528S26a02518x492S21c00506x478S17610515x472S17618468x472S21c00487x478S26516469x497S2fd04489x522
doplačati,,3924,M533x522S1ea41485x487S15a37467x479S20500473x503S2b702508x504
dostojanstvenik,,3879,M528x531S22b04509x501S1ed26509x469S28438473x469S15a00478x503
dostojanstvo,,3880,M521x528S36d00479x472S11532469x484S2b700478x505
dotik,,1010,M542x519S2ff00482x483S15a21501x496S20600520x485
dotik ozadja glave,,1009,M548x519S2ff02478x483S15a21502x496S20600526x491
dovoliti,,940,M537x530S1dc0a466x470S1dc02501x470S2df08516x500S2df10463x500S2fb04491x524
dovolj,,2161,M548x529S2ff00482x473S15a53525x483S26906525x513S36a30491x507
dragi,,3286,M521x537S15d01474x472S15d09468x474S36d00479x464S27122476x498S2f900462x516
drago,,3616,M546x533S1ea00522x512S28108526x478S30a00482x483S2f900532x469
drek-blato,,1723,M522x534S15a48479x473S19a50494x481S2a208498x506S20500493x467
drevesa,,2373,M534x552S14c10467x449S26506516x538S15a4a507x517S2e230496x452S37601478x480S3780e475x523S26506478x538S26506497x538
drevi,,2905,M564x527S30007482x483S15d01514x477S23603535x497
drevo,,584,M527x541S14c10479x459S20500497x516S15a1a474x529S2e230508x462S37900490x490
droga,,1006,M532x533S20330501x469S3780a493x483S20600499x522S19a01504x493S37a02469x468
drsanje,,3912,M525x544S10a30510x509S10a38477x518S2ea1c475x486S2ea30509x476S2fc00491x457
drugače,,3493,M538x537S10020505x490S10028484x490S2890a509x465S28912463x464S26933503x473S26935488x473S20500497x526
drugače,,3494,M538x532S10021503x483S10029470x483S2890a509x511S28912462x511S26933502x520S26935487x520S20500496x468
drugi,,339,M512x528S1de20488x473S2df00491x507
drugič,,3506,M512x534S1de20489x504S24e00491x467
drugič,,3576,M530x524S20e00487x512S15d39470x496S26507517x501S1de01496x476
drugič,,3614,M539x529S10052503x513S1005a467x514S2c300513x483S2c311461x483S2fb00492x472
drugo,,3202,M528x524S20500491x477S10021498x494S1dc09473x494
družba,,419,M544x531S15048509x471S15040465x470S26602514x513S26616456x515S2fb04493x506
država,,706,M527x529S26507514x516S11549479x490S11541492x489S20601474x472
duh,,3278,M565x533S16019475x482S16011503x482S18510540x493S20500494x468S20500495x506S18518436x496S26606505x517S26612465x517
duh,,3362,M576x553S16019463x508S16011491x508S18510528x519S20500482x494S22a06519x539S18518424x522S22a12442x540S20500483x532S10010557x470S22a00563x448
duhovna pomoč,spiritual help,1982,M581x541S16019453x497S16011486x497S18518419x507S20500476x487S22a06508x528S22b20561x460S22a12434x528S20500476x522S15a49558x506S15a41553x498S18510519x507
duhovna rast,,3882,M581x533S16019454x482S16011482x482S18510512x493S20500473x468S22a06510x513S18518420x495S22a12433x514S20500474x506S15d0a554x487S17630562x499S22a00564x518S21c00567x485
duhovne vaje,,3527,M586x539S16019454x476S16011482x476S18510519x487S20500473x462S22a06510x507S18518415x490S22a12433x508S20500474x500S10014561x469S25104553x506S21100573x525
duhovni pomočnik,,1979,M607x543S26506523x516S1f010510x497S36a30490x490S22b20558x475S15a49557x520S15a41551x515S1ed26588x472S22b04587x502
duhovnik,,2254,M569x560S1f010511x512S26506523x531S36a30491x506S2ff00482x474S1ed26550x500S22b04550x530
duhovnik,,3759,M540x545S1f010511x512S26506523x531S36a30491x506S2ff00482x474
duhovnik Strouhal,,2252,M606x551S15a37569x528S20341558x516S20e00548x535S2d207580x501S2d207583x479S1f010514x496S36a30490x490S26506528x514
duhovniki,,3304,M571x546S1f010511x512S26506523x531S36a30491x506S2ff00482x474S1ed26551x501S22f04546x532
duhovniška štola,,3523,M530x538S22b14473x508S36d00479x463S22b04514x506S21100461x514S21100501x513S1ee0e506x477S1ee06475x478
duhovniška štola,,3804,M530x534S22b14477x504S36d00479x466S22b04512x504S21100467x510S21100500x510S17b02503x481S17b0a471x481
duhovno,,3252,M521x531S18552495x481S36d00479x470S22f04487x517S21100471x517
duhovno,,3691,M516x535S21100503x521S28704485x501S10014492x466
duhovno,spiritualy,1981,M561x535S16019477x479S16011505x479S18510536x487S20500496x465S22f12456x510S18518440x487S22f06529x510S20500498x504
duhovnost,spirituality,1980,M533x544S21100485x530S2e832501x491S10014474x475S28704467x510S14c50506x457
duša,,4176,M525x540S22206476x508S2c300497x474S20e00505x528S15202488x505S2f800487x460
duša,,4190,M524x540S22206477x512S2c300496x474S20e00504x528S15252487x505S2f800486x460
duša,soul,561,M520x523S18552497x478S21100481x508S22f04495x509
duševni bolnik,,3883,M608x552S11549573x525S11541584x525S20600580x506S30007482x483S10c11516x478S22f03543x495
duševno,,3884,M564x518S10c11516x478S22f03543x495S30007482x483
duševno,,562,M576x576S18522561x531S20500509x474S22f04551x562S21100535x560S2ff00482x483S10011519x487
dvakrat,,3925,M532x529S1de01468x472S10049500x499S10041511x499S20500510x482
dvigalo,,559,M509x532S11010492x505S22b00493x469
dvigniti,,2035,M560x539S36d10479x490S15038449x507S15030525x508S28817452x482S2880f525x482S20330523x461S20330458x462S2f900549x501S2f900435x504
dvojezično,,2948,M518x581S1dc01447x530S20500458x523S22a04451x566S10a00492x522S30004482x483
dvojezičnost,,3433,M518x564S1de01450x534S20500457x521S26500455x499S33d00482x483S10a00490x523
dvomiti,,557,M535x590S10011497x533S10019484x533S2a450492x569S36f54466x520S30a00483x483S36f00481x518
dystrophy,,2340,M558x551S37606442x454S16c40453x470S20800451x450S18146493x499S1814e529x500S22b04537x521S22b14503x518
E,E,1890,M508x508S14a20493x493
e-mail,,2949,M531x536S12910506x475S12918469x474S21c00511x465S21c00480x465S2fd04487x530S26516469x506S26a02517x503
e-mail,,3827,M524x529S17d18477x472S18010493x479S2e008503x500
edino,,3216,M515x549S1d440486x482S1f502497x452S2e200495x517
edinost,,3528,M521x522S1f540506x498S1f548479x498S20500496x479
Egipt,,763,M553x532S34700482x483S15a11509x471S15a19470x471S24002519x491S2401a449x492S20500513x514S20500482x515S15a12526x519S15a1a449x520
egoist,,2681,M518x567S1f502492x527S20600489x556S31000482x483S35630488x505
EKG,,2680,M568x535S1c502473x491S36d00479x483S20600477x524S10050535x492S2490a532x465
ekipa,,2679,M523x524S16c18478x503S17e10500x509S20700493x477
ekolog,,2677,M583x536S11541437x494S20e00447x481S11549417x486S26607457x507S18530523x503S18538492x503S21c00528x489S21c00508x489S22a00526x521S22a10506x521S1ed26564x465S22b04563x497
ekologija,,2676,M566x528S11541455x486S20e00465x473S11549435x478S26607475x499S18530541x495S18538510x495S21c00546x481S21c00526x481S22a00544x513S22a10522x513
ekonomija,,2678,M542x590S20330455x522S2a206449x548S20330420x523S2a21e419x548S2fb04436x584S2ff00482x483S15011514x466S20500501x469
ekskurzija,,2683,M648x549S19a10517x485S19a18455x484S2ff00482x483S2e008521x511S2e010457x509S15a48554x511S10e12567x520S15a18603x511S10e02618x520S20500564x538S20500613x538
eksperiment,,2684,M545x568S23114454x543S1d440516x500S34700482x483S2fc04495x557S1d448456x509S23100519x534
ekspert,,2685,M561x596S20500488x585S15a18477x557S20500491x543S10e12497x526S10e02498x564S15a48477x519S1ed26542x487S22b04541x519S34700482x483
ekumenizem,,3606,M558x538S1d010482x486S1d048444x486S26602478x520S26616443x521S20a00464x463S1ce10536x486S1ce48518x486S20a00528x464S2e82e521x523
ekumenizem,,3626,M634x551S1f540461x505S22a04462x536S2ff00482x483S1f521510x459S28803520x481S26932543x477S15a10566x509S15a18552x509S22b20558x474S15440609x509S15448590x509S20500601x539S2d528580x494S2d528594x483S2d528612x494
ekumenizem,,3788,M533x537S2e82e496x522S20a00503x463S1ce48493x485S1ce10511x485S1f542467x489S22a04468x468
Ekvador,,2686,M519x517S14a20482x484S15a1a481x505S26506504x483
elan,,3770,M533x537S20350516x522S20358469x522S2910f504x491S29117467x491S20338480x464S20330505x464S2f900507x483S2f900483x483
elastika,,2687,M534x529S11002507x472S1100a467x472S26a06514x494S26a12473x495S2fb04493x523
električar,,2689,M548x559S11e40466x505S2ff00482x483S26a00460x545S20e00495x520S1ed26529x494S22b04528x524
elektrika,,2688,M518x559S11e40466x505S2ff00482x483S26a00460x545S20e00495x520
elektronika,,2690,M578x573S11e40466x505S2ff00482x483S26a00460x545S20e00495x520S14c0b522x519S14c03551x518S22b15537x549S22b03534x549
emancipacija,,2694,M530x532S18310506x513S18318470x488S28901499x486S20600485x469
emigracija,,2696,M515x537S18140498x488S1811a486x463S26500495x522S21404493x479
emigrant,,2697,M534x551S18140479x502S1811a467x477S26500476x536S21404474x493S1ed26515x449S22b04514x480
eminenca,,2698,M542x535S1ea10518x491S30000482x490S22e04525x517S30350495x476
emocija,,2700,M521x529S15a59421x506S14c51432x476S2880e449x510S20e00418x496S18552493x483S36d00479x471S22f04480x514S21100507x513
empatija,,2701,M528x529S15a59419x506S14c51430x476S2880e447x510S20e00416x496S18552502x484S36d00479x471S22f24487x514S21100515x513S1855a484x484
EMŠO,,2702,M539x551S14a20441x501S18d20457x490S33b00482x483S15000490x520S17610523x499
en,,2703,M508x523S1f540493x499S26500493x478
enako,,2614,M514x533S19a00486x467S27102493x493
enako,,2615,M521x527S19a10487x484S27100480x512S36d00479x473
enako,,267,M519x525S10050504x495S10058482x495S20600490x475
enako,,3011,M520x526S19a02496x475S23600481x509
enakomernost,,2704,M544x533S10050479x488S10058457x488S20600465x468S15a50511x491S15a58528x490S20500519x467S26506529x519S26512509x519
enakopravno,,2705,M544x533S10050479x488S10058457x488S20600465x468S15a50511x491S15a58528x490S20500519x467S26502529x519S26516509x519
enakopravnost,,2695,M546x525S10050479x495S10058455x495S20600463x475S11550531x494S11558507x494S22204529x478S22204512x478
enakost,,2706,M534x533S1f540467x489S26504467x518S15a50499x485S15a50517x485S20500509x467S26506519x519S26512496x519
endivija,,2708,M551x542S10e31526x496S10e39478x496S2e60d517x459S2e615481x459S2fb04506x536S14a20449x510
enkrat,,2709,M521x526S15a18480x481S1f504497x489S20e00494x474S22a04507x511
enosmerna cesta,,2710,M566x545S15a10469x494S26600467x459S22e04467x527S1f540435x493S1d440537x490S1d448497x490S26600547x456S26610500x457S2fb04525x528
enostavno,,1194,M534x530S26607512x508S15d51474x502S20e00501x508S2f801466x471S15d39487x489
erekcija,,2711,M549x530S36d10479x487S10040527x496S22e00532x470S20500498x519
Erevan,,2714,M523x562S1f502492x520S30004482x483S20e00511x515S22f04487x548
Eritreja,,2712,M543x518S18c21517x480S2ff00482x483S20600491x467
esesovec,,2713,M524x535S11820476x465S22b03499x487S22b03500x511
Estonija,,3012,M518x562S30004482x483S1f502492x520S20e00474x518S22f04487x548
etaža,,2715,M537x561S15a50518x514S2e73e512x545S34700482x483
Etiopija,,2716,M548x554S1f502526x491S2e404519x521S2ff00482x483S21410527x480
EU,,2717,M518x532S14a20482x482S11520503x468S29106482x504
evaharistija,,4124,M563x585S15a10454x506S15a18438x506S20500446x492S2fb04444x579S26602453x557S26606452x540S26612420x540S26616421x557S30004482x483S15d01540x518S15d09515x518S32110491x489S25e20531x484
evangeličan,,2718,M581x541S1ef07508x481S1ef0f467x482S36d00479x471S22b05507x516S22b13470x517S21100535x520S21100454x519S1ed26562x459S22b04562x492
evangelij,,3529,M535x538S15a48478x480S15a40507x479S20500494x463S37700513x512S37700483x513S28a0a499x519S28a12466x520
evangelij,,3789,M550x527S18020518x485S26a00523x507S15d02481x508S15d0a451x508S20e00485x494S20e00463x494S22f00481x473S22f10451x473
evangelijarij,,779,M557x542S15a40471x483S15a48450x483S2a208468x513S2a210444x514S20500462x470S1ea10534x458S1ea18496x458
evangelist,,3530,M548x538S15a48464x480S15a40493x479S20500480x463S37700499x512S37700469x513S28a0a485x519S28a12452x520S1ed26529x464S22b04529x496
evangelist,,3531,M569x545S15a48489x487S15a40518x486S20500505x470S37700524x519S37700494x520S28a0a510x526S28a12477x527S1ed26550x460S22b04549x494S15d39432x496S1eb52434x455S26a07455x465S20e00433x483
evangelizacija,,4123,M583x543S15a48430x485S15a40459x484S20500446x468S37700465x517S37700435x518S28a0a451x524S28a12418x525S14c57529x486S14c5f496x486S26507556x473S26507570x459S26511483x473S26511468x458
evharistija,,3790,M554x566S32110490x489S15a00542x514S30004482x483S15a00523x514S25d00540x489S25d10521x490S15a10452x510S15a18439x510S26606452x537S26602453x550S26612419x537S26616421x550S20500450x494
evro,,3923,M516x533S11520491x467S2a00a485x512S26933504x505
Evropa,,485,M512x523S2e300489x496S14a20492x477
Evropska unija,,3387,M529x530S2e300472x503S14a20475x484S11520505x470S28c06501x509
evtanazija,,3532,M539x553S18012513x467S1801a473x468S2f900507x502S2f900481x502S22703421x464S26501406x448S36d00479x458S20500520x499S20500469x500S2fc04495x542S15d59398x482S10e41435x476S2a50e506x516S2a516468x516
F,,1891,M511x515S1ce20489x485
facebook,,2926,M532x600S36500482x483S1ce20510x524S1ce28468x524S2fb04491x594S2e000506x560S2e018473x559
faks,,2950,M533x529S15d2e467x491S15a13502x485S2880e503x517S26937521x510S21410508x472
fant,,3598,M549x518S20600503x470S2ff00482x483S11521522x484
fant,,587,M540x518S14721519x486S2ff00482x483S20600503x470
februar,,2103,M508x533S22b04492x503S10e20493x467
februar,,2115,M528x527S1f613480x483S36d00479x473S22b05500x503S21100515x495
figa,,1254,M508x510S1fb40493x491
Filipini,,4216,M521x544S14012486x478S15a1a494x532S2e732495x457S20500480x522S22a04500x511
Finska,,3013,M518x546S30004482x483S10a00493x520S20500476x515
firma,,3500,M518x540S20500508x529S15a40496x461S15a06483x516S37900501x488
firma,,3501,M521x530S20500511x519S15a02479x471S15a06486x506S37900504x478
fižol,,4013,M529x531S15d38472x484S1c550496x483S20e00490x469S26a04502x517
fonetika,,2933,M549x573S1ed06530x521S36a00482x477S2df08528x552S21410530x507S20500497x463S15011512x462
fonetika,,3434,M576x523S1ed10486x504S36a00449x477S28108491x459S21410492x492S2ff00516x478S15011548x464S20500534x463
fotograf,,3392,M615x544S22204542x461S22204559x461S31500482x483S13f00557x470S13f08523x470S26500571x490S26510523x490S1ed26596x481S22b04596x514
fotografija,,3390,M586x518S22204542x461S22204559x461S31500482x483S13f00557x470S13f08523x470S26500571x490S26510523x490
fotografije,,3391,M586x518S26500571x490S26510523x490S31500482x483S13f00557x470S13f08523x470S22224533x460S22224556x460
Francija,,3014,M520x529S1ce10498x472S2df08497x508S2f700480x517
Francija,,3015,M521x526S11511477x485S36d00479x474S20600480x515
frančiškan,,4125,M594x566S22b04535x536S1ea09515x481S1ea01539x491S36d10479x472S1ed26575x434S22b04575x464S2ed21531x512S26616467x508S1ea09461x480
frizer,,1131,M573x559S36b00482x482S11510520x504S22b00523x466S1ed26554x488S22b04553x518S23700508x538
frizura,,1132,M539x548S36b00482x482S11510521x479S25104521x515S11518463x480S25114462x515
G,,2285,M515x509S1df26485x491
galeb,,839,M596x547S14c52464x493S14c5a404x494S22622451x493S22626439x493S26606453x524S26612411x525S15a27569x454S15a21514x455S23700557x488S23710510x488S2fb04440x541S2fa00550x518
Gambija,,3016,M534x528S10002504x472S1000a479x478S26602498x495S26616485x512S2f700466x507
gams,,3974,M535x518S30007482x483S10a00520x472
gej,,4057,M525x549S27102478x451S15d39476x526S20500515x513S2f900502x517S1f540478x499
gen,,840,M535x536S10e0a476x480S10e22495x477S20500492x465S2810a503x507S2814e465x505S2fb04494x530
generalka,,3596,M533x539S11820501x462S11828470x474S2e501510x492S2e519468x505S2fc04497x528
genocid,,842,M588x553S20e00520x533S30000482x483S2880a489x468S1f410513x482S15a37538x517S1f851539x528S26607558x531S22204519x473S2f900577x523
geografija,,825,M532x518S18550507x482S18558469x482S21100507x503S21100482x504
geslo,,3450,M518x581S1ec26455x541S26500456x519S1ea57494x522S33b00482x483S2a200492x553
gibanje,movement,1998,M545x537S36f28456x463S36f50524x463S36f54535x464S20352507x492S20356480x497S23108503x513S23110474x520
glagol,,1469,M539x527S20600461x506S20302488x495S20300488x512S1ed26520x495S26500522x473
glas,,2932,M543x528S1ed10515x509S36a00482x477S21410523x496S28108523x460
glasba,,2387,M527x536S10040506x464S10048478x464S28806502x524S2881e476x523S28816474x508S2880e505x508
glasilo,,1478,M618x552S1e240462x496S1e248516x495S30003482x483S2df08522x524S2df10459x526S30005482x482S15d39556x529S1c551572x491S26a03597x518S20e00557x516
glasovanje,,3900,M540x539S11520513x461S11528472x469S23604501x497S23610460x506S2fc04494x528
glasovati,,3901,M540x539S11520513x461S11528472x469S23604501x497S23610460x506S2fc04494x528
glava,,3140,M533x529S2ff00482x483S17b10516x486S17b18466x487S20500512x517S20500477x518
glava 1,,827,M543x518S16011520x486S16019458x486S2ff00482x483S20500511x473S20500480x473
glava 2,,828,M544x518S16011521x488S2ff00482x483S20500512x474
glava 3,,2882,M541x518S2ff00482x483S10011520x486S20500509x472
glavnik,,829,M545x518S2ff00482x483S20310524x483S22f04520x504
glavno,,1711,M544x518S34a00482x483S1dc21514x486S20500509x467
glavno,,830,M545x518S1dc21515x486S32b10482x483
glavobol 1,,2148,M618x588S2e50d595x561S2e515543x561S2fb04573x551S10b31590x517S10b39548x518S2ff00482x483S10011517x485S20500505x471
glavobol 2,,2879,M546x518S2ff00482x483S1c511521x467S30a30489x489S20600492x468
gledalec,,3471,M568x563S31510482x483S20600520x486S10e00523x500S1ed26549x503S22b04548x533
gledališče,,843,M546x547S1c502511x500S1c50a466x494S27114455x472S20600468x531S20600514x536S27100506x480S2fc00494x454
gledati,,831,M533x533S10000513x503S26500519x481S20500501x497S31410482x483
glej,,3319,M544x535S10000518x505S31410482x483S20600522x490
globoko,,832,M517x538S15a48483x463S10004500x468S25104499x505
gluh,,20,M530x532S11510513x502S2ff00482x483S20500520x488
gluhi,,2283,M574x550S11510513x502S2ff00482x483S20500520x488S1ed26547x505S23404537x536
gluhonem,,463,M532x551S11510514x503S33d00482x483S20500522x487S11500488x521
gneča,,833,M529x516S18530504x501S18538472x501S20600489x485
gnezdo,,834,M528x528S1813e492x487S18136476x487S28a06492x511S28a1e472x511S20500493x472
gnilo,,835,M564x527S10a20522x501S22224520x491S26600548x496S35600482x483S33110500x494
gnoj,,987,M523x532S15a48478x473S19a50495x478S20500493x468S2a20a497x503
gnus,,837,M518x571S1d412481x542S30d00482x483S22a00501x523S21100487x526
goba,,844,M520x529S20348493x514S18152486x500S2c500480x471
god,,846,M628x534S1f614550x481S22b04522x477S22b06519x480S30000482x483S16f10597x492S16f4f580x502S20700610x519
gol,,1646,M542x530S15a57458x498S1c551487x470S27107515x496S21100504x516
goljuf,,1215,M543x547S1153a474x532S11520486x500S22b04524x517S27202480x454S1ed26524x485S2f900458x520S20500471x517
goljuf,,2876,M548x545S20304500x528S11520481x503S22b04529x515S20500466x521S1ed26529x484S2f900452x524S37806470x535S27202478x456
goljufati,,1214,M524x548S1153a494x533S11520506x501S20500490x520S2f900476x524S27202503x453
gor,,3265,M521x533S15a37450x510S15a31479x509S22a00478x487S22a10461x487S2fb00468x478S36d00479x467
gora,,810,M519x531S11811489x506S23d05481x469
gore,,809,M524x528S11811490x503S24a0a477x473
gorečnost,,3771,M533x537S20350516x522S20358469x522S2910f504x491S29117467x491S20338480x464S20330505x464S2f900507x483S2f900483x483
Gorenjska,,2372,M543x547S11811471x484S24a0a458x454S14c50518x496S2e732518x531
gospa,,3470,M548x528S36d12479x496S15d4f524x485S20700530x513S37420492x482S37422492x473
Gospod,,184,M560x538S11522498x465S20500495x486S20500495x505S2ff00482x483S11502500x523S22a00543x444S10010545x461S22b00518x486
Gospod,,2258,M582x525S2aa00522x482S20500497x486S20500496x505S2ff00482x483S11502517x510S22a00569x474S10010561x495
Gospod,,3128,M550x527S2aa00522x484S32110491x491S30004483x482S11502517x512S30000482x483
Gospod,,3144,M558x525S2aa00530x481S30000482x483S30004482x482S11502522x510
Gospod,,3262,M578x525S2aa00523x481S30000482x483S30004482x482S11502518x510S10010561x495S22a00565x470
Gospod,,3274,M571x527S2aa00522x484S32110491x491S30004483x482S11502517x512S30000482x483S10010552x497S22a00558x475
Gospod,,82,M605x525S11522518x477S20500497x486S20500496x505S2ff00482x483S11502517x510S22a00592x472S10010584x492S2aa00549x490
gospod,,3469,M552x526S2aa00524x484S30000482x483S30004482x483S11502519x511
gospodinja,,3468,M546x541S36d12479x482S15d4f523x495S20700526x526S37420492x468S37422492x459
Gospodov,,335,M573x524S2aa00524x480S15a20561x489S30004483x483S25500560x460S11502521x509S30000482x483
Gospodova molitev,,3533,M611x534S2aa00524x480S15a20561x489S30004483x483S25500560x460S11502521x509S30000482x483S15a10599x507S15a18585x507S20500588x491S32110491x493S2f900600x494
Gospodovo razglašenje,,3890,M641x537S2aa00455x479S15a20492x488S30004414x482S30000413x482S11502452x508S26a00486x523S33b00552x484S1ec40590x501S1ec48528x501S14c57615x460S14c5f503x460S26507602x486S26511528x485
Gospodu,,3003,M587x525S2aa00522x482S20500497x486S20500496x505S2ff00482x483S11502517x510S10010561x495S22f00562x477
gost,,4162,M533x533S19a00470x474S28a03468x504S26932501x500S1ed26514x467S22b04513x502
gostija,,3324,M584x555S33b00482x483S26a04523x520S1ea01522x493S14c50560x524S2e732558x503
gostilna,,1688,M523x539S20e00511x515S1c502479x494S21410485x483S22f04478x462S15a06483x527
goveji zrezek,,1692,M564x610S10012491x519S30004482x483S27102507x538S21100487x551S15a36537x545S15a50543x551S2a20e541x581S20600537x531
govor,speech,2014,M553x556S10002520x508S2ea00538x531S33b00482x483
govoriti,,3070,M553x556S10002520x508S2ea00538x531S33b00482x483
gozd,,2374,M534x550S14c10467x450S3780e475x524S15a4a507x518S2e230496x453S37601478x481S26706479x534
graditi,,2765,M539x534S15a12495x511S15a1a479x522S28800527x497S28818462x512S20500484x507S28800527x472S28818462x486S2fd00487x467
grafična šola,,3446,M543x561S36a20490x490S15d52516x501S20700492x515S15d39431x538S1f551446x510S2d203447x485S2d203449x465S20e00423x523
gram,,677,M517x531S10019484x501S10011496x501S22a20494x479S2f900495x470
grb,,3017,M517x529S15a20484x484S15300502x486S21410502x472S20500496x518
Grčija,,2763,M518x533S10049482x503S10041497x503S22f04488x468S20600490x490
Grčija,,3918,M517x523S20600488x477S10049483x493S10041496x492
Grčija,,772,M529x545S15040503x455S15048472x461S2eb08506x492S2fc04494x534S2eb4c481x498
grdo,,1402,M521x534S15002484x477S2e500490x507S36d00479x466
greh,,197,M521x525S1ce52462x486S36d00479x476S20600473x514
grehi,,3194,M521x526S1ce52462x484S36d00479x474S20610467x515
grenko,,1401,M518x582S15000490x521S30004482x483S35630488x504S2e500488x555
grešnik,,761,M554x532S1ce52462x493S36d00479x483S20600471x521S1ed26535x468S22b04534x498
grešniki,,1716,M554x532S1ce52462x493S36d00479x483S20600471x521S1ed26535x468S22f04529x499
gripa,,3899,M536x538S17d02520x508S36a00482x477S20800505x528S21410521x494
grm,,3965,M540x538S14e10515x507S14e18461x507S28901500x462S28919470x463S22620510x494S22620462x495S26930515x489S26930465x490
grob,,2587,M528x594S20330477x527S20330510x527S2eb00513x550S2eb18475x550S2fb04494x588S30c00482x483
grob,,2846,M537x582S20310519x519S20314464x519S2e818461x538S2e800522x538S30d00482x483S2fb04492x576
grob,,3337,
grob,,3338,M551x530S15a15449x470S15a1d528x470S22b03502x492S22b15473x492S2fb04490x524
groza,,2217,M527x571S14c10503x522S14c18475x522S20600474x560S20600505x560S31a00482x483S34410496x506
groza,,2589,M531x564S14c10508x519S14c18471x519S20600470x553S20600509x553S31a00482x483S34410496x504
groziti,,247,M559x545S10010531x488S27200519x526S30c00482x483
Gruzija,,3018,M529x535S14c04505x503S14c0c472x504S22f04504x480S22f14472x481S2fb00492x466
Gvajana,,3019,M547x532S15d50523x477S15d58458x476S36d10479x469S23004522x514S23014453x513
Gvatemala,,3020,M523x528S20349502x507S11e41495x472S20600477x500
H,H,1918,M515x508S11502485x493
Hag,,2891,M516x519S14c02484x481S20600494x508
Haiti,,2892,M571x518S11502516x482S30000482x483S19220550x463S20500506x473
Haiti,,3021,M580x518S30000482x483S11502520x485S19220559x469
Haloze,,2893,M545x556S35800482x483S15d01522x504S2e300519x529S21410520x493
halucinacija,,2894,M588x535S2ff00438x481S10001474x484S20500466x470S30007527x483S14c12557x468S14c1a504x462S30001527x484S2ea00570x492S2ea4c508x488S2fc04539x524S32110536x495
hči,,221,M538x567S1d452433x538S1ea10515x510S22a04443x521S20800522x489S33010479x483S21100457x520
Hercegovina,,4233,M538x581S20301476x518S20307506x519S37600489x533S28406505x562S2841e462x562S34800482x483
heroj,,3467,M551x544S36d00479x477S20300476x514S20500478x533S26500476x495S2f900478x488S1ed26532x456S22b04531x488
hierarhija,,4126,M512x536S22a00499x483S22a00499x501S22a00498x465S18210489x521
hinavec,,1187,M557x531S2ff00482x483S20302519x495S37802532x499S20500517x480S26502542x494
hinavec,,1188,M557x531S2ff00482x483S20302519x495S37802532x499S20500517x480S26502542x494
hinduizem,,3534,M596x556S1d448537x513S1d440566x506S22f04571x542S30000482x483S1f510520x479
hipoteka,,2993,M564x539S11541457x492S20e00472x477S11549437x484S26a07479x518S14c50540x461S14c58511x461S22a04546x501S22a14517x502S20350545x522S20358516x522
hiša,,1242,M529x556S15a11500x461S15a19474x462S20500493x444S23904509x493S15a18475x529S15a10516x529S2391c472x493
hiša,,3750,M529x541S15a11500x477S15a19474x478S20500493x460S23904509x510S2391c471x511S26933487x503S26931500x503
hitro,,1031,M541x540S1bc48481x469S1bc40504x492S20500480x508S26511460x465S26505528x527S21b00515x475S21b00484x461
hitro,,2906,M544x594S10030514x518S28d03508x556S2f900511x589S26935532x564S30c00482x483
hitro,,4128,M521x523S36d00479x478S20311477x489S20500478x512S26507497x503S2f900507x494
homilija,,3627,M536x584S15a10428x511S15a18413x511S22b06426x541S22b02427x555S22b12393x541S22b16394x556S2fb04417x578S20500421x497S33b00482x483S18510511x518S18518465x518S28208513x537S28210472x537S2fb04496x574
homoseksualnost,,4055,M528x535S15020503x466S15028473x472S26504510x504S26514478x510S2fb04494x529
homoseksualnost,,4056,M528x535S15050502x466S15058472x472S26504509x504S26514477x510S2fb04493x529
Honduras,,3022,M518x550S30004482x483S11510490x520S20600461x515
Hong Kong,,4212,M539x518S2ff00482x483S17600523x497S33110499x497S21e00524x488
hostija,,3811,M554x526S33b00482x483S1d402521x466S22b06524x500S22b04528x496
hotel,,3499,M521x529S1150a479x514S11502480x472S37900502x485S20500511x507
hoteti,,3148,M536x535S15009465x508S2fb00494x466S15001508x507S26500512x483S26510474x484S2f900512x475S2f900475x475
hozana,,3889,M543x540S24e4c461x510S18510518x485S18518456x486S24e34517x508S30007482x483S30001482x483
hrana,,3175,M550x534S33b00482x483S26a04523x520S1ea01522x493
hren,,959,M530x534S15a37481x511S20331470x499S21100495x484S27103503x466
hrenovka,,4017,M509x534S10e04491x504S26b06491x467
hrib,,811,M522x520S18152485x481S28b0a478x500
hruška,,4014,M553x553S10012518x515S30004482x483S28702521x537
Hrvaška,,979,M521x543S14402428x498S14400462x463S22b06462x499S22b04467x495S36d00479x457S21100495x499S21100468x529
hud,,143,M536x577S2fb04493x571S31000482x483S22a03507x535S22a15482x537S1f809466x518S1f801516x517S2f900506x558S2f900485x558
hudič,,3812,M536x518S10620515x474S21900511x460S2ff00482x483
hudič,,611,M534x518S21900476x460S21900508x459S2ff00482x483S10620513x470S10628465x470
hudo,,116,M536x530S1f809465x471S1f801516x470S22a03506x489S22a15481x490S2f900506x508S2f900483x509S2fb04494x524
hudoben,,144,M543x538S31000482x483S20600521x496S10a10520x512
hudobni duh,,3535,M664x570S16019580x525S16011608x525S18510639x538S20500599x511S22a06636x556S18518546x539S22a12559x557S20500600x549S31030488x491S10a10518x513S20600521x499S2ff00482x483
humanitarno,,4045,M521x527S15d0a462x478S15d2e475x492S36d00479x474S26a01498x506
hvala,,3275,M518x570S26500503x522S15a00505x543S30004482x483S15a00487x543S26510486x522
hvala,,3276,M554x541S32110490x489S15a00542x514S30004482x483S15a00523x514S25d00540x489S25d10521x490
hvala,,982,M536x533S26500522x488S15a00523x506S30004482x483
hvala lepa,,3435,M536x533S30004482x483S15a00523x506S26500522x487S26500522x470
hvaliti,,3190,M535x557S15d01502x523S15d09475x523S30004482x483S26500521x502S26510469x504S20302443x530S20300414x530S26a00435x506S26a10406x506S2f900431x552
I,I,1893,M541x518S19221522x491S34800482x483
Idrija,,4023,M521x521S36d00479x480S37604479x482S20700453x494S10043485x488
ima,,1247,M519x521S11527494x479S22e03481x502
imam,,1245,M516x512S11502486x488S20500484x501
imamo,,3010,M520x533S11902482x493S2e90e480x468S20603488x514S26932496x468
imaš,,1246,M509x528S11520493x473S22e04492x510
ime,,15,M559x517S1f614535x491S20e00519x480S2ff00482x482S26506491x486
ime,,2808,M556x518S1f614523x482S26506541x497S30000482x483S21100524x498
ime,,85,M581x518S1f614557x484S30000482x483S22b06523x480S22b04527x477S21100528x459
imeti veselje,,3998,M530x524S15d39482x494S11811504x477S22f00505x510S20600470x476
impotenca,,877,M531x529S15a06487x517S10020491x483S22e04514x490S21400489x472S20500469x511
in,,2286,M527x536S10020502x465S22b04502x506S22b06497x511S22e30501x502S10050474x497
in,,98,M515x534S10020490x466S22b04490x504S22b06485x509
Indija,,878,M541x518S30000482x483S1f510525x480S22e04524x499
Indonezija,,3023,M517x518S26606487x502S10e02484x482
Indonezija,,4203,M547x510S11312453x491S11412517x490S26506494x491
indukcijska zanka,,879,M531x537S1d440502x509S1d448469x509S27a02501x474S27a1a471x475S20500495x464S20500496x505
industrija,,880,M578x537S14c01455x470S14c09422x470S28903454x504S2891b428x504S18250539x494S18258509x482S23604539x520S23610493x505S2fc00530x463S26932481x499S26932424x500
infarkt,,881,M521x528S10040473x481S20b00474x515S36d00479x472S22e00493x492
infekcija,,882,M562x530S11549439x503S11541449x503S20600444x488S10041523x499S10049496x498S2db08522x483S2db10478x483S2fb00512x470
inflacija,,883,M550x534S18536457x479S21100450x473S10030520x475S10038495x475S2fb00508x466S2a201530x511S2a219481x511
informacija,,884,M598x561S2b700525x468S1d402520x496S30004482x483S15a57567x538S18251574x511S20601551x535
injekcija,,1007,M561x527S36d00479x484S37900478x487S11e00538x473S13f10482x511S22a03522x501S20500481x495
inšpektor,,4137,M521x529S36d00479x471S1ed40475x483S2ed00481x506
internet,,1627,M529x531S14c01503x469S14c09472x470S22b03489x507S22b15492x507S22e35485x501S22e33507x500
internet,,1629,M542x545S1c510503x456S1c518465x470S2fc04496x534S27200502x491S27214459x509
intervju,,2952,M550x544S33b00482x483S20310527x506S21410526x494S26c08523x529
Irak,,3024,M534x518S30000482x483S14710520x472S20600491x471
Iran,,3025,M526x529S15d39503x506S1f552505x472S20600474x493
iraz,,2055,M525x582S17600509x555S17602482x555S20500500x571S2c320489x521S21c00513x545S21c00486x546S34800482x483
iraz,,2056,M525x582S17600509x555S17602482x555S20500500x571S2c320489x521S21c00513x545S21c00486x546S34800482x483
iraz,,2057,M525x582S17600509x555S17602482x555S20500500x571S2c320489x521S21c00513x545S21c00486x546S34800482x483
Irska,,3026,M542x537S30007482x483S14711520x479S2e100519x508
iskalnik,,3451,M617x561S31510482x483S11501520x493S2df04526x527S14e50591x530S14e58559x530S22620588x517S22620556x518
iskati,,2990,M531x570S30f00482x483S10e07469x500S10e0f501x500S2ea00515x529S2ea44471x529S2fc04494x559
iskati,,2991,M534x578S31a00482x483S11801509x514S11809467x515S26a06517x543S26a12470x544S2fb04491x572
iskreno,,263,M521x533S10002491x484S1000a440x484S28c13456x490S28c0b479x489S36d00479x468S20500473x522S20500474x500
islam,,2382,M551x535S15d20449x466S15d28486x466S23004480x502S23014450x502S14c50520x480S2e932511x518
islam,,3536,M614x577S1d448553x534S1d440583x528S22f04589x561S30114482x477S15d20513x515S15d28468x516S23004513x551S23014462x551S2fb04492x571
Islandija,,3027,M518x566S30004482x483S1f502492x521S20e00477x516S22a04493x551
isto,,4048,M540x606S10050503x537S10058484x537S20500496x524S28905507x572S28905513x581S2891d469x572S2891d464x581S30d00482x483
Italija,,3028,M512x538S1e127489x463S29a04497x503
Italija,,3029,M550x527S30000482x483S30004482x483S11512520x512S2a600531x483
iti,,3254,M525x522S11251499x501S22611490x492S26501475x478
iti,,3572,M529x518S22611490x483S11851498x492S15d3f471x495
iz,,1312,M508x524S10a30493x476S26504493x509
izbrati,,1400,M515x528S26504497x513S22204486x472S1d420486x476
izbrisati,,3538,M539x524S15d39461x501S1f551488x477S20e00461x488S26607503x490S2f700527x481
izbrisati greh,,3539,M521x531S15d39388x508S1f551415x484S20e00388x495S26507433x500S2f700445x491S1ce53474x480S36d00479x469S20600479x506
izdati,,1071,M518x574S30004482x483S1bb00487x528S26500493x559S21b00496x519
izginiti,,3568,M565x535S15715471x484S2fb04494x529S20500494x465S26606504x509S26612470x509S18514435x487S1851c540x486S1571d502x483S2f900540x514S2f900453x515
izgovor,,2838,M526x548S18536487x500S18552486x471S2e802475x452S2e846481x532S2fc06515x491
izguba,,2841,M527x535S10001489x482S17405474x468S20a00501x465S22a05508x510S2f900516x530
izgubiti,,2842,M521x526S1781d502x474S17815479x474S22204501x497S22204486x497S22a24492x511
izjava,,2974,M518x573S10000487x514S2c301480x550S34800482x483
izključiti,,3628,M542x533S17f49459x509S17410475x517S26507495x500S14c49516x468S2f900505x494
izlet,,2682,M547x539S19a10519x481S19a18453x483S2ff00482x483S2e008524x509S2e010456x510
izmisliti,,3846,M534x518S17600518x477S21e00519x468S30007482x483S22a00521x495
izobčenje,,3629,M538x541S20500462x517S17410468x503S26507491x491S14c49512x459S2f900501x485S15d39476x518
izobčenje,,4144,M546x565S15d39485x527S15a4f496x533S26607512x543S2f900535x533S20e00486x553S33400482x483
izobrazba,,2809,M545x518S2ff00482x483S18510520x488S20500504x463S22200520x479S2f900504x476
izobraževanje,,2810,M577x547S2ff00514x482S18510552x487S20500536x462S22200552x478S2f900536x475S18510485x511S30005450x483S27100485x532
izobraževanje,,3584,M580x519S30007447x482S18510486x490S27100482x470S30007517x484S18510555x491S22200557x482
Izola,,4168,M544x518S15302519x503S30004482x483S26500525x482
izpit,,2361,M521x539S10041482x480S10049470x481S2f900457x481S22e20480x521S36d00479x462
izpolniti,,3170,M528x574S21100515x542S11551484x525S20349492x553S34800482x483
izprositi,,3891,M518x575S15a10503x523S15a18487x523S26b20488x557S30d00482x483
izrabljeno,,3937,M590x564S20e00539x552S14c57547x521S14c39519x524S26a07569x503S34100482x483S30f30489x492
Izrael,,3540,M530x589S30002482x482S10000510x502S10008475x503S2530c505x536S25314469x537S2fb04492x583S30006482x483
Izrael,,3938,M519x544S22622476x518S14422488x521S2ff00482x483S34810488x504
izraz,,2058,M529x530S17600509x514S17602475x514S2c300503x471S2c311472x471S21c00514x504S21c00480x505
izročiti,,3284,M542x531S2fb07519x470S1ea0a458x503S1ea01487x510S2c307517x490S2c317480x483
izstopiti,,3919,M539x518S16d48461x496S11851482x498S2c307514x483
izum,,2653,M556x518S22a07515x474S2ff00482x483S20500501x472S22205522x459S1d411531x448
izum,,3592,M551x534S1d410520x478S30007482x483S2df08530x513S22204518x478
izvedeti,,2937,M609x583S20e00545x547S10011525x502S20500521x486S15d39558x560S20341560x535S22205554x529S2880d589x526S33010479x483
izvoli,,2929,M535x577S15d31503x552S15d3f477x554S26507522x536S26517492x537S30104482x477
izvoli,,2930,M528x573S15d31498x550S15d3f472x549S26507515x533S26517487x532S30104482x477
izziv,,2889,M541x542S10a30513x459S10a38471x474S2710c501x494S27118459x508S2fc04492x531
J,,1916,M522x519S2a20c479x481S19220501x500
j,,2117,M524x515S19220503x496S2df30477x491S22b04482x485
jabolko,,1216,M518x551S22f04488x537S1f800492x519S30004482x483
jagnje,,3570,M591x556S15402511x500S1540a464x501S36d00479x444S26516552x529S26502576x529S2f804551x545S20600512x519S20600464x520S18140577x496S18148553x495S18502521x452S1850a464x453S26a00511x481S26a10462x482
jagnje,,777,M532x537S3780b468x480S15a57493x463S18551489x502S26a05511x516S20e00470x514S22215483x494
jajce,,1674,M525x537S2e84e477x521S2e806476x464S18136478x502S18152478x485S2fc06514x491
Janez Krstnik,,3939,M546x530S2a20c431x492S19220453x511S2ff00482x483S1f521509x457S28803522x479S26932544x475
januar,,2102,M508x534S22b04492x504S10020493x467
januar,,2116,M513x534S19220492x467S2df30487x505S22c04492x492
Japonska,,2345,M557x554S20500519x521S1ee4f490x506S20500492x491S1ee41505x492S2881e470x536S28800541x474S1f44f444x524S1f441527x447
Japonska,,2346,M521x532S15a20480x489S1ce10499x481S20500494x521S21410499x469
Japonska,,3031,M569x565S1ee4f471x488S1ee41490x471S20500473x467S1f441539x436S1f44f431x535S22a03458x519S22a07520x460S20500500x500
jasno,,2347,M535x534S1dc03501x511S1dc0b468x511S28a09506x467S28a11465x468S26930502x501S26930482x501
jasnovidec,,3541,M539x535S15a30461x488S10050483x505S27e05474x474S21100492x478S1ed26520x466S22b04520x497
jasnovidec,,3630,M574x596S14c40476x547S14c4a454x525S30b00458x483S26500481x581S20a00443x555S31410507x482S10e00534x497S26500539x477S22b04554x532S1ed26555x501
javno,,2348,M535x536S1ce50502x506S1ce58477x506S28a09506x464S28a11465x464S26930502x496S26930482x496
javno,,3225,M536x529S1d450507x501S1d458465x501S28809507x472S28811475x472S26930502x498S26930483x498
javnost,,2349,M557x536S1ce50481x506S1ce58456x506S28a09485x464S28a11444x464S26930481x496S26930461x496S14c50533x504S2e832525x480
jaz,,3081,M533x534S18002511x466S1800a475x467S22a04505x509S22a14482x509S21100467x508S21100520x509S2fb04493x528
jaz,,75,M516x515S20500485x504S10b42490x485
je,,2121,M514x527S19220493x473S2df30487x503S22b04492x497
Jehove priče,,3836,M536x530S2a20c464x492S19220486x511S11e20513x470S26500522x504
jelen,,1210,M561x518S11e10519x458S11e18456x459S2d212439x444S2d207538x444S30001482x483S30007482x483
jermen,,3379,M534x535S11519466x488S11517478x510S23109506x489S23119492x466S2fc07519x465
jesen,,1347,M547x537S36d00479x468S22b04531x463S21600536x499S18536527x512
jesti,,380,M550x534S33b00482x483S26a04523x520S1ea01522x493
jež 1,,1547,M531x542S19a52509x493S19a5a470x482S20600471x531S20600509x530S2fc00495x458
jeza,,1167,M541x538S14e02506x513S14e0a464x513S2fb00494x463S2b101513x481S2b110459x481S2f900526x471S2f900464x471
jeza,,3503,M537x538S14e02506x513S14e0a464x513S2fb00494x463S2f900468x473S2f900520x473S22e00520x487S22e10464x487
jezen,,2764,M546x578S14e02504x551S14e0a463x553S2b707521x529S2b712451x532S2f700495x526S2fb00493x537S31000482x483
jezero,,3963,M550x533S10b51469x488S2e837450x467S14c51507x483S2dd08508x516S26933500x521
jezero,,4236,M588x568S19a00519x515S20e00522x499S26a06524x537S30005482x483S1c551560x522S2e832556x552
jezik,,459,M543x550S10a00492x524S35a00482x483S26a04516x512
Jezus,,207,M559x515S1c510463x487S1c518508x486S1c517534x485S1c51f442x487
Jezus,,2964,M528x534S1c510493x467S1c518475x506S1c517503x507S1c51f472x467
Jezus Kristus,,208,M521x520S1c510377x492S1c518413x492S15a10451x488S20500439x491S15a28507x489S15a28479x489S36d00479x481S20500373x493S15a18360x490
Jezus Kristus,,34,M523x536S1c510429x471S1c518411x508S1c51f408x473S1c517439x509S15a28511x477S15a28478x477S36d00479x465
Jn,,3885,M573x542S15a48440x484S15a40469x483S20500456x467S37700475x516S37700445x517S28a0a461x523S28a12428x524S19220504x490S2a20c511x458S10020532x479S2450a542x470
Jordanija,,3032,M518x518S1dc10461x464S30000482x483S20600490x471
Jožef,,3303,M518x574S2a20c432x501S19220454x520S2ff00482x483S1533e487x522S25104491x541
jubilej,,3817,M525x553S1ce40503x507S1ce48480x507S20500498x542S20500496x448S28a00507x461S28a18476x460S26933501x490S26931487x490
Jud,,3847,M518x602S14c00489x520S30004482x483S18536487x577S22f04488x556S20e00472x514
Jud,,4179,M558x594S10000509x506S10008476x506S30002482x483S30006482x483S2530c504x542S2531c470x542S2fb04493x588S1ed26539x508S22b04539x542
judovstvo,,3542,M590x602S14c00489x520S30004482x483S18536487x577S22f04488x556S20e00472x514S1d440561x519S1d448531x524S22f04565x554
jug,,639,M540x530S22a04527x515S15a1c528x484S36d00479x470
Jugoslavija,,2272,M527x575S15a1f479x531S35700482x483S22b05498x551S21100514x543
juha,,4012,M528x567S11532497x528S33b00482x483S26100514x548S26100499x548
julij,,2107,M525x537S10e28476x465S22b04506x500S2fb04490x531S14c20502x464S22b14476x499
julij,,2119,M540x529S19220487x509S2df30461x504S22b04466x498S1dc20515x499S2e30e513x472
junij,,2106,M527x539S14c20504x462S22b04507x499S2fb04493x533S10028475x465S22b14473x500
junij,,2118,M545x543S19220456x524S2df30430x519S22b04435x513S33100482x483S20500502x500S11511520x506
jutri,,2476,M542x518S1f540523x492S2c300516x462S30005482x483
jutro,,383,M530x531S2ad01514x469S1da02501x500S1da0a471x500S20e00507x519S20e00483x519S2ad10472x469
Južna Afrika,,3033,M551x567S18251455x515S22b04459x537S30000482x483S11512521x482S2ea08534x501
K,K,1895,M515x515S14020486x485
kača,,3975,M534x511S10002504x496S28702467x489
kača,,770,M511x534S10050496x504S28700489x467
kadilnica,,4229,M555x548S18552458x489S1855a454x452S2d300445x525S18130532x458S18138504x458S28907530x497S2891f496x498S26936526x512S26936522x512
kadilo,,4227,M552x628S18552452x569S1855a448x532S2d300439x605S33100478x483S11512516x507S33a30516x486S26606522x527
kaditi,,1227,M527x565S33b00482x483S10e00505x515S26a00500x551
kaditi,,4228,M520x548S18552494x489S1855a490x452S2d300481x525
kaj,,497,M509x527S10010493x473S22e04492x509
kaj te briga,,3615,M542x518S15011514x472S30007482x483S28108517x439
kakati,,498,M523x534S1815a491x467S19a42497x481S26a00496x519S21100478x520
kako,,499,M536x578S14010504x519S23014467x560S14018470x519S30c00482x483S23004511x560
kakovost,,500,M531x534S18537510x466S1853f472x467S2fb04492x528S23004506x501S23014469x502
kakšen,,149,M521x525S15a18479x493S17f11494x503S20e00484x476S21800497x490
kam,,423,M537x535S18537518x508S1853f464x507S26500515x473S26510470x473S22100515x494S22100471x496S2fb00492x465
kamela,,501,M522x527S15a48496x473S26930478x525S29c0a485x508
kamen,,502,M543x527S20340483x494S2034a476x511S18112513x499S2890e476x473S18116514x515S20e00457x502
Kanada,,2350,M521x526S20600475x515S36d00479x475S16d10475x490
Kanada,,503,M521x526S1f702478x488S36d00479x475S20600475x515
kanarček,,504,M560x549S22214478x521S19a10532x495S30004482x483S2e230536x517S1f420482x530
kandidat,,4052,M554x532S11510499x469S11518457x482S23604488x505S23610446x515S1ed26535x470S22b04534x500
kandidat,,4073,M554x540S11520500x460S11528457x473S23604488x496S23610446x506S1ed26535x461S22b04534x491S2fc04481x529
kandidirati,,4051,M541x532S11510513x469S11518471x482S23604502x505S23610460x515
kapa,,506,M545x518S2ff00482x483S22f04520x459S15052485x456
kapela,,3787,M552x533S15a10540x505S15a18525x505S22b20531x468S18111491x481S18119449x482S22b03486x509S22b15455x509
kapetan (šport),,2356,M521x534S36d00479x466S37606479x466S11502485x475S26506489x494S21100508x494
kapital,,2354,M550x548S1ea01488x484S1ea09451x485S23004491x514S23014454x515S2fb04477x542S1f436535x463S21100529x452
kapitulacija,,2355,M541x527S15a50460x495S15a50528x496S22e00524x474S22e10456x474S36d00479x523
kaplan,,3544,M589x572S1f010511x512S26506523x531S36a30491x506S2ff00482x474S1f540574x529S1f548553x521S26502574x558S20500566x507
kapljati,,2357,M513x525S19a02488x475S22f04488x511
kapučino,,3905,M520x524S1ea10484x476S27000480x506
kardinal,,4230,M544x546S22b04493x516S10018457x480S10010466x489S1ed26525x455S26520461x460S11510493x480S22b04524x487S22b06488x519
Karitas,,3956,M532x538S15a49509x515S15a41504x507S22a20513x483S11520473x463S22b04473x499S22b06469x502
Kartum,,2358,M522x519S20359501x498S20500483x506S11251479x482
kaša,,1596,M521x543S15a18479x477S14e10495x476S20610487x457S22b04499x513
kasanje,repentance,1735,M535x518S20600490x471S20301514x468S30000482x483S32114490x492
kasneje,,1033,M522x526S18240498x504S18248478x511S20500482x493S2b700503x474
kateheza,,4224,M563x542S18527542x481S1852f509x481S26a00536x513S26a10506x513S2fb04527x536S1d440467x477S1d448438x483S22f04467x458
katekizem,,4225,M540x586S22f04422x501S1d448393x526S1d440422x520S15a40369x522S15a48348x522S2a208365x557S2a210342x558S33b00482x483S14c51513x514S14c59462x515S28209511x547S28211471x547
katoličan,,3940,M571x542S22b06518x517S22b04522x512S11500523x478S30000482x483S1ed26552x481S22b04552x512
katoličan,,766,M591x566S15a00539x485S22b06533x523S22b04538x518S1ed26572x485S22b04572x517S2ff00482x483S20500496x487S20500497x555S36d00479x520S20500478x526S20500513x527
katoličanka,,3635,M577x546S20800564x495S22b06482x521S22b04487x516S30000441x485S33010518x481S1ea10554x507S11500487x482
katoliški,,3243,M563x566S15a00539x485S22b06533x523S22b04538x518S20500478x526S20500513x527S2ff00482x483S20500496x487S20500497x555S36d00479x520
katoliški,,3941,M553x544S30000482x483S22b06523x519S22b04528x514S11500528x481
kava 1,,1117,M525x524S14041478x477S14049494x497S21100475x510
kava 2,,1118,M519x516S20302504x484S2030a498x501S21100481x484
kdo,,271,M519x550S10000487x520S30c30490x491S20500509x517S2ff00482x483
kelih,,3294,M544x531S15a17521x470S15a1f456x470S28a04502x495S28a1c481x495S26933513x488S26935474x487
Kenija,,3034,M557x535S1ea10529x495S35d04482x483S2ea32532x520
ker,,270,M530x518S22a06514x505S1ed20504x482S1ed28471x482S22a12473x505
kesanje,,3637,M518x560S30104482x477S20300493x529S20600490x549S15a10464x517S15a18448x517S2f900456x549
kesati,,3594,M518x561S1f802494x525S20c00488x548S30a00482x483
kesati,,3636,M518x559S30104482x477S20300493x528S20600490x548
kilogram 1,,451,M524x540S10e41499x509S10e4a477x525S2f900492x460S22b20490x469
kilogram 2,,678,M508x540S20304492x525S20306492x508S22b20492x469S2f900494x461
kilometer,,787,M540x531S14041509x470S14049461x471S23118463x502S23100512x500S2fb04495x525
kino,,3590,M525x526S15d0a475x479S15d02489x474S23704486x505
kip,,4223,M531x539S1f503509x461S1f50b470x462S29a04515x491S29a1c474x491S2fb04495x533
kirurška maska,,2053,M534x526S18100522x497S33b00482x483
kislo,,1403,M549x523S36100482x483S33310496x491S1d410520x495S20600522x480
Kitajska,,3035,M522x529S10002483x471S23d04495x495S21100479x492
Kitajska,,3036,M537x554S20300520x499S2ff00482x483S25104519x521
Kitajska,,4209,M524x534S10020503x478S17718477x483S20600477x466S23004499x516
Kitajska,,4234,M518x525S20500504x481S10050503x495S17648483x494S21400483x475
kje,,424,M529x548S14c30505x471S14c38472x472S2fb04493x542S26c0e511x510S26c16476x510S36e00477x452
kladivo,,1035,M519x523S1ea10485x477S23504482x505
klečati,,4222,M526x526S15d39475x503S11814479x474S20500501x492S2f900515x494
klepet,,2936,M530x520S18510505x505S18518470x505S22224506x494S22224476x494S2fb00494x481
klerik,,4145,M548x536S1d448452x504S14010482x491S22a04495x465S1ed26529x473S22b04529x506
klet,,1036,M533x524S15a57467x476S10051486x496S2c602510x479S21405510x512
kletvica,,2939,M553x566S10a00493x523S10a20527x507S33b00482x483S22e04536x539S2f900539x561
kletvica,,3638,M535x534S10a10520x508S10a50508x447S33b00482x483S26500520x486S2f900522x479
klic,,2941,M510x533S11520493x467S28104490x504
klicati,,3130,M562x523S36a00482x477S1e140518x497S28109540x486S1e148458x497S28111437x484
kljub,,1037,M518x557S18200486x522S2ff00482x483S21100475x543S26a00489x542
kljub,,2934,M518x561S16f00490x521S2ff00482x483S26a00490x547S20e00476x515
ključ,,3932,M534x514S2ef01516x489S1ea22489x486S15d48467x487
kljuka,,1038,M512x528S20350492x472S2a308489x492
kljun,,2351,M554x519S33b00482x483S26500536x471S1f410525x504S22204527x495
kljun,,490,M551x518S33b00482x483S26500534x480S1f410521x460S1ee10525x494
kmet,,1039,M549x546S15010520x494S2ff00482x483S22f04524x532S21100508x532
knjiga,,240,M522x533S15a18484x481S15a10504x481S2df1c479x512S2df04501x511S20500495x467
kocine po konci,,3588,M584x557S14400523x507S37806526x536S15a56557x530S26506536x542S21100519x543S2fa00530x497S31400482x483S34410496x504
kokakola,,1005,M521x527S20318496x473S15a02494x511S37900503x487S20600480x499
kokoš,,3966,M527x519S15d39473x487S1f411497x481S20600491x508
kolar,,3758,M542x546S36a00482x477S26506526x532S11502512x513
koliko,,1115,M518x569S14c00490x538S22620489x525S30c00482x483
kolo,,1102,M531x548S19a40503x466S19a48469x453S2eb08508x499S2fc04492x537S2eb4c477x494
kombi,,310,M533x533S1ec48468x497S1ec40495x497S28e0a497x468S20500488x522
komisija,,1585,M601x591S31500482x483S2fc04494x537S2eb4c481x553S2eb08511x542S10e01502x500S10e09474x510S10003571x555S1000b539x555S20500566x580S2d606579x523S2d61e542x524S20500565x513S26932576x536S26932565x536
kompromis,,3436,M560x530S10049440x480S10041452x481S26c01472x509S18010530x471S18018498x471S27126521x491
komu,,422,M534x562S10000486x532S30c00482x483S2dc06521x512S20500495x519
komunist,,3072,M572x537S20320526x486S36d00479x506S26500527x464S1ed26553x475S22b04553x507
komunist,,3639,M575x548S10a20519x489S30007482x483S2ea00531x520S1ed26556x488S22b04556x518
konec,,1643,M522x536S15a4a479x475S22b04506x497S15a40508x465S2f900508x531
konec,,3640,M549x535S15a4a451x475S22b04479x496S15a40480x465S15a51526x478S15a57502x470S26906526x509S26912505x501S2f900482x530S2fb04518x528
konec sveta,,3641,M578x549S15a4a422x489S22b04449x511S15a40451x479S15a51496x495S15a57474x486S26906490x532S26912478x514S2f900452x544S11550558x467S11558536x468S2890c563x508S28914531x509S26931557x502S26933540x502S20500550x452
konferenca,,3485,M532x582S15d31504x521S15d39476x530S2ff00482x483S23100506x548S23110473x557S2fb04495x576
konflikt,,309,M546x536S22c17486x503S22c01481x503S10009525x466S10001455x465S2f900513x494S2f900476x494
konflikt,,3447,M519x539S26616482x523S10009487x478S26602489x511S10001496x478S20500497x461
Kongo,,3037,M545x518S17310522x466S30007482x483S20600523x491
konj,,3969,M548x531S33b00482x483S17f01522x509S17f09453x509S22214522x500S22214456x501S20e00511x517S20e00475x517
konkurenca,,308,M543x537S1f502470x472S1f502515x464S23610458x503S2fc04498x526S23604504x492
konoplja,,307,M535x556S1f448468x470S1f440504x469S20500495x452S2c313479x534S2c307497x505S2890a505x522S28912467x522S22210514x445S22210466x445S2fb04495x485
kontakt,,2942,M535x581S10002505x546S1000a468x546S20500496x528S26602503x565S26616469x565S35d04482x483
kontakt,,3448,M534x527S10002504x492S1000a467x492S20500495x474S26602502x511S26616468x511
kontracepcija,,306,M526x557S26504512x526S2fb04434x551S26500452x494S26510418x496S36a20490x490S20500495x504S11200490x520S1ed26450x520S1ed2e415x520S2f900452x487S2f900419x488
kopati se,,305,M563x534S20300519x506S20308469x491S21100550x483S21100438x469S23614456x466S23600506x484S2fb04493x528
Koper,,302,M517x527S14010484x473S23000492x509
Koper,,3483,M515x527S14010486x473S22e04498x509
kopija,,2352,M519x534S15a37496x511S22200495x467S18551485x474S22a00495x496S20500482x513
kopija,,301,M521x547S15a37498x524S14c51484x498S18551479x454S22a00489x475S20500481x531
koprneti,,3132,M532x572S1533e506x556S15336469x557S26a04505x535S26a14468x537S2fb00493x524S30f00482x483
korak,,300,M533x530S10a50507x503S10a58467x504S2b700511x470
korakati 1,,477,M549x547S15a40531x458S15a48458x458S36d00479x453S36d00479x490S37700536x484S37700462x485S2fc04491x536S23100523x519S23110451x520
korakati 2,,1355,M545x543S10a50507x516S10a58467x517S2b700511x483S2b700526x470S2b711469x484S2b711455x473S2fd00488x457
Koreja,,4208,M587x519S30007447x482S15d11475x465S22205466x455S22a05494x486S22a02559x499S18310563x486S30007517x484
Koreja (mednarodno),,2890,M549x537S15a11505x466S30007482x483S23f03524x516S18010519x493
korenina,,481,M555x530S14c05511x484S14c0d466x484S22241524x499S22247448x498S22b05531x471S22b13448x470S2fb04495x518S22241527x504S22247445x502
korenine,,480,M530x540S15a56503x460S37806471x465S14c04492x477S22240487x509S26606488x524S22240488x515
korenje,,478,M521x535S25104496x502S20500479x477S20340498x482S15a56494x465
korist,,2353,M529x525S21600479x482S15d39472x492S20341486x490S2d601502x475S20500485x514
korist,,482,M536x540S20500471x529S14c41510x460S15d39465x502S2d601489x483S20341471x507
koristno,,3825,M536x540S20500471x529S14c41510x460S15d39465x502S2d601489x483S20341471x507
Koroška,,483,M541x535S17720485x480S17708460x481S20500479x524S17700485x506S20500477x466S17728462x506S14c50517x479S2e732516x517
korupcija,,297,M530x529S26a01509x508S1ea41487x495S15a57471x472S21405485x485
korupcija,,486,M532x519S1ea41488x487S15a57469x481S26a01511x498
koruza,,487,M525x525S1815a475x501S18150509x496S26a00498x475S21100483x476
kos,,488,M526x529S26505475x471S15a41490x485S20e00514x484S15d39497x506
kos (ptič),,796,M561x557S22104446x520S22e32559x514S33100461x483S26500476x542S15a00543x484S28803536x519S2ff00503x483S1f410461x521S21410541x472
košarka,,1150,M554x553S15a56509x525S37900539x513S15020527x486S20500516x539S2ff00482x483S2c300528x458
kosilo,,296,M539x538S21b00458x475S1de20454x486S34700482x483S18500509x505S26a04512x524
kosilo,,492,M550x527S1dc20448x494S21b00454x482S26a04523x493S34000482x483S18500523x512
Kosovo,,295,M536x540S2ff00482x483S20310521x495S2e708520x515
kost,,1027,M524x524S20600477x503S15a57501x501S1183d496x476
kostanj,,1119,M524x535S15a57477x506S20601491x516S17651498x475S21e01489x466S21401512x488
kostanj,,2313,M526x533S1bb21490x475S20601488x514S21415513x495S15a57474x502S21e01483x467
Kostarika,,3038,M526x542S16d10475x458S23d04498x471S11a20511x512
kot,,268,M525x544S10050504x471S10058482x471S2880f505x510S20500496x457S28817476x510S2fb04493x538
kot,,269,M531x542S15a41508x478S15a49469x479S26617478x520S26601505x520S20500496x458S2fb04495x505
kot,,91,M536x554S10058465x524S10050521x524S10050501x462S10058481x462S20500493x446S2fb04491x518S28817470x498S2880f510x498
kovina,,564,M528x522S11549479x488S10e41503x492S20601472x478
kovina,,952,M528x534S1150a473x493S10e40507x481S20602488x466S22f04503x520
kovinarstvo,,293,M573x536S22b14509x506S11549434x476S10e41459x483S20601428x465S1ed40547x477S1ed48498x477S22b04547x505
koza,,1238,M518x563S2ff00482x483S20340494x519S20500479x515S2d200489x540
kozarec,,291,M519x533S15a37496x510S22a04492x467S20500481x512S16d40490x490
kozmetičarka,,566,M584x576S2ff00482x483S18510520x511S18518454x502S2fc04494x565S1ed26565x485S22b04565x519S2480c530x533S24814454x524S20610520x494S20610448x485
kozmetika,,565,M558x577S2ff00482x483S18510520x510S18518452x500S20610444x485S20610524x493S2fc04493x566S2480c532x536S24814448x521
kozolec,,1240,M534x526S15a56507x475S14402467x487S37906469x480S26606469x510
kraja,,289,M530x532S14c22471x509S2df0e495x485S20304515x469
kraja,,4188,M525x534S15d48478x482S15d20504x482S22200512x473S20500490x467S2f900475x471S22e04508x516
kralj,,87,M572x536S1ed26553x476S14420522x456S30000482x483S22b04553x506S2d508522x491
kraljestvo,,158,M581x566S2e806549x551S30000482x483S2d508524x495S14420525x459S14c50552x514
kraljestvo,,2944,M583x587S11501556x522S11509541x523S20500556x506S2df10538x554S2df08562x554S2fb04552x581S30000482x483S14420525x456S2d508524x491
kraljevati,,2968,M595x578S20330579x521S2a206574x540S20330547x521S2a21e546x541S2fb04565x572S30000482x483S14420524x458S2d508522x493
Kranj,,495,M539x551S2ff00482x483S2e230520x519S15310521x489
Kranjska gora,,287,M576x548S2ff00482x483S15310521x488S2480a548x527S11812547x500S2e230519x516
krasti,,4189,M526x533S15d48478x482S15d20504x482S20500490x467S2f900475x471S22e04509x515S22200512x474
krasti,,700,M549x542S14c22486x482S2df0a513x518S20304534x487S2f806516x475S36d00479x458
kratke hlače,,286,M548x542S36d00479x459S36d00479x487S15a32504x529S15a36470x530S20500478x513S20500479x491S20500516x511S20500516x492S22a00535x523S22a10453x523
kratko,,2070,M534x528S14040505x473S14048468x473S26602502x512S26616467x512
krava,,3970,M551x524S19a10514x482S30007482x489S2d207528x462S30154495x476
kravata,,285,M514x532S22b04498x502S1ef06498x468S21100486x507
kretati,,284,M527x548S14c40503x452S14c48473x463S2ea00509x498S2ea44475x512S2fc04495x537
kretnja,,2295,M527x547S14c40503x453S14c48473x464S2e700510x495S2e744475x505S2fc04496x536
kri,,571,M533x532S15a57510x483S14c33478x481S3780b484x502S22613467x504S26507508x468
kričati,,3437,M547x567S1ed10520x495S2fc04496x556S1ed18457x514S33b00482x483S26c08520x525S26c18452x542
kričati,,56,M536x520S28438514x456S1e248466x494S28440465x457S34400482x483S1e240513x494
krilo,,283,M533x536S15a36470x505S15a32502x505S36d00479x464S36d00479x493S26606503x520S26612464x520
kristal,,281,M520x532S2df26489x469S1ce00481x498S1ce20498x502
kristitelj,,68,M567x549S22b04548x519S1f520519x457S28803493x462S1ed26548x482S2ff00482x483S26932515x458
kristjan,,2692,M576x529S22b04556x498S1f520515x479S1ed26557x468S30000482x483S22b06520x503S22b04524x499
kristjan,,3543,M566x553S28803518x481S1f521517x454S2ff00482x483S1ed26547x492S22b04547x523S26932540x477
kristjanka,,3551,M538x532S28803513x470S1f521508x447S33010479x483S1ea10515x511S20800524x502S26932535x466
Kristus,,2965,M523x520S15a28478x493S36d00479x481S15a28511x493
Kristus,,3220,M523x563S15a28478x536S36d00479x524S15a28511x536S32100482x483
Kristusov evangelij,,3546,M549x539S1c510472x472S1c518454x511S1c517482x512S1c51f451x472S18050516x462S26a00522x483
Kristusov evangelij,,3642,M629x527S15a28478x489S36d00479x474S15a28510x489S18020598x474S26a00602x502S15d02564x507S15d0a533x508S20e00565x496S20e00546x496S22f00565x474S22f10533x474
Kristusovo telo,,3325,M589x538S11820550x463S22c04558x495S22c06547x502S36d00479x465S1dc01505x474S22b04512x508S21100495x513
kritizirati,,3438,M520x523S10a20482x477S26f00480x509
kriv,,108,M550x524S1ec20505x476S22b12468x501S1ec28474x477S22b06504x501S2fb04492x518S2f900451x506S2f900539x506
krivda,,219,M548x527S1ec20503x474S1ec28473x474S2fb04495x521S22b06504x502S22b12468x502S2f900537x508S2f900452x508
krivde,,218,M528x530S1ec20505x470S1ec28473x470S22f06512x496S22f12474x496S2fb04493x524
krivec,,784,M548x540S1ec20485x486S22b06488x514S22b04528x493S2fb04477x534S1ec28457x487S22b12452x514S1ed26529x461
krivica,,107,M553x540S1ec20530x521S2ff00482x483S22f06536x491
krivica,,275,M534x519S1ec20503x499S22b12467x482S1ec28474x500S22b06504x482
krivoverec,,3643,M570x554S1d448474x480S1d440507x475S22f04513x509S15d48430x484S15d40452x500S2d60f448x532S1ed26551x446S22b04550x479
križ,,3093,M521x540S11820482x460S22c04489x498S22c06479x504
križ,,4064,M534x534S16c26501x467S16c20467x496S22c04502x492S22c06492x501
križati,,4187,M571x534S16c26464x467S16c20430x496S22c04465x492S22c06455x501S1ea18510x467S1ea10532x478S26626541x515S26b00535x506
križišče,,280,M531x531S37600488x489S22f05510x510S15a41469x470S15a49508x470
krizma,,3547,M567x572S11510513x512S26502513x545S30005482x483S1f522546x527S2e73a542x556
krof,,279,M531x533S15a37480x483S15051470x467S27207498x499
krof,,282,M526x528S15a37494x505S15051475x485S2f001505x473
krog,,278,M515x535S2e400485x466S10020500x505
krompir,,277,M526x543S10059475x478S10031504x472S20e00504x457S2c603493x526S2c603499x507
krona,,4080,M544x518S30000482x483S14420522x456S2d508521x492
krožnik,,276,M534x510S1ed48466x491S1ed40508x491
krožnik,,372,M538x523S1ed50512x504S1ed58462x504S2e232505x477S2e236463x478
krščanski nauk,,3608,M586x565S28803518x481S1f521511x456S2ff00482x483S18520554x518S18528525x518S26526571x551S27020533x541S26932540x476
krščanstvo,,2380,M602x552S28803518x481S1f521513x454S2ff00482x483S1d448541x513S1d440571x505S22f04577x538S26932540x476
krščenec,,3550,M537x549S28803478x494S1f520475x467S26932500x489S37602463x510S1ed26518x451S22b04517x482
Krško,,2691,M518x561S11e40464x507S35d04482x483S26a00458x547S20e00493x522
Krško,,568,M518x561S11e40467x511S2ff00482x483S26a00461x547S20e00495x517
Krško,,569,M518x562S11e40469x514S2ff00482x483S20e00495x518S26500471x547
krst,,67,M545x518S28803521x486S1f521511x460S2ff00482x483S26932543x481
krsta,,3548,M517x531S15a40505x504S15a48484x504S27304499x470S2731c484x471
krstilnik,,3644,M602x582S28803520x490S1f521514x463S2ff00482x483S26932542x486S18130577x521S18138556x521S28907577x551S2891f541x551S26932573x566S26932568x566S20500567x504
krstitelj,,3549,M527x533S28803476x513S1f521473x483S1ed26508x468S22b04508x499S26932498x509
krstiti,,813,M545x518S28803494x461S1f520521x457S2ff00482x483S26932516x457
krtača,,570,M533x542S1f851497x484S20349512x498S3780b487x512S27103476x458S20e00468x481
kruh,,134,M530x531S15a41489x479S15a57470x497S26c0f510x502S21100498x517S21401480x470
krušni oče,,3646,M548x575S15a41436x523S15a57417x541S26c0f457x546S21100445x561S21401427x514S34400482x483S1ea20520x509S33110499x490S22204521x499S2ed00531x537
krvodajalstvo,,572,M567x533S15a57481x493S14c33460x480S3780b464x503S22613450x501S20e00434x494S26607450x467S1ea32546x506S1ea3a519x506S2c321531x476
kuhar,,3496,M534x531S1ea51469x509S2eb02466x491S22b04514x501S1ed26515x470
kuhati,,272,M516x519S1ea51487x500S2eb02484x482
kuhati,,3497,M524x518S2eb02476x483S20306485x503S37706499x509
kuhinja,,3495,M543x530S1ea51460x488S2eb02457x470S15d39501x487S15d31518x486S26906525x514S26912500x514S20500516x470
kuli,,1163,M508x518S1f50a493x494S21900494x483
kuli,,1164,M513x517S1f50b488x495S21900499x483
kultura,culture,1752,M538x518S2ff00482x483S10a10523x486S20600506x467
kup,,2444,M529x540S2890b504x513S14d13501x477S14d1b472x477S20500494x460S28913472x513
kupiti,,3600,M524x538S15d39476x471S1f830504x481S2a200501x510S20b00505x462
kurba,,3484,M549x558S14010520x496S22e04532x532S30c00482x483S2f900534x553
Kuvajt,,3039,M518x557S11549482x530S11541493x530S20600465x523S35d04482x483
kvalifikacija,,4025,M542x534S19a10505x466S19a18469x467S22b04510x494S22b14475x494S21100529x507S21100459x509S2fb04493x528
L,L,992,M512x515S1dc20488x485
lačen,,4011,M549x527S36d10479x473S11802509x485S1180a462x486S26506517x512S26512477x513S21100536x512S21100461x513
ladja,,2185,M524x536S15a41501x501S15a49476x501S20500494x525S26620492x464
lagati,,2188,M518x571S2ff00482x483S19a10467x513S2e200470x539S2f900499x520
lahko,,1354,M545x534S1dc31515x466S28916455x518S2890e506x501S2890e516x519S28916460x499S1dc39455x466
laik,,2502,M609x602S10020523x526S30122482x476S27206523x562S15a48560x535S11512574x548S20602574x516S2ef01591x567
laik,,4146,M548x535S1d448452x503S22b04529x505S22a04496x465S1ed26529x472S1dc20487x487
lani,,2503,M588x540S36d00479x510S15a00525x499S2b704524x460S22204526x489S19a20555x498S26606558x524
Laos,,2504,M532x518S2ff00482x483S15311509x471S20600484x470
Laos,,3040,M542x518S15311513x469S30007482x483S20600520x497
Laos,,4218,M545x518S30007482x483S15311512x469S20600523x496
lapsus,,2505,M583x528S19a00555x482S19a08523x482S28b1a518x508S28b02538x508S2ff00482x483
lapsus,,3439,M539x529S19a00511x471S19a08462x471S26932480x496S28a1b484x500S26932518x496S28a03486x500
laser,,2506,M525x534S1444a476x481S14440503x503S26500505x467
lasje,,1130,M556x518S36b00482x482S1d411517x467S20800503x469S22a07543x461
laskati,,2507,M518x571S14c02484x548S22a00503x526S20e00487x530S30c00482x483
last,,2508,M527x544S20330512x476S2a206506x502S20330477x477S2a21e476x502S2fb04493x538S36d00479x456
lastnik,,2509,M561x554S20330512x486S2a206506x512S20330477x487S2a21e476x512S2fb04493x548S36d00479x466S1ed26542x446S22b04541x478
lastnina,,2510,M575x544S20330512x476S2a206506x502S20330477x477S2a21e476x502S2fb04493x538S36d00479x456S14c02544x473S20600553x500
lastnoročno,,2511,M536x532S14c00465x494S26500470x472S15a37502x509S18551508x490S27e0b514x468
lastnost,,2512,M598x544S20330512x476S2a206506x502S20330477x477S2a21e476x502S2fb04493x538S36d00479x456S15a37544x472S11511573x463S20b00563x494
latinščina,,2616,M543x584S1dc20445x507S10a00522x513S30004482x483S20600521x497S27202450x544
latinščina,,3647,M543x564S1dc20445x507S10a00522x513S30004482x483S20600521x497S26500455x549S2f900456x542
latinski jezik,,3552,M543x589S30004482x483S10a00523x518S20600521x503S1dc20448x513S27202454x549
Latvija,,2515,M521x536S1dc11466x481S20500494x487S2f900490x477S36d00479x465S22e04470x518
Latvija,,3041,M517x530S1dc10483x470S22e04485x512S20500506x496S2f900506x484
laž,,2032,M521x568S2ff00482x483S19a10464x512S2e200467x536S2f900510x521S20500497x519
laž,,3648,M551x558S10010513x506S33100482x483S20e00519x490S22f03530x537
laž,,4186,M518x549S22620457x506S14c10458x518S20500491x521S2f900504x525S30004482x483
lažni prerok,,3649,M597x576S2ff00456x484S19a10438x513S2e200441x537S2f900484x522S20500471x520S32100508x482S33b10519x508S14c20559x458S18500543x507S22a03553x490S22b04578x526S10000516x520S1ed26578x495S2c300514x553
led,,2517,M529x538S14c39503x511S14c51487x485S2c707472x469S20e00485x517S2f900499x462
ledvica,,2518,M567x529S15a32540x498S36d10479x472S2fb06527x495S20600518x518
legenda,,3466,M578x534S30007482x483S28104527x492S11520528x457S1ed26559x472S22b04558x504
Leipzig,,2523,M521x530S1dc11464x478S36d00479x471S22b05482x506S21100501x497
lekarna,,1103,M562x529S15a37459x488S20341456x483S21100439x498S1ed20530x489S1ed28498x489S26606532x513S26612495x513S20500522x472
len 1,,2524,M559x532S14c1c532x499S14c14447x501S36d10479x489S20e00467x503S20e00521x504S2d201533x469S2d210442x473
len 2,,2525,M527x535S37604474x496S15d43479x493S21300478x465S22f00502x466
lenuh,,2531,M586x537S14c1c532x504S14c14447x506S36d10479x494S20e00467x508S20e00521x509S2d201533x474S2d210442x478S1ed26567x463S22b04566x495
lep pozdrav,,3127,M613x578S21100490x563S1853e502x531S30005483x483S22a04506x563S30003482x483S22204497x522S15d01576x508S15d09546x508S26506578x540S26506598x540S26512556x541S26512534x540S2fb04566x560
lepilni trak,,2529,M576x536S1d120468x499S1d128425x499S20600467x482S20600434x483S2f800443x465S1f052547x507S1f05a522x507S26606546x491S26612509x491
lepilo,,2527,M536x522S1d120507x494S1d128464x494S20500481x479S20500511x478S2f900467x483S2f900523x481
lepitit,,2528,M536x531S1d120507x503S1d128464x503S20600506x486S20600473x487S2f800482x469
lepo,,177,M519x578S21100490x563S1853e502x531S30005483x483S22a04506x563S30003482x483S22204497x522
lepo prosim,,4067,M589x545S30005482x483S15a10523x496S21100511x527S22a04526x527S2fa00524x487S30a30488x491S15a10571x518S15a18557x518S27120550x498
les,,2530,M515x538S15a48486x499S21c00503x463S22b04499x508S1bb40494x474
lešnik,,2533,M551x559S1f410519x507S33b00482x483S20500501x498S2e200531x527S2f900501x492
lestev,,2532,M518x554S20320503x522S20300482x507S20320503x478S20300482x458S21700508x513S21700487x498S21700486x447S21700507x466S22a00503x494S22a10484x476S2fc04493x543
letalo,,2231,M524x524S1cb51498x497S25501477x476
letalo,,983,M514x525S19a50486x505S25500493x476
letalonosilka,,4068,M523x547S26620477x454S15a30479x501S21400503x485S20500477x536S2f900488x539S1cb50495x493
letni časi,,2534,M562x541S19a20438x459S26606439x481S15a39493x501S10051480x482S21100480x500S15a40549x483S15a48524x484S22a04549x515S22a14524x515S2fb04535x535
letnik,,2536,M516x526S1dc20484x474S26606486x510
leto,,2535,M516x521S19a20484x479S26606486x505
leto,,446,M516x520S19a20484x480S22b06486x504
letos 1,,447,M550x550S19a20519x450S22b06520x477S19a30484x492S19a38450x493S22f04486x522S22f14451x524S2fb04474x544
letos 2,,2537,M530x542S19a20498x459S22b06500x485S10c50470x498S22a04473x527
lev,,3977,M538x567S26934466x538S15310522x505S15318465x507S2890d507x541S30003482x483S26930522x536S30005482x483S28915470x542
levica,,3184,M526x535S14c08475x465S37800486x495S10001493x505S20600504x494
levkemija,,2538,M557x539S15a57480x490S14c33454x492S3780b454x509S22613443x510S26607443x474S22716523x462S10e50542x487S10e58519x487S22712542x462
ležati,,2541,M537x529S1dc00494x490S1dc08464x499S2c307512x471S2c317472x473
lezbijka,,2539,M531x549S1dc41470x496S15d39475x526S20500521x515S2f900507x519S27102477x451
lezbijka,,2540,M523x521S19200502x501S19206478x500S20600489x480
Libanon,,3042,M582x531S16019492x483S16011520x483S18510557x494S20500511x469S22b06535x513S18518453x497S22b12471x515S20500512x507S17630418x513S22b00419x471S21c00423x504
Libija,,2542,M547x540S2ff00482x483S15a10521x487S23600508x523
ličar,,2546,M528x552S1dc40472x478S27102475x512S1ed26509x449S22b04508x481
lice,,2543,M537x542S10001516x512S30005482x483
licenca,,2544,M561x534S1dc0a443x474S1dc02478x474S2df08493x504S2df10440x504S2fb04468x528S15d39538x486S20302542x467S20b00521x475
licitacija,,2545,M527x543S11520505x471S11528480x457S23108501x511S2fc04492x532S23118474x500
ligenj,,2548,M525x534S14c52489x488S22622475x487S26606495x518S2f800487x467
Lihtenštajn,,2549,M551x536S15d39471x513S1dc51461x487S20500451x520S2f900450x512S22a00474x465S15d39528x512S20351527x489S20500511x511S2f900511x525
Lihtenštajn,,3043,M546x535S15d39476x512S1dc51465x485S20500455x507S22a00480x465S15d39507x512S20351504x486S20500536x507
likalnik,,2550,M510x532S1f850491x468S27102495x492
likati,,2551,M524x531S1f850477x484S27102509x470S15d39476x508
liker,,2552,M549x578S30004454x482S10000458x532S20e00486x510S21600468x520S2f900538x528S11500518x520S20500538x516S30004510x483S2c401505x555
likovni pouk,,2554,M556x539S2fb00507x475S26f10473x489S26f00516x488S18520525x508S18528481x508S11510445x473S22214446x462S22b04445x509
limit,,2557,M539x536S1f436466x507S21100461x478S27102481x465S18310510x516S26606509x491
limona,,2558,M515x508S20300500x493S21902486x493
linija,,2559,M522x530S10b20480x504S26706480x489S2f800479x471
lipa,,2560,M568x543S14c10451x458S2f900444x520S15a4a453x531S2e230480x461S37601462x489S20500432x519S10057501x508S1f441526x485S26507555x473S22201523x489S22205529x478S20500529x511
lisica,,1460,M545x518S14c00522x483S18500514x445S33100482x483S26500527x463
lisica,,2561,M543x518S18500516x477S33100482x483S22204520x467S26500529x500
lisica,,3475,M547x518S33100482x483S13f00512x446S11e00524x486S26500531x466
lisička (goba),,2562,M538x566S20348452x551S18152445x537S2c500439x508S33100482x483S1d410507x491S20600516x477
list,,2563,M537x528S26507524x507S1f441496x485S22201496x482S22205503x472S20500482x494S10059464x507
litanije,,3652,M529x537S15a10485x485S15a18471x485S20500478x463S2f900477x476S1f540511x488S2f000508x517
liter,,2564,M524x544S18310496x473S18318482x510S26500510x456S26510477x493S2fb04494x538
literatura,,2565,M558x550S15d39455x499S1c551470x467S20e00442x491S26a03443x450S15a40538x490S15a48516x491S20500527x477S2a208535x521S2a210511x522
liturgija,,3653,M513x545S15a10501x478S15a18487x478S20500494x456S2f900493x469S2bf00489x511
Litva,,2566,M551x518S11502521x484S30000482x483S26506533x504
Litva,,3044,M551x518S30000482x483S11502520x482S26506536x499
Lizbona,,2567,M512x533S1dc20488x467S2890c497x504
ljubezen,,420,M521x527S1dc01478x486S36d00479x473S2f900473x521S20500490x516
ljubi,,3287,M521x537S15d01474x472S15d09468x474S36d00479x464S27122476x498S2f900462x516
Ljubljana 1,,456,M542x533S22f04517x519S36d00479x468S20e00503x505S1dc20513x480
Ljubljana 2,,2019,M551x530S36d00479x476S18502535x470S20500509x491S20500509x519S2a602534x500
ljubosumje,,1029,M521x529S36d00479x471S1850e485x505S22f00477x482S20e00463x484
ljudje,,1028,M619x582S1ee10454x476S1f410518x486S2890a489x468S30000482x483S14c51592x533S14c59549x532S2d508594x518S2d510547x519S26906600x566S26912552x565
ljudje,,2020,M605x552S26806555x529S22104518x467S30000482x483S2880a531x499S22e33523x503S1ed26560x499S23404552x538S1f410522x478
ljudstvo,,3062,M586x564S2880a523x507S1f410515x485S30000482x483S22204518x475S14c50559x513S2e836554x548
Lk,,3887,M556x538S15a48457x480S15a40486x479S20500473x463S37700492x512S37700462x513S28a0a478x519S28a12445x520S1dc20514x475S20320541x490
lobanja,,1026,M570x553S2ff00482x483S18112485x469S2b704494x440S20600548x528S15a56525x541S1183d525x511
lobi,,2568,M576x529S15a41473x480S15d49448x499S27103494x503S20711425x471S15340561x501S15348532x501S26502561x480S26516530x480
ločeno,,2569,M533x529S17812506x486S1781a482x486S26606503x513S26612468x513S20500496x471
ločevanje,,2570,M521x553S17812504x462S1781a480x462S20500494x447S26f06507x493S26f12484x494S26626489x537
ločina,,3654,M582x551S1d448463x473S1d440496x468S22f04500x450S15d48419x477S15d40441x493S2d60f437x525S10004556x484S1000c536x484S2d606560x523S2d61e529x523S26932551x535S26932558x535S20500548x469
ločitev,,3440,M534x533S18052504x487S1805a481x487S20500495x522S26606504x468S26612466x468
ločitev,,3441,M532x533S1f50b475x485S2880a510x516S20500493x468S28812468x515S1f503500x485S22e33502x521S22e35485x521
ločiti se,,1484,M532x533S1f50b475x485S2880a510x516S20500493x468S28812468x515S1f503500x485S22e33502x521S22e35485x521
lom,,2487,M523x536S20350503x485S20358481x485S20500494x465S2a208500x508S2a210477x508
lomljenje kruha,,3655,M565x553S15a41454x456S15a57435x474S26c0f475x479S21100463x494S21401445x447S1ea41537x484S1ea49504x485S26b06539x507S26b12515x507S26626522x537
London,,2488,M554x551S10012522x499S2ff00482x483S2eb00539x519
lonec,,2489,M524x538S15440509x462S15448477x463S22b04508x497S22b14478x497S2fb04492x532
lopov,,2490,M572x554S14c22491x498S2df0a513x530S20304531x503S1ed26553x447S36d00479x476S22b04552x480
lopov,,2492,M535x539S15a48465x495S15d50479x496S2f900481x531S22214482x487S1ed26516x461S22b04515x495S20500468x528
Los Angeles,,2493,M531x515S1dc20470x485S20322516x500S26506497x501
losos,,2494,M529x610S15a40455x521S15a0a446x551S27202450x570S20500431x539S2f900431x551S30004482x483S10012491x521S27102494x537S21100516x548
loterija,,2571,M515x542S20310491x489S37800498x459S2e60c486x509
lovec,,2495,M539x528S11100524x488S2ff00482x483S26504525x513S21c00531x478
lovec,,3822,M554x535S11557470x481S11559496x490S26503484x514S26513457x507S2f900447x523S2f900473x530S1ed26535x465S22b04534x495
loviti,,3821,M538x527S11557485x473S11559511x482S26503499x506S26513472x499S2f900462x515S2f900488x522
lubenica,,2496,M526x535S1ee40501x486S1ee48474x486S20500495x466S28906495x520S2891e475x520
luč,,3232,M541x518S2ff00482x483S18551506x474S22201510x469S22a03528x489
luč vere,,3656,M541x567S2ff00482x483S18551506x474S22201510x469S22a03528x489S1d440504x519S1d448471x524S22f04510x553
luknja,,2497,M537x530S18159464x471S10051483x487S2810f514x508
Luksemburg,,3045,M529x530S1dc20472x470S23603500x500
lulati,,2498,M521x536S10c12488x498S36d10479x464S22f04489x522
luna 1,,2499,M517x536S1f420484x480S22204501x464S22200489x464S28a0c500x500
luna 2,,2500,M555x526S1f410525x485S22204544x472S22200530x472S2880c543x504S2ff00482x483S20500513x475S20500514x514
luna 3,,2501,M545x528S20500509x517S2ff00482x483S1ed17520x500S2f900493x521
luštno,,3892,M540x576S10001518x510S33e00482x483S20e00521x496S28208520x545
luteran,,3657,M548x535S1ef07508x475S1ef0f467x476S36d00479x465S22b05507x510S22b13470x511S21100535x514S21100454x513S1dc20415x466
lutka,,2572,M555x541S1d450506x478S1d458467x484S23604505x512S23610458x524S36f44479x463S36f48445x459
M,M,1896,M510x513S18d50490x488
mačeha,,3658,M570x537S1d410474x489S33100449x483S20500484x476S26506484x523S33010509x483S1ea10547x506S20800557x494
mačeha,,3694,M571x536S33200447x483S1d410473x492S26506485x522S2f900504x526S33010511x483S1ea10548x508S20800557x496
mačeha,,680,M536x518S1d410507x489S33100482x483S20600513x473
mačka,,899,M537x559S26a12462x532S1d410507x493S1d418463x493S20e00510x521S20e00476x522S26a06523x532S33100482x483
Madrid,,682,M528x518S30000482x483S10010493x436S20610485x471S26506513x452
Madžarska,,2573,M547x518S33200482x483S1ed20521x492S2c300521x463
Madžarska,,683,M567x521S26506530x498S1ea02546x498S33100482x483S1ee20502x492
mafija,,684,M536x568S20340521x501S26500522x483S20307490x547S22f03504x531S2ff00482x483
magister,,685,M586x560S15a01514x477S2ff00482x483S2df0e519x510S20500500x471S20337547x530S20357556x531S22a07573x522S22a13538x546
magnet,,2067,M513x530S15020488x471S26504494x507S2f900495x525
mahati,,2063,M512x540S14c20489x460S27102496x500
maj,,2064,M542x582S33100482x483S14711521x504S20500501x500S19200518x563S24e3c519x529
maj,,2101,M512x534S14c20489x466S22b04492x504
majhen,,3571,M528x531S18140516x469S18148473x469S2f804480x520S26502503x502S26516483x503
majhen,,688,M514x526S18220487x475S22b04498x496
majhen,,689,M528x534S18140516x466S18148473x466S22a03507x503S22a15482x504S2f804483x523
majica,,690,M521x520S36d00479x480S28906487x489S1f540475x493S21100496x506
major,,691,M521x534S1155c481x466S36d00479x498S26a02484x507S21100467x513
makaroni 1,,693,M523x524S1ce20501x477S1ce28477x478S20600491x513
makaroni 2,,976,M524x525S1ce50502x475S1ce58477x475S20610483x514
Makedonija,,2065,M552x518S30007482x483S15d11509x471S2ea01531x493
Makedonija,,2066,M519x550S2ff00482x483S14c11470x523S22621454x514S2f900508x521S20500497x519
maksimalno,,2069,M531x524S15a56469x476S15a52482x512S22b00515x494S20b00497x480
Malavi,,3046,M551x543S1ea10522x501S33b00482x483S2ea3e526x528
malenkost,,2071,M533x533S14040504x467S14048467x467S26a02510x505S26a16477x506
Malezija,,2575,M547x542S2ff00482x483S15a10521x496S15a18466x484S23600508x525S23614453x516
Malezija,,3047,M544x547S15d10524x490S15d18458x484S2ff00482x483S23108518x521S23118456x514S2fc04492x536
mali šmaren,,3942,M568x545S18140476x477S18148433x477S22a03467x514S22a15442x515S2f804443x534S15a01502x480S15a07538x479S37600519x498S20600546x465S20600495x466S2fb00523x456
malica,,2072,M518x572S14e01487x523S33b00482x483S20500485x496S20500504x496S26506492x558
malica,,2073,M520x581S14040443x526S14048408x526S26602442x565S26616407x565S33b00482x483S1ea00493x521S26a04493x549
malik,,2576,M596x546S2ff00482x483S15a40521x484S15a48466x484S26500520x461S26510464x461S22b14544x516S15a48546x484S15a40582x483S22b04580x515
malina,,2075,M536x530S15d39488x507S1f551515x472S2c603484x488S20e00465x514S2c603489x471
malinovec,,2076,M544x561S15d39424x538S1f551451x503S2c603420x519S20e00401x545S2c603425x502S33b00482x483S1f540493x520S2c304517x524
malo,,4075,M519x542S2b900483x478S1ce50496x512S2f800481x459
malo 1,,2077,M510x522S1e73f490x493S21e00496x479
malo 2,,2078,M529x540S10010486x510S2ff00482x483S20600507x518
malo 3,,2079,M515x519S1f010486x504S26500498x482
malokrvnost,,2080,M583x569S15a57560x520S14c33533x523S3780b534x539S22613522x545S26607523x508S20600463x514S2ff00482x483S10010486x512
malomarnost,,2081,M526x526S20357505x474S3790b476x485S20351481x480S23005497x500S20500474x498
Malta,,2083,M534x531S36d00479x469S11502494x516S22b06489x485S22b04494x481S21100521x486
mama,,465,M530x553S34000482x483S10020510x503S22f04505x539S20e00490x540
mandat,,2085,M547x577S15a37467x541S10051452x524S21100451x542S15a40532x529S15a48506x529S26504533x562S33b00482x483S26514504x562
mandat,,3619,M551x530S15a37469x482S10051450x470S21100450x489S15d40532x474S15d48502x474S22a04531x507S22a14509x507S2fb04518x524
mandatar,,2087,M573x579S15a37467x542S10051452x527S21100452x543S15a40532x530S15a48506x530S26504531x564S33b00482x483S1ed26554x487S22b04554x519S26514505x564
mandatar,,3620,M565x540S15a37454x492S10051435x480S21100435x499S15d40517x484S15d48487x484S22a04516x517S22a14494x517S2fb04503x534S1ed26546x461S22b04546x493
mandelj,,2088,M549x540S33b00482x483S1f550517x503S20500501x496S26b04522x522
mandelj,,2089,M523x561S36a00482x477S10c00503x529S21100510x509S21100475x510S10c08482x529S2fb04494x555
Manila,,2090,M540x518S2ff00482x483S1f820522x499S26500526x480S1dc20516x446S33b10493x507
manipulirati,,4043,M543x554S1ea07522x500S2ee00521x531S33100482x483S35310494x507
manj,,2091,M536x530S18110524x471S18118465x473S22b03505x506S22b15473x506
manjkati,,2092,M525x533S15d4a476x479S23004500x515S15d42496x467S21414506x496
manjše,,2093,M531x565S18110519x516S18118472x518S22a03504x551S22a15486x551S30f00482x483
manjšina,,2094,M602x567S1f410523x477S22104521x464S30000482x483S2880a491x465S22e33482x470S18110590x516S18118554x515S22a03583x552S22a15560x553
mansarda,,2096,M553x532S15a11473x506S15a19448x507S20500467x491S14750539x510S17d18508x513S20700523x485S26520464x468
mapa,,2097,M525x539S15b28486x495S15b20502x495S22b07501x462S22b11475x464S20500495x528
marati,,2098,M528x521S15d02493x479S21100473x506S23604489x504
marec,,2099,M564x554S33100482x483S10a10524x503S20500503x497S2480b543x530
marec,,2100,M512x533S11e20489x468S22b04496x503
marec,,2104,M509x533S18620491x468S22b04493x503
Maribor,,2120,M528x534S15a57485x506S18151504x492S20500507x523S2b702472x467S21401496x484
Marija,,180,M543x592S15a01474x538S15a07508x538S37600491x557S20600464x524S20600521x523S2fb04494x586S32100482x483
Marija,,225,M540x534S15a01471x492S15a07505x492S37600488x511S20600461x478S20600518x477S2fb00492x467
Marijino vnebovzetje,,3659,M559x576S15a01408x534S15a07442x534S37600425x553S20600398x520S20600455x519S2fb00429x509S20330544x500S20330527x500S22b27520x520S32107482x483S17f30505x530S17f38483x530
marmelada,,2128,M531x532S15a37486x509S15a33483x492S27207498x468S20e00470x518
Maroko,,2122,M549x532S30000482x483S15a02485x467S15a06488x520S30004483x482S26a14452x518S26a04522x463
marš,,2131,M532x529S18259508x486S18259481x483S22237512x471S27129469x502
Marseille,,2130,M527x527S17842488x480S17846494x501S20e00515x481S22236473x474S22232516x501
marsikdo,,2129,M550x538S1853e458x494S22234450x484S26606453x522S1ed26507x462S26806500x488S23404497x497
maša,,118,M532x547S15a10503x468S15a18487x468S20500495x454S2fb04493x541S26602502x519S26606501x502S26612469x502S26616470x519
maščevanje,,319,M553x518S2f900534x455S20300532x436S33100482x483S15000528x483S26500533x464S30f30488x486
maska,,2052,M518x538S2ff00482x483S14c00488x484S26504493x523
maslo,,2051,M535x530S15a37466x471S11551489x484S20e00477x496S2a20b512x509
mašni obred,,3661,M564x545S15a10469x477S15a18454x477S26520533x455S2ea4c514x501S2fc04527x534S2ea00549x505S2fb04463x538S20500462x463S10002531x484S1000a511x478S26606470x506S26612437x506S26602471x518S26616439x518
mašnik,,3344,M545x543S15a10487x476S15a18472x476S2fb04479x537S22b04526x492S1ed26526x458S20500480x462S26606487x502S26612455x502S26602489x516S26616456x516
mast,,2050,M522x544S15a0a495x532S15a20500x504S27206498x457S2f900479x527
matematika,,2049,M531x522S18537476x495S1853f507x495S22234505x479S22234469x480
maternica,,2048,M520x567S1ea52486x527S26506491x553S30004482x483S20500480x516S20500510x517
mati,,210,M539x559S22f04514x545S20e00522x497S10020519x509S30005482x483
mati,,3152,M539x559S22f04514x545S20e00522x497S10020519x509S30005482x483S32110491x489
Mati Božja,,3944,M582x557S22f04484x543S20e00492x495S10020489x507S30005451x483S22a04527x542S1530e520x521S2ff00514x482S15a20553x484S25507563x465
matura,,1777,M521x520S17632480x504S36d00479x481S22210477x493
matura,,2362,M550x533S17632449x491S36d00450x467S22210447x481S36d00508x467S10041511x482S10049498x482S22e20506x515
maturant,,1778,M553x531S17632480x514S36d00479x491S22210477x503S1ed26534x470S22b04534x501
mavrica 1,,2132,M540x529S14403461x493S28b0a496x472S26933488x484S15a06508x517S37a06462x522
mavrica 2,,2363,M558x536S22600442x509S28b0a488x479S26933480x491S15a06500x524S37a06454x529S1ea02460x502S14400536x465
mazilo,,1104,M530x525S15a57471x502S15a51499x491S21100486x475S21401518x510
McDonald,,2046,M516x531S11550493x480S2920a485x517S22220487x470
mečica,,3085,M547x541S33010479x483S10000503x511S20600525x504
med,,186,M543x530S15a41495x481S15d49470x500S27103516x504S20701458x470
med,,765,M551x527S26500528x477S20e00513x515S22204521x500S30005482x483S1d410522x497
medicina,,2045,M533x560S15a57445x537S1d451452x507S20600424x531S2ff00482x483S15411509x472S20500498x470
medicina,,3087,M525x527S1d452493x474S15d59502x504S20600476x501
medicina,,3088,M544x566S1d452442x513S15d59451x543S20600425x540S15011516x469S30007482x483
medmrežje,,1628,M534x525S14c03507x475S14c0b467x476S22b03489x501S22b15491x500
mednarodno,,1000,M542x535S11521500x478S11529468x479S20500492x465S2460a503x511S24612459x511
mednarodno,,1001,M560x530S27103487x503S15a41466x480S15d49443x500S20700441x471S2e832528x476S14c50533x499
meduza,,2044,M539x530S14c51474x504S21911462x491S2fa00526x500S22a07502x497S22a07514x484S22a07526x471
medved,,920,M555x554S14c50521x467S14c58458x479S2fc04497x543S2eb01519x505S2eb43463x514S3704c445x450S37040479x446
Medvode,,2043,M529x544S14c50504x498S14c58475x483S2fc04489x533S2e505506x470S2e51f471x457
megla,,2042,M582x566S14c52551x501S14c5a528x480S2ff00482x483S2eb00566x532S2eb44521x513S2fc04541x555S31430490x491
megla,,2364,M582x553S14c51553x470S14c59524x483S2ff00482x483S2fc04550x542S2e519525x513S2e501559x502S31430490x491
Mehika,,2040,M567x518S14702516x480S30000482x483S2d200541x473S20603493x463
Mehika,,2041,M583x518S11502523x483S30000482x483S20603494x464S2d200557x476
Mehika,,3048,M612x518S26937574x479S10001566x485S10009551x485S20500564x468S2d608583x476S2d610526x476S26931551x480S30000482x483
mehko,,1722,M536x523S2fa00495x478S18514465x508S1851c511x508S22214472x497S22214509x497
mehur,,3089,M550x516S36d10479x484S1540a525x495S20500496x500
meja,,2039,M532x530S18340502x488S18348472x488S20500495x471S26606502x514S26612469x514
Mekedonija,,4197,M549x538S30005482x483S22620523x496S14c10523x507S2f900506x520
mene,,2878,M520x519S10043490x482S20600480x508
mene,,3209,M518x517S10b42492x483S20600482x506
meni,,980,M512x523S18002497x477S20600488x512
menih,,3662,M550x526S1ea4c522x505S1ea44457x505S2ff02478x483S2c300524x474S2c311453x472S2fb00494x462
meningitis,,3090,M553x518S1c510523x479S2ff00482x483S20610501x466
menstruacija,,3091,M563x540S33100482x483S1f410528x505S22214536x495S20e00519x491S26a00536x526
mešalnik (kuhinjski),,2137,M520x526S1dc04488x474S2ec02480x511
mesar,,3479,M539x518S33100482x483S20350523x495S22e00522x472
mešati,,2136,M523x550S14c02492x471S14c0a481x450S2eb00506x506S2eb44477x499S2fc04491x539
mešati hrano,,2138,M514x525S1ea51486x476S2f002490x506
mesec,,2134,M514x531S10a20487x469S22b04498x501
mesečno,,2135,M527x527S10a20474x473S23404474x513S26806477x505
mesija,,3663,M575x541S1531c534x514S28817479x511S20330486x485S15314459x516S2fb04497x535S2880f509x511S20330509x485S1ed26556x461S22b04556x492S2f900511x503S2f900487x503S18d50426x459
meso 1,,794,M529x528S15d49506x505S1d152496x472S20a00471x494
meso 2,,2133,M541x528S36a00482x477S10053520x484S20500513x517
mesto,,1218,M520x516S1f810502x501S1f818481x501S20500497x485
mesto,,1219,M522x533S15a37499x510S15452497x488S2f900479x514S22a04503x467S20500478x501
mesto,,2365,M520x515S1f810502x500S1f818481x500S20500490x485S2f900503x488
metastaza,,2139,M577x550S10e50450x479S10e58424x480S22712452x518S22716427x518S2fb04436x544S14c29521x481S14c21485x481S26507550x467S26507564x453S26511472x465S26511457x450
meter,,2140,M533x527S1ea02490x491S1ea0a468x492S26706491x511S20500484x473
metoda,,2141,M538x527S18c57463x490S18c51489x479S20e00470x474S26a07517x506
metropolija,,3664,M561x542S11500462x461S21100463x495S22b04461x512S22b06455x516S2e732535x494S14c50537x459S21100440x517S15d5a493x495S1f502496x467S20b00516x480
metropolit,,3665,M554x547S11500468x466S21100469x500S22b04467x517S22b06461x521S1ed26535x454S22b04534x485S21100446x522S15d5a496x499S1f502498x471S20b00517x483
metulj,,1112,M529x522S22224511x478S15d01481x499S20800496x483S15d09497x499S22224472x479
metuljček,,4032,M579x547S13f10550x512S13f18517x512S36a00482x477S22200554x504S22200532x503S26512531x533S26506551x533
mežikati,,2144,M550x518S32000482x483S22214517x481S22214460x482S1f410521x492S1f418451x493
mezinec,,2143,M525x524S14c09476x477S17e10502x490S20a00490x509
mi,,2145,M523x533S26932497x468S20603478x514S2e902483x467S10003485x490
Miami,,2146,M532x531S20359502x470S3780b477x485S26607510x496S21100494x517S15a05468x471
midva,,666,M520x530S1dc40487x500S27200480x470
migrena 1,,2147,M545x518S15011517x471S2ff00482x483S22235502x457
migrena 2,,669,M607x572S2ff00482x483S10011518x487S10031586x542S10039543x541S2e50d577x512S2e515550x511S20500511x472
miimalno,,2149,M525x527S18010495x474S18018475x498S22b04506x497
Miklavž,,672,M530x518S2ff00482x483S15a10518x478S15a18469x479S2380f509x448S23817472x449S20500494x443S26930514x473S26930467x474
Milano,,675,M544x548S10020515x464S10028469x453S23600505x512S23614456x500S2fc04492x537
miligram,,679,M532x535S20349495x514S19241505x500S22a20501x475S2f900483x510S2f900502x465S20500469x507
milost,,2232,M557x548S2ff00482x483S14c01490x521S17600541x482S26203518x498S32117491x491
mimika,,2054,M543x565S2ff00482x483S1dc20511x499S1dc28465x483S23600504x535S23614452x523S2fc04488x554
mimo,,1465,M517x531S15a48484x486S15a40499x503S20e00483x519S27307503x470
mina,,1177,M570x534S15018431x500S15010466x500S20311511x496S20319542x494S37600525x511S26606502x477S26612540x477S2f900521x467S2f900540x467
minister,,1176,M545x539S14b50508x461S14b58470x472S27104505x494S27110456x511S2fc04498x528
minister,,2816,M546x551S14b50487x477S14b58458x487S26c00487x509S26c10454x519S2fc04480x540S1ed26527x450S22b04527x482
ministrant,,3666,M533x538S1ea0c472x517S27204467x494S1ed26514x463S22b04514x495
minus,,2084,M516x517S10002485x502S26606486x483
minuta,,644,M532x526S10051475x477S26907513x507S3780b481x490S20357506x475S2f900469x495S20500478x500
minuta,,645,M532x521S21400474x505S2d608482x480S37a06468x514S20356517x506S10050494x491
mir,,1223,M543x534S11e10513x466S11e18464x467S21100530x508S21100457x510S22b14470x504S22b04514x504
miš,,2151,M527x532S2f700510x525S1c550497x489S20e00491x479S26500510x468S15d38473x488
misal,,3092,M561x548S15a10532x467S15a18511x467S22b06530x503S22b02531x518S22b12495x503S22b16498x519S2fb04520x542S20500523x452S15a40467x468S15a48447x468S20500457x453S2a208463x502S2a210439x502
misel,,3155,M566x530S10a11516x482S2ff00482x483S2e231539x503S2f900503x474
mišica,,2152,M532x522S37604469x483S17d40477x492S20a00514x492S22220477x479
misijon,,3667,M587x535S1d448414x482S1d440447x477S22f04453x511S14c50522x484S14c58492x485S26507536x466S26511487x466S14c50559x485S2e832555x519
misijonar,,2266,M629x550S1f010510x496S26506524x513S36a30490x490S19a20552x490S2b707579x473S1ed26610x487S22b04610x520
misijonar,,3668,M585x537S1d448416x494S1d440449x489S22f04455x523S14c50524x496S14c58494x497S26507538x478S26511489x478S1ed26566x463S22b04565x494
misijonarka,,3669,M541x565S1d448335x522S1d440368x517S22f04374x551S14c50443x524S14c58413x525S26507457x506S26511408x506S33010479x483S1ea10518x508S20800525x497
misijoni,,2267,M628x552S1f010510x496S26506524x513S36a30490x490S19a20552x490S2b707579x473S15a50610x525S2e73a603x505
misliti,,2150,M566x530S10a11516x482S2ff00482x483S2e231539x503S2f900503x474
mit,,2155,M585x583S2eb40545x539S2eb04570x526S2ff02499x482S15a00569x494S15a00549x507S2ff00458x483S10a10468x521S20e00453x513S26a00461x551S22214564x484S22214545x499S2fc04562x572
mit,,2519,M557x588S2ff00515x482S10a10526x520S20e00545x514S26a00519x551S2ff00450x483S14f11476x514S14f19436x514S25104481x543S25114441x544S2fb04463x582
mit,,3670,M582x566S2ff02435x483S15d00485x487S2c404472x520S33b00530x482S18500554x519S18508517x519S2f003561x538S2f013515x538S2fb04542x560
mitra,,3671,M538x518S2ff00482x483S15a11501x451S15a19477x452S23804521x477S2381c461x477S20500495x438S26931516x470S26933472x470
mivka,,2156,M536x537S18537477x484S1853f507x483S21100516x464S26606506x510S26612465x510S21100476x465S2fb04492x531
miza,,1003,M536x531S15a50485x482S15a50505x482S22b06506x515S22b12465x515S20500495x469
miza,,1138,M533x530S15a50484x483S15a50504x483S20500494x470S26606503x514S26612467x514
miza,,1166,M534x523S15a50485x478S15a50503x478S26606504x507S26612467x507
Mjanmar,,3049,M513x537S15a10501x477S15a18487x477S20500496x463S2ea00495x512
Mjanmar,,4217,M520x524S15a10503x497S15a18489x497S27120481x476
mlačno,,2375,M547x565S2e300523x538S15a01524x511S35a00482x483S21410522x498
mlad,,3957,M537x525S22f00510x511S36d00479x475S20e00496x513S17f32508x489
mlad,,441,M541x526S19a31511x483S36d00479x475S20e00501x514S22f00516x512
mladoletnost,,2157,M587x533S19a31514x490S36d00479x480S20e00506x521S22f00520x519S19a20554x468S26606557x494
mlajši,,2158,M576x527S19a31511x484S36d00479x473S20e00501x514S22f00517x513S22a04557x473S18020546x493
mleti,,2159,M518x523S20351497x477S20337497x502S21100482x491
mnenje,,2160,M549x518S2ff00482x483S10011517x486S20500507x473S25e07522x457S30c30489x488
mnogo,,1298,M531x515S18530506x499S18538470x500S22214472x487S22214509x486
mobilizacija,,2436,M565x530S11500470x471S11508437x472S2df00467x508S2df18435x509S15010540x470S15018502x470S22e02534x510S22e16514x511
mobing,,2163,M516x546S20340485x510S18150504x500S2c320484x455S2f900494x541S21400499x490
moč,,659,M523x550S37606492x482S10052488x478S2c300497x450S20500477x511S20500477x488
močnik,,2164,M523x525S15a37482x502S15a51500x485S21100477x492S21401489x475
močno,,660,M532x524S20302476x498S20306512x497S2f900515x519S26a10469x478S26a00505x477S2f900478x519
moda,,662,M530x517S15a36470x505S1813e499x484S2d60c501x502S20e00480x490
moderno,,661,M532x524S15a36469x498S1813e488x476S20e00480x484S2880e505x497S2880e510x512
modnik,,2427,M517x518S18530483x482S22f04492x504
modnik,,2428,M517x518S18530483x482S22f04492x504
modra,,663,M540x548S2480c524x520S11520523x485S2ff00482x483
mogoče,,2023,M522x546S10011500x469S10019485x469S20500498x454S28922486x506S2892a486x527S22e31510x512S22e33478x534
moj,,252,M513x515S15d01490x485S20500488x504
moj,,2881,M515x518S15d01492x483S20b00485x505
mojster,master,2031,M570x544S2ff00482x483S15a11519x485S2d200518x514S20500509x474S1ed26551x484S22b04551x514
Mojzes,,3946,M565x537S14e40465x464S14e48436x464S14c20542x505S14c28514x506S26500546x486S26510519x486S20340484x520S20348458x521S22a05478x499S22a15452x502S2fb00531x476
Mojzes  2,,769,M589x524S1d120488x493S1d128445x494S20600447x476S20600492x476S18200563x490S20612546x487S15a18530x493S18d50411x497S22a04576x509
Mojzes 2,,789,M545x519S18d50455x489S15a18486x487S18200519x484S20612502x481S22a04532x504
moka,,2030,M524x528S14c51491x473S14c39498x501S21100476x495
mokro,,3492,M530x535S10e51500x488S10e59483x510S20600471x501S22f04493x465
molčati,,2028,M518x570S33b00482x483S1ea10491x521S2ed00499x547
molčati,,2029,M518x565S1d400486x520S33b00482x483S20500485x498S20500505x498S22a06497x552
molčati,,2975,M518x553S10010486x523S33d00482x483
molitev,,155,M513x522S15a10501x495S15a18487x495S20500502x479S2f900490x484
molitev kesanja,,4147,M542x546S15a10456x519S15a18442x519S20500457x503S2f900445x508S30000482x483S20301519x469S20600520x492S30d30487x491
moliti,,3181,M518x569S15a10503x542S15a18489x542S20500503x528S2f900491x531S30104482x477
moliti,,4061,M518x567S15a10504x540S15a18490x540S20500504x526S2f900492x529S30114482x477
molitvenik,,4148,M539x536S15a18501x484S15a10521x484S2df1c496x515S2df04518x514S20500512x470S15a18461x483S15a10476x483S20500466x465S2f900477x468
molk,silence,2027,M518x552S33b00482x483S10010488x522S20500508x518
molsti,,2435,M531x542S17548477x525S17540508x517S21600517x505S21600479x512S22a04504x478S22a04518x474S2fc00495x459S22a14482x475S22a14470x481
Mongolija,,2165,M532x527S30b10482x483S10000493x497S22a00499x461S2f900521x493
monitor,,2434,M529x534S15a18517x481S15a40504x466S23604487x517S21100472x519S37806489x506
monštranca,,4083,M526x570S14420504x430S14428475x430S2890c508x473S28914480x473S26933488x467S26935502x466S22b24494x540S20300494x504S20308494x521
montažer,,2432,M558x541S1151a459x511S11512482x500S20610442x494S26826460x525S1ed26539x460S22b04539x489S23404481x478
montažer,,2433,M536x544S22b04516x491S1ed26517x456S26626469x528S10e40486x492S10e48464x492S22722489x459S22726467x459
morati,,1206,M538x579S18050508x527S18058466x527S30c00482x483S22a04515x555S22a14476x555S2f900516x574S2f900477x573
Moravske toplice,,2166,M518x572S18050448x530S26a04454x552S30004482x483S15a01494x521S2e501492x545
morfij,,2431,M585x569S36d00509x520S37900508x523S11e00562x505S13f10512x547S22a03546x534S20500511x531S14712467x523S1471a443x523S30a00450x483S22a04474x544S22a14445x544S2fa00461x562
morilec,,1294,M529x532S20310473x473S25604472x502S25640472x494S1ed26510x468S22b04510x502
morje 1,,838,M544x537S14c50514x480S14c58464x482S22630507x464S22630459x465S26606514x512S26612456x513S2fb04494x531
morje 2,,2383,M544x535S14c50507x465S14c58464x467S29906512x505S26937504x512S26931485x512S2fb04492x529S2991e457x506
mormon,,3609,M561x531S2ff00482x483S14b10536x490S22a04548x516S20500520x488S20500520x502
mornar,,664,M541x586S2ff00482x483S11510513x505S27200501x537S22b04514x556
mornar,,665,M558x518S34400482x483S11511517x489S29905530x482
morski jež,,2426,M560x536S14c51455x477S22621441x466S26606457x507S14427532x464S1442f498x464S20612525x499S28914507x500S2890c538x500
morski konjiček,,2425,M546x530S14c51466x481S22621454x470S26606470x514S1f410517x476S23002528x496S26602514x514
morski pes 1,,2423,M520x553S15a18480x512S17940497x523S21410505x511S20800495x543S2dc2e493x448
morski pes 2,,2424,M540x532S14c50431x469S26937420x512S20500513x515S36d10479x476S15a1c528x505S29906427x507
mošeja,,3673,M579x553S2ff02478x483S18120522x487S18128465x487S20600509x524S20600470x523S16c40559x532S16c48543x532S22b20553x496
moški,,3107,M547x549S33100482x483S1ea20521x506S22204522x497S2ef01529x529S33b10493x510
Moskva,Moscow,2026,M543x524S1f810524x509S20600521x495S30005482x483
mošnja,,2429,M565x541S14d13482x461S28814435x481S14d19451x503S2880c508x481S14d1b450x460S14d11482x503S20304542x467S18136536x503S22f24538x527
most 1,,2167,M536x532S11541512x489S1154f492x507S2b702487x469S2b712465x489
most 2,,2384,M536x532S2b702484x468S10e41511x487S10e4f487x507S2b712465x486
mostnina,,2422,M558x532S11541490x489S1154f470x507S2b702465x469S2b712443x489S1f436543x502S21100536x491
motika,,2169,M519x525S18250494x510S2b700481x476S2b700500x475
motiti,,2009,M545x575S15a57481x533S10e41494x545S20711510x515S33b00482x483
motivirati,,2419,M529x539S10000510x461S10008476x462S2e515472x500S2e50d506x499S2fb04494x533
"motnja, ovira",,52,M546x573S15a57482x531S10e41495x543S20711511x513S34400482x483
motno,,2168,M534x600S14c51501x520S14c59474x532S2eb32502x554S2eb1a469x571S2fc04496x589S30f00482x483
motor,,2417,M528x523S20358472x477S20350507x477S2f004508x502
motor (stroj),,2418,M515x535S10030495x465S2e609486x501
mož,,2413,M632x564S33100482x483S1ea20521x505S22204520x498S2ef01529x532S15a37559x526S15a51570x535S15a31609x525S15a57598x533S20500567x553S20500612x552
možača,,2412,M626x566S33010479x483S1ea10515x508S20800525x491S20302590x535S20304559x536S37703604x543S3770b538x544S26a00583x517S26a10553x517S2f900610x533S2f900545x532
mozeg,,2416,M551x528S20600450x507S15a57474x505S1183d469x480S17648515x510S10b51521x494S22f04515x473
možgani,brains,2025,M545x518S1c552485x450S2ff00482x483S2c305518x450
možganska kap,,981,M542x538S10040525x484S30000482x483S21410527x471S22e00525x520
možnost,possibility,2024,M530x537S11510510x463S11518477x464S23004505x504S23014471x504S2fb04491x531
Mr,,3888,M558x538S15a48454x480S15a40483x479S20500470x463S37700489x512S37700459x513S28a0a475x519S28a12442x520S18d50517x481S17610542x490
mravlja,,2411,M538x518S10a20511x454S10a28465x454S22e14463x484S22e04521x483S30007482x483S30001482x483
mravlje,,2410,M533x540S14e50507x509S14e58467x509S22620507x495S22620468x496S26500511x469S26510473x469S2fb00492x460
mraz,,2409,M545x532S20340530x468S20348455x469S2fb04493x526S22b03506x483S22b15469x484S2f900506x511S2f900484x512
mreža,,2407,M544x533S21100477x508S21100510x507S22f01523x492S22f17457x492S2fb04494x527S14421496x468S14429473x468
mreža,,3573,M542x532S21100480x507S21100509x507S22f01521x491S22f17458x491S2fb04493x526S14401499x468S14409471x469
mrežnica,,2408,M530x567S14c01437x519S14c09411x520S22f01461x546S22f17395x546S21410438x506S31500482x483S10001509x498
mrk (luna),,2406,M533x516S17610479x500S17614467x500S28a02497x485S2f900468x492
mrlič,,2405,M556x534S1ce52461x496S36d00479x488S20500478x523S1ed26537x466S22b04536x499
mrož,,2404,M521x582S20340504x520S20348481x520S33100482x483S22b04505x541S22b14480x542S2fb04493x576
mrtev,,2403,M521x523S1ce52461x485S36d00479x477S20500478x512
mrtvi,,3331,M552x535S1ce52461x497S36d00479x489S20500478x524S1ed26531x465S22f04527x498
mrzlica,,2402,M576x539S20340466x475S20348427x475S26a02469x500S26a16425x500S2fb04447x533S1dc01511x462S1dc09544x462S22a04546x502S22a14516x503S21100563x501S21100501x503S2fb04530x530
mrzlo,,969,M529x526S20340512x474S20348473x474S26a02515x499S26a16471x499
Mt,,3886,M570x539S15a48442x481S15a40471x480S20500458x464S37700477x513S37700447x514S28a0a463x520S28a12430x521S18d50505x482S19220533x488S2a20c547x461
mučenec,,3109,M547x546S20e00496x502S20310493x485S20318458x477S22f04488x517S22f14453x510S2fc04475x535S20e00459x496S1ed26528x454S22b04527x485
mučiti,,2398,M534x534S15d39482x511S20314485x490S2f900466x506S2e008513x477S37700492x467
mučiti,,2399,M520x540S15d39496x517S20314500x499S2f900480x512S2e008499x461
mučiti,,2400,M534x524S15d39479x477S2e008513x495S2f900466x501S15d53482x496
muha,,2397,M516x530S15d20497x486S15d28484x486S22214489x471S20500495x519
mulat,,2396,M542x541S10019427x489S10011440x491S26505460x518S20e00449x529S2ff00482x483S16c02521x475S22b04524x502S21410525x461
mumija,,2392,M507x539S15a00494x462S29804494x495
mumps,,1017,M554x530S36a00482x477S17700515x515S22100467x503S26511444x497S26507541x495S22100521x503S17708465x514
München,,2391,M536x518S2ff00482x483S15311513x471S20600485x467
Murska Sobota,,2390,M558x547S2ff00447x484S15a10486x488S26b00478x525S14412527x521S22622517x521S2ff00517x482
musliman,,2381,M547x531S15d20453x472S15d28490x472S23004484x508S23014454x508S1ed26528x470S22b04528x501
musliman,,3537,M574x577S23014462x551S2fb04492x571S23004513x551S30114482x477S15d20513x515S15d28468x516S1ed26555x489S22b04555x519
muzej,,2389,M561x532S15a00483x468S15a00502x468S26500503x504S26500518x503S26500534x503S26806511x510S26510482x503S26510469x503S26510456x503S26812440x510S2fb04491x526
muzikal,,2386,M568x548S10040464x469S10048436x469S28806460x529S26606538x495S2ea02507x452S2ea46502x533S2881e434x528S10004514x472S10000506x498S2880e463x513S28816432x513
N,N,1897,M511x513S11950489x487
na,,128,M512x524S15a51489x477S22a04497x509
na,,3982,M522x524S15a52483x496S22a04493x477S15a56479x512S20500512x512
na pamet,,314,M527x518S15a11504x470S20600479x470S2ff00482x483
na vse  veke vekov,,3674,M522x542S1ce48479x488S1ce10499x488S28a2a486x525S20800496x473S2f800480x458
na zdravje,,2438,M537x597S1d402504x556S1d40a468x557S22f00512x536S22f10465x536S20e00512x585S20e00476x585S2fb00494x527S31600482x483S33e10493x506
načelo,,2439,M549x518S11502519x484S30000482x483S26506532x503
način,,44,M553x523S20500538x481S11551468x478S11531528x496S11559504x477S20500452x484S11539447x496
nacionalni,,4040,M586x564S2880a523x507S1f410515x485S30000482x483S22204518x475S14c50559x513S2e836554x548S35d10496x504
načrt,,1054,M533x538S15a56506x526S37806475x531S1d420468x463S23d0a482x497
nad,,2440,M525x528S18210502x513S18218476x495S28a00496x473
nad,,3978,M518x524S15a52489x494S15a56482x512S2e70a493x476
nadaljevati,,3160,M510x546S10e20495x516S26500492x494S26500491x475S26500490x454
nadangel,,3675,M560x516S18010442x501S18018529x500S36d00479x504S22120440x485S22120538x487
nadangel,,3676,M560x516S18010442x501S18018529x500S36d00479x504S22120440x485S22120538x487
nadangel,,3677,M560x537S18010442x480S18018529x479S36d00479x483S22120440x464S22120538x466S15d5a396x518S1f502400x490S20b00418x497
nadomestilo,,3369,M538x525S2a201518x502S15d31496x479S15d59471x490S20601463x475
nadomestilo,,3370,M512x532S2a200489x504S11530494x468
nadstropje,,1241,M525x529S18210502x514S18218475x514S2ae00505x471
nadzor,,3502,M530x525S20357509x480S3780b484x495S10e51474x476S20b00470x502
nag,,1647,M541x530S15a57460x498S1c551487x470S27107514x496S21100508x516
naglušen,,454,M529x535S22a04494x520S15a10495x486S20500519x488S11510514x503S2ff00482x483
naglušni,,2284,M573x551S22a04494x520S15a10495x486S20500519x488S11510514x503S2ff00482x483S1ed26546x505S23404536x537
naglušnost,,2385,M578x577S22a04494x520S15a10495x486S20500519x488S11510514x503S2ff00482x483S14c50547x525S2e932538x560
naj,,3075,M516x526S15a40490x475S2880e485x514S26933504x506
naj,,3076,M532x536S11559469x481S11531488x485S29004509x509S20601472x464
najboljše,,1398,M547x568S2a201466x545S1ce01519x501S2d200521x480S11557426x521S11531443x522S20601422x506S30005482x483
najemnik,,3453,M529x540S19a50471x499S2e732472x524S1ed26510x460S22b04509x494
najemnina,,3908,M543x532S19a50457x491S2e732458x516S22840511x471S21100496x468S1ea07513x488
naježiti se,,3589,M584x557S14400523x507S37806526x536S15a56557x530S26506536x542S21100519x543S2fa00530x497S31400482x483S34410496x504
najlepše,,3559,M544x546S2ff00482x483S14c10520x484S2e305521x519S1851e498x521S21410524x474
najstnik,,1030,M540x542S11500519x512S22614522x500S33100482x483
najti,,3355,M536x541S1d420507x513S1d428465x513S22204509x509S22204484x510S2f900468x469S2f900519x467S2fb00491x459S22e00518x485S22e10464x485
nalašč,,1016,M518x564S21600496x526S10600488x538S36a30490x507S2ff00482x474
nalašč,,2257,M557x533S30004482x483S10602531x511S20e00494x521S21902518x509
naliv,,2377,M547x576S15050521x504S15058456x505S2f900446x571S32a00482x483S26603512x540S26613446x542S2f900510x569
nam,,757,M533x525S26932496x488S10003503x504S1000b468x504S2d706502x475S2d71e471x475S26932502x488
namen,,4135,M531x534S1ea02506x510S2c300505x479S1ea0a475x511S2c311470x480S2fb00493x466
namestnik,,3679,M528x557S15a56472x475S15a30477x500S21404476x494S2c300474x534S1ed26509x444S22b04509x476
namesto,,2989,M517x536S2df22494x512S10008484x465S10020502x473
namesto,,3678,M514x541S15a56486x459S15a30491x484S21404490x478S2c300488x518
Namibija,,3050,M515x521S14b51486x479S22f04490x507
napad,,1168,M537x539S14c28464x463S14c20500x462S25605507x503S2f900526x532S25615471x506S2f900488x534
napadalec,,1169,M551x552S14c28450x470S14c20491x471S1ed26532x449S22b04531x480S2f900470x534S25515458x509S25505497x509S2f900508x533S2fb04487x546
napaka,,1645,M523x533S1005a478x497S10050508x468S22b04507x503S20b00487x472
napolniti,,3907,M554x535S20349473x514S11551467x486S2ea39447x471S18218513x507S18210527x500S22b00538x466S20500512x492
"naporno, napor",,72,M566x593S15a59524x528S15a41543x509S37a0b483x546S20500508x542S20500498x552S20500487x562S30d00482x483
napredovati,,2830,M510x544S11520495x514S26500491x491S26500491x473S26500491x456
naprej,,3988,M529x528S18240502x473S18248474x473S2b700510x495S2b711472x495S2fb04494x522
narava,,2366,M543x536S18537477x509S1853f505x508S28909516x464S22200514x499S22200476x500S28911457x466
narediti,,849,M548x527S14c21502x474S14c29470x475S20324452x485S26512464x506S26506520x504S20320533x484S2fb04493x521
narekovaji,,3382,M534x529S11820511x484S11828466x502S21900510x471S21900475x489
naročiti,,3111,M518x533S10020502x478S2035a482x493S20500484x512S22e04501x515S21400499x467
naročnik,,3113,M535x537S10020485x482S2035a465x497S20500467x516S22e04484x519S1ed26516x463S22b04516x494S21400485x472
narod,,3004,M586x564S2880a523x507S1f410515x485S30000482x483S22204518x475S14c50559x513S2e836554x548
nas,,140,M525x534S10003485x490S20500476x513S20500483x523S2e902485x467S26936500x469
nas,,3214,M523x533S26932497x468S20603478x514S2e902483x467S10003485x490
naš,,230,M520x528S26936495x473S15a02486x493S2e902480x473S20603490x509
nasilje,,4036,M522x590S20340506x524S20348478x524S2eb00507x546S2eb18476x546S2fb04491x584S30a00482x483
nasilje,,4037,M510x535S20350495x502S20306490x520S25504496x466S2f900497x491
nasproti,,3611,M536x522S10c51495x488S10c39475x494S20500482x478S26505523x508S26511464x488
nasvidenje,,1409,M631x553S15a00523x487S26a00515x470S10e10599x523S10e18568x523S20500585x515S26602601x502S26616552x503S2ff00482x483
natančno,,2586,M518x552S1ce32479x530S30004482x483S21e00494x523
naturist,,3114,M582x540S15a57418x488S1c551445x460S27107472x486S21100466x506S15d01550x461S15d09518x461S22e16526x490S22e02549x490S22b04555x509S22b14522x510S20e00570x492S20e00512x492
nauk,,3348,M535x533S18527516x505S1852f465x506S26a00504x481S26a10469x482S2fb00492x467
navadno,,3179,M551x524S1d410522x496S22204525x500S2ff00482x483
navdušenje,,1124,M534x553S36d00479x448S14c02503x462S14c0a467x475S2fc04499x542S2eb00514x490S2eb44475x504
navzgor,,3264,M525x525S15a11502x502S22b01476x476
nazaj,,3989,M526x528S18240502x513S18248474x513S2fb00492x472S2b704509x480S2b715479x481
ne,,1174,M510x539S10020490x461S27206491x499
ne,,1175,M508x525S10020493x475S26506493x511
ne,,137,M542x602S10020523x526S30122482x476S27206523x562
ne da se mi,,3383,M535x532S1f511467x479S1f519514x478S22c05485x499S22c13484x499S36d00479x468
ne farbaj me,,3681,M522x543S1ea40478x482S1ea1a497x520S37702495x502S20500512x506S2ee09483x457
ne ljubi se mi,,2923,M521x530S10020433x480S26506433x516S20500477x509S36d00479x471S14c01471x482
ne maram,,437,M564x524S36d00479x477S14c52495x486S20e00506x512S2ab03528x488
ne morem,,2242,M538x593S2a012467x572S2a00a508x571S11520511x532S11528474x533S26931462x566S26937526x565S30122482x476
ne morem,,436,M541x629S2a012467x572S2a00a508x571S11520511x532S11528474x533S11530459x599S11538526x599S30122482x476
ne poznam,,1154,M543x553S11511516x494S20500511x478S2df0f523x529S30122482x476
ne poznati,,51,M540x545S11511514x485S20500507x471S2ff00482x483S2df0f520x521
ne poznati,,986,M559x518S11511515x482S20500505x471S26507533x468S11520544x428S2ff00482x483
ne vem,,438,M549x534S1c510518x473S2df0f529x510S2ff00482x483S20500507x471
Neapelj,,2910,M550x554S18551522x513S2eb3a518x538S35d00482x483
nebesa,,93,M575x518S2fb00541x442S14c30551x474S14c38523x474S28809550x451S28811527x451S32110490x493S30000482x483
nebeško kraljestvo,,88,M636x576S2fb04604x570S14420569x458S30000530x484S2fb00490x434S14c30469x470S14c38499x470S30000434x482S28809499x444S28811474x445S11501608x511S11509593x511S2df08615x544S2df10591x544S2d508568x492
nebo,,816,M550x518S32100482x483S2890a521x471S18112485x467
nečak,,3115,M518x523S11550503x478S11558482x478S20600490x512
nečakinja,,3116,M540x564S11550461x519S11558440x519S20600447x553S1ea10517x508S33010479x483S20800525x495
nedelja,,1040,M518x549S2e300489x485S2ff00482x483S10b00489x523
nedolžnost,,3682,M535x533S11541495x494S20e00504x477S11549475x486S26607513x511S2f801465x468
negovati,,601,M521x548S11558482x461S2eb34505x493S2eb18479x502S2fc04497x537S11550506x452
nekaj,,2239,M542x521S2d608484x480S22601461x480S1f731459x499S14c30518x490
nekdo,,1306,M533x551S2ff00482x483S10000509x521S20500496x518S2dc06520x460
nekoč,,1707,M594x546S36d00479x488S22214532x469S2b704566x494S2b704580x493S15a07529x480S15a01566x467S22214563x454S2b714524x507S2b714540x507S2fc04560x535
Nemčija,,1012,M538x518S10110493x451S30000482x483S20600516x469
nemir,,3309,M563x529S18552453x471S21100437x501S22f04451x502S15d39483x472S11851506x486S27103536x503S2f900516x471
nemogoče,,1137,M526x579S2a012479x557S2a00a497x558S26931475x550S26937514x551S20320509x530S20320474x529S30122482x476
Nepal,,2123,M518x523S1ed20485x478S29a06483x508
nepismen,,3234,M600x574S30346515x476S10011486x489S30007450x486S15d39526x551S1c551551x523S26c03580x545S20e00533x535
neroden,,798,M532x531S14c40508x469S14c48469x469S2b700510x508S2b711473x507
nerodno,,799,M542x569S14c40518x507S14c48460x508S2b700518x546S2b711463x545S34300482x483S30a30489x490
neskončno,,3096,M538x513S15318463x488S15310483x488S2950a507x495
neskončno,,3684,M524x523S15a02476x511S2bf07490x477
nesramen,,2401,M543x534S20e00502x522S30005482x483S30e30488x490S17801518x504S2c301517x474S2f900527x465
nesramno,,3463,M538x537S1ce32508x515S30004482x483S2f900525x477S26500524x486S21c00528x507
nesreča,,4006,M528x544S11551498x473S11559475x474S2a208505x505S2a210473x506S20500496x457S2fb04493x538
nesti,,3560,M549x537S11509499x463S11507522x471S11501482x510S26503512x495S26513479x488S1150f452x505
nesti,,3561,M547x536S11509497x465S11507520x473S11501482x509S26507506x499S26517477x490S1150f454x501
nevesta,,3685,M538x585S15a37446x521S15a51457x530S15a31456x553S15a57445x562S33010479x483S1ea10515x508S20800524x496
nevoščljiv,,2484,M521x533S19a11458x487S36d00479x468S2f900491x485S2a50f485x508
nevoščljiv,,2485,M521x533S19a11458x487S36d00479x468S2f900491x485S2a50f485x508
nevoščljiv,,2486,M548x531S19a11493x485S36d00479x470S2f900526x483S2a50f520x506
nevreden,,3320,M523x597S10e00503x540S10e08483x540S2df08502x576S2df10479x576S20500496x531S30342482x476
New York,,2911,M537x531S15d39464x502S19a51485x470S21100503x517S27103510x499
nezadostno,,1422,M526x523S15a36499x511S20b00475x497S1f540503x477
nežno,,4066,M539x542S30005482x483S15a10523x496S21100511x527S22a04526x527S2fa00524x487
ni,,731,M512x535S14c50488x466S2a530490x502
nič,,2270,M518x564S17610493x520S2e300490x537S33b00482x483
nič,,428,M518x565S17610492x520S2e300489x537S33b00482x483S2e300489x538
Nigerija,,3051,M543x554S11920521x498S30005482x483S2ea00528x529
Nikaragva,,3052,M591x529S1dc17469x492S1dc1f503x492S20500499x472S20500494x518S26512447x498S26506539x497S1f410562x503S1f418410x504
Nikaragva,,3053,M588x525S13f18412x506S12d11507x491S20500494x476S12d19470x491S26512447x502S26506537x502S13f10559x506S20500494x514
nikoli,,54,M523x570S20e00511x520S1f540493x522S2ff00482x483S22e04492x552
nimam pojma,,2047,M522x518S30000482x483S1ce10492x452S2f900511x477
Niš,,2912,M552x528S30000483x483S30004482x483S11512522x513S22a00535x492
nit,,3378,M532x528S1d440503x478S1d448468x478S20500494x472S26606502x512
njega,,3102,M525x519S10047476x498S26a07504x481
njega,,3168,M524x519S10017476x498S22f07503x482
njegov,,3061,M516x525S15a20484x498S25507497x476
njegov,,38,M513x522S15a20487x495S26507500x479
Njemu,,3151,M526x520S10017474x499S22f07505x481
njemu,,2036,M521x523S10c27479x496S26a07500x478
njemu,,3150,M526x520S10047475x499S26a07505x481
njihov,,2970,M522x520S15a27499x480S2e835479x496
nobeden,,43,M557x565S2e300489x538S1ed26531x490S30004482x483S17610492x520S23404520x524
noben,,203,M565x564S2e300489x514S33500476x483S1ce10492x534S1e226539x541S22b04545x511
noč 1,,2743,M541x547S28903510x520S15a00524x485S22e32539x515S2ff00482x483S21410523x474
noč 2,,259,M542x544S2ff00482x483S15a01519x484S15a07458x483S22b03486x520S22b15489x520
nočem,,374,M524x574S30126482x476S1f551481x528S22b05500x545S21100493x560
nočitev,,2745,M568x552S28903475x525S15a00489x490S22e32504x520S2ff00447x488S21410488x479S30201517x477S15a17545x508S20500557x491
noga,,2877,M572x574S10011521x503S33100482x483S20500503x495S10004557x524S22f04547x560
nogomet,,1149,M538x533S20b00463x486S20305490x491S3780b469x481S37703474x475S20357493x468S26931526x521S2c602508x508
noj,ostrich,2007,M525x532S3790a480x492S1f420476x482S2ec08510x469S2fa00491x468
nor,,2861,M558x523S26b03530x495S15a11512x472S30000482x483
Norveška,,3054,M509x536S11520492x465S29a04494x501
nos,,993,M518x550S33200482x483S10000485x520
nosečnost,,1128,M531x533S36d00479x468S36d00479x529S14c02500x497S14c0a474x500S26520495x477
nosečnost,,1129,M534x532S10057470x489S10051482x491S2a20f511x511S20601467x469
nositi,,2833,M536x526S20330512x474S20338476x474S2e832504x497S2e842465x497S2fb04493x520
nositi,,2834,M519x535S20310493x497S37800500x465S23400482x521
noter,,1122,M526x531S15a57475x490S2c702500x469S10051494x510
Notranjska,,3916,M527x526S2e732502x510S14c50502x475S10c50474x483S22a04477x511
notri,,3563,M536x530S15a57465x471S2c702510x511S10051482x490
notri,,3980,M525x523S17d48475x478S10c21498x481S22a04508x508
nov,,443,M526x517S15a36474x505S1813e497x483S20e00481x492S2880e503x501
Nova Gorica,,2832,M550x527S15a36450x509S1813e475x488S20e00456x493S2880e483x507S1d450519x473S22f04525x513
nova maša,,3687,M564x538S15a36436x526S1813e459x504S20e00443x513S2880e465x522S15a10531x476S15a18517x476S26606532x504S26612499x504S26616501x518S26602534x518S20500525x462
nova zaveza,,3688,M562x539S15a36439x513S1813e462x491S20e00446x500S2880e468x509S10a28505x486S10a00535x462S20800519x462S25617512x515S25603538x489
Nova Zelandija,,4211,M550x530S15d18451x477S11910473x486S20e00472x470S22a04476x515S15d18498x479S18010520x491S20500521x477
november,,2111,M541x533S22b04525x503S10020525x468S2fb04479x507S14c20489x469S14c28459x469
november,,2113,M588x587S33100482x483S20500520x490S11511504x504S11513533x537S27203555x553
november,,2294,M572x535S11513518x484S27203539x501S36d00479x466
novomašnik,,3690,M577x540S15a36424x528S1813e447x506S20e00431x515S2880e453x524S15a10519x478S15a18505x478S26606520x506S26612487x506S26616489x520S26602522x520S20500513x464S1ed26558x461S22b04557x493
nsečnost,,760,M520x536S10056481x478S2a200497x508S20600490x464S10030501x475
nujno,,3893,M535x533S36d00479x467S18001506x477S18009471x477S23004510x504S23014471x504S2fb04494x527
O,O,1898,M508x508S17610492x492
o Bog,,3180,M600x558S2ff00433x485S22a00481x470S22a04445x543S1533e438x523S10000473x491S27110498x458S32110539x487S2ff00531x480S14c08570x475S14c00506x477S27100560x455
ob,,194,M520x523S15a06481x511S15a02492x497S20500481x498S26503507x478
ob dveh,,2776,M512x531S1de01489x470S2e300489x504
ob treh,,2775,M514x531S11e01487x470S2e300491x504
obala,,2777,M531x524S15d02469x477S2d704492x510S26931483x505
obara,,2778,M530x534S1ce40508x466S1ce48471x467S2ea3e504x502S2ea46473x503S2fc04493x523
občasno,,4074,M518x532S2b900483x468S1ce50496x502
občestvo,,2966,M534x591S15440514x532S15448473x532S26602504x561S26616468x561S2fb04492x585S20500496x523S34400482x483
občevati,,2781,M533x530S2fc04495x519S18530501x470S18538469x475S23100507x494S23110468x501
občina,,2782,M531x536S1ea01503x470S1ea09469x470S20500495x464S2d60a505x503S2d612472x503S26932503x496S26932494x496S20500496x525
občni zbor,,2783,M538x536S14e10513x466S14e18463x465S28903501x509S2891b475x509S26932528x505S26932471x505
občudovati,,2784,M546x525S15d01479x493S20500478x512S1f502531x475S26507501x512S2f900516x504S36d00479x477
občutek,,2699,M528x535S15a59486x512S14c51501x482S20e00487x501S2d203472x465
občutiti,,2785,M554x536S15d59465x513S14c51474x484S20e00460x503S2d203446x465S15d59518x512S1d452511x487S20800544x497S26520521x466
občutljiv,,2786,M523x528S15d59495x505S1c551498x472S20b00478x500
obdelovati,,2787,M532x541S1ea02485x497S1ea0a490x470S2eb00517x489S2eb4c469x459S2fc04491x530
obdobje,,2322,M544x534S15a37473x482S10051457x466S21100456x482S15a40531x476S15a48505x476S22a04531x509S2fb04516x528S22a14504x509
obdolženec,,2788,M532x539S10a20469x483S26a00473x461S1ed26513x477S22b04513x509
obdržati,,2789,M530x540S14c50506x460S14c58471x460S26504511x497S26514475x498S20350511x525S20350474x525S2f900513x515S2f900476x515
obednica,,2790,M606x551S26911563x532S15a39564x506S26907587x532S15a31580x505S33b00482x483S1ea01522x495S26a04523x520
obešalnik,,2793,M550x531S10a10454x470S22f04450x509S1f020521x480S1f028485x480S2890b521x504S28913490x504
obesiti,,2792,M513x525S10a10493x476S22f04488x511
obesiti se,,2794,M542x546S36a00482x477S10053521x503S20e00494x518S26506492x532S1ea00519x479S22a00524x459S2f900525x451
obhajanec,,3327,M582x552S33b00482x483S1d402521x466S22b06524x500S22b04528x496S1ed26563x491S22b04563x522
obhajilo,,2791,M554x526S33b00482x483S1d402521x466S22b06524x500S22b04528x496
običaj,,2779,M549x543S1d410520x485S30006482x483S22204522x489S25504531x521
običaj,,2780,M549x543S1d410520x485S30006482x483S22204522x489S25504531x521
obisk,,582,M524x529S15a57477x489S15a41497x506S2b702499x472
objava,,2795,M550x534S15a57469x499S20601450x500S18052475x466S17620514x503S17620534x503S21c00539x493S21c00519x493S26507535x470S26511515x471S20500527x523
oblačno,,2796,M529x608S14c52495x522S14c5a474x541S30c00482x483S2fc04501x597S2ea00514x553S2ea44483x571
oblak,,467,M577x552S2e734558x493S2e718528x508S15a52550x476S15a5a528x490S30000482x483S2fc04549x541
oblast,,468,M526x534S20330511x466S2a206505x492S20330476x467S2a21e475x492S2fb04492x528
obleči se,,2797,M551x534S1ea00528x466S1ea08450x466S36d00479x471S28b03509x497S28b1b457x498S26932549x493S26932451x495
obleka,,2798,M534x533S14c01506x467S14c09470x468S22b04503x493S22b14482x493S2fb04493x527S21100521x509S21100467x510
obletnica,,471,M525x553S1ce40503x509S1ce48478x509S20500497x542S20500493x447S28a00506x462S28a18475x462S26931485x493S26937501x492
oblika,,469,M536x536S19a40502x481S19a48471x481S2fb04494x530S20500495x465S26606506x510S26612465x510
obljuba,,3171,M559x571S11500490x520S11531534x544S11539520x544S20500535x530S33d00482x483
obljubiti,,472,M559x571S11500490x520S11531534x544S11539520x544S20500535x530S33d00482x483
območje,,2799,M546x566S14c50517x514S34400482x483S2e836514x550
obnašati se 1,,474,M541x536S20352515x474S2035a472x465S2fc04492x525S23600502x500S23614459x489
obnašati se 2,,2800,M518x564S10000486x534S34400482x483S20500495x518S20500495x486
obnavljati,,2801,M551x533S1ea41487x467S20348488x491S2d403516x488S1f540453x483S2ef00450x513
oboje,,3341,M512x534S1dc31489x504S26c06493x467
obračun,,2802,M531x536S1f502515x468S1f502469x468S22600485x465S22600503x465S22b04515x498S22b14469x498S2fb04493x530
obramba,,2803,M528x530S1ec26509x507S1ec2e472x507S26500511x486S26510475x487S2f900512x477S2f900475x478S2fb00492x470
obramba 1,,476,M525x529S2c600506x482S2f900507x471S20320478x514S20320509x514S2c610475x484S2f900476x472
obravnava,,2826,M525x536S11502494x479S1150a475x464S2ea3c510x500S2ea10477x490S2fc04489x525
obraz,,475,M519x561S28a06483x521S10000464x531S2ff00482x483
obrazložitev,,2805,M571x560S18540459x491S18548429x491S26b06464x518S26b12433x518S1dc02536x483S1dc0a503x483S28909544x453S28911501x453S26930539x480S26930517x480S2fb04450x554S2fb00527x441
obred,,3306,M549x546S15a10465x478S15a18451x478S20500458x456S2f900457x469S10002517x481S1000a491x489S2ea00534x502S2ea14495x510S26520512x455S2fc04515x535
obremenitev,,2806,M527x520S36f0c473x510S15a54484x480S2f900470x501S20500470x486
obresti,,2807,M547x566S1ce40523x482S1ce10525x536S34400482x483S22a04526x516
obrok,,3473,M530x528S11541495x491S20e00501x472S11559471x488S26507517x515
obrv,,1020,M547x518S30b10482x483S1f110518x490S2880a522x474
obup,,413,M521x524S36d00479x477S15001491x497S21600484x492
obuti,,2243,M536x534S1ea50506x467S1ea58475x468S2d204503x495S2d214464x495S2fb04494x528
obuti,,655,M536x542S1ea02505x519S1ea0a479x519S2d204503x486S1ea58477x458S1ea50505x458S2d214465x486
obvestiti,,885,M523x528S18052504x473S20601478x505S15d59500x505
obvezno,,3820,M529x537S11502498x464S1150a473x477S2ea00514x486S2ea44471x499S2fc04497x526
obvladovati,,3526,M542x530S26902521x512S36d10479x470S26916466x514S2f900485x519S2f900504x519S1ea48460x485S1ea40519x486
obžalovati,,3195,M539x518S30000482x483S20301518x475S20600497x467
Oče,,2969,M546x562S33100482x483S1ea20520x511S22204519x502S32110490x488S2ed00529x539
Oče,,3253,M570x559S33100482x483S1ea20520x511S22204519x502S10010551x502S22a00557x479S2ed00529x536
oče,,120,M547x553S33100482x483S1ea20521x506S22204522x497S34410496x508S2ed00530x530
oči,,989,M518x561S31400482x483S20500501x497S20500487x497S10000492x511S26502491x547
očim,,3693,M550x536S33200482x483S1d410508x492S26506520x522S2f900539x526
od,,2172,M509x524S10b30492x477S26504492x509
oddih,,1114,M543x519S15a00463x492S15a00526x492S36d00479x506S22214522x481S22214458x482
odgovor,,2886,M548x536S11501523x509S33b00482x483S28108520x471
odgovor,,3617,M547x531S33b00482x483S11801522x506S28108521x470
odgovornost,,1152,M521x533S36d00479x468S11532474x518S2e70c475x488S37706470x507S20500464x476S11502476x477S2f900449x480
oditi,,1072,M514x535S15a02487x523S15a57491x466S2d207490x497
oditi,,3237,M531x528S15d38469x502S15d30497x502S25607507x475S25627483x473
odkleniti,,2174,M513x522S1ea30488x478S2ed01494x503
odkloniti,,2175,M563x525S20300525x510S28109541x485S31000482x483
odkod,,2173,M541x525S10b30521x499S22104529x486S2b704527x458S30f00482x483
odlašanje,,2177,M542x539S1c540512x511S1c548474x511S2bb00503x470S2bb10458x471S2fb00483x461
odlašanje,,2178,M535x537S18340511x518S18348479x518S2bb00498x477S2bb10465x477S2fb00482x464
odlašati,,2176,M535x536S18340511x517S18348479x517S2ba00500x476S2ba20465x475S2fb00487x464
odlašati,,4034,M542x539S1c540512x511S1c548474x511S2bb00503x470S2bb10458x471S2fb00483x461
odleteti (letalo),,2179,M530x526S15a37491x491S19a51507x499S2c702470x475
odleteti (ptica),,2180,M572x535S14c57527x483S14c5f447x483S27003503x496S27015459x498S25507553x465S25511429x467
odlično,,1229,M521x524S14c41479x476S15a37498x500S20b00479x511
odločiti,,2181,M534x525S20349513x480S3780b488x495S10041488x475S20b00478x504S2f900467x518
odmikanje,,2182,M534x537S11951482x464S1195f466x475S2b905514x482S2b915483x506S2fb05515x522
odmor,,800,M525x542S20500495x459S1ce18476x471S2df08502x508S1ce10503x471S2df10477x508S2fb04492x536
odnos,,972,M544x539S15a01510x462S15a07469x475S27104504x494S27110457x506S2fc04494x528
odotovati,,2189,M520x522S19a00480x502S28139498x478
odpadki,,2184,M572x527S17620513x494S17621531x511S21e03544x501S23023546x474S36d00479x479S21e03528x486
odpluti,,2186,M549x560S15a41456x525S15a49431x525S20500449x549S26620447x488S2ff00482x483S1f410520x495S22204535x483S26500535x513
odpor,,1405,M527x584S31000482x483S2fb04491x578S26507509x559S26517483x558S14c20504x519S14c28476x520
odpotovati,,2227,M554x526S19a00521x506S2ff00482x483S2d207531x483
odpoved,,2190,M540x594S1c500509x506S1c508462x506S30004482x483S25d04521x540S25d14465x540S1c558463x566S1c550510x565S2fb04493x556
odpoved,,2442,M540x576S1c500509x506S1c508462x506S30004482x483S2fb04492x570S24e34519x542S24e4c461x542
odpraviti,,2192,M534x523S22101486x503S26507521x490S15a37466x483S18051489x503S20e00511x478
odpravnina,,2191,M536x547S1f436468x467S21100465x454S15a37495x487S18057515x507S20e00523x484S26507502x534S22207522x502
odpreti,,1860,M528x524S15a02501x512S15a06472x512S26900509x486S26910475x486S2fb00492x477
odpustiti,,101,M540x601S15a57407x528S15a51426x543S21100446x587S27103450x566S2ff02478x483S17600461x508S21b00527x493S21b00465x494S17600523x507S26504526x528S26514462x529
odpustiti,,2193,M526x532S10b57474x488S10041505x488S20b00487x469S26903492x513
odpustiti,,2194,M568x544S26707466x513S15a37456x506S20e00458x495S2f801433x485S15a51447x515S1dc02537x494S1dc0a516x487S2d200542x465S2d210510x457
odpustiti,,2195,M575x544S17600558x507S26514497x529S21b00500x494S26504561x528S2ff02513x483S17600496x508S21b00562x493S30000443x483S15a02446x469S21700436x472S26506476x467
odraščati,,524,M512x525S18220489x510S22b00494x475
odrasel,,3117,M517x533S1d451492x508S22b00497x468S22205484x519
odrasel,,525,M516x533S1d450487x505S22b00495x467S22204485x507
odrasli,,4076,M546x554S1d451521x529S2ff00482x483S29900524x485S26931531x512
Odrešenik,,3135,M558x540S1531c517x513S28817462x510S20330469x484S15314442x515S2fb04480x534S2880f492x510S20330492x484S1ed26539x460S22b04539x491S2f900494x502S2f900470x502
odrešenje,,3176,M548x532S1531c533x502S28917471x490S20330480x469S15314452x502S2fb04491x526S2890f503x490S20330503x469
odrešiti,,3229,M546x529S1531c531x503S28817474x498S20330483x472S15314454x503S2fb04491x523S2880f504x498S20330503x471S2f900505x489S2f900484x490
odrezati 1,,2196,M535x531S15a57466x497S10e41510x501S22703495x490S26501471x470
odrezati 2,,2197,M535x523S15a56482x511S15a40487x479S20b00465x498S20e00516x509S2a204512x478
odškodnina,,2202,M540x547S15d4a461x504S15d42478x491S23004482x529S1f436525x463S21100521x453S21414486x477
odsoten,,2198,M524x578S15d4a473x531S23004499x560S15d42496x519S34400482x483S21414504x541
odstavek,,2199,M520x538S15420505x478S15428481x462S2890c505x509
odstavek,,2200,M541x547S10002506x454S1000a463x454S26612469x531S1ed20503x506S1ed28472x506S26606505x531S2c305514x474S2c314460x474
odštevanje 1,,1854,M530x519S10002486x504S26506470x482S26506493x481S26506515x481
odštevanje 2,,2203,M535x522S14c00512x480S14c08465x482S22604504x479S2fb04493x516S22604489x480
odštevanje 2,,2204,M536x537S14c00512x464S14c08465x465S22a14470x504S2fb04493x499S1f800518x522S1f808467x522S22a04518x503S22504494x468
odstop,,2183,M528x536S11950503x464S11958473x465S2b705514x498S2b715477x498S2fb04493x530
odvajati,,2205,M536x549S36d00479x451S18031511x469S18039467x468S22200513x463S22200484x464S22a14474x499S22a14474x515S22a14474x534S22a04518x533S22a04517x516S22a04516x496
odvajati se razvad,,2443,M547x536S1ea40524x465S1ea48453x466S26515474x490S26503514x489S1ea02503x512S1ea0a476x513
odvetnik,,2206,M537x538S15d39479x495S20351486x501S20601463x519S1ed26518x463S22b04517x493
odvisno,,1296,M516x526S10a30501x500S10a56484x494S22a20494x475
odvisno,,4044,M523x534S10a30508x487S10a4c508x467S26524506x519S20700478x484
odvisnost,,3695,M516x527S10a30501x478S10a56485x473S26524494x512
odziv,,2207,M558x529S33b00482x483S11521521x504S20500504x496S2c307533x485
oficir,,2208,M521x530S11554476x492S36d00479x526S26502474x471
ogaben,,2209,M521x568S1d412484x521S22a00492x553S21100508x554S34200482x483
ogenj,,740,M529x544S14c10506x456S14c18473x456S24f38509x495S24f40472x496S2fb04493x538
oglas,,2210,M620x553S33b00482x483S20500504x497S1e150520x490S2d207536x473S17620575x537S17624597x537S22b07596x498S22b11567x499S21c00602x527S21c00580x527
ogled,,2211,M540x588S10e00492x500S10e20493x534S31400482x483S23504486x570S26806490x563
ogledalo,,2212,M518x552S15a00494x486S2ff00482x483S2e200490x520
ogledovati,,2822,M554x519S13f00525x504S33b00482x483S26a00525x469S22214523x494
oglušeti,,2213,M537x552S33000476x483S11510521x501S11518465x502S20500524x485S20500465x486S26502522x537S26516466x538
ograja,,2214,M549x526S14400498x495S14408481x495S26f00501x474S26f10460x475S26706507x481S26712451x481
ogrebsti,,2215,M535x524S15a56471x512S14e52466x478S28806513x482S20e00516x496S26935505x476
ogromno,,2216,M537x535S14d13505x493S28a12464x467S20500498x524S28a0a501x466S14d1b472x493
ohcet,,2218,M570x532S15a37433x475S15a51443x487S20500430x469S20500500x471S15a31482x474S15a57471x487S1dc40546x475S1dc48513x475S22f03548x511S22f15516x511
OK,,3564,M525x516S17610475x500S14040496x485
oker,,2219,M513x528S1ce20491x472S2df00488x507
okleniti,,2999,M539x540S1ce41516x460S1ce1f503x473S22b17487x500S1d01f461x517
oklepaj,,1148,M551x531S28a0c534x495S28a14449x495S10029468x469S10021504x469S22e31528x487S22e37461x487
oko,,2220,M518x551S10000491x521S31400482x483S20500500x498
okoli,,3986,M516x526S10000493x475S2e832484x510
okolje,,3508,M532x535S10013502x498S1001b468x498S2d606506x466S2d61e472x467S22e32504x478S22e32495x478S20500496x524
okostje,,2221,M561x540S20600440x496S15a57464x494S1183d459x469S20500526x460S28913504x513S2890b536x513S14d13533x477S14d1b504x477
oktober,,2110,M528x537S14c28472x463S22b04508x498S2fb04495x531S14c20505x463S22b14476x498
okus,,4009,M527x581S21600497x521S10000487x533S20e00515x511S33b00482x483S26500488x566
okusno,,2222,M549x556S31a30489x491S33d00482x483S20e00521x505S10900528x536S26500535x501S21700537x525
okvir,,1293,M534x551S1f020504x477S2ed11466x450S24302502x509S2431a470x510S20500495x497S20500495x540S2ed09515x452S1f028467x477
olika,,2867,M540x554S10000524x488S30000482x483S22b04524x524S30004482x483
olika,manner,394,M518x552S10000487x522S2ff00482x483S20500495x484S20500495x506
olje,,1098,M517x527S1d452484x474S2e836485x511
olje,,3607,M513x524S1f52a492x477S2e73a488x508
oltar,,2979,M567x541S15a50454x492S15a50474x492S22b06475x525S22b12434x525S20500464x479S15a10542x476S15a18528x476S2890f542x509S28917516x509S20500537x459
oltar,,4143,M530x540S15a50502x474S15a58486x475S23c04507x513S23c1c470x513S22e32496x510S22e32503x510S20500494x461
On,,3272,M541x518S10010522x484S22a00528x460S2ff00482x483
on,,2957,M529x525S10017472x504S22b07505x476
on,,3342,M521x525S10041500x495S26501480x475
on,,77,M524x519S10047477x498S26507511x481
ona,,3334,M580x552S33010479x483S1d447518x509S20800526x492S10047534x531S26507567x515
ona,,3335,M588x547S33010479x483S1ea40518x507S20800525x491S10047541x526S26507575x509
onadva,,668,M526x528S1dc31503x473S27101475x502
onečastiti,,3949,M596x550S30007448x482S18510484x484S30001448x482S24e34488x509S17420551x508S25505571x523S21c00562x498S2f900585x545S30d00517x483
oni,,79,M518x524S10057497x476S2e735483x504
opat,,3696,M595x557S1ea4c522x505S1ea44457x505S2ff02478x483S2c300524x474S2c311453x472S2fb00494x462S15d1a557x538S1f542561x510S20b00582x527
operacija,,1530,M517x532S15a56487x496S1f521491x468S26506483x517S21100504x518
opiati,,1531,M546x571S15a37445x548S20341440x530S21200435x511S14c01520x477S30007482x483S2e501501x453
opica,,1533,M551x577S2ff00483x483S15012483x453S1500a503x536S36d00479x524S21902475x461S2fb07539x486S21900518x571
opica,,1534,M532x527S20600510x504S18500497x473S18508469x474S37903474x488S3790b476x488
opoldan,,556,M540x530S1de20460x481S21b00464x470S20356525x494S3780e490x502S10050512x500S20500508x488
opomin,,1536,M548x518S2ff00482x483S18510518x488S20500511x473S28108528x452
opora,,3377,M514x530S15d1a487x494S20310491x515S22a20492x471
opravičiti,,57,M536x534S15a57464x466S15a51481x483S27103509x503S21100504x520
opravljati,,2445,M580x518S33200482x483S19a10522x496S20f00554x491S26a00524x469
oprostiti,,100,M536x536S15a57465x465S15a51481x483S21100504x522S27103509x505
optik,,2446,M576x541S1ce10522x475S31510482x483S21410525x461S2e200521x509S1ed26557x479S22b04556x510
oranžna,,3843,M548x518S30007482x483S12b20519x482S22214518x471
orati,,1461,M526x547S20310509x510S20318476x510S37809517x479S37801474x478S2c620492x453S2f804481x536
oreh,,4016,M545x559S1ec10520x502S2e230526x527S30005482x483
organi,,2447,M528x533S15302488x467S24103485x489S20500473x489S20500518x489S20500483x522
organizacija,,3474,M529x522S1ea01501x479S1ea09471x479S2eb56485x506
osamljen,,2449,M549x561S1f552434x519S20500437x549S20500460x550S2e832517x524S30a00482x483S10000526x491
oseba,,363,M510x532S1ed26491x469S22b04490x502
osebe,,205,M513x525S1ed26493x475S22f04488x511
osebnost,,2450,M551x553S1ed26449x490S22b04448x523S11520534x468S2ff00482x483S2df00530x503S20500511x473
osel,,3972,M547x556S30001482x483S30007482x483S15a10522x468S15a18467x469S23700508x516S2371c453x535
osmi,,345,M526x535S14c20503x466S11e28476x467S2df00503x504S2df18474x505S2fb04492x529
osnova,,1689,M524x523S15a37488x490S15a31501x500S20601477x477
ostati,,2998,M524x530S11559476x472S11551497x471S22b24492x500
osumljenec,,3454,M572x538S30c00482x483S18510520x488S28108527x455S1ed26553x478S22b04552x508
osvajati,,3841,M529x530S10018472x471S1e227491x483S26a01508x509
osvoboditi,,3186,M537x532S20301473x468S20307503x469S37600486x483S28406504x513S2841e463x513
otok,,3964,M540x531S2dd08468x514S26933460x519S14c51467x481S1545a515x488S22a04521x469
otroci,children,1863,M567x529S18050528x492S36d10479x472S23404530x515
otrok,child,1862,M557x542S18050527x480S36d10479x459S27202532x502
otroška soba,,1865,M617x542S18050527x480S36d10479x459S27202532x502S11537569x475S1153f590x474S26906597x507S26912573x507S20500588x459
otvoritev,opening,1861,M525x534S2a210475x467S2a208502x466S1ce50501x504S1ce58477x504
ovca,,3569,M551x541S15402512x510S1540a465x511S18502523x460S26a10463x490S26a00512x490S1850a463x460S20600513x529S20600465x530S2fa00540x500S2fa00450x501
ovirati,,157,M535x531S15d59466x494S10e41491x501S20700488x470S26a01514x490
ozadje glave,,1008,M522x518S2ff02478x483
ozko,,1243,M518x525S15a40504x476S15a48483x476S26502503x511S26516482x511
oznanila,,2291,M560x544S15a57460x498S20601441x500S18251466x473S10020535x456S10028514x457S2431a502x505S24302533x505S20500527x492S20500527x533
oznanilo,,3167,M573x534S18520537x519S18528502x519S21c00514x505S21c00544x504S28a09544x467S28a11493x467S15d59457x510S18051453x484S20600428x510
oznanilo,,3697,M528x521S18020479x506S26f00472x480S26806478x486
oznaniti,,3059,M561x535S18520510x519S18528463x520S28a11463x467S21e00514x506S28a09508x467S21e00470x506S28a09532x466S28a11440x468
oznanjati,,3058,M636x554S18520600x529S18528565x529S21c00577x515S21c00607x514S28a09607x477S28a11556x476S33b00482x483S10002522x508S2ea00539x529
oznanjevanje,,3698,M572x533S18020436x494S26f00429x468S26806435x474S14c57533x506S14c5f502x506S26507559x493S26511489x493
P,P,1899,M510x515S10350490x485
pacijent,,2602,M552x542S20300492x490S36d10479x479S2e300488x515S1ed26533x459S22b04532x488
padavica,,743,M561x573S10e21513x481S2ff00482x483S10e30522x543S2df02525x511S22a04548x516
pahniti,,2610,M527x530S14c20504x499S14c28475x499S26501503x480S26511475x481S2f900502x471S2f900474x472
pajčevina,,2632,M562x532S15110441x481S21d10439x468S22b04446x502S14421519x478S14427498x478S22f01541x500S22f17482x502
pajčolan,,2633,M574x532S21410541x469S14427524x482S22f24537x518S14421545x482S2ff00482x483
pajek,,1236,M516x532S15110487x480S21d10485x468S22b04492x502
paket,,2611,M546x536S15a40479x464S15a48458x464S15a02519x469S15a06506x473S22b04477x496S22b14454x495S22b04528x496S22b14505x496S2fb04465x530S2fb04517x530
Pakistan,,4213,M551x529S10018455x499S1f410462x499S20500449x483S28807500x489S1ee10525x472
Pakistan,,4214,M523x527S10018480x490S1f410490x487S20500477x475S28807503x507S22200494x474
palček,,2612,M564x532S2ff00482x483S14d13511x466S2890b539x475S18516544x507S20500496x470
palec,,2613,M526x516S15d28474x485S1f410497x501S20800491x487
Palestina,,2603,M528x543S20300473x496S22b00473x457S14c04501x479S28906499x518S37800479x511S37b0b491x513
palica,,2634,M545x533S1ce20502x485S1ce28477x485S26706503x517S26712456x517S20500495x468
paluba,,2635,M543x536S15a41482x501S15a49457x501S20500475x525S26620473x464S15a52516x507S26600523x465
pamet,,2604,M536x518S2ff00482x483S10a10521x490S20600511x469
Panama,,2605,M530x531S15d02503x499S15d0a470x499S2fb04492x525S22202506x485S22206506x470S22206491x485S22202490x471
pandemija,,2606,M563x556S11549442x471S11541463x482S20601437x461S14d13536x456S14d1b502x457S20500526x444S28a0c538x483S28a14511x483S20500529x545S14d11539x521S14d19503x522
panika 1,,2617,M563x562S14c02532x518S14c0a441x539S20300494x524S20302494x542S26502513x522S26516477x543S31a00482x483
panika 2,,2608,M644x586S14c02532x518S14c0a441x539S20300494x524S20302494x542S26502513x522S26516477x543S15a37572x528S11851597x551S2f900595x540S20500586x547S26c03624x568S31a00482x483
panirati,,2609,M547x539S1d451510x461S1d459466x461S2fb04493x533S2d400504x499S2d414453x499
pantomima,,2618,M556x549S14c00509x478S14c08469x470S23600503x517S23614461x506S2fc04495x538S37040480x451S3704c444x455
papež,,2619,M515x533S11510490x467S22b04490x503S22b06485x506
papir,,2620,M534x538S19a10506x479S19a18468x479S2e230510x506S2e230473x506S26606504x463S26612467x463
paprika,,2621,M520x531S10c1a480x469S1540e488x497S22a04495x516S22204510x486
par,,2622,M510x521S22104490x480S1f43e495x492
para,,2623,M650x563S19a00520x509S22a10562x502S26a06525x536S20e00523x493S14c52619x519S14c5a559x519S22622606x518S22626593x518S22a00632x500S33b00482x483S2fb00595x494
paradentoza,,2624,M529x566S11549432x528S11541453x539S20601427x518S36100482x483S10a00492x521S27102514x516
paradižnik,,2625,M527x523S10b19473x489S15310511x478S26502512x509
Paragvaj,,2626,M528x538S15a57472x475S10e51486x492S20611500x463S23404488x524
parcela,,2637,M571x541S18558429x508S18550465x508S21100441x527S21100466x526S10050556x505S10058508x505S27504541x475S2751c514x475S20500534x460
pareazit,,2627,M526x534S1ec20481x483S26f00478x511S26706484x518S20610475x467
parfum,,2628,M512x591S10a00492x528S23c03490x561S36a10490x494S21910489x514
Pariz,,2629,M531x539S11511504x481S11519474x480S20500495x461S28a0f501x510S28a17470x510
park,,2630,M544x535S18000514x520S18008454x519S2ff00482x483S22214518x510S22214461x509
parkelj,,2631,M535x518S10a20509x475S10a28465x476S2ff00482x483S21900507x463S21900478x463
parket,,2638,M549x525S1ef57505x475S1ef5f470x476S26a05528x502S26a13451x504
Parkinsova bolezen,,2639,M552x544S14c0c449x470S14c04479x470S27122470x505S11549517x473S11541528x474S20600524x456
parkirišče,,2641,M531x528S15a50487x479S15a40470x473S26706489x505S23404486x514
parlament,,2642,M576x527S14c51506x499S14c59469x501S28806534x506S2881e448x510S14e53547x474S14e5b425x479
partija,,2591,M541x523S20320526x499S36d00479x519S26500527x477
partija,,2643,M544x521S1c520514x493S1c508457x480S20500497x495
partizan,,2590,M522x526S21100482x511S1ed02501x483S22f04497x512S36d00479x475
partner,,2592,M527x533S22104473x492S1f43e478x504S1ed26508x467S22b04507x498
pas,,2644,M558x531S1f001528x474S1f009443x475S2d61f477x509S2d607503x509S36d10479x469
pasijon,,2595,M549x596S30d00482x483S2f900516x522S22f04509x551S20320514x532S21100454x557S20300476x536S22f14470x560S21100536x549S2f900478x527S2fc04495x577S14c18386x512S1c510413x518S1c518387x555S14c10420x550S20500409x500S20500410x585
pasma,,2645,M533x550S10320468x471S26a00468x450S18050503x486S27102512x510
pašnik,,2601,M623x544S1ea10523x498S2ff00482x483S2f004528x473S14c59596x517S14c5f563x517S26507604x498S26511573x499
past,,2596,M529x540S14410507x485S14418471x485S22e02507x523S22e16478x523S20a00490x461
past,,2646,M560x524S1e126478x500S1e12e441x500S1e118511x497S1e110536x497S20500530x476
pasta,,2647,M523x518S15a57478x483S15a51495x495S21100510x482
pašteta,,2652,M540x535S15d39460x476S11551486x485S2a405507x507S20e00492x466
pasti,,1074,M529x535S14c20506x466S14c28471x467S22e04509x508S22e14475x508S2fb04491x529
pasti,,2649,M525x536S15a40506x464S15a48479x465S2a208502x495S2a218475x495S2fb04492x530
pastile,,2651,M571x537S1d402469x496S1d40a433x497S22f00472x476S22f10430x476S20e00477x525S20e00441x525S2fb00457x464S15d39517x482S10a51538x491S21100545x471
pastir,,1146,M580x552S1ea10523x498S2ff00482x483S2f004529x525S1ed26561x492S22b04561x522
pastor,,2597,M555x533S1f007532x503S1f00f445x503S22b05509x475S22b13468x475S21100483x489S21100505x489S36d00479x467
pastorala,,3948,M565x527S1d448436x498S1d440469x493S22f04473x474S20304518x512S20302523x496S20600543x507
pastorala,,453,M600x565S20600578x543S2f000524x477S1ea10522x501S20302557x532S20304557x550S2ff00482x483
pastorek,,2598,M558x528S14c40486x485S20302466x513S2d901443x507S1d412521x473S21100545x505S22a04529x506
pastorka,,2599,M539x577S14c40405x534S20302385x562S2d901362x556S1d412445x521S20800524x494S22a04453x554S21100466x555S33010479x483S1ea10516x508
patent,,2654,M592x550S22a07515x474S2ff00482x483S20500501x472S22205522x459S1d411531x448S15d39551x527S20304554x504S20b00579x509
pater,,2655,M594x566S22b04535x536S1ea09515x481S1ea01539x491S36d10479x472S1ed26575x434S22b04575x464S2ed21531x512
patkirati,,2640,M580x540S20301471x466S20305430x466S23607472x500S2361b420x499S2fb04451x534S15a40519x460S15a50536x466S23404535x501S26706538x492
patriarh,,4149,M603x540S1ed10497x475S1ed18463x475S30000424x484S26606496x500S26612463x500S30000541x482S1f502583x480S22b04584x510S22b02573x514
patriarh,,768,M575x518S1ed10477x463S22b02545x480S26512457x446S22b04554x475S30000507x482S1ed18446x463S30000457x483S26506478x446S1f614528x468
patriot,,2656,M543x530S15a11520x485S15a19495x486S20500514x470S22a05522x516S22a13505x516S15a01461x486S20500457x501
pav,,2657,M521x546S2f900504x458S1f540479x474S20500491x455S27202497x506S14c20498x468
pavza,,2658,M545x567S1ea20521x500S23702524x528S2ff00482x483
pazduha,,2659,M526x542S21100513x504S36d00479x474S2880a488x507S37606476x474S20700457x458S15d01482x482
paziti,,1959,M530x523S20357509x478S10e21479x477S3780b485x493S20601471x500
paziti,,2660,M545x533S10010524x477S2ff00482x483S26b00518x515
peč,,2663,M596x583S1c500484x522S30004482x483S2df0e518x527S20500474x513S30c30490x490S15a40582x522S15a48557x522S22b04580x553S22b14555x553
pečat,,2664,M520x524S15d39481x501S20304485x476S20b00507x481
pečen,,1693,M514x540S15a36487x475S20600487x461S2a20e491x511S15a50493x481
pečenica,,2666,M571x540S15a39432x483S15a39467x485S15a51444x493S15a31478x493S20500430x510S20500476x510S1d440542x460S1d448511x460S20500535x486S2890c543x500S28914523x500S20500535x529
pečenica 2,,2667,M606x565S15a39541x525S15a39572x527S15a51552x536S15a31583x535S2d61e473x531S20500581x552S1d410513x504S1d418460x505S2d606506x530S20500496x523S33b00482x483S20500546x554S26932504x543S26932495x543
pečenka,,2665,M536x519S15a39467x481S15a39502x483S15a51479x491S15a31513x491S20500465x508S20500511x508
peči,,2668,M526x529S15a57475x481S15a31502x506S21405491x495S26601504x472
pecivo,,2662,M650x561S33b00482x483S20500514x516S1d410518x496S2e230528x529S2f900513x528S10021597x503S10029573x503S26f00601x530S26f10561x530S26706608x537S26712554x537
pedagog,,2670,M560x563S18520502x548S18528471x548S26f20481x524S1ed26541x498S22b04540x528S35300482x483
pedanten,,2672,M539x550S1ce32479x528S2f900528x513S21e00494x520S20500517x510S35300482x483
peder,,2673,M544x539S15000513x494S15008464x481S2fc04489x528S27100504x475S27114456x461
pederstvo 1,,2674,M526x528S1dc2f475x472S1dc01495x498S20601507x474
pederstvo 2,,2675,M548x528S33010479x483S10020528x498S26a00521x479S20e00511x513
pekel,,3849,M558x554S21900476x460S21900508x459S2ff00482x483S10620513x470S10628465x470S10c50536x511S22f04533x540
pepel,,3510,M534x511S21100505x497S18550509x489S18558467x489S21100483x497
pepelnica,,3699,M525x518S21100483x467S18551498x461S2ff00482x483
pes,,1004,M547x537S36d00479x463S36d00479x495S15a1c529x510S20600525x494
pesek,,3960,M532x583S18521492x540S15d39472x531S21203495x558S26507519x554S33500476x483
pesem,,3002,M536x593S10040511x519S10048478x518S2890e506x559S28916468x558S28906507x576S2891e469x578S30322482x476S34410497x511
pest,,990,M526x526S10001505x496S20300474x487S26502502x475
petek,,802,M518x583S10010485x523S33b00482x483S26c02487x556
petelin,,3967,M564x518S11e10537x461S30000482x483S23704525x496
peti,,2945,M523x523S14c00500x480S10027478x493S20500485x478
peti,,3001,M536x593S10040511x519S10048478x518S2890e506x559S28916468x558S28906507x576S2891e469x578S30322482x476S34410497x511
peti,,3106,M512x529S14c20489x472S2df00489x508
pica,,812,M540x530S1ed48466x470S1ed40508x470S2e232508x497S2fb04493x524S2e23a460x498
pička materina,,3593,M559x575S1c500484x519S30004482x483S2df0e496x551S30c30490x490S2f900540x486S1c500529x517S26500539x495
pijača,,3249,M550x532S33b00482x483S2c304523x480S16d40527x512
pijan 1,,1535,M542x532S2e501519x505S30007482x483S10e10522x471
pijan 2,,2600,M543x532S2e501519x505S30007482x483S15000518x472
Piran,,2858,M521x540S1d437453x511S1d451470x473S27102481x500S36d00479x461
pirhi,,3700,M542x537S2e84e459x521S2e806458x464S18138499x489S18150477x485S22230516x478S18138463x490S11950517x492
pisati 1,,594,M526x534S15a37503x511S1d452486x489S2da0f474x467
pisati 2,,998,M525x531S15a37492x508S1eb52483x488S26a07504x469S20e00476x518
pisati v znakovnem jeziku,,2296,M565x545S14c40462x456S14c48435x466S2ea00469x495S2ea44436x506S2fc04453x534S15a37504x465S1ea51520x475S20e00509x493S26a07544x459
piškot,,2661,M547x561S33b00482x483S20500514x516S1d410518x496S2e230528x529S2f900513x528
pismo,,1784,M540x527S20500530x478S15a37475x494S15a51510x484S20e00462x515S15a37500x473S26501460x478S18051467x489
pištola,,1211,M512x528S1dc40488x498S21802498x473
pištola,,1217,M522x512S12d02492x489S21802479x491
pištola,,1279,M528x512S1dc02498x488S21800473x495
piti,,3248,M550x534S33b00482x483S1f540530x510S2c304523x480
pivo,,4030,M526x544S16c48474x523S17752489x502S15452484x457S22a00491x482S2f900491x476S21000506x525
plača,,817,M525x553S1533e499x538S21100475x447S22b04503x501S1ea07501x466S22844493x451
plačati,,3604,M534x523S2f900523x477S15d39467x490S20e00476x511S26507513x486S1f551490x496
plačati,,442,M533x522S1ea41485x487S15a37467x479S20500473x503S2b702508x504
plastika,,1253,M541x532S1ea02520x469S1ea0a460x471S2fb04493x526S23604502x500S23614459x501
plavati,,1068,M543x530S2d610466x483S2d610457x471S2d608506x484S2d608514x473S15a50506x503S15a50485x503
ples,,2388,M539x528S2951a489x513S10014470x472S10008462x498S2950a490x479S2fc06528x492
ploskati 1,,964,M547x562S2ff00482x483S14c10524x481S14c18455x482S2f700495x527S2e230527x517S2e230457x518S2fc04494x551
ploskati 2,,963,M519x522S15a10500x495S15a18482x486S20600497x479
plus,,1291,M515x515S10018492x485S10012485x491
po,,2995,M526x524S18348474x505S18340502x505S2b700500x476
pobožen,,1204,M574x575S1d448470x517S1d440500x511S22f04507x547S33b00482x483S15a10562x517S15a18548x517S2ea20557x550S20500556x503
počasi,,962,M527x527S15a50478x500S15a50496x500S26826477x473S23424474x482
poceni,,3583,M515x530S1f120486x515S1ee20488x470S22a04502x497
počitnice,,1139,M535x523S15a52465x478S15a56508x488S3790e469x494S3790e491x483S22a24494x508
pod,,3979,M518x525S15a52490x492S15a56483x476S2e70a493x510
podaljšati,,4024,M524x532S15d48477x483S15340500x486S20500493x469S2890a495x517
podlaga,,3376,M520x523S20601480x504S15d39485x477S15d31497x486
podoba,,3701,M589x518S13f00560x489S13f08524x489S31500482x483S22204562x482S22204542x482S26500569x467S26510530x467S21410551x456
podobno,,2033,M517x524S11530502x476S11538483x476S20600490x513
podora,,2898,M524x526S15d49490x493S20341503x505S26521477x474
podpirati,,3840,M527x528S15a19473x473S20301485x485S22b21503x504
podreti,,4020,M525x528S20337476x491S20357485x492S26507507x481S2f900514x472S20e00481x516
področje,,2278,M557x547S14c50529x516S2e832525x493S35000482x483
podružnica,,4185,M559x540S15a10547x498S15a18534x498S22b20539x460S1ce10500x491S1ce48481x491S1d048441x490S26616456x524S20a00493x470
pogajanje,,2870,M517x541S10001496x460S10009484x461S2882a491x498S28822491x514S2882a491x529
poglavar,,2871,M545x531S15a5a473x519S1f502476x494S26520508x470S15a5a506x519S1d451520x492S20800507x505S20b00456x506
poglavje,,2868,M513x534S15020488x466S22b04493x504
poglavje,,2869,M596x554S15a37563x522S1dc21517x490S2ff00482x483S15051551x507S26505583x541
pogoj,,2872,M517x533S28822491x521S10019484x468S2882a491x505S10011496x468
pogoltniti,,2873,M554x542S1d402521x489S33b00482x483S2c305527x518
pogoreti,,2874,M567x544S14c10467x456S14c18434x456S24f38470x495S24f40433x496S2fb04454x538S18520542x469S18528509x469S22204549x458S22204520x459S22b04548x496S22b04511x497S2fb04531x536
pogovor,,1013,M539x604S33b00482x483S10001507x521S10009473x523S27114463x571S27100499x558S2fc04495x593
pogovor,,2885,M544x598S33b00482x483S27100504x552S27114463x565S1ea10509x519S1ea18474x527S2fc04496x587
pogreb,,4082,M534x523S36d00479x519S20318510x495S20310518x499S22f24509x478
pogrešati,,165,M521x517S15302470x494S22210472x512S36d00479x483
pogrešati,,167,M535x536S14c02502x486S23004510x518S14c0a488x464S21404466x474
pogum,,1205,M521x534S36d00479x467S20300476x504S20500478x523S26500476x485S2f900478x478
pohvaliti,,3219,M535x557S15d01502x523S15d09475x523S30004482x483S26500521x502S26510469x504S20302443x530S20300414x530S26a00435x506S26a10406x506S2f900431x552
pojdi,,3328,M529x518S10002472x503S2c307504x483
pojem,,2825,M540x524S15a11513x474S2ff00482x483S2e701520x502
pojmi,,2824,M544x521S15a11514x471S2ff00482x483S2ea01523x499
pojutrišnjem,,2477,M547x518S2c300521x458S1dc40522x487S30005482x483
pokazati,,822,M523x532S15a48478x504S10042493x517S26620490x469
poklicati,,2236,M514x519S18320486x500S26a00487x481
poklicati,,2237,M511x531S11520494x469S2df00490x510
poklicati,,823,M516x535S21900493x497S2b704485x465S2b704502x465S10a00492x509
pokojni,,3315,M539x545S15a56462x498S15a40493x486S2f900466x477S2a200488x517S21400491x476S20500467x485S1ed26520x456S22b04520x488
pokojnik,,3702,M539x545S15a56462x498S15a40493x486S2f900477x490S2a200488x517S21400491x476S22b04520x488S1ed26520x456
pokojnik,,3862,M551x539S15a57450x498S15a41467x483S2f900479x514S2a201500x516S21401457x474S20500488x503S1ed26532x462S22b04531x494
pokopališče,,824,M570x522S15a13492x479S15a1b430x480S22a03477x502S22a05456x503S2d610523x482S15a59521x499S2d608541x482S15a51545x498
pokora,,3703,M518x560S30104482x477S20300493x529S20600490x549S15a10464x517S15a18448x517S2f900456x549
pokorščina,,3704,M522x528S15a14479x473S15a1c509x473S22a04509x505S22a14479x505S2f900511x523S2f900481x523
pokrajina,,1567,M520x527S14c50490x496S2e932480x473
pokrižati,,224,M574x573S2ff00482x483S20500496x487S20500498x562S20500517x530S20500475x531S22b04549x534S22b06544x537S36d00479x521S15a00550x486
pol,,2393,M526x530S10019474x479S10011493x489S26505513x517S20e00501x471
pol,,2394,M526x521S15a37490x489S15a41484x480S26505513x508S20e00474x495
pol,,2395,M524x525S15a37477x480S15a41489x488S26505511x512S20e00505x476
poleg,,961,M523x522S15a06478x510S15a02492x497S26503510x478S20500477x494
polenta,,960,M556x531S26a07495x510S20e00465x469S11559445x486S11551468x487S20302535x496S2ea32531x516
poletje,,1345,M518x557S19a10486x470S2ff00482x483S2e200491x525S26606488x514
policija,,2513,M521x538S36d00479x463S20500496x484S2f900486x477S22e04475x520S12d11467x488
policist,,2514,M556x547S12d11466x497S20500493x499S2f900485x491S22e04473x529S1ed26537x453S22b04536x485S36d00479x472
Poljska 1,,2844,M514x537S20302495x464S2c304487x482S20352493x508S20500495x526
Poljska 2,,2843,M521x522S18502482x479S20500479x511S20500511x511
polno,,1718,M523x533S20349502x512S10e51487x490S26607477x467
polno,,182,M524x532S20349503x511S11551497x483S2ea39477x468
polno,,183,M525x523S21100512x493S11551476x478S20349489x502
položaj,,4072,M520x540S10000504x461S10008481x461S22b04504x496S22b14481x497S2fb04493x534
položiti,,3235,M537x528S1dc20498x498S1dc28464x498S2c307512x475S2c317482x472
položiti,,4063,M541x535S1dc21511x501S1dc2f486x505S2c302485x480S2c312459x487S2fb01462x466
polžkov vsadek,,1225,M535x522S38436465x487S12820512x494S20500501x479
pomagati,,2959,M514x528S15a49491x505S15a41486x497S22a20495x473
pomahati,,2935,M512x539S14c20489x462S23702488x500
pomaranča,,4015,M551x519S22214520x495S13d20522x504S30005482x483
pomembno,,238,M535x533S10e00514x467S10e08468x467S26a10465x504S26a00508x505S2fb04492x527
pomlad,,1343,M518x564S22b00492x501S17630493x548S21b00496x536S2ff00482x483
pomoč,,605,M514x528S15a49491x505S15a41486x497S22a20495x473
pomota,,3705,M588x538S2ff00482x483S19a00560x480S19a08524x480S28a03542x509S28a1b543x509S26932573x505S26932540x505S21410548x467
ponedeljek,,2061,M518x549S15a10494x485S2ff00482x483S22b04492x519
ponižen,humble,1988,M573x577S20310543x523S22e02539x500S2fa00524x505S30a00482x491S30154492x475S2031a558x562S37800549x538S37806526x568
poniževati,,1987,M517x534S15a48483x494S15a50499x486S22f04492x467S20e00494x522
poniževati,,4050,M521x589S15d48480x537S16050502x541S20e00497x525S22f04496x575S30d00482x483
ponižnost,,3298,M530x578S20310515x526S22e02512x547S2fa00517x571S30a00482x490S30154495x475
ponižnost,,4150,M573x577S20310543x523S22e02539x500S2fa00524x505S30a00482x491S30154492x475S2031a558x562S37800549x538S37806526x568
ponos,,3881,M521x536S37200479x465S11532469x492S2b700478x513
ponuditi,,966,M529x529S15a30480x502S15a30508x502S26a00502x484S26a10472x484S2fb00493x472
poplava,,3124,M616x583S19a00519x515S20e00522x499S26a06524x537S30005482x483S14c50589x517S14c58562x517S23c06589x550S23c1e559x550S2fb04579x577
poplava,,3125,M529x534S23c1e472x501S14c58475x467S23c06502x501S2fb04492x528S14c50502x467
popoldne,,3300,M518x551S30005482x483S11500488x521S30003482x483
popolno,,3301,M524x532S20349503x511S11551497x483S2ea39477x468
popraviti,,632,M535x527S1ea41475x473S2d403500x494S1ea48466x497
popust,,4049,M521x532S15d48479x487S16050501x491S20e00486x520S22f04496x469
poreden,,1508,M565x532S20350525x491S20358461x490S2fb04496x526S27107538x470S27115439x469S36d10479x478
poreden,,1509,M568x530S20331525x489S20339458x487S2fb04496x524S27107541x471S27115439x470S36d10479x476
pornografija,,620,M522x559S33100482x483S10010490x505S21100467x543S23600483x542
poročiti se,,3723,M519x535S15a37481x465S15a51492x474S15a31496x499S15a57485x508S20500507x465S20500504x524
poroka,,1452,M519x535S15a37481x465S15a51492x474S15a31496x499S15a57485x508S20500507x465S20500504x524
Portorož,,2127,M518x562S22f00487x548S17630491x529S21b00495x519S35300482x483
Portugalska 1,,2124,M524x532S11e02476x469S23d04484x498S21100511x506
Portugalska 2,,2125,M518x552S2ff00482x483S20500495x485S20500495x505S10000486x522
Portugalska 2,,2126,M518x552S2ff00482x483S20500495x485S20500495x505S10000486x522
posameznik,,593,M527x532S1f540473x471S22b04508x502S1ed26508x469S22b04473x502
posilstvo,,4038,M524x593S20340508x524S20348479x525S2fb04493x587S22b04508x546S22b14479x546S2f900510x579S2f900481x579S30c00482x483
poskusiti,,113,M543x571S23114452x546S1d440514x503S33b00482x483S2fc04493x560S1d448454x512S23100517x537
poslanec,,818,M530x532S22b04511x499S10018471x493S10010480x502S1ed26511x468S26520475x473
poslanstvo,,3951,M534x544S2f900405x498S18001434x480S2f900435x501S18009393x475S23610385x509S23600425x514S2fc04418x533S17400503x489S17408477x490S21c00513x481S21c00481x482S2c300508x511S2c311470x511S37200479x456S2fb04495x538
poslanstvo,,461,M550x529S11532470x500S1153a451x512S20602540x501S26617458x479S20300519x514S20302519x497S26607485x471
poslati,,3283,M529x536S11532499x465S1153a478x479S26203496x498S26213471x501S2fb04481x530
poslati,,3384,M519x519S17600503x481S21c00498x497S26503481x506
poslati,,460,M534x529S11532488x500S1153a467x514S26607512x471S26617476x480
posledica,,544,M526x573S10002496x500S1000a475x509S2fc04497x562S10030510x427S2eb08510x520S2eb10478x529S26500511x475S26510476x491
posledica,,819,M526x550S10002495x512S1000a474x521S2fc04494x539S26620492x451S2eb00511x467S2eb14474x482
pošlji,,3159,M530x534S11532500x466S1153a479x480S26203501x491S26213470x499S2fb04488x528
poslušati,,754,M536x528S15a20524x485S2ff02478x483S20500513x517
posnemati,,2228,M538x536S11e20463x464S13f20509x521S26a05489x495
posnemati,,2230,M530x532S11e20483x480S26a05509x511S22214470x468
posoda,,550,M523x529S18130509x500S18138481x500S2a21d477x472S2a205502x472S20500496x511
posoditi,,551,M529x525S1f850489x476S1f83a504x505S3780d472x516S20600475x503S37804497x490
posoditi,,552,M521x529S1ed36482x486S36d00479x471S20600479x518
posojilo,,553,M521x529S1ed36482x486S36d00479x471S20600478x518S21100425x497S18530436x489
post,,801,M545x537S33d00482x483S10019514x507S10011524x507
pošta,,2928,M518x553S30003482x482S30005482x483S20310493x522S26506493x539
postati,,2962,M514x527S15d0a487x499S10000491x497S22a00498x473
postava,,549,M536x536S15a40517x465S15a48470x464S29b04518x496S29b1c464x497
postaviti,,548,M528x544S20340513x508S20348483x508S2f900503x528S20348479x456S20340510x456S2b800505x476S2fb04501x538S2b810473x476
postelja,bed,2013,M519x532S15a40504x469S15a48483x469S26604503x502S26614482x502
postni čas,,3952,M617x574S33b00482x483S10019485x511S10011495x511S15d39522x527S10051517x513S15d40598x516S15d48569x516S22a04598x548S22a14576x549S21100550x512S2fb04587x568
postopek,,3307,M529x537S26520492x464S2ea14474x488S2ea00514x479S1000a472x522S10002498x514
posvetilne besede,,3954,M553x551S15a20478x478S15a20459x479S2fb04467x545S2c300477x513S2c311448x513S1ed26516x449S26706511x487S26f00505x481
posvetiti,,170,M520x530S15a50508x503S15a50482x503S2fb00492x470S26500506x478S26510481x479
posvetiti,,3955,M528x535S15a20503x466S15a20484x467S2fb04492x529S2c300502x501S2c311473x501
pot,,541,M525x547S15a40509x520S15a48476x520S2dc06512x465S2dc16481x466S2fb00495x454
pot 2,way,2012,M525x539S15a40511x512S15a48478x512S2fb00491x462S26600509x473S26610475x473
potem,,543,M523x524S10057478x494S10051493x495S20600484x477
potica,,545,M548x526S10002499x486S1000a472x502S2fc04495x515S2eb00533x474S2eb44452x493
potiti,,3385,M554x527S30000482x483S10a12524x483S27504530x503
potok,,1070,M600x574S19a00519x507S2ff00482x483S26a06524x529S20e00522x491S15a40584x547S15a48559x546S2dc06587x492S2dc16558x492
potomec,,3118,M570x526S36d10479x485S15d31528x503S2b901544x475
potovanje,,711,M514x525S19a10486x505S26600490x476
potovati,,710,M552x526S19a10524x506S26600528x475S2ff00482x483
potrdilo,,713,M557x542S15d39443x500S20304447x475S10029494x478S20500521x458S20b00469x480S10021527x478S23d04529x508S23d1c498x508
potrditi,,712,M520x524S15d39480x501S20b00507x480S20300483x477
potreba,,715,M525x524S15a37502x498S18252499x476S20601476x505
potrebno,,714,M525x524S15a37502x497S18252499x476S20601476x505
potrebovati,,630,M523x524S15a37500x501S18252500x477S20601478x505
potres,,716,M542x535S20350511x465S20350477x465S2710a511x486S2f900458x502S2711a476x487S2f900531x503S2fb04493x529
potrkati,,717,M516x521S10a42485x506S26a00489x480
potrpeti,,718,M522x576S30004482x483S10610490x519S22a04491x549S20e00510x519S2f804479x565
potrpeti,,719,M524x567S22f04487x553S10a10493x521S30004482x483S30d30487x492S20e00512x517S2f900474x556
potrt,,722,M518x552S21600481x532S2ff00482x483S20300493x528S31310492x489S2f900495x547
potrtost,,723,M554x526S15002485x490S2ab03518x493S2f900499x521S36d00479x474
potruditi se,,724,M538x533S19a10510x479S19a18462x479S2c615475x507S2c604506x506S20e00521x468S20e00472x469
poučevati,,2747,M530x532S18527507x469S1852f477x470S26a00503x505S26a10471x505S2fb04494x526
pouk,,2290,M636x551S30005482x483S18510522x511S27100518x491S18520605x536S18528561x536S26f00596x516S26f10553x517S2fb00587x503
povabiti,,3323,M528x527S18037501x502S18039472x479S22213513x495S22213489x474
povabiti,,4060,M535x556S18030505x541S18038465x541S22214474x529S22214506x529S30114482x477
povečati,,3098,M531x539S15440505x496S15448483x496S28909504x462S28911470x463S20500498x528
poved,,2845,M570x581S10000488x522S2c301481x558S33b00482x483S10010549x521S10018528x521S26500556x501S26510522x501S2f900556x491S2f900524x491
povedati,,725,M518x572S10000485x513S2c301478x549S35000482x483
povedati,,727,M553x530S2c304526x467S10030525x500S33b00482x483
poveličevati,,4109,M599x535S15d31562x512S15d39529x511S2ff00482x483S28b09563x465S28b11516x465S26930559x504S26930540x504S21410552x456S32110490x490
povprečje,,728,M547x522S18210511x483S18218466x478S23600508x505S23610453x505S2fc04491x488
povprečno,,729,M547x522S18210511x483S18218466x478S23600508x505S23610453x505S2fc04491x488
povprečno,,730,M531x543S14c50507x458S14c58470x458S2fb04493x537S2a510471x496S2a500507x494
površina,,735,M516x527S14c50488x473S2e836484x511
površno,,734,M526x526S20357505x474S3790b476x485S20351481x480S23005497x500S20500474x498
površnost,,2082,M526x526S20357505x474S3790b476x485S20351481x480S23005497x500S20500474x498
povzetek,,995,M554x527S15740536x489S15748447x491S18547502x500S1854f478x500S26602512x473S26616458x473S20500494x477
pozabiti,,737,M588x518S26506553x477S30000482x483S21600514x479S20300573x476S15d02523x471
pozdrav,,178,M547x518S15a00528x490S26a00520x473S2ff00482x483
pozdraviti,,3340,M545x518S15a00526x489S26a00518x472S2ff00482x483
pozdravljeni,welcome,1973,M548x570S15a00528x490S2ff00482x483S26a00521x472S10050453x540S2e936435x516S33e10493x506
poželenje,,619,M540x564S36a00482x477S10601517x516S21600510x509S22a04524x549S20e00522x497
poželenje,,741,M592x551S36a00482x477S22a06521x533S21100506x534S1dc02497x506S14c03541x506S23701557x515
poznam,,1153,M544x523S11511519x495S20600515x478S30120482x477
poznati,,50,M540x518S11511515x485S20600510x468S2ff00482x483
pozneje,,738,M521x527S18240497x504S18248479x512S2b700502x474S20500481x497
pozor,,739,M549x550S10010522x497S27200509x531S30d00482x483
pozornost,,373,M531x529S2ff00482x483S15a40519x484S15a48469x484S26500517x514S26510468x514
požrešen,,742,M531x527S20352507x492S21200503x473S22f04503x512S20356475x492S22f14469x513S21200469x473
pozvati,,2812,M511x530S2df00490x509S11520495x471
prav,,3185,M521x590S11520504x524S11528481x524S22e04504x561S22e14479x561S2fb04492x584S30104482x477
prav dobro (ocena),,1424,M526x525S15a36499x513S20b00475x499S14440503x475
pravica,,2927,M521x533S11520504x467S11528481x467S22e04504x504S22e14479x504S2fb04492x527
pravično,,3268,M521x590S11520504x524S11528481x524S22e04504x561S22e14479x561S2fb04492x584S30104482x477
pravilnik,,1348,M555x530S20500517x470S15a18503x478S20500517x483S18200532x478S20500517x497S11520469x475S11528445x475S22e24457x512
pravlno,,1349,M520x528S11520505x473S22e24493x510S11528481x473
pravoslavec,,3708,M538x534S13f00467x488S22b02469x506S20500463x523S20500500x522S1ed26519x466S22b04519x498
pravoslavec,,767,M591x567S13f00526x488S22b02530x522S22b04541x516S1ed26572x488S22b04572x520S2ff00481x483S36d00479x520S20500494x487S20500496x556S20500476x526S20500513x526
pravoslavka,,3707,M586x566S13f00483x487S22b02487x521S22b04498x515S20500470x525S20500433x525S2ff00438x482S36d00436x519S20500451x486S20500453x555S33010523x483S1ea10563x507S20800569x496
praznik,,336,M535x521S15a52465x499S15a56508x509S3790e469x515S3790e491x504S22a20494x479
praznovati,,337,M535x522S15a22465x501S15a26508x510S3790e469x516S3790e492x506S22f20489x478
praznovati,,4035,M545x566S2ff00482x483S1ce20523x488S1ce28456x487S29604517x523S2961c467x522S2fb04490x560
praznoverje,,3709,M540x563S15a01515x479S22a04521x506S15a37504x526S15a31517x533S20500512x552S30007482x483S20500502x470S35c10496x503
prebivalci,,3711,M592x559S1f410522x478S22104518x467S30000482x483S2880a531x499S22e33523x503S15d30570x517S2d608563x547
prebivalec,,3710,M545x519S2880a523x507S1f410515x485S30000482x483S22204518x475S2f900495x505
pred,,3134,M526x523S18040495x500S18048474x508S26507507x477
pred zdajci,,4129,M524x562S18041440x524S1804f414x526S20500437x512S26501467x549S33200482x483S10000509x508
predavati,,1563,M552x550S33b00482x483S1ce02519x499S2ea00537x525
prednost,,2827,M508x543S11500492x513S11520493x457S26500494x491
prednost,,3192,M509x526S11520494x496S26500491x474
predstaviti,,4199,M520x556S15a08483x512S10021490x525S26620480x477S15a28482x444S10001494x458S20500491x545S20500498x447
predvčerajšnjim,,2475,M556x523S1dc40528x493S2ff02478x483S2c304529x464
pregled,,3565,M544x572S31500482x483S11501519x510S11509454x504S2ea00528x541S2ea44454x534S2fc04491x561
prehiteti,,1220,M521x527S1f540499x503S1f548479x484S2d706494x473
preizkušnja,,3712,M555x535S1d448379x492S1d440412x481S22f04417x517S15d31509x490S15d39473x481S23604505x518S23610461x507S36f48445x465S36f44479x469
preizkušnja,,3713,M555x535S23610461x507S36f44479x469S36f48445x465S15d31509x490S15d39473x481S23604505x518S18001416x484S18009375x479S2f900417x505S2f900387x502S23600407x518S23610367x513
prej,,1706,M537x534S36d00479x488S15a00525x477S2b704522x510S22204526x467
prej,,2901,M545x529S36d00479x499S15a00530x483S26504529x514S22224527x472
prejeti,,3245,M521x539S2fb00494x461S26614480x472S26604505x471S21600510x510S21600484x510S20350506x524S20350481x524
prejeti,,3246,M527x543S14c50503x457S14c58474x457S26614479x493S20358480x528S20350509x527S26604508x493
preklet,,4086,M566x556S30c00482x483S14c47518x530S14c49497x518S26507546x517S26517522x505S2f900555x511S2f900532x497S2fb07554x492
prekletstvo,,3715,M581x570S10a10524x513S10a20553x512S30005482x483S20600523x500S22e04564x543S2f900567x565S30c30489x490
preliti,,3296,M550x543S15a57493x472S14c33461x470S3780b467x491S22613450x493S26507491x457S10b13528x480S23404513x515S2f804511x532
preložiti,,1352,M530x524S18240506x509S18248471x509S2b821496x476
premagati,,3478,M539x531S15a57466x506S1ea21468x470S22e05511x503S20500462x502S37703490x484S2f900528x526
premisliti,,3929,M560x524S30007482x483S10e21513x477S28409538x500
premišljevati,,3928,M548x547S2eb00533x515S10a11517x483S30007482x483S30f30488x492
prenehati,,1032,M521x541S15a56480x462S10e40505x511S11510505x459S26500507x494
prepovedano,,3123,M513x533S10020498x503S22b03487x468S22b05488x468
prepovedati,,3122,M513x533S10020498x503S22b03487x468S22b05488x468
prepričati,,1208,M522x529S15a57478x499S17621506x480S20601492x510S21e01496x471
preprosto,,59,M533x531S26707502x500S15a37491x493S20e00486x483S2f801467x470S15a51480x501
prerok,,3650,M571x578S22b04552x527S1ed26552x496S10000489x521S22a03527x491S18500517x508S32100482x483S33b10493x509S14c20533x459S2c300487x555
prerok,,3660,M580x578S22b04561x518S1ed26561x486S10000526x520S22a03491x489S18500481x506S32100446x481S33b10457x507S14c20497x457S2c300524x555S33b00518x484
prerok,,3716,M563x577S22b04544x525S1ed26544x495S10000488x520S2c300486x554S33b10492x508S2ff00482x483S15d40522x494S26500520x474
prerokba,,4087,M568x564S10002473x519S2ea00489x539S33b00457x482S2b700547x538S14c40544x502S30005507x484
prerokovati,,3651,M556x582S14c20533x459S18500517x508S10000487x523S22a03527x491S2c400476x559S32100482x483S33b10493x509
presenečenje,,4008,M546x518S1eb11519x481S1eb19454x482S31a00482x483S21c00520x478S21c00477x479
prestaviti,,2994,M529x532S18340505x513S18348471x513S2b700503x479S2b711478x479S2fb00493x468
prešuštnik,,4090,M609x577S1ea07492x521S2ee00491x552S33100482x483S10051537x538S18159521x525S22b04590x520S1ed26590x488S26a01563x556
prešuštvo,,4089,M614x562S1ea07522x500S2ee00521x531S33100482x483S10051572x529S18159556x518S26501601x549
prešuštvovati,,3717,M522x518S1815a493x506S18151496x483S20b00478x492
preteklost,,2154,M557x534S2eb1c523x465S2eb30541x459S2ff02478x483S15a00543x495S15a00526x507
prevariti,,4091,M543x554S1ea07522x500S2ee00521x531S33100482x483
preveč,,3476,M531x533S18530506x517S18538470x518S22214472x505S22214509x504S22a00512x478S22a10477x478S2fb00493x468
pri,,2982,M527x526S15d1a474x504S15d12491x490S20500506x515S26503514x475
priča,,1251,M528x545S1ed26509x482S26500473x456S22b04509x515S11520477x478
priča,,361,M528x544S11e20473x478S26500475x457S22b04508x514S1ed26509x482
pričakovati,,3240,M532x539S1dc40469x509S1dc48508x509S2eb0c512x468S2eb14474x469S2fb00495x461
pričati,,360,M512x527S11e20489x497S26500495x474
priden,,62,M543x517S15a56516x505S15a52484x488S37a0e467x511S22f04517x484S20600458x497
pridi,,123,M513x520S10000488x490S22214492x480
pridi,,3156,M575x555S15d30556x483S15d38529x483S22b03540x521S22b13523x517S32100482x483S2fb04523x549
pridiga,,3329,M551x599S15a10449x520S15a18434x520S22b06447x554S22b02448x569S22b12412x554S22b16415x570S2fb04437x593S20500442x506S33b00482x483S10002521x510S2ea00529x480
pridiga,,3718,M542x589S15a10430x510S15a18415x510S22b06428x544S22b02429x559S22b12393x544S22b16396x560S2fb04418x583S20500423x496S33b00482x483S18501515x501S18509461x501S2e008508x526S2e010475x526
pridiga,,3816,M578x599S15a10449x520S15a18434x520S22b06447x554S22b02448x569S22b12412x554S22b16415x570S2fb04437x593S20500442x506S33b00482x483S10002521x510S2ea00529x480S1ed26559x498S22b04559x530
prihodnost,,3336,M536x519S15a40522x492S2ff00482x483S26700520x447
priimek,,3119,M540x524S1f614516x482S30000482x483S26a06524x497S20e00508x470
priimek,,820,M548x518S11502518x481S20e00504x469S30000482x483S26506531x502
priimek,,86,M549x555S1f614514x483S22b04524x451S22b06519x454S30000482x483S10051454x525S1dc39438x525S20500451x508
prijatelj,,2241,M529x533S16d51508x492S16d35499x513S20700471x502S26a20502x467
prijaviti,,1470,M522x524S15a57499x501S18252502x476S20601478x500
prijazno,,264,M527x526S18150507x497S1814a474x506S26500513x474S21100498x475
prijetno,,3310,M540x577S30005482x483S10001517x512S20e00521x497S28108520x548
prijetno,,3894,M528x521S15d02478x479S23600472x504S21100515x505
prilagajati 1,,2821,M525x528S18041500x493S1804f475x503S26a01484x472
prilizovati se,,3719,M537x568S15d38479x527S17850500x537S22210503x527S20e00499x556S35a04482x483S22210516x507
primer,,1414,M525x524S15a37494x490S15a51502x501S20c01476x477
primerjati,,2760,M515x522S15a30486x478S15a30503x478S20600490x511
Primorska,,3913,M527x535S15a10475x465S2990c473x499S14c50502x483S2e732502x519
princ,,2851,M545x518S30000482x483S10010525x460S2d508523x494
princeza,,2852,M545x534S30000479x483S10010456x457S2d508451x491S33030511x495S1d417520x509S20800526x493
prinesti,,2850,M541x533S15a37497x467S15a37518x475S15a31460x510S15a31481x509S26503503x498S26513482x491
prinesti,,3562,M541x533S15a37497x467S15a37518x475S15a31460x510S15a31481x509S26507503x498S26517482x491
pripomba,,4092,M563x552S10a20525x506S26f00523x538S35300482x483
pripovedovati,,2973,M541x570S33b00482x483S18510509x510S18518467x510S2e008520x530S2e010459x529S2fb04491x564
pripraviti,,3402,M528x538S1ce20506x463S1ce28473x462S26c06510x502S26c16481x502S2fb04495x532
prisega 1,,1445,M547x529S11e20524x499S26500526x479S2ff00482x483
prisega 2,,1446,M521x536S36d00479x498S15a01480x508S15a20456x464S20500476x525
prisiliti,,3428,M514x538S2034a486x502S20350499x482S26500499x463S26514486x523
prisiliti,,3429,M513x540S20358487x503S20300498x483S26504499x461S26510488x525
prisluhniti,,752,M526x525S15a00513x486S37107474x517S30006476x483
prisluškovati,,753,M526x526S15a00511x485S37107474x518S35600476x483S30e30483x492S33030510x493
priti,,145,M526x519S10037496x481S2c303475x497
priti,,161,M535x531S10014466x501S10016505x501S28b02469x470
priti,,3241,M527x536S15d30508x464S15d38481x464S22b03493x499S22b13473x497S2fb04475x530
privatno,,1453,M518x553S30004482x483S20300492x520S20e00474x514S22f04487x539
prižgati luč,,1300,M557x552S2ff00482x483S18511530x460S22201526x463S1f540409x508S26500409x537S18519439x461S22a03517x478S22a15468x479S22207460x463
priznati,,73,M542x563S15a01517x481S30007482x483S15a37504x529S15a31519x535S20500516x552S20500505x471S22a04524x509S35010496x504
problem,,3591,M534x532S1100a468x468S11002503x479S23108508x502S23118467x491S2fc04493x521
problem,,484,M531x539S11026474x513S11002504x506S1100a470x472S1102e502x479S20500499x461S20500500x528
proč,,3365,M524x530S15d20476x503S15d28503x503S26517490x483S26507511x483S2fb00504x471
procent,,1116,M522x526S1ce10479x474S23f03499x505
procent,,2738,M511x532S24e34490x502S1d510490x469
procesija,,4151,M558x540S20300443x498S20308443x515S26527453x481S26527470x465S14c57508x482S14c59472x514S22627490x503S22627524x469S26527545x461
prodati,,3599,M535x533S15d39465x510S10e03487x484S20e00470x491S23007509x468
profesor,,3621,M553x540S1dc40451x478S1dc48490x478S2fb04476x534S20600495x513S20600448x514S1ed26534x461S22b04533x493
program,,2750,M531x522S15a18469x481S22a04514x507S20612486x479S18000501x488
promet,,350,M545x546S14c58464x479S14c50506x468S2fb04493x510S27114456x531S27100505x522S22620505x454S22620462x466
prositi,,211,M514x522S15a10502x495S15a18486x495S20600489x478
prositi,,3142,M518x567S15a10503x540S15a18487x540S20600490x523S32100482x483
prositi,,3343,M518x575S15a10504x548S15a18488x548S20600491x531S30104482x477
prošnja,,2758,M521x553S15d40502x472S15d48479x463S2ea4c486x503S2ea08500x513S21100495x447S2fc04491x542
prost,,3427,M537x586S20301475x523S20307505x524S37600488x538S28406504x567S2841e461x567S35300482x483
prostitucija,,3587,M559x532S1ea40529x486S36d10479x468S2ee09537x513
prostor,,1552,M523x524S26911477x505S15a39479x476S26907504x504S15a31495x476
prostovoljno,,3289,M514x530S1d402486x493S26500497x470S20500495x519
protestant,,4183,M544x534S20350488x505S20358456x505S2c307490x479S2c317459x481S2fb00486x467S1ed26525x473S22b04524x504
protestantizem,,4184,M552x527S20350480x512S20358448x512S2c307482x486S2c317451x488S2fb00478x474S14c50524x496S2e832520x473
proti,,3990,M526x517S10008474x484S10c21488x485S26501513x504
protokol,,2739,M585x557S10000485x523S2ff00482x483S20500495x484S20500495x506S10002555x542S1000a531x536S2bf00561x483S2bf10528x479S2fc04550x519
provizija,,2737,M532x555S1f436474x491S21100468x460S27102490x446S1d510511x492S24e34511x525
provocirati,,2736,M530x602S10040509x523S10048478x523S28508508x562S28510474x563S35000482x483S31b30489x494
prsi,,2735,M541x522S14c02503x478S14c0a463x478S22a04513x507S22a14472x506S21100459x506S21100528x507
prši,,2376,M544x599S15050518x504S15058453x505S2fb04490x593S35100482x483S26504526x540S26504527x559S26504527x579S26514459x543S26514460x561S26514460x580
prst,,2733,M530x517S1000a471x502S1f010501x500S20800494x483
prstan,,2734,M542x525S14c09459x498S1d040487x486S20800482x476S2a532509x498
prstan,,3720,M529x525S14c09471x488S1d000499x476S22a04501x510S21100516x511
prstanec,,2732,M528x521S14c09472x494S1f010499x500S20800494x479
pršut,,2731,M527x535S15a37473x493S15a31494x475S21401485x466S26503514x496S26503500x509S26503486x522
prt,,2729,M580x540S15a50439x492S15a50457x492S22b06456x524S22b12421x524S20500450x479S1d448502x490S1d440537x490S2d200539x460S2d211501x460S22a04567x467S22a14485x471
prt 2,,2730,M548x529S2d211469x471S22a14453x482S22a04535x478S2d200507x471S1d440505x501S1d448470x501
prt 3,,984,M542x546S15a50485x470S15a50502x470S23c04519x488S23c1c458x489S15a40529x518S15a48460x519S20500495x455
prtljažnik,,2728,M543x531S15a1a507x519S15011470x469S37906467x523S37803495x492S20500533x500S20600458x511S2f900532x514
prva pomoč,,2727,M521x541S11508457x511S36d00479x470S37602479x472S22b06448x480S22b04453x476S21100454x459
prvenstvo,,3996,M531x531S1f50b475x486S2881e469x519S20500493x469S28806509x519S1f503500x486S22e31501x513S22e37486x512
prvi,,3368,M511x526S2df00490x505S1f540494x475
prvič,,3505,M530x518S1f502500x482S15d39470x490S26507517x501S20e00487x506
prvo,,3201,M522x521S1f502479x497S10021492x496S20500483x479
prvo,,324,M511x526S1f526494x474S2df00490x505
prvo sveto obhajilo,,4093,M540x577S33b00503x483S1d402507x521S22b06510x551S22b04514x547S1f526436x497S24e00432x524S2ff00461x482S10c12464x459S2e702464x444
pšenica,,2726,M532x540S1f110503x494S1f118468x494S22214471x483S22214508x483S20600489x461S26a06505x513S26a12487x513
psiha,,3721,M547x573S21100510x559S30007482x483S20600503x466S18512494x528S22f04483x559S10a11519x481
psiholog,,3722,M575x558S10a11519x481S30007482x483S20600503x466S1ed26556x497S22b04555x528
ptič,,491,M518x535S22224458x520S30004482x483S1f420479x520
Ptuj 1,,2724,M537x525S1ea52478x498S15a48463x498S2a532504x495S20500471x483S2f900470x475
Ptuj 2,,2725,M522x534S19a50494x490S15a48479x483S2f900491x467S20500492x475S23004496x516
puder,,2723,M551x533S18510522x497S2ff00482x483S20610517x483S22a04537x518
puding,,2722,M531x531S14c50505x500S14c58473x500S26a00504x470S26a10470x471S2fb04493x491
puhujšanje,,3950,M582x564S34400482x483S31a30489x490S15d09474x513S15d01502x512S20350561x516S20358540x516S2a208559x536S2a210535x536S20500553x500
puliti,,2720,M512x533S1ea1c488x512S26200496x476S2f900498x467
puliti (zob),,2721,M524x573S20310508x517S33b00482x483S22b04508x535S2f900511x568
Pulj,,2757,M532x533S12950503x481S12958473x482S22f04507x509S22f14468x510S21e00507x468S21e00478x468S2fb04492x527
puran,,3968,M540x569S33100482x483S10c12518x501S27202519x529
puščava,,3961,M592x581S18521496x538S15d39476x529S21203499x556S26507523x552S33500476x483S14c51551x529S26507579x524S2f801541x516
pustiti,,1450,M535x533S1dc28466x495S1dc20490x503S2c317485x473S2c307510x488S2fb07520x467
pustiti,,2719,M531x535S2c317480x477S2c307506x484S15d20492x508S15d28469x503S2fb07518x466
Q,Q,1913,M511x513S1ee56489x488
R,R,1821,M508x515S11a20493x485
raca,,2899,M529x522S15d40481x495S15d48503x495S20500497x490S22234503x478S22234472x478
račun,,1511,M546x531S14c02515x471S14c0a455x472S22232508x470S22236489x470S22b04530x498S22b14455x501
računalničar,,1514,M546x563S3780b455x482S15a20478x456S14e51478x503S22621467x494S21100499x549S27103506x532S1ed26527x438S22b04527x469
računalnik,,1513,M541x555S3780b459x472S15a20483x445S14e51485x494S27103514x523S21100507x541S22621472x485
računalništvo,,1515,M527x539S3780b477x488S15a20502x462S21100490x525S27103500x507S17321473x482
računati,,1512,M554x543S14c02522x493S14c0a452x479S22232512x491S22236490x476S23600515x526S23614447x511S2fc00498x457
rad,,1171,M519x528S15d02488x486S21100490x514S22a04504x513S2f800481x472
rad,,4065,M529x549S37703507x527S20320493x520S33d00482x483
rad imeti,,266,M514x515S19c20486x486
rad imeti,,496,M518x570S15d02484x531S21100485x555S33e00482x483S2f800479x523S22a04499x555
radar,,1516,M555x553S2ff00482x483S15030529x486S22204534x476S22b04533x523
Radenci,,2902,M521x557S1f406472x464S22a04472x498S36d00479x443S22200480x456S1f406470x528S22204479x519
radiacija,,2766,M529x524S14c49472x497S14c41503x494S26501484x476
radič,,1520,M600x607S10e31573x526S10e39538x526S2e50d577x566S2e515539x568S2fb04561x601S10012489x522S30004482x483S27102504x543S21100485x554
radikalno,,1522,M548x525S2f700525x477S30005482x483S26500525x489S18010518x510
radio,,1524,M531x536S2a410469x486S2a408506x486S2fb04493x530S15626507x464S15626470x464
radiolog,,2767,M528x530S14c49473x493S14c41502x503S20a00504x479S26501473x471
radiolog,,2769,M546x565S14c49416x528S14c41445x538S20a00447x514S26501416x506S2ff00482x483S15011518x471S20500504x469
radirka,,1525,M537x530S15a37464x470S1ea51479x484S27107503x504S21100524x498
radoveden,,1034,M543x560S11000526x495S33100482x483S2e230524x528
raj,,1526,M555x523S14c30455x492S14c38519x492S2ff00482x483S28909528x461S28911445x459S32110490x491
raj,,4111,M588x570S2ff00482x483S14c10520x484S2e305521x519S1851e498x521S21410524x474S14c50561x519S2e832556x554
raj,,4152,M559x542S11501462x473S11509444x475S20500460x458S2fb04457x536S2df10442x510S2df08468x510S10e10537x468S10e18508x474S23100533x506S23110504x513S2fb04525x536
raj,,4153,M536x547S28a18495x475S28a00489x475S15d01473x524S15d09506x523S15d21464x453S15d29513x454S2fb04493x514
raj,,4154,M588x562S2ff00482x483S14c10519x484S2e305521x519S1851e498x521S21410524x474S14c50560x509S2e832556x546
rajni,,3860,M551x539S15a57450x498S15a41467x483S2f900479x514S2a201500x516S21401457x474S20500488x503S1ed26532x462S22b04531x494
rajni,,3861,M551x539S15a57450x498S15a41467x483S2f900479x514S2a201500x516S21401457x474S20500488x503S1ed26532x462S22f04526x498
rak,,1527,M526x536S10e50511x506S10e58474x505S22712512x476S22716479x477S2fb00493x464
raketa 1,,973,M516x544S15a18485x456S10020500x479S2f700501x463S22b00500x514
raketa 2,,2903,M538x542S15a56508x530S37906470x535S10001481x473S37803495x497S20500528x520S22f01463x458
rama,,1011,M530x519S36d00479x495S15a23483x481S20600478x508S2fb02471x490S2fb06524x490
rana,,1529,M525x527S15a56476x515S10003484x491S26506491x474S21100512x474
rasa,,1537,M623x581S2ff00482x483S17302522x486S22b04524x509S1d450590x518S1d458556x518S22f04598x555S2fb04580x575S21410525x474S22f14553x555
rasti,,1538,M519x531S15a06488x492S22a00495x516S21b00497x483S17630493x497S2f800481x470
rasti,,3121,M514x525S15a06487x484S22a00493x510S21b00494x475S17630490x490
rastlinstvo,,1539,M541x533S15a06460x492S26826491x517S21d10491x481S23400488x510S17630498x491S21414499x468
ratifikacij,,1540,M521x525S15a37498x502S11e51480x475S20b00480x505
ravnatelj,,1140,M544x544S11a50518x501S11a58471x514S27110457x490S27104504x473S2fc00491x456
ravnatelj,,1471,M540x541S11558468x511S27110460x486S27104500x476S11550517x504S2fc00493x459
ravnatelj,,1472,M531x553S17b36486x516S2ff00482x483S20e00519x505S22f04487x539
ravnina,,2770,M519x531S15a12492x506S15a1a482x519S26600500x470
ravnina 1,,1473,M520x523S26a00493x477S15a1a480x511S15a12490x497
ravnovesje,,1474,M554x547S18310508x521S18318468x528S2fc00492x453S22b04521x478S22b10462x475S22a00541x483S22a14447x486S22c00505x470S22c14477x471
razburjati,,2771,M538x541S14e02506x506S14e0a466x516S2ad01508x478S2ad01525x478S2ad10462x488S2ad10480x486S2fc00493x459
razburjati,,2772,M538x541S14e02506x506S14e0a466x516S2ad01508x478S2ad01525x478S2ad10462x488S2ad10480x486S2fc00493x459
razburjati se,,1475,M542x531S20310524x516S20318458x515S2ff00482x483S25100524x477S25110458x479S30c30489x490
razdeliti 1,,1476,M537x526S1ea41507x506S1ea49467x507S2da0f510x475S2da17464x475
razdeliti 2,,1477,M536x539S15a37480x484S15a41501x461S20611464x467S26907483x520S26907499x505S26907517x490
razglednica,,1479,M609x576S26510467x463S26500522x464S31500482x483S19a10581x528S19a18536x530S20500567x519S26602538x560S26616578x560S13f00520x493S13f08450x492S22204524x485S22204468x484
razgovor,,2773,M529x594S33b00482x483S10001506x520S10009474x524S26c00502x552S26c10470x557S2fc04494x583
razgovor,,2774,M539x584S33b00482x483S1ea10509x517S1ea18469x524S26c00512x545S26c14468x554S2fc04497x573
raziskovanje,,1480,M559x532S11811513x484S11819461x486S22235501x468S22233478x469S22b05535x506S22b13442x508
raziskovanje,,1481,M564x527S11811514x473S11819463x474S28805506x505S28805525x505S28805544x505S2881d475x506S2881d456x506S2881d436x507
raziskovati,,3566,M542x581S11801517x513S11809455x502S31500482x483S2ea00527x543S2ea44455x532S2fc04492x570
razkol,,1483,M560x542S26616441x526S10009444x481S26602448x514S10001453x481S28812510x458S1f503536x487S1f50b511x487S20500530x474S2880a538x458
razkrojit,,1485,M541x529S18541508x492S18549465x492S26606511x472S26612460x473S21100515x515S21100475x515
razlagati,,1486,M570x555S33b00482x483S14c51517x504S14c59457x504S26b07542x527S26b11430x526
razlagati,,3585,M566x560S33b00482x483S14c51517x504S14c59457x504S26b03538x532S26b15434x531
razlagati,,4226,M540x575S14c59462x515S28209511x547S28211471x547S14c51513x514S33b00482x483
različno,,1487,M547x534S10021493x467S10029471x468S26706505x518S26f10458x499S26712453x518S26f00500x498
razločno,,1488,M536x527S1dc0b474x503S1dc03494x504S2890a507x475S28912464x474S26933501x480S26935486x480
razmetano,,1489,M550x546S1dc50510x479S1dc58465x462S26712451x513S26706508x530S27104506x515S27110454x499S2fb07504x454
razmišljati,,1490,M540x540S10a00525x485S30d00482x483S2ea34523x515
razmišljati,,3126,M542x552S2ff00482x483S10a00524x485S10a08463x481S2ea00527x515S2ea44459x512S2fc04493x541
raznesti,,1757,M527x538S20321478x488S37600490x501S20321506x488S2f700495x531S28a12473x463S28a0a491x463
ražnjiči,,1543,M539x536S11551482x485S15a37463x467S2a401506x508S21401461x464
razočaran,,318,M550x543S15000525x492S21600532x479S30104482x477S30d30487x495S21410528x468S22a04531x528
razočaranje,,2360,M550x543S15000525x492S21600532x479S30104482x477S21410528x468S22a04531x528
razpeti,,3279,M543x520S15d27520x480S15d2f457x481S37703474x498S3770b504x497
razporočen,,3724,M546x535S15a37508x465S15a51519x474S15a31523x499S15a57512x508S20500534x465S20500531x524S17811475x487S17819455x487S20500470x477S26506478x511S26512458x511
razpredelnica,,1491,M515x536S14420489x464S22b04490x506S22b06485x509
razprodaja,,1492,M526x519S15a40475x483S1ea40493x498S20610492x482
razred,,1493,M513x529S1ed20487x472S26a06496x502
razredčiti,,1494,M548x523S14e32515x477S14e3a452x477S22622503x479S22626485x479S26606518x507S26612452x506
razredčiti,,3426,M547x526S14e32516x474S14e3a453x474S22612504x481S22616488x481S26506504x512S26512483x512
razrednik,,1495,M532x539S1ed20468x482S26a06477x512S1ed26513x461S22b04513x493
razširjen,,3158,M558x525S14c57506x497S14c51469x499S22627524x485S22621453x486S26507545x476S26511443x476S2fb00491x475
razstava,,1496,M550x531S15a00503x469S15a00487x469S26f00502x503S26f10459x504S26706508x509S26712450x510S2fb04493x525
razsvetliti,,3172,M539x518S2ff00482x483S17611523x468S21e03513x479
razsvetljenstvo,,1497,M579x518S10001477x486S2ff00442x482S20500469x470S17620559x481S17620507x480S21b00511x470S21b00563x471S30007523x482S30001523x483S28812502x454S2880a557x454S32110531x494
raztrgano,,1498,M524x548S10049482x470S10041496x470S27006506x508S27012477x508S20500493x453
razumeti,,641,M564x538S23603535x508S11501514x483S2ff00482x483
razvajen,,1499,M521x540S10e50506x502S10e58479x510S2eb08502x460S2eb4c482x471
razveza,,1500,M523x531S1f50b477x484S1f503501x484S20500495x469S26906504x515S26912478x515
razvijanje,,1501,M514x530S15a06487x485S17630491x514S22b00491x470S21b00495x502
razvoj,,3580,M514x533S21c00499x503S22b00494x468S15d0a487x505S17630493x517
rdeča,,1521,M521x583S10012489x522S30004482x483S27102487x543S21100508x553
rdeči križ,,1544,M568x605S10012435x519S30004432x483S27102430x532S21100450x543S36d00526x531S37602526x535S21410530x539S11500497x575S21100500x521S22b06495x542S22b04499x540
rdečke,,1545,M571x620S10012447x519S30004444x483S27102442x532S21100462x543S36d00515x524S14e02540x541S14e3a500x541S20610519x575S22a24529x605
reakcija,,1549,M534x584S30004482x483S11500504x519S11508481x520S2d207508x565S2d217478x565S2f900492x556S2f900523x556
reakcija,,1550,M574x550S30004482x483S11500502x519S11508482x520S11520559x479S11528537x478S2c607543x523S2c617525x517
rebro,,1551,M544x532S1f001514x480S2d608508x507S21100502x518S36d00479x468
recepcija,,1553,M557x540S26624464x510S15a39512x485S15a31530x485S21600451x461S14c50476x476S14c58444x476S21600485x461S26907538x514S26911511x515S2fb00525x470
red (disciplina),,1555,M526x526S15a40496x475S15a48477x475S23404474x512S26806476x503
red (splošno),,1556,M521x526S15a40503x474S15a48484x474S26706479x510
redkev,,1557,M584x591S28903498x483S15a00529x477S2ff00482x483S15a56557x525S19a40537x535S2e230543x559S20500568x542
redko,,1559,M534x531S14e32503x470S14e3a466x470S26a06515x504S26a12476x504
redko,,1560,M518x532S2b900482x469S1ce50496x502
redkvica,,1558,M540x559S19a40461x500S20500492x507S2e230466x527S15a56481x490S1ce10518x462S26500520x441
redno,,2831,M526x526S15a40496x475S15a48477x475S23404474x512S26806476x503
redovna skupnost,,3726,M646x553S22b04535x523S1ea09515x468S1ea01539x478S36d10479x459S2ed21531x499S15040617x457S15048581x459S26602616x492S26616583x492S20500608x448
redovnica,,1561,M553x534S2ff00482x483S15a11513x477S15a19462x479S22203487x468S22205502x468S28905526x509S2891d446x509S26934521x505S26930461x505
redovnik,,3725,M566x536S1ed26547x474S22b04547x506S15d40461x499S15d48435x500S15d48489x500S15d40515x500S22a04460x477S22a04513x478S22a14440x477S22a14494x478S2fb00449x465S2fb00504x465
redovništvo,,4155,M570x532S2fb04495x524S15d48480x473S15d40506x473S15d48431x472S15d40456x472S26500455x505S26510435x504S26500505x504S26510486x504S2fb04445x526S14c50543x468S2e832538x503
reevalec,,1583,M561x548S1533d507x525S28917452x495S20300462x474S15335440x525S2fb04479x537S2890f493x493S20300492x475S1ed26542x452S22b04542x482
referat,,1564,M582x592S30004482x483S1d402484x520S2b901522x493S15a39534x541S19a51559x565S26705532x543S26935524x535
reforma,,1565,M521x534S2df26486x510S1ea27500x477S1ea0f480x466
reformacija,,1566,M603x537S1ef07503x473S1ef0f469x474S22a05528x500S22a13459x500S21100474x509S21100510x509S36d00479x464S1ea27582x485S1ea3f561x475S2df26566x513
regija,,1568,M520x526S14c50489x495S2e90e480x474
reinkarnacija,,3727,M581x552S1dc01551x483S1dc09519x484S22a14535x525S2fb04545x546S22a04554x526S21100521x526S21100568x524S1f526424x482S2df00420x512S10002478x506S1000a451x500S2bf00484x468S2bf11462x462S2fc00476x449
rejnica,,1570,M538x587S11a50448x531S11a58418x540S2eb00449x493S2eb44416x502S2fc04436x576S33010479x483S1ea10515x508S20800526x494
rejništvo,,1569,M524x547S11a50508x491S11a58478x500S2eb00509x453S2eb44476x462S2fc04496x536
Reka,,1600,M521x527S36d00479x473S10011477x484S20600479x516
reka,,996,M521x542S15a48480x474S14450499x511S22620495x494S26600500x458S20e00484x506
reklama,,1572,M534x543S10e30509x498S10e38476x499S2e60d505x457S2e615467x458S2fb04493x537
reklama 2,,1573,M533x543S10030512x495S10038477x497S2e60d504x458S2e615467x459S2fb04496x537
religija,,1574,M531x526S1d448469x498S1d440502x493S22f04501x474
religija,,3850,M521x532S36d00479x468S2d200483x509S11a01479x477S20500476x497
rent a car,,1575,M619x538S1ed36482x477S36d00479x462S20600479x509S20301581x468S20303548x469S23607590x508S2361b531x508S2fc04567x494
rentgen,,1576,M536x539S14c02505x478S14c0a469x478S2e62d488x505S36d00479x461
rep,,1577,M526x548S1000a496x487S10020504x452S27206506x508S21400474x479
repa,,1578,M524x533S19a40477x477S2e230483x501S20500508x484S15a56497x467
republika,,1579,M521x520S36d00479x481S11a22463x491S20500481x509
republika,,3193,M521x527S11c11469x481S36d00479x473S20600474x516
republika,,4019,M521x526S14c52466x483S20600474x515S36d00479x475
res,,1580,M523x519S15a37478x485S11551489x494S20b00510x481
resen,,1581,M533x570S31000482x483S20310518x521S20318469x521S22b03505x546S22b15471x546
rešilni avto,,1584,M603x542S22b06448x479S22b04452x477S11500450x512S21100456x458S36d00479x468S37602479x472S21410483x476S20301538x467S20303574x466S23607574x508S23615534x507S2fc04561x491
rešiti,,115,M546x529S1531c531x503S28817474x498S20330483x472S15314454x503S2fb04491x523S2880f504x498S20330503x471S2f900505x489S2f900484x490
resnica,,2985,M545x523S11e20522x493S2ff00482x483
restavracija,,1582,M518x552S20600466x517S11a10494x522S30004482x483
reven,,3350,M538x535S20357486x465S21100525x497S15033484x498S3780b462x480S22a07512x485S21407472x523
revizija,,1586,M527x585S31500482x483S2fc04494x537S2eb4c481x553S2eb08511x542S10e01502x500S10e09474x510
revma,,1587,M537x536S15040511x476S15048463x476S22224513x466S22224469x465S22f03505x513S22f15474x515
revolicija,,1588,M539x563S2ff00482x483S17620519x512S17622467x512S28400517x535S28418465x535S21b00523x501S21b00470x501S2fb04493x529
revolucija,,4134,M525x540S15336477x502S1532a477x483S2ea02476x461S2ea4a477x525S2fc06514x489
revščina,,410,M539x536S20357486x465S22f07505x481S15033479x497S3780b462x479S21100526x500S21407467x524
rewjnik,,1571,M543x554S11a50489x498S11a58459x507S2eb00490x460S2eb44457x469S2fc04477x543S1ed26524x447S22b04524x477
rezati,,1589,M526x529S15a06474x509S15a40506x502S2b700490x471S2b700507x471
rezbariti,,1590,M528x535S15a36484x523S1f551502x497S20e00472x508S2890e483x480S2890e499x465
rezerva,,1593,M522x554S17d48479x516S10e00507x482S37800514x510S26a02508x447S20700487x539
rezervacija,,1592,M531x536S14c50507x480S14c58470x480S21600515x465S21600478x466S22a24495x521
rezervirati,,1591,M531x536S14c50507x480S14c58470x480S21600515x465S21600478x466S22a24495x521
rezolucija,,4079,M522x534S15a20479x466S1ea00495x487S2a002496x513S21410500x476
rezultat,,1594,M515x536S15a18485x464S10020500x487S20e00500x472S22a00501x521
riba,,1595,M521x543S15a40503x501S15a0a494x531S27202497x457S20500479x519S2f900479x531
riba,,3976,M537x521S15a02479x492S27202518x479S26702464x505
ribana kaša,,1597,M564x531S15a1f489x490S14e11516x470S20613498x479S22b05540x494S20348436x497S20340453x484S20e00437x477S22f04451x517
ribolov,,1598,M549x544S22e20518x473S15a06466x532S15a40476x502S27202468x456S1ea40515x502S1ea48526x521S20500506x516S20500452x515S2f900451x528S2f900506x530
rigati,,1599,M533x530S36f18468x470S17d02504x485S22f00500x515S21100483x516
Rim,,1601,M537x523S15a57474x495S15a31495x478S20500463x486S2a201517x500S20500476x483
risanka,,1603,M513x531S1ea40487x470S27f0d492x499
risati 1,,1602,M513x531S1ea40487x470S27f0d492x499
risati 2,,1113,M516x532S11520490x479S22224485x469S26606486x516
rit,,1604,M531x531S15050505x469S15058469x469S2c324485x507
riž,,1606,M531x532S1f140502x485S1f148470x485S20500495x470S22204513x469S22204478x469S26a06511x505S26a12478x504
rižota,,1607,M567x549S1f140466x502S1f148434x502S20500459x487S22204477x486S22204442x486S26a06475x522S26a12442x521S14c02536x494S14c0a509x498S2eb00542x452S2eb44518x462S2fc04534x526
rjav,,1608,M516x516S20348501x501S20340501x484S21100484x485
rjuha,,1609,M542x528S1d410513x482S1d418458x483S2b724490x504S36d00479x472
robec,,1610,M518x564S1e101486x519S33100482x483S22f04487x550
robnik,,1611,M523x554S15a50491x478S15a50505x478S23d04493x520S21100478x519S2a208500x446S21400504x508
robnik,,3375,M518x538S15a50489x479S15a40506x479S27504488x514S20e00496x463S26932483x507
robot,,1612,M549x536S15a40528x479S15a48458x480S36d10479x476S23108523x519S23114452x519S2fc04495x519S2f900495x464
ročno,,3425,M548x549S26512453x508S14c5a472x469S20e00478x452S26506533x460S14c52498x454S20e00512x508S14c5a474x502S14c52494x525
roditelj,,1614,M539x532S19a00482x512S19a08461x512S20500480x500S26520478x478S1ed26520x469S22b04519x499
roditi,,1615,M555x525S2b711445x476S2b700536x475S36d10479x480S15d31525x502S15d39452x501
rog,,1616,M557x518S17620515x479S2ff00482x483S20500503x473S2d207534x464
Rogla,,1617,M625x580S17620515x479S2ff00482x483S20500503x473S2d207534x464S15a50570x536S15a50586x532S27114543x512S2fc04577x569S27100585x505
rojstni dan,,3819,M525x552S1ce40500x462S1ce48476x463S20500497x541S20500494x449S28a0c508x503S28a14478x504S26931502x496S26937488x497
rok,,1642,M557x527S15a57460x484S22a04544x504S18251443x474S26607478x493S21100463x513S15a06515x483S15a40544x473
roka,,1388,M512x531S14c00489x469S37800500x499
rokav,,1389,M537x544S37604504x484S17d02497x456S21100464x526S23d0a487x517
rokavice,,1390,M518x550S14c58483x519S14c50483x486S21100505x461S26604487x450
roke,,3247,M527x531S14c00504x469S37800515x499S14c08473x469S37800484x499
rolada,,1641,M569x538S10002455x471S1000a431x462S2ea00467x513S2ea44434x507S16d50539x462S16d58511x463S26606539x492S26612500x492S2fc04451x493
Rom,,4113,M550x556S30005482x483S14e10522x503S20611522x474S22a04528x541
romanje,,3728,M553x527S15a10541x499S15a18527x499S20500534x477S2f900533x490S14c57480x500S14c59447x497S22627494x488S22627464x480S26507511x479S26517484x473
romantika,,1640,M540x545S14c01512x491S14c09472x500S2b700505x456S2b700521x455S2b710478x471S2b710460x472S2fc04500x534
romar,,3729,M567x531S15a10527x502S15a18513x502S20500520x480S2f900519x493S14c57466x503S14c59433x500S22627480x491S22627450x483S26507497x482S26517470x476S1ed26548x469S22b04547x501
Romunija,,1638,M539x529S33100482x483S14711518x509S20500503x500S26500521x486
Romunija,,1639,M526x545S16019475x480S16011503x480S22104480x456S20500494x466S20500495x504S22104506x456S22f06507x520S22f12478x520
rop,,1620,M525x538S15a57496x462S15d41487x485S20500515x481S2df00491x517S22205475x474
rotacija,,1637,M541x539S10002511x478S2ec00526x499S36d00479x462
roza,,2855,M552x536S10013520x492S2880e523x524S26937540x517S30004482x483
roža,,1344,M518x563S21b00496x519S17630492x530S33110499x497S2ff00482x483S22a00494x548
roženica,,1636,M520x559S2e300497x532S10a00501x503S31a10482x483
rožni venec,,3730,M528x541S1d540497x470S1d548473x479S2890c498x512S2890c513x512S20500486x460
Ruanda,,1635,M551x532S20306510x501S20308473x487S27109524x480S27115450x468S2fc04488x521
rumena,,505,M514x527S2e230490x495S19a10486x473
rumenjak,,1623,M538x535S2e230467x488S19a10463x466S18136507x506S18152506x491S2e832504x472S2e81a506x520
Rusija,,1621,M518x555S30004482x483S10012486x520S26506500x541S21100484x541
Rusija,,1622,M545x530S33100482x483S20600523x489S11810526x503
ruta,,1633,M550x597S1ea01522x481S1ea09450x482S2ff00482x483S22b03510x504S22b15468x504S1ea5a478x534S1ea52501x540S26512464x572S26506520x576S2e700502x572S2e744481x565
S,S,1900,M508x508S20320493x493
s,,185,M509x521S1f43e494x492S22204491x479
s,,199,M512x522S1dc31489x492S20500498x479
Š,Sh,1901,M519x512S20320482x491S2df02500x488
s kom,,1644,M549x561S22204530x520S30c30490x491S20500509x516S2ff00482x483S10000488x512S1f43e534x532
sad,,206,M514x525S15a06487x484S22a00492x510S17630490x490S22200493x475
saditi,,874,M517x528S18550491x513S2bb00484x473
sadje,,872,M558x549S33b00482x483S10020517x519S20500520x506S2990b536x521
sadje,,873,M529x574S33b00482x483S10000504x513S20500519x503S24b0c499x548
sadovi,,3099,M514x525S15a06487x484S22f00488x511S17630492x490S22210489x475
šala,,776,M525x524S10056476x481S1f040496x477S26a06510x497
salonarji,,2578,M530x540S19240505x521S19248474x508S23108504x494S23118471x479S2fc00493x460
šalotka,,2762,M552x607S15040502x524S15048471x530S2ea08505x561S2fc04493x596S2ea4c480x567S35d00482x483S1ce10530x489S26500532x468
sam,,597,M511x528S10000490x498S26500497x473
sam,,598,M508x522S10018493x478S20500494x511
samo,,599,M515x523S1f540491x477S26606485x507
samohranilec,,2579,M545x548S11558506x461S2eb34529x493S2eb18503x502S2fc04521x537S11550530x452S1f552456x470S20500460x499S20500480x498S26506475x470
samohranilec,,600,M557x542S1f552443x493S20500447x521S20500469x520S26606449x478S11550533x486S11558509x495S2eb34541x458S2eb18498x463S2fc04524x531
samomor,,602,M521x529S20332479x498S26203497x471S20500480x518
samomor,,603,M546x532S2033e506x498S1f552454x491S20500508x520S26606459x475S20500458x521S20500478x520S26203522x469
samoobramba,,604,M550x543S20500474x531S26506470x506S20500453x532S20320504x506S20320533x506S2f900532x458S1f552450x505S2c600531x468S2c610500x469S2f900502x459S2fb04520x497
samopodoba,,2580,M543x566S20500467x554S26506463x529S20500446x555S1f552443x528S2ff00482x483S1e101518x481S21410524x467S22b04523x516
samopomoč,,606,M549x543S15a49508x508S15a41502x501S22b20509x458S1f552452x501S26506471x503S21401493x492S20500456x532S20500475x532S20500524x494S2f900538x495
samostan,,3731,M553x553S2ff00482x483S15a11513x477S15a19462x477S22203487x468S22205502x468S28905526x511S2891d447x511S26930522x507S26930462x507S15a11418x495S15a19393x495S20500414x480S23804426x527S2381c395x528S26931419x520S26937405x520
samostan,,3732,M567x553S22b04535x523S1ea09515x468S1ea01539x478S36d10479x459S2ed21531x499S15a11441x461S15a19416x461S20500437x448S23804449x492S2381c416x492S26937428x485S26935442x485
samostojen,,2581,M534x531S20500491x519S26506487x494S20500470x520S1f552467x493S22b04518x500S1f540518x470
samozadovoljevanje,,4182,M530x525S1f542445x486S20500435x514S20500459x513S36d00479x476S15a12487x491S22f04487x509S21100517x510
samski,,596,M519x532S26606489x516S1f552482x469S20600487x501
San Marino,,2582,M515x530S25500502x470S25500486x470S15a20494x503S25640497x515S25640487x515
sanjati,,3622,M548x521S30007482x483S14c01516x465S22621504x454S2e500525x494
sankanje,,3911,M530x537S10a30510x511S10a38473x511S2c300504x479S2c311470x479S2fb00494x464
Sankt Peterburg,,2583,M523x530S36d00479x526S15053468x495S2e233496x471
sapa,,607,M564x559S23705529x523S15a51518x511S33b00482x483
Sarajevo,,608,M518x535S30004482x483S22620454x494S14c10455x504S20500486x519S2f900501x521
sardela,,2584,M542x543S2f900526x467S15a0a481x531S27202481x458S20500472x518S2f900458x524S1ed26523x503S26500525x476S15a40487x503
sarma,,609,M567x536S15040472x490S15048433x491S26506482x473S26512437x473S11532537x496S1153a518x512S2ea08552x465S2ea14518x476S2fc04542x525S2fc04458x525
satan,,3815,M663x518S10620515x474S21900511x460S2ff00482x483S20320551x481S1f820569x481S1f820625x482S1de02592x475S11950641x470
satan,,3835,M536x518S10620515x474S21900511x460S2ff00482x483
savna,,875,M539x549S14c02508x511S14c0a464x512S2fb04494x538S20500469x538S18502515x451S1850a468x452S20500522x537S26a00511x488S26a10462x487
še naprej,,3902,M510x533S11520495x503S26600490x467
sebičen,,4181,M514x522S1f502493x479S20c00486x509
sebičen,,612,M518x574S1f502482x524S20602484x550S31030489x490S35600482x483
sedaj,,212,M537x525S19a30509x475S19a38463x475S2fb04494x497S22f04512x510S22f14464x511
sedaj,,213,M538x525S19a30510x497S19a38464x497S2fb04495x519S22f04512x475S22f14463x477
sedem,,613,M527x516S14c00504x484S1de08474x486
sedeti,,636,M520x530S15a50507x471S15a50481x470S22a04507x503S22a14481x503S2fb04494x524
sedmi,,3104,M525x539S14c00502x461S1de09475x461S2e230505x496S2e230475x498S2fb04492x533
sedmi,,344,M525x535S14c20502x465S1de28478x466S2df00502x503S2df18476x503S2fb04493x529
sedmi,,614,M526x537S14c20503x463S1de28475x464S2df00502x505S2df18474x505S2fb04492x531
sedmina,,3733,M579x539S14c10450x481S1de18422x482S2df00450x517S2df18427x518S1ce10486x461S2890a482x494S15a10549x479S15a18532x479S26606549x507S26612514x507S26602549x520S26616517x520S20500542x465
šef,,692,M521x535S11558473x473S36d00479x466S26a02474x508S20e00461x466
seja,,616,M543x570S15a36470x525S2fc04492x539S34000482x489S23600504x553S23610458x553S15a32504x524S30350496x476
sejati,,621,M542x529S18540459x514S2d708464x498S2d808471x486S14c30518x471
sejem,,617,M547x532S15a00470x490S15a00516x488S2fb04492x526S26f00501x468S26f10455x468S26606517x513S26612453x514
seks,,3922,M521x530S1e101471x484S20b00477x517S36d00479x471
seks,,3927,M530x517S20349495x496S18111506x486S20600470x484
seks,,3947,M540x564S36a00482x477S10601517x516S21600510x509S22a04524x549S20e00522x497
seks,,618,M533x530S2fc04495x519S18530501x470S18538469x475S23100507x494S23110468x501
sekta,,3735,M582x551S1d448463x473S1d440496x468S22f04499x449S15d48419x477S15d40441x493S2d60f437x525S10004556x484S1000c536x484S2d606560x523S2d61e529x523S26932551x535S26932558x535S20500548x469
sekta,,3737,M553x549S1d448491x475S1d440524x470S22f04528x451S15d48447x479S15d40469x495S2d60f465x527
sekunda,,643,M530x532S15a37489x509S10021470x497S27203497x468S20500471x520
sem,,2448,M520x522S1f552480x479S20500483x511S20500510x511
semafor 1,,622,M524x521S22c04496x479S21d12516x485S17620477x480
semafor 2,,623,M532x543S22a24503x528S21d12524x457S17600501x468S37700508x484S15a56499x509S37806468x515
seme,,624,M537x525S18541488x506S27207504x485S27f0b463x476
semenišče,,4117,M624x559S15d40489x483S2ff00448x477S26a00482x464S36a00517x478S1f010521x528S26506530x545S1ec20597x521S1ec28563x521S26606594x543S26612558x543
seminarska naloga,,4136,M521x529S1d450431x486S1d458384x487S21100405x507S21100427x507S36d00479x472S11913482x482S22f04473x515
senca,,625,M532x534S14c50503x467S14c58468x467S25605508x510S25615476x509S2fb04490x500
sendvič,,626,M522x533S17d48478x493S15a00509x487S22a02507x520S20700484x468
sepsa,,627,M605x554S15a56578x536S14c32542x511S3780e546x542S22622532x509S20e00561x530S26606555x492S1bb00488x526S2ff00482x483S26500511x537S21b00497x519S20500496x503
september,,2109,M527x538S14428473x462S22b04507x498S2fb04493x532S14c20504x462S22b14478x497
september,,629,M520x516S15a18480x484S18210496x501S20600498x485
servis,,631,M512x536S1ea40488x494S2d504491x465S2034a496x521S2d50c491x476
sestanek,,1192,M541x566S15a32503x529S15a36467x525S23604502x549S23610453x544S30004482x483
sestanek,,615,M546x569S15a32505x517S15a36469x524S23604507x535S30004482x483S23610455x543S2fb04494x563
sešteti,,1233,M536x564S10018472x474S10012465x481S14c20506x449S14c2c507x522S22104511x437S20500526x495S22100512x557S22a04511x483S22a10512x504S20600464x460
seštevanje,,1855,M517x522S10018494x492S10012487x499S20600484x478
šesti,,3057,M524x535S14c00501x465S1f502479x472S2e230503x501S2e230476x503
šesti,,343,M525x535S14c20502x465S1f526477x472S2df00501x502S2df18475x502S2fb04489x529
sestra,,635,M543x565S10050469x535S10058448x535S20800524x490S33010479x483S20500461x519S1ea10520x508
sestre,,3198,M573x565S10050469x535S10058448x535S20800524x490S33010479x483S20500461x519S1ea10520x508S1ed26553x503S22f04548x535
sestrična,,893,M542x574S10051454x533S10059434x533S20800524x494S33010479x483S1ea10519x509S22a24453x559
sevanje,,1517,M532x537S14c0a469x483S14c10489x506S26500494x464S20700514x486
seveda,,637,M567x531S23603538x501S10e01515x475S30154500x477S30154489x477S30007482x488
sever,,638,M508x532S15a10494x505S22b00492x469
severna Amerika,,650,M544x527S22b00453x465S33b00482x483S20600522x489S14720518x504S15a10455x500
seznam,,651,M523x527S15a18477x485S18510495x491S20610489x473S22a04509x512
sezona,,653,M550x534S15a37461x490S10051450x482S21100458x467S15a40537x485S15a48503x485S22a04537x517S22a14503x519S2fb04519x515
sezuti,,2244,M527x526S1ea02506x502S1ea0a473x503S2d221490x475
sezuti,,654,M528x541S1ea02506x517S1ea0a473x518S1ea58474x460S1ea50505x460S2d221490x490
shod,,2875,M538x543S14e10513x473S14e18463x472S28903501x516S2891b475x516S26932528x512S26932471x512S22620508x458S22620468x458
shod,,656,M544x553S14c10520x458S14c18458x460S28a03507x494S28a1b466x495S22620518x447S22620457x447S15052504x527S1505a468x527
shod,,894,M562x549S15012501x480S1501a465x480S22e04536x531S22e14439x531S22b02526x510S22b16440x510S2fb00493x452S14c10537x465S14c18438x466S22620536x455S22620438x453
shramba,,657,M543x533S1815a457x468S18150472x481S26a00463x519S15a37501x485S15a31520x488S2d508516x518S2d510505x518
shramba,,895,M542x535S1815a459x465S18150469x482S15a37503x480S15a31519x485S26a00460x521S2d608513x520S2d610499x520S2fb00512x467
šibak,,4039,M535x535S14c32504x465S14c3a466x465S22b04517x495S22b14467x495S2fa00519x527S2fa00470x527S2fb04493x529
simbol,,3577,M528x515S15d48473x488S11842501x500S20500496x485
simbol,,3578,M528x515S15d48473x488S11842501x500S20500496x485
simbol,,3796,M524x521S20500483x506S15a37476x480S11551497x496
simpatičen,,896,M542x537S15a01508x464S15a09472x475S27104502x495S27110459x507S2fc04497x526
Sin,,3145,M518x575S1d452482x523S22a04490x560S21100505x561S32100482x483
Sin,,3277,M544x569S1d412483x519S22a04491x554S21100506x554S2ff00482x483S10010524x486S22a00531x466
sin,,220,M518x526S1d452482x474S22a04490x511S21100505x512
sinagoga,,4180,M526x601S10000506x511S10008479x511S30002482x483S30006482x483S2530c501x547S2531c474x549S2fb04493x595S15a11405x510S15a19379x510S23904406x544S2391c383x544S15a10452x534S15a18438x534S20500453x564S2f900439x568
sindikat,,898,M523x541S1ea42502x474S1ea4a477x474S21502495x460S22b04495x511S2e83e486x500
Singapur,,4205,M534x530S15a1a467x518S20312472x491S2e732467x471S15a1a498x518S20312503x501S20500524x505
sinhronizacija,,897,M525x548S11550504x466S11538476x466S2a20e504x505S2fb00489x453S2a21e475x506S2fb04489x542
sir,,902,M522x531S15a56479x495S15a40510x504S2b700502x470
Sirija,,4231,M527x521S15d48474x479S10e02497x489S20600494x510
sirota,,903,M521x522S36d00479x479S20600471x511S1813e469x493
sirup,,904,M576x577S1d402471x536S22f00471x563S21100500x562S36d00451x525S1ea14553x493S26504554x473S33b00514x483
sistem,,905,M538x536S18510513x476S18518462x476S2490c508x499S24914477x500S2fb00493x464
sit 1,,906,M521x529S36d00479x472S36d00479x525S15d02487x500S20b00478x491
sit 2,,1181,M567x521S36d10479x489S15a02491x503S15a48536x490S20312552x498S20500549x480S20500481x504
sit 3,,2751,M516x519S20312501x500S20500498x482S15a48485x492
siten,,907,M518x587S1f540493x531S20e00494x517S2ff00482x483S26c02494x560
situacija,,1774,M518x526S10008482x474S10000503x474S2eb42485x510
situacija,,908,M532x532S10000512x468S10008475x468S2fb04494x526S2e74a469x504S2e73a507x504
siva,,909,M582x518S26502522x483S14452551x477S22622542x477S30000482x483
skakati,,910,M533x541S11850510x499S11858468x499S29222480x459S2922a483x478S2fb04494x535
skala,,911,M558x534S20340466x495S2034a456x516S20b00442x502S2890e459x474S14c50528x466S14c58499x466S28a0b528x505S28a13495x505
škandal,scandal,1830,M558x569S36a00482x477S10011512x515S20500519x500S2e231531x542
škarje,,1528,M531x531S10e41506x501S22713469x480S26601484x470
škatla,,3374,M533x541S19a02503x477S19a0a478x477S20500496x459S2761c468x513S27604504x513
sklanjatev,,4132,M509x543S20320493x458S22e04492x480S22e04492x503S22e04492x525
skleda,,912,M523x536S18130505x492S18138486x491S2a21d477x464S2a205502x464S20500496x525
sklep,,913,M536x534S1ea38467x467S1ea30512x467S2a206515x500S2a21e465x501S2fb04495x528
sklepi,,915,M534x540S11852503x503S1185a473x504S20a00492x486S23202514x460S2321a467x460S2fb04494x534
škoda,,2201,M520x530S15d4a481x470S22e04502x505S15d42493x478S2f700505x523
škof,,674,M537x545S11500486x464S21100487x498S22b04485x515S22b06480x518S1ed26518x456S22b04518x487S21100464x520
škofija,,3605,M544x543S11500479x462S21100480x496S22b04478x513S22b06474x517S2e732519x495S14c50518x458S21100457x518
škofija,,4220,M562x545S11500461x464S21100462x498S22b04460x515S22b06456x519S21100439x520S1ec20532x470S1ec28503x470S26606532x494S26612498x494S20500524x455
skomine,,3157,M518x599S30004482x483S14e00489x521S27102496x559
Skopje,,916,M548x538S30005482x483S11510510x508S21200520x490
skopuh,,917,M520x526S15a30481x496S15050494x495S21100481x478S26504499x475
skoraj,,918,M544x531S20600490x520S18200521x513S30004482x483
skoz,,2987,M536x538S14c19464x485S14c11510x511S20a00465x462S26501496x498
skozi,,919,M508x537S17d36493x464S15a40494x491S26500494x522
skrbeti,,924,M547x546S2e230528x514S10a11519x484S2ff00482x483S20500510x471S30c30489x489
skrbeti za,,925,M523x551S11550508x495S11558478x503S2eb00506x450S2eb44477x461S2fc04496x540
skriti,,3153,M517x553S15a18483x478S15a10487x495S22f02485x528S22f16484x448S2fc06506x493
skriti,,927,M517x553S15a18483x478S15a10487x495S22f02485x528S22f16484x448S2fc06506x493
skrivnost,,926,M517x553S15a18483x478S15a10487x495S22f02485x528S22f16484x448S2fc06506x493
skromen,,928,M533x531S15d39498x494S15d51486x503S2f801468x469S20e00483x486S26607511x509
skupaj,,1095,M533x548S14c20505x452S14c28469x453S18530504x533S18538471x533S20500496x520S28a0c516x489S28a14468x490S20500493x460
skupaj,,2813,M510x521S1f436491x492S22204500x479
skupaj,,4021,M518x533S1f540501x489S1f548483x489S26502503x519S26516483x519S20500495x468
skupaj,,929,M512x525S1dc31489x495S20500498x476
skupina,,1094,M534x542S15440512x475S15448471x475S26602504x512S26616466x512S2fb04493x536S20500494x459
skušnjava,,3597,M534x562S20301459x519S20307448x531S26523439x549S33100482x483S15d20512x505S22204520x496S22e04517x538
slabo,,3204,M536x548S33300482x483S10021506x505S22e04518x530
sladko,,948,M526x563S30004482x483S10000486x533S20e00514x511S21600496x521
sladkor,,4027,M565x575S30004482x483S18210488x521S1154a524x532S11540550x525S22a04552x560S20e00543x517
sladkor,,949,M560x570S30004482x483S10000487x531S21900494x521S20e00515x510S21100538x556S1d451535x525
sladkor,,950,M562x565S30004482x483S11510490x516S1155a518x531S11540544x535S22a04549x500S20e00537x520S20500475x512
sladkorna bolezen,,951,M565x565S20600535x522S11510490x521S11549527x538S11541541x537S30004482x483S20500482x516
slanina,,953,M535x552S1dc40511x483S1dc48465x484S21812521x449S21812471x451S22b04511x522S22b14472x522S2fb00494x478
slano,,954,M530x528S1d450493x494S21200471x514S2ec3a490x472
slava,,4094,M554x539S2ff00482x483S1ce20522x472S1ce28455x471S2fb04493x533S28905527x507S2891d446x507
slaviti,,3005,M545x566S2ff00482x483S1ce20523x488S1ce28456x487S29604517x523S2961c467x522S2fb04490x560
slediti,,1221,M525x528S1f548499x498S1f540510x504S26621475x473
slišati,,3129,M544x531S33010479x483S10011523x501
slišeč,,3424,M553x548S2ff00482x483S1d410524x485S26a02534x521
Slovani,,4114,M527x526S20320473x491S14c50500x475S2e832495x510S26510473x510
slovani,,3738,M589x525S20320411x491S1dc20429x476S17610458x491S10e20476x476S1f820494x492S11920511x480S19221535x481S14c50562x475S2e83e557x509
slovar,,930,M534x545S1ec2e467x472S26520495x509S1ec26513x522S1ec2e468x522S1ec26515x471S26520494x456
Slovaška,,931,M539x547S10028457x493S10001497x468S10009480x469S20500495x459S2df09505x523S2df11476x523S10020524x494S2ff00482x483S2d511465x474S2d509511x474
Slovenec,,932,M571x557S2ff00482x483S11500525x494S2eb3e519x476S1ed26552x497S22b04552x527
Slovenija,,389,M551x524S2ff00482x483S11500525x494S2eb3e519x476
slovenščina,,391,M521x528S20613473x501S18501485x481S36d00479x473
slovenski jezik,,933,M582x544S2ff00444x483S11500487x494S2eb3e481x476S20600560x503S10a00562x518S30004521x483
slovenski znakovni jezik,,2636,M596x597S11500466x471S2ff00423x485S2ea32464x450S14c40510x517S14c48483x525S2ea00517x554S2ea4c489x563S2fc04503x586S10a00552x520S30004542x481S20600574x513
slovesnost,,863,M541x540S1cd10521x475S1cd18459x474S2ff00482x483S24e4c460x510S24e34520x509
slovnica,,392,M544x537S1ed2e468x490S1ed26514x490S26f00502x464S26f10456x464S26606514x521S26612458x521
slučajno,,3895,M566x545S1ce10544x455S1ce18434x456S14c11465x464S14c19507x464S37600487x487S26702492x512S26716467x529
sluh,,934,M545x530S33010479x483S10011524x500
slušni aparat,,3581,M547x515S2ff12475x486S33030516x490S10a20521x485S20500513x470
slušni aparat,,935,M544x546S33010479x483S10a10523x489S2c304517x522
služba,,1733,M523x530S15a38495x471S21100478x516S26c08496x514S15a40501x483
služiti,,3302,M533x527S26c10468x474S15d31505x483S15d39468x495S26c00506x512
smejati,,4002,M533x573S10a10515x510S30005482x483S33e10492x505S2e200513x541
smejati,,4003,M547x572S2e200526x540S30005482x483S33e10492x504S10b11517x512
smer,,937,M509x543S15a10494x492S26600492x457S22e04492x525
smešno,,4004,M550x534S36d10479x467S19a51527x468S19a59452x467S20601517x501S20603467x503S2fc04496x523
smešno,,938,M539x560S11520518x510S2ff00482x483S33e10492x506S26a00512x546S20e00521x496
smetana,,939,M526x538S16d38474x518S18130514x478S26602476x492S2fa00514x462
smeti,,2742,M522x521S17610506x480S21e02493x482S22f03479x500
smeti,,941,M532x528S17610516x473S14c51469x502S22f03496x487
smola,,942,M544x527S1d120515x488S1d128457x488S20602510x474S20602482x474S2fb04494x521
smola,,943,M541x557S15210521x488S33100482x483S22a04527x524S20310526x542S30d30487x490
smrad,,944,M570x556S15a11521x506S30d00482x483S33110499x497S23603541x526
smrčati,,945,M543x563S14c52511x539S20352523x498S22f04518x522S33100482x483
smrdeti,,3486,M570x556S15a11521x506S30d00482x483S33110499x497S23603541x526
smreka,,946,M542x538S15a11501x479S15a19477x479S20500497x463S2490b511x505S24913459x506
smrkavec,,2245,M551x555S11900494x528S33100482x483S22214491x520S1ed26532x493S22b04532x525
smrt,,1717,M521x535S37600489x512S11800504x486S11808483x486S20500496x472S36d00479x465
smrt,,196,M521x522S1ce52461x486S36d00479x478S20500471x511S2f900484x514
smrt,,3845,M521x525S1d451473x484S36d00479x476S20500473x514S2f900485x516
smrt,,747,M526x540S1ce48475x488S21b00494x480S22b04503x498S2f700505x533S1ce40504x460
sms,,2971,M517x541S1f940490x479S20610483x459S27102494x501
smučati,,1618,M542x537S2fc04494x526S27100502x463S15a50503x488S27114459x471S15a50487x494
sneg,,947,M534x551S22a14476x501S14c20511x461S14c28469x462S22620507x450S22620467x450S14c58471x520S14c50509x520S22a04515x500S2fb04495x495
sneg 2,,1523,M533x541S22620467x460S14c20510x472S14c28468x471S22620507x460S22e04513x512S22e14471x513S2fb04492x535
soba,room,1864,M522x570S2df10484x549S15a39483x521S2df08500x549S15a31499x521S36100482x483
sobota,,2060,M519x544S22622476x518S14412488x521S2ff00482x483
sociala,,3423,M532x528S18010502x473S18018469x473S2e120488x499
sodba,,3346,M560x572S10000486x513S2c301478x549S35000482x483S1004a527x556S10040527x523S20b00547x535
sodelavec,,3504,M521x541S1ea02500x470S1ea0a480x460S2ea00506x498S2ea4c484x494S2fc04491x530
sodiče,,1541,M542x539S11540512x482S11548475x493S23604503x461S23610458x470S2fb04495x533
soditi,,3242,M532x550S11540510x450S11548476x458S23200506x493S23214469x517S2fc04497x539
sodni dan,,3739,M558x557S11517531x444S11519493x451S11548457x504S11540500x497S22b03510x467S22b13468x477S23704488x531S23710443x536
sodni dan,,3740,M568x557S11517521x444S11519483x451S11548447x504S11540490x497S22b03500x467S22b13458x477S23704478x531S23710433x536S1ce10544x497S2890a539x535
sol,,955,M518x516S1d450489x484S21100482x502
šola,,1518,M542x529S36a20490x490S15d52515x501S20700491x514
solata,,1519,M531x537S10e31505x464S10e39469x464S2e50d508x501S2e515469x500S2fb04492x531
solideo,,3741,M525x518S2ff00482x483S15012483x457S2f900514x477
somaševanje,,2289,M560x542S15a06448x525S15a02459x509S26603471x482S20500441x512S15a10530x476S15a18515x476S20500523x458S22b02530x525S22b16497x526S22b06529x507S22b12495x507
sončati se,,3959,M582x533S15011482x469S2ff00449x483S2e200491x501S10e11557x470S22b03540x505S2ff00516x483
sonce,,3958,M550x534S15011521x469S2ff00482x483S2e200530x502
soprog,,3524,M517x543S15d39485x471S15d51494x475S20500492x458S15d31491x509S15d57484x511S20500494x532
soproga,,188,M607x555S33010479x483S2ef00589x497S20e00571x525S17e52568x498S20800523x493S14c5a544x531S1ea10514x507
soproga,,317,M581x542S33010479x483S17510515x504S20e00564x517S17e02563x491S14c09537x515S20800523x490S2ef01563x469
soproga,,320,M569x546S33010479x483S17510515x504S20e00548x507S1f052549x476S14c59535x520S20800523x490S2ef01551x454
soproga,,3525,M538x592S15d39443x520S15d51452x524S20500450x507S15d31449x558S15d57442x560S20500452x581S33010479x483S1ea10515x507S20800524x496
sorodnik,,2034,M535x531S11540484x500S11548466x501S20600471x484S1ed26516x470S22b04516x501
sosed,,3477,M545x544S22b04525x487S1ed26526x456S18349463x484S18347491x488S22f04490x520S22f14456x508S2fb04474x538
sosed,,368,M546x535S22b04526x498S1ed26527x466S18349454x504S26a07493x492S18347482x508
sošolec,,4069,M546x543S2fc00493x457S27100506x483S27114455x475S20600466x526S20600514x532S15302513x508S1530a464x503
sovražiti,,1482,M519x538S26616482x522S10009487x477S26602489x510S10001496x477S20500496x462
sovražnik,,2863,M535x546S26616466x530S10009471x485S26602473x518S10001480x485S1ed26516x454S22b04516x485S20500480x469
sožalje,,3742,M560x526S1ce10530x472S2ff00482x483S28902525x506S26931548x514S21410532x460
Španija,,3055,M515x524S20310500x477S20613486x497
Španija,,4138,M521x531S36d00479x470S1ea02477x482S2d200477x508
šparati,,3752,M518x536S1f822502x498S1f80a491x518S26a06504x464S20e00482x503
šparati,,3753,M522x529S18159478x472S17647500x487S21e01492x481S26a01480x508S21405510x498
spati,,1157,M530x536S15a17507x511S31630490x494S30711482x478S20500493x525
spati,,1413,M531x532S30711482x478S31630490x498S15a17508x509
specialno,,3367,M534x534S1ce10508x504S1ce18473x504S26b00507x478S2fb00491x466S26b10466x479
spet,,2263,M513x539S15a01490x502S20500492x528S26500488x474S2f900490x462
spet,,3422,M511x526S1f526494x474S2df00490x505
splav,,1120,M537x543S36d00478x458S15a15469x486S15a1d511x486S2891c471x514S28904516x513S36d00480x494S22e33525x506S22e35465x507
spočeti,,3743,M531x533S36d00479x468S36d00479x529S14c02500x497S14c0a474x500S26520495x477S15d0a433x482S17600441x493S21c00446x480S22a00444x511
spodaj,,3992,M538x553S10c50521x511S32104482x483S22a04524x538
spodbujati,,2420,M528x598S10000509x520S10008475x521S2e515471x559S2e50d505x558S2fb04493x592S36100482x483
spodobiti,,3267,M540x554S10000524x488S30000482x483S22b04524x524S30004482x483
spol,,3515,M521x525S15a52486x489S36d10479x476S22f04489x511
spolni odnos,,358,M549x534S18530511x477S18538469x466S23614452x508S23600510x517S2fc04492x492
spomin,,3065,M549x539S30007482x483S18510518x487S2e230530x507
spomniti,,3066,M543x518S30007482x483S18510518x487
spomniti,,3067,M552x518S30007482x483S18510518x487S2d601520x460S26932550x451
sporazum,,887,M550x585S30000482x483S14c5a455x523S26602499x552S26616488x569S22622508x519S22626490x525S14c52519x518
sporočiti,,3610,M526x524S15d59475x488S15d51497x501S20601507x477
šport,,2817,M530x539S1f540510x461S1f548477x469S26d00503x493S26d10470x502S2fc04496x528
sposoben,,886,M547x534S20356465x490S20352518x497S23604508x517S23610453x467S2fc00492x485
spoštovanje,,744,M549x546S30300482x477S18500515x490S28805529x509S18520519x531
spoštovati,,352,M549x546S30300482x477S18500515x490S28805529x509S18520519x531
spoved,,965,M529x533S33b00482x483S15a10517x506S20500504x495
spovednica,,4178,M587x575S20500503x497S15a10521x502S33b00482x483S15a37544x526S15a31559x529S26906569x559S26912543x559
spovednik,,1083,M560x563S1ed26541x502S15a10521x502S22b04541x533S33b00482x483S20500503x497
spoznati,,2984,M542x539S11511517x486S20500510x473S2df00520x518S2ff00482x483
spoznavati,,1081,M539x541S30007482x483S11511514x480S2e000518x512
sprava,,3813,M546x533S14c52515x468S14c5a454x477S26602495x502S26616484x517S22622503x467S22626489x477
sprava,,888,M611x554S30000482x483S14c5a436x470S26602488x434S26616478x448S22622515x464S22626471x470S14c52526x465S26c20571x539S16f10587x513S16f48557x514S20a00573x486
spraviti,,1121,M532x528S15a57468x472S15a51485x487S2c702506x509
spravna daritev,,3814,M579x544S14c52483x479S14c5a422x488S26602463x513S26616452x528S22622471x478S22626457x488S15d00559x496S15d08525x495S2c301553x469S2c311525x469S2fb00548x457
spredaj,,3983,M514x525S15a02486x495S15a00490x498S22a04501x476S21100487x476
sprejeti,,1554,M521x539S2fb00494x461S26614480x472S26604505x471S21600510x510S21600484x510S20350506x524S20350481x524
sprejeti,,889,M527x543S14c50503x457S14c58474x457S26614479x493S20358480x528S20350509x527S26604508x493
sprememba,,3420,M523x530S1ea08477x471S1ea20500x481S2df26486x506
spremeniti,,3421,M523x530S1ea08477x471S1ea20500x481S2df26486x506
spremljati,,518,M508x539S1f548493x485S1f540493x515S26520494x462
spremljevalec,,517,M524x539S1ed26505x461S22b04504x493S26520478x462S1f540478x515S1f548477x486
spreobrniti se,,4156,M521x533S1ea08408x474S1ea20431x484S2df26417x509S36d00479x467S20301476x475S20600475x500
sprevod,,4095,M532x553S14c10488x498S14c18469x471S21410471x448S22610492x487S22610470x459S26621510x531
špricati pouk,,1252,M524x510S1fb40509x491S1fb48477x491
spričevalo,,1084,M554x563S15a37463x504S20341461x437S22600446x441S14c40461x483S26504465x463S10020532x493S10028506x493S24302527x534S2431a498x534S20500521x479S20500453x502
spričevalo,,1085,M520x548S15a37497x525S20341495x453S20500484x520S14c40494x499S26504499x478S22600481x458
sprostiti se,,1086,M528x540S20301473x468S20307506x468S37600488x485S2df0e508x515S2df16477x516S2f900494x460
sproti,,3191,M532x530S1c510502x502S1c518468x502S26620491x471
srajca,,1088,M565x540S36d00479x460S1de02505x468S1de0a464x467S26505528x493S26513456x493S1f407544x510S1f40f436x510
srajca,,1249,M554x528S36d00479x473S1de02508x487S1de0a461x488S26505541x513S26513446x515S22104510x481S22104480x481
sraka,,1089,M571x583S15a48525x533S14c50540x529S21406541x509S23500534x565S30004482x483S1f020479x521S20602465x515
sram,,1090,M541x539S30005482x488S20e00500x527S17801516x508S2c301515x475S30251495x477
Srbija,,1630,M514x528S13f36494x473S26d00487x509
Srbija,,871,M518x518S1ec10488x463S30000482x483
srca,,3266,M521x528S1c502469x483S36d00479x473S20610467x517
srce,,3095,M521x527S1c502469x483S36d00479x473S20600472x516
srebro,,1091,M544x575S14c40500x488S14c48473x489S20e00492x475S14c20521x425S14c58457x544S26500505x459S26514477x531
sreča,,448,M540x530S2880d511x505S15a36475x517S1ce40518x470S14c50472x494S20500460x519
srečati,,1410,M533x527S26602503x473S20500496x496S10e18469x497S26616467x473S10e10515x495
srečno pot,,1092,M573x538S26610512x472S15a36431x526S2880d462x518S26600553x473S1d448509x510S1ce40469x482S1d440544x510S14c50428x501S2fb00534x463
sreda,,1093,M549x547S10310501x468S10318479x469S2fc04493x506S27200509x524S20500495x454S2721c452x528
Šri Lanka,,4206,M537x529S15a18464x477S10020479x471S15a18507x477S10000522x472S20500519x506S2ef00477x509
Štajerska,,3915,M556x531S20301478x480S36d00479x470S20600477x506S14c50531x480S2e732531x515
stanje,,3744,M520x531S10000505x470S10008480x470S22a04507x505S22a14481x506S2fb04493x525
stanje,,3921,M532x532S10000512x468S10008475x468S2fb04494x526S2e74a469x504S2e73a507x504
stanje,,4141,M521x531S2fb04494x525S22a14482x506S22a04508x505S11510506x469S11518480x469
star,old,2339,M543x560S2ff00482x483S1ec0e491x537S2f900494x524S2c300517x518
Stara zaveza,,3689,M594x573S2ff00482x483S1ec0e491x521S2f900511x516S2c300491x550S10a28529x513S10a00565x488S20800542x489S25617543x540S25603570x515
starejši,,3419,M558x573S30004482x483S1ec0e492x522S2f900478x519S2c300493x550S18020528x526S22a00541x548
starši,,1613,M525x522S19a00497x502S19a08476x502S26520494x478
stati,,257,M519x527S15a37496x504S10e04499x473S20500481x499
stati,,3418,M523x540S11510506x461S11518478x461S22b04507x497S22b14477x497S2fb04491x534
stavek,,1468,M533x533S10018468x485S10011488x485S20500470x467S26706491x517
stekina,,1658,M554x574S30004462x482S21b00476x519S26904472x556S1bb00467x525S30005503x483S19a11511x515S20e00542x505S2d200519x540
steklo,,1657,M526x539S1ce10504x461S1ce18474x461S25104503x495S25114478x495S2fb04492x533
stena,,1656,M522x529S15a06488x517S15a02495x504S20500478x503S22b00502x471
šteti,,2238,M540x524S1f701462x501S22601461x489S14c00517x493S2890a485x477
stik,,2943,M534x527S10002504x492S1000a467x492S20500495x474S26602502x511S26616468x511
stik,,3831,M521x534S10c20504x488S26515483x506S20500503x466S26501498x521S10c00480x475
stiska,,1235,M528x528S14c02485x480S14c0a486x505S21600471x488S21600520x512S36d00479x473
stiska,,2607,M561x522S14c02530x478S14c0a439x499S20300492x484S20302492x502S26502511x482S26516475x503
stol,,1649,M521x526S20340506x475S20348479x475S22b24493x496
stoletje,,1650,M529x520S1f502472x496S21900473x486S19a20500x500S26606499x481
stolp,,3851,M526x554S18119474x462S18111502x462S15a10512x527S15a18475x527S23a0f500x485S23a17476x486S20500495x446
stopalo,,1655,M536x532S10c50464x490S21100523x469S15a32493x471S15a50492x485S21404491x520S22a04467x517
stopinja,,1197,M543x545S17610521x500S2e300520x518S2ff00482x483
stopinje,,1654,M525x537S15a50513x503S15a58493x510S2b900498x473S2b910476x481S2fd00475x464
stopiti,,1073,M534x548S10c50517x526S10c58485x513S2fd00492x452S2ba00501x480S2ba10467x468
stopnja,,1198,M522x523S18310498x504S2ae00479x477
stopnja,,4022,M521x521S36d00479x480S37604479x482S15d43483x486S20700453x494
stradati,,4029,M537x535S36e00477x466S11802503x486S1180a469x486S26506505x521S26512484x521S21100524x519S21100469x521S36e00477x505
strah,,3896,M545x587S11902507x527S1190a470x528S23504508x556S23514459x556S2fb04494x581S30a00482x483S34210490x505
strah,,850,M540x534S11851482x484S15d39461x466S20500491x466S2f900503x468S27203507x500
stran,,1651,M515x532S15a02486x502S15a00490x505S22b04499x468S21100486x475
stran,,3364,M525x529S15d20497x502S15d28475x502S26517485x482S26507512x482S2fb00500x471
stranišče,,378,M548x527S1f552515x483S36d00479x473S21100535x513S22f04508x513
stranka,,1653,M543x534S14c10504x480S36d00479x467S22f04502x520S21100530x520
stranka,,848,M557x533S14c10500x480S36d00479x471S21100488x519S22f04502x519S1ed26538x467S22b04537x498
stranka (politična),,2866,M522x530S20322506x499S2032a481x500S2df06502x471S2df1e479x471S20500498x519
stranka (politična),,847,M540x516S20322480x485S2032a461x485S20500473x505S20306525x485S20500520x503S20300507x485
streha,,852,M523x529S15a11500x506S15a19478x506S26620493x472
strela,,853,M516x537S10020495x464S24603484x500
stres,,854,M543x569S14c02512x530S14c0a461x546S20302494x550S20304494x533S22a02521x512S22a16469x530S30a00482x483
strgano,,3823,M525x546S10041495x473S10049481x473S20e00492x455S2a304502x505S2a31c475x506
strgati,,3824,M525x546S10041495x473S10049481x473S20e00492x455S2a304502x505S2a31c475x506
stric,,855,M525x536S1ce40503x492S1ce48476x492S2880f501x464S28817479x464S20500496x525
strinjati se,,856,M533x516S20600490x484S18010503x501S18018468x501
strmina,,2275,M514x538S15a1a487x526S25544488x511S25600491x463S15a20493x497S25540497x511
strmina,,2276,M546x566S15a1a519x554S25544520x539S25600523x491S15a20525x525S25540529x539S36100482x483
strmo,,857,M545x554S15a20526x517S25600524x482S2f900527x549S25744529x531S25744519x531S30a00482x483
strog,,858,M548x527S30e30488x491S30005482x483S18010518x512S26500529x493S2f900530x484
stroj,,513,M530x531S14c01501x472S14c09473x470S28803510x510S2881b471x511S20700492x498
strop,,859,M534x518S18210507x475S32100482x483S26500520x494
Strunjan,,860,M541x540S11511516x482S2ff00482x483S2e734519x515
strup,,628,M518x575S30004482x483S21b00496x520S26904492x557S1bb00487x526
študent,,3082,M537x538S2e503474x515S20341465x495S20343480x479S37602464x478S1ed26518x463S22b04517x495
študentka,,3083,M538x569S2e503446x546S20341437x526S20343452x510S37602436x509S33010479x483S1ea10515x509S20800524x496
študirati,,520,M519x530S2e503492x507S20341483x487S20343498x471S37602482x470
stvar,,369,M527x535S1000a473x494S10620504x485S20800503x471S2ed09508x516S2ed1d475x466
stvari,,370,M531x540S1000a476x494S10620508x485S20800494x482S2ee08510x517S2ee1c470x460
stvarjenje,,4157,M570x531S14c21480x469S14c29448x470S20324430x480S26512442x501S26506498x499S20320511x479S2fb04471x516S15d0a543x472S17600551x483S22b00552x501S21c00557x471
Stvarnik,,3746,M570x572S14c21503x521S14c29471x522S22a00557x548S26512461x553S26506522x551S20320534x532S20324450x536S2fb04493x566S10000555x516S32100482x483
stvarstvo,,4158,M572x528S14c21479x475S14c29447x476S20324429x486S26512441x507S26506497x505S20320510x485S2fb04470x522S14c50546x473S2e832540x508
suh,,3417,M545x551S19200523x497S22b04529x521S30f00482x483
suho,,1111,M560x530S15740502x484S15748478x484S18540534x494S18548441x493S20500495x471S26606502x514S26612465x514
šum,,1100,M540x543S33010479x483S15310525x486S2ea08525x518
superge,,861,M525x525S1dc50495x495S15a48475x497S26a00498x475S20e00481x476
surdopedagog,,3595,M623x566S33b00482x483S15602527x502S2e500527x523S18520592x517S18528562x517S26a00596x542S26a10557x542S2fb04582x560
surovo,,3218,M520x561S30004482x483S10012484x523S28702488x545
sveča,,956,M534x540S15a37475x517S17640479x464S22b04479x484S20500466x512S1ea02511x461S2d200507x489S15a37511x517
svečano,,862,M544x548S24b4c458x520S24b34521x520S2ff00482x483S1ce10522x481S1ce18454x482
svečnica,,4096,M533x538S15a10521x511S15a18506x511S22b20512x474S15d39467x514S17641468x495S20500489x501S22b04467x462
Švedska,,3056,M524x547S15d59495x524S17c52492x500S18551497x454S22f00495x479S20e00476x519
svet,,256,M518x518S1c512485x449S32100482x483S2e702488x433
svet,,326,M518x518S2ff00482x483S2e836484x442S10c12486x463
svet,,4221,M553x560S15a10541x482S15a18527x482S20500542x511S2f900529x515S22b24532x530S32100482x483S21410533x467
svet,,46,M528x550S20500494x539S22e36496x503S20500496x451S11550502x468S28d0c504x508S22e32503x503S11558482x468S28d14472x509
Sveta dežela,,3801,M551x556S2ff00482x483S2e836484x442S10c12486x463S14c50525x505S2e83e519x540
Sveta gora,,3802,M555x556S2ff00482x483S2e836484x442S10c12486x463S11811523x505S23c05525x534
sveta maša,,2287,M586x600S15a10555x528S15a18540x528S20500548x514S2e802484x443S10c12488x462S2ff00482x483S2fb04548x594S26606555x558S26612523x558S26602556x573S26616524x574
sveta maša,,4191,M553x551S15a10522x479S15a18507x479S20500515x465S26602523x524S26612490x509S26616491x525S2fb04515x545S26606522x509S15a18448x449S15a10463x449S22b24454x482
sveta podoba,,3748,M609x518S13f00580x489S13f08544x489S31500502x483S22204582x482S22204562x482S26500589x466S26510550x467S2ff00463x483S10c12469x464S2e702471x446S21410571x454
Sveta Trojica,,3749,M553x518S2ff00482x483S2e836484x443S10c12486x463S11e30529x447S2e83e521x480
Sveta Trojica,,4195,M551x544S2ff00482x483S2e836484x443S10c12486x463S11e20524x444S24e04530x479S13f36528x515
sveti,,327,M518x518S10c12488x461S2ff00482x483S2e702490x442
sveti,,3394,M518x518S10c12488x461S2ff00482x483S2e702490x442S32110490x490
sveti,,47,M518x518S1c512485x449S2ff00482x483S2e702486x434
Sveti Duh,,3146,M660x576S16019577x526S16011605x526S2e736489x440S20500596x512S18518544x541S10c12488x460S18510635x541S20500597x550S2ff00482x483S26612569x560S26606606x560S10018530x497S22a10527x468
Sveti Duh,,3692,M559x585S16019476x535S16011504x535S2e736488x441S20500495x521S18518443x550S10c12487x462S18510534x550S20500496x559S2ff00482x483S26612468x569S26606505x569S32110491x491
sveti večer,,3810,M574x541S28a02530x519S15d00546x484S2ff00504x483S26931562x529S2ff00461x483S10c12466x464S2e702466x447
svetišče,,3182,M545x537S15a10472x504S15a18456x504S20500464x483S2f900464x497S15a11522x478S15a19494x479S20500513x464S23904524x505S2391c495x507S37c03509x501S37c0b521x500
svetišče,,3751,M548x541S15a11481x477S15a19455x478S20500474x460S23904490x510S2391c452x511S26933468x503S26931481x503S15a10536x498S15a18521x498S2f900535x485S20500524x483
svetlo,,1829,M541x529S1dc03503x506S1dc0b470x506S28809521x472S28811459x472S22e30515x497S22e30468x497
svetlo,,864,M560x533S1dc03505x509S1dc0b469x510S28809507x486S28811474x487S1dc00536x467S1dc08441x467
svetloba,light,865,M584x535S1dc03480x511S1dc0b436x512S28809479x489S28811447x490S1dc00502x468S1dc08417x466S17650568x466S14c51527x497S25503550x481
svetnik,,3207,M543x549S10c12487x443S2ff00482x483S2e702487x467S1ed26524x487S22b04524x519
svetniki,,3208,M545x533S10c12487x443S2ff00482x483S2e702487x467S1ed26524x487S22f04520x519
Sveto pismo,,3852,M565x581S15a48528x520S15a40547x520S20500539x506S2a208542x553S2a210522x553S2ff00482x483S10c12485x463S2e702487x445
Sveto pismo,,4192,M538x546S15a48498x486S15a40519x485S15a10478x455S22b24469x488S20500509x472S15a18463x455S2a210492x518S2a208515x517
svetost,,3288,M518x518S2ff00482x483S2e836484x442S10c12486x463
svetost,,4160,M518x518S2ff00482x483S2e836484x442S10c12486x463
svetovati,,866,M587x579S10000487x510S33b00482x483S2b700509x517S17d34541x526S15a30572x521S20710542x504S26a02573x552
sveže,,867,M528x546S1cd20508x454S1cd28473x454S2fc04494x535S23606509x492S2361e477x492
Švica,,4235,M521x537S1ed06477x511S1ed00443x477S22b04479x477S22b06474x481S36d00479x464
svinčnik,,868,M537x554S2ff00482x483S1d410508x492S21100507x535S22f06523x529
svinja,,869,M543x531S33100482x483S20350523x495S23004518x513
svinjina,,870,M583x579S2ff00482x483S20350493x504S23004488x522S15d49533x556S1d152524x525S20a00565x537
svoboda,,1087,M538x532S20301476x469S20307506x470S37600489x484S28406505x513S2841e462x513
T,T,1915,M515x511S1de02485x489
tabela,,3574,M534x533S22b04509x503S22b06504x506S14402467x506S14420508x467
tabernakelj,,3853,M594x600S33b00482x483S1d402521x466S22b06524x500S22b04528x496S1815a562x525S15a58572x538S2d200568x577S21404571x568
tajnik,,3353,M541x518S33010479x483S11544526x461S20e00511x475S26504522x494
tajnost,,3354,M548x561S10010523x496S33b00482x483S22b04523x531S22b06518x534
Tajska,,4207,M555x519S33200482x483S10012524x504S2c300529x474
Tajvan,,4219,M555x542S33b00482x483S20312527x501S23704516x521
takoj,,3567,M526x545S1ea10501x478S1ea48476x470S22e04509x505S22e00475x505S2f900487x459S2fc04491x534S2f900512x526S2f900478x497S20500503x456
takoj,,3828,M519x546S2f900484x499S2f900506x526S22e04502x506S22e00481x505S2f900501x456S2fc04492x535S1f540501x477S1f548481x469S20500489x454
takoj,,3834,M524x539S10050509x489S10058477x489S2880f503x462S28817478x463S20b00494x526
taksi,,2837,M517x533S10011496x503S10019484x503S26620492x467
talar,,3754,M621x581S1f010511x512S26506523x531S36a30491x506S2ff00482x474S14c02589x519S14c0a554x519S22b04605x541S22b14555x542S2fb04581x575
tam,,3138,M517x525S10b20484x499S2c307492x476
tam,,3139,M511x533S10010489x503S22b00495x467
tapete,,3906,M525x536S1f540509x464S1f548477x464S22b04509x493S22b14476x493S2fb04492x530
tat,,4033,M523x537S15d48477x485S15d20502x485S22204510x464S22e04506x519S20500495x474S2f900481x477
Tebe,,2961,M548x526S10010522x496S22f00523x473S32100482x483
tebe,,2960,M514x522S26a00487x478S10c20492x500
Tebi,,3068,M548x526S10010522x496S22f00523x477S32100482x483
tebi,,805,M514x522S26a00487x479S10c20492x500
teči,,3509,M530x546S1dc40506x462S1dc48471x455S2eb00507x498S2eb44476x493S2fc04492x535
teden,,3297,M522x531S15d59499x508S1d451478x469S20500488x510S20500505x495
tehtati,,1190,M543x530S15a31509x479S15a37469x471S23604504x513S23610457x502
tehtati,,1193,M543x535S15a31509x473S15a37469x465S23604504x507S23610457x496S2fb04492x529
tekma,,4130,M542x545S1c510503x456S1c518465x470S2fc04496x534S27200502x491S27214459x509
tekmovalec,,2888,M556x541S1f502498x517S1f50a456x503S23600486x493S23614444x480S2fc00479x462S1ed26537x459S22b04536x491
tekmovati,,2887,M541x540S1f502514x516S1f50a472x502S23600502x492S23614460x479S2fc00495x461
tele,,3971,M536x518S30007482x483S10020521x472
tele,,793,M565x531S1f418435x468S1ee10520x478S30001482x483S1f410536x469S1ee18454x477S30007483x483S26a06530x504S26a12456x504
telefon,,3462,M541x526S33b10493x509S30006482x483S19a11513x504
teletina,,795,M622x531S1f418435x468S1ee10520x478S30001482x483S1f410536x469S1ee18454x477S30007483x483S26a06530x504S26a12456x504S14c4b569x501S1d450593x496S20a00586x481
televizija,,2883,M528x521S10e02498x480S10008508x491S20600472x488
telo,,192,M538x535S1dc01508x466S1dc09474x466S22a14480x508S2fb04494x529S22a04510x507S21100463x508S21100525x506
telo,,3326,M534x534S1dc01504x478S21100521x518S22a04506x519S36d00479x467
telovadba,,4169,M529x531S20352507x469S2035a479x477S23100503x492S23110472x501S2fc04495x520
tema,,4127,M538x536S1dc01509x466S1dc09463x465S28a03503x507S28a1b470x507S22e32536x501S22e32465x502
temno,,2744,M560x536S1dc02506x511S1dc0a469x512S28903504x483S2891b471x483S1dc00536x464S1dc08441x464
temperatura (telesna),,2379,M521x528S10013486x482S36d00479x473S37900479x476S20700486x513
temperatura (zračna),,2378,M518x536S10028482x490S10020499x506S22a00505x464S21100491x465
teolog,,4097,M577x558S30007502x482S1543e467x522S15411530x470S30004462x484S22a04473x543S1ed26558x488S22b04558x520
teologija,,2951,M554x558S30007502x482S1543e467x522S15411530x470S30004462x484S22a04473x543
teološka fakulteta,,4161,M617x558S30007502x482S1543e467x522S15411530x470S30004462x484S22a04473x543S1ed10587x517S1ed18555x517S26606587x542S26612553x542
teološki študij,,4118,M605x580S30007502x482S1543e467x522S15411530x470S30004462x484S22a04473x543S37602560x510S20311583x531S21410585x521S2e501582x553
termometer,,1196,M517x548S10028484x492S10020502x518S21100485x470S22b00499x453
tešč,,3416,M540x559S33b00504x482S26a04510x545S1ea01510x521S33b00460x483S15d02464x521S22206455x529S26506469x544
teta,,3120,M532x536S1d440503x465S1d448468x465S26a02514x499S26a16471x501S2fb04492x530
textil,,3373,M563x548S2fc04450x537S2ea44437x504S2ea00463x509S15a02452x488S15a06438x474S1d402531x474S1d40a496x474S20800541x503S20800506x503S26a00536x452S26a10491x453
težko,,3415,M541x590S20330502x525S20338483x525S20350526x574S20358463x575S2880f506x550S28817478x551S30f00482x483S2f900506x543S2f900485x544
Ti,,759,M542x526S10010522x496S22a00529x475S32100482x483
Ti,,803,M510x528S10010490x498S22a00497x473
ti,,200,M511x521S26500490x480S10c20494x499
ti,,355,M511x526S26500490x475S10050496x496
tiho,,1022,M518x553S10010486x523S33d00482x483
time out (šport),,1179,M521x521S15a12479x480S15a18488x494S20500511x493
tip,,3414,M517x542S1dc02484x518S2d200491x491S1d420483x459
tiščati,,4200,M524x580S22f04484x554S2f900478x517S30004482x483S30d30487x492S20e00512x517S10610490x520S2f804478x569
tišina,,1282,M518x553S10010486x523S33d00482x483
tisoč,,3360,M528x517S18050498x502S20500506x484S15a39473x488
Tito,,3465,M515x532S1d451486x469S2e200495x500
tla,,1075,M549x528S10c20452x486S22a04455x513S26606519x511S26612481x511S20500509x472S14720517x487S14728497x487
to,,2880,M511x525S26500490x484S10c20494x503S2f900491x475
to,,3077,M513x523S10c50491x477S22f04488x509
to,,3361,M509x522S10c50492x479S22a04495x507
toča,,1257,M540x540S1ce40507x460S1ce48466x475S23610461x510S23604501x499S2f700490x463S2fc04496x529
tolmač,,2814,M547x542S15d39453x482S11551470x500S2c307492x524S20601480x480S1ed26528x459S22b04527x490
tolmačiti,,2815,M563x543S15d39438x476S11551455x494S2c307477x518S20601465x474S14c40539x457S14c48512x469S2e700548x495S2e74c519x505S2fc04534x532
toplo,,1876,M543x554S2e300519x527S15d01520x504S35d00482x483
torek,,2062,M519x519S20310504x504S20318482x504S26a10487x482
totalno,,3413,M525x568S14c20502x447S14c28475x447S20500496x432S28a0c507x484S28a14479x484S18537504x540S1853f480x541S20500496x525
tovariš,,3455,M513x524S1ea20488x476S2df00492x503
tovarišica,,3456,M539x562S1ea20447x514S20800524x495S33010479x483S1ea40516x507S2df00451x541
tožnik,,3457,M529x534S10a20471x486S26a00477x520S1ed26510x467S22b04509x498
tradicija,,3080,M563x540S20300444x483S20300476x482S26a00470x461S26a10438x462S10002531x478S1000a510x473S2e700548x500S2e744508x494S2fc04528x529
trajati,,3412,M544x522S15d48457x479S15340483x481S2db08504x488S20500475x511
trak,,3372,M535x528S1f040501x491S1f048465x490S20500491x472S26606505x512
trava,,2856,M533x529S15a1a506x483S37906467x489S14c00475x481S26506479x515S22620474x471
travnik,,2857,M554x532S15a1a486x486S37906447x492S14c00455x484S26506459x518S22620454x474S14c50524x469S2e83a522x502
trdo,,3312,M531x532S20349482x511S20341486x488S20e00470x501S2880e496x469S2f900520x468
trebuh,,1127,M521x529S36d00479x472S36d00479x525S14c02484x499S21100468x506
trener,,3582,M540x530S17620493x500S17621461x500S21e00461x492S21e00494x492S2fb00478x481S1ed26521x470S22b04520x500
trenirka,,4031,M530x558S36d10479x443S14e04505x500S14e0c473x500S20602514x533S20602478x534S22a00511x481S22a10478x481
tretje,,3203,M530x520S20500499x481S10021500x499S11e09471x488
tretji,,1213,M512x528S11e20488x473S2df00491x507
tretjič,,3507,M512x534S11e20489x504S24e00490x466
trg,,4167,M534x521S15032503x495S1503a466x495S20600489x480
trgovec,,2301,M570x538S1ea02489x504S1ea0a459x515S27103506x481S27111431x492S2fc00472x468S1ed26551x462S22b04550x494
trgovina,,2300,M551x535S1ea02507x501S1ea0a477x512S27103524x478S27111449x489S2fc00490x465
Trije kralji,,3798,M573x561S1ed26553x476S14420522x456S30000482x483S2d508522x491S11e30446x512S2e736441x545S22f04548x507
trikrat,,3926,M535x527S20500513x480S10049503x497S10041514x497S11e01466x473
trmast,,449,M582x583S2ff00482x483S10011520x486S20500509x472S15a18548x522S20310566x531S23002564x558S20b00559x510
trnova krona,,4081,M544x518S2d511456x498S20610482x454S2d509524x495S30000482x483S14453516x461S1445b457x463
Troedini Bog,,3797,M539x553S1f540449x511S11e30449x478S22a00526x518S2ff00482x483S1533e488x520S22a04494x538S10000524x486S2e732444x456S22a04450x538
troje,,3273,M528x527S13f3e480x498S10b51498x496S2e732473x474
trpeti,,3795,M523x578S30004482x483S21600496x520S20e00511x516S22f04484x564S10610489x530
trpeti,,721,M529x564S30d00482x483S2f900512x520S22f04504x550S20310509x530S21100490x550
trpeti,,991,M523x565S30004482x483S10a10491x521S20e00511x516S22f04486x551
trpljenje,,2594,M549x588S30d00482x483S2f900516x522S22f04509x551S20310514x532S21100454x559S20318474x537S22f14469x560S21100536x549S2f900476x526S2fc04495x577
trpljenje,,720,M530x564S30d00482x483S20310509x529S22f04505x550S21100488x549S2f900511x521
trta,,3251,M515x552S10008500x522S10014495x497S25300485x449
Tržič,,2593,M552x530S15801522x480S30000482x483S22610526x465S26a02533x503
tu,,3084,M513x522S10c50491x479S22f04488x508
tu,,703,M509x522S10c50492x479S22a04494x507
tudi,,1189,M530x524S1004a500x509S10040500x476S20600470x503
tudi,,125,M517x533S1004a487x518S10040487x485S20600483x467
tujec,,704,M535x532S1dc20465x474S19a00507x468S2df04472x511S28903505x497S26932533x492
tujina,,705,M543x530S1dc20458x470S2df02467x506S11540527x478S1154a497x485S20500505x472S20500520x472S26506528x510
tukaj,,129,M513x522S10c50490x479S22f04488x508
tuna,,707,M533x527S15a06506x515S18511475x499S37906467x521S28b0a483x474
Turčija 1,,1631,M542x518S2ff00482x483S1ec10515x472S26a04515x447S20600488x470
Turčija 2,,1384,M527x519S15a56500x507S17310502x481S20600473x493
turist,,4163,M533x533S19a00470x474S28a03468x504S26932501x500S1ed26514x467S22b04513x502
turizem,,4164,M542x547S19a00506x454S28903504x484S26932532x479S19a08459x461S2891b467x490S26932461x486S28903511x502S2891b462x510S26932540x495S26932458x507S2fc04495x536
turizem,,709,M516x529S28903485x502S19a00488x471S22e36512x498
turnir,,1626,M535x533S1c520505x468S1c508466x468S2e120489x504
Tvoj,,2958,M507x527S15a20495x500S25500494x473
tvoj,,21,M514x523S15a20494x496S26a00487x478
tvoj,,3177,M546x518S32100482x483S15a20527x487S25500518x462S25500533x461
tvoj,,348,M542x518S32100482x483S15a20529x487S25500529x461
tvoj,,37,M507x523S15a20494x496S26500493x477
U,U,1902,M508x515S11520493x485
ubiti,,356,M509x531S20310493x469S25504494x498S22e30492x488S2f900495x526
ubogati,,404,M522x528S15a14479x473S15a1c509x473S22a04509x505S22a14479x505S2f900511x523S2f900481x523
uboj,,2233,M541x555S20310525x505S2f900527x495S25604525x525S31000482x483S35630488x504
učbenik,,2018,M598x593S30005482x483S18510522x511S27100518x491S15a48561x533S15a40579x533S20500569x517S2a208575x565S2a210554x565
učenci,,3292,M584x537S30005482x483S18510522x511S27100518x491S1ed26565x491S22f04559x523
učenec,,3291,M584x552S30005482x483S18510522x511S27101523x480S1ed26565x491S22b04565x522
učenjak,,4177,M578x545S1c511519x462S30007482x483S20600528x494S1ed26559x484S22b04559x515
učenka,,3458,M577x531S30005443x482S18510483x510S27101484x479S1ea40554x510S33010516x484S20800565x500
učinek,,4071,M515x536S15a18485x464S10020500x487S20e00500x473S22a00501x521
učitelj,,2669,M547x545S18520489x494S18528458x494S22b04528x487S1ed26528x456S26a00490x519S26a10454x518S2fb04478x539
učiti,,2016,M558x518S30007482x483S18510522x493S27100518x473
učiti,,2017,M529x531S18527507x469S1852f475x469S26a00502x505S26a10471x506S2fb04493x525
učiti,,3308,M531x525S18501503x506S18509472x506S26a04504x488S26a14470x488S2fb00494x476
učiti se,,3995,M520x550S23624481x533S15a00500x501S15a08489x501S2ff00482x483
udariti,,1180,M531x523S15a1a478x511S20310516x477S28a03482x481S20500469x498
udariti 1,,1078,M516x532S15a48484x488S20342501x496S20b00493x469S26502501x518
udariti 2,,1079,M521x527S15a40501x474S2890e492x512S2f900479x506
udeležba,,2981,M543x539S17d48458x505S15310528x462S18551487x498S20a00492x524S28803503x472
uganiti,,3411,M590x578S30007482x483S10011518x490S1ce58542x515S1ce50568x514S22a00571x550S22a10550x551S2fb04560x572
ugodnost,,3410,M529x524S15d02475x477S23604472x507S21100516x508
ugotoviti,,2972,M536x540S1d420507x512S1d428465x512S22204509x508S22204484x509S2f900472x472S2f900517x470S2fb00493x460S22e00515x480S22e10468x481
ujeti,,3612,M532x534S1ec40509x486S1ec48468x487S20b00493x466S2d607505x512S2d61f476x512
ukaz,,3398,M521x547S1004a482x532S10040495x495S20500480x517S2c300495x466S2f900499x454
ukazati,,3399,M521x547S1004a482x532S10040495x495S20500480x517S2c300495x466S2f900499x454
ukrasti,,567,M533x533S14c22467x488S2df0e497x509S20304518x493S2f800486x468
uleči,,1462,M538x528S1dc02491x497S1dc0a462x504S2c307513x473S2c317471x477
ulica,,542,M533x532S1ce40511x469S1ce48467x469S26600513x502S26610472x502S2fb04493x525
umazan,,3400,M562x586S15d59491x540S15d51514x529S35630489x505S30e00482x483S20e00488x534S2c603535x554S2c603529x569
umetno,,3401,M542x537S30007482x483S11521515x477S2a00a512x516S26934524x512
umivati,,2859,M555x550S36b00482x482S15010523x483S15018452x485S27100515x520S27114443x522S2fc04493x539
umivati,,2860,M519x550S15a00486x500S15a00502x500S2ff00482x483S23610480x533
umobolnica,,2862,M634x563S26b03530x495S15a11512x472S30000482x483S1ed20605x522S1ed28571x523S20500594x508S26606604x547S26612569x547
umor,,702,M541x555S20310525x505S2f900527x495S25604525x525S31000482x483S35630488x504
umreti,,71,M535x533S15a57465x492S15a41482x477S2f900494x508S2a201515x510S21401472x468S20500503x497
umrli,,3859,M551x539S15a57450x498S15a41467x483S2f900479x514S2a201500x516S21401457x474S20500488x503S1ed26532x462S22b04531x494
uničiti 1,,2835,M533x525S20337483x494S20351480x504S20e00467x503S26607511x476
uničiti 2,,2836,M524x529S14c39498x472S14c52476x483S2ef02488x510S2f900511x501
univerza,,522,M562x530S2e503459x502S22b12497x514S20353463x471S20341450x487S1ed28498x489S1ed20536x489S22b06532x513S3780b439x486
univerza,,523,M562x534S2e503464x496S1ed58498x483S20353463x467S20341448x483S22b10502x504S22b00542x502S1ed50536x482S3780b439x483
upanje,,698,M543x524S18510518x496S2ff00482x489S20500514x482S30150495x477
upati,,48,M541x524S2ff00482x489S18510516x494S20500511x479S30150495x476
upepeliti,,4165,M571x533S1dc01473x468S1dc09439x468S22a14444x511S2fb04458x527S22a04475x509S21100429x511S21100492x509S18551544x483S18559511x483S21100547x508S21100523x509
upokojenec,,3460,M549x551S18240489x480S18248452x480S27102498x501S27112457x503S2fb04475x545S1ed26530x450S22b04529x483
upokojenka,,3461,M540x597S18240446x526S18248409x526S27102455x547S27112414x549S2fb04432x591S33010479x483S1ea40517x508S20800525x496
upokojiti,,3459,M531x536S18240507x465S18248470x465S27102516x486S27112475x488S2fb04493x530
uporabljati,,3936,M523x531S15d39491x481S15d51481x488S20e00477x469S26a07502x510
uporabnik,,2829,M540x538S15d39475x488S22b04520x494S20e00461x476S26a07486x517S1ed26521x462S15d51465x495
upravnik,,547,M549x534S1154a492x494S11520464x467S37906452x500S26506474x506S1ed26530x473S22b04529x504S21100458x506
ura,,198,M535x530S15a56508x471S37906466x476S10c50483x480S2f001486x510
ura,,646,M519x528S15a18481x478S1dc20492x472S22e04502x510
ura,,967,M526x524S10051496x503S20601477x486S20357498x476S3780b474x490
ura (ročna),,647,M525x524S3780b480x494S20357504x481S1ce51476x476S20500475x504
urad,,648,M555x541S15a37446x492S2d710492x523S20e00445x479S26507480x478S15a37501x494S15a31519x493S2d708516x523S1ea42461x459S26935527x529S26933508x528
uradno,,595,M526x534S15a37490x511S18552490x487S26a07505x467S20e00474x511
uredititi,,3403,M526x597S1ce20504x522S1ce28471x521S26c06508x561S26c16479x561S2fb04493x591S34600482x483
uresničiti,,3173,M579x528S15a37422x484S11551435x493S20b00428x514S14c21530x472S14c29498x473S20324564x484S20326477x486S26506542x505S26512498x506S2fb04521x522
uslišati,,4166,M640x561S14c21594x508S14c29562x509S20324544x519S26512556x540S26506612x538S20320625x518S2fb04585x555S33030513x493S2ff00477x483S18120524x486
usmerjati,,4133,M520x540S15d38485x461S15d40493x488S26501480x527S26500493x519S26507507x526S20e00508x479
usmiliti,,3213,M521x538S36d00479x463S10011484x473S10019456x473S28a03466x509S28a1b466x509S26932499x505S26936461x505
usmiljen,,2954,M521x538S36d00479x463S10011484x473S10019456x473S28a03466x509S28a1b466x509S26932499x505S26936461x505
usmiljenje,,2953,M521x538S36d00479x463S10011484x473S10019456x473S28a03466x509S28a1b466x509S26932499x505S26936461x505
usoda,,1292,M524x529S15a30477x488S10050503x499S27e05493x471S21100511x475
usoda,,3854,M516x537S21100503x518S15d38495x463S27e05485x515S10040494x479
uspeh,,2938,M537x527S20e00463x491S20341478x479S22205472x473S15d39476x504S2c603510x478
uspeti,,3281,M537x527S20e00463x491S20341478x479S22205472x473S15d39476x504S2c603510x478
usta,,1021,M531x538S33b00482x483S10000487x506S2e300508x511
ustava,,2819,M526x527S1dc20502x473S1dc28475x473S22a24495x512
ustvariti,,3228,M556x534S1531c541x499S28a17466x485S20330482x467S15314444x498S2fb04491x528S28a0f505x485S20330505x467
ustvarjalec,,3745,M565x533S14c21489x483S14c29457x484S2fb04478x527S26512447x515S26506508x513S20320520x494S20324436x498S1ed26546x468S22b04546x500
utrditi,,3313,M536x543S20349476x522S20341480x499S20e00464x512S2880e490x480S2880e499x462S2f900525x458S2f900514x479
utripati,,3404,M544x518S17400523x487S21e00529x476S2ff00482x483
utrujen,,4007,M537x590S18118509x523S18110480x523S22b14477x560S22b04506x560S21100524x574S21100461x576S30201482x478S30a30489x495
užaliti,,332,M528x533S1c511503x467S15a57481x510S20b00473x505
Uzbekistan,,4232,M538x540S20320521x495S2ff00482x483S2ea00523x515
V,V,1904,M508x515S10e20493x485
v,,1719,M513x527S10b20492x501S2c300487x473
v,,3161,M519x534S17644482x518S10b13488x483S28802489x466S26935507x471
v,,4059,M535x528S18159465x472S10051483x488S2d202512x509
v (črka),,215,M508x515S10e20493x485
v redu,OK,1974,M533x534S1d420503x483S1d428470x483S20500497x466S26606503x518S26612468x518
vabilo,,1387,M529x520S15d30510x494S15d38472x494S22214477x482S22214506x481
vabiti,,387,M529x529S15a38479x482S15a38509x482S21900478x471S21900507x471S26a04502x515S26a14471x515
vaja,,1386,M539x574S20330510x524S20330475x524S2e60b505x545S2e613463x545S36500482x483
vajenec 1,,2451,M536x530S37601464x471S20318470x471S11512472x497S2aa02508x493S20603469x511
vajenec 2,,2452,M526x527S37601484x473S20318490x473S20600475x516S15d02499x497S21410511x484
vakuum,,2847,M535x541S1542e505x460S15426467x460S26504513x486S26514472x485S2f900515x504S2f900473x503S1852e520x516S18526465x516S2fb04491x511
vakuum 1,,2453,M526x534S1542c511x467S15424474x467S26504510x498S26514477x499S2f900512x516S2f900478x517S2fb04493x528
vakuum 2,,2848,M536x602S1542e506x527S15426469x527S26504514x547S26514473x546S2f900516x565S2f900474x564S1852e521x577S18526466x577S2fb04492x572S32c00482x483
val,,2454,M530x537S14c50506x506S14c58471x506S26934476x497S2d000506x465S2d010471x464S26934512x497
valovi,,1351,M537x541S14c20514x510S14c28479x510S26934516x499S2ba00500x460S26934482x498S2ba10464x459
vam,,3199,M516x526S10e20492x474S2e836484x510
vama,,3200,M524x526S10e20480x496S26500477x475S10e20509x496S26500508x475
vampi,,2455,M570x520S36d10479x488S18501528x496S18509447x497S22215521x493S22213466x494S26a07549x481S26a11431x480
varati,,1147,M543x554S1ea07522x500S2ee00521x531S33100482x483
varati,,2458,M527x525S15a57483x502S18151503x487S21401494x475S20601473x495
varati,,2849,M534x524S20357466x492S20321485x476S20601478x505S37805502x490
varati,,3755,M582x589S1ea07520x499S2ee00517x529S33100482x483S15a37545x522S15a51555x531S15a31559x554S15a57547x562S20500569x523S20500566x578
varati,,4088,M543x565S1ea07522x500S33100482x483S2db06522x533
Varaždin,,2456,M529x526S14c11503x499S14c19472x499S20710482x475
varčevati,,2457,M518x536S1f822502x498S1f80a491x518S26a06504x464S20e00482x503
varnost,,3347,M530x523S20357509x478S10e21479x477S3780b485x493S20601471x500
varnostni pas,,2459,M529x536S1ec07474x477S36d00479x465S20500466x470S20500519x525S22b05493x499
varovanec,,2460,M530x523S20357509x478S10e21479x477S3780b485x493S20601471x500
varovanec,,2461,M546x534S20357493x489S10e21463x488S3780b469x504S20601455x511S1ed26527x466S22b04526x496
varovati,,253,M528x522S20357507x478S10e21476x478S3780b483x492S20601472x500
Varšava,,2462,M521x521S1f502480x479S26506502x488S20500483x510S20500511x509
varščina,,2463,M545x534S20357491x490S10e21460x490S3780b467x504S20601456x512S1f436530x478S21200511x467
varuh,,254,M546x538S20357485x493S10e21454x493S22b04526x491S3780b459x508S1ed26527x462S20500485x519
vas,,141,M520x528S10050494x498S2e93a480x472
vas (naselje),,1464,M530x528S26526515x513S26526493x514S15d19477x486S21910504x472S21910475x472S15d11502x486S26526470x514
vaša svetost,,4159,M569x518S30007482x483S18510518x485S28439524x455S15d20550x443
vaše,,81,M512x529S15a20495x472S2e308489x502S25540498x486S25540491x486
vata 1,,2464,M538x541S18510513x494S18518463x494S22214510x479S22214467x479S20600491x459S26a06506x514S26a12481x514
vata 2,,2465,M570x536S18501510x477S1852f467x474S20500494x508S26606505x520S26612466x520S2c300544x467S2c315430x470S22204523x466S22204465x465
vata 2,,2466,M576x523S18501549x493S1852f424x493S20500478x484S26506526x494S26512452x497S14c0a479x500S14c22493x477
Vatikan,,2467,M515x535S11510490x466S22b04490x505S22b06485x508
Vatikan,,3855,M547x533S11510459x467S22b04459x503S22b06454x506S11549500x496S11541514x495S20601494x483S26507534x520
vaza,,2468,M520x539S15a40506x461S15a48481x461S29b0c502x500S29b14480x500
važen,,2469,M533x604S10e31505x520S10e39471x526S35600482x483S2fc04495x593S2eb00518x555S2eb44470x561
važič,,2470,M564x609S22b04545x525S10e39469x529S10e01506x522S1ed26545x492S2fc04496x598S35600482x483S2eb00518x557S2eb44471x565
važno,,2471,M533x594S10e00510x525S10e08477x525S26a10471x567S26a00506x566S2fb04495x588S30c00482x483
vbadanje,,2472,M536x529S15a1a469x517S10003490x487S22f03515x471S20600465x500
vbod,,2473,M533x527S15a1a467x515S10003488x485S20500474x500S22a03520x473
včasih,,55,M518x532S2b900483x468S1ce50496x502
včeraj,,2474,M551x525S1f540531x501S2ff02478x483S2c305524x472
vdih,,2478,M541x556S33100482x483S14c52510x532S22a00524x517S20352523x494S2f900525x511S33a30504x496
vdova,,2479,M538x568S33010479x483S1ea10515x508S20800525x491S1f540452x504S2520c446x533
vdovec,,2480,M513x532S1f540494x468S2520c488x497
večer,,3472,M552x541S28a02508x519S15d00524x484S2ff00482x483S26931540x529
večer,,381,M542x550S28b02491x527S15d08460x486S2ff00482x483S28b1a473x528S15d00522x485S26931530x538S26933466x538
večerja,,379,M564x555S18500465x520S28903532x519S33b00460x482S26a04466x541S2ff00505x483S15d00545x486S26932560x515S21410544x476
večernice,,3799,M551x569S15a10536x542S15a18522x542S20500536x528S2f900524x531S30104515x477S2ff00449x486S15d00489x488S28803483x521S26932505x516S21410488x478
večkrat,,386,M519x534S15a18483x489S10011498x504S21901500x488S20f00481x466
večne zaobljube,,3856,M518x622S1ce48425x523S1ce10445x523S28a2a430x558S20800440x508S11500490x522S33b00482x483S11539480x582S11531493x581S22a04492x558S20500495x611
večni,,3094,M522x535S1ce48478x481S1ce40500x480S28a2a485x518S20800494x466
večno,,3141,M522x534S1ce48478x480S1ce10500x479S28a2a485x517S20800495x466
večno življenje,,3800,M563x550S2f900504x504S18001533x486S2f900534x507S18009492x481S23610484x515S23600524x520S2fc04517x539S1ce48438x473S1ce10458x473S20800455x507S2892a445x450
večnost,,2956,M522x528S1ce48478x474S1ce40500x473S28a2a485x511
vedeti,,3480,M542x518S2ff00482x483S10011521x487S20500510x475
vedeževalec,,3858,M594x559S1440a466x532S14440490x499S26500492x475S2ff00445x483S30b30452x493S21e00556x471S17600554x479S30007519x483S1ed26575x497S22b04575x529
vedno,,255,M514x520S19a50486x480S2e73a488x504
vedno,,45,M548x549S19a50520x506S2ff00482x483S2e73a522x533
vegetarijanec,,2481,M538x561S18500507x522S26a00509x543S33b00502x482S20e00452x547S1f526474x519S22f04468x547S30004462x483
veja,,1209,M531x532S14c28469x501S13d11492x494S20800489x489S2890a502x468
veka,,2483,M554x524S31610482x483S10002523x491S26506539x510S21100524x510
vekomaj,,2955,M522x534S1ce48479x480S1ce10499x480S28a2a486x517S20800495x466
vekomaj,,4062,M524x590S1ce48479x536S1ce10499x536S28a2a486x573S20800496x524S33500476x483
Velenje,,1199,M512x532S10e20494x502S2e500489x468
velik,,1069,M531x526S14c10503x495S14c18474x495S20500496x480S2880a509x475S28812470x475
velika sobota,,4100,M519x563S22622476x518S14412488x521S2ff00482x483S14c40441x512S14c48410x512S28912407x548S2890a440x547
velika_noč,,2947,M552x591S2fb04493x585S10a00527x500S10a08460x501S2a802528x534S2a813451x534S33000476x483
veliki četrtek,,4098,M552x564S30005482x483S26a06536x533S20e00520x497S21700516x512S10602526x512S14c40450x513S14c48420x513S2890a447x549S28912413x549
veliki petek,,4099,M518x582S10010488x521S33b00482x483S26c02489x555S14c40443x519S14c48412x519S2890a442x556S28912409x557
veliki šmaren,,3943,M572x546S20600550x464S37600523x497S2fb00527x455S20600499x465S28809469x514S15a01506x479S15a07542x478S15040467x477S15048429x477S28811435x514S2fb04455x540
veliki teden,,4101,M557x543S15d59534x497S1d451513x458S20500523x499S20500540x484S14c40477x489S14c48448x490S28912444x528S2890a477x528
veliko,,1110,M532x514S18530507x499S18538469x499S22214508x487S22214472x487
velikonočni ponedeljek,,4105,M559x591S2fb04458x585S10a00492x500S10a08425x501S2a802493x534S2a813416x534S33000441x483S2ff00523x483S15a10535x486S22b04534x522
ven 1,,1076,M533x531S18250468x516S15a50521x470S2c607492x497
ven 2,,1077,M534x570S30004482x483S22e00490x552S1ed06492x522S2b700515x522
vera,,3162,M531x526S1d448469x498S1d440502x493S22f04506x474
verjeti,,63,M540x563S15a01515x479S22a04521x506S15a37504x526S15a31517x533S20500512x552S30007482x483S20500502x470S36520496x506
vernica,,3164,M539x557S1d448410x529S1d440441x525S22f04444x506S33010479x483S1ea10516x509S20800526x495
vernica,,3838,M542x546S1d448404x518S1d440437x513S22f04441x494S1ea10519x506S33010479x483S20800525x494
vernik,,3163,M550x531S1d448451x496S1d440484x491S22f04487x470S1ed26531x469S22b04531x501
vernik,,3260,M574x563S15a01517x481S30007482x483S15a37504x529S15a31519x535S20500516x552S20500505x471S22a04524x509S35010496x504S1ed26555x485S22b04555x516
vernik,,3837,M547x540S1d448453x484S1d440486x479S22f04490x460S1ed26528x479S22b04528x510
verniki,,3165,M550x535S1d448450x492S1d440483x487S22f04489x521S1ed26530x465S22f04525x497
verniki,,3261,M575x563S15a01517x481S30007482x483S15a37504x529S15a31519x535S20500516x552S20500505x471S22a04524x509S35010496x504S1ed26555x485S22f04550x518
veroizpoved,,4102,M545x550S1d448407x522S1d440440x517S22f04444x498S33b00482x483S10000519x508S2c300519x482
verouk,,3772,M558x554S30005482x483S18510522x511S27100518x491S1d440448x522S1d448416x526S22f04447x504
verouk,,3773,M563x542S18527542x481S1852f509x481S26a00536x513S26a10506x513S2fb04527x536S1d440467x477S1d448438x483S22f04467x458
verovati,,2963,M542x563S15a01517x481S30007482x483S15a37504x529S15a31519x535S20500516x552S20500505x471S22a04524x509S35010496x504
verovati,,697,M530x525S1d448470x481S1d440500x476S22f04505x511
verska resnica,,3809,M557x535S1d448444x489S1d440477x484S22f04481x465S15d39517x502S11551528x510S20b00544x496
verski nauk,,3756,M567x540S1d448434x484S1d440467x479S22f04473x461S18520538x493S18528509x493S2fb04532x534S26a00540x515S26a10508x515
ves,,3154,M531x537S15d59483x489S19a51469x471S2a20f508x516S20601498x463
ves dan,,3395,M527x537S1ce10488x464S28f0a473x500
vesel,,1404,M533x537S18002511x485S1800a473x486S20e00507x525S20e00480x525S22f00508x464S22f10468x464
veseliti,,3187,M534x593S18002512x545S1800a474x546S20e00509x580S20e00482x581S22f00509x524S22f10469x524S31a00482x483
vesolje,,3244,M576x518S2fb00537x432S14c20547x464S14c28519x464S30000482x483S32110492x492S28809556x440S28811514x440
vesoljna sodba,,4103,M567x548S11540544x453S11548509x472S23200541x491S23214504x515S2fc04532x537S15d48433x473S19a00456x487S20500456x470S2890a457x514
vesoljni cerkveni zbor,,4171,M603x551S10b11491x450S10b19444x463S28903483x485S28903496x502S2891b455x495S2891b444x512S2fc04476x540S26932509x482S26932522x498S26932451x491S26932440x507S15a10412x461S15a18397x461S22b20404x493S14e11575x461S14e19539x461S28903569x496S2891b541x496S26932595x492S26932537x492S2fb04559x529
vesoljni potop,,3774,M554x543S23c1e497x506S14c58500x472S23c06527x506S2fb04517x533S14c50527x472S11550470x472S11558449x473S2890c474x513S28914446x514S26931468x506S26933454x506S20500461x458
vi,,78,M520x525S10050496x495S2e936480x475
vice,,4115,M552x547S11541469x500S20e00480x485S11549448x493S26a07490x526S18512536x453S15212521x505S2b101524x482
video,,3452,M528x532S11550512x502S11558473x502S2e736503x479S2e746473x479S2fb00494x468
videti,,2752,M536x533S26500522x482S10e00521x503S31410482x483S20500501x498
videti,,988,M518x554S26500491x539S10e00491x501S31400482x483
vidni in nevidni svet,,4193,M540x572S19c0a464x487S14c50515x461S14c30461x428S14c50516x497S14c50462x541S2e732486x477S2e732461x462S2e732486x497S2e732461x519
vidva,,667,M512x538S1dc31489x462S27102495x498
Vietnam,,4204,M508x534S10e20492x466S29904494x502
vijolična,,2555,M543x518S10000523x465S2ea32518x503S30007482x483
vijolična,,2556,M540x533S10020521x471S2ff00482x483S2df02521x509
vikar,,3680,M520x601S15a56447x520S15a30452x544S21404451x538S2c300449x578S26506498x548S1f010491x528S36a00482x477
vikend,,3586,M513x527S1ce50491x497S23000488x474
vilica,,1307,M536x522S10e13506x479S15a36493x510S2d60c468x494S2d60c465x481
vinjen,,1308,M541x518S10e10523x472S30d30486x496S2e300518x441S30007482x483
vino,,1309,M536x570S2eb00521x538S10e10518x503S30005482x483
Vipava,,1310,M529x543S10e10487x513S2ff00482x483S20600507x519
vir,,1311,M542x586S10a30526x526S26604526x556S36500482x483
viseti,,3405,M514x524S10a10493x498S26a04487x477
viski,,1313,M527x526S10e21497x474S10e29474x474S22e24492x508
viski,,999,M526x533S10e07475x500S10e0f496x500S20500497x522S22e00509x467S22e10475x468
visok,,2234,M526x532S15a40512x505S15a48477x505S22b00510x469S22b10475x470
visok,,2235,M508x531S15a50494x504S22b00492x469
visoko,,1244,M512x535S10010489x505S25100494x466
visoko,,3987,M542x518S32100482x483S18210516x478S22a00529x499
vitamin,,1314,M534x538S10e00493x508S2ff00482x483S20600512x514
vključiti se,,3579,M517x548S15d0a483x529S14c00491x452S2c304490x487S18552496x516
vlada,,1506,M531x529S20350510x493S20358475x502S26c00504x472S26c14470x484S2fb04492x523
vlada,,1507,M565x529S20351523x489S20359459x490S36d10479x480S27107538x472S27115438x471S2fc04492x518
vlagatelj,,1317,M537x548S17d48463x508S18552476x478S20a00471x533S22f04472x455S1ed26518x453S22b04518x483
vlagati,,1316,M517x547S17d48483x507S18552496x477S20a00491x532S22f04492x454
vlak,,3380,M536x521S2034f465x481S20341495x479S2ea01515x499
vlažno,,1318,M530x535S10e51500x488S10e59483x510S20600471x501S22f04493x465
vleči,,1319,M536x532S20339503x472S20337485x490S26623465x510S2f900525x469
vljuden,,1320,M518x552S2ff00482x483S10000488x522S20500495x485S20500496x505
vloga,,1322,M564x531S1ea10541x510S1ea18510x510S2b700541x473S2b711512x474S22e30546x498S22e30509x499S10020470x501S10028447x501S24302470x469S2431a437x470
vloga,,4046,M530x534S17d48480x503S18041498x476S22f04505x520S36d00479x466
vnebohod,,3794,M539x554S22b27515x501S32107482x483S15a38487x527S15a30503x527
vnebovzetje,,3393,M543x557S15d30524x531S15d38501x531S22b27519x503S32107482x483
vnebovzetje,,3848,M559x559S17f30505x530S17f38483x530S22b27520x520S20330527x500S32107482x483S20330544x500
vnuk,,1323,M558x531S36d10479x487S15a31526x508S2ba01527x469
vnukinja,,1324,M585x582S36d10437x538S15a31484x559S2ba01485x520S33010521x483S1e610562x501S20800566x484
voda,,546,M547x564S19a00519x515S20e00522x499S26a06524x537S30005482x483
vodič,,1326,M540x551S20800461x526S15a56472x539S1d450465x505S22b04521x521S1ed26521x489S2dc16478x449
voditi,,311,M518x536S20800483x512S15a57495x513S26520494x464S1d452487x488
vodja,,1325,M537x536S20800464x514S15a57475x513S22b04518x496S26520476x466S1ed26518x464S1d452467x487
vohun,,1327,M552x582S33100482x483S2a530491x549S1ed26533x490S22b04533x520S1e131487x517
vojak,,1328,M558x532S36d00479x487S20300505x502S20500508x521S1ed26539x468S22b04539x501
vojna,,1329,M552x531S36d00479x470S10010537x471S10018527x476S22e24532x513
vojska,,1330,M521x523S36d00479x478S20300506x491S20500510x512
Vojvodina,,1331,M530x530S10e49471x497S10e47499x505S2eb27506x471
vol,,1463,M545x518S19a40516x488S19a48456x489S2ff00482x483S20500511x472S20500482x473S26607523x463S26601456x464
volitve,,1101,M548x538S1d450510x462S1d458463x471S2fc04493x527S23610452x508S23604509x497
volja,,90,M524x532S1815a479x491S18150493x503S21100493x470S26500477x469S20800514x505
volk,,3973,M513x539S15020488x508S26500492x488S20320492x462S2f900493x482
vonj,,994,M518x557S26606484x541S11512483x523S33100482x483
vonjati,,1332,M525x540S10000480x510S33100476x483S20500498x498S33a30518x496
voziti,,2741,M543x528S20300507x499S20304479x499S26500507x472S37703521x506S3770b458x505S26510479x473
voznik,,3442,M557x547S20301495x483S20305454x483S23607496x517S2361b444x516S1ed26538x453S22b04537x485
vožnja,,2224,M543x528S20300507x499S20304479x499S26500507x472S37703521x506S3770b458x505S26510479x473
vožnja,,3443,M534x524S20307495x503S20303467x503S26507521x488S26517491x488S2fb00506x476
vpis,,1335,M533x524S15a37477x501S18551484x477S20500468x497S28903503x493S22e32531x488
vpiti,,1336,M578x519S34400482x483S1ec40521x500S1ec26559x464S26507542x487S30c30489x488
vpliv,,1337,M529x528S20357508x482S18550479x486S20601472x506S21e00484x472S3780b484x498
vplivati,,1338,M535x527S15a06508x506S18550500x487S37700521x502S21e10500x473S20610466x503
vprašaj,,1339,M515x559S10a20486x441S29f0c495x473S10a20489x513S26500500x544
vprašanje,,696,M552x518S33b00482x483S1d402522x488S2c300526x460
vprašati,,390,M552x518S33b00482x483S1d402521x490S2c300526x461
vrabec,,1340,M596x557S1f020480x519S30004482x483S22224527x524S15a27568x534S15a21533x534S22224458x522S22224578x525S2f700553x511
vrana,,1341,M631x583S2ff00482x483S15a01510x469S26803478x485S15a21543x514S15a27608x514S3770b590x533S37703561x532S23724569x562
vrat,,1342,M532x530S36a00482x477S17d02517x504S22a04493x515S21100475x515
vredno,,3196,M535x533S10e00514x467S10e08468x467S26a10465x504S26a00508x505S2fb04492x527
vredno,,4078,M525x521S15d39476x479S1ea31497x485S20600485x510
vredno,,4140,M526x525S1ea41498x485S15a37481x476S20601474x506
vreme,,1237,M540x549S14c10516x469S14c18462x469S2ff00482x483S2e100517x511S2e110461x511S2fb04495x543
vrh,,3962,M520x534S18219488x517S10c12498x489S22a04505x467S20500481x505
vrniti,,978,M530x534S2fb04493x528S22e10470x466S22e00513x466S10e04514x493S10e0c471x493
vrniti meni,,733,M530x533S10e50514x490S10e58471x491S22e04513x467S22e14471x467S2fb04493x527
vroče,,921,M530x575S1c500484x519S30004482x483S2df0e496x551S30c30490x490S2f900519x554
vroče,,922,M518x518S19a10457x477S21100463x459S26506481x459S30000482x483
vročina,,923,M554x586S15a02480x481S30000447x483S20700506x571S36d00512x511S37909501x515S15a44510x531
vrtec,,3997,M541x538S10020516x470S10028471x463S23600502x507S23614459x496S2fc04492x527
vrtljaj,,2804,M512x532S10030492x502S2e50c489x469
vrtnica,,1392,M618x573S2fd00555x482S17630492x531S21d00492x521S1f440568x545S1f448535x552S26a06604x539S22214569x535S33100482x483S22214542x542S22b00573x496S22b10546x504S26a12516x546
vrtoglavica,,1393,M568x535S2ff00482x483S20500506x471S10011517x486S10000547x484S2eb3e536x519
vsak,,1394,M514x524S19a00486x476S2df0e492x500
vsak_dan,,2992,M542x518S2ff00482x483S20340521x497S21e00522x485S26a00515x463
"vsakdan, vsakdanji",,104,M545x531S2ff00482x483S17440520x498S26a00518x517S21b00529x485
vsakdo,,1395,M534x526S19a00466x478S2df0e472x502S1ed26508x475S23404497x507
vsako leto,,1396,M540x540S19a02496x462S19a0a488x494S2eb00525x461S2eb44461x491S2fc04504x529
vse,,1397,M563x535S36d00479x466S1cf20536x470S21b00531x474S24e04540x505
vse,,261,M531x530S2d710469x500S15a51472x471S2d708490x501S15a57508x471S2fb04492x524S37c0b505x508S37c03483x508
vsebina,,3230,M527x534S17d48473x519S18542488x488S22f04483x466S20a00509x509
všeč,,1014,M518x558S20e00477x518S30004482x483S21600496x520S10600489x532
vseeno,,377,M518x564S2ff00482x483S18200489x531S26a00490x550S22210490x521S20e00468x511
vseeno,,4028,M566x555S18112465x525S1811a443x537S1811a515x526S18112537x538S26506482x540S26512516x541S20e00447x520S20e00548x521S34200482x483
vsemogoči,,2940,M565x534S2d710436x504S15a51441x473S2d708457x505S15a57470x474S2fb04459x528S37c0b472x512S37c03450x512S11510544x467S11518514x467S23004540x504S23014509x504
vsesti se,,4201,M515x530S15a50485x471S15a50502x471S22a04502x503S22a14485x504S2fb04492x524
vsesti se,,4202,M535x535S1e250513x509S1e258466x509S2d200505x479S2d211470x479S2fb00494x466
vsi,,3147,M529x532S15a51502x468S15a59475x468S2df08508x499S2df10472x501S2fb04494x526
vsi,,3270,M550x554S2d710451x524S15a51454x495S2d708472x525S15a57490x495S2fb04474x548S37c0b487x532S37c03465x532S14c20523x470S2e836518x447
vsi,,376,M519x523S15a51486x478S2d608490x508S37c03482x513
vsi sveti,,3808,M518x560S2ff00482x483S2e836484x442S10c12486x463S15d51442x513S15d59416x514S2d708433x542S2d710409x542S26933425x548S26935443x548
vsi sveti,,3897,M518x557S15a51448x512S2d608452x542S37c03444x547S2ff00482x483S10c12487x462S2e702488x442
vso noč,,2279,M522x529S15a1a478x506S18120508x500S2c300496x471
vso noč,,2281,M528x531S15a1a486x485S18120504x502S2b700509x474S18152472x470
vsrkavanje zraka (skoz nos),,1172,M524x518S33600476x483S33110499x493
vstajenje,,3236,M566x552S15d38519x526S15d30547x526S22b00544x494S22b10523x494S32100482x483S2fb00534x485
vstati,,3074,M537x525S20500493x490S11830522x475S11851483x505S15d39464x492
vstati,,4058,M548x579S15a31519x546S15a31505x552S32100512x483S36d00452x524S1ce11445x534S20b00452x566S36d00506x524S22a27511x532
vstati,,560,M518x531S15a30482x504S15a30506x504S22a00505x482S22a10482x483S2fb00492x469
vstati od mrtvih,,3803,M566x552S15d38519x526S15d30547x526S22b00544x494S22b10523x494S32100482x483S2fb00534x485
vstaviti,,974,M531x522S17644470x506S18510506x484S28803472x483S26932494x479
vstop,,3000,M528x536S15d5a472x498S10e10504x506S2c300502x475S21400505x464
vstopiti,,2980,M528x536S15d5a472x498S10e10504x506S2c300502x475S21400505x464
vzeti,,3293,M512x538S14c40488x462S26504493x500S20340493x523
vzeti,,792,M512x538S14c50488x462S26504493x499S20350493x523
vzeti,,958,M515x547S15a36488x535S14c50486x454S26604491x489S20350492x525
vzgoja,,2370,M521x533S10e30479x503S10e38506x503S22a00506x479S22a10481x479S2fb00492x468
vzhod,,1126,M524x535S15a56476x485S18100507x477S2a600507x512S21410503x465
vživeti,,3406,M570x531S1c551445x469S15d59435x503S2c603469x492S20e00430x497S18552551x478S1855a503x478S26504541x515S26514500x515S21100557x517S21100518x516
vzorec,,3371,M521x554S15d39479x531S11e51481x500S13f51487x447S20500511x529S22a00488x476
vzrok,,786,M530x518S22a06514x505S1ed20504x482S1ed28471x482S22a12473x505
vztrajati,,1080,M531x543S20349483x522S20341482x498S20e00470x515S2c603499x476S2c603504x458
W,W,1906,M509x515S18620491x485
X,X,1911,M513x513S10a20487x487
Y,Y,1909,M514x510S19a20486x490
Z,Z,1908,M520x520S10020480x490S2450a489x481
z,,3071,M509x521S1f43e494x492S22204491x479
Ž,,3332,M522x517S11520478x487S2450a491x483
za,,1416,M522x527S18240498x512S18248479x494S2d807488x474
za,,193,M519x527S15a06492x495S15a00498x500S22a00498x473S20e00481x510
žaba,,3487,M532x531S14c57504x503S14c5f471x504S2b901506x469S2b910469x469
zabava,,1415,M533x542S1dc40509x475S1dc48468x475S22f03512x521S22f15470x521S2fb00494x458
zabit,,4041,M531x518S30000482x483S20310516x476S20600489x469S37700523x490
začetek,,695,M521x520S15d39479x481S15d51486x485S20e00506x482S26505508x507
začeti,,3545,M521x520S15d39479x481S15d51486x485S20e00506x482S26505508x507
zadaj,,3984,M517x523S21100490x479S15a00484x496S22a04504x478S15a02487x502
Zadar,,1417,M521x524S36d00479x476S20301481x487S20600479x513
zadek,,1226,M529x538S36d10479x463S2fb06523x488S2fb02468x488S15a23498x499S20600496x527
zadeva,,1418,M534x544S1003a474x491S10620505x482S20800490x472S2c300508x515S2fb00493x456S2c314467x520
zadnja večerja,,3769,M583x577S2b706429x561S19a10406x537S20500415x525S15d49387x522S2ff00449x482S15d00490x480S28903477x513S21410489x469S33b00516x483S1ea00555x508S26b04556x533S26932504x509
zadnji,,1419,M531x528S2b706511x512S19a10488x488S20500497x476S15d49469x473
zadnjič,,1420,M527x521S28a03477x492S15a00515x479S15a06474x497S22e36509x487
zadnjica,,1605,M531x531S15050505x469S15058469x469S2c324485x507
zadostno (ocena),,1421,M526x525S15a36499x513S1dc40502x475S20b00475x499
zadovoljen,,1049,M522x537S15a56488x464S18150495x479S2c300478x514S21100509x519
zadrga,,1426,M525x548S1ea19478x517S36d00479x452S1ea11497x503S22c00493x463S20500496x537
zadušiti,,1427,M524x584S36a00482x477S1e101485x527S26504492x560S20500514x511S2f900493x579
zafrkavati,,3768,M517x524S1c520484x476S26a00490x510
Zagreb,,1428,M524x531S10e02482x495S20500476x520S20500514x519S26606486x469
Zagreb,,3945,M525x517S11902479x483S20500476x506S20500503x506S26506510x484
zahod,,1125,M525x535S15a56476x498S18104508x478S2a603507x512S21410510x465
zahtevati,,1297,M525x522S15a18475x479S10a10497x496S20610491x478
zahvala,,2925,M535x539S26500521x492S15a00522x512S30004482x483S26500520x474
zahvaliti,,1429,M518x578S30004482x483S15a00487x551S15a00505x551S25500504x524S25510486x525S32110491x491
zahvaliti,,3282,M518x570S30004482x483S15a00487x543S15a00505x543S26510486x523S32110490x491S26500503x523
zahvaljevati se,,3007,M534x565S32110490x491S25500521x542S30004482x483S25510484x543S15d01503x519S25500507x542S25510469x543S15d09476x519
zahvaljevati se,,3188,M536x533S26500522x488S15a00523x506S30004482x483
zahvaljevati se,,3189,M531x565S26a10468x551S15d09475x523S30004482x483S15d01502x523S26a00504x550
zaimek,,1430,M536x536S15a06465x482S15a00471x487S20e00470x467S22a00470x521S11502502x484S26606506x464
zajec,,1406,M533x518S2ff00482x483S20500519x495S20500471x497S11520517x462S11528468x462S22224515x452S22224470x452
zajtrk,,382,M587x570S18500487x521S1da0a526x534S34700482x483S26a04492x541S20e00534x558S2ad10529x508S1da02558x534S2ad01573x508S20e00571x556
zakaj,,435,M513x521S14c01487x479S20600490x510
zaklad,,1432,M574x552S1ea01464x500S1ea09427x501S23024447x534S19a02551x496S19a0a515x496S27a02546x459S27a0a511x460S20500537x449
zakleniti,,1433,M513x523S1ea50487x502S2ed09494x477
zaključek,,914,M533x535S1ea38469x466S1ea30509x466S2a206512x495S2a21e467x495S2fb04493x529
zakon,,323,M544x522S10020457x488S2450a460x479S20500506x497S18200521x492S20500506x511S20500506x484S15a18492x492
zakon,,3767,M519x535S15a37481x465S15a51492x474S15a31496x499S15a57485x508S20500507x465S20500504x524
zakrament,,3766,M536x573S32100482x483S15d39442x490S25605458x508S15d39481x539S11e51506x533S20b00499x560
zakrament,,3863,M545x553S32107482x483S15a36483x530S15a32494x524S20500511x542S26203521x493
zakristija,,4170,M565x538S1ce20469x463S1ce28436x462S26c06473x502S26c16444x502S2fb04458x532S15d39514x472S15d31526x470S2d708526x507S2d710505x507S26931540x514S26937518x513
žalitev,,694,M524x524S1c542492x476S15a56497x512S20b00477x502
zaljubiti se,,414,M521x531S2ad01498x491S1dc01471x482S36d00479x470S20e00475x519
zaljubljen,,416,M521x529S36d00479x471S1dc01468x481S20e00474x517S2ad01494x488
žalost,,450,M551x563S2f804513x552S10010526x490S22b04526x524S30d00482x489S21410527x476S30154495x476
žalovanje,,1158,M552x545S2ff00482x483S1d410523x483S1d418449x483S28b1a469x522S28b02488x523S22e32532x528S22e32468x528
žalovanje,,3807,M542x546S1ce10519x466S2ff00482x483S28b02491x521S26931530x534S26937465x533S1ce18458x467S28b1a473x521
žalovati,,3205,M540x518S30000482x483S20301519x476
žalovati,,3211,M540x518S30000482x483S20301519x476S30a30489x493
zaman,,4053,M544x573S26707503x542S15d39492x535S20e00480x525S15d51480x543S2f900533x533S30d00482x483
Zambija,,1434,M529x522S15a11471x479S15a19506x481S37600488x499
zamenjati,,4198,M525x532S1f520501x474S1f528476x468S2e700509x496S2e744476x491S2fb04493x526
zamenjati,,891,M517x536S2df22494x512S10008484x465S10020502x473
zamolčati,,1435,M518x568S2ed00497x545S1ea10490x520S33b00482x483
zaničevati,,1436,M519x535S15a40481x483S15a50500x482S20e00489x465S22f04494x521
zanikati,,1437,M547x537S15d02507x481S15d0a467x481S2d301508x514S2d310453x513S36d00479x464S2fb04494x511
zanimivo,,1224,M525x526S36d00479x474S19a52505x483S20600503x515
zanositi,,745,M518x552S36a00482x477S20500495x514S11200488x529
zaobljuba,,4104,M559x571S11500490x520S11531534x544S11539520x544S20500535x530S33d00482x483
zaostajati,,1459,M543x540S1f540479x474S1f548458x460S26505499x500S26505515x513S26505530x527
zapeljati v greh,,4119,M521x539S20331440x487S2033b427x499S26623407x517S1ce11473x471S36d00479x462S20600479x504
zapestje,,1438,M540x531S1815a511x486S37906461x493S1d050493x472S20800482x469S21100469x514S2c500486x507
zapomniti si,,1439,M542x518S18510517x488S2ff00482x483S20500506x474
zapor,,1440,M571x529S20321430x490S20325462x491S37600445x505S1ed20541x510S1ed28505x510S26606541x491S26612502x491S26520450x471
zaposliti,,1441,M558x537S17d48442x493S14b50474x499S20700469x463S26602467x521S20302520x505S20300520x485S20602548x489S22f04513x465
zapraviti,,1442,M533x530S14c39483x503S14c57507x479S20e00467x495S26607480x471
zapraviti,,2828,M552x548S20e00527x536S14c50528x494S14c38505x508S21400532x485S26500532x461S2f900533x452S1ea00466x490S21100449x470S23620464x468
zapravljanje,,1443,M534x528S14c39483x501S14c57508x475S20e00466x491S26a07475x472
zapreti,,1444,M528x533S15a40516x493S15a48473x492S26902507x468S26916474x469S2fb04494x527
zapreti,,1448,M522x526S15a06478x492S15a40510x475S20500486x478S26902503x510
zaprt (zapor),,1447,M527x530S37600488x507S20351473x491S20357506x491S22a04476x471
zapustiti,,1449,M526x527S2c327501x473S1dc20498x497S1dc28475x488
žara,,3867,M513x539S15416488x504S15412487x483S22a04493x462S22a10494x524
zardeti,,1726,M518x541S1ed06493x468S25000490x505S2ff00482x483
zaroka,,3765,M530x525S14c5a471x501S1d041495x476S20800479x485S26503517x502
zasebnost,,1454,M518x553S30004482x483S20300492x520S20e00474x514S22f04487x539
zasedno,,1455,M531x536S14c50507x480S14c58470x480S21600515x465S21600478x466S22a24495x521
zasluga,,1456,M529x535S15a36471x523S19a01493x501S20e00477x509S2890e500x465S2890e494x481
zaspati,,3305,M551x518S31600482x483S1f410522x492S1f418451x492S22204520x483S22204470x482
zastaralo,,1457,M539x545S30004482x483S1ec06490x522S20600517x513
zastava,,1458,M514x557S15a56487x528S37900507x514S15a40502x488S27202490x443S20500491x546
zastonj,,4054,M532x524S26707491x493S15d39480x486S20e00468x476S15d51468x494S2f900521x484
zato,,3131,M526x531S20320509x469S20324475x470S2a00a495x499S2a012478x499S2fb04491x525S22e33514x492S22e35474x491
zato,,3618,M515x526S20320499x475S2a00a485x505S22e33503x498
zaupanje,,49,M535x531S2ff00482x483S15a40521x485S15a48467x485S26500521x515S26510466x516
zaupati,,388,M536x532S2ff00482x483S15a40522x485S15a48466x485S26510465x517S26500522x516
zaupno,,3407,M542x568S33b00482x483S10010516x502S22b04517x538S22b06512x542
zavetnik,,3358,M541x536S18150499x507S18158459x506S2b711464x472S1ed26522x464S22b04522x495S2b700488x473
zaveza,,3295,M556x555S1d010533x445S1d048445x525S1ce10493x486S1ce48479x492S22a03520x475S22a17470x525S20a00486x464
zavezati,,1255,M555x538S1ea51505x493S1ea59466x502S2f011470x476S2f001508x463S26506540x496S26512445x510S2fc04497x527
zavezati,,1634,M537x531S1ea51504x477S1ea59469x470S2e700503x506S2e744481x501S26506522x508S26512463x509
zavrniti,,1207,M526x528S20322474x513S20320499x513S2f900515x487S26517483x496S26507509x495S2f900490x486S2fb00502x473
zavrniti,,3105,M526x525S20300475x510S28109495x484S2f900515x475
zavzeto,,3764,M537x570S10a10520x511S33b00482x483S22e04520x544S2f900523x565
zbežati,,1667,M527x531S15a57474x493S15a41504x495S2d202477x469S20b00492x513S21404512x526
zbrati se,,3826,M531x535S11810515x466S11818469x467S28903502x508S2891b473x508S26932529x504S26932469x504
zdaj,,640,M533x525S19a30505x475S19a38468x475S2fb04494x519S22f04507x502S22f14469x502
zdrav,,3321,M534x537S1d402506x496S1d40a470x497S22f00509x476S22f10467x476S20e00514x525S20e00478x525S2fb00494x464
zdravilišče,,4112,M574x537S1d402466x496S1d40a430x497S22f00469x476S22f10427x476S20e00474x525S20e00438x525S2fb00454x464S15d51544x499S15d59509x499S2eb36542x476S2eb4e505x475S2fb00531x466
zdravilo,,1532,M517x530S15a37494x507S20341489x489S21200484x470
zdravje,,2437,M534x537S1d402506x496S1d40a470x497S22f00509x476S22f10467x476S20e00514x525S20e00478x525S2fb00494x464
zdravnik,,3086,M525x527S1d452493x474S15d59502x504S20600476x501
zdravstveni tehnik,,3903,M576x539S1d402464x493S1d40a428x494S22f00467x473S22f10425x473S20e00472x522S20e00436x522S2fb00452x461S15a37502x515S10e24505x492S15a37531x516S10e34547x492S20500525x503S20500566x504
Združene države Amerike,,774,M530x531S14c02499x493S14c0a470x488S20700490x516S2e75e488x469
združiti,,3285,M550x527S1d010527x473S1d048451x473S1ce10498x473S1ce48481x474S20a00493x512S26502529x510S26516462x511
že,,2907,M520x516S15a37497x493S15a41492x485S20b00480x496
že,,2908,M520x516S15a37497x493S15a41492x485S20b00480x496
že,,2909,M520x516S15a37497x493S15a41492x485S20b00480x496
žejen,,1015,M518x570S36a00482x477S1ed0e491x525S22a04505x555S21100490x555
zelena (barva),,2482,M518x561S30004482x483S1f526494x519S22f04488x547S20e00472x547
želeti,,365,M535x532S2fb00492x468S26a14467x481S26a04504x479S15031507x505S15039465x504
želeti,,3683,M551x576S36100482x483S14e00526x500S27102533x536S21410528x488
želja,,3008,M536x533S26a14467x483S26a04506x482S15031508x505S15039465x506S2fb00492x468
zelo,,2884,M529x523S20302506x508S20304478x508S26a00502x489S26a10471x490S2fb00493x477
zelo,,3212,M532x569S20302476x543S20306512x542S2f900515x564S26a10469x523S26a00505x522S2f900478x564S30a00482x483
Zemlja,,172,M538x550S28b0c518x482S28b14462x482S20500496x539S20500494x450S15a38503x507S15a50484x464S15a50501x464S15a38485x508
zemlja,,130,M531x517S18558470x484S18550506x484S21100482x503S21100507x502
žena,,2415,M639x556S21400567x510S20500567x545S21400605x509S20500608x545S15a37549x531S15a51568x519S15a31616x533S15a57595x518S33010479x483S1ea10517x507S20800524x491
žene,,1715,M577x529S33010479x483S22f04552x512S20800522x486S1ed26557x481S1ea10516x508
ženin,,3864,M540x589S15a37435x519S15a51446x528S15a31450x553S15a57439x562S20500461x519S20500458x578S30007482x483S14721519x484S20600502x468
ženska,,187,M541x528S33010479x483S1ea40518x507S20800525x491
ženska,,3464,M566x548S33010479x483S1ea10517x507S20800524x491S1ed26547x487S22b04547x518
žganci,,3842,M536x531S26a07515x510S20e00485x469S11559465x486S11551488x487
žganje,,2553,M535x549S11800492x522S30004482x483S20600513x515
zgodaj,,384,M541x536S11537514x474S15a39474x513S11852474x489S20500459x511S2b833499x464
zgodba,,2153,M518x568S2ff00482x483S10a10491x520S20e00479x514S26a00485x554
zgodi se tvoja volja,,3763,M570x536S15a06432x502S10000430x506S22a00437x480S15d20464x488S25607481x464S15001542x493S15009507x493S20500550x520S20500519x521S26500547x472S26510515x472S2f900547x465S2f900517x465
zgoditi,,89,M515x528S15a06488x494S10000486x498S22a00493x472
zgodovina,,2520,M557x588S2ff00515x482S10a10526x520S20e00545x514S26a00519x551S2ff00450x483S14f11476x514S14f19436x514S25104481x543S25114441x544S2fb04463x582
zgodovina,,2521,M557x588S2ff00515x482S10a10526x520S20e00545x514S26a00519x551S2ff00450x483S14f11476x514S14f19436x514S25104481x543S25114441x544S2fb04463x582
zgodovina,,2522,M533x588S2fb04495x582S25114473x544S25104513x543S14f19468x514S2ff00482x483S14f11508x514
zgoraj,,3991,M508x525S10000493x476S22a00495x510
zgrabiti,,3613,M532x534S1ec40509x486S1ec48468x487S20b00493x466S2d607505x512S2d61f476x512
zidar,bricklayer,2022,M535x543S1ea02473x520S22b00476x458S2d300465x490S1ed26516x457S22b04516x492
zidati,,1407,M520x543S1ea02489x520S22b00492x458S2d300481x490
zima,,1346,M542x546S20321458x472S20321521x472S36d00479x455S2710e524x506S27116462x505S2fb04492x504
živ,,3238,M532x545S1dc40471x498S1dc48506x497S2c310468x462S2c301506x462S20e00516x531S20e00473x533S2fb00495x455
žival,,1228,M514x515S1a320487x486
živčen,,1160,M522x531S15a57498x508S1ce51478x487S27103495x470
živeti,,353,M532x545S1dc40471x498S1dc48506x497S2c310468x462S2c301506x462S20e00516x531S20e00473x533S2fb00495x455
živi,,3330,M549x545S1dc40454x498S1dc48489x497S2c310451x465S2c301488x465S20e00499x531S20e00456x533S2fb00477x455S1ed26529x461S22f04524x494
živijo,,179,M551x518S15a00526x490S33e00482x483S27100511x469
življenje,,2986,M537x544S18002512x457S1800a472x458S2f900506x492S2f900480x492S2fc04491x533S20500468x490S2a516463x506S20500519x489S2a50e504x506
življenje,,3714,M540x535S2f900481x489S18001510x471S2f900511x492S18009469x466S23610461x500S23600501x505S2fc04494x524
zjutraj,,1123,M536x541S36d00479x460S1d402506x500S1d40a472x500S20e00480x529S20e00514x529S2b101508x474S2b110469x474
zlo,,3009,M543x538S31000482x483S20600521x496S10a10520x512
zlom,,3408,M523x538S20350502x478S20358484x478S20500495x462S2a208500x499S2a210478x499S2fb04493x532
zlomiti,,3290,M523x534S20350503x484S20358483x484S20500496x467S2a208500x505S2a210478x506
zlorabiti,,357,M536x526S11850506x474S11858472x475S2fb04493x512S22f04511x510S22f14465x512
zmagati,,3280,M536x527S20e00464x491S20341479x479S22205473x473S15d39477x504S2c603509x477
zmanjkati,,3409,M529x536S14c51502x482S15d39481x513S20e00471x500S2d203474x464
zmotiti,,3762,M546x519S30007482x483S19a01515x469S2e300523x492
značaj,,4047,M517x542S1dc02484x518S2d200491x491S1d420483x459
znak,,1136,M524x521S20500483x506S15a37476x480S11551497x496
znakopis,,2282,M558x548S26a07537x452S20e00505x496S2fc04462x537S15a37523x488S14c40469x463S14c48442x468S2ea00475x499S2ea4c450x508S1eb52517x471
znakopis,,2897,M562x526S20500445x511S15a37438x485S11551459x501S15a37494x482S1ea51513x493S26a07541x475S20e00502x512
znakopis (LSE),,2265,M532x575S2ff00482x483S14c01488x499S14c39499x547S14c31485x541S20500490x521S20500485x564S22b04516x507
znamka,,1135,M565x569S11500489x521S20500545x530S15a37518x528S33d00482x483S11551538x544
znanost,,2818,M543x518S15011515x470S2ff00482x483S20500498x468
znati,,3481,M551x518S2ff00482x483S10011519x486S20500510x473S22a07530x470S2f900540x462
zobna pasta,,2648,M529x532S1000a474x517S1e103471x491S1ea02508x492S26506505x468S20e00490x469
žoga,,2430,M543x534S14d13505x468S28814458x488S14d19474x510S2880c531x488S14d1b473x467S14d11505x510
žolna,woodpecker,1972,M597x552S26500529x476S1f010521x505S22204521x497S20612569x496S15a18552x523S1f410568x537S33b00482x483
zrak,,1212,M532x551S1dc47502x475S1dc49468x468S27202503x509S2fb00491x450S27212470x511
zraven,,2823,M524x523S15a0a476x511S15a02496x497S20500482x494S26503511x478
žrtev,,3866,M530x546S14c38473x456S20304476x516S20304510x516S2c300504x490S2c311471x490S14c30502x455S20500514x535S20500479x535
žrtev,,3898,M546x531S1ce51523x470S15252466x497S36d00479x481S20b00479x518S26503508x497
žrtvovati,,3865,M530x546S14c38473x456S20304476x516S20304510x516S2c300504x490S2c311471x490S14c30502x455S20500514x535S20500479x535
zunaj,,3981,M525x526S17d48475x502S10c21498x505S2b700500x474
župan,,417,M556x546S36d00479x454S1ed01518x462S1ed09450x462S22b03499x482S22b15473x482S15002483x521S20e00441x456S20500492x513S20e00544x455S2fb04491x468
župnija,,2895,M582x577S1f010511x512S26506523x531S36a30491x506S2ff00482x474S14c50553x527S2e836550x561
župnijski urad,,3761,M664x587S1f010511x512S26506523x531S36a30491x506S2ff00482x474S15d39545x539S1eb11562x542S26a07585x528S20e00569x526S15d39611x541S15d31630x541S2d708625x568S2d710605x568S26931640x575S26933617x574
župnik,,3757,M587x550S1f010511x512S26506523x531S36a30491x506S2ff00482x474S15d5a551x531S1d451562x503S20800552x517S26520556x483
župnišče,,3760,M541x581S1f010512x511S26506526x531S36a30491x507S2ff00482x473S15a11448x517S15a19423x517S20500441x503S23904456x551S2391c420x551S26933435x544S26935449x544
zveličanje,,3259,M548x532S1531c533x502S28917471x490S20330480x469S15314452x502S2fb04491x526S2890f503x490S20330503x469
zvest,,2997,M521x542S1ce07480x491S20a00476x527S1ce28465x492S36d00479x458S26520474x469
zvestoba,,2996,M521x542S1ce07480x491S20a00476x527S1ce28465x492S36d00479x458S26520474x469
zveza,,2924,M532x529S1ea02502x485S1ea0a475x485S20500493x471S26602502x513S26616469x513
zvezde,,676,M556x540S10020527x458S10028458x466S23600517x507S23610445x517S2fc04497x529S32100482x483
zvok,,3830,M547x532S33000476x483S10a00524x450S10a08460x450S26500526x481S10009453x502S10001526x500S26510460x482
zvon,,3806,M581x576S33010479x483S10b11525x498S10004565x497S27202562x536
zvonik,,3868,M554x554S18119447x462S18111475x462S15a10485x527S15a18448x527S23a0f473x485S23a17449x486S20500468x446S10004530x469S27202526x505S2f800516x450
zvoniti,,1466,M533x538S20340514x478S20348514x496S20500497x487S22f24508x524S36d00479x463